county,precinct,office,district,party,candidate,votes
Linn,1,Commissioner of the Bureau of Labor and Industries,,,Dan Gardner,1188
Linn,1,Commissioner of the Bureau of Labor and Industries,,,Write-ins,8
Linn,1,Commissioner of the Bureau of Labor and Industries,,,Over Votes,0
Linn,1,Commissioner of the Bureau of Labor and Industries,,,Under Votes,901
Linn,18,Commissioner of the Bureau of Labor and Industries,,,Dan Gardner,933
Linn,18,Commissioner of the Bureau of Labor and Industries,,,Write-ins,9
Linn,18,Commissioner of the Bureau of Labor and Industries,,,Over Votes,1
Linn,18,Commissioner of the Bureau of Labor and Industries,,,Under Votes,651
Linn,19,Commissioner of the Bureau of Labor and Industries,,,Dan Gardner,227
Linn,19,Commissioner of the Bureau of Labor and Industries,,,Write-ins,2
Linn,19,Commissioner of the Bureau of Labor and Industries,,,Over Votes,0
Linn,19,Commissioner of the Bureau of Labor and Industries,,,Under Votes,192
Linn,20,Commissioner of the Bureau of Labor and Industries,,,Dan Gardner,114
Linn,20,Commissioner of the Bureau of Labor and Industries,,,Write-ins,0
Linn,20,Commissioner of the Bureau of Labor and Industries,,,Over Votes,0
Linn,20,Commissioner of the Bureau of Labor and Industries,,,Under Votes,103
Linn,21,Commissioner of the Bureau of Labor and Industries,,,Dan Gardner,95
Linn,21,Commissioner of the Bureau of Labor and Industries,,,Write-ins,1
Linn,21,Commissioner of the Bureau of Labor and Industries,,,Over Votes,0
Linn,21,Commissioner of the Bureau of Labor and Industries,,,Under Votes,73
Linn,22,Commissioner of the Bureau of Labor and Industries,,,Dan Gardner,4
Linn,22,Commissioner of the Bureau of Labor and Industries,,,Write-ins,0
Linn,22,Commissioner of the Bureau of Labor and Industries,,,Over Votes,0
Linn,22,Commissioner of the Bureau of Labor and Industries,,,Under Votes,10
Linn,23,Commissioner of the Bureau of Labor and Industries,,,Dan Gardner,207
Linn,23,Commissioner of the Bureau of Labor and Industries,,,Write-ins,2
Linn,23,Commissioner of the Bureau of Labor and Industries,,,Over Votes,0
Linn,23,Commissioner of the Bureau of Labor and Industries,,,Under Votes,222
Linn,26,Commissioner of the Bureau of Labor and Industries,,,Dan Gardner,52
Linn,26,Commissioner of the Bureau of Labor and Industries,,,Write-ins,0
Linn,26,Commissioner of the Bureau of Labor and Industries,,,Over Votes,0
Linn,26,Commissioner of the Bureau of Labor and Industries,,,Under Votes,57
Linn,27,Commissioner of the Bureau of Labor and Industries,,,Dan Gardner,92
Linn,27,Commissioner of the Bureau of Labor and Industries,,,Write-ins,0
Linn,27,Commissioner of the Bureau of Labor and Industries,,,Over Votes,0
Linn,27,Commissioner of the Bureau of Labor and Industries,,,Under Votes,93
Linn,28,Commissioner of the Bureau of Labor and Industries,,,Dan Gardner,119
Linn,28,Commissioner of the Bureau of Labor and Industries,,,Write-ins,2
Linn,28,Commissioner of the Bureau of Labor and Industries,,,Over Votes,0
Linn,28,Commissioner of the Bureau of Labor and Industries,,,Under Votes,99
Linn,29,Commissioner of the Bureau of Labor and Industries,,,Dan Gardner,419
Linn,29,Commissioner of the Bureau of Labor and Industries,,,Write-ins,3
Linn,29,Commissioner of the Bureau of Labor and Industries,,,Over Votes,0
Linn,29,Commissioner of the Bureau of Labor and Industries,,,Under Votes,394
Linn,30,Commissioner of the Bureau of Labor and Industries,,,Dan Gardner,47
Linn,30,Commissioner of the Bureau of Labor and Industries,,,Write-ins,0
Linn,30,Commissioner of the Bureau of Labor and Industries,,,Over Votes,0
Linn,30,Commissioner of the Bureau of Labor and Industries,,,Under Votes,37
Linn,31,Commissioner of the Bureau of Labor and Industries,,,Dan Gardner,200
Linn,31,Commissioner of the Bureau of Labor and Industries,,,Write-ins,4
Linn,31,Commissioner of the Bureau of Labor and Industries,,,Over Votes,0
Linn,31,Commissioner of the Bureau of Labor and Industries,,,Under Votes,185
Linn,32,Commissioner of the Bureau of Labor and Industries,,,Dan Gardner,127
Linn,32,Commissioner of the Bureau of Labor and Industries,,,Write-ins,0
Linn,32,Commissioner of the Bureau of Labor and Industries,,,Over Votes,0
Linn,32,Commissioner of the Bureau of Labor and Industries,,,Under Votes,124
Linn,34,Commissioner of the Bureau of Labor and Industries,,,Dan Gardner,79
Linn,34,Commissioner of the Bureau of Labor and Industries,,,Write-ins,0
Linn,34,Commissioner of the Bureau of Labor and Industries,,,Over Votes,0
Linn,34,Commissioner of the Bureau of Labor and Industries,,,Under Votes,83
Linn,35,Commissioner of the Bureau of Labor and Industries,,,Dan Gardner,284
Linn,35,Commissioner of the Bureau of Labor and Industries,,,Write-ins,5
Linn,35,Commissioner of the Bureau of Labor and Industries,,,Over Votes,0
Linn,35,Commissioner of the Bureau of Labor and Industries,,,Under Votes,237
Linn,37,Commissioner of the Bureau of Labor and Industries,,,Dan Gardner,548
Linn,37,Commissioner of the Bureau of Labor and Industries,,,Write-ins,6
Linn,37,Commissioner of the Bureau of Labor and Industries,,,Over Votes,0
Linn,37,Commissioner of the Bureau of Labor and Industries,,,Under Votes,390
Linn,40,Commissioner of the Bureau of Labor and Industries,,,Dan Gardner,2
Linn,40,Commissioner of the Bureau of Labor and Industries,,,Write-ins,0
Linn,40,Commissioner of the Bureau of Labor and Industries,,,Over Votes,0
Linn,40,Commissioner of the Bureau of Labor and Industries,,,Under Votes,0
Linn,43,Commissioner of the Bureau of Labor and Industries,,,Dan Gardner,131
Linn,43,Commissioner of the Bureau of Labor and Industries,,,Write-ins,5
Linn,43,Commissioner of the Bureau of Labor and Industries,,,Over Votes,0
Linn,43,Commissioner of the Bureau of Labor and Industries,,,Under Votes,95
Linn,44,Commissioner of the Bureau of Labor and Industries,,,Dan Gardner,188
Linn,44,Commissioner of the Bureau of Labor and Industries,,,Write-ins,3
Linn,44,Commissioner of the Bureau of Labor and Industries,,,Over Votes,0
Linn,44,Commissioner of the Bureau of Labor and Industries,,,Under Votes,145
Linn,45,Commissioner of the Bureau of Labor and Industries,,,Dan Gardner,220
Linn,45,Commissioner of the Bureau of Labor and Industries,,,Write-ins,1
Linn,45,Commissioner of the Bureau of Labor and Industries,,,Over Votes,0
Linn,45,Commissioner of the Bureau of Labor and Industries,,,Under Votes,156
Linn,46,Commissioner of the Bureau of Labor and Industries,,,Dan Gardner,231
Linn,46,Commissioner of the Bureau of Labor and Industries,,,Write-ins,4
Linn,46,Commissioner of the Bureau of Labor and Industries,,,Over Votes,0
Linn,46,Commissioner of the Bureau of Labor and Industries,,,Under Votes,151
Linn,47,Commissioner of the Bureau of Labor and Industries,,,Dan Gardner,63
Linn,47,Commissioner of the Bureau of Labor and Industries,,,Write-ins,0
Linn,47,Commissioner of the Bureau of Labor and Industries,,,Over Votes,0
Linn,47,Commissioner of the Bureau of Labor and Industries,,,Under Votes,64
Linn,49,Commissioner of the Bureau of Labor and Industries,,,Dan Gardner,7
Linn,49,Commissioner of the Bureau of Labor and Industries,,,Write-ins,0
Linn,49,Commissioner of the Bureau of Labor and Industries,,,Over Votes,0
Linn,49,Commissioner of the Bureau of Labor and Industries,,,Under Votes,6
Linn,51,Commissioner of the Bureau of Labor and Industries,,,Dan Gardner,167
Linn,51,Commissioner of the Bureau of Labor and Industries,,,Write-ins,4
Linn,51,Commissioner of the Bureau of Labor and Industries,,,Over Votes,0
Linn,51,Commissioner of the Bureau of Labor and Industries,,,Under Votes,161
Linn,52,Commissioner of the Bureau of Labor and Industries,,,Dan Gardner,52
Linn,52,Commissioner of the Bureau of Labor and Industries,,,Write-ins,0
Linn,52,Commissioner of the Bureau of Labor and Industries,,,Over Votes,0
Linn,52,Commissioner of the Bureau of Labor and Industries,,,Under Votes,51
Linn,53,Commissioner of the Bureau of Labor and Industries,,,Dan Gardner,177
Linn,53,Commissioner of the Bureau of Labor and Industries,,,Write-ins,0
Linn,53,Commissioner of the Bureau of Labor and Industries,,,Over Votes,0
Linn,53,Commissioner of the Bureau of Labor and Industries,,,Under Votes,134
Linn,54,Commissioner of the Bureau of Labor and Industries,,,Dan Gardner,81
Linn,54,Commissioner of the Bureau of Labor and Industries,,,Write-ins,0
Linn,54,Commissioner of the Bureau of Labor and Industries,,,Over Votes,0
Linn,54,Commissioner of the Bureau of Labor and Industries,,,Under Votes,96
Linn,55,Commissioner of the Bureau of Labor and Industries,,,Dan Gardner,115
Linn,55,Commissioner of the Bureau of Labor and Industries,,,Write-ins,1
Linn,55,Commissioner of the Bureau of Labor and Industries,,,Over Votes,0
Linn,55,Commissioner of the Bureau of Labor and Industries,,,Under Votes,94
Linn,56,Commissioner of the Bureau of Labor and Industries,,,Dan Gardner,148
Linn,56,Commissioner of the Bureau of Labor and Industries,,,Write-ins,1
Linn,56,Commissioner of the Bureau of Labor and Industries,,,Over Votes,0
Linn,56,Commissioner of the Bureau of Labor and Industries,,,Under Votes,127
Linn,57,Commissioner of the Bureau of Labor and Industries,,,Dan Gardner,75
Linn,57,Commissioner of the Bureau of Labor and Industries,,,Write-ins,0
Linn,57,Commissioner of the Bureau of Labor and Industries,,,Over Votes,0
Linn,57,Commissioner of the Bureau of Labor and Industries,,,Under Votes,33
Linn,62,Commissioner of the Bureau of Labor and Industries,,,Dan Gardner,1039
Linn,62,Commissioner of the Bureau of Labor and Industries,,,Write-ins,12
Linn,62,Commissioner of the Bureau of Labor and Industries,,,Over Votes,0
Linn,62,Commissioner of the Bureau of Labor and Industries,,,Under Votes,751
Linn,63,Commissioner of the Bureau of Labor and Industries,,,Dan Gardner,420
Linn,63,Commissioner of the Bureau of Labor and Industries,,,Write-ins,7
Linn,63,Commissioner of the Bureau of Labor and Industries,,,Over Votes,0
Linn,63,Commissioner of the Bureau of Labor and Industries,,,Under Votes,430
Linn,65,Commissioner of the Bureau of Labor and Industries,,,Dan Gardner,17
Linn,65,Commissioner of the Bureau of Labor and Industries,,,Write-ins,0
Linn,65,Commissioner of the Bureau of Labor and Industries,,,Over Votes,0
Linn,65,Commissioner of the Bureau of Labor and Industries,,,Under Votes,6
Linn,66,Commissioner of the Bureau of Labor and Industries,,,Dan Gardner,65
Linn,66,Commissioner of the Bureau of Labor and Industries,,,Write-ins,2
Linn,66,Commissioner of the Bureau of Labor and Industries,,,Over Votes,0
Linn,66,Commissioner of the Bureau of Labor and Industries,,,Under Votes,46
Linn,70,Commissioner of the Bureau of Labor and Industries,,,Dan Gardner,297
Linn,70,Commissioner of the Bureau of Labor and Industries,,,Write-ins,3
Linn,70,Commissioner of the Bureau of Labor and Industries,,,Over Votes,0
Linn,70,Commissioner of the Bureau of Labor and Industries,,,Under Votes,268
Linn,73,Commissioner of the Bureau of Labor and Industries,,,Dan Gardner,178
Linn,73,Commissioner of the Bureau of Labor and Industries,,,Write-ins,3
Linn,73,Commissioner of the Bureau of Labor and Industries,,,Over Votes,0
Linn,73,Commissioner of the Bureau of Labor and Industries,,,Under Votes,125
Linn,75,Commissioner of the Bureau of Labor and Industries,,,Dan Gardner,163
Linn,75,Commissioner of the Bureau of Labor and Industries,,,Write-ins,1
Linn,75,Commissioner of the Bureau of Labor and Industries,,,Over Votes,0
Linn,75,Commissioner of the Bureau of Labor and Industries,,,Under Votes,170
Linn,77,Commissioner of the Bureau of Labor and Industries,,,Dan Gardner,90
Linn,77,Commissioner of the Bureau of Labor and Industries,,,Write-ins,1
Linn,77,Commissioner of the Bureau of Labor and Industries,,,Over Votes,0
Linn,77,Commissioner of the Bureau of Labor and Industries,,,Under Votes,77
Linn,78,Commissioner of the Bureau of Labor and Industries,,,Dan Gardner,188
Linn,78,Commissioner of the Bureau of Labor and Industries,,,Write-ins,0
Linn,78,Commissioner of the Bureau of Labor and Industries,,,Over Votes,0
Linn,78,Commissioner of the Bureau of Labor and Industries,,,Under Votes,111
Linn,79,Commissioner of the Bureau of Labor and Industries,,,Dan Gardner,457
Linn,79,Commissioner of the Bureau of Labor and Industries,,,Write-ins,5
Linn,79,Commissioner of the Bureau of Labor and Industries,,,Over Votes,0
Linn,79,Commissioner of the Bureau of Labor and Industries,,,Under Votes,293
Linn,86,Commissioner of the Bureau of Labor and Industries,,,Dan Gardner,284
Linn,86,Commissioner of the Bureau of Labor and Industries,,,Write-ins,3
Linn,86,Commissioner of the Bureau of Labor and Industries,,,Over Votes,0
Linn,86,Commissioner of the Bureau of Labor and Industries,,,Under Votes,224
Linn,91,Commissioner of the Bureau of Labor and Industries,,,Dan Gardner,464
Linn,91,Commissioner of the Bureau of Labor and Industries,,,Write-ins,7
Linn,91,Commissioner of the Bureau of Labor and Industries,,,Over Votes,0
Linn,91,Commissioner of the Bureau of Labor and Industries,,,Under Votes,353
Linn,97,Commissioner of the Bureau of Labor and Industries,,,Dan Gardner,415
Linn,97,Commissioner of the Bureau of Labor and Industries,,,Write-ins,2
Linn,97,Commissioner of the Bureau of Labor and Industries,,,Over Votes,0
Linn,97,Commissioner of the Bureau of Labor and Industries,,,Under Votes,338
Linn,99,Commissioner of the Bureau of Labor and Industries,,,Dan Gardner,93
Linn,99,Commissioner of the Bureau of Labor and Industries,,,Write-ins,1
Linn,99,Commissioner of the Bureau of Labor and Industries,,,Over Votes,0
Linn,99,Commissioner of the Bureau of Labor and Industries,,,Under Votes,71
Linn,100,Commissioner of the Bureau of Labor and Industries,,,Dan Gardner,1166
Linn,100,Commissioner of the Bureau of Labor and Industries,,,Write-ins,14
Linn,100,Commissioner of the Bureau of Labor and Industries,,,Over Votes,0
Linn,100,Commissioner of the Bureau of Labor and Industries,,,Under Votes,752
Linn,101,Commissioner of the Bureau of Labor and Industries,,,Dan Gardner,113
Linn,101,Commissioner of the Bureau of Labor and Industries,,,Write-ins,6
Linn,101,Commissioner of the Bureau of Labor and Industries,,,Over Votes,0
Linn,101,Commissioner of the Bureau of Labor and Industries,,,Under Votes,83
Linn,103,Commissioner of the Bureau of Labor and Industries,,,Dan Gardner,191
Linn,103,Commissioner of the Bureau of Labor and Industries,,,Write-ins,2
Linn,103,Commissioner of the Bureau of Labor and Industries,,,Over Votes,0
Linn,103,Commissioner of the Bureau of Labor and Industries,,,Under Votes,164
Linn,104,Commissioner of the Bureau of Labor and Industries,,,Dan Gardner,147
Linn,104,Commissioner of the Bureau of Labor and Industries,,,Write-ins,0
Linn,104,Commissioner of the Bureau of Labor and Industries,,,Over Votes,0
Linn,104,Commissioner of the Bureau of Labor and Industries,,,Under Votes,108
Linn,107,Commissioner of the Bureau of Labor and Industries,,,Dan Gardner,1091
Linn,107,Commissioner of the Bureau of Labor and Industries,,,Write-ins,5
Linn,107,Commissioner of the Bureau of Labor and Industries,,,Over Votes,0
Linn,107,Commissioner of the Bureau of Labor and Industries,,,Under Votes,863
Linn,108,Commissioner of the Bureau of Labor and Industries,,,Dan Gardner,718
Linn,108,Commissioner of the Bureau of Labor and Industries,,,Write-ins,3
Linn,108,Commissioner of the Bureau of Labor and Industries,,,Over Votes,0
Linn,108,Commissioner of the Bureau of Labor and Industries,,,Under Votes,441
Linn,1,"County Commissioner, Position 1",,DEM,Glenda Fleming,523
Linn,1,"County Commissioner, Position 1",,DEM,Write-ins,2
Linn,1,"County Commissioner, Position 1",,DEM,Over Votes,0
Linn,1,"County Commissioner, Position 1",,DEM,Under Votes,334
Linn,18,"County Commissioner, Position 1",,DEM,Glenda Fleming,369
Linn,18,"County Commissioner, Position 1",,DEM,Write-ins,6
Linn,18,"County Commissioner, Position 1",,DEM,Over Votes,0
Linn,18,"County Commissioner, Position 1",,DEM,Under Votes,255
Linn,19,"County Commissioner, Position 1",,DEM,Glenda Fleming,83
Linn,19,"County Commissioner, Position 1",,DEM,Write-ins,1
Linn,19,"County Commissioner, Position 1",,DEM,Over Votes,0
Linn,19,"County Commissioner, Position 1",,DEM,Under Votes,62
Linn,20,"County Commissioner, Position 1",,DEM,Glenda Fleming,38
Linn,20,"County Commissioner, Position 1",,DEM,Write-ins,0
Linn,20,"County Commissioner, Position 1",,DEM,Over Votes,0
Linn,20,"County Commissioner, Position 1",,DEM,Under Votes,31
Linn,21,"County Commissioner, Position 1",,DEM,Glenda Fleming,34
Linn,21,"County Commissioner, Position 1",,DEM,Write-ins,0
Linn,21,"County Commissioner, Position 1",,DEM,Over Votes,0
Linn,21,"County Commissioner, Position 1",,DEM,Under Votes,16
Linn,22,"County Commissioner, Position 1",,DEM,Glenda Fleming,2
Linn,22,"County Commissioner, Position 1",,DEM,Write-ins,0
Linn,22,"County Commissioner, Position 1",,DEM,Over Votes,0
Linn,22,"County Commissioner, Position 1",,DEM,Under Votes,1
Linn,23,"County Commissioner, Position 1",,DEM,Glenda Fleming,79
Linn,23,"County Commissioner, Position 1",,DEM,Write-ins,3
Linn,23,"County Commissioner, Position 1",,DEM,Over Votes,0
Linn,23,"County Commissioner, Position 1",,DEM,Under Votes,70
Linn,26,"County Commissioner, Position 1",,DEM,Glenda Fleming,14
Linn,26,"County Commissioner, Position 1",,DEM,Write-ins,0
Linn,26,"County Commissioner, Position 1",,DEM,Over Votes,0
Linn,26,"County Commissioner, Position 1",,DEM,Under Votes,25
Linn,27,"County Commissioner, Position 1",,DEM,Glenda Fleming,25
Linn,27,"County Commissioner, Position 1",,DEM,Write-ins,0
Linn,27,"County Commissioner, Position 1",,DEM,Over Votes,0
Linn,27,"County Commissioner, Position 1",,DEM,Under Votes,19
Linn,28,"County Commissioner, Position 1",,DEM,Glenda Fleming,38
Linn,28,"County Commissioner, Position 1",,DEM,Write-ins,0
Linn,28,"County Commissioner, Position 1",,DEM,Over Votes,0
Linn,28,"County Commissioner, Position 1",,DEM,Under Votes,32
Linn,29,"County Commissioner, Position 1",,DEM,Glenda Fleming,138
Linn,29,"County Commissioner, Position 1",,DEM,Write-ins,0
Linn,29,"County Commissioner, Position 1",,DEM,Over Votes,1
Linn,29,"County Commissioner, Position 1",,DEM,Under Votes,138
Linn,30,"County Commissioner, Position 1",,DEM,Glenda Fleming,19
Linn,30,"County Commissioner, Position 1",,DEM,Write-ins,1
Linn,30,"County Commissioner, Position 1",,DEM,Over Votes,0
Linn,30,"County Commissioner, Position 1",,DEM,Under Votes,10
Linn,31,"County Commissioner, Position 1",,DEM,Glenda Fleming,90
Linn,31,"County Commissioner, Position 1",,DEM,Write-ins,3
Linn,31,"County Commissioner, Position 1",,DEM,Over Votes,0
Linn,31,"County Commissioner, Position 1",,DEM,Under Votes,52
Linn,32,"County Commissioner, Position 1",,DEM,Glenda Fleming,51
Linn,32,"County Commissioner, Position 1",,DEM,Write-ins,1
Linn,32,"County Commissioner, Position 1",,DEM,Over Votes,0
Linn,32,"County Commissioner, Position 1",,DEM,Under Votes,33
Linn,34,"County Commissioner, Position 1",,DEM,Glenda Fleming,23
Linn,34,"County Commissioner, Position 1",,DEM,Write-ins,1
Linn,34,"County Commissioner, Position 1",,DEM,Over Votes,0
Linn,34,"County Commissioner, Position 1",,DEM,Under Votes,26
Linn,35,"County Commissioner, Position 1",,DEM,Glenda Fleming,122
Linn,35,"County Commissioner, Position 1",,DEM,Write-ins,8
Linn,35,"County Commissioner, Position 1",,DEM,Over Votes,0
Linn,35,"County Commissioner, Position 1",,DEM,Under Votes,63
Linn,37,"County Commissioner, Position 1",,DEM,Glenda Fleming,224
Linn,37,"County Commissioner, Position 1",,DEM,Write-ins,6
Linn,37,"County Commissioner, Position 1",,DEM,Over Votes,0
Linn,37,"County Commissioner, Position 1",,DEM,Under Votes,143
Linn,40,"County Commissioner, Position 1",,DEM,Glenda Fleming,0
Linn,40,"County Commissioner, Position 1",,DEM,Write-ins,0
Linn,40,"County Commissioner, Position 1",,DEM,Over Votes,0
Linn,40,"County Commissioner, Position 1",,DEM,Under Votes,0
Linn,43,"County Commissioner, Position 1",,DEM,Glenda Fleming,69
Linn,43,"County Commissioner, Position 1",,DEM,Write-ins,1
Linn,43,"County Commissioner, Position 1",,DEM,Over Votes,0
Linn,43,"County Commissioner, Position 1",,DEM,Under Votes,38
Linn,44,"County Commissioner, Position 1",,DEM,Glenda Fleming,82
Linn,44,"County Commissioner, Position 1",,DEM,Write-ins,2
Linn,44,"County Commissioner, Position 1",,DEM,Over Votes,0
Linn,44,"County Commissioner, Position 1",,DEM,Under Votes,55
Linn,45,"County Commissioner, Position 1",,DEM,Glenda Fleming,93
Linn,45,"County Commissioner, Position 1",,DEM,Write-ins,1
Linn,45,"County Commissioner, Position 1",,DEM,Over Votes,0
Linn,45,"County Commissioner, Position 1",,DEM,Under Votes,50
Linn,46,"County Commissioner, Position 1",,DEM,Glenda Fleming,91
Linn,46,"County Commissioner, Position 1",,DEM,Write-ins,0
Linn,46,"County Commissioner, Position 1",,DEM,Over Votes,0
Linn,46,"County Commissioner, Position 1",,DEM,Under Votes,56
Linn,47,"County Commissioner, Position 1",,DEM,Glenda Fleming,32
Linn,47,"County Commissioner, Position 1",,DEM,Write-ins,1
Linn,47,"County Commissioner, Position 1",,DEM,Over Votes,0
Linn,47,"County Commissioner, Position 1",,DEM,Under Votes,26
Linn,49,"County Commissioner, Position 1",,DEM,Glenda Fleming,3
Linn,49,"County Commissioner, Position 1",,DEM,Write-ins,0
Linn,49,"County Commissioner, Position 1",,DEM,Over Votes,0
Linn,49,"County Commissioner, Position 1",,DEM,Under Votes,4
Linn,51,"County Commissioner, Position 1",,DEM,Glenda Fleming,52
Linn,51,"County Commissioner, Position 1",,DEM,Write-ins,1
Linn,51,"County Commissioner, Position 1",,DEM,Over Votes,0
Linn,51,"County Commissioner, Position 1",,DEM,Under Votes,52
Linn,52,"County Commissioner, Position 1",,DEM,Glenda Fleming,25
Linn,52,"County Commissioner, Position 1",,DEM,Write-ins,0
Linn,52,"County Commissioner, Position 1",,DEM,Over Votes,0
Linn,52,"County Commissioner, Position 1",,DEM,Under Votes,15
Linn,53,"County Commissioner, Position 1",,DEM,Glenda Fleming,60
Linn,53,"County Commissioner, Position 1",,DEM,Write-ins,0
Linn,53,"County Commissioner, Position 1",,DEM,Over Votes,0
Linn,53,"County Commissioner, Position 1",,DEM,Under Votes,41
Linn,54,"County Commissioner, Position 1",,DEM,Glenda Fleming,33
Linn,54,"County Commissioner, Position 1",,DEM,Write-ins,0
Linn,54,"County Commissioner, Position 1",,DEM,Over Votes,0
Linn,54,"County Commissioner, Position 1",,DEM,Under Votes,20
Linn,55,"County Commissioner, Position 1",,DEM,Glenda Fleming,45
Linn,55,"County Commissioner, Position 1",,DEM,Write-ins,0
Linn,55,"County Commissioner, Position 1",,DEM,Over Votes,0
Linn,55,"County Commissioner, Position 1",,DEM,Under Votes,30
Linn,56,"County Commissioner, Position 1",,DEM,Glenda Fleming,69
Linn,56,"County Commissioner, Position 1",,DEM,Write-ins,0
Linn,56,"County Commissioner, Position 1",,DEM,Over Votes,0
Linn,56,"County Commissioner, Position 1",,DEM,Under Votes,51
Linn,57,"County Commissioner, Position 1",,DEM,Glenda Fleming,28
Linn,57,"County Commissioner, Position 1",,DEM,Write-ins,1
Linn,57,"County Commissioner, Position 1",,DEM,Over Votes,0
Linn,57,"County Commissioner, Position 1",,DEM,Under Votes,15
Linn,62,"County Commissioner, Position 1",,DEM,Glenda Fleming,429
Linn,62,"County Commissioner, Position 1",,DEM,Write-ins,6
Linn,62,"County Commissioner, Position 1",,DEM,Over Votes,0
Linn,62,"County Commissioner, Position 1",,DEM,Under Votes,295
Linn,63,"County Commissioner, Position 1",,DEM,Glenda Fleming,154
Linn,63,"County Commissioner, Position 1",,DEM,Write-ins,3
Linn,63,"County Commissioner, Position 1",,DEM,Over Votes,0
Linn,63,"County Commissioner, Position 1",,DEM,Under Votes,145
Linn,65,"County Commissioner, Position 1",,DEM,Glenda Fleming,6
Linn,65,"County Commissioner, Position 1",,DEM,Write-ins,2
Linn,65,"County Commissioner, Position 1",,DEM,Over Votes,0
Linn,65,"County Commissioner, Position 1",,DEM,Under Votes,1
Linn,66,"County Commissioner, Position 1",,DEM,Glenda Fleming,21
Linn,66,"County Commissioner, Position 1",,DEM,Write-ins,0
Linn,66,"County Commissioner, Position 1",,DEM,Over Votes,0
Linn,66,"County Commissioner, Position 1",,DEM,Under Votes,14
Linn,70,"County Commissioner, Position 1",,DEM,Glenda Fleming,118
Linn,70,"County Commissioner, Position 1",,DEM,Write-ins,6
Linn,70,"County Commissioner, Position 1",,DEM,Over Votes,0
Linn,70,"County Commissioner, Position 1",,DEM,Under Votes,105
Linn,73,"County Commissioner, Position 1",,DEM,Glenda Fleming,65
Linn,73,"County Commissioner, Position 1",,DEM,Write-ins,1
Linn,73,"County Commissioner, Position 1",,DEM,Over Votes,0
Linn,73,"County Commissioner, Position 1",,DEM,Under Votes,46
Linn,75,"County Commissioner, Position 1",,DEM,Glenda Fleming,64
Linn,75,"County Commissioner, Position 1",,DEM,Write-ins,1
Linn,75,"County Commissioner, Position 1",,DEM,Over Votes,0
Linn,75,"County Commissioner, Position 1",,DEM,Under Votes,51
Linn,77,"County Commissioner, Position 1",,DEM,Glenda Fleming,34
Linn,77,"County Commissioner, Position 1",,DEM,Write-ins,1
Linn,77,"County Commissioner, Position 1",,DEM,Over Votes,0
Linn,77,"County Commissioner, Position 1",,DEM,Under Votes,37
Linn,78,"County Commissioner, Position 1",,DEM,Glenda Fleming,83
Linn,78,"County Commissioner, Position 1",,DEM,Write-ins,0
Linn,78,"County Commissioner, Position 1",,DEM,Over Votes,0
Linn,78,"County Commissioner, Position 1",,DEM,Under Votes,34
Linn,79,"County Commissioner, Position 1",,DEM,Glenda Fleming,204
Linn,79,"County Commissioner, Position 1",,DEM,Write-ins,6
Linn,79,"County Commissioner, Position 1",,DEM,Over Votes,0
Linn,79,"County Commissioner, Position 1",,DEM,Under Votes,117
Linn,86,"County Commissioner, Position 1",,DEM,Glenda Fleming,106
Linn,86,"County Commissioner, Position 1",,DEM,Write-ins,3
Linn,86,"County Commissioner, Position 1",,DEM,Over Votes,0
Linn,86,"County Commissioner, Position 1",,DEM,Under Votes,80
Linn,91,"County Commissioner, Position 1",,DEM,Glenda Fleming,217
Linn,91,"County Commissioner, Position 1",,DEM,Write-ins,4
Linn,91,"County Commissioner, Position 1",,DEM,Over Votes,0
Linn,91,"County Commissioner, Position 1",,DEM,Under Votes,135
Linn,97,"County Commissioner, Position 1",,DEM,Glenda Fleming,161
Linn,97,"County Commissioner, Position 1",,DEM,Write-ins,2
Linn,97,"County Commissioner, Position 1",,DEM,Over Votes,0
Linn,97,"County Commissioner, Position 1",,DEM,Under Votes,109
Linn,99,"County Commissioner, Position 1",,DEM,Glenda Fleming,44
Linn,99,"County Commissioner, Position 1",,DEM,Write-ins,0
Linn,99,"County Commissioner, Position 1",,DEM,Over Votes,0
Linn,99,"County Commissioner, Position 1",,DEM,Under Votes,24
Linn,100,"County Commissioner, Position 1",,DEM,Glenda Fleming,480
Linn,100,"County Commissioner, Position 1",,DEM,Write-ins,7
Linn,100,"County Commissioner, Position 1",,DEM,Over Votes,0
Linn,100,"County Commissioner, Position 1",,DEM,Under Votes,262
Linn,101,"County Commissioner, Position 1",,DEM,Glenda Fleming,51
Linn,101,"County Commissioner, Position 1",,DEM,Write-ins,3
Linn,101,"County Commissioner, Position 1",,DEM,Over Votes,0
Linn,101,"County Commissioner, Position 1",,DEM,Under Votes,36
Linn,103,"County Commissioner, Position 1",,DEM,Glenda Fleming,67
Linn,103,"County Commissioner, Position 1",,DEM,Write-ins,0
Linn,103,"County Commissioner, Position 1",,DEM,Over Votes,0
Linn,103,"County Commissioner, Position 1",,DEM,Under Votes,55
Linn,104,"County Commissioner, Position 1",,DEM,Glenda Fleming,66
Linn,104,"County Commissioner, Position 1",,DEM,Write-ins,2
Linn,104,"County Commissioner, Position 1",,DEM,Over Votes,0
Linn,104,"County Commissioner, Position 1",,DEM,Under Votes,34
Linn,107,"County Commissioner, Position 1",,DEM,Glenda Fleming,504
Linn,107,"County Commissioner, Position 1",,DEM,Write-ins,2
Linn,107,"County Commissioner, Position 1",,DEM,Over Votes,0
Linn,107,"County Commissioner, Position 1",,DEM,Under Votes,313
Linn,108,"County Commissioner, Position 1",,DEM,Glenda Fleming,328
Linn,108,"County Commissioner, Position 1",,DEM,Write-ins,8
Linn,108,"County Commissioner, Position 1",,DEM,Over Votes,0
Linn,108,"County Commissioner, Position 1",,DEM,Under Votes,166
Linn,1,"County Commissioner, Position 1",,REP,Bill Tacy,142
Linn,1,"County Commissioner, Position 1",,REP,John Lindsey,526
Linn,1,"County Commissioner, Position 1",,REP,Write-ins,4
Linn,1,"County Commissioner, Position 1",,REP,Over Votes,0
Linn,1,"County Commissioner, Position 1",,REP,Under Votes,211
Linn,18,"County Commissioner, Position 1",,REP,Bill Tacy,91
Linn,18,"County Commissioner, Position 1",,REP,John Lindsey,431
Linn,18,"County Commissioner, Position 1",,REP,Write-ins,0
Linn,18,"County Commissioner, Position 1",,REP,Over Votes,0
Linn,18,"County Commissioner, Position 1",,REP,Under Votes,161
Linn,19,"County Commissioner, Position 1",,REP,Bill Tacy,39
Linn,19,"County Commissioner, Position 1",,REP,John Lindsey,136
Linn,19,"County Commissioner, Position 1",,REP,Write-ins,3
Linn,19,"County Commissioner, Position 1",,REP,Over Votes,0
Linn,19,"County Commissioner, Position 1",,REP,Under Votes,42
Linn,20,"County Commissioner, Position 1",,REP,Bill Tacy,33
Linn,20,"County Commissioner, Position 1",,REP,John Lindsey,64
Linn,20,"County Commissioner, Position 1",,REP,Write-ins,0
Linn,20,"County Commissioner, Position 1",,REP,Over Votes,0
Linn,20,"County Commissioner, Position 1",,REP,Under Votes,11
Linn,21,"County Commissioner, Position 1",,REP,Bill Tacy,18
Linn,21,"County Commissioner, Position 1",,REP,John Lindsey,75
Linn,21,"County Commissioner, Position 1",,REP,Write-ins,0
Linn,21,"County Commissioner, Position 1",,REP,Over Votes,0
Linn,21,"County Commissioner, Position 1",,REP,Under Votes,3
Linn,22,"County Commissioner, Position 1",,REP,Bill Tacy,0
Linn,22,"County Commissioner, Position 1",,REP,John Lindsey,6
Linn,22,"County Commissioner, Position 1",,REP,Write-ins,0
Linn,22,"County Commissioner, Position 1",,REP,Over Votes,0
Linn,22,"County Commissioner, Position 1",,REP,Under Votes,3
Linn,23,"County Commissioner, Position 1",,REP,Bill Tacy,53
Linn,23,"County Commissioner, Position 1",,REP,John Lindsey,132
Linn,23,"County Commissioner, Position 1",,REP,Write-ins,1
Linn,23,"County Commissioner, Position 1",,REP,Over Votes,0
Linn,23,"County Commissioner, Position 1",,REP,Under Votes,29
Linn,26,"County Commissioner, Position 1",,REP,Bill Tacy,15
Linn,26,"County Commissioner, Position 1",,REP,John Lindsey,32
Linn,26,"County Commissioner, Position 1",,REP,Write-ins,0
Linn,26,"County Commissioner, Position 1",,REP,Over Votes,0
Linn,26,"County Commissioner, Position 1",,REP,Under Votes,7
Linn,27,"County Commissioner, Position 1",,REP,Bill Tacy,18
Linn,27,"County Commissioner, Position 1",,REP,John Lindsey,72
Linn,27,"County Commissioner, Position 1",,REP,Write-ins,0
Linn,27,"County Commissioner, Position 1",,REP,Over Votes,0
Linn,27,"County Commissioner, Position 1",,REP,Under Votes,41
Linn,28,"County Commissioner, Position 1",,REP,Bill Tacy,21
Linn,28,"County Commissioner, Position 1",,REP,John Lindsey,82
Linn,28,"County Commissioner, Position 1",,REP,Write-ins,0
Linn,28,"County Commissioner, Position 1",,REP,Over Votes,0
Linn,28,"County Commissioner, Position 1",,REP,Under Votes,28
Linn,29,"County Commissioner, Position 1",,REP,Bill Tacy,73
Linn,29,"County Commissioner, Position 1",,REP,John Lindsey,184
Linn,29,"County Commissioner, Position 1",,REP,Write-ins,1
Linn,29,"County Commissioner, Position 1",,REP,Over Votes,1
Linn,29,"County Commissioner, Position 1",,REP,Under Votes,126
Linn,30,"County Commissioner, Position 1",,REP,Bill Tacy,4
Linn,30,"County Commissioner, Position 1",,REP,John Lindsey,36
Linn,30,"County Commissioner, Position 1",,REP,Write-ins,0
Linn,30,"County Commissioner, Position 1",,REP,Over Votes,0
Linn,30,"County Commissioner, Position 1",,REP,Under Votes,11
Linn,31,"County Commissioner, Position 1",,REP,Bill Tacy,36
Linn,31,"County Commissioner, Position 1",,REP,John Lindsey,108
Linn,31,"County Commissioner, Position 1",,REP,Write-ins,1
Linn,31,"County Commissioner, Position 1",,REP,Over Votes,0
Linn,31,"County Commissioner, Position 1",,REP,Under Votes,44
Linn,32,"County Commissioner, Position 1",,REP,Bill Tacy,32
Linn,32,"County Commissioner, Position 1",,REP,John Lindsey,78
Linn,32,"County Commissioner, Position 1",,REP,Write-ins,1
Linn,32,"County Commissioner, Position 1",,REP,Over Votes,0
Linn,32,"County Commissioner, Position 1",,REP,Under Votes,28
Linn,34,"County Commissioner, Position 1",,REP,Bill Tacy,24
Linn,34,"County Commissioner, Position 1",,REP,John Lindsey,39
Linn,34,"County Commissioner, Position 1",,REP,Write-ins,1
Linn,34,"County Commissioner, Position 1",,REP,Over Votes,0
Linn,34,"County Commissioner, Position 1",,REP,Under Votes,22
Linn,35,"County Commissioner, Position 1",,REP,Bill Tacy,81
Linn,35,"County Commissioner, Position 1",,REP,John Lindsey,121
Linn,35,"County Commissioner, Position 1",,REP,Write-ins,1
Linn,35,"County Commissioner, Position 1",,REP,Over Votes,1
Linn,35,"County Commissioner, Position 1",,REP,Under Votes,39
Linn,37,"County Commissioner, Position 1",,REP,Bill Tacy,106
Linn,37,"County Commissioner, Position 1",,REP,John Lindsey,259
Linn,37,"County Commissioner, Position 1",,REP,Write-ins,2
Linn,37,"County Commissioner, Position 1",,REP,Over Votes,0
Linn,37,"County Commissioner, Position 1",,REP,Under Votes,69
Linn,40,"County Commissioner, Position 1",,REP,Bill Tacy,1
Linn,40,"County Commissioner, Position 1",,REP,John Lindsey,1
Linn,40,"County Commissioner, Position 1",,REP,Write-ins,0
Linn,40,"County Commissioner, Position 1",,REP,Over Votes,0
Linn,40,"County Commissioner, Position 1",,REP,Under Votes,0
Linn,43,"County Commissioner, Position 1",,REP,Bill Tacy,11
Linn,43,"County Commissioner, Position 1",,REP,John Lindsey,48
Linn,43,"County Commissioner, Position 1",,REP,Write-ins,1
Linn,43,"County Commissioner, Position 1",,REP,Over Votes,0
Linn,43,"County Commissioner, Position 1",,REP,Under Votes,35
Linn,44,"County Commissioner, Position 1",,REP,Bill Tacy,27
Linn,44,"County Commissioner, Position 1",,REP,John Lindsey,85
Linn,44,"County Commissioner, Position 1",,REP,Write-ins,1
Linn,44,"County Commissioner, Position 1",,REP,Over Votes,0
Linn,44,"County Commissioner, Position 1",,REP,Under Votes,52
Linn,45,"County Commissioner, Position 1",,REP,Bill Tacy,49
Linn,45,"County Commissioner, Position 1",,REP,John Lindsey,106
Linn,45,"County Commissioner, Position 1",,REP,Write-ins,0
Linn,45,"County Commissioner, Position 1",,REP,Over Votes,0
Linn,45,"County Commissioner, Position 1",,REP,Under Votes,27
Linn,46,"County Commissioner, Position 1",,REP,Bill Tacy,43
Linn,46,"County Commissioner, Position 1",,REP,John Lindsey,124
Linn,46,"County Commissioner, Position 1",,REP,Write-ins,0
Linn,46,"County Commissioner, Position 1",,REP,Over Votes,0
Linn,46,"County Commissioner, Position 1",,REP,Under Votes,20
Linn,47,"County Commissioner, Position 1",,REP,Bill Tacy,8
Linn,47,"County Commissioner, Position 1",,REP,John Lindsey,38
Linn,47,"County Commissioner, Position 1",,REP,Write-ins,0
Linn,47,"County Commissioner, Position 1",,REP,Over Votes,0
Linn,47,"County Commissioner, Position 1",,REP,Under Votes,6
Linn,49,"County Commissioner, Position 1",,REP,Bill Tacy,2
Linn,49,"County Commissioner, Position 1",,REP,John Lindsey,3
Linn,49,"County Commissioner, Position 1",,REP,Write-ins,0
Linn,49,"County Commissioner, Position 1",,REP,Over Votes,0
Linn,49,"County Commissioner, Position 1",,REP,Under Votes,1
Linn,51,"County Commissioner, Position 1",,REP,Bill Tacy,41
Linn,51,"County Commissioner, Position 1",,REP,John Lindsey,109
Linn,51,"County Commissioner, Position 1",,REP,Write-ins,1
Linn,51,"County Commissioner, Position 1",,REP,Over Votes,0
Linn,51,"County Commissioner, Position 1",,REP,Under Votes,38
Linn,52,"County Commissioner, Position 1",,REP,Bill Tacy,3
Linn,52,"County Commissioner, Position 1",,REP,John Lindsey,33
Linn,52,"County Commissioner, Position 1",,REP,Write-ins,1
Linn,52,"County Commissioner, Position 1",,REP,Over Votes,0
Linn,52,"County Commissioner, Position 1",,REP,Under Votes,13
Linn,53,"County Commissioner, Position 1",,REP,Bill Tacy,25
Linn,53,"County Commissioner, Position 1",,REP,John Lindsey,113
Linn,53,"County Commissioner, Position 1",,REP,Write-ins,1
Linn,53,"County Commissioner, Position 1",,REP,Over Votes,0
Linn,53,"County Commissioner, Position 1",,REP,Under Votes,35
Linn,54,"County Commissioner, Position 1",,REP,Bill Tacy,16
Linn,54,"County Commissioner, Position 1",,REP,John Lindsey,77
Linn,54,"County Commissioner, Position 1",,REP,Write-ins,0
Linn,54,"County Commissioner, Position 1",,REP,Over Votes,0
Linn,54,"County Commissioner, Position 1",,REP,Under Votes,13
Linn,55,"County Commissioner, Position 1",,REP,Bill Tacy,30
Linn,55,"County Commissioner, Position 1",,REP,John Lindsey,56
Linn,55,"County Commissioner, Position 1",,REP,Write-ins,0
Linn,55,"County Commissioner, Position 1",,REP,Over Votes,0
Linn,55,"County Commissioner, Position 1",,REP,Under Votes,23
Linn,56,"County Commissioner, Position 1",,REP,Bill Tacy,28
Linn,56,"County Commissioner, Position 1",,REP,John Lindsey,68
Linn,56,"County Commissioner, Position 1",,REP,Write-ins,0
Linn,56,"County Commissioner, Position 1",,REP,Over Votes,0
Linn,56,"County Commissioner, Position 1",,REP,Under Votes,37
Linn,57,"County Commissioner, Position 1",,REP,Bill Tacy,12
Linn,57,"County Commissioner, Position 1",,REP,John Lindsey,31
Linn,57,"County Commissioner, Position 1",,REP,Write-ins,0
Linn,57,"County Commissioner, Position 1",,REP,Over Votes,0
Linn,57,"County Commissioner, Position 1",,REP,Under Votes,6
Linn,62,"County Commissioner, Position 1",,REP,Bill Tacy,153
Linn,62,"County Commissioner, Position 1",,REP,John Lindsey,423
Linn,62,"County Commissioner, Position 1",,REP,Write-ins,3
Linn,62,"County Commissioner, Position 1",,REP,Over Votes,2
Linn,62,"County Commissioner, Position 1",,REP,Under Votes,157
Linn,63,"County Commissioner, Position 1",,REP,Bill Tacy,73
Linn,63,"County Commissioner, Position 1",,REP,John Lindsey,245
Linn,63,"County Commissioner, Position 1",,REP,Write-ins,3
Linn,63,"County Commissioner, Position 1",,REP,Over Votes,0
Linn,63,"County Commissioner, Position 1",,REP,Under Votes,117
Linn,65,"County Commissioner, Position 1",,REP,Bill Tacy,3
Linn,65,"County Commissioner, Position 1",,REP,John Lindsey,10
Linn,65,"County Commissioner, Position 1",,REP,Write-ins,0
Linn,65,"County Commissioner, Position 1",,REP,Over Votes,0
Linn,65,"County Commissioner, Position 1",,REP,Under Votes,0
Linn,66,"County Commissioner, Position 1",,REP,Bill Tacy,13
Linn,66,"County Commissioner, Position 1",,REP,John Lindsey,34
Linn,66,"County Commissioner, Position 1",,REP,Write-ins,0
Linn,66,"County Commissioner, Position 1",,REP,Over Votes,0
Linn,66,"County Commissioner, Position 1",,REP,Under Votes,11
Linn,70,"County Commissioner, Position 1",,REP,Bill Tacy,78
Linn,70,"County Commissioner, Position 1",,REP,John Lindsey,133
Linn,70,"County Commissioner, Position 1",,REP,Write-ins,1
Linn,70,"County Commissioner, Position 1",,REP,Over Votes,0
Linn,70,"County Commissioner, Position 1",,REP,Under Votes,34
Linn,73,"County Commissioner, Position 1",,REP,Bill Tacy,28
Linn,73,"County Commissioner, Position 1",,REP,John Lindsey,104
Linn,73,"County Commissioner, Position 1",,REP,Write-ins,1
Linn,73,"County Commissioner, Position 1",,REP,Over Votes,0
Linn,73,"County Commissioner, Position 1",,REP,Under Votes,27
Linn,75,"County Commissioner, Position 1",,REP,Bill Tacy,34
Linn,75,"County Commissioner, Position 1",,REP,John Lindsey,117
Linn,75,"County Commissioner, Position 1",,REP,Write-ins,4
Linn,75,"County Commissioner, Position 1",,REP,Over Votes,0
Linn,75,"County Commissioner, Position 1",,REP,Under Votes,29
Linn,77,"County Commissioner, Position 1",,REP,Bill Tacy,14
Linn,77,"County Commissioner, Position 1",,REP,John Lindsey,39
Linn,77,"County Commissioner, Position 1",,REP,Write-ins,0
Linn,77,"County Commissioner, Position 1",,REP,Over Votes,0
Linn,77,"County Commissioner, Position 1",,REP,Under Votes,15
Linn,78,"County Commissioner, Position 1",,REP,Bill Tacy,36
Linn,78,"County Commissioner, Position 1",,REP,John Lindsey,83
Linn,78,"County Commissioner, Position 1",,REP,Write-ins,0
Linn,78,"County Commissioner, Position 1",,REP,Over Votes,0
Linn,78,"County Commissioner, Position 1",,REP,Under Votes,20
Linn,79,"County Commissioner, Position 1",,REP,Bill Tacy,67
Linn,79,"County Commissioner, Position 1",,REP,John Lindsey,179
Linn,79,"County Commissioner, Position 1",,REP,Write-ins,0
Linn,79,"County Commissioner, Position 1",,REP,Over Votes,0
Linn,79,"County Commissioner, Position 1",,REP,Under Votes,56
Linn,86,"County Commissioner, Position 1",,REP,Bill Tacy,66
Linn,86,"County Commissioner, Position 1",,REP,John Lindsey,144
Linn,86,"County Commissioner, Position 1",,REP,Write-ins,0
Linn,86,"County Commissioner, Position 1",,REP,Over Votes,0
Linn,86,"County Commissioner, Position 1",,REP,Under Votes,40
Linn,91,"County Commissioner, Position 1",,REP,Bill Tacy,66
Linn,91,"County Commissioner, Position 1",,REP,John Lindsey,155
Linn,91,"County Commissioner, Position 1",,REP,Write-ins,1
Linn,91,"County Commissioner, Position 1",,REP,Over Votes,0
Linn,91,"County Commissioner, Position 1",,REP,Under Votes,81
Linn,97,"County Commissioner, Position 1",,REP,Bill Tacy,68
Linn,97,"County Commissioner, Position 1",,REP,John Lindsey,234
Linn,97,"County Commissioner, Position 1",,REP,Write-ins,0
Linn,97,"County Commissioner, Position 1",,REP,Over Votes,0
Linn,97,"County Commissioner, Position 1",,REP,Under Votes,84
Linn,99,"County Commissioner, Position 1",,REP,Bill Tacy,16
Linn,99,"County Commissioner, Position 1",,REP,John Lindsey,47
Linn,99,"County Commissioner, Position 1",,REP,Write-ins,0
Linn,99,"County Commissioner, Position 1",,REP,Over Votes,0
Linn,99,"County Commissioner, Position 1",,REP,Under Votes,14
Linn,100,"County Commissioner, Position 1",,REP,Bill Tacy,137
Linn,100,"County Commissioner, Position 1",,REP,John Lindsey,516
Linn,100,"County Commissioner, Position 1",,REP,Write-ins,6
Linn,100,"County Commissioner, Position 1",,REP,Over Votes,0
Linn,100,"County Commissioner, Position 1",,REP,Under Votes,189
Linn,101,"County Commissioner, Position 1",,REP,Bill Tacy,22
Linn,101,"County Commissioner, Position 1",,REP,John Lindsey,43
Linn,101,"County Commissioner, Position 1",,REP,Write-ins,0
Linn,101,"County Commissioner, Position 1",,REP,Over Votes,0
Linn,101,"County Commissioner, Position 1",,REP,Under Votes,28
Linn,103,"County Commissioner, Position 1",,REP,Bill Tacy,43
Linn,103,"County Commissioner, Position 1",,REP,John Lindsey,106
Linn,103,"County Commissioner, Position 1",,REP,Write-ins,1
Linn,103,"County Commissioner, Position 1",,REP,Over Votes,0
Linn,103,"County Commissioner, Position 1",,REP,Under Votes,52
Linn,104,"County Commissioner, Position 1",,REP,Bill Tacy,21
Linn,104,"County Commissioner, Position 1",,REP,John Lindsey,73
Linn,104,"County Commissioner, Position 1",,REP,Write-ins,0
Linn,104,"County Commissioner, Position 1",,REP,Over Votes,0
Linn,104,"County Commissioner, Position 1",,REP,Under Votes,26
Linn,107,"County Commissioner, Position 1",,REP,Bill Tacy,124
Linn,107,"County Commissioner, Position 1",,REP,John Lindsey,541
Linn,107,"County Commissioner, Position 1",,REP,Write-ins,1
Linn,107,"County Commissioner, Position 1",,REP,Over Votes,0
Linn,107,"County Commissioner, Position 1",,REP,Under Votes,220
Linn,108,"County Commissioner, Position 1",,REP,Bill Tacy,105
Linn,108,"County Commissioner, Position 1",,REP,John Lindsey,303
Linn,108,"County Commissioner, Position 1",,REP,Write-ins,1
Linn,108,"County Commissioner, Position 1",,REP,Over Votes,0
Linn,108,"County Commissioner, Position 1",,REP,Under Votes,88
Linn,1,County Sheriff,,,Tim Mueller,1506
Linn,1,County Sheriff,,,Michael P. Spasaro,296
Linn,1,County Sheriff,,,Keith Leopard,69
Linn,1,County Sheriff,,,Write-ins,3
Linn,1,County Sheriff,,,Over Votes,0
Linn,1,County Sheriff,,,Under Votes,223
Linn,18,County Sheriff,,,Tim Mueller,1131
Linn,18,County Sheriff,,,Michael P. Spasaro,273
Linn,18,County Sheriff,,,Keith Leopard,49
Linn,18,County Sheriff,,,Write-ins,5
Linn,18,County Sheriff,,,Over Votes,0
Linn,18,County Sheriff,,,Under Votes,136
Linn,19,County Sheriff,,,Tim Mueller,343
Linn,19,County Sheriff,,,Michael P. Spasaro,44
Linn,19,County Sheriff,,,Keith Leopard,4
Linn,19,County Sheriff,,,Write-ins,0
Linn,19,County Sheriff,,,Over Votes,0
Linn,19,County Sheriff,,,Under Votes,30
Linn,20,County Sheriff,,,Tim Mueller,143
Linn,20,County Sheriff,,,Michael P. Spasaro,45
Linn,20,County Sheriff,,,Keith Leopard,12
Linn,20,County Sheriff,,,Write-ins,0
Linn,20,County Sheriff,,,Over Votes,0
Linn,20,County Sheriff,,,Under Votes,17
Linn,21,County Sheriff,,,Tim Mueller,112
Linn,21,County Sheriff,,,Michael P. Spasaro,48
Linn,21,County Sheriff,,,Keith Leopard,4
Linn,21,County Sheriff,,,Write-ins,0
Linn,21,County Sheriff,,,Over Votes,0
Linn,21,County Sheriff,,,Under Votes,5
Linn,22,County Sheriff,,,Tim Mueller,13
Linn,22,County Sheriff,,,Michael P. Spasaro,1
Linn,22,County Sheriff,,,Keith Leopard,0
Linn,22,County Sheriff,,,Write-ins,0
Linn,22,County Sheriff,,,Over Votes,0
Linn,22,County Sheriff,,,Under Votes,0
Linn,23,County Sheriff,,,Tim Mueller,319
Linn,23,County Sheriff,,,Michael P. Spasaro,90
Linn,23,County Sheriff,,,Keith Leopard,7
Linn,23,County Sheriff,,,Write-ins,0
Linn,23,County Sheriff,,,Over Votes,1
Linn,23,County Sheriff,,,Under Votes,14
Linn,26,County Sheriff,,,Tim Mueller,81
Linn,26,County Sheriff,,,Michael P. Spasaro,21
Linn,26,County Sheriff,,,Keith Leopard,2
Linn,26,County Sheriff,,,Write-ins,0
Linn,26,County Sheriff,,,Over Votes,0
Linn,26,County Sheriff,,,Under Votes,5
Linn,27,County Sheriff,,,Tim Mueller,114
Linn,27,County Sheriff,,,Michael P. Spasaro,41
Linn,27,County Sheriff,,,Keith Leopard,8
Linn,27,County Sheriff,,,Write-ins,0
Linn,27,County Sheriff,,,Over Votes,0
Linn,27,County Sheriff,,,Under Votes,22
Linn,28,County Sheriff,,,Tim Mueller,172
Linn,28,County Sheriff,,,Michael P. Spasaro,29
Linn,28,County Sheriff,,,Keith Leopard,10
Linn,28,County Sheriff,,,Write-ins,0
Linn,28,County Sheriff,,,Over Votes,0
Linn,28,County Sheriff,,,Under Votes,9
Linn,29,County Sheriff,,,Tim Mueller,516
Linn,29,County Sheriff,,,Michael P. Spasaro,104
Linn,29,County Sheriff,,,Keith Leopard,53
Linn,29,County Sheriff,,,Write-ins,1
Linn,29,County Sheriff,,,Over Votes,0
Linn,29,County Sheriff,,,Under Votes,142
Linn,30,County Sheriff,,,Tim Mueller,56
Linn,30,County Sheriff,,,Michael P. Spasaro,10
Linn,30,County Sheriff,,,Keith Leopard,3
Linn,30,County Sheriff,,,Write-ins,0
Linn,30,County Sheriff,,,Over Votes,0
Linn,30,County Sheriff,,,Under Votes,15
Linn,31,County Sheriff,,,Tim Mueller,276
Linn,31,County Sheriff,,,Michael P. Spasaro,88
Linn,31,County Sheriff,,,Keith Leopard,9
Linn,31,County Sheriff,,,Write-ins,1
Linn,31,County Sheriff,,,Over Votes,0
Linn,31,County Sheriff,,,Under Votes,15
Linn,32,County Sheriff,,,Tim Mueller,182
Linn,32,County Sheriff,,,Michael P. Spasaro,29
Linn,32,County Sheriff,,,Keith Leopard,13
Linn,32,County Sheriff,,,Write-ins,0
Linn,32,County Sheriff,,,Over Votes,1
Linn,32,County Sheriff,,,Under Votes,26
Linn,34,County Sheriff,,,Tim Mueller,121
Linn,34,County Sheriff,,,Michael P. Spasaro,19
Linn,34,County Sheriff,,,Keith Leopard,8
Linn,34,County Sheriff,,,Write-ins,0
Linn,34,County Sheriff,,,Over Votes,0
Linn,34,County Sheriff,,,Under Votes,14
Linn,35,County Sheriff,,,Tim Mueller,371
Linn,35,County Sheriff,,,Michael P. Spasaro,103
Linn,35,County Sheriff,,,Keith Leopard,19
Linn,35,County Sheriff,,,Write-ins,0
Linn,35,County Sheriff,,,Over Votes,0
Linn,35,County Sheriff,,,Under Votes,33
Linn,37,County Sheriff,,,Tim Mueller,657
Linn,37,County Sheriff,,,Michael P. Spasaro,216
Linn,37,County Sheriff,,,Keith Leopard,17
Linn,37,County Sheriff,,,Write-ins,3
Linn,37,County Sheriff,,,Over Votes,0
Linn,37,County Sheriff,,,Under Votes,51
Linn,40,County Sheriff,,,Tim Mueller,2
Linn,40,County Sheriff,,,Michael P. Spasaro,0
Linn,40,County Sheriff,,,Keith Leopard,0
Linn,40,County Sheriff,,,Write-ins,0
Linn,40,County Sheriff,,,Over Votes,0
Linn,40,County Sheriff,,,Under Votes,0
Linn,43,County Sheriff,,,Tim Mueller,135
Linn,43,County Sheriff,,,Michael P. Spasaro,63
Linn,43,County Sheriff,,,Keith Leopard,12
Linn,43,County Sheriff,,,Write-ins,1
Linn,43,County Sheriff,,,Over Votes,0
Linn,43,County Sheriff,,,Under Votes,20
Linn,44,County Sheriff,,,Tim Mueller,227
Linn,44,County Sheriff,,,Michael P. Spasaro,42
Linn,44,County Sheriff,,,Keith Leopard,8
Linn,44,County Sheriff,,,Write-ins,1
Linn,44,County Sheriff,,,Over Votes,0
Linn,44,County Sheriff,,,Under Votes,58
Linn,45,County Sheriff,,,Tim Mueller,262
Linn,45,County Sheriff,,,Michael P. Spasaro,83
Linn,45,County Sheriff,,,Keith Leopard,9
Linn,45,County Sheriff,,,Write-ins,0
Linn,45,County Sheriff,,,Over Votes,0
Linn,45,County Sheriff,,,Under Votes,23
Linn,46,County Sheriff,,,Tim Mueller,293
Linn,46,County Sheriff,,,Michael P. Spasaro,68
Linn,46,County Sheriff,,,Keith Leopard,11
Linn,46,County Sheriff,,,Write-ins,2
Linn,46,County Sheriff,,,Over Votes,0
Linn,46,County Sheriff,,,Under Votes,12
Linn,47,County Sheriff,,,Tim Mueller,93
Linn,47,County Sheriff,,,Michael P. Spasaro,14
Linn,47,County Sheriff,,,Keith Leopard,5
Linn,47,County Sheriff,,,Write-ins,3
Linn,47,County Sheriff,,,Over Votes,0
Linn,47,County Sheriff,,,Under Votes,12
Linn,49,County Sheriff,,,Tim Mueller,6
Linn,49,County Sheriff,,,Michael P. Spasaro,0
Linn,49,County Sheriff,,,Keith Leopard,1
Linn,49,County Sheriff,,,Write-ins,0
Linn,49,County Sheriff,,,Over Votes,0
Linn,49,County Sheriff,,,Under Votes,6
Linn,51,County Sheriff,,,Tim Mueller,242
Linn,51,County Sheriff,,,Michael P. Spasaro,63
Linn,51,County Sheriff,,,Keith Leopard,8
Linn,51,County Sheriff,,,Write-ins,2
Linn,51,County Sheriff,,,Over Votes,0
Linn,51,County Sheriff,,,Under Votes,17
Linn,52,County Sheriff,,,Tim Mueller,75
Linn,52,County Sheriff,,,Michael P. Spasaro,19
Linn,52,County Sheriff,,,Keith Leopard,1
Linn,52,County Sheriff,,,Write-ins,0
Linn,52,County Sheriff,,,Over Votes,0
Linn,52,County Sheriff,,,Under Votes,8
Linn,53,County Sheriff,,,Tim Mueller,211
Linn,53,County Sheriff,,,Michael P. Spasaro,68
Linn,53,County Sheriff,,,Keith Leopard,8
Linn,53,County Sheriff,,,Write-ins,5
Linn,53,County Sheriff,,,Over Votes,1
Linn,53,County Sheriff,,,Under Votes,18
Linn,54,County Sheriff,,,Tim Mueller,137
Linn,54,County Sheriff,,,Michael P. Spasaro,27
Linn,54,County Sheriff,,,Keith Leopard,6
Linn,54,County Sheriff,,,Write-ins,0
Linn,54,County Sheriff,,,Over Votes,0
Linn,54,County Sheriff,,,Under Votes,7
Linn,55,County Sheriff,,,Tim Mueller,149
Linn,55,County Sheriff,,,Michael P. Spasaro,31
Linn,55,County Sheriff,,,Keith Leopard,5
Linn,55,County Sheriff,,,Write-ins,1
Linn,55,County Sheriff,,,Over Votes,0
Linn,55,County Sheriff,,,Under Votes,24
Linn,56,County Sheriff,,,Tim Mueller,176
Linn,56,County Sheriff,,,Michael P. Spasaro,33
Linn,56,County Sheriff,,,Keith Leopard,22
Linn,56,County Sheriff,,,Write-ins,0
Linn,56,County Sheriff,,,Over Votes,0
Linn,56,County Sheriff,,,Under Votes,45
Linn,57,County Sheriff,,,Tim Mueller,75
Linn,57,County Sheriff,,,Michael P. Spasaro,28
Linn,57,County Sheriff,,,Keith Leopard,1
Linn,57,County Sheriff,,,Write-ins,1
Linn,57,County Sheriff,,,Over Votes,0
Linn,57,County Sheriff,,,Under Votes,3
Linn,62,County Sheriff,,,Tim Mueller,1280
Linn,62,County Sheriff,,,Michael P. Spasaro,303
Linn,62,County Sheriff,,,Keith Leopard,55
Linn,62,County Sheriff,,,Write-ins,5
Linn,62,County Sheriff,,,Over Votes,0
Linn,62,County Sheriff,,,Under Votes,159
Linn,63,County Sheriff,,,Tim Mueller,671
Linn,63,County Sheriff,,,Michael P. Spasaro,103
Linn,63,County Sheriff,,,Keith Leopard,16
Linn,63,County Sheriff,,,Write-ins,4
Linn,63,County Sheriff,,,Over Votes,0
Linn,63,County Sheriff,,,Under Votes,63
Linn,65,County Sheriff,,,Tim Mueller,22
Linn,65,County Sheriff,,,Michael P. Spasaro,1
Linn,65,County Sheriff,,,Keith Leopard,0
Linn,65,County Sheriff,,,Write-ins,0
Linn,65,County Sheriff,,,Over Votes,0
Linn,65,County Sheriff,,,Under Votes,0
Linn,66,County Sheriff,,,Tim Mueller,65
Linn,66,County Sheriff,,,Michael P. Spasaro,39
Linn,66,County Sheriff,,,Keith Leopard,2
Linn,66,County Sheriff,,,Write-ins,0
Linn,66,County Sheriff,,,Over Votes,0
Linn,66,County Sheriff,,,Under Votes,7
Linn,70,County Sheriff,,,Tim Mueller,373
Linn,70,County Sheriff,,,Michael P. Spasaro,161
Linn,70,County Sheriff,,,Keith Leopard,10
Linn,70,County Sheriff,,,Write-ins,0
Linn,70,County Sheriff,,,Over Votes,0
Linn,70,County Sheriff,,,Under Votes,24
Linn,73,County Sheriff,,,Tim Mueller,236
Linn,73,County Sheriff,,,Michael P. Spasaro,58
Linn,73,County Sheriff,,,Keith Leopard,7
Linn,73,County Sheriff,,,Write-ins,0
Linn,73,County Sheriff,,,Over Votes,0
Linn,73,County Sheriff,,,Under Votes,5
Linn,75,County Sheriff,,,Tim Mueller,245
Linn,75,County Sheriff,,,Michael P. Spasaro,68
Linn,75,County Sheriff,,,Keith Leopard,5
Linn,75,County Sheriff,,,Write-ins,0
Linn,75,County Sheriff,,,Over Votes,0
Linn,75,County Sheriff,,,Under Votes,16
Linn,77,County Sheriff,,,Tim Mueller,125
Linn,77,County Sheriff,,,Michael P. Spasaro,27
Linn,77,County Sheriff,,,Keith Leopard,2
Linn,77,County Sheriff,,,Write-ins,0
Linn,77,County Sheriff,,,Over Votes,0
Linn,77,County Sheriff,,,Under Votes,14
Linn,78,County Sheriff,,,Tim Mueller,220
Linn,78,County Sheriff,,,Michael P. Spasaro,56
Linn,78,County Sheriff,,,Keith Leopard,7
Linn,78,County Sheriff,,,Write-ins,0
Linn,78,County Sheriff,,,Over Votes,0
Linn,78,County Sheriff,,,Under Votes,16
Linn,79,County Sheriff,,,Tim Mueller,519
Linn,79,County Sheriff,,,Michael P. Spasaro,187
Linn,79,County Sheriff,,,Keith Leopard,12
Linn,79,County Sheriff,,,Write-ins,1
Linn,79,County Sheriff,,,Over Votes,0
Linn,79,County Sheriff,,,Under Votes,36
Linn,86,County Sheriff,,,Tim Mueller,369
Linn,86,County Sheriff,,,Michael P. Spasaro,103
Linn,86,County Sheriff,,,Keith Leopard,11
Linn,86,County Sheriff,,,Write-ins,1
Linn,86,County Sheriff,,,Over Votes,1
Linn,86,County Sheriff,,,Under Votes,26
Linn,91,County Sheriff,,,Tim Mueller,582
Linn,91,County Sheriff,,,Michael P. Spasaro,123
Linn,91,County Sheriff,,,Keith Leopard,33
Linn,91,County Sheriff,,,Write-ins,4
Linn,91,County Sheriff,,,Over Votes,0
Linn,91,County Sheriff,,,Under Votes,82
Linn,97,County Sheriff,,,Tim Mueller,622
Linn,97,County Sheriff,,,Michael P. Spasaro,90
Linn,97,County Sheriff,,,Keith Leopard,7
Linn,97,County Sheriff,,,Write-ins,1
Linn,97,County Sheriff,,,Over Votes,1
Linn,97,County Sheriff,,,Under Votes,34
Linn,99,County Sheriff,,,Tim Mueller,130
Linn,99,County Sheriff,,,Michael P. Spasaro,25
Linn,99,County Sheriff,,,Keith Leopard,2
Linn,99,County Sheriff,,,Write-ins,0
Linn,99,County Sheriff,,,Over Votes,0
Linn,99,County Sheriff,,,Under Votes,8
Linn,100,County Sheriff,,,Tim Mueller,1333
Linn,100,County Sheriff,,,Michael P. Spasaro,320
Linn,100,County Sheriff,,,Keith Leopard,82
Linn,100,County Sheriff,,,Write-ins,7
Linn,100,County Sheriff,,,Over Votes,0
Linn,100,County Sheriff,,,Under Votes,190
Linn,101,County Sheriff,,,Tim Mueller,133
Linn,101,County Sheriff,,,Michael P. Spasaro,32
Linn,101,County Sheriff,,,Keith Leopard,15
Linn,101,County Sheriff,,,Write-ins,0
Linn,101,County Sheriff,,,Over Votes,0
Linn,101,County Sheriff,,,Under Votes,22
Linn,103,County Sheriff,,,Tim Mueller,237
Linn,103,County Sheriff,,,Michael P. Spasaro,46
Linn,103,County Sheriff,,,Keith Leopard,23
Linn,103,County Sheriff,,,Write-ins,2
Linn,103,County Sheriff,,,Over Votes,0
Linn,103,County Sheriff,,,Under Votes,49
Linn,104,County Sheriff,,,Tim Mueller,184
Linn,104,County Sheriff,,,Michael P. Spasaro,56
Linn,104,County Sheriff,,,Keith Leopard,4
Linn,104,County Sheriff,,,Write-ins,1
Linn,104,County Sheriff,,,Over Votes,0
Linn,104,County Sheriff,,,Under Votes,10
Linn,107,County Sheriff,,,Tim Mueller,1418
Linn,107,County Sheriff,,,Michael P. Spasaro,341
Linn,107,County Sheriff,,,Keith Leopard,43
Linn,107,County Sheriff,,,Write-ins,3
Linn,107,County Sheriff,,,Over Votes,0
Linn,107,County Sheriff,,,Under Votes,154
Linn,108,County Sheriff,,,Tim Mueller,737
Linn,108,County Sheriff,,,Michael P. Spasaro,341
Linn,108,County Sheriff,,,Keith Leopard,33
Linn,108,County Sheriff,,,Write-ins,2
Linn,108,County Sheriff,,,Over Votes,0
Linn,108,County Sheriff,,,Under Votes,49
Linn,1,Governor,,DEM,Pete Sorenson,148
Linn,1,Governor,,DEM,Ted Kulongoski,406
Linn,1,Governor,,DEM,Jim Hill,250
Linn,1,Governor,,DEM,Write-ins,5
Linn,1,Governor,,DEM,Over Votes,0
Linn,1,Governor,,DEM,Under Votes,50
Linn,18,Governor,,DEM,Pete Sorenson,82
Linn,18,Governor,,DEM,Ted Kulongoski,295
Linn,18,Governor,,DEM,Jim Hill,212
Linn,18,Governor,,DEM,Write-ins,6
Linn,18,Governor,,DEM,Over Votes,0
Linn,18,Governor,,DEM,Under Votes,35
Linn,19,Governor,,DEM,Pete Sorenson,27
Linn,19,Governor,,DEM,Ted Kulongoski,58
Linn,19,Governor,,DEM,Jim Hill,50
Linn,19,Governor,,DEM,Write-ins,5
Linn,19,Governor,,DEM,Over Votes,0
Linn,19,Governor,,DEM,Under Votes,6
Linn,20,Governor,,DEM,Pete Sorenson,14
Linn,20,Governor,,DEM,Ted Kulongoski,33
Linn,20,Governor,,DEM,Jim Hill,20
Linn,20,Governor,,DEM,Write-ins,1
Linn,20,Governor,,DEM,Over Votes,0
Linn,20,Governor,,DEM,Under Votes,1
Linn,21,Governor,,DEM,Pete Sorenson,12
Linn,21,Governor,,DEM,Ted Kulongoski,16
Linn,21,Governor,,DEM,Jim Hill,16
Linn,21,Governor,,DEM,Write-ins,1
Linn,21,Governor,,DEM,Over Votes,0
Linn,21,Governor,,DEM,Under Votes,5
Linn,22,Governor,,DEM,Pete Sorenson,0
Linn,22,Governor,,DEM,Ted Kulongoski,2
Linn,22,Governor,,DEM,Jim Hill,1
Linn,22,Governor,,DEM,Write-ins,0
Linn,22,Governor,,DEM,Over Votes,0
Linn,22,Governor,,DEM,Under Votes,0
Linn,23,Governor,,DEM,Pete Sorenson,27
Linn,23,Governor,,DEM,Ted Kulongoski,68
Linn,23,Governor,,DEM,Jim Hill,45
Linn,23,Governor,,DEM,Write-ins,1
Linn,23,Governor,,DEM,Over Votes,0
Linn,23,Governor,,DEM,Under Votes,11
Linn,26,Governor,,DEM,Pete Sorenson,10
Linn,26,Governor,,DEM,Ted Kulongoski,16
Linn,26,Governor,,DEM,Jim Hill,7
Linn,26,Governor,,DEM,Write-ins,0
Linn,26,Governor,,DEM,Over Votes,0
Linn,26,Governor,,DEM,Under Votes,6
Linn,27,Governor,,DEM,Pete Sorenson,6
Linn,27,Governor,,DEM,Ted Kulongoski,21
Linn,27,Governor,,DEM,Jim Hill,14
Linn,27,Governor,,DEM,Write-ins,2
Linn,27,Governor,,DEM,Over Votes,0
Linn,27,Governor,,DEM,Under Votes,1
Linn,28,Governor,,DEM,Pete Sorenson,16
Linn,28,Governor,,DEM,Ted Kulongoski,26
Linn,28,Governor,,DEM,Jim Hill,25
Linn,28,Governor,,DEM,Write-ins,1
Linn,28,Governor,,DEM,Over Votes,0
Linn,28,Governor,,DEM,Under Votes,2
Linn,29,Governor,,DEM,Pete Sorenson,55
Linn,29,Governor,,DEM,Ted Kulongoski,134
Linn,29,Governor,,DEM,Jim Hill,55
Linn,29,Governor,,DEM,Write-ins,0
Linn,29,Governor,,DEM,Over Votes,0
Linn,29,Governor,,DEM,Under Votes,33
Linn,30,Governor,,DEM,Pete Sorenson,7
Linn,30,Governor,,DEM,Ted Kulongoski,13
Linn,30,Governor,,DEM,Jim Hill,9
Linn,30,Governor,,DEM,Write-ins,1
Linn,30,Governor,,DEM,Over Votes,0
Linn,30,Governor,,DEM,Under Votes,0
Linn,31,Governor,,DEM,Pete Sorenson,24
Linn,31,Governor,,DEM,Ted Kulongoski,65
Linn,31,Governor,,DEM,Jim Hill,42
Linn,31,Governor,,DEM,Write-ins,3
Linn,31,Governor,,DEM,Over Votes,0
Linn,31,Governor,,DEM,Under Votes,11
Linn,32,Governor,,DEM,Pete Sorenson,18
Linn,32,Governor,,DEM,Ted Kulongoski,37
Linn,32,Governor,,DEM,Jim Hill,27
Linn,32,Governor,,DEM,Write-ins,1
Linn,32,Governor,,DEM,Over Votes,0
Linn,32,Governor,,DEM,Under Votes,2
Linn,34,Governor,,DEM,Pete Sorenson,8
Linn,34,Governor,,DEM,Ted Kulongoski,18
Linn,34,Governor,,DEM,Jim Hill,15
Linn,34,Governor,,DEM,Write-ins,1
Linn,34,Governor,,DEM,Over Votes,0
Linn,34,Governor,,DEM,Under Votes,8
Linn,35,Governor,,DEM,Pete Sorenson,41
Linn,35,Governor,,DEM,Ted Kulongoski,76
Linn,35,Governor,,DEM,Jim Hill,58
Linn,35,Governor,,DEM,Write-ins,4
Linn,35,Governor,,DEM,Over Votes,0
Linn,35,Governor,,DEM,Under Votes,14
Linn,37,Governor,,DEM,Pete Sorenson,57
Linn,37,Governor,,DEM,Ted Kulongoski,162
Linn,37,Governor,,DEM,Jim Hill,128
Linn,37,Governor,,DEM,Write-ins,3
Linn,37,Governor,,DEM,Over Votes,0
Linn,37,Governor,,DEM,Under Votes,23
Linn,40,Governor,,DEM,Pete Sorenson,0
Linn,40,Governor,,DEM,Ted Kulongoski,0
Linn,40,Governor,,DEM,Jim Hill,0
Linn,40,Governor,,DEM,Write-ins,0
Linn,40,Governor,,DEM,Over Votes,0
Linn,40,Governor,,DEM,Under Votes,0
Linn,43,Governor,,DEM,Pete Sorenson,14
Linn,43,Governor,,DEM,Ted Kulongoski,56
Linn,43,Governor,,DEM,Jim Hill,37
Linn,43,Governor,,DEM,Write-ins,1
Linn,43,Governor,,DEM,Over Votes,0
Linn,43,Governor,,DEM,Under Votes,0
Linn,44,Governor,,DEM,Pete Sorenson,27
Linn,44,Governor,,DEM,Ted Kulongoski,59
Linn,44,Governor,,DEM,Jim Hill,49
Linn,44,Governor,,DEM,Write-ins,0
Linn,44,Governor,,DEM,Over Votes,0
Linn,44,Governor,,DEM,Under Votes,4
Linn,45,Governor,,DEM,Pete Sorenson,29
Linn,45,Governor,,DEM,Ted Kulongoski,53
Linn,45,Governor,,DEM,Jim Hill,46
Linn,45,Governor,,DEM,Write-ins,5
Linn,45,Governor,,DEM,Over Votes,0
Linn,45,Governor,,DEM,Under Votes,11
Linn,46,Governor,,DEM,Pete Sorenson,37
Linn,46,Governor,,DEM,Ted Kulongoski,57
Linn,46,Governor,,DEM,Jim Hill,45
Linn,46,Governor,,DEM,Write-ins,2
Linn,46,Governor,,DEM,Over Votes,0
Linn,46,Governor,,DEM,Under Votes,6
Linn,47,Governor,,DEM,Pete Sorenson,13
Linn,47,Governor,,DEM,Ted Kulongoski,36
Linn,47,Governor,,DEM,Jim Hill,6
Linn,47,Governor,,DEM,Write-ins,1
Linn,47,Governor,,DEM,Over Votes,0
Linn,47,Governor,,DEM,Under Votes,3
Linn,49,Governor,,DEM,Pete Sorenson,0
Linn,49,Governor,,DEM,Ted Kulongoski,4
Linn,49,Governor,,DEM,Jim Hill,3
Linn,49,Governor,,DEM,Write-ins,0
Linn,49,Governor,,DEM,Over Votes,0
Linn,49,Governor,,DEM,Under Votes,0
Linn,51,Governor,,DEM,Pete Sorenson,22
Linn,51,Governor,,DEM,Ted Kulongoski,41
Linn,51,Governor,,DEM,Jim Hill,31
Linn,51,Governor,,DEM,Write-ins,3
Linn,51,Governor,,DEM,Over Votes,0
Linn,51,Governor,,DEM,Under Votes,8
Linn,52,Governor,,DEM,Pete Sorenson,11
Linn,52,Governor,,DEM,Ted Kulongoski,12
Linn,52,Governor,,DEM,Jim Hill,14
Linn,52,Governor,,DEM,Write-ins,1
Linn,52,Governor,,DEM,Over Votes,0
Linn,52,Governor,,DEM,Under Votes,2
Linn,53,Governor,,DEM,Pete Sorenson,23
Linn,53,Governor,,DEM,Ted Kulongoski,34
Linn,53,Governor,,DEM,Jim Hill,42
Linn,53,Governor,,DEM,Write-ins,1
Linn,53,Governor,,DEM,Over Votes,0
Linn,53,Governor,,DEM,Under Votes,1
Linn,54,Governor,,DEM,Pete Sorenson,11
Linn,54,Governor,,DEM,Ted Kulongoski,17
Linn,54,Governor,,DEM,Jim Hill,20
Linn,54,Governor,,DEM,Write-ins,0
Linn,54,Governor,,DEM,Over Votes,0
Linn,54,Governor,,DEM,Under Votes,5
Linn,55,Governor,,DEM,Pete Sorenson,11
Linn,55,Governor,,DEM,Ted Kulongoski,24
Linn,55,Governor,,DEM,Jim Hill,38
Linn,55,Governor,,DEM,Write-ins,0
Linn,55,Governor,,DEM,Over Votes,0
Linn,55,Governor,,DEM,Under Votes,2
Linn,56,Governor,,DEM,Pete Sorenson,17
Linn,56,Governor,,DEM,Ted Kulongoski,45
Linn,56,Governor,,DEM,Jim Hill,53
Linn,56,Governor,,DEM,Write-ins,3
Linn,56,Governor,,DEM,Over Votes,0
Linn,56,Governor,,DEM,Under Votes,2
Linn,57,Governor,,DEM,Pete Sorenson,15
Linn,57,Governor,,DEM,Ted Kulongoski,17
Linn,57,Governor,,DEM,Jim Hill,10
Linn,57,Governor,,DEM,Write-ins,1
Linn,57,Governor,,DEM,Over Votes,0
Linn,57,Governor,,DEM,Under Votes,1
Linn,62,Governor,,DEM,Pete Sorenson,126
Linn,62,Governor,,DEM,Ted Kulongoski,300
Linn,62,Governor,,DEM,Jim Hill,227
Linn,62,Governor,,DEM,Write-ins,14
Linn,62,Governor,,DEM,Over Votes,0
Linn,62,Governor,,DEM,Under Votes,63
Linn,63,Governor,,DEM,Pete Sorenson,62
Linn,63,Governor,,DEM,Ted Kulongoski,120
Linn,63,Governor,,DEM,Jim Hill,91
Linn,63,Governor,,DEM,Write-ins,4
Linn,63,Governor,,DEM,Over Votes,0
Linn,63,Governor,,DEM,Under Votes,25
Linn,65,Governor,,DEM,Pete Sorenson,3
Linn,65,Governor,,DEM,Ted Kulongoski,4
Linn,65,Governor,,DEM,Jim Hill,1
Linn,65,Governor,,DEM,Write-ins,1
Linn,65,Governor,,DEM,Over Votes,0
Linn,65,Governor,,DEM,Under Votes,0
Linn,66,Governor,,DEM,Pete Sorenson,6
Linn,66,Governor,,DEM,Ted Kulongoski,20
Linn,66,Governor,,DEM,Jim Hill,6
Linn,66,Governor,,DEM,Write-ins,0
Linn,66,Governor,,DEM,Over Votes,0
Linn,66,Governor,,DEM,Under Votes,3
Linn,70,Governor,,DEM,Pete Sorenson,42
Linn,70,Governor,,DEM,Ted Kulongoski,91
Linn,70,Governor,,DEM,Jim Hill,63
Linn,70,Governor,,DEM,Write-ins,4
Linn,70,Governor,,DEM,Over Votes,1
Linn,70,Governor,,DEM,Under Votes,28
Linn,73,Governor,,DEM,Pete Sorenson,25
Linn,73,Governor,,DEM,Ted Kulongoski,52
Linn,73,Governor,,DEM,Jim Hill,30
Linn,73,Governor,,DEM,Write-ins,0
Linn,73,Governor,,DEM,Over Votes,0
Linn,73,Governor,,DEM,Under Votes,5
Linn,75,Governor,,DEM,Pete Sorenson,26
Linn,75,Governor,,DEM,Ted Kulongoski,44
Linn,75,Governor,,DEM,Jim Hill,39
Linn,75,Governor,,DEM,Write-ins,1
Linn,75,Governor,,DEM,Over Votes,0
Linn,75,Governor,,DEM,Under Votes,6
Linn,77,Governor,,DEM,Pete Sorenson,9
Linn,77,Governor,,DEM,Ted Kulongoski,38
Linn,77,Governor,,DEM,Jim Hill,19
Linn,77,Governor,,DEM,Write-ins,2
Linn,77,Governor,,DEM,Over Votes,0
Linn,77,Governor,,DEM,Under Votes,4
Linn,78,Governor,,DEM,Pete Sorenson,23
Linn,78,Governor,,DEM,Ted Kulongoski,55
Linn,78,Governor,,DEM,Jim Hill,33
Linn,78,Governor,,DEM,Write-ins,1
Linn,78,Governor,,DEM,Over Votes,0
Linn,78,Governor,,DEM,Under Votes,5
Linn,79,Governor,,DEM,Pete Sorenson,60
Linn,79,Governor,,DEM,Ted Kulongoski,156
Linn,79,Governor,,DEM,Jim Hill,90
Linn,79,Governor,,DEM,Write-ins,7
Linn,79,Governor,,DEM,Over Votes,0
Linn,79,Governor,,DEM,Under Votes,14
Linn,86,Governor,,DEM,Pete Sorenson,39
Linn,86,Governor,,DEM,Ted Kulongoski,86
Linn,86,Governor,,DEM,Jim Hill,52
Linn,86,Governor,,DEM,Write-ins,2
Linn,86,Governor,,DEM,Over Votes,1
Linn,86,Governor,,DEM,Under Votes,9
Linn,91,Governor,,DEM,Pete Sorenson,40
Linn,91,Governor,,DEM,Ted Kulongoski,172
Linn,91,Governor,,DEM,Jim Hill,116
Linn,91,Governor,,DEM,Write-ins,3
Linn,91,Governor,,DEM,Over Votes,1
Linn,91,Governor,,DEM,Under Votes,24
Linn,97,Governor,,DEM,Pete Sorenson,42
Linn,97,Governor,,DEM,Ted Kulongoski,112
Linn,97,Governor,,DEM,Jim Hill,98
Linn,97,Governor,,DEM,Write-ins,3
Linn,97,Governor,,DEM,Over Votes,2
Linn,97,Governor,,DEM,Under Votes,15
Linn,99,Governor,,DEM,Pete Sorenson,12
Linn,99,Governor,,DEM,Ted Kulongoski,37
Linn,99,Governor,,DEM,Jim Hill,15
Linn,99,Governor,,DEM,Write-ins,1
Linn,99,Governor,,DEM,Over Votes,0
Linn,99,Governor,,DEM,Under Votes,3
Linn,100,Governor,,DEM,Pete Sorenson,148
Linn,100,Governor,,DEM,Ted Kulongoski,317
Linn,100,Governor,,DEM,Jim Hill,222
Linn,100,Governor,,DEM,Write-ins,15
Linn,100,Governor,,DEM,Over Votes,0
Linn,100,Governor,,DEM,Under Votes,47
Linn,101,Governor,,DEM,Pete Sorenson,17
Linn,101,Governor,,DEM,Ted Kulongoski,35
Linn,101,Governor,,DEM,Jim Hill,34
Linn,101,Governor,,DEM,Write-ins,2
Linn,101,Governor,,DEM,Over Votes,0
Linn,101,Governor,,DEM,Under Votes,2
Linn,103,Governor,,DEM,Pete Sorenson,20
Linn,103,Governor,,DEM,Ted Kulongoski,40
Linn,103,Governor,,DEM,Jim Hill,53
Linn,103,Governor,,DEM,Write-ins,3
Linn,103,Governor,,DEM,Over Votes,0
Linn,103,Governor,,DEM,Under Votes,6
Linn,104,Governor,,DEM,Pete Sorenson,19
Linn,104,Governor,,DEM,Ted Kulongoski,49
Linn,104,Governor,,DEM,Jim Hill,21
Linn,104,Governor,,DEM,Write-ins,2
Linn,104,Governor,,DEM,Over Votes,0
Linn,104,Governor,,DEM,Under Votes,11
Linn,107,Governor,,DEM,Pete Sorenson,116
Linn,107,Governor,,DEM,Ted Kulongoski,383
Linn,107,Governor,,DEM,Jim Hill,260
Linn,107,Governor,,DEM,Write-ins,17
Linn,107,Governor,,DEM,Over Votes,1
Linn,107,Governor,,DEM,Under Votes,42
Linn,108,Governor,,DEM,Pete Sorenson,100
Linn,108,Governor,,DEM,Ted Kulongoski,245
Linn,108,Governor,,DEM,Jim Hill,118
Linn,108,Governor,,DEM,Write-ins,9
Linn,108,Governor,,DEM,Over Votes,0
Linn,108,Governor,,DEM,Under Votes,30
Linn,1,Governor,,REP,Kevin Mannix,179
Linn,1,Governor,,REP,W. Ames Curtright,19
Linn,1,Governor,,REP,David W. Beem,10
Linn,1,Governor,,REP,Bob Leonard Forthan,5
Linn,1,Governor,,REP,Jason A. Atkinson,102
Linn,1,Governor,,REP,Ron Saxton,482
Linn,1,Governor,,REP,William E. Spidal,5
Linn,1,Governor,,REP,Gordon Leitch,12
Linn,1,Governor,,REP,Write-ins,8
Linn,1,Governor,,REP,Over Votes,1
Linn,1,Governor,,REP,Under Votes,60
Linn,18,Governor,,REP,Kevin Mannix,188
Linn,18,Governor,,REP,W. Ames Curtright,22
Linn,18,Governor,,REP,David W. Beem,1
Linn,18,Governor,,REP,Bob Leonard Forthan,2
Linn,18,Governor,,REP,Jason A. Atkinson,74
Linn,18,Governor,,REP,Ron Saxton,341
Linn,18,Governor,,REP,William E. Spidal,11
Linn,18,Governor,,REP,Gordon Leitch,10
Linn,18,Governor,,REP,Write-ins,5
Linn,18,Governor,,REP,Over Votes,1
Linn,18,Governor,,REP,Under Votes,28
Linn,19,Governor,,REP,Kevin Mannix,54
Linn,19,Governor,,REP,W. Ames Curtright,7
Linn,19,Governor,,REP,David W. Beem,2
Linn,19,Governor,,REP,Bob Leonard Forthan,0
Linn,19,Governor,,REP,Jason A. Atkinson,30
Linn,19,Governor,,REP,Ron Saxton,105
Linn,19,Governor,,REP,William E. Spidal,3
Linn,19,Governor,,REP,Gordon Leitch,3
Linn,19,Governor,,REP,Write-ins,1
Linn,19,Governor,,REP,Over Votes,0
Linn,19,Governor,,REP,Under Votes,15
Linn,20,Governor,,REP,Kevin Mannix,29
Linn,20,Governor,,REP,W. Ames Curtright,2
Linn,20,Governor,,REP,David W. Beem,0
Linn,20,Governor,,REP,Bob Leonard Forthan,0
Linn,20,Governor,,REP,Jason A. Atkinson,19
Linn,20,Governor,,REP,Ron Saxton,44
Linn,20,Governor,,REP,William E. Spidal,6
Linn,20,Governor,,REP,Gordon Leitch,2
Linn,20,Governor,,REP,Write-ins,1
Linn,20,Governor,,REP,Over Votes,1
Linn,20,Governor,,REP,Under Votes,4
Linn,21,Governor,,REP,Kevin Mannix,27
Linn,21,Governor,,REP,W. Ames Curtright,3
Linn,21,Governor,,REP,David W. Beem,0
Linn,21,Governor,,REP,Bob Leonard Forthan,0
Linn,21,Governor,,REP,Jason A. Atkinson,10
Linn,21,Governor,,REP,Ron Saxton,44
Linn,21,Governor,,REP,William E. Spidal,2
Linn,21,Governor,,REP,Gordon Leitch,4
Linn,21,Governor,,REP,Write-ins,2
Linn,21,Governor,,REP,Over Votes,0
Linn,21,Governor,,REP,Under Votes,4
Linn,22,Governor,,REP,Kevin Mannix,1
Linn,22,Governor,,REP,W. Ames Curtright,0
Linn,22,Governor,,REP,David W. Beem,0
Linn,22,Governor,,REP,Bob Leonard Forthan,0
Linn,22,Governor,,REP,Jason A. Atkinson,1
Linn,22,Governor,,REP,Ron Saxton,5
Linn,22,Governor,,REP,William E. Spidal,0
Linn,22,Governor,,REP,Gordon Leitch,0
Linn,22,Governor,,REP,Write-ins,0
Linn,22,Governor,,REP,Over Votes,0
Linn,22,Governor,,REP,Under Votes,2
Linn,23,Governor,,REP,Kevin Mannix,83
Linn,23,Governor,,REP,W. Ames Curtright,4
Linn,23,Governor,,REP,David W. Beem,0
Linn,23,Governor,,REP,Bob Leonard Forthan,1
Linn,23,Governor,,REP,Jason A. Atkinson,23
Linn,23,Governor,,REP,Ron Saxton,89
Linn,23,Governor,,REP,William E. Spidal,2
Linn,23,Governor,,REP,Gordon Leitch,0
Linn,23,Governor,,REP,Write-ins,1
Linn,23,Governor,,REP,Over Votes,0
Linn,23,Governor,,REP,Under Votes,12
Linn,26,Governor,,REP,Kevin Mannix,13
Linn,26,Governor,,REP,W. Ames Curtright,0
Linn,26,Governor,,REP,David W. Beem,0
Linn,26,Governor,,REP,Bob Leonard Forthan,0
Linn,26,Governor,,REP,Jason A. Atkinson,12
Linn,26,Governor,,REP,Ron Saxton,25
Linn,26,Governor,,REP,William E. Spidal,1
Linn,26,Governor,,REP,Gordon Leitch,0
Linn,26,Governor,,REP,Write-ins,0
Linn,26,Governor,,REP,Over Votes,0
Linn,26,Governor,,REP,Under Votes,3
Linn,27,Governor,,REP,Kevin Mannix,42
Linn,27,Governor,,REP,W. Ames Curtright,5
Linn,27,Governor,,REP,David W. Beem,0
Linn,27,Governor,,REP,Bob Leonard Forthan,1
Linn,27,Governor,,REP,Jason A. Atkinson,25
Linn,27,Governor,,REP,Ron Saxton,53
Linn,27,Governor,,REP,William E. Spidal,1
Linn,27,Governor,,REP,Gordon Leitch,0
Linn,27,Governor,,REP,Write-ins,0
Linn,27,Governor,,REP,Over Votes,0
Linn,27,Governor,,REP,Under Votes,4
Linn,28,Governor,,REP,Kevin Mannix,44
Linn,28,Governor,,REP,W. Ames Curtright,5
Linn,28,Governor,,REP,David W. Beem,0
Linn,28,Governor,,REP,Bob Leonard Forthan,0
Linn,28,Governor,,REP,Jason A. Atkinson,19
Linn,28,Governor,,REP,Ron Saxton,55
Linn,28,Governor,,REP,William E. Spidal,1
Linn,28,Governor,,REP,Gordon Leitch,1
Linn,28,Governor,,REP,Write-ins,0
Linn,28,Governor,,REP,Over Votes,1
Linn,28,Governor,,REP,Under Votes,5
Linn,29,Governor,,REP,Kevin Mannix,143
Linn,29,Governor,,REP,W. Ames Curtright,12
Linn,29,Governor,,REP,David W. Beem,2
Linn,29,Governor,,REP,Bob Leonard Forthan,1
Linn,29,Governor,,REP,Jason A. Atkinson,41
Linn,29,Governor,,REP,Ron Saxton,130
Linn,29,Governor,,REP,William E. Spidal,4
Linn,29,Governor,,REP,Gordon Leitch,5
Linn,29,Governor,,REP,Write-ins,2
Linn,29,Governor,,REP,Over Votes,1
Linn,29,Governor,,REP,Under Votes,44
Linn,30,Governor,,REP,Kevin Mannix,20
Linn,30,Governor,,REP,W. Ames Curtright,1
Linn,30,Governor,,REP,David W. Beem,0
Linn,30,Governor,,REP,Bob Leonard Forthan,0
Linn,30,Governor,,REP,Jason A. Atkinson,9
Linn,30,Governor,,REP,Ron Saxton,17
Linn,30,Governor,,REP,William E. Spidal,0
Linn,30,Governor,,REP,Gordon Leitch,1
Linn,30,Governor,,REP,Write-ins,1
Linn,30,Governor,,REP,Over Votes,0
Linn,30,Governor,,REP,Under Votes,2
Linn,31,Governor,,REP,Kevin Mannix,48
Linn,31,Governor,,REP,W. Ames Curtright,3
Linn,31,Governor,,REP,David W. Beem,0
Linn,31,Governor,,REP,Bob Leonard Forthan,1
Linn,31,Governor,,REP,Jason A. Atkinson,22
Linn,31,Governor,,REP,Ron Saxton,100
Linn,31,Governor,,REP,William E. Spidal,0
Linn,31,Governor,,REP,Gordon Leitch,2
Linn,31,Governor,,REP,Write-ins,1
Linn,31,Governor,,REP,Over Votes,2
Linn,31,Governor,,REP,Under Votes,10
Linn,32,Governor,,REP,Kevin Mannix,42
Linn,32,Governor,,REP,W. Ames Curtright,5
Linn,32,Governor,,REP,David W. Beem,2
Linn,32,Governor,,REP,Bob Leonard Forthan,0
Linn,32,Governor,,REP,Jason A. Atkinson,25
Linn,32,Governor,,REP,Ron Saxton,59
Linn,32,Governor,,REP,William E. Spidal,1
Linn,32,Governor,,REP,Gordon Leitch,1
Linn,32,Governor,,REP,Write-ins,0
Linn,32,Governor,,REP,Over Votes,0
Linn,32,Governor,,REP,Under Votes,4
Linn,34,Governor,,REP,Kevin Mannix,33
Linn,34,Governor,,REP,W. Ames Curtright,1
Linn,34,Governor,,REP,David W. Beem,1
Linn,34,Governor,,REP,Bob Leonard Forthan,0
Linn,34,Governor,,REP,Jason A. Atkinson,7
Linn,34,Governor,,REP,Ron Saxton,40
Linn,34,Governor,,REP,William E. Spidal,0
Linn,34,Governor,,REP,Gordon Leitch,0
Linn,34,Governor,,REP,Write-ins,1
Linn,34,Governor,,REP,Over Votes,0
Linn,34,Governor,,REP,Under Votes,3
Linn,35,Governor,,REP,Kevin Mannix,65
Linn,35,Governor,,REP,W. Ames Curtright,9
Linn,35,Governor,,REP,David W. Beem,1
Linn,35,Governor,,REP,Bob Leonard Forthan,0
Linn,35,Governor,,REP,Jason A. Atkinson,41
Linn,35,Governor,,REP,Ron Saxton,110
Linn,35,Governor,,REP,William E. Spidal,1
Linn,35,Governor,,REP,Gordon Leitch,3
Linn,35,Governor,,REP,Write-ins,2
Linn,35,Governor,,REP,Over Votes,1
Linn,35,Governor,,REP,Under Votes,10
Linn,37,Governor,,REP,Kevin Mannix,115
Linn,37,Governor,,REP,W. Ames Curtright,11
Linn,37,Governor,,REP,David W. Beem,1
Linn,37,Governor,,REP,Bob Leonard Forthan,2
Linn,37,Governor,,REP,Jason A. Atkinson,62
Linn,37,Governor,,REP,Ron Saxton,203
Linn,37,Governor,,REP,William E. Spidal,6
Linn,37,Governor,,REP,Gordon Leitch,6
Linn,37,Governor,,REP,Write-ins,2
Linn,37,Governor,,REP,Over Votes,0
Linn,37,Governor,,REP,Under Votes,28
Linn,40,Governor,,REP,Kevin Mannix,0
Linn,40,Governor,,REP,W. Ames Curtright,0
Linn,40,Governor,,REP,David W. Beem,0
Linn,40,Governor,,REP,Bob Leonard Forthan,0
Linn,40,Governor,,REP,Jason A. Atkinson,2
Linn,40,Governor,,REP,Ron Saxton,0
Linn,40,Governor,,REP,William E. Spidal,0
Linn,40,Governor,,REP,Gordon Leitch,0
Linn,40,Governor,,REP,Write-ins,0
Linn,40,Governor,,REP,Over Votes,0
Linn,40,Governor,,REP,Under Votes,0
Linn,43,Governor,,REP,Kevin Mannix,19
Linn,43,Governor,,REP,W. Ames Curtright,4
Linn,43,Governor,,REP,David W. Beem,2
Linn,43,Governor,,REP,Bob Leonard Forthan,0
Linn,43,Governor,,REP,Jason A. Atkinson,18
Linn,43,Governor,,REP,Ron Saxton,44
Linn,43,Governor,,REP,William E. Spidal,2
Linn,43,Governor,,REP,Gordon Leitch,2
Linn,43,Governor,,REP,Write-ins,1
Linn,43,Governor,,REP,Over Votes,0
Linn,43,Governor,,REP,Under Votes,3
Linn,44,Governor,,REP,Kevin Mannix,26
Linn,44,Governor,,REP,W. Ames Curtright,9
Linn,44,Governor,,REP,David W. Beem,1
Linn,44,Governor,,REP,Bob Leonard Forthan,1
Linn,44,Governor,,REP,Jason A. Atkinson,28
Linn,44,Governor,,REP,Ron Saxton,94
Linn,44,Governor,,REP,William E. Spidal,1
Linn,44,Governor,,REP,Gordon Leitch,1
Linn,44,Governor,,REP,Write-ins,1
Linn,44,Governor,,REP,Over Votes,0
Linn,44,Governor,,REP,Under Votes,3
Linn,45,Governor,,REP,Kevin Mannix,54
Linn,45,Governor,,REP,W. Ames Curtright,5
Linn,45,Governor,,REP,David W. Beem,0
Linn,45,Governor,,REP,Bob Leonard Forthan,0
Linn,45,Governor,,REP,Jason A. Atkinson,49
Linn,45,Governor,,REP,Ron Saxton,59
Linn,45,Governor,,REP,William E. Spidal,0
Linn,45,Governor,,REP,Gordon Leitch,1
Linn,45,Governor,,REP,Write-ins,2
Linn,45,Governor,,REP,Over Votes,0
Linn,45,Governor,,REP,Under Votes,12
Linn,46,Governor,,REP,Kevin Mannix,56
Linn,46,Governor,,REP,W. Ames Curtright,1
Linn,46,Governor,,REP,David W. Beem,0
Linn,46,Governor,,REP,Bob Leonard Forthan,0
Linn,46,Governor,,REP,Jason A. Atkinson,22
Linn,46,Governor,,REP,Ron Saxton,93
Linn,46,Governor,,REP,William E. Spidal,1
Linn,46,Governor,,REP,Gordon Leitch,2
Linn,46,Governor,,REP,Write-ins,1
Linn,46,Governor,,REP,Over Votes,0
Linn,46,Governor,,REP,Under Votes,11
Linn,47,Governor,,REP,Kevin Mannix,12
Linn,47,Governor,,REP,W. Ames Curtright,4
Linn,47,Governor,,REP,David W. Beem,0
Linn,47,Governor,,REP,Bob Leonard Forthan,0
Linn,47,Governor,,REP,Jason A. Atkinson,11
Linn,47,Governor,,REP,Ron Saxton,23
Linn,47,Governor,,REP,William E. Spidal,1
Linn,47,Governor,,REP,Gordon Leitch,0
Linn,47,Governor,,REP,Write-ins,0
Linn,47,Governor,,REP,Over Votes,0
Linn,47,Governor,,REP,Under Votes,1
Linn,49,Governor,,REP,Kevin Mannix,5
Linn,49,Governor,,REP,W. Ames Curtright,0
Linn,49,Governor,,REP,David W. Beem,0
Linn,49,Governor,,REP,Bob Leonard Forthan,0
Linn,49,Governor,,REP,Jason A. Atkinson,1
Linn,49,Governor,,REP,Ron Saxton,0
Linn,49,Governor,,REP,William E. Spidal,0
Linn,49,Governor,,REP,Gordon Leitch,0
Linn,49,Governor,,REP,Write-ins,0
Linn,49,Governor,,REP,Over Votes,0
Linn,49,Governor,,REP,Under Votes,0
Linn,51,Governor,,REP,Kevin Mannix,64
Linn,51,Governor,,REP,W. Ames Curtright,1
Linn,51,Governor,,REP,David W. Beem,1
Linn,51,Governor,,REP,Bob Leonard Forthan,0
Linn,51,Governor,,REP,Jason A. Atkinson,32
Linn,51,Governor,,REP,Ron Saxton,77
Linn,51,Governor,,REP,William E. Spidal,0
Linn,51,Governor,,REP,Gordon Leitch,1
Linn,51,Governor,,REP,Write-ins,0
Linn,51,Governor,,REP,Over Votes,0
Linn,51,Governor,,REP,Under Votes,13
Linn,52,Governor,,REP,Kevin Mannix,23
Linn,52,Governor,,REP,W. Ames Curtright,0
Linn,52,Governor,,REP,David W. Beem,0
Linn,52,Governor,,REP,Bob Leonard Forthan,0
Linn,52,Governor,,REP,Jason A. Atkinson,9
Linn,52,Governor,,REP,Ron Saxton,16
Linn,52,Governor,,REP,William E. Spidal,0
Linn,52,Governor,,REP,Gordon Leitch,1
Linn,52,Governor,,REP,Write-ins,0
Linn,52,Governor,,REP,Over Votes,0
Linn,52,Governor,,REP,Under Votes,1
Linn,53,Governor,,REP,Kevin Mannix,35
Linn,53,Governor,,REP,W. Ames Curtright,5
Linn,53,Governor,,REP,David W. Beem,1
Linn,53,Governor,,REP,Bob Leonard Forthan,0
Linn,53,Governor,,REP,Jason A. Atkinson,44
Linn,53,Governor,,REP,Ron Saxton,85
Linn,53,Governor,,REP,William E. Spidal,0
Linn,53,Governor,,REP,Gordon Leitch,1
Linn,53,Governor,,REP,Write-ins,1
Linn,53,Governor,,REP,Over Votes,0
Linn,53,Governor,,REP,Under Votes,2
Linn,54,Governor,,REP,Kevin Mannix,29
Linn,54,Governor,,REP,W. Ames Curtright,2
Linn,54,Governor,,REP,David W. Beem,0
Linn,54,Governor,,REP,Bob Leonard Forthan,0
Linn,54,Governor,,REP,Jason A. Atkinson,19
Linn,54,Governor,,REP,Ron Saxton,53
Linn,54,Governor,,REP,William E. Spidal,0
Linn,54,Governor,,REP,Gordon Leitch,0
Linn,54,Governor,,REP,Write-ins,0
Linn,54,Governor,,REP,Over Votes,1
Linn,54,Governor,,REP,Under Votes,2
Linn,55,Governor,,REP,Kevin Mannix,41
Linn,55,Governor,,REP,W. Ames Curtright,2
Linn,55,Governor,,REP,David W. Beem,0
Linn,55,Governor,,REP,Bob Leonard Forthan,0
Linn,55,Governor,,REP,Jason A. Atkinson,22
Linn,55,Governor,,REP,Ron Saxton,42
Linn,55,Governor,,REP,William E. Spidal,1
Linn,55,Governor,,REP,Gordon Leitch,0
Linn,55,Governor,,REP,Write-ins,0
Linn,55,Governor,,REP,Over Votes,0
Linn,55,Governor,,REP,Under Votes,1
Linn,56,Governor,,REP,Kevin Mannix,55
Linn,56,Governor,,REP,W. Ames Curtright,1
Linn,56,Governor,,REP,David W. Beem,2
Linn,56,Governor,,REP,Bob Leonard Forthan,1
Linn,56,Governor,,REP,Jason A. Atkinson,24
Linn,56,Governor,,REP,Ron Saxton,46
Linn,56,Governor,,REP,William E. Spidal,1
Linn,56,Governor,,REP,Gordon Leitch,0
Linn,56,Governor,,REP,Write-ins,1
Linn,56,Governor,,REP,Over Votes,0
Linn,56,Governor,,REP,Under Votes,2
Linn,57,Governor,,REP,Kevin Mannix,17
Linn,57,Governor,,REP,W. Ames Curtright,2
Linn,57,Governor,,REP,David W. Beem,0
Linn,57,Governor,,REP,Bob Leonard Forthan,0
Linn,57,Governor,,REP,Jason A. Atkinson,6
Linn,57,Governor,,REP,Ron Saxton,22
Linn,57,Governor,,REP,William E. Spidal,0
Linn,57,Governor,,REP,Gordon Leitch,0
Linn,57,Governor,,REP,Write-ins,0
Linn,57,Governor,,REP,Over Votes,0
Linn,57,Governor,,REP,Under Votes,2
Linn,62,Governor,,REP,Kevin Mannix,246
Linn,62,Governor,,REP,W. Ames Curtright,17
Linn,62,Governor,,REP,David W. Beem,8
Linn,62,Governor,,REP,Bob Leonard Forthan,6
Linn,62,Governor,,REP,Jason A. Atkinson,92
Linn,62,Governor,,REP,Ron Saxton,281
Linn,62,Governor,,REP,William E. Spidal,6
Linn,62,Governor,,REP,Gordon Leitch,13
Linn,62,Governor,,REP,Write-ins,8
Linn,62,Governor,,REP,Over Votes,2
Linn,62,Governor,,REP,Under Votes,59
Linn,63,Governor,,REP,Kevin Mannix,106
Linn,63,Governor,,REP,W. Ames Curtright,6
Linn,63,Governor,,REP,David W. Beem,1
Linn,63,Governor,,REP,Bob Leonard Forthan,2
Linn,63,Governor,,REP,Jason A. Atkinson,67
Linn,63,Governor,,REP,Ron Saxton,224
Linn,63,Governor,,REP,William E. Spidal,0
Linn,63,Governor,,REP,Gordon Leitch,2
Linn,63,Governor,,REP,Write-ins,1
Linn,63,Governor,,REP,Over Votes,1
Linn,63,Governor,,REP,Under Votes,28
Linn,65,Governor,,REP,Kevin Mannix,0
Linn,65,Governor,,REP,W. Ames Curtright,0
Linn,65,Governor,,REP,David W. Beem,1
Linn,65,Governor,,REP,Bob Leonard Forthan,0
Linn,65,Governor,,REP,Jason A. Atkinson,4
Linn,65,Governor,,REP,Ron Saxton,8
Linn,65,Governor,,REP,William E. Spidal,0
Linn,65,Governor,,REP,Gordon Leitch,0
Linn,65,Governor,,REP,Write-ins,0
Linn,65,Governor,,REP,Over Votes,0
Linn,65,Governor,,REP,Under Votes,0
Linn,66,Governor,,REP,Kevin Mannix,11
Linn,66,Governor,,REP,W. Ames Curtright,3
Linn,66,Governor,,REP,David W. Beem,0
Linn,66,Governor,,REP,Bob Leonard Forthan,1
Linn,66,Governor,,REP,Jason A. Atkinson,8
Linn,66,Governor,,REP,Ron Saxton,32
Linn,66,Governor,,REP,William E. Spidal,0
Linn,66,Governor,,REP,Gordon Leitch,1
Linn,66,Governor,,REP,Write-ins,0
Linn,66,Governor,,REP,Over Votes,0
Linn,66,Governor,,REP,Under Votes,2
Linn,70,Governor,,REP,Kevin Mannix,68
Linn,70,Governor,,REP,W. Ames Curtright,6
Linn,70,Governor,,REP,David W. Beem,3
Linn,70,Governor,,REP,Bob Leonard Forthan,3
Linn,70,Governor,,REP,Jason A. Atkinson,37
Linn,70,Governor,,REP,Ron Saxton,102
Linn,70,Governor,,REP,William E. Spidal,1
Linn,70,Governor,,REP,Gordon Leitch,2
Linn,70,Governor,,REP,Write-ins,1
Linn,70,Governor,,REP,Over Votes,1
Linn,70,Governor,,REP,Under Votes,22
Linn,73,Governor,,REP,Kevin Mannix,37
Linn,73,Governor,,REP,W. Ames Curtright,3
Linn,73,Governor,,REP,David W. Beem,1
Linn,73,Governor,,REP,Bob Leonard Forthan,0
Linn,73,Governor,,REP,Jason A. Atkinson,18
Linn,73,Governor,,REP,Ron Saxton,93
Linn,73,Governor,,REP,William E. Spidal,3
Linn,73,Governor,,REP,Gordon Leitch,0
Linn,73,Governor,,REP,Write-ins,1
Linn,73,Governor,,REP,Over Votes,0
Linn,73,Governor,,REP,Under Votes,4
Linn,75,Governor,,REP,Kevin Mannix,44
Linn,75,Governor,,REP,W. Ames Curtright,4
Linn,75,Governor,,REP,David W. Beem,0
Linn,75,Governor,,REP,Bob Leonard Forthan,0
Linn,75,Governor,,REP,Jason A. Atkinson,33
Linn,75,Governor,,REP,Ron Saxton,88
Linn,75,Governor,,REP,William E. Spidal,1
Linn,75,Governor,,REP,Gordon Leitch,2
Linn,75,Governor,,REP,Write-ins,0
Linn,75,Governor,,REP,Over Votes,0
Linn,75,Governor,,REP,Under Votes,12
Linn,77,Governor,,REP,Kevin Mannix,15
Linn,77,Governor,,REP,W. Ames Curtright,3
Linn,77,Governor,,REP,David W. Beem,2
Linn,77,Governor,,REP,Bob Leonard Forthan,1
Linn,77,Governor,,REP,Jason A. Atkinson,8
Linn,77,Governor,,REP,Ron Saxton,28
Linn,77,Governor,,REP,William E. Spidal,1
Linn,77,Governor,,REP,Gordon Leitch,1
Linn,77,Governor,,REP,Write-ins,2
Linn,77,Governor,,REP,Over Votes,0
Linn,77,Governor,,REP,Under Votes,7
Linn,78,Governor,,REP,Kevin Mannix,45
Linn,78,Governor,,REP,W. Ames Curtright,3
Linn,78,Governor,,REP,David W. Beem,1
Linn,78,Governor,,REP,Bob Leonard Forthan,0
Linn,78,Governor,,REP,Jason A. Atkinson,20
Linn,78,Governor,,REP,Ron Saxton,58
Linn,78,Governor,,REP,William E. Spidal,2
Linn,78,Governor,,REP,Gordon Leitch,0
Linn,78,Governor,,REP,Write-ins,0
Linn,78,Governor,,REP,Over Votes,1
Linn,78,Governor,,REP,Under Votes,9
Linn,79,Governor,,REP,Kevin Mannix,77
Linn,79,Governor,,REP,W. Ames Curtright,8
Linn,79,Governor,,REP,David W. Beem,1
Linn,79,Governor,,REP,Bob Leonard Forthan,1
Linn,79,Governor,,REP,Jason A. Atkinson,33
Linn,79,Governor,,REP,Ron Saxton,157
Linn,79,Governor,,REP,William E. Spidal,2
Linn,79,Governor,,REP,Gordon Leitch,1
Linn,79,Governor,,REP,Write-ins,4
Linn,79,Governor,,REP,Over Votes,0
Linn,79,Governor,,REP,Under Votes,18
Linn,86,Governor,,REP,Kevin Mannix,57
Linn,86,Governor,,REP,W. Ames Curtright,7
Linn,86,Governor,,REP,David W. Beem,1
Linn,86,Governor,,REP,Bob Leonard Forthan,0
Linn,86,Governor,,REP,Jason A. Atkinson,48
Linn,86,Governor,,REP,Ron Saxton,112
Linn,86,Governor,,REP,William E. Spidal,1
Linn,86,Governor,,REP,Gordon Leitch,3
Linn,86,Governor,,REP,Write-ins,2
Linn,86,Governor,,REP,Over Votes,0
Linn,86,Governor,,REP,Under Votes,19
Linn,91,Governor,,REP,Kevin Mannix,72
Linn,91,Governor,,REP,W. Ames Curtright,10
Linn,91,Governor,,REP,David W. Beem,2
Linn,91,Governor,,REP,Bob Leonard Forthan,0
Linn,91,Governor,,REP,Jason A. Atkinson,33
Linn,91,Governor,,REP,Ron Saxton,152
Linn,91,Governor,,REP,William E. Spidal,2
Linn,91,Governor,,REP,Gordon Leitch,2
Linn,91,Governor,,REP,Write-ins,4
Linn,91,Governor,,REP,Over Votes,0
Linn,91,Governor,,REP,Under Votes,26
Linn,97,Governor,,REP,Kevin Mannix,111
Linn,97,Governor,,REP,W. Ames Curtright,5
Linn,97,Governor,,REP,David W. Beem,0
Linn,97,Governor,,REP,Bob Leonard Forthan,0
Linn,97,Governor,,REP,Jason A. Atkinson,51
Linn,97,Governor,,REP,Ron Saxton,186
Linn,97,Governor,,REP,William E. Spidal,4
Linn,97,Governor,,REP,Gordon Leitch,2
Linn,97,Governor,,REP,Write-ins,4
Linn,97,Governor,,REP,Over Votes,0
Linn,97,Governor,,REP,Under Votes,23
Linn,99,Governor,,REP,Kevin Mannix,22
Linn,99,Governor,,REP,W. Ames Curtright,0
Linn,99,Governor,,REP,David W. Beem,2
Linn,99,Governor,,REP,Bob Leonard Forthan,0
Linn,99,Governor,,REP,Jason A. Atkinson,16
Linn,99,Governor,,REP,Ron Saxton,35
Linn,99,Governor,,REP,William E. Spidal,0
Linn,99,Governor,,REP,Gordon Leitch,0
Linn,99,Governor,,REP,Write-ins,0
Linn,99,Governor,,REP,Over Votes,0
Linn,99,Governor,,REP,Under Votes,2
Linn,100,Governor,,REP,Kevin Mannix,224
Linn,100,Governor,,REP,W. Ames Curtright,20
Linn,100,Governor,,REP,David W. Beem,6
Linn,100,Governor,,REP,Bob Leonard Forthan,1
Linn,100,Governor,,REP,Jason A. Atkinson,108
Linn,100,Governor,,REP,Ron Saxton,419
Linn,100,Governor,,REP,William E. Spidal,3
Linn,100,Governor,,REP,Gordon Leitch,10
Linn,100,Governor,,REP,Write-ins,5
Linn,100,Governor,,REP,Over Votes,1
Linn,100,Governor,,REP,Under Votes,51
Linn,101,Governor,,REP,Kevin Mannix,32
Linn,101,Governor,,REP,W. Ames Curtright,1
Linn,101,Governor,,REP,David W. Beem,0
Linn,101,Governor,,REP,Bob Leonard Forthan,2
Linn,101,Governor,,REP,Jason A. Atkinson,19
Linn,101,Governor,,REP,Ron Saxton,36
Linn,101,Governor,,REP,William E. Spidal,0
Linn,101,Governor,,REP,Gordon Leitch,1
Linn,101,Governor,,REP,Write-ins,0
Linn,101,Governor,,REP,Over Votes,1
Linn,101,Governor,,REP,Under Votes,1
Linn,103,Governor,,REP,Kevin Mannix,68
Linn,103,Governor,,REP,W. Ames Curtright,5
Linn,103,Governor,,REP,David W. Beem,1
Linn,103,Governor,,REP,Bob Leonard Forthan,0
Linn,103,Governor,,REP,Jason A. Atkinson,37
Linn,103,Governor,,REP,Ron Saxton,80
Linn,103,Governor,,REP,William E. Spidal,0
Linn,103,Governor,,REP,Gordon Leitch,3
Linn,103,Governor,,REP,Write-ins,1
Linn,103,Governor,,REP,Over Votes,0
Linn,103,Governor,,REP,Under Votes,7
Linn,104,Governor,,REP,Kevin Mannix,22
Linn,104,Governor,,REP,W. Ames Curtright,3
Linn,104,Governor,,REP,David W. Beem,0
Linn,104,Governor,,REP,Bob Leonard Forthan,1
Linn,104,Governor,,REP,Jason A. Atkinson,26
Linn,104,Governor,,REP,Ron Saxton,55
Linn,104,Governor,,REP,William E. Spidal,2
Linn,104,Governor,,REP,Gordon Leitch,1
Linn,104,Governor,,REP,Write-ins,2
Linn,104,Governor,,REP,Over Votes,0
Linn,104,Governor,,REP,Under Votes,8
Linn,107,Governor,,REP,Kevin Mannix,198
Linn,107,Governor,,REP,W. Ames Curtright,18
Linn,107,Governor,,REP,David W. Beem,5
Linn,107,Governor,,REP,Bob Leonard Forthan,0
Linn,107,Governor,,REP,Jason A. Atkinson,127
Linn,107,Governor,,REP,Ron Saxton,433
Linn,107,Governor,,REP,William E. Spidal,7
Linn,107,Governor,,REP,Gordon Leitch,8
Linn,107,Governor,,REP,Write-ins,4
Linn,107,Governor,,REP,Over Votes,2
Linn,107,Governor,,REP,Under Votes,84
Linn,108,Governor,,REP,Kevin Mannix,148
Linn,108,Governor,,REP,W. Ames Curtright,14
Linn,108,Governor,,REP,David W. Beem,3
Linn,108,Governor,,REP,Bob Leonard Forthan,0
Linn,108,Governor,,REP,Jason A. Atkinson,78
Linn,108,Governor,,REP,Ron Saxton,212
Linn,108,Governor,,REP,William E. Spidal,3
Linn,108,Governor,,REP,Gordon Leitch,1
Linn,108,Governor,,REP,Write-ins,8
Linn,108,Governor,,REP,Over Votes,1
Linn,108,Governor,,REP,Under Votes,29
Linn,1,"Judge of the Circuit Court, 23rd District, Position 2",,,Rick J. McCormick,1342
Linn,1,"Judge of the Circuit Court, 23rd District, Position 2",,,Write-ins,6
Linn,1,"Judge of the Circuit Court, 23rd District, Position 2",,,Over Votes,0
Linn,1,"Judge of the Circuit Court, 23rd District, Position 2",,,Under Votes,749
Linn,18,"Judge of the Circuit Court, 23rd District, Position 2",,,Rick J. McCormick,972
Linn,18,"Judge of the Circuit Court, 23rd District, Position 2",,,Write-ins,12
Linn,18,"Judge of the Circuit Court, 23rd District, Position 2",,,Over Votes,0
Linn,18,"Judge of the Circuit Court, 23rd District, Position 2",,,Under Votes,610
Linn,19,"Judge of the Circuit Court, 23rd District, Position 2",,,Rick J. McCormick,244
Linn,19,"Judge of the Circuit Court, 23rd District, Position 2",,,Write-ins,2
Linn,19,"Judge of the Circuit Court, 23rd District, Position 2",,,Over Votes,0
Linn,19,"Judge of the Circuit Court, 23rd District, Position 2",,,Under Votes,175
Linn,20,"Judge of the Circuit Court, 23rd District, Position 2",,,Rick J. McCormick,122
Linn,20,"Judge of the Circuit Court, 23rd District, Position 2",,,Write-ins,1
Linn,20,"Judge of the Circuit Court, 23rd District, Position 2",,,Over Votes,0
Linn,20,"Judge of the Circuit Court, 23rd District, Position 2",,,Under Votes,94
Linn,21,"Judge of the Circuit Court, 23rd District, Position 2",,,Rick J. McCormick,95
Linn,21,"Judge of the Circuit Court, 23rd District, Position 2",,,Write-ins,0
Linn,21,"Judge of the Circuit Court, 23rd District, Position 2",,,Over Votes,0
Linn,21,"Judge of the Circuit Court, 23rd District, Position 2",,,Under Votes,74
Linn,22,"Judge of the Circuit Court, 23rd District, Position 2",,,Rick J. McCormick,6
Linn,22,"Judge of the Circuit Court, 23rd District, Position 2",,,Write-ins,1
Linn,22,"Judge of the Circuit Court, 23rd District, Position 2",,,Over Votes,0
Linn,22,"Judge of the Circuit Court, 23rd District, Position 2",,,Under Votes,7
Linn,23,"Judge of the Circuit Court, 23rd District, Position 2",,,Rick J. McCormick,226
Linn,23,"Judge of the Circuit Court, 23rd District, Position 2",,,Write-ins,2
Linn,23,"Judge of the Circuit Court, 23rd District, Position 2",,,Over Votes,0
Linn,23,"Judge of the Circuit Court, 23rd District, Position 2",,,Under Votes,203
Linn,26,"Judge of the Circuit Court, 23rd District, Position 2",,,Rick J. McCormick,59
Linn,26,"Judge of the Circuit Court, 23rd District, Position 2",,,Write-ins,0
Linn,26,"Judge of the Circuit Court, 23rd District, Position 2",,,Over Votes,0
Linn,26,"Judge of the Circuit Court, 23rd District, Position 2",,,Under Votes,50
Linn,27,"Judge of the Circuit Court, 23rd District, Position 2",,,Rick J. McCormick,82
Linn,27,"Judge of the Circuit Court, 23rd District, Position 2",,,Write-ins,0
Linn,27,"Judge of the Circuit Court, 23rd District, Position 2",,,Over Votes,0
Linn,27,"Judge of the Circuit Court, 23rd District, Position 2",,,Under Votes,103
Linn,28,"Judge of the Circuit Court, 23rd District, Position 2",,,Rick J. McCormick,139
Linn,28,"Judge of the Circuit Court, 23rd District, Position 2",,,Write-ins,0
Linn,28,"Judge of the Circuit Court, 23rd District, Position 2",,,Over Votes,0
Linn,28,"Judge of the Circuit Court, 23rd District, Position 2",,,Under Votes,81
Linn,29,"Judge of the Circuit Court, 23rd District, Position 2",,,Rick J. McCormick,407
Linn,29,"Judge of the Circuit Court, 23rd District, Position 2",,,Write-ins,3
Linn,29,"Judge of the Circuit Court, 23rd District, Position 2",,,Over Votes,0
Linn,29,"Judge of the Circuit Court, 23rd District, Position 2",,,Under Votes,406
Linn,30,"Judge of the Circuit Court, 23rd District, Position 2",,,Rick J. McCormick,45
Linn,30,"Judge of the Circuit Court, 23rd District, Position 2",,,Write-ins,0
Linn,30,"Judge of the Circuit Court, 23rd District, Position 2",,,Over Votes,0
Linn,30,"Judge of the Circuit Court, 23rd District, Position 2",,,Under Votes,39
Linn,31,"Judge of the Circuit Court, 23rd District, Position 2",,,Rick J. McCormick,211
Linn,31,"Judge of the Circuit Court, 23rd District, Position 2",,,Write-ins,1
Linn,31,"Judge of the Circuit Court, 23rd District, Position 2",,,Over Votes,0
Linn,31,"Judge of the Circuit Court, 23rd District, Position 2",,,Under Votes,177
Linn,32,"Judge of the Circuit Court, 23rd District, Position 2",,,Rick J. McCormick,121
Linn,32,"Judge of the Circuit Court, 23rd District, Position 2",,,Write-ins,0
Linn,32,"Judge of the Circuit Court, 23rd District, Position 2",,,Over Votes,0
Linn,32,"Judge of the Circuit Court, 23rd District, Position 2",,,Under Votes,130
Linn,34,"Judge of the Circuit Court, 23rd District, Position 2",,,Rick J. McCormick,83
Linn,34,"Judge of the Circuit Court, 23rd District, Position 2",,,Write-ins,0
Linn,34,"Judge of the Circuit Court, 23rd District, Position 2",,,Over Votes,0
Linn,34,"Judge of the Circuit Court, 23rd District, Position 2",,,Under Votes,79
Linn,35,"Judge of the Circuit Court, 23rd District, Position 2",,,Rick J. McCormick,281
Linn,35,"Judge of the Circuit Court, 23rd District, Position 2",,,Write-ins,3
Linn,35,"Judge of the Circuit Court, 23rd District, Position 2",,,Over Votes,0
Linn,35,"Judge of the Circuit Court, 23rd District, Position 2",,,Under Votes,242
Linn,37,"Judge of the Circuit Court, 23rd District, Position 2",,,Rick J. McCormick,544
Linn,37,"Judge of the Circuit Court, 23rd District, Position 2",,,Write-ins,3
Linn,37,"Judge of the Circuit Court, 23rd District, Position 2",,,Over Votes,0
Linn,37,"Judge of the Circuit Court, 23rd District, Position 2",,,Under Votes,397
Linn,40,"Judge of the Circuit Court, 23rd District, Position 2",,,Rick J. McCormick,2
Linn,40,"Judge of the Circuit Court, 23rd District, Position 2",,,Write-ins,0
Linn,40,"Judge of the Circuit Court, 23rd District, Position 2",,,Over Votes,0
Linn,40,"Judge of the Circuit Court, 23rd District, Position 2",,,Under Votes,0
Linn,43,"Judge of the Circuit Court, 23rd District, Position 2",,,Rick J. McCormick,123
Linn,43,"Judge of the Circuit Court, 23rd District, Position 2",,,Write-ins,0
Linn,43,"Judge of the Circuit Court, 23rd District, Position 2",,,Over Votes,0
Linn,43,"Judge of the Circuit Court, 23rd District, Position 2",,,Under Votes,108
Linn,44,"Judge of the Circuit Court, 23rd District, Position 2",,,Rick J. McCormick,177
Linn,44,"Judge of the Circuit Court, 23rd District, Position 2",,,Write-ins,1
Linn,44,"Judge of the Circuit Court, 23rd District, Position 2",,,Over Votes,0
Linn,44,"Judge of the Circuit Court, 23rd District, Position 2",,,Under Votes,158
Linn,45,"Judge of the Circuit Court, 23rd District, Position 2",,,Rick J. McCormick,213
Linn,45,"Judge of the Circuit Court, 23rd District, Position 2",,,Write-ins,2
Linn,45,"Judge of the Circuit Court, 23rd District, Position 2",,,Over Votes,0
Linn,45,"Judge of the Circuit Court, 23rd District, Position 2",,,Under Votes,162
Linn,46,"Judge of the Circuit Court, 23rd District, Position 2",,,Rick J. McCormick,238
Linn,46,"Judge of the Circuit Court, 23rd District, Position 2",,,Write-ins,3
Linn,46,"Judge of the Circuit Court, 23rd District, Position 2",,,Over Votes,0
Linn,46,"Judge of the Circuit Court, 23rd District, Position 2",,,Under Votes,145
Linn,47,"Judge of the Circuit Court, 23rd District, Position 2",,,Rick J. McCormick,57
Linn,47,"Judge of the Circuit Court, 23rd District, Position 2",,,Write-ins,0
Linn,47,"Judge of the Circuit Court, 23rd District, Position 2",,,Over Votes,0
Linn,47,"Judge of the Circuit Court, 23rd District, Position 2",,,Under Votes,70
Linn,49,"Judge of the Circuit Court, 23rd District, Position 2",,,Rick J. McCormick,7
Linn,49,"Judge of the Circuit Court, 23rd District, Position 2",,,Write-ins,0
Linn,49,"Judge of the Circuit Court, 23rd District, Position 2",,,Over Votes,0
Linn,49,"Judge of the Circuit Court, 23rd District, Position 2",,,Under Votes,6
Linn,51,"Judge of the Circuit Court, 23rd District, Position 2",,,Rick J. McCormick,178
Linn,51,"Judge of the Circuit Court, 23rd District, Position 2",,,Write-ins,0
Linn,51,"Judge of the Circuit Court, 23rd District, Position 2",,,Over Votes,0
Linn,51,"Judge of the Circuit Court, 23rd District, Position 2",,,Under Votes,154
Linn,52,"Judge of the Circuit Court, 23rd District, Position 2",,,Rick J. McCormick,52
Linn,52,"Judge of the Circuit Court, 23rd District, Position 2",,,Write-ins,0
Linn,52,"Judge of the Circuit Court, 23rd District, Position 2",,,Over Votes,0
Linn,52,"Judge of the Circuit Court, 23rd District, Position 2",,,Under Votes,51
Linn,53,"Judge of the Circuit Court, 23rd District, Position 2",,,Rick J. McCormick,178
Linn,53,"Judge of the Circuit Court, 23rd District, Position 2",,,Write-ins,2
Linn,53,"Judge of the Circuit Court, 23rd District, Position 2",,,Over Votes,0
Linn,53,"Judge of the Circuit Court, 23rd District, Position 2",,,Under Votes,131
Linn,54,"Judge of the Circuit Court, 23rd District, Position 2",,,Rick J. McCormick,88
Linn,54,"Judge of the Circuit Court, 23rd District, Position 2",,,Write-ins,1
Linn,54,"Judge of the Circuit Court, 23rd District, Position 2",,,Over Votes,0
Linn,54,"Judge of the Circuit Court, 23rd District, Position 2",,,Under Votes,88
Linn,55,"Judge of the Circuit Court, 23rd District, Position 2",,,Rick J. McCormick,107
Linn,55,"Judge of the Circuit Court, 23rd District, Position 2",,,Write-ins,0
Linn,55,"Judge of the Circuit Court, 23rd District, Position 2",,,Over Votes,0
Linn,55,"Judge of the Circuit Court, 23rd District, Position 2",,,Under Votes,103
Linn,56,"Judge of the Circuit Court, 23rd District, Position 2",,,Rick J. McCormick,137
Linn,56,"Judge of the Circuit Court, 23rd District, Position 2",,,Write-ins,2
Linn,56,"Judge of the Circuit Court, 23rd District, Position 2",,,Over Votes,0
Linn,56,"Judge of the Circuit Court, 23rd District, Position 2",,,Under Votes,137
Linn,57,"Judge of the Circuit Court, 23rd District, Position 2",,,Rick J. McCormick,73
Linn,57,"Judge of the Circuit Court, 23rd District, Position 2",,,Write-ins,0
Linn,57,"Judge of the Circuit Court, 23rd District, Position 2",,,Over Votes,0
Linn,57,"Judge of the Circuit Court, 23rd District, Position 2",,,Under Votes,35
Linn,62,"Judge of the Circuit Court, 23rd District, Position 2",,,Rick J. McCormick,1030
Linn,62,"Judge of the Circuit Court, 23rd District, Position 2",,,Write-ins,11
Linn,62,"Judge of the Circuit Court, 23rd District, Position 2",,,Over Votes,0
Linn,62,"Judge of the Circuit Court, 23rd District, Position 2",,,Under Votes,761
Linn,63,"Judge of the Circuit Court, 23rd District, Position 2",,,Rick J. McCormick,459
Linn,63,"Judge of the Circuit Court, 23rd District, Position 2",,,Write-ins,1
Linn,63,"Judge of the Circuit Court, 23rd District, Position 2",,,Over Votes,0
Linn,63,"Judge of the Circuit Court, 23rd District, Position 2",,,Under Votes,397
Linn,65,"Judge of the Circuit Court, 23rd District, Position 2",,,Rick J. McCormick,17
Linn,65,"Judge of the Circuit Court, 23rd District, Position 2",,,Write-ins,0
Linn,65,"Judge of the Circuit Court, 23rd District, Position 2",,,Over Votes,0
Linn,65,"Judge of the Circuit Court, 23rd District, Position 2",,,Under Votes,6
Linn,66,"Judge of the Circuit Court, 23rd District, Position 2",,,Rick J. McCormick,66
Linn,66,"Judge of the Circuit Court, 23rd District, Position 2",,,Write-ins,2
Linn,66,"Judge of the Circuit Court, 23rd District, Position 2",,,Over Votes,0
Linn,66,"Judge of the Circuit Court, 23rd District, Position 2",,,Under Votes,45
Linn,70,"Judge of the Circuit Court, 23rd District, Position 2",,,Rick J. McCormick,307
Linn,70,"Judge of the Circuit Court, 23rd District, Position 2",,,Write-ins,2
Linn,70,"Judge of the Circuit Court, 23rd District, Position 2",,,Over Votes,0
Linn,70,"Judge of the Circuit Court, 23rd District, Position 2",,,Under Votes,259
Linn,73,"Judge of the Circuit Court, 23rd District, Position 2",,,Rick J. McCormick,174
Linn,73,"Judge of the Circuit Court, 23rd District, Position 2",,,Write-ins,1
Linn,73,"Judge of the Circuit Court, 23rd District, Position 2",,,Over Votes,0
Linn,73,"Judge of the Circuit Court, 23rd District, Position 2",,,Under Votes,131
Linn,75,"Judge of the Circuit Court, 23rd District, Position 2",,,Rick J. McCormick,174
Linn,75,"Judge of the Circuit Court, 23rd District, Position 2",,,Write-ins,2
Linn,75,"Judge of the Circuit Court, 23rd District, Position 2",,,Over Votes,0
Linn,75,"Judge of the Circuit Court, 23rd District, Position 2",,,Under Votes,158
Linn,77,"Judge of the Circuit Court, 23rd District, Position 2",,,Rick J. McCormick,95
Linn,77,"Judge of the Circuit Court, 23rd District, Position 2",,,Write-ins,2
Linn,77,"Judge of the Circuit Court, 23rd District, Position 2",,,Over Votes,0
Linn,77,"Judge of the Circuit Court, 23rd District, Position 2",,,Under Votes,71
Linn,78,"Judge of the Circuit Court, 23rd District, Position 2",,,Rick J. McCormick,189
Linn,78,"Judge of the Circuit Court, 23rd District, Position 2",,,Write-ins,0
Linn,78,"Judge of the Circuit Court, 23rd District, Position 2",,,Over Votes,0
Linn,78,"Judge of the Circuit Court, 23rd District, Position 2",,,Under Votes,110
Linn,79,"Judge of the Circuit Court, 23rd District, Position 2",,,Rick J. McCormick,471
Linn,79,"Judge of the Circuit Court, 23rd District, Position 2",,,Write-ins,3
Linn,79,"Judge of the Circuit Court, 23rd District, Position 2",,,Over Votes,0
Linn,79,"Judge of the Circuit Court, 23rd District, Position 2",,,Under Votes,281
Linn,86,"Judge of the Circuit Court, 23rd District, Position 2",,,Rick J. McCormick,279
Linn,86,"Judge of the Circuit Court, 23rd District, Position 2",,,Write-ins,1
Linn,86,"Judge of the Circuit Court, 23rd District, Position 2",,,Over Votes,0
Linn,86,"Judge of the Circuit Court, 23rd District, Position 2",,,Under Votes,231
Linn,91,"Judge of the Circuit Court, 23rd District, Position 2",,,Rick J. McCormick,492
Linn,91,"Judge of the Circuit Court, 23rd District, Position 2",,,Write-ins,6
Linn,91,"Judge of the Circuit Court, 23rd District, Position 2",,,Over Votes,0
Linn,91,"Judge of the Circuit Court, 23rd District, Position 2",,,Under Votes,326
Linn,97,"Judge of the Circuit Court, 23rd District, Position 2",,,Rick J. McCormick,452
Linn,97,"Judge of the Circuit Court, 23rd District, Position 2",,,Write-ins,2
Linn,97,"Judge of the Circuit Court, 23rd District, Position 2",,,Over Votes,0
Linn,97,"Judge of the Circuit Court, 23rd District, Position 2",,,Under Votes,301
Linn,99,"Judge of the Circuit Court, 23rd District, Position 2",,,Rick J. McCormick,89
Linn,99,"Judge of the Circuit Court, 23rd District, Position 2",,,Write-ins,0
Linn,99,"Judge of the Circuit Court, 23rd District, Position 2",,,Over Votes,0
Linn,99,"Judge of the Circuit Court, 23rd District, Position 2",,,Under Votes,76
Linn,100,"Judge of the Circuit Court, 23rd District, Position 2",,,Rick J. McCormick,1207
Linn,100,"Judge of the Circuit Court, 23rd District, Position 2",,,Write-ins,17
Linn,100,"Judge of the Circuit Court, 23rd District, Position 2",,,Over Votes,0
Linn,100,"Judge of the Circuit Court, 23rd District, Position 2",,,Under Votes,708
Linn,101,"Judge of the Circuit Court, 23rd District, Position 2",,,Rick J. McCormick,105
Linn,101,"Judge of the Circuit Court, 23rd District, Position 2",,,Write-ins,4
Linn,101,"Judge of the Circuit Court, 23rd District, Position 2",,,Over Votes,0
Linn,101,"Judge of the Circuit Court, 23rd District, Position 2",,,Under Votes,93
Linn,103,"Judge of the Circuit Court, 23rd District, Position 2",,,Rick J. McCormick,175
Linn,103,"Judge of the Circuit Court, 23rd District, Position 2",,,Write-ins,5
Linn,103,"Judge of the Circuit Court, 23rd District, Position 2",,,Over Votes,0
Linn,103,"Judge of the Circuit Court, 23rd District, Position 2",,,Under Votes,177
Linn,104,"Judge of the Circuit Court, 23rd District, Position 2",,,Rick J. McCormick,143
Linn,104,"Judge of the Circuit Court, 23rd District, Position 2",,,Write-ins,2
Linn,104,"Judge of the Circuit Court, 23rd District, Position 2",,,Over Votes,0
Linn,104,"Judge of the Circuit Court, 23rd District, Position 2",,,Under Votes,110
Linn,107,"Judge of the Circuit Court, 23rd District, Position 2",,,Rick J. McCormick,1155
Linn,107,"Judge of the Circuit Court, 23rd District, Position 2",,,Write-ins,4
Linn,107,"Judge of the Circuit Court, 23rd District, Position 2",,,Over Votes,0
Linn,107,"Judge of the Circuit Court, 23rd District, Position 2",,,Under Votes,800
Linn,108,"Judge of the Circuit Court, 23rd District, Position 2",,,Rick J. McCormick,710
Linn,108,"Judge of the Circuit Court, 23rd District, Position 2",,,Write-ins,4
Linn,108,"Judge of the Circuit Court, 23rd District, Position 2",,,Over Votes,0
Linn,108,"Judge of the Circuit Court, 23rd District, Position 2",,,Under Votes,448
Linn,1,"Judge of the Circuit Court, 23rd District, Position 3",,,Daniel R. Murphy,1234
Linn,1,"Judge of the Circuit Court, 23rd District, Position 3",,,Write-ins,7
Linn,1,"Judge of the Circuit Court, 23rd District, Position 3",,,Over Votes,0
Linn,1,"Judge of the Circuit Court, 23rd District, Position 3",,,Under Votes,856
Linn,18,"Judge of the Circuit Court, 23rd District, Position 3",,,Daniel R. Murphy,938
Linn,18,"Judge of the Circuit Court, 23rd District, Position 3",,,Write-ins,9
Linn,18,"Judge of the Circuit Court, 23rd District, Position 3",,,Over Votes,0
Linn,18,"Judge of the Circuit Court, 23rd District, Position 3",,,Under Votes,647
Linn,19,"Judge of the Circuit Court, 23rd District, Position 3",,,Daniel R. Murphy,230
Linn,19,"Judge of the Circuit Court, 23rd District, Position 3",,,Write-ins,2
Linn,19,"Judge of the Circuit Court, 23rd District, Position 3",,,Over Votes,0
Linn,19,"Judge of the Circuit Court, 23rd District, Position 3",,,Under Votes,189
Linn,20,"Judge of the Circuit Court, 23rd District, Position 3",,,Daniel R. Murphy,111
Linn,20,"Judge of the Circuit Court, 23rd District, Position 3",,,Write-ins,1
Linn,20,"Judge of the Circuit Court, 23rd District, Position 3",,,Over Votes,0
Linn,20,"Judge of the Circuit Court, 23rd District, Position 3",,,Under Votes,105
Linn,21,"Judge of the Circuit Court, 23rd District, Position 3",,,Daniel R. Murphy,93
Linn,21,"Judge of the Circuit Court, 23rd District, Position 3",,,Write-ins,0
Linn,21,"Judge of the Circuit Court, 23rd District, Position 3",,,Over Votes,0
Linn,21,"Judge of the Circuit Court, 23rd District, Position 3",,,Under Votes,76
Linn,22,"Judge of the Circuit Court, 23rd District, Position 3",,,Daniel R. Murphy,6
Linn,22,"Judge of the Circuit Court, 23rd District, Position 3",,,Write-ins,0
Linn,22,"Judge of the Circuit Court, 23rd District, Position 3",,,Over Votes,0
Linn,22,"Judge of the Circuit Court, 23rd District, Position 3",,,Under Votes,8
Linn,23,"Judge of the Circuit Court, 23rd District, Position 3",,,Daniel R. Murphy,211
Linn,23,"Judge of the Circuit Court, 23rd District, Position 3",,,Write-ins,0
Linn,23,"Judge of the Circuit Court, 23rd District, Position 3",,,Over Votes,0
Linn,23,"Judge of the Circuit Court, 23rd District, Position 3",,,Under Votes,220
Linn,26,"Judge of the Circuit Court, 23rd District, Position 3",,,Daniel R. Murphy,54
Linn,26,"Judge of the Circuit Court, 23rd District, Position 3",,,Write-ins,0
Linn,26,"Judge of the Circuit Court, 23rd District, Position 3",,,Over Votes,0
Linn,26,"Judge of the Circuit Court, 23rd District, Position 3",,,Under Votes,55
Linn,27,"Judge of the Circuit Court, 23rd District, Position 3",,,Daniel R. Murphy,84
Linn,27,"Judge of the Circuit Court, 23rd District, Position 3",,,Write-ins,0
Linn,27,"Judge of the Circuit Court, 23rd District, Position 3",,,Over Votes,0
Linn,27,"Judge of the Circuit Court, 23rd District, Position 3",,,Under Votes,101
Linn,28,"Judge of the Circuit Court, 23rd District, Position 3",,,Daniel R. Murphy,137
Linn,28,"Judge of the Circuit Court, 23rd District, Position 3",,,Write-ins,0
Linn,28,"Judge of the Circuit Court, 23rd District, Position 3",,,Over Votes,0
Linn,28,"Judge of the Circuit Court, 23rd District, Position 3",,,Under Votes,83
Linn,29,"Judge of the Circuit Court, 23rd District, Position 3",,,Daniel R. Murphy,403
Linn,29,"Judge of the Circuit Court, 23rd District, Position 3",,,Write-ins,3
Linn,29,"Judge of the Circuit Court, 23rd District, Position 3",,,Over Votes,0
Linn,29,"Judge of the Circuit Court, 23rd District, Position 3",,,Under Votes,410
Linn,30,"Judge of the Circuit Court, 23rd District, Position 3",,,Daniel R. Murphy,44
Linn,30,"Judge of the Circuit Court, 23rd District, Position 3",,,Write-ins,0
Linn,30,"Judge of the Circuit Court, 23rd District, Position 3",,,Over Votes,0
Linn,30,"Judge of the Circuit Court, 23rd District, Position 3",,,Under Votes,40
Linn,31,"Judge of the Circuit Court, 23rd District, Position 3",,,Daniel R. Murphy,210
Linn,31,"Judge of the Circuit Court, 23rd District, Position 3",,,Write-ins,2
Linn,31,"Judge of the Circuit Court, 23rd District, Position 3",,,Over Votes,0
Linn,31,"Judge of the Circuit Court, 23rd District, Position 3",,,Under Votes,177
Linn,32,"Judge of the Circuit Court, 23rd District, Position 3",,,Daniel R. Murphy,122
Linn,32,"Judge of the Circuit Court, 23rd District, Position 3",,,Write-ins,0
Linn,32,"Judge of the Circuit Court, 23rd District, Position 3",,,Over Votes,0
Linn,32,"Judge of the Circuit Court, 23rd District, Position 3",,,Under Votes,129
Linn,34,"Judge of the Circuit Court, 23rd District, Position 3",,,Daniel R. Murphy,80
Linn,34,"Judge of the Circuit Court, 23rd District, Position 3",,,Write-ins,0
Linn,34,"Judge of the Circuit Court, 23rd District, Position 3",,,Over Votes,0
Linn,34,"Judge of the Circuit Court, 23rd District, Position 3",,,Under Votes,82
Linn,35,"Judge of the Circuit Court, 23rd District, Position 3",,,Daniel R. Murphy,270
Linn,35,"Judge of the Circuit Court, 23rd District, Position 3",,,Write-ins,2
Linn,35,"Judge of the Circuit Court, 23rd District, Position 3",,,Over Votes,0
Linn,35,"Judge of the Circuit Court, 23rd District, Position 3",,,Under Votes,254
Linn,37,"Judge of the Circuit Court, 23rd District, Position 3",,,Daniel R. Murphy,532
Linn,37,"Judge of the Circuit Court, 23rd District, Position 3",,,Write-ins,1
Linn,37,"Judge of the Circuit Court, 23rd District, Position 3",,,Over Votes,0
Linn,37,"Judge of the Circuit Court, 23rd District, Position 3",,,Under Votes,411
Linn,40,"Judge of the Circuit Court, 23rd District, Position 3",,,Daniel R. Murphy,2
Linn,40,"Judge of the Circuit Court, 23rd District, Position 3",,,Write-ins,0
Linn,40,"Judge of the Circuit Court, 23rd District, Position 3",,,Over Votes,0
Linn,40,"Judge of the Circuit Court, 23rd District, Position 3",,,Under Votes,0
Linn,43,"Judge of the Circuit Court, 23rd District, Position 3",,,Daniel R. Murphy,126
Linn,43,"Judge of the Circuit Court, 23rd District, Position 3",,,Write-ins,1
Linn,43,"Judge of the Circuit Court, 23rd District, Position 3",,,Over Votes,0
Linn,43,"Judge of the Circuit Court, 23rd District, Position 3",,,Under Votes,104
Linn,44,"Judge of the Circuit Court, 23rd District, Position 3",,,Daniel R. Murphy,177
Linn,44,"Judge of the Circuit Court, 23rd District, Position 3",,,Write-ins,0
Linn,44,"Judge of the Circuit Court, 23rd District, Position 3",,,Over Votes,0
Linn,44,"Judge of the Circuit Court, 23rd District, Position 3",,,Under Votes,159
Linn,45,"Judge of the Circuit Court, 23rd District, Position 3",,,Daniel R. Murphy,205
Linn,45,"Judge of the Circuit Court, 23rd District, Position 3",,,Write-ins,2
Linn,45,"Judge of the Circuit Court, 23rd District, Position 3",,,Over Votes,0
Linn,45,"Judge of the Circuit Court, 23rd District, Position 3",,,Under Votes,170
Linn,46,"Judge of the Circuit Court, 23rd District, Position 3",,,Daniel R. Murphy,230
Linn,46,"Judge of the Circuit Court, 23rd District, Position 3",,,Write-ins,2
Linn,46,"Judge of the Circuit Court, 23rd District, Position 3",,,Over Votes,0
Linn,46,"Judge of the Circuit Court, 23rd District, Position 3",,,Under Votes,154
Linn,47,"Judge of the Circuit Court, 23rd District, Position 3",,,Daniel R. Murphy,55
Linn,47,"Judge of the Circuit Court, 23rd District, Position 3",,,Write-ins,0
Linn,47,"Judge of the Circuit Court, 23rd District, Position 3",,,Over Votes,0
Linn,47,"Judge of the Circuit Court, 23rd District, Position 3",,,Under Votes,72
Linn,49,"Judge of the Circuit Court, 23rd District, Position 3",,,Daniel R. Murphy,7
Linn,49,"Judge of the Circuit Court, 23rd District, Position 3",,,Write-ins,0
Linn,49,"Judge of the Circuit Court, 23rd District, Position 3",,,Over Votes,0
Linn,49,"Judge of the Circuit Court, 23rd District, Position 3",,,Under Votes,6
Linn,51,"Judge of the Circuit Court, 23rd District, Position 3",,,Daniel R. Murphy,166
Linn,51,"Judge of the Circuit Court, 23rd District, Position 3",,,Write-ins,1
Linn,51,"Judge of the Circuit Court, 23rd District, Position 3",,,Over Votes,0
Linn,51,"Judge of the Circuit Court, 23rd District, Position 3",,,Under Votes,165
Linn,52,"Judge of the Circuit Court, 23rd District, Position 3",,,Daniel R. Murphy,51
Linn,52,"Judge of the Circuit Court, 23rd District, Position 3",,,Write-ins,0
Linn,52,"Judge of the Circuit Court, 23rd District, Position 3",,,Over Votes,0
Linn,52,"Judge of the Circuit Court, 23rd District, Position 3",,,Under Votes,52
Linn,53,"Judge of the Circuit Court, 23rd District, Position 3",,,Daniel R. Murphy,174
Linn,53,"Judge of the Circuit Court, 23rd District, Position 3",,,Write-ins,1
Linn,53,"Judge of the Circuit Court, 23rd District, Position 3",,,Over Votes,0
Linn,53,"Judge of the Circuit Court, 23rd District, Position 3",,,Under Votes,136
Linn,54,"Judge of the Circuit Court, 23rd District, Position 3",,,Daniel R. Murphy,87
Linn,54,"Judge of the Circuit Court, 23rd District, Position 3",,,Write-ins,1
Linn,54,"Judge of the Circuit Court, 23rd District, Position 3",,,Over Votes,0
Linn,54,"Judge of the Circuit Court, 23rd District, Position 3",,,Under Votes,89
Linn,55,"Judge of the Circuit Court, 23rd District, Position 3",,,Daniel R. Murphy,106
Linn,55,"Judge of the Circuit Court, 23rd District, Position 3",,,Write-ins,0
Linn,55,"Judge of the Circuit Court, 23rd District, Position 3",,,Over Votes,0
Linn,55,"Judge of the Circuit Court, 23rd District, Position 3",,,Under Votes,104
Linn,56,"Judge of the Circuit Court, 23rd District, Position 3",,,Daniel R. Murphy,142
Linn,56,"Judge of the Circuit Court, 23rd District, Position 3",,,Write-ins,1
Linn,56,"Judge of the Circuit Court, 23rd District, Position 3",,,Over Votes,0
Linn,56,"Judge of the Circuit Court, 23rd District, Position 3",,,Under Votes,133
Linn,57,"Judge of the Circuit Court, 23rd District, Position 3",,,Daniel R. Murphy,72
Linn,57,"Judge of the Circuit Court, 23rd District, Position 3",,,Write-ins,1
Linn,57,"Judge of the Circuit Court, 23rd District, Position 3",,,Over Votes,0
Linn,57,"Judge of the Circuit Court, 23rd District, Position 3",,,Under Votes,35
Linn,62,"Judge of the Circuit Court, 23rd District, Position 3",,,Daniel R. Murphy,998
Linn,62,"Judge of the Circuit Court, 23rd District, Position 3",,,Write-ins,11
Linn,62,"Judge of the Circuit Court, 23rd District, Position 3",,,Over Votes,0
Linn,62,"Judge of the Circuit Court, 23rd District, Position 3",,,Under Votes,793
Linn,63,"Judge of the Circuit Court, 23rd District, Position 3",,,Daniel R. Murphy,433
Linn,63,"Judge of the Circuit Court, 23rd District, Position 3",,,Write-ins,3
Linn,63,"Judge of the Circuit Court, 23rd District, Position 3",,,Over Votes,0
Linn,63,"Judge of the Circuit Court, 23rd District, Position 3",,,Under Votes,421
Linn,65,"Judge of the Circuit Court, 23rd District, Position 3",,,Daniel R. Murphy,15
Linn,65,"Judge of the Circuit Court, 23rd District, Position 3",,,Write-ins,0
Linn,65,"Judge of the Circuit Court, 23rd District, Position 3",,,Over Votes,0
Linn,65,"Judge of the Circuit Court, 23rd District, Position 3",,,Under Votes,8
Linn,66,"Judge of the Circuit Court, 23rd District, Position 3",,,Daniel R. Murphy,68
Linn,66,"Judge of the Circuit Court, 23rd District, Position 3",,,Write-ins,0
Linn,66,"Judge of the Circuit Court, 23rd District, Position 3",,,Over Votes,0
Linn,66,"Judge of the Circuit Court, 23rd District, Position 3",,,Under Votes,45
Linn,70,"Judge of the Circuit Court, 23rd District, Position 3",,,Daniel R. Murphy,302
Linn,70,"Judge of the Circuit Court, 23rd District, Position 3",,,Write-ins,1
Linn,70,"Judge of the Circuit Court, 23rd District, Position 3",,,Over Votes,0
Linn,70,"Judge of the Circuit Court, 23rd District, Position 3",,,Under Votes,265
Linn,73,"Judge of the Circuit Court, 23rd District, Position 3",,,Daniel R. Murphy,183
Linn,73,"Judge of the Circuit Court, 23rd District, Position 3",,,Write-ins,2
Linn,73,"Judge of the Circuit Court, 23rd District, Position 3",,,Over Votes,0
Linn,73,"Judge of the Circuit Court, 23rd District, Position 3",,,Under Votes,121
Linn,75,"Judge of the Circuit Court, 23rd District, Position 3",,,Daniel R. Murphy,175
Linn,75,"Judge of the Circuit Court, 23rd District, Position 3",,,Write-ins,1
Linn,75,"Judge of the Circuit Court, 23rd District, Position 3",,,Over Votes,0
Linn,75,"Judge of the Circuit Court, 23rd District, Position 3",,,Under Votes,158
Linn,77,"Judge of the Circuit Court, 23rd District, Position 3",,,Daniel R. Murphy,90
Linn,77,"Judge of the Circuit Court, 23rd District, Position 3",,,Write-ins,2
Linn,77,"Judge of the Circuit Court, 23rd District, Position 3",,,Over Votes,0
Linn,77,"Judge of the Circuit Court, 23rd District, Position 3",,,Under Votes,76
Linn,78,"Judge of the Circuit Court, 23rd District, Position 3",,,Daniel R. Murphy,189
Linn,78,"Judge of the Circuit Court, 23rd District, Position 3",,,Write-ins,0
Linn,78,"Judge of the Circuit Court, 23rd District, Position 3",,,Over Votes,0
Linn,78,"Judge of the Circuit Court, 23rd District, Position 3",,,Under Votes,110
Linn,79,"Judge of the Circuit Court, 23rd District, Position 3",,,Daniel R. Murphy,478
Linn,79,"Judge of the Circuit Court, 23rd District, Position 3",,,Write-ins,1
Linn,79,"Judge of the Circuit Court, 23rd District, Position 3",,,Over Votes,0
Linn,79,"Judge of the Circuit Court, 23rd District, Position 3",,,Under Votes,276
Linn,86,"Judge of the Circuit Court, 23rd District, Position 3",,,Daniel R. Murphy,276
Linn,86,"Judge of the Circuit Court, 23rd District, Position 3",,,Write-ins,1
Linn,86,"Judge of the Circuit Court, 23rd District, Position 3",,,Over Votes,0
Linn,86,"Judge of the Circuit Court, 23rd District, Position 3",,,Under Votes,234
Linn,91,"Judge of the Circuit Court, 23rd District, Position 3",,,Daniel R. Murphy,461
Linn,91,"Judge of the Circuit Court, 23rd District, Position 3",,,Write-ins,5
Linn,91,"Judge of the Circuit Court, 23rd District, Position 3",,,Over Votes,0
Linn,91,"Judge of the Circuit Court, 23rd District, Position 3",,,Under Votes,358
Linn,97,"Judge of the Circuit Court, 23rd District, Position 3",,,Daniel R. Murphy,419
Linn,97,"Judge of the Circuit Court, 23rd District, Position 3",,,Write-ins,2
Linn,97,"Judge of the Circuit Court, 23rd District, Position 3",,,Over Votes,0
Linn,97,"Judge of the Circuit Court, 23rd District, Position 3",,,Under Votes,334
Linn,99,"Judge of the Circuit Court, 23rd District, Position 3",,,Daniel R. Murphy,88
Linn,99,"Judge of the Circuit Court, 23rd District, Position 3",,,Write-ins,0
Linn,99,"Judge of the Circuit Court, 23rd District, Position 3",,,Over Votes,0
Linn,99,"Judge of the Circuit Court, 23rd District, Position 3",,,Under Votes,77
Linn,100,"Judge of the Circuit Court, 23rd District, Position 3",,,Daniel R. Murphy,1171
Linn,100,"Judge of the Circuit Court, 23rd District, Position 3",,,Write-ins,16
Linn,100,"Judge of the Circuit Court, 23rd District, Position 3",,,Over Votes,1
Linn,100,"Judge of the Circuit Court, 23rd District, Position 3",,,Under Votes,744
Linn,101,"Judge of the Circuit Court, 23rd District, Position 3",,,Daniel R. Murphy,105
Linn,101,"Judge of the Circuit Court, 23rd District, Position 3",,,Write-ins,4
Linn,101,"Judge of the Circuit Court, 23rd District, Position 3",,,Over Votes,0
Linn,101,"Judge of the Circuit Court, 23rd District, Position 3",,,Under Votes,93
Linn,103,"Judge of the Circuit Court, 23rd District, Position 3",,,Daniel R. Murphy,172
Linn,103,"Judge of the Circuit Court, 23rd District, Position 3",,,Write-ins,5
Linn,103,"Judge of the Circuit Court, 23rd District, Position 3",,,Over Votes,0
Linn,103,"Judge of the Circuit Court, 23rd District, Position 3",,,Under Votes,180
Linn,104,"Judge of the Circuit Court, 23rd District, Position 3",,,Daniel R. Murphy,143
Linn,104,"Judge of the Circuit Court, 23rd District, Position 3",,,Write-ins,1
Linn,104,"Judge of the Circuit Court, 23rd District, Position 3",,,Over Votes,0
Linn,104,"Judge of the Circuit Court, 23rd District, Position 3",,,Under Votes,111
Linn,107,"Judge of the Circuit Court, 23rd District, Position 3",,,Daniel R. Murphy,1114
Linn,107,"Judge of the Circuit Court, 23rd District, Position 3",,,Write-ins,4
Linn,107,"Judge of the Circuit Court, 23rd District, Position 3",,,Over Votes,0
Linn,107,"Judge of the Circuit Court, 23rd District, Position 3",,,Under Votes,841
Linn,108,"Judge of the Circuit Court, 23rd District, Position 3",,,Daniel R. Murphy,710
Linn,108,"Judge of the Circuit Court, 23rd District, Position 3",,,Write-ins,2
Linn,108,"Judge of the Circuit Court, 23rd District, Position 3",,,Over Votes,0
Linn,108,"Judge of the Circuit Court, 23rd District, Position 3",,,Under Votes,450
Linn,1,"Judge of the Circuit Court, 23rd District, Position 4",,,John A. McCormick,1341
Linn,1,"Judge of the Circuit Court, 23rd District, Position 4",,,Write-ins,7
Linn,1,"Judge of the Circuit Court, 23rd District, Position 4",,,Over Votes,0
Linn,1,"Judge of the Circuit Court, 23rd District, Position 4",,,Under Votes,749
Linn,18,"Judge of the Circuit Court, 23rd District, Position 4",,,John A. McCormick,970
Linn,18,"Judge of the Circuit Court, 23rd District, Position 4",,,Write-ins,9
Linn,18,"Judge of the Circuit Court, 23rd District, Position 4",,,Over Votes,0
Linn,18,"Judge of the Circuit Court, 23rd District, Position 4",,,Under Votes,615
Linn,19,"Judge of the Circuit Court, 23rd District, Position 4",,,John A. McCormick,244
Linn,19,"Judge of the Circuit Court, 23rd District, Position 4",,,Write-ins,2
Linn,19,"Judge of the Circuit Court, 23rd District, Position 4",,,Over Votes,0
Linn,19,"Judge of the Circuit Court, 23rd District, Position 4",,,Under Votes,175
Linn,20,"Judge of the Circuit Court, 23rd District, Position 4",,,John A. McCormick,122
Linn,20,"Judge of the Circuit Court, 23rd District, Position 4",,,Write-ins,1
Linn,20,"Judge of the Circuit Court, 23rd District, Position 4",,,Over Votes,0
Linn,20,"Judge of the Circuit Court, 23rd District, Position 4",,,Under Votes,94
Linn,21,"Judge of the Circuit Court, 23rd District, Position 4",,,John A. McCormick,90
Linn,21,"Judge of the Circuit Court, 23rd District, Position 4",,,Write-ins,0
Linn,21,"Judge of the Circuit Court, 23rd District, Position 4",,,Over Votes,0
Linn,21,"Judge of the Circuit Court, 23rd District, Position 4",,,Under Votes,79
Linn,22,"Judge of the Circuit Court, 23rd District, Position 4",,,John A. McCormick,6
Linn,22,"Judge of the Circuit Court, 23rd District, Position 4",,,Write-ins,0
Linn,22,"Judge of the Circuit Court, 23rd District, Position 4",,,Over Votes,0
Linn,22,"Judge of the Circuit Court, 23rd District, Position 4",,,Under Votes,8
Linn,23,"Judge of the Circuit Court, 23rd District, Position 4",,,John A. McCormick,228
Linn,23,"Judge of the Circuit Court, 23rd District, Position 4",,,Write-ins,1
Linn,23,"Judge of the Circuit Court, 23rd District, Position 4",,,Over Votes,0
Linn,23,"Judge of the Circuit Court, 23rd District, Position 4",,,Under Votes,202
Linn,26,"Judge of the Circuit Court, 23rd District, Position 4",,,John A. McCormick,60
Linn,26,"Judge of the Circuit Court, 23rd District, Position 4",,,Write-ins,0
Linn,26,"Judge of the Circuit Court, 23rd District, Position 4",,,Over Votes,0
Linn,26,"Judge of the Circuit Court, 23rd District, Position 4",,,Under Votes,49
Linn,27,"Judge of the Circuit Court, 23rd District, Position 4",,,John A. McCormick,79
Linn,27,"Judge of the Circuit Court, 23rd District, Position 4",,,Write-ins,1
Linn,27,"Judge of the Circuit Court, 23rd District, Position 4",,,Over Votes,0
Linn,27,"Judge of the Circuit Court, 23rd District, Position 4",,,Under Votes,105
Linn,28,"Judge of the Circuit Court, 23rd District, Position 4",,,John A. McCormick,134
Linn,28,"Judge of the Circuit Court, 23rd District, Position 4",,,Write-ins,0
Linn,28,"Judge of the Circuit Court, 23rd District, Position 4",,,Over Votes,0
Linn,28,"Judge of the Circuit Court, 23rd District, Position 4",,,Under Votes,86
Linn,29,"Judge of the Circuit Court, 23rd District, Position 4",,,John A. McCormick,410
Linn,29,"Judge of the Circuit Court, 23rd District, Position 4",,,Write-ins,3
Linn,29,"Judge of the Circuit Court, 23rd District, Position 4",,,Over Votes,0
Linn,29,"Judge of the Circuit Court, 23rd District, Position 4",,,Under Votes,403
Linn,30,"Judge of the Circuit Court, 23rd District, Position 4",,,John A. McCormick,42
Linn,30,"Judge of the Circuit Court, 23rd District, Position 4",,,Write-ins,0
Linn,30,"Judge of the Circuit Court, 23rd District, Position 4",,,Over Votes,0
Linn,30,"Judge of the Circuit Court, 23rd District, Position 4",,,Under Votes,42
Linn,31,"Judge of the Circuit Court, 23rd District, Position 4",,,John A. McCormick,211
Linn,31,"Judge of the Circuit Court, 23rd District, Position 4",,,Write-ins,1
Linn,31,"Judge of the Circuit Court, 23rd District, Position 4",,,Over Votes,0
Linn,31,"Judge of the Circuit Court, 23rd District, Position 4",,,Under Votes,177
Linn,32,"Judge of the Circuit Court, 23rd District, Position 4",,,John A. McCormick,121
Linn,32,"Judge of the Circuit Court, 23rd District, Position 4",,,Write-ins,0
Linn,32,"Judge of the Circuit Court, 23rd District, Position 4",,,Over Votes,0
Linn,32,"Judge of the Circuit Court, 23rd District, Position 4",,,Under Votes,130
Linn,34,"Judge of the Circuit Court, 23rd District, Position 4",,,John A. McCormick,81
Linn,34,"Judge of the Circuit Court, 23rd District, Position 4",,,Write-ins,1
Linn,34,"Judge of the Circuit Court, 23rd District, Position 4",,,Over Votes,0
Linn,34,"Judge of the Circuit Court, 23rd District, Position 4",,,Under Votes,80
Linn,35,"Judge of the Circuit Court, 23rd District, Position 4",,,John A. McCormick,278
Linn,35,"Judge of the Circuit Court, 23rd District, Position 4",,,Write-ins,3
Linn,35,"Judge of the Circuit Court, 23rd District, Position 4",,,Over Votes,0
Linn,35,"Judge of the Circuit Court, 23rd District, Position 4",,,Under Votes,245
Linn,37,"Judge of the Circuit Court, 23rd District, Position 4",,,John A. McCormick,539
Linn,37,"Judge of the Circuit Court, 23rd District, Position 4",,,Write-ins,2
Linn,37,"Judge of the Circuit Court, 23rd District, Position 4",,,Over Votes,0
Linn,37,"Judge of the Circuit Court, 23rd District, Position 4",,,Under Votes,403
Linn,40,"Judge of the Circuit Court, 23rd District, Position 4",,,John A. McCormick,2
Linn,40,"Judge of the Circuit Court, 23rd District, Position 4",,,Write-ins,0
Linn,40,"Judge of the Circuit Court, 23rd District, Position 4",,,Over Votes,0
Linn,40,"Judge of the Circuit Court, 23rd District, Position 4",,,Under Votes,0
Linn,43,"Judge of the Circuit Court, 23rd District, Position 4",,,John A. McCormick,126
Linn,43,"Judge of the Circuit Court, 23rd District, Position 4",,,Write-ins,1
Linn,43,"Judge of the Circuit Court, 23rd District, Position 4",,,Over Votes,0
Linn,43,"Judge of the Circuit Court, 23rd District, Position 4",,,Under Votes,104
Linn,44,"Judge of the Circuit Court, 23rd District, Position 4",,,John A. McCormick,177
Linn,44,"Judge of the Circuit Court, 23rd District, Position 4",,,Write-ins,2
Linn,44,"Judge of the Circuit Court, 23rd District, Position 4",,,Over Votes,0
Linn,44,"Judge of the Circuit Court, 23rd District, Position 4",,,Under Votes,157
Linn,45,"Judge of the Circuit Court, 23rd District, Position 4",,,John A. McCormick,216
Linn,45,"Judge of the Circuit Court, 23rd District, Position 4",,,Write-ins,1
Linn,45,"Judge of the Circuit Court, 23rd District, Position 4",,,Over Votes,0
Linn,45,"Judge of the Circuit Court, 23rd District, Position 4",,,Under Votes,160
Linn,46,"Judge of the Circuit Court, 23rd District, Position 4",,,John A. McCormick,230
Linn,46,"Judge of the Circuit Court, 23rd District, Position 4",,,Write-ins,2
Linn,46,"Judge of the Circuit Court, 23rd District, Position 4",,,Over Votes,0
Linn,46,"Judge of the Circuit Court, 23rd District, Position 4",,,Under Votes,154
Linn,47,"Judge of the Circuit Court, 23rd District, Position 4",,,John A. McCormick,59
Linn,47,"Judge of the Circuit Court, 23rd District, Position 4",,,Write-ins,0
Linn,47,"Judge of the Circuit Court, 23rd District, Position 4",,,Over Votes,0
Linn,47,"Judge of the Circuit Court, 23rd District, Position 4",,,Under Votes,68
Linn,49,"Judge of the Circuit Court, 23rd District, Position 4",,,John A. McCormick,7
Linn,49,"Judge of the Circuit Court, 23rd District, Position 4",,,Write-ins,0
Linn,49,"Judge of the Circuit Court, 23rd District, Position 4",,,Over Votes,0
Linn,49,"Judge of the Circuit Court, 23rd District, Position 4",,,Under Votes,6
Linn,51,"Judge of the Circuit Court, 23rd District, Position 4",,,John A. McCormick,175
Linn,51,"Judge of the Circuit Court, 23rd District, Position 4",,,Write-ins,1
Linn,51,"Judge of the Circuit Court, 23rd District, Position 4",,,Over Votes,0
Linn,51,"Judge of the Circuit Court, 23rd District, Position 4",,,Under Votes,156
Linn,52,"Judge of the Circuit Court, 23rd District, Position 4",,,John A. McCormick,52
Linn,52,"Judge of the Circuit Court, 23rd District, Position 4",,,Write-ins,0
Linn,52,"Judge of the Circuit Court, 23rd District, Position 4",,,Over Votes,0
Linn,52,"Judge of the Circuit Court, 23rd District, Position 4",,,Under Votes,51
Linn,53,"Judge of the Circuit Court, 23rd District, Position 4",,,John A. McCormick,180
Linn,53,"Judge of the Circuit Court, 23rd District, Position 4",,,Write-ins,2
Linn,53,"Judge of the Circuit Court, 23rd District, Position 4",,,Over Votes,0
Linn,53,"Judge of the Circuit Court, 23rd District, Position 4",,,Under Votes,129
Linn,54,"Judge of the Circuit Court, 23rd District, Position 4",,,John A. McCormick,88
Linn,54,"Judge of the Circuit Court, 23rd District, Position 4",,,Write-ins,1
Linn,54,"Judge of the Circuit Court, 23rd District, Position 4",,,Over Votes,0
Linn,54,"Judge of the Circuit Court, 23rd District, Position 4",,,Under Votes,88
Linn,55,"Judge of the Circuit Court, 23rd District, Position 4",,,John A. McCormick,106
Linn,55,"Judge of the Circuit Court, 23rd District, Position 4",,,Write-ins,0
Linn,55,"Judge of the Circuit Court, 23rd District, Position 4",,,Over Votes,0
Linn,55,"Judge of the Circuit Court, 23rd District, Position 4",,,Under Votes,104
Linn,56,"Judge of the Circuit Court, 23rd District, Position 4",,,John A. McCormick,138
Linn,56,"Judge of the Circuit Court, 23rd District, Position 4",,,Write-ins,1
Linn,56,"Judge of the Circuit Court, 23rd District, Position 4",,,Over Votes,0
Linn,56,"Judge of the Circuit Court, 23rd District, Position 4",,,Under Votes,137
Linn,57,"Judge of the Circuit Court, 23rd District, Position 4",,,John A. McCormick,74
Linn,57,"Judge of the Circuit Court, 23rd District, Position 4",,,Write-ins,0
Linn,57,"Judge of the Circuit Court, 23rd District, Position 4",,,Over Votes,0
Linn,57,"Judge of the Circuit Court, 23rd District, Position 4",,,Under Votes,34
Linn,62,"Judge of the Circuit Court, 23rd District, Position 4",,,John A. McCormick,1014
Linn,62,"Judge of the Circuit Court, 23rd District, Position 4",,,Write-ins,11
Linn,62,"Judge of the Circuit Court, 23rd District, Position 4",,,Over Votes,0
Linn,62,"Judge of the Circuit Court, 23rd District, Position 4",,,Under Votes,777
Linn,63,"Judge of the Circuit Court, 23rd District, Position 4",,,John A. McCormick,455
Linn,63,"Judge of the Circuit Court, 23rd District, Position 4",,,Write-ins,1
Linn,63,"Judge of the Circuit Court, 23rd District, Position 4",,,Over Votes,0
Linn,63,"Judge of the Circuit Court, 23rd District, Position 4",,,Under Votes,401
Linn,65,"Judge of the Circuit Court, 23rd District, Position 4",,,John A. McCormick,17
Linn,65,"Judge of the Circuit Court, 23rd District, Position 4",,,Write-ins,0
Linn,65,"Judge of the Circuit Court, 23rd District, Position 4",,,Over Votes,0
Linn,65,"Judge of the Circuit Court, 23rd District, Position 4",,,Under Votes,6
Linn,66,"Judge of the Circuit Court, 23rd District, Position 4",,,John A. McCormick,67
Linn,66,"Judge of the Circuit Court, 23rd District, Position 4",,,Write-ins,1
Linn,66,"Judge of the Circuit Court, 23rd District, Position 4",,,Over Votes,0
Linn,66,"Judge of the Circuit Court, 23rd District, Position 4",,,Under Votes,45
Linn,70,"Judge of the Circuit Court, 23rd District, Position 4",,,John A. McCormick,305
Linn,70,"Judge of the Circuit Court, 23rd District, Position 4",,,Write-ins,3
Linn,70,"Judge of the Circuit Court, 23rd District, Position 4",,,Over Votes,0
Linn,70,"Judge of the Circuit Court, 23rd District, Position 4",,,Under Votes,260
Linn,73,"Judge of the Circuit Court, 23rd District, Position 4",,,John A. McCormick,175
Linn,73,"Judge of the Circuit Court, 23rd District, Position 4",,,Write-ins,1
Linn,73,"Judge of the Circuit Court, 23rd District, Position 4",,,Over Votes,0
Linn,73,"Judge of the Circuit Court, 23rd District, Position 4",,,Under Votes,130
Linn,75,"Judge of the Circuit Court, 23rd District, Position 4",,,John A. McCormick,173
Linn,75,"Judge of the Circuit Court, 23rd District, Position 4",,,Write-ins,0
Linn,75,"Judge of the Circuit Court, 23rd District, Position 4",,,Over Votes,0
Linn,75,"Judge of the Circuit Court, 23rd District, Position 4",,,Under Votes,161
Linn,77,"Judge of the Circuit Court, 23rd District, Position 4",,,John A. McCormick,94
Linn,77,"Judge of the Circuit Court, 23rd District, Position 4",,,Write-ins,2
Linn,77,"Judge of the Circuit Court, 23rd District, Position 4",,,Over Votes,0
Linn,77,"Judge of the Circuit Court, 23rd District, Position 4",,,Under Votes,72
Linn,78,"Judge of the Circuit Court, 23rd District, Position 4",,,John A. McCormick,193
Linn,78,"Judge of the Circuit Court, 23rd District, Position 4",,,Write-ins,0
Linn,78,"Judge of the Circuit Court, 23rd District, Position 4",,,Over Votes,0
Linn,78,"Judge of the Circuit Court, 23rd District, Position 4",,,Under Votes,106
Linn,79,"Judge of the Circuit Court, 23rd District, Position 4",,,John A. McCormick,470
Linn,79,"Judge of the Circuit Court, 23rd District, Position 4",,,Write-ins,2
Linn,79,"Judge of the Circuit Court, 23rd District, Position 4",,,Over Votes,0
Linn,79,"Judge of the Circuit Court, 23rd District, Position 4",,,Under Votes,283
Linn,86,"Judge of the Circuit Court, 23rd District, Position 4",,,John A. McCormick,272
Linn,86,"Judge of the Circuit Court, 23rd District, Position 4",,,Write-ins,1
Linn,86,"Judge of the Circuit Court, 23rd District, Position 4",,,Over Votes,0
Linn,86,"Judge of the Circuit Court, 23rd District, Position 4",,,Under Votes,238
Linn,91,"Judge of the Circuit Court, 23rd District, Position 4",,,John A. McCormick,476
Linn,91,"Judge of the Circuit Court, 23rd District, Position 4",,,Write-ins,5
Linn,91,"Judge of the Circuit Court, 23rd District, Position 4",,,Over Votes,0
Linn,91,"Judge of the Circuit Court, 23rd District, Position 4",,,Under Votes,343
Linn,97,"Judge of the Circuit Court, 23rd District, Position 4",,,John A. McCormick,446
Linn,97,"Judge of the Circuit Court, 23rd District, Position 4",,,Write-ins,2
Linn,97,"Judge of the Circuit Court, 23rd District, Position 4",,,Over Votes,0
Linn,97,"Judge of the Circuit Court, 23rd District, Position 4",,,Under Votes,307
Linn,99,"Judge of the Circuit Court, 23rd District, Position 4",,,John A. McCormick,89
Linn,99,"Judge of the Circuit Court, 23rd District, Position 4",,,Write-ins,0
Linn,99,"Judge of the Circuit Court, 23rd District, Position 4",,,Over Votes,0
Linn,99,"Judge of the Circuit Court, 23rd District, Position 4",,,Under Votes,76
Linn,100,"Judge of the Circuit Court, 23rd District, Position 4",,,John A. McCormick,1220
Linn,100,"Judge of the Circuit Court, 23rd District, Position 4",,,Write-ins,13
Linn,100,"Judge of the Circuit Court, 23rd District, Position 4",,,Over Votes,0
Linn,100,"Judge of the Circuit Court, 23rd District, Position 4",,,Under Votes,699
Linn,101,"Judge of the Circuit Court, 23rd District, Position 4",,,John A. McCormick,105
Linn,101,"Judge of the Circuit Court, 23rd District, Position 4",,,Write-ins,5
Linn,101,"Judge of the Circuit Court, 23rd District, Position 4",,,Over Votes,0
Linn,101,"Judge of the Circuit Court, 23rd District, Position 4",,,Under Votes,92
Linn,103,"Judge of the Circuit Court, 23rd District, Position 4",,,John A. McCormick,174
Linn,103,"Judge of the Circuit Court, 23rd District, Position 4",,,Write-ins,5
Linn,103,"Judge of the Circuit Court, 23rd District, Position 4",,,Over Votes,0
Linn,103,"Judge of the Circuit Court, 23rd District, Position 4",,,Under Votes,178
Linn,104,"Judge of the Circuit Court, 23rd District, Position 4",,,John A. McCormick,144
Linn,104,"Judge of the Circuit Court, 23rd District, Position 4",,,Write-ins,1
Linn,104,"Judge of the Circuit Court, 23rd District, Position 4",,,Over Votes,0
Linn,104,"Judge of the Circuit Court, 23rd District, Position 4",,,Under Votes,110
Linn,107,"Judge of the Circuit Court, 23rd District, Position 4",,,John A. McCormick,1152
Linn,107,"Judge of the Circuit Court, 23rd District, Position 4",,,Write-ins,3
Linn,107,"Judge of the Circuit Court, 23rd District, Position 4",,,Over Votes,0
Linn,107,"Judge of the Circuit Court, 23rd District, Position 4",,,Under Votes,804
Linn,108,"Judge of the Circuit Court, 23rd District, Position 4",,,John A. McCormick,708
Linn,108,"Judge of the Circuit Court, 23rd District, Position 4",,,Write-ins,2
Linn,108,"Judge of the Circuit Court, 23rd District, Position 4",,,Over Votes,0
Linn,108,"Judge of the Circuit Court, 23rd District, Position 4",,,Under Votes,452
Linn,1,"Judge of the Circuit Court, 23rd District, Position 5",,,Glen D. Baisinger,1318
Linn,1,"Judge of the Circuit Court, 23rd District, Position 5",,,Write-ins,8
Linn,1,"Judge of the Circuit Court, 23rd District, Position 5",,,Over Votes,0
Linn,1,"Judge of the Circuit Court, 23rd District, Position 5",,,Under Votes,771
Linn,18,"Judge of the Circuit Court, 23rd District, Position 5",,,Glen D. Baisinger,970
Linn,18,"Judge of the Circuit Court, 23rd District, Position 5",,,Write-ins,7
Linn,18,"Judge of the Circuit Court, 23rd District, Position 5",,,Over Votes,0
Linn,18,"Judge of the Circuit Court, 23rd District, Position 5",,,Under Votes,617
Linn,19,"Judge of the Circuit Court, 23rd District, Position 5",,,Glen D. Baisinger,228
Linn,19,"Judge of the Circuit Court, 23rd District, Position 5",,,Write-ins,2
Linn,19,"Judge of the Circuit Court, 23rd District, Position 5",,,Over Votes,0
Linn,19,"Judge of the Circuit Court, 23rd District, Position 5",,,Under Votes,191
Linn,20,"Judge of the Circuit Court, 23rd District, Position 5",,,Glen D. Baisinger,115
Linn,20,"Judge of the Circuit Court, 23rd District, Position 5",,,Write-ins,1
Linn,20,"Judge of the Circuit Court, 23rd District, Position 5",,,Over Votes,0
Linn,20,"Judge of the Circuit Court, 23rd District, Position 5",,,Under Votes,101
Linn,21,"Judge of the Circuit Court, 23rd District, Position 5",,,Glen D. Baisinger,97
Linn,21,"Judge of the Circuit Court, 23rd District, Position 5",,,Write-ins,0
Linn,21,"Judge of the Circuit Court, 23rd District, Position 5",,,Over Votes,0
Linn,21,"Judge of the Circuit Court, 23rd District, Position 5",,,Under Votes,72
Linn,22,"Judge of the Circuit Court, 23rd District, Position 5",,,Glen D. Baisinger,5
Linn,22,"Judge of the Circuit Court, 23rd District, Position 5",,,Write-ins,0
Linn,22,"Judge of the Circuit Court, 23rd District, Position 5",,,Over Votes,0
Linn,22,"Judge of the Circuit Court, 23rd District, Position 5",,,Under Votes,9
Linn,23,"Judge of the Circuit Court, 23rd District, Position 5",,,Glen D. Baisinger,234
Linn,23,"Judge of the Circuit Court, 23rd District, Position 5",,,Write-ins,0
Linn,23,"Judge of the Circuit Court, 23rd District, Position 5",,,Over Votes,0
Linn,23,"Judge of the Circuit Court, 23rd District, Position 5",,,Under Votes,197
Linn,26,"Judge of the Circuit Court, 23rd District, Position 5",,,Glen D. Baisinger,59
Linn,26,"Judge of the Circuit Court, 23rd District, Position 5",,,Write-ins,0
Linn,26,"Judge of the Circuit Court, 23rd District, Position 5",,,Over Votes,0
Linn,26,"Judge of the Circuit Court, 23rd District, Position 5",,,Under Votes,50
Linn,27,"Judge of the Circuit Court, 23rd District, Position 5",,,Glen D. Baisinger,81
Linn,27,"Judge of the Circuit Court, 23rd District, Position 5",,,Write-ins,0
Linn,27,"Judge of the Circuit Court, 23rd District, Position 5",,,Over Votes,0
Linn,27,"Judge of the Circuit Court, 23rd District, Position 5",,,Under Votes,104
Linn,28,"Judge of the Circuit Court, 23rd District, Position 5",,,Glen D. Baisinger,134
Linn,28,"Judge of the Circuit Court, 23rd District, Position 5",,,Write-ins,0
Linn,28,"Judge of the Circuit Court, 23rd District, Position 5",,,Over Votes,0
Linn,28,"Judge of the Circuit Court, 23rd District, Position 5",,,Under Votes,86
Linn,29,"Judge of the Circuit Court, 23rd District, Position 5",,,Glen D. Baisinger,402
Linn,29,"Judge of the Circuit Court, 23rd District, Position 5",,,Write-ins,3
Linn,29,"Judge of the Circuit Court, 23rd District, Position 5",,,Over Votes,0
Linn,29,"Judge of the Circuit Court, 23rd District, Position 5",,,Under Votes,411
Linn,30,"Judge of the Circuit Court, 23rd District, Position 5",,,Glen D. Baisinger,44
Linn,30,"Judge of the Circuit Court, 23rd District, Position 5",,,Write-ins,0
Linn,30,"Judge of the Circuit Court, 23rd District, Position 5",,,Over Votes,0
Linn,30,"Judge of the Circuit Court, 23rd District, Position 5",,,Under Votes,40
Linn,31,"Judge of the Circuit Court, 23rd District, Position 5",,,Glen D. Baisinger,213
Linn,31,"Judge of the Circuit Court, 23rd District, Position 5",,,Write-ins,3
Linn,31,"Judge of the Circuit Court, 23rd District, Position 5",,,Over Votes,0
Linn,31,"Judge of the Circuit Court, 23rd District, Position 5",,,Under Votes,173
Linn,32,"Judge of the Circuit Court, 23rd District, Position 5",,,Glen D. Baisinger,124
Linn,32,"Judge of the Circuit Court, 23rd District, Position 5",,,Write-ins,1
Linn,32,"Judge of the Circuit Court, 23rd District, Position 5",,,Over Votes,0
Linn,32,"Judge of the Circuit Court, 23rd District, Position 5",,,Under Votes,126
Linn,34,"Judge of the Circuit Court, 23rd District, Position 5",,,Glen D. Baisinger,80
Linn,34,"Judge of the Circuit Court, 23rd District, Position 5",,,Write-ins,0
Linn,34,"Judge of the Circuit Court, 23rd District, Position 5",,,Over Votes,0
Linn,34,"Judge of the Circuit Court, 23rd District, Position 5",,,Under Votes,82
Linn,35,"Judge of the Circuit Court, 23rd District, Position 5",,,Glen D. Baisinger,285
Linn,35,"Judge of the Circuit Court, 23rd District, Position 5",,,Write-ins,2
Linn,35,"Judge of the Circuit Court, 23rd District, Position 5",,,Over Votes,0
Linn,35,"Judge of the Circuit Court, 23rd District, Position 5",,,Under Votes,239
Linn,37,"Judge of the Circuit Court, 23rd District, Position 5",,,Glen D. Baisinger,561
Linn,37,"Judge of the Circuit Court, 23rd District, Position 5",,,Write-ins,2
Linn,37,"Judge of the Circuit Court, 23rd District, Position 5",,,Over Votes,0
Linn,37,"Judge of the Circuit Court, 23rd District, Position 5",,,Under Votes,381
Linn,40,"Judge of the Circuit Court, 23rd District, Position 5",,,Glen D. Baisinger,2
Linn,40,"Judge of the Circuit Court, 23rd District, Position 5",,,Write-ins,0
Linn,40,"Judge of the Circuit Court, 23rd District, Position 5",,,Over Votes,0
Linn,40,"Judge of the Circuit Court, 23rd District, Position 5",,,Under Votes,0
Linn,43,"Judge of the Circuit Court, 23rd District, Position 5",,,Glen D. Baisinger,121
Linn,43,"Judge of the Circuit Court, 23rd District, Position 5",,,Write-ins,2
Linn,43,"Judge of the Circuit Court, 23rd District, Position 5",,,Over Votes,0
Linn,43,"Judge of the Circuit Court, 23rd District, Position 5",,,Under Votes,108
Linn,44,"Judge of the Circuit Court, 23rd District, Position 5",,,Glen D. Baisinger,179
Linn,44,"Judge of the Circuit Court, 23rd District, Position 5",,,Write-ins,1
Linn,44,"Judge of the Circuit Court, 23rd District, Position 5",,,Over Votes,0
Linn,44,"Judge of the Circuit Court, 23rd District, Position 5",,,Under Votes,156
Linn,45,"Judge of the Circuit Court, 23rd District, Position 5",,,Glen D. Baisinger,217
Linn,45,"Judge of the Circuit Court, 23rd District, Position 5",,,Write-ins,2
Linn,45,"Judge of the Circuit Court, 23rd District, Position 5",,,Over Votes,0
Linn,45,"Judge of the Circuit Court, 23rd District, Position 5",,,Under Votes,158
Linn,46,"Judge of the Circuit Court, 23rd District, Position 5",,,Glen D. Baisinger,229
Linn,46,"Judge of the Circuit Court, 23rd District, Position 5",,,Write-ins,4
Linn,46,"Judge of the Circuit Court, 23rd District, Position 5",,,Over Votes,0
Linn,46,"Judge of the Circuit Court, 23rd District, Position 5",,,Under Votes,153
Linn,47,"Judge of the Circuit Court, 23rd District, Position 5",,,Glen D. Baisinger,62
Linn,47,"Judge of the Circuit Court, 23rd District, Position 5",,,Write-ins,0
Linn,47,"Judge of the Circuit Court, 23rd District, Position 5",,,Over Votes,0
Linn,47,"Judge of the Circuit Court, 23rd District, Position 5",,,Under Votes,65
Linn,49,"Judge of the Circuit Court, 23rd District, Position 5",,,Glen D. Baisinger,7
Linn,49,"Judge of the Circuit Court, 23rd District, Position 5",,,Write-ins,0
Linn,49,"Judge of the Circuit Court, 23rd District, Position 5",,,Over Votes,0
Linn,49,"Judge of the Circuit Court, 23rd District, Position 5",,,Under Votes,6
Linn,51,"Judge of the Circuit Court, 23rd District, Position 5",,,Glen D. Baisinger,177
Linn,51,"Judge of the Circuit Court, 23rd District, Position 5",,,Write-ins,1
Linn,51,"Judge of the Circuit Court, 23rd District, Position 5",,,Over Votes,0
Linn,51,"Judge of the Circuit Court, 23rd District, Position 5",,,Under Votes,154
Linn,52,"Judge of the Circuit Court, 23rd District, Position 5",,,Glen D. Baisinger,48
Linn,52,"Judge of the Circuit Court, 23rd District, Position 5",,,Write-ins,0
Linn,52,"Judge of the Circuit Court, 23rd District, Position 5",,,Over Votes,0
Linn,52,"Judge of the Circuit Court, 23rd District, Position 5",,,Under Votes,55
Linn,53,"Judge of the Circuit Court, 23rd District, Position 5",,,Glen D. Baisinger,175
Linn,53,"Judge of the Circuit Court, 23rd District, Position 5",,,Write-ins,1
Linn,53,"Judge of the Circuit Court, 23rd District, Position 5",,,Over Votes,0
Linn,53,"Judge of the Circuit Court, 23rd District, Position 5",,,Under Votes,135
Linn,54,"Judge of the Circuit Court, 23rd District, Position 5",,,Glen D. Baisinger,88
Linn,54,"Judge of the Circuit Court, 23rd District, Position 5",,,Write-ins,1
Linn,54,"Judge of the Circuit Court, 23rd District, Position 5",,,Over Votes,0
Linn,54,"Judge of the Circuit Court, 23rd District, Position 5",,,Under Votes,88
Linn,55,"Judge of the Circuit Court, 23rd District, Position 5",,,Glen D. Baisinger,109
Linn,55,"Judge of the Circuit Court, 23rd District, Position 5",,,Write-ins,0
Linn,55,"Judge of the Circuit Court, 23rd District, Position 5",,,Over Votes,0
Linn,55,"Judge of the Circuit Court, 23rd District, Position 5",,,Under Votes,101
Linn,56,"Judge of the Circuit Court, 23rd District, Position 5",,,Glen D. Baisinger,137
Linn,56,"Judge of the Circuit Court, 23rd District, Position 5",,,Write-ins,1
Linn,56,"Judge of the Circuit Court, 23rd District, Position 5",,,Over Votes,0
Linn,56,"Judge of the Circuit Court, 23rd District, Position 5",,,Under Votes,138
Linn,57,"Judge of the Circuit Court, 23rd District, Position 5",,,Glen D. Baisinger,76
Linn,57,"Judge of the Circuit Court, 23rd District, Position 5",,,Write-ins,0
Linn,57,"Judge of the Circuit Court, 23rd District, Position 5",,,Over Votes,0
Linn,57,"Judge of the Circuit Court, 23rd District, Position 5",,,Under Votes,32
Linn,62,"Judge of the Circuit Court, 23rd District, Position 5",,,Glen D. Baisinger,1003
Linn,62,"Judge of the Circuit Court, 23rd District, Position 5",,,Write-ins,12
Linn,62,"Judge of the Circuit Court, 23rd District, Position 5",,,Over Votes,0
Linn,62,"Judge of the Circuit Court, 23rd District, Position 5",,,Under Votes,787
Linn,63,"Judge of the Circuit Court, 23rd District, Position 5",,,Glen D. Baisinger,451
Linn,63,"Judge of the Circuit Court, 23rd District, Position 5",,,Write-ins,1
Linn,63,"Judge of the Circuit Court, 23rd District, Position 5",,,Over Votes,0
Linn,63,"Judge of the Circuit Court, 23rd District, Position 5",,,Under Votes,405
Linn,65,"Judge of the Circuit Court, 23rd District, Position 5",,,Glen D. Baisinger,17
Linn,65,"Judge of the Circuit Court, 23rd District, Position 5",,,Write-ins,0
Linn,65,"Judge of the Circuit Court, 23rd District, Position 5",,,Over Votes,0
Linn,65,"Judge of the Circuit Court, 23rd District, Position 5",,,Under Votes,6
Linn,66,"Judge of the Circuit Court, 23rd District, Position 5",,,Glen D. Baisinger,70
Linn,66,"Judge of the Circuit Court, 23rd District, Position 5",,,Write-ins,1
Linn,66,"Judge of the Circuit Court, 23rd District, Position 5",,,Over Votes,0
Linn,66,"Judge of the Circuit Court, 23rd District, Position 5",,,Under Votes,42
Linn,70,"Judge of the Circuit Court, 23rd District, Position 5",,,Glen D. Baisinger,322
Linn,70,"Judge of the Circuit Court, 23rd District, Position 5",,,Write-ins,4
Linn,70,"Judge of the Circuit Court, 23rd District, Position 5",,,Over Votes,0
Linn,70,"Judge of the Circuit Court, 23rd District, Position 5",,,Under Votes,242
Linn,73,"Judge of the Circuit Court, 23rd District, Position 5",,,Glen D. Baisinger,171
Linn,73,"Judge of the Circuit Court, 23rd District, Position 5",,,Write-ins,2
Linn,73,"Judge of the Circuit Court, 23rd District, Position 5",,,Over Votes,0
Linn,73,"Judge of the Circuit Court, 23rd District, Position 5",,,Under Votes,133
Linn,75,"Judge of the Circuit Court, 23rd District, Position 5",,,Glen D. Baisinger,168
Linn,75,"Judge of the Circuit Court, 23rd District, Position 5",,,Write-ins,1
Linn,75,"Judge of the Circuit Court, 23rd District, Position 5",,,Over Votes,0
Linn,75,"Judge of the Circuit Court, 23rd District, Position 5",,,Under Votes,165
Linn,77,"Judge of the Circuit Court, 23rd District, Position 5",,,Glen D. Baisinger,96
Linn,77,"Judge of the Circuit Court, 23rd District, Position 5",,,Write-ins,2
Linn,77,"Judge of the Circuit Court, 23rd District, Position 5",,,Over Votes,0
Linn,77,"Judge of the Circuit Court, 23rd District, Position 5",,,Under Votes,70
Linn,78,"Judge of the Circuit Court, 23rd District, Position 5",,,Glen D. Baisinger,196
Linn,78,"Judge of the Circuit Court, 23rd District, Position 5",,,Write-ins,1
Linn,78,"Judge of the Circuit Court, 23rd District, Position 5",,,Over Votes,0
Linn,78,"Judge of the Circuit Court, 23rd District, Position 5",,,Under Votes,102
Linn,79,"Judge of the Circuit Court, 23rd District, Position 5",,,Glen D. Baisinger,490
Linn,79,"Judge of the Circuit Court, 23rd District, Position 5",,,Write-ins,2
Linn,79,"Judge of the Circuit Court, 23rd District, Position 5",,,Over Votes,0
Linn,79,"Judge of the Circuit Court, 23rd District, Position 5",,,Under Votes,263
Linn,86,"Judge of the Circuit Court, 23rd District, Position 5",,,Glen D. Baisinger,285
Linn,86,"Judge of the Circuit Court, 23rd District, Position 5",,,Write-ins,2
Linn,86,"Judge of the Circuit Court, 23rd District, Position 5",,,Over Votes,0
Linn,86,"Judge of the Circuit Court, 23rd District, Position 5",,,Under Votes,224
Linn,91,"Judge of the Circuit Court, 23rd District, Position 5",,,Glen D. Baisinger,470
Linn,91,"Judge of the Circuit Court, 23rd District, Position 5",,,Write-ins,8
Linn,91,"Judge of the Circuit Court, 23rd District, Position 5",,,Over Votes,0
Linn,91,"Judge of the Circuit Court, 23rd District, Position 5",,,Under Votes,346
Linn,97,"Judge of the Circuit Court, 23rd District, Position 5",,,Glen D. Baisinger,441
Linn,97,"Judge of the Circuit Court, 23rd District, Position 5",,,Write-ins,2
Linn,97,"Judge of the Circuit Court, 23rd District, Position 5",,,Over Votes,0
Linn,97,"Judge of the Circuit Court, 23rd District, Position 5",,,Under Votes,312
Linn,99,"Judge of the Circuit Court, 23rd District, Position 5",,,Glen D. Baisinger,88
Linn,99,"Judge of the Circuit Court, 23rd District, Position 5",,,Write-ins,0
Linn,99,"Judge of the Circuit Court, 23rd District, Position 5",,,Over Votes,0
Linn,99,"Judge of the Circuit Court, 23rd District, Position 5",,,Under Votes,77
Linn,100,"Judge of the Circuit Court, 23rd District, Position 5",,,Glen D. Baisinger,1193
Linn,100,"Judge of the Circuit Court, 23rd District, Position 5",,,Write-ins,15
Linn,100,"Judge of the Circuit Court, 23rd District, Position 5",,,Over Votes,0
Linn,100,"Judge of the Circuit Court, 23rd District, Position 5",,,Under Votes,724
Linn,101,"Judge of the Circuit Court, 23rd District, Position 5",,,Glen D. Baisinger,109
Linn,101,"Judge of the Circuit Court, 23rd District, Position 5",,,Write-ins,4
Linn,101,"Judge of the Circuit Court, 23rd District, Position 5",,,Over Votes,0
Linn,101,"Judge of the Circuit Court, 23rd District, Position 5",,,Under Votes,89
Linn,103,"Judge of the Circuit Court, 23rd District, Position 5",,,Glen D. Baisinger,174
Linn,103,"Judge of the Circuit Court, 23rd District, Position 5",,,Write-ins,5
Linn,103,"Judge of the Circuit Court, 23rd District, Position 5",,,Over Votes,0
Linn,103,"Judge of the Circuit Court, 23rd District, Position 5",,,Under Votes,178
Linn,104,"Judge of the Circuit Court, 23rd District, Position 5",,,Glen D. Baisinger,147
Linn,104,"Judge of the Circuit Court, 23rd District, Position 5",,,Write-ins,1
Linn,104,"Judge of the Circuit Court, 23rd District, Position 5",,,Over Votes,0
Linn,104,"Judge of the Circuit Court, 23rd District, Position 5",,,Under Votes,107
Linn,107,"Judge of the Circuit Court, 23rd District, Position 5",,,Glen D. Baisinger,1149
Linn,107,"Judge of the Circuit Court, 23rd District, Position 5",,,Write-ins,5
Linn,107,"Judge of the Circuit Court, 23rd District, Position 5",,,Over Votes,0
Linn,107,"Judge of the Circuit Court, 23rd District, Position 5",,,Under Votes,805
Linn,108,"Judge of the Circuit Court, 23rd District, Position 5",,,Glen D. Baisinger,735
Linn,108,"Judge of the Circuit Court, 23rd District, Position 5",,,Write-ins,3
Linn,108,"Judge of the Circuit Court, 23rd District, Position 5",,,Over Votes,0
Linn,108,"Judge of the Circuit Court, 23rd District, Position 5",,,Under Votes,424
Linn,1,"Judge of the Court of Appeals, Position 10",,,Rex Armstrong,1115
Linn,1,"Judge of the Court of Appeals, Position 10",,,Write-ins,4
Linn,1,"Judge of the Court of Appeals, Position 10",,,Over Votes,0
Linn,1,"Judge of the Court of Appeals, Position 10",,,Under Votes,978
Linn,18,"Judge of the Court of Appeals, Position 10",,,Rex Armstrong,888
Linn,18,"Judge of the Court of Appeals, Position 10",,,Write-ins,8
Linn,18,"Judge of the Court of Appeals, Position 10",,,Over Votes,0
Linn,18,"Judge of the Court of Appeals, Position 10",,,Under Votes,698
Linn,19,"Judge of the Court of Appeals, Position 10",,,Rex Armstrong,204
Linn,19,"Judge of the Court of Appeals, Position 10",,,Write-ins,2
Linn,19,"Judge of the Court of Appeals, Position 10",,,Over Votes,0
Linn,19,"Judge of the Court of Appeals, Position 10",,,Under Votes,215
Linn,20,"Judge of the Court of Appeals, Position 10",,,Rex Armstrong,105
Linn,20,"Judge of the Court of Appeals, Position 10",,,Write-ins,1
Linn,20,"Judge of the Court of Appeals, Position 10",,,Over Votes,0
Linn,20,"Judge of the Court of Appeals, Position 10",,,Under Votes,111
Linn,21,"Judge of the Court of Appeals, Position 10",,,Rex Armstrong,85
Linn,21,"Judge of the Court of Appeals, Position 10",,,Write-ins,1
Linn,21,"Judge of the Court of Appeals, Position 10",,,Over Votes,0
Linn,21,"Judge of the Court of Appeals, Position 10",,,Under Votes,83
Linn,22,"Judge of the Court of Appeals, Position 10",,,Rex Armstrong,4
Linn,22,"Judge of the Court of Appeals, Position 10",,,Write-ins,0
Linn,22,"Judge of the Court of Appeals, Position 10",,,Over Votes,0
Linn,22,"Judge of the Court of Appeals, Position 10",,,Under Votes,10
Linn,23,"Judge of the Court of Appeals, Position 10",,,Rex Armstrong,198
Linn,23,"Judge of the Court of Appeals, Position 10",,,Write-ins,0
Linn,23,"Judge of the Court of Appeals, Position 10",,,Over Votes,0
Linn,23,"Judge of the Court of Appeals, Position 10",,,Under Votes,233
Linn,26,"Judge of the Court of Appeals, Position 10",,,Rex Armstrong,53
Linn,26,"Judge of the Court of Appeals, Position 10",,,Write-ins,0
Linn,26,"Judge of the Court of Appeals, Position 10",,,Over Votes,0
Linn,26,"Judge of the Court of Appeals, Position 10",,,Under Votes,56
Linn,27,"Judge of the Court of Appeals, Position 10",,,Rex Armstrong,81
Linn,27,"Judge of the Court of Appeals, Position 10",,,Write-ins,0
Linn,27,"Judge of the Court of Appeals, Position 10",,,Over Votes,0
Linn,27,"Judge of the Court of Appeals, Position 10",,,Under Votes,104
Linn,28,"Judge of the Court of Appeals, Position 10",,,Rex Armstrong,118
Linn,28,"Judge of the Court of Appeals, Position 10",,,Write-ins,0
Linn,28,"Judge of the Court of Appeals, Position 10",,,Over Votes,0
Linn,28,"Judge of the Court of Appeals, Position 10",,,Under Votes,102
Linn,29,"Judge of the Court of Appeals, Position 10",,,Rex Armstrong,404
Linn,29,"Judge of the Court of Appeals, Position 10",,,Write-ins,3
Linn,29,"Judge of the Court of Appeals, Position 10",,,Over Votes,0
Linn,29,"Judge of the Court of Appeals, Position 10",,,Under Votes,409
Linn,30,"Judge of the Court of Appeals, Position 10",,,Rex Armstrong,44
Linn,30,"Judge of the Court of Appeals, Position 10",,,Write-ins,0
Linn,30,"Judge of the Court of Appeals, Position 10",,,Over Votes,0
Linn,30,"Judge of the Court of Appeals, Position 10",,,Under Votes,40
Linn,31,"Judge of the Court of Appeals, Position 10",,,Rex Armstrong,187
Linn,31,"Judge of the Court of Appeals, Position 10",,,Write-ins,3
Linn,31,"Judge of the Court of Appeals, Position 10",,,Over Votes,0
Linn,31,"Judge of the Court of Appeals, Position 10",,,Under Votes,199
Linn,32,"Judge of the Court of Appeals, Position 10",,,Rex Armstrong,118
Linn,32,"Judge of the Court of Appeals, Position 10",,,Write-ins,0
Linn,32,"Judge of the Court of Appeals, Position 10",,,Over Votes,0
Linn,32,"Judge of the Court of Appeals, Position 10",,,Under Votes,133
Linn,34,"Judge of the Court of Appeals, Position 10",,,Rex Armstrong,72
Linn,34,"Judge of the Court of Appeals, Position 10",,,Write-ins,1
Linn,34,"Judge of the Court of Appeals, Position 10",,,Over Votes,0
Linn,34,"Judge of the Court of Appeals, Position 10",,,Under Votes,89
Linn,35,"Judge of the Court of Appeals, Position 10",,,Rex Armstrong,254
Linn,35,"Judge of the Court of Appeals, Position 10",,,Write-ins,2
Linn,35,"Judge of the Court of Appeals, Position 10",,,Over Votes,0
Linn,35,"Judge of the Court of Appeals, Position 10",,,Under Votes,270
Linn,37,"Judge of the Court of Appeals, Position 10",,,Rex Armstrong,497
Linn,37,"Judge of the Court of Appeals, Position 10",,,Write-ins,2
Linn,37,"Judge of the Court of Appeals, Position 10",,,Over Votes,0
Linn,37,"Judge of the Court of Appeals, Position 10",,,Under Votes,445
Linn,40,"Judge of the Court of Appeals, Position 10",,,Rex Armstrong,2
Linn,40,"Judge of the Court of Appeals, Position 10",,,Write-ins,0
Linn,40,"Judge of the Court of Appeals, Position 10",,,Over Votes,0
Linn,40,"Judge of the Court of Appeals, Position 10",,,Under Votes,0
Linn,43,"Judge of the Court of Appeals, Position 10",,,Rex Armstrong,122
Linn,43,"Judge of the Court of Appeals, Position 10",,,Write-ins,1
Linn,43,"Judge of the Court of Appeals, Position 10",,,Over Votes,0
Linn,43,"Judge of the Court of Appeals, Position 10",,,Under Votes,108
Linn,44,"Judge of the Court of Appeals, Position 10",,,Rex Armstrong,173
Linn,44,"Judge of the Court of Appeals, Position 10",,,Write-ins,1
Linn,44,"Judge of the Court of Appeals, Position 10",,,Over Votes,0
Linn,44,"Judge of the Court of Appeals, Position 10",,,Under Votes,162
Linn,45,"Judge of the Court of Appeals, Position 10",,,Rex Armstrong,198
Linn,45,"Judge of the Court of Appeals, Position 10",,,Write-ins,1
Linn,45,"Judge of the Court of Appeals, Position 10",,,Over Votes,0
Linn,45,"Judge of the Court of Appeals, Position 10",,,Under Votes,178
Linn,46,"Judge of the Court of Appeals, Position 10",,,Rex Armstrong,219
Linn,46,"Judge of the Court of Appeals, Position 10",,,Write-ins,2
Linn,46,"Judge of the Court of Appeals, Position 10",,,Over Votes,0
Linn,46,"Judge of the Court of Appeals, Position 10",,,Under Votes,165
Linn,47,"Judge of the Court of Appeals, Position 10",,,Rex Armstrong,53
Linn,47,"Judge of the Court of Appeals, Position 10",,,Write-ins,0
Linn,47,"Judge of the Court of Appeals, Position 10",,,Over Votes,0
Linn,47,"Judge of the Court of Appeals, Position 10",,,Under Votes,74
Linn,49,"Judge of the Court of Appeals, Position 10",,,Rex Armstrong,7
Linn,49,"Judge of the Court of Appeals, Position 10",,,Write-ins,0
Linn,49,"Judge of the Court of Appeals, Position 10",,,Over Votes,0
Linn,49,"Judge of the Court of Appeals, Position 10",,,Under Votes,6
Linn,51,"Judge of the Court of Appeals, Position 10",,,Rex Armstrong,161
Linn,51,"Judge of the Court of Appeals, Position 10",,,Write-ins,1
Linn,51,"Judge of the Court of Appeals, Position 10",,,Over Votes,0
Linn,51,"Judge of the Court of Appeals, Position 10",,,Under Votes,170
Linn,52,"Judge of the Court of Appeals, Position 10",,,Rex Armstrong,47
Linn,52,"Judge of the Court of Appeals, Position 10",,,Write-ins,0
Linn,52,"Judge of the Court of Appeals, Position 10",,,Over Votes,0
Linn,52,"Judge of the Court of Appeals, Position 10",,,Under Votes,56
Linn,53,"Judge of the Court of Appeals, Position 10",,,Rex Armstrong,163
Linn,53,"Judge of the Court of Appeals, Position 10",,,Write-ins,1
Linn,53,"Judge of the Court of Appeals, Position 10",,,Over Votes,0
Linn,53,"Judge of the Court of Appeals, Position 10",,,Under Votes,147
Linn,54,"Judge of the Court of Appeals, Position 10",,,Rex Armstrong,67
Linn,54,"Judge of the Court of Appeals, Position 10",,,Write-ins,1
Linn,54,"Judge of the Court of Appeals, Position 10",,,Over Votes,0
Linn,54,"Judge of the Court of Appeals, Position 10",,,Under Votes,109
Linn,55,"Judge of the Court of Appeals, Position 10",,,Rex Armstrong,101
Linn,55,"Judge of the Court of Appeals, Position 10",,,Write-ins,0
Linn,55,"Judge of the Court of Appeals, Position 10",,,Over Votes,0
Linn,55,"Judge of the Court of Appeals, Position 10",,,Under Votes,109
Linn,56,"Judge of the Court of Appeals, Position 10",,,Rex Armstrong,138
Linn,56,"Judge of the Court of Appeals, Position 10",,,Write-ins,1
Linn,56,"Judge of the Court of Appeals, Position 10",,,Over Votes,0
Linn,56,"Judge of the Court of Appeals, Position 10",,,Under Votes,137
Linn,57,"Judge of the Court of Appeals, Position 10",,,Rex Armstrong,69
Linn,57,"Judge of the Court of Appeals, Position 10",,,Write-ins,0
Linn,57,"Judge of the Court of Appeals, Position 10",,,Over Votes,0
Linn,57,"Judge of the Court of Appeals, Position 10",,,Under Votes,39
Linn,62,"Judge of the Court of Appeals, Position 10",,,Rex Armstrong,959
Linn,62,"Judge of the Court of Appeals, Position 10",,,Write-ins,7
Linn,62,"Judge of the Court of Appeals, Position 10",,,Over Votes,0
Linn,62,"Judge of the Court of Appeals, Position 10",,,Under Votes,836
Linn,63,"Judge of the Court of Appeals, Position 10",,,Rex Armstrong,374
Linn,63,"Judge of the Court of Appeals, Position 10",,,Write-ins,2
Linn,63,"Judge of the Court of Appeals, Position 10",,,Over Votes,0
Linn,63,"Judge of the Court of Appeals, Position 10",,,Under Votes,481
Linn,65,"Judge of the Court of Appeals, Position 10",,,Rex Armstrong,14
Linn,65,"Judge of the Court of Appeals, Position 10",,,Write-ins,0
Linn,65,"Judge of the Court of Appeals, Position 10",,,Over Votes,0
Linn,65,"Judge of the Court of Appeals, Position 10",,,Under Votes,9
Linn,66,"Judge of the Court of Appeals, Position 10",,,Rex Armstrong,66
Linn,66,"Judge of the Court of Appeals, Position 10",,,Write-ins,1
Linn,66,"Judge of the Court of Appeals, Position 10",,,Over Votes,0
Linn,66,"Judge of the Court of Appeals, Position 10",,,Under Votes,46
Linn,70,"Judge of the Court of Appeals, Position 10",,,Rex Armstrong,267
Linn,70,"Judge of the Court of Appeals, Position 10",,,Write-ins,2
Linn,70,"Judge of the Court of Appeals, Position 10",,,Over Votes,0
Linn,70,"Judge of the Court of Appeals, Position 10",,,Under Votes,299
Linn,73,"Judge of the Court of Appeals, Position 10",,,Rex Armstrong,152
Linn,73,"Judge of the Court of Appeals, Position 10",,,Write-ins,1
Linn,73,"Judge of the Court of Appeals, Position 10",,,Over Votes,0
Linn,73,"Judge of the Court of Appeals, Position 10",,,Under Votes,153
Linn,75,"Judge of the Court of Appeals, Position 10",,,Rex Armstrong,155
Linn,75,"Judge of the Court of Appeals, Position 10",,,Write-ins,0
Linn,75,"Judge of the Court of Appeals, Position 10",,,Over Votes,0
Linn,75,"Judge of the Court of Appeals, Position 10",,,Under Votes,179
Linn,77,"Judge of the Court of Appeals, Position 10",,,Rex Armstrong,85
Linn,77,"Judge of the Court of Appeals, Position 10",,,Write-ins,1
Linn,77,"Judge of the Court of Appeals, Position 10",,,Over Votes,0
Linn,77,"Judge of the Court of Appeals, Position 10",,,Under Votes,82
Linn,78,"Judge of the Court of Appeals, Position 10",,,Rex Armstrong,182
Linn,78,"Judge of the Court of Appeals, Position 10",,,Write-ins,0
Linn,78,"Judge of the Court of Appeals, Position 10",,,Over Votes,0
Linn,78,"Judge of the Court of Appeals, Position 10",,,Under Votes,117
Linn,79,"Judge of the Court of Appeals, Position 10",,,Rex Armstrong,444
Linn,79,"Judge of the Court of Appeals, Position 10",,,Write-ins,2
Linn,79,"Judge of the Court of Appeals, Position 10",,,Over Votes,0
Linn,79,"Judge of the Court of Appeals, Position 10",,,Under Votes,309
Linn,86,"Judge of the Court of Appeals, Position 10",,,Rex Armstrong,249
Linn,86,"Judge of the Court of Appeals, Position 10",,,Write-ins,0
Linn,86,"Judge of the Court of Appeals, Position 10",,,Over Votes,0
Linn,86,"Judge of the Court of Appeals, Position 10",,,Under Votes,262
Linn,91,"Judge of the Court of Appeals, Position 10",,,Rex Armstrong,428
Linn,91,"Judge of the Court of Appeals, Position 10",,,Write-ins,4
Linn,91,"Judge of the Court of Appeals, Position 10",,,Over Votes,0
Linn,91,"Judge of the Court of Appeals, Position 10",,,Under Votes,392
Linn,97,"Judge of the Court of Appeals, Position 10",,,Rex Armstrong,386
Linn,97,"Judge of the Court of Appeals, Position 10",,,Write-ins,1
Linn,97,"Judge of the Court of Appeals, Position 10",,,Over Votes,0
Linn,97,"Judge of the Court of Appeals, Position 10",,,Under Votes,368
Linn,99,"Judge of the Court of Appeals, Position 10",,,Rex Armstrong,83
Linn,99,"Judge of the Court of Appeals, Position 10",,,Write-ins,0
Linn,99,"Judge of the Court of Appeals, Position 10",,,Over Votes,0
Linn,99,"Judge of the Court of Appeals, Position 10",,,Under Votes,82
Linn,100,"Judge of the Court of Appeals, Position 10",,,Rex Armstrong,1123
Linn,100,"Judge of the Court of Appeals, Position 10",,,Write-ins,13
Linn,100,"Judge of the Court of Appeals, Position 10",,,Over Votes,0
Linn,100,"Judge of the Court of Appeals, Position 10",,,Under Votes,796
Linn,101,"Judge of the Court of Appeals, Position 10",,,Rex Armstrong,108
Linn,101,"Judge of the Court of Appeals, Position 10",,,Write-ins,5
Linn,101,"Judge of the Court of Appeals, Position 10",,,Over Votes,0
Linn,101,"Judge of the Court of Appeals, Position 10",,,Under Votes,89
Linn,103,"Judge of the Court of Appeals, Position 10",,,Rex Armstrong,171
Linn,103,"Judge of the Court of Appeals, Position 10",,,Write-ins,5
Linn,103,"Judge of the Court of Appeals, Position 10",,,Over Votes,0
Linn,103,"Judge of the Court of Appeals, Position 10",,,Under Votes,181
Linn,104,"Judge of the Court of Appeals, Position 10",,,Rex Armstrong,135
Linn,104,"Judge of the Court of Appeals, Position 10",,,Write-ins,1
Linn,104,"Judge of the Court of Appeals, Position 10",,,Over Votes,0
Linn,104,"Judge of the Court of Appeals, Position 10",,,Under Votes,119
Linn,107,"Judge of the Court of Appeals, Position 10",,,Rex Armstrong,1027
Linn,107,"Judge of the Court of Appeals, Position 10",,,Write-ins,2
Linn,107,"Judge of the Court of Appeals, Position 10",,,Over Votes,0
Linn,107,"Judge of the Court of Appeals, Position 10",,,Under Votes,930
Linn,108,"Judge of the Court of Appeals, Position 10",,,Rex Armstrong,666
Linn,108,"Judge of the Court of Appeals, Position 10",,,Write-ins,2
Linn,108,"Judge of the Court of Appeals, Position 10",,,Over Votes,1
Linn,108,"Judge of the Court of Appeals, Position 10",,,Under Votes,493
Linn,1,"Judge of the Court of Appeals, Position 5",,,Rick Haselton,1169
Linn,1,"Judge of the Court of Appeals, Position 5",,,Write-ins,7
Linn,1,"Judge of the Court of Appeals, Position 5",,,Over Votes,0
Linn,1,"Judge of the Court of Appeals, Position 5",,,Under Votes,921
Linn,18,"Judge of the Court of Appeals, Position 5",,,Rick Haselton,909
Linn,18,"Judge of the Court of Appeals, Position 5",,,Write-ins,6
Linn,18,"Judge of the Court of Appeals, Position 5",,,Over Votes,0
Linn,18,"Judge of the Court of Appeals, Position 5",,,Under Votes,679
Linn,19,"Judge of the Court of Appeals, Position 5",,,Rick Haselton,218
Linn,19,"Judge of the Court of Appeals, Position 5",,,Write-ins,2
Linn,19,"Judge of the Court of Appeals, Position 5",,,Over Votes,0
Linn,19,"Judge of the Court of Appeals, Position 5",,,Under Votes,201
Linn,20,"Judge of the Court of Appeals, Position 5",,,Rick Haselton,112
Linn,20,"Judge of the Court of Appeals, Position 5",,,Write-ins,1
Linn,20,"Judge of the Court of Appeals, Position 5",,,Over Votes,0
Linn,20,"Judge of the Court of Appeals, Position 5",,,Under Votes,104
Linn,21,"Judge of the Court of Appeals, Position 5",,,Rick Haselton,83
Linn,21,"Judge of the Court of Appeals, Position 5",,,Write-ins,1
Linn,21,"Judge of the Court of Appeals, Position 5",,,Over Votes,0
Linn,21,"Judge of the Court of Appeals, Position 5",,,Under Votes,85
Linn,22,"Judge of the Court of Appeals, Position 5",,,Rick Haselton,4
Linn,22,"Judge of the Court of Appeals, Position 5",,,Write-ins,0
Linn,22,"Judge of the Court of Appeals, Position 5",,,Over Votes,0
Linn,22,"Judge of the Court of Appeals, Position 5",,,Under Votes,10
Linn,23,"Judge of the Court of Appeals, Position 5",,,Rick Haselton,203
Linn,23,"Judge of the Court of Appeals, Position 5",,,Write-ins,0
Linn,23,"Judge of the Court of Appeals, Position 5",,,Over Votes,0
Linn,23,"Judge of the Court of Appeals, Position 5",,,Under Votes,228
Linn,26,"Judge of the Court of Appeals, Position 5",,,Rick Haselton,55
Linn,26,"Judge of the Court of Appeals, Position 5",,,Write-ins,0
Linn,26,"Judge of the Court of Appeals, Position 5",,,Over Votes,0
Linn,26,"Judge of the Court of Appeals, Position 5",,,Under Votes,54
Linn,27,"Judge of the Court of Appeals, Position 5",,,Rick Haselton,83
Linn,27,"Judge of the Court of Appeals, Position 5",,,Write-ins,1
Linn,27,"Judge of the Court of Appeals, Position 5",,,Over Votes,0
Linn,27,"Judge of the Court of Appeals, Position 5",,,Under Votes,101
Linn,28,"Judge of the Court of Appeals, Position 5",,,Rick Haselton,115
Linn,28,"Judge of the Court of Appeals, Position 5",,,Write-ins,0
Linn,28,"Judge of the Court of Appeals, Position 5",,,Over Votes,0
Linn,28,"Judge of the Court of Appeals, Position 5",,,Under Votes,105
Linn,29,"Judge of the Court of Appeals, Position 5",,,Rick Haselton,410
Linn,29,"Judge of the Court of Appeals, Position 5",,,Write-ins,3
Linn,29,"Judge of the Court of Appeals, Position 5",,,Over Votes,0
Linn,29,"Judge of the Court of Appeals, Position 5",,,Under Votes,403
Linn,30,"Judge of the Court of Appeals, Position 5",,,Rick Haselton,45
Linn,30,"Judge of the Court of Appeals, Position 5",,,Write-ins,0
Linn,30,"Judge of the Court of Appeals, Position 5",,,Over Votes,0
Linn,30,"Judge of the Court of Appeals, Position 5",,,Under Votes,39
Linn,31,"Judge of the Court of Appeals, Position 5",,,Rick Haselton,190
Linn,31,"Judge of the Court of Appeals, Position 5",,,Write-ins,2
Linn,31,"Judge of the Court of Appeals, Position 5",,,Over Votes,0
Linn,31,"Judge of the Court of Appeals, Position 5",,,Under Votes,197
Linn,32,"Judge of the Court of Appeals, Position 5",,,Rick Haselton,122
Linn,32,"Judge of the Court of Appeals, Position 5",,,Write-ins,0
Linn,32,"Judge of the Court of Appeals, Position 5",,,Over Votes,0
Linn,32,"Judge of the Court of Appeals, Position 5",,,Under Votes,129
Linn,34,"Judge of the Court of Appeals, Position 5",,,Rick Haselton,81
Linn,34,"Judge of the Court of Appeals, Position 5",,,Write-ins,0
Linn,34,"Judge of the Court of Appeals, Position 5",,,Over Votes,0
Linn,34,"Judge of the Court of Appeals, Position 5",,,Under Votes,81
Linn,35,"Judge of the Court of Appeals, Position 5",,,Rick Haselton,268
Linn,35,"Judge of the Court of Appeals, Position 5",,,Write-ins,2
Linn,35,"Judge of the Court of Appeals, Position 5",,,Over Votes,0
Linn,35,"Judge of the Court of Appeals, Position 5",,,Under Votes,256
Linn,37,"Judge of the Court of Appeals, Position 5",,,Rick Haselton,526
Linn,37,"Judge of the Court of Appeals, Position 5",,,Write-ins,1
Linn,37,"Judge of the Court of Appeals, Position 5",,,Over Votes,0
Linn,37,"Judge of the Court of Appeals, Position 5",,,Under Votes,417
Linn,40,"Judge of the Court of Appeals, Position 5",,,Rick Haselton,2
Linn,40,"Judge of the Court of Appeals, Position 5",,,Write-ins,0
Linn,40,"Judge of the Court of Appeals, Position 5",,,Over Votes,0
Linn,40,"Judge of the Court of Appeals, Position 5",,,Under Votes,0
Linn,43,"Judge of the Court of Appeals, Position 5",,,Rick Haselton,127
Linn,43,"Judge of the Court of Appeals, Position 5",,,Write-ins,2
Linn,43,"Judge of the Court of Appeals, Position 5",,,Over Votes,0
Linn,43,"Judge of the Court of Appeals, Position 5",,,Under Votes,102
Linn,44,"Judge of the Court of Appeals, Position 5",,,Rick Haselton,178
Linn,44,"Judge of the Court of Appeals, Position 5",,,Write-ins,0
Linn,44,"Judge of the Court of Appeals, Position 5",,,Over Votes,0
Linn,44,"Judge of the Court of Appeals, Position 5",,,Under Votes,158
Linn,45,"Judge of the Court of Appeals, Position 5",,,Rick Haselton,211
Linn,45,"Judge of the Court of Appeals, Position 5",,,Write-ins,1
Linn,45,"Judge of the Court of Appeals, Position 5",,,Over Votes,0
Linn,45,"Judge of the Court of Appeals, Position 5",,,Under Votes,165
Linn,46,"Judge of the Court of Appeals, Position 5",,,Rick Haselton,223
Linn,46,"Judge of the Court of Appeals, Position 5",,,Write-ins,1
Linn,46,"Judge of the Court of Appeals, Position 5",,,Over Votes,0
Linn,46,"Judge of the Court of Appeals, Position 5",,,Under Votes,162
Linn,47,"Judge of the Court of Appeals, Position 5",,,Rick Haselton,57
Linn,47,"Judge of the Court of Appeals, Position 5",,,Write-ins,0
Linn,47,"Judge of the Court of Appeals, Position 5",,,Over Votes,0
Linn,47,"Judge of the Court of Appeals, Position 5",,,Under Votes,70
Linn,49,"Judge of the Court of Appeals, Position 5",,,Rick Haselton,7
Linn,49,"Judge of the Court of Appeals, Position 5",,,Write-ins,0
Linn,49,"Judge of the Court of Appeals, Position 5",,,Over Votes,0
Linn,49,"Judge of the Court of Appeals, Position 5",,,Under Votes,6
Linn,51,"Judge of the Court of Appeals, Position 5",,,Rick Haselton,163
Linn,51,"Judge of the Court of Appeals, Position 5",,,Write-ins,0
Linn,51,"Judge of the Court of Appeals, Position 5",,,Over Votes,0
Linn,51,"Judge of the Court of Appeals, Position 5",,,Under Votes,169
Linn,52,"Judge of the Court of Appeals, Position 5",,,Rick Haselton,49
Linn,52,"Judge of the Court of Appeals, Position 5",,,Write-ins,0
Linn,52,"Judge of the Court of Appeals, Position 5",,,Over Votes,0
Linn,52,"Judge of the Court of Appeals, Position 5",,,Under Votes,54
Linn,53,"Judge of the Court of Appeals, Position 5",,,Rick Haselton,168
Linn,53,"Judge of the Court of Appeals, Position 5",,,Write-ins,1
Linn,53,"Judge of the Court of Appeals, Position 5",,,Over Votes,0
Linn,53,"Judge of the Court of Appeals, Position 5",,,Under Votes,142
Linn,54,"Judge of the Court of Appeals, Position 5",,,Rick Haselton,75
Linn,54,"Judge of the Court of Appeals, Position 5",,,Write-ins,0
Linn,54,"Judge of the Court of Appeals, Position 5",,,Over Votes,0
Linn,54,"Judge of the Court of Appeals, Position 5",,,Under Votes,102
Linn,55,"Judge of the Court of Appeals, Position 5",,,Rick Haselton,101
Linn,55,"Judge of the Court of Appeals, Position 5",,,Write-ins,0
Linn,55,"Judge of the Court of Appeals, Position 5",,,Over Votes,0
Linn,55,"Judge of the Court of Appeals, Position 5",,,Under Votes,109
Linn,56,"Judge of the Court of Appeals, Position 5",,,Rick Haselton,144
Linn,56,"Judge of the Court of Appeals, Position 5",,,Write-ins,1
Linn,56,"Judge of the Court of Appeals, Position 5",,,Over Votes,0
Linn,56,"Judge of the Court of Appeals, Position 5",,,Under Votes,131
Linn,57,"Judge of the Court of Appeals, Position 5",,,Rick Haselton,70
Linn,57,"Judge of the Court of Appeals, Position 5",,,Write-ins,0
Linn,57,"Judge of the Court of Appeals, Position 5",,,Over Votes,0
Linn,57,"Judge of the Court of Appeals, Position 5",,,Under Votes,38
Linn,62,"Judge of the Court of Appeals, Position 5",,,Rick Haselton,981
Linn,62,"Judge of the Court of Appeals, Position 5",,,Write-ins,9
Linn,62,"Judge of the Court of Appeals, Position 5",,,Over Votes,0
Linn,62,"Judge of the Court of Appeals, Position 5",,,Under Votes,812
Linn,63,"Judge of the Court of Appeals, Position 5",,,Rick Haselton,403
Linn,63,"Judge of the Court of Appeals, Position 5",,,Write-ins,5
Linn,63,"Judge of the Court of Appeals, Position 5",,,Over Votes,0
Linn,63,"Judge of the Court of Appeals, Position 5",,,Under Votes,449
Linn,65,"Judge of the Court of Appeals, Position 5",,,Rick Haselton,17
Linn,65,"Judge of the Court of Appeals, Position 5",,,Write-ins,0
Linn,65,"Judge of the Court of Appeals, Position 5",,,Over Votes,0
Linn,65,"Judge of the Court of Appeals, Position 5",,,Under Votes,6
Linn,66,"Judge of the Court of Appeals, Position 5",,,Rick Haselton,67
Linn,66,"Judge of the Court of Appeals, Position 5",,,Write-ins,2
Linn,66,"Judge of the Court of Appeals, Position 5",,,Over Votes,0
Linn,66,"Judge of the Court of Appeals, Position 5",,,Under Votes,44
Linn,70,"Judge of the Court of Appeals, Position 5",,,Rick Haselton,280
Linn,70,"Judge of the Court of Appeals, Position 5",,,Write-ins,1
Linn,70,"Judge of the Court of Appeals, Position 5",,,Over Votes,0
Linn,70,"Judge of the Court of Appeals, Position 5",,,Under Votes,287
Linn,73,"Judge of the Court of Appeals, Position 5",,,Rick Haselton,164
Linn,73,"Judge of the Court of Appeals, Position 5",,,Write-ins,1
Linn,73,"Judge of the Court of Appeals, Position 5",,,Over Votes,1
Linn,73,"Judge of the Court of Appeals, Position 5",,,Under Votes,140
Linn,75,"Judge of the Court of Appeals, Position 5",,,Rick Haselton,156
Linn,75,"Judge of the Court of Appeals, Position 5",,,Write-ins,0
Linn,75,"Judge of the Court of Appeals, Position 5",,,Over Votes,0
Linn,75,"Judge of the Court of Appeals, Position 5",,,Under Votes,178
Linn,77,"Judge of the Court of Appeals, Position 5",,,Rick Haselton,88
Linn,77,"Judge of the Court of Appeals, Position 5",,,Write-ins,1
Linn,77,"Judge of the Court of Appeals, Position 5",,,Over Votes,0
Linn,77,"Judge of the Court of Appeals, Position 5",,,Under Votes,79
Linn,78,"Judge of the Court of Appeals, Position 5",,,Rick Haselton,189
Linn,78,"Judge of the Court of Appeals, Position 5",,,Write-ins,0
Linn,78,"Judge of the Court of Appeals, Position 5",,,Over Votes,0
Linn,78,"Judge of the Court of Appeals, Position 5",,,Under Votes,110
Linn,79,"Judge of the Court of Appeals, Position 5",,,Rick Haselton,449
Linn,79,"Judge of the Court of Appeals, Position 5",,,Write-ins,2
Linn,79,"Judge of the Court of Appeals, Position 5",,,Over Votes,0
Linn,79,"Judge of the Court of Appeals, Position 5",,,Under Votes,304
Linn,86,"Judge of the Court of Appeals, Position 5",,,Rick Haselton,256
Linn,86,"Judge of the Court of Appeals, Position 5",,,Write-ins,0
Linn,86,"Judge of the Court of Appeals, Position 5",,,Over Votes,0
Linn,86,"Judge of the Court of Appeals, Position 5",,,Under Votes,255
Linn,91,"Judge of the Court of Appeals, Position 5",,,Rick Haselton,447
Linn,91,"Judge of the Court of Appeals, Position 5",,,Write-ins,8
Linn,91,"Judge of the Court of Appeals, Position 5",,,Over Votes,0
Linn,91,"Judge of the Court of Appeals, Position 5",,,Under Votes,369
Linn,97,"Judge of the Court of Appeals, Position 5",,,Rick Haselton,394
Linn,97,"Judge of the Court of Appeals, Position 5",,,Write-ins,2
Linn,97,"Judge of the Court of Appeals, Position 5",,,Over Votes,0
Linn,97,"Judge of the Court of Appeals, Position 5",,,Under Votes,359
Linn,99,"Judge of the Court of Appeals, Position 5",,,Rick Haselton,80
Linn,99,"Judge of the Court of Appeals, Position 5",,,Write-ins,0
Linn,99,"Judge of the Court of Appeals, Position 5",,,Over Votes,0
Linn,99,"Judge of the Court of Appeals, Position 5",,,Under Votes,85
Linn,100,"Judge of the Court of Appeals, Position 5",,,Rick Haselton,1140
Linn,100,"Judge of the Court of Appeals, Position 5",,,Write-ins,13
Linn,100,"Judge of the Court of Appeals, Position 5",,,Over Votes,0
Linn,100,"Judge of the Court of Appeals, Position 5",,,Under Votes,779
Linn,101,"Judge of the Court of Appeals, Position 5",,,Rick Haselton,108
Linn,101,"Judge of the Court of Appeals, Position 5",,,Write-ins,5
Linn,101,"Judge of the Court of Appeals, Position 5",,,Over Votes,0
Linn,101,"Judge of the Court of Appeals, Position 5",,,Under Votes,89
Linn,103,"Judge of the Court of Appeals, Position 5",,,Rick Haselton,178
Linn,103,"Judge of the Court of Appeals, Position 5",,,Write-ins,6
Linn,103,"Judge of the Court of Appeals, Position 5",,,Over Votes,0
Linn,103,"Judge of the Court of Appeals, Position 5",,,Under Votes,173
Linn,104,"Judge of the Court of Appeals, Position 5",,,Rick Haselton,142
Linn,104,"Judge of the Court of Appeals, Position 5",,,Write-ins,1
Linn,104,"Judge of the Court of Appeals, Position 5",,,Over Votes,0
Linn,104,"Judge of the Court of Appeals, Position 5",,,Under Votes,112
Linn,107,"Judge of the Court of Appeals, Position 5",,,Rick Haselton,1066
Linn,107,"Judge of the Court of Appeals, Position 5",,,Write-ins,2
Linn,107,"Judge of the Court of Appeals, Position 5",,,Over Votes,0
Linn,107,"Judge of the Court of Appeals, Position 5",,,Under Votes,891
Linn,108,"Judge of the Court of Appeals, Position 5",,,Rick Haselton,691
Linn,108,"Judge of the Court of Appeals, Position 5",,,Write-ins,2
Linn,108,"Judge of the Court of Appeals, Position 5",,,Over Votes,0
Linn,108,"Judge of the Court of Appeals, Position 5",,,Under Votes,469
Linn,1,"Judge of the Court of Appeals, Position 6",,,David V. Brewer,1144
Linn,1,"Judge of the Court of Appeals, Position 6",,,Write-ins,7
Linn,1,"Judge of the Court of Appeals, Position 6",,,Over Votes,0
Linn,1,"Judge of the Court of Appeals, Position 6",,,Under Votes,946
Linn,18,"Judge of the Court of Appeals, Position 6",,,David V. Brewer,901
Linn,18,"Judge of the Court of Appeals, Position 6",,,Write-ins,9
Linn,18,"Judge of the Court of Appeals, Position 6",,,Over Votes,0
Linn,18,"Judge of the Court of Appeals, Position 6",,,Under Votes,684
Linn,19,"Judge of the Court of Appeals, Position 6",,,David V. Brewer,217
Linn,19,"Judge of the Court of Appeals, Position 6",,,Write-ins,4
Linn,19,"Judge of the Court of Appeals, Position 6",,,Over Votes,0
Linn,19,"Judge of the Court of Appeals, Position 6",,,Under Votes,200
Linn,20,"Judge of the Court of Appeals, Position 6",,,David V. Brewer,107
Linn,20,"Judge of the Court of Appeals, Position 6",,,Write-ins,1
Linn,20,"Judge of the Court of Appeals, Position 6",,,Over Votes,0
Linn,20,"Judge of the Court of Appeals, Position 6",,,Under Votes,109
Linn,21,"Judge of the Court of Appeals, Position 6",,,David V. Brewer,83
Linn,21,"Judge of the Court of Appeals, Position 6",,,Write-ins,1
Linn,21,"Judge of the Court of Appeals, Position 6",,,Over Votes,0
Linn,21,"Judge of the Court of Appeals, Position 6",,,Under Votes,85
Linn,22,"Judge of the Court of Appeals, Position 6",,,David V. Brewer,4
Linn,22,"Judge of the Court of Appeals, Position 6",,,Write-ins,0
Linn,22,"Judge of the Court of Appeals, Position 6",,,Over Votes,0
Linn,22,"Judge of the Court of Appeals, Position 6",,,Under Votes,10
Linn,23,"Judge of the Court of Appeals, Position 6",,,David V. Brewer,197
Linn,23,"Judge of the Court of Appeals, Position 6",,,Write-ins,0
Linn,23,"Judge of the Court of Appeals, Position 6",,,Over Votes,0
Linn,23,"Judge of the Court of Appeals, Position 6",,,Under Votes,234
Linn,26,"Judge of the Court of Appeals, Position 6",,,David V. Brewer,55
Linn,26,"Judge of the Court of Appeals, Position 6",,,Write-ins,0
Linn,26,"Judge of the Court of Appeals, Position 6",,,Over Votes,0
Linn,26,"Judge of the Court of Appeals, Position 6",,,Under Votes,54
Linn,27,"Judge of the Court of Appeals, Position 6",,,David V. Brewer,88
Linn,27,"Judge of the Court of Appeals, Position 6",,,Write-ins,0
Linn,27,"Judge of the Court of Appeals, Position 6",,,Over Votes,0
Linn,27,"Judge of the Court of Appeals, Position 6",,,Under Votes,97
Linn,28,"Judge of the Court of Appeals, Position 6",,,David V. Brewer,121
Linn,28,"Judge of the Court of Appeals, Position 6",,,Write-ins,0
Linn,28,"Judge of the Court of Appeals, Position 6",,,Over Votes,0
Linn,28,"Judge of the Court of Appeals, Position 6",,,Under Votes,99
Linn,29,"Judge of the Court of Appeals, Position 6",,,David V. Brewer,413
Linn,29,"Judge of the Court of Appeals, Position 6",,,Write-ins,3
Linn,29,"Judge of the Court of Appeals, Position 6",,,Over Votes,1
Linn,29,"Judge of the Court of Appeals, Position 6",,,Under Votes,399
Linn,30,"Judge of the Court of Appeals, Position 6",,,David V. Brewer,44
Linn,30,"Judge of the Court of Appeals, Position 6",,,Write-ins,0
Linn,30,"Judge of the Court of Appeals, Position 6",,,Over Votes,0
Linn,30,"Judge of the Court of Appeals, Position 6",,,Under Votes,40
Linn,31,"Judge of the Court of Appeals, Position 6",,,David V. Brewer,193
Linn,31,"Judge of the Court of Appeals, Position 6",,,Write-ins,3
Linn,31,"Judge of the Court of Appeals, Position 6",,,Over Votes,0
Linn,31,"Judge of the Court of Appeals, Position 6",,,Under Votes,193
Linn,32,"Judge of the Court of Appeals, Position 6",,,David V. Brewer,117
Linn,32,"Judge of the Court of Appeals, Position 6",,,Write-ins,1
Linn,32,"Judge of the Court of Appeals, Position 6",,,Over Votes,0
Linn,32,"Judge of the Court of Appeals, Position 6",,,Under Votes,133
Linn,34,"Judge of the Court of Appeals, Position 6",,,David V. Brewer,75
Linn,34,"Judge of the Court of Appeals, Position 6",,,Write-ins,0
Linn,34,"Judge of the Court of Appeals, Position 6",,,Over Votes,0
Linn,34,"Judge of the Court of Appeals, Position 6",,,Under Votes,87
Linn,35,"Judge of the Court of Appeals, Position 6",,,David V. Brewer,259
Linn,35,"Judge of the Court of Appeals, Position 6",,,Write-ins,3
Linn,35,"Judge of the Court of Appeals, Position 6",,,Over Votes,0
Linn,35,"Judge of the Court of Appeals, Position 6",,,Under Votes,264
Linn,37,"Judge of the Court of Appeals, Position 6",,,David V. Brewer,514
Linn,37,"Judge of the Court of Appeals, Position 6",,,Write-ins,2
Linn,37,"Judge of the Court of Appeals, Position 6",,,Over Votes,0
Linn,37,"Judge of the Court of Appeals, Position 6",,,Under Votes,428
Linn,40,"Judge of the Court of Appeals, Position 6",,,David V. Brewer,2
Linn,40,"Judge of the Court of Appeals, Position 6",,,Write-ins,0
Linn,40,"Judge of the Court of Appeals, Position 6",,,Over Votes,0
Linn,40,"Judge of the Court of Appeals, Position 6",,,Under Votes,0
Linn,43,"Judge of the Court of Appeals, Position 6",,,David V. Brewer,129
Linn,43,"Judge of the Court of Appeals, Position 6",,,Write-ins,1
Linn,43,"Judge of the Court of Appeals, Position 6",,,Over Votes,0
Linn,43,"Judge of the Court of Appeals, Position 6",,,Under Votes,101
Linn,44,"Judge of the Court of Appeals, Position 6",,,David V. Brewer,181
Linn,44,"Judge of the Court of Appeals, Position 6",,,Write-ins,0
Linn,44,"Judge of the Court of Appeals, Position 6",,,Over Votes,0
Linn,44,"Judge of the Court of Appeals, Position 6",,,Under Votes,155
Linn,45,"Judge of the Court of Appeals, Position 6",,,David V. Brewer,201
Linn,45,"Judge of the Court of Appeals, Position 6",,,Write-ins,2
Linn,45,"Judge of the Court of Appeals, Position 6",,,Over Votes,0
Linn,45,"Judge of the Court of Appeals, Position 6",,,Under Votes,174
Linn,46,"Judge of the Court of Appeals, Position 6",,,David V. Brewer,225
Linn,46,"Judge of the Court of Appeals, Position 6",,,Write-ins,2
Linn,46,"Judge of the Court of Appeals, Position 6",,,Over Votes,0
Linn,46,"Judge of the Court of Appeals, Position 6",,,Under Votes,159
Linn,47,"Judge of the Court of Appeals, Position 6",,,David V. Brewer,54
Linn,47,"Judge of the Court of Appeals, Position 6",,,Write-ins,0
Linn,47,"Judge of the Court of Appeals, Position 6",,,Over Votes,0
Linn,47,"Judge of the Court of Appeals, Position 6",,,Under Votes,73
Linn,49,"Judge of the Court of Appeals, Position 6",,,David V. Brewer,6
Linn,49,"Judge of the Court of Appeals, Position 6",,,Write-ins,0
Linn,49,"Judge of the Court of Appeals, Position 6",,,Over Votes,0
Linn,49,"Judge of the Court of Appeals, Position 6",,,Under Votes,7
Linn,51,"Judge of the Court of Appeals, Position 6",,,David V. Brewer,163
Linn,51,"Judge of the Court of Appeals, Position 6",,,Write-ins,0
Linn,51,"Judge of the Court of Appeals, Position 6",,,Over Votes,0
Linn,51,"Judge of the Court of Appeals, Position 6",,,Under Votes,169
Linn,52,"Judge of the Court of Appeals, Position 6",,,David V. Brewer,49
Linn,52,"Judge of the Court of Appeals, Position 6",,,Write-ins,0
Linn,52,"Judge of the Court of Appeals, Position 6",,,Over Votes,0
Linn,52,"Judge of the Court of Appeals, Position 6",,,Under Votes,54
Linn,53,"Judge of the Court of Appeals, Position 6",,,David V. Brewer,162
Linn,53,"Judge of the Court of Appeals, Position 6",,,Write-ins,1
Linn,53,"Judge of the Court of Appeals, Position 6",,,Over Votes,0
Linn,53,"Judge of the Court of Appeals, Position 6",,,Under Votes,148
Linn,54,"Judge of the Court of Appeals, Position 6",,,David V. Brewer,74
Linn,54,"Judge of the Court of Appeals, Position 6",,,Write-ins,0
Linn,54,"Judge of the Court of Appeals, Position 6",,,Over Votes,0
Linn,54,"Judge of the Court of Appeals, Position 6",,,Under Votes,103
Linn,55,"Judge of the Court of Appeals, Position 6",,,David V. Brewer,102
Linn,55,"Judge of the Court of Appeals, Position 6",,,Write-ins,0
Linn,55,"Judge of the Court of Appeals, Position 6",,,Over Votes,0
Linn,55,"Judge of the Court of Appeals, Position 6",,,Under Votes,108
Linn,56,"Judge of the Court of Appeals, Position 6",,,David V. Brewer,138
Linn,56,"Judge of the Court of Appeals, Position 6",,,Write-ins,1
Linn,56,"Judge of the Court of Appeals, Position 6",,,Over Votes,0
Linn,56,"Judge of the Court of Appeals, Position 6",,,Under Votes,137
Linn,57,"Judge of the Court of Appeals, Position 6",,,David V. Brewer,70
Linn,57,"Judge of the Court of Appeals, Position 6",,,Write-ins,0
Linn,57,"Judge of the Court of Appeals, Position 6",,,Over Votes,0
Linn,57,"Judge of the Court of Appeals, Position 6",,,Under Votes,38
Linn,62,"Judge of the Court of Appeals, Position 6",,,David V. Brewer,973
Linn,62,"Judge of the Court of Appeals, Position 6",,,Write-ins,5
Linn,62,"Judge of the Court of Appeals, Position 6",,,Over Votes,0
Linn,62,"Judge of the Court of Appeals, Position 6",,,Under Votes,824
Linn,63,"Judge of the Court of Appeals, Position 6",,,David V. Brewer,394
Linn,63,"Judge of the Court of Appeals, Position 6",,,Write-ins,2
Linn,63,"Judge of the Court of Appeals, Position 6",,,Over Votes,0
Linn,63,"Judge of the Court of Appeals, Position 6",,,Under Votes,461
Linn,65,"Judge of the Court of Appeals, Position 6",,,David V. Brewer,16
Linn,65,"Judge of the Court of Appeals, Position 6",,,Write-ins,0
Linn,65,"Judge of the Court of Appeals, Position 6",,,Over Votes,0
Linn,65,"Judge of the Court of Appeals, Position 6",,,Under Votes,7
Linn,66,"Judge of the Court of Appeals, Position 6",,,David V. Brewer,66
Linn,66,"Judge of the Court of Appeals, Position 6",,,Write-ins,1
Linn,66,"Judge of the Court of Appeals, Position 6",,,Over Votes,0
Linn,66,"Judge of the Court of Appeals, Position 6",,,Under Votes,46
Linn,70,"Judge of the Court of Appeals, Position 6",,,David V. Brewer,277
Linn,70,"Judge of the Court of Appeals, Position 6",,,Write-ins,2
Linn,70,"Judge of the Court of Appeals, Position 6",,,Over Votes,0
Linn,70,"Judge of the Court of Appeals, Position 6",,,Under Votes,289
Linn,73,"Judge of the Court of Appeals, Position 6",,,David V. Brewer,165
Linn,73,"Judge of the Court of Appeals, Position 6",,,Write-ins,2
Linn,73,"Judge of the Court of Appeals, Position 6",,,Over Votes,0
Linn,73,"Judge of the Court of Appeals, Position 6",,,Under Votes,139
Linn,75,"Judge of the Court of Appeals, Position 6",,,David V. Brewer,160
Linn,75,"Judge of the Court of Appeals, Position 6",,,Write-ins,0
Linn,75,"Judge of the Court of Appeals, Position 6",,,Over Votes,0
Linn,75,"Judge of the Court of Appeals, Position 6",,,Under Votes,174
Linn,77,"Judge of the Court of Appeals, Position 6",,,David V. Brewer,86
Linn,77,"Judge of the Court of Appeals, Position 6",,,Write-ins,1
Linn,77,"Judge of the Court of Appeals, Position 6",,,Over Votes,0
Linn,77,"Judge of the Court of Appeals, Position 6",,,Under Votes,81
Linn,78,"Judge of the Court of Appeals, Position 6",,,David V. Brewer,186
Linn,78,"Judge of the Court of Appeals, Position 6",,,Write-ins,0
Linn,78,"Judge of the Court of Appeals, Position 6",,,Over Votes,0
Linn,78,"Judge of the Court of Appeals, Position 6",,,Under Votes,113
Linn,79,"Judge of the Court of Appeals, Position 6",,,David V. Brewer,444
Linn,79,"Judge of the Court of Appeals, Position 6",,,Write-ins,2
Linn,79,"Judge of the Court of Appeals, Position 6",,,Over Votes,0
Linn,79,"Judge of the Court of Appeals, Position 6",,,Under Votes,309
Linn,86,"Judge of the Court of Appeals, Position 6",,,David V. Brewer,252
Linn,86,"Judge of the Court of Appeals, Position 6",,,Write-ins,0
Linn,86,"Judge of the Court of Appeals, Position 6",,,Over Votes,0
Linn,86,"Judge of the Court of Appeals, Position 6",,,Under Votes,259
Linn,91,"Judge of the Court of Appeals, Position 6",,,David V. Brewer,447
Linn,91,"Judge of the Court of Appeals, Position 6",,,Write-ins,5
Linn,91,"Judge of the Court of Appeals, Position 6",,,Over Votes,0
Linn,91,"Judge of the Court of Appeals, Position 6",,,Under Votes,372
Linn,97,"Judge of the Court of Appeals, Position 6",,,David V. Brewer,393
Linn,97,"Judge of the Court of Appeals, Position 6",,,Write-ins,1
Linn,97,"Judge of the Court of Appeals, Position 6",,,Over Votes,0
Linn,97,"Judge of the Court of Appeals, Position 6",,,Under Votes,361
Linn,99,"Judge of the Court of Appeals, Position 6",,,David V. Brewer,85
Linn,99,"Judge of the Court of Appeals, Position 6",,,Write-ins,0
Linn,99,"Judge of the Court of Appeals, Position 6",,,Over Votes,0
Linn,99,"Judge of the Court of Appeals, Position 6",,,Under Votes,80
Linn,100,"Judge of the Court of Appeals, Position 6",,,David V. Brewer,1136
Linn,100,"Judge of the Court of Appeals, Position 6",,,Write-ins,9
Linn,100,"Judge of the Court of Appeals, Position 6",,,Over Votes,0
Linn,100,"Judge of the Court of Appeals, Position 6",,,Under Votes,787
Linn,101,"Judge of the Court of Appeals, Position 6",,,David V. Brewer,109
Linn,101,"Judge of the Court of Appeals, Position 6",,,Write-ins,5
Linn,101,"Judge of the Court of Appeals, Position 6",,,Over Votes,0
Linn,101,"Judge of the Court of Appeals, Position 6",,,Under Votes,88
Linn,103,"Judge of the Court of Appeals, Position 6",,,David V. Brewer,172
Linn,103,"Judge of the Court of Appeals, Position 6",,,Write-ins,5
Linn,103,"Judge of the Court of Appeals, Position 6",,,Over Votes,0
Linn,103,"Judge of the Court of Appeals, Position 6",,,Under Votes,180
Linn,104,"Judge of the Court of Appeals, Position 6",,,David V. Brewer,139
Linn,104,"Judge of the Court of Appeals, Position 6",,,Write-ins,1
Linn,104,"Judge of the Court of Appeals, Position 6",,,Over Votes,0
Linn,104,"Judge of the Court of Appeals, Position 6",,,Under Votes,115
Linn,107,"Judge of the Court of Appeals, Position 6",,,David V. Brewer,1043
Linn,107,"Judge of the Court of Appeals, Position 6",,,Write-ins,4
Linn,107,"Judge of the Court of Appeals, Position 6",,,Over Votes,0
Linn,107,"Judge of the Court of Appeals, Position 6",,,Under Votes,912
Linn,108,"Judge of the Court of Appeals, Position 6",,,David V. Brewer,686
Linn,108,"Judge of the Court of Appeals, Position 6",,,Write-ins,3
Linn,108,"Judge of the Court of Appeals, Position 6",,,Over Votes,0
Linn,108,"Judge of the Court of Appeals, Position 6",,,Under Votes,473
Linn,1,"Judge of the Court of Appeals, Position 8",,,Jack L. Landau,1131
Linn,1,"Judge of the Court of Appeals, Position 8",,,Write-ins,5
Linn,1,"Judge of the Court of Appeals, Position 8",,,Over Votes,0
Linn,1,"Judge of the Court of Appeals, Position 8",,,Under Votes,961
Linn,18,"Judge of the Court of Appeals, Position 8",,,Jack L. Landau,895
Linn,18,"Judge of the Court of Appeals, Position 8",,,Write-ins,7
Linn,18,"Judge of the Court of Appeals, Position 8",,,Over Votes,0
Linn,18,"Judge of the Court of Appeals, Position 8",,,Under Votes,692
Linn,19,"Judge of the Court of Appeals, Position 8",,,Jack L. Landau,219
Linn,19,"Judge of the Court of Appeals, Position 8",,,Write-ins,3
Linn,19,"Judge of the Court of Appeals, Position 8",,,Over Votes,0
Linn,19,"Judge of the Court of Appeals, Position 8",,,Under Votes,199
Linn,20,"Judge of the Court of Appeals, Position 8",,,Jack L. Landau,111
Linn,20,"Judge of the Court of Appeals, Position 8",,,Write-ins,1
Linn,20,"Judge of the Court of Appeals, Position 8",,,Over Votes,0
Linn,20,"Judge of the Court of Appeals, Position 8",,,Under Votes,105
Linn,21,"Judge of the Court of Appeals, Position 8",,,Jack L. Landau,84
Linn,21,"Judge of the Court of Appeals, Position 8",,,Write-ins,1
Linn,21,"Judge of the Court of Appeals, Position 8",,,Over Votes,0
Linn,21,"Judge of the Court of Appeals, Position 8",,,Under Votes,84
Linn,22,"Judge of the Court of Appeals, Position 8",,,Jack L. Landau,4
Linn,22,"Judge of the Court of Appeals, Position 8",,,Write-ins,0
Linn,22,"Judge of the Court of Appeals, Position 8",,,Over Votes,0
Linn,22,"Judge of the Court of Appeals, Position 8",,,Under Votes,10
Linn,23,"Judge of the Court of Appeals, Position 8",,,Jack L. Landau,198
Linn,23,"Judge of the Court of Appeals, Position 8",,,Write-ins,0
Linn,23,"Judge of the Court of Appeals, Position 8",,,Over Votes,0
Linn,23,"Judge of the Court of Appeals, Position 8",,,Under Votes,233
Linn,26,"Judge of the Court of Appeals, Position 8",,,Jack L. Landau,53
Linn,26,"Judge of the Court of Appeals, Position 8",,,Write-ins,0
Linn,26,"Judge of the Court of Appeals, Position 8",,,Over Votes,0
Linn,26,"Judge of the Court of Appeals, Position 8",,,Under Votes,56
Linn,27,"Judge of the Court of Appeals, Position 8",,,Jack L. Landau,86
Linn,27,"Judge of the Court of Appeals, Position 8",,,Write-ins,0
Linn,27,"Judge of the Court of Appeals, Position 8",,,Over Votes,0
Linn,27,"Judge of the Court of Appeals, Position 8",,,Under Votes,99
Linn,28,"Judge of the Court of Appeals, Position 8",,,Jack L. Landau,121
Linn,28,"Judge of the Court of Appeals, Position 8",,,Write-ins,0
Linn,28,"Judge of the Court of Appeals, Position 8",,,Over Votes,0
Linn,28,"Judge of the Court of Appeals, Position 8",,,Under Votes,99
Linn,29,"Judge of the Court of Appeals, Position 8",,,Jack L. Landau,414
Linn,29,"Judge of the Court of Appeals, Position 8",,,Write-ins,2
Linn,29,"Judge of the Court of Appeals, Position 8",,,Over Votes,1
Linn,29,"Judge of the Court of Appeals, Position 8",,,Under Votes,399
Linn,30,"Judge of the Court of Appeals, Position 8",,,Jack L. Landau,44
Linn,30,"Judge of the Court of Appeals, Position 8",,,Write-ins,0
Linn,30,"Judge of the Court of Appeals, Position 8",,,Over Votes,0
Linn,30,"Judge of the Court of Appeals, Position 8",,,Under Votes,40
Linn,31,"Judge of the Court of Appeals, Position 8",,,Jack L. Landau,197
Linn,31,"Judge of the Court of Appeals, Position 8",,,Write-ins,3
Linn,31,"Judge of the Court of Appeals, Position 8",,,Over Votes,0
Linn,31,"Judge of the Court of Appeals, Position 8",,,Under Votes,189
Linn,32,"Judge of the Court of Appeals, Position 8",,,Jack L. Landau,121
Linn,32,"Judge of the Court of Appeals, Position 8",,,Write-ins,0
Linn,32,"Judge of the Court of Appeals, Position 8",,,Over Votes,0
Linn,32,"Judge of the Court of Appeals, Position 8",,,Under Votes,130
Linn,34,"Judge of the Court of Appeals, Position 8",,,Jack L. Landau,74
Linn,34,"Judge of the Court of Appeals, Position 8",,,Write-ins,0
Linn,34,"Judge of the Court of Appeals, Position 8",,,Over Votes,0
Linn,34,"Judge of the Court of Appeals, Position 8",,,Under Votes,88
Linn,35,"Judge of the Court of Appeals, Position 8",,,Jack L. Landau,263
Linn,35,"Judge of the Court of Appeals, Position 8",,,Write-ins,3
Linn,35,"Judge of the Court of Appeals, Position 8",,,Over Votes,0
Linn,35,"Judge of the Court of Appeals, Position 8",,,Under Votes,260
Linn,37,"Judge of the Court of Appeals, Position 8",,,Jack L. Landau,509
Linn,37,"Judge of the Court of Appeals, Position 8",,,Write-ins,1
Linn,37,"Judge of the Court of Appeals, Position 8",,,Over Votes,0
Linn,37,"Judge of the Court of Appeals, Position 8",,,Under Votes,434
Linn,40,"Judge of the Court of Appeals, Position 8",,,Jack L. Landau,2
Linn,40,"Judge of the Court of Appeals, Position 8",,,Write-ins,0
Linn,40,"Judge of the Court of Appeals, Position 8",,,Over Votes,0
Linn,40,"Judge of the Court of Appeals, Position 8",,,Under Votes,0
Linn,43,"Judge of the Court of Appeals, Position 8",,,Jack L. Landau,130
Linn,43,"Judge of the Court of Appeals, Position 8",,,Write-ins,2
Linn,43,"Judge of the Court of Appeals, Position 8",,,Over Votes,0
Linn,43,"Judge of the Court of Appeals, Position 8",,,Under Votes,99
Linn,44,"Judge of the Court of Appeals, Position 8",,,Jack L. Landau,176
Linn,44,"Judge of the Court of Appeals, Position 8",,,Write-ins,1
Linn,44,"Judge of the Court of Appeals, Position 8",,,Over Votes,0
Linn,44,"Judge of the Court of Appeals, Position 8",,,Under Votes,159
Linn,45,"Judge of the Court of Appeals, Position 8",,,Jack L. Landau,207
Linn,45,"Judge of the Court of Appeals, Position 8",,,Write-ins,2
Linn,45,"Judge of the Court of Appeals, Position 8",,,Over Votes,0
Linn,45,"Judge of the Court of Appeals, Position 8",,,Under Votes,168
Linn,46,"Judge of the Court of Appeals, Position 8",,,Jack L. Landau,219
Linn,46,"Judge of the Court of Appeals, Position 8",,,Write-ins,2
Linn,46,"Judge of the Court of Appeals, Position 8",,,Over Votes,0
Linn,46,"Judge of the Court of Appeals, Position 8",,,Under Votes,165
Linn,47,"Judge of the Court of Appeals, Position 8",,,Jack L. Landau,54
Linn,47,"Judge of the Court of Appeals, Position 8",,,Write-ins,0
Linn,47,"Judge of the Court of Appeals, Position 8",,,Over Votes,0
Linn,47,"Judge of the Court of Appeals, Position 8",,,Under Votes,73
Linn,49,"Judge of the Court of Appeals, Position 8",,,Jack L. Landau,7
Linn,49,"Judge of the Court of Appeals, Position 8",,,Write-ins,0
Linn,49,"Judge of the Court of Appeals, Position 8",,,Over Votes,0
Linn,49,"Judge of the Court of Appeals, Position 8",,,Under Votes,6
Linn,51,"Judge of the Court of Appeals, Position 8",,,Jack L. Landau,162
Linn,51,"Judge of the Court of Appeals, Position 8",,,Write-ins,0
Linn,51,"Judge of the Court of Appeals, Position 8",,,Over Votes,0
Linn,51,"Judge of the Court of Appeals, Position 8",,,Under Votes,170
Linn,52,"Judge of the Court of Appeals, Position 8",,,Jack L. Landau,49
Linn,52,"Judge of the Court of Appeals, Position 8",,,Write-ins,0
Linn,52,"Judge of the Court of Appeals, Position 8",,,Over Votes,0
Linn,52,"Judge of the Court of Appeals, Position 8",,,Under Votes,54
Linn,53,"Judge of the Court of Appeals, Position 8",,,Jack L. Landau,163
Linn,53,"Judge of the Court of Appeals, Position 8",,,Write-ins,1
Linn,53,"Judge of the Court of Appeals, Position 8",,,Over Votes,0
Linn,53,"Judge of the Court of Appeals, Position 8",,,Under Votes,147
Linn,54,"Judge of the Court of Appeals, Position 8",,,Jack L. Landau,74
Linn,54,"Judge of the Court of Appeals, Position 8",,,Write-ins,0
Linn,54,"Judge of the Court of Appeals, Position 8",,,Over Votes,0
Linn,54,"Judge of the Court of Appeals, Position 8",,,Under Votes,103
Linn,55,"Judge of the Court of Appeals, Position 8",,,Jack L. Landau,101
Linn,55,"Judge of the Court of Appeals, Position 8",,,Write-ins,0
Linn,55,"Judge of the Court of Appeals, Position 8",,,Over Votes,0
Linn,55,"Judge of the Court of Appeals, Position 8",,,Under Votes,109
Linn,56,"Judge of the Court of Appeals, Position 8",,,Jack L. Landau,141
Linn,56,"Judge of the Court of Appeals, Position 8",,,Write-ins,1
Linn,56,"Judge of the Court of Appeals, Position 8",,,Over Votes,0
Linn,56,"Judge of the Court of Appeals, Position 8",,,Under Votes,134
Linn,57,"Judge of the Court of Appeals, Position 8",,,Jack L. Landau,69
Linn,57,"Judge of the Court of Appeals, Position 8",,,Write-ins,0
Linn,57,"Judge of the Court of Appeals, Position 8",,,Over Votes,0
Linn,57,"Judge of the Court of Appeals, Position 8",,,Under Votes,39
Linn,62,"Judge of the Court of Appeals, Position 8",,,Jack L. Landau,966
Linn,62,"Judge of the Court of Appeals, Position 8",,,Write-ins,8
Linn,62,"Judge of the Court of Appeals, Position 8",,,Over Votes,0
Linn,62,"Judge of the Court of Appeals, Position 8",,,Under Votes,828
Linn,63,"Judge of the Court of Appeals, Position 8",,,Jack L. Landau,387
Linn,63,"Judge of the Court of Appeals, Position 8",,,Write-ins,1
Linn,63,"Judge of the Court of Appeals, Position 8",,,Over Votes,0
Linn,63,"Judge of the Court of Appeals, Position 8",,,Under Votes,469
Linn,65,"Judge of the Court of Appeals, Position 8",,,Jack L. Landau,16
Linn,65,"Judge of the Court of Appeals, Position 8",,,Write-ins,0
Linn,65,"Judge of the Court of Appeals, Position 8",,,Over Votes,0
Linn,65,"Judge of the Court of Appeals, Position 8",,,Under Votes,7
Linn,66,"Judge of the Court of Appeals, Position 8",,,Jack L. Landau,65
Linn,66,"Judge of the Court of Appeals, Position 8",,,Write-ins,1
Linn,66,"Judge of the Court of Appeals, Position 8",,,Over Votes,0
Linn,66,"Judge of the Court of Appeals, Position 8",,,Under Votes,47
Linn,70,"Judge of the Court of Appeals, Position 8",,,Jack L. Landau,276
Linn,70,"Judge of the Court of Appeals, Position 8",,,Write-ins,2
Linn,70,"Judge of the Court of Appeals, Position 8",,,Over Votes,0
Linn,70,"Judge of the Court of Appeals, Position 8",,,Under Votes,290
Linn,73,"Judge of the Court of Appeals, Position 8",,,Jack L. Landau,158
Linn,73,"Judge of the Court of Appeals, Position 8",,,Write-ins,1
Linn,73,"Judge of the Court of Appeals, Position 8",,,Over Votes,1
Linn,73,"Judge of the Court of Appeals, Position 8",,,Under Votes,146
Linn,75,"Judge of the Court of Appeals, Position 8",,,Jack L. Landau,154
Linn,75,"Judge of the Court of Appeals, Position 8",,,Write-ins,1
Linn,75,"Judge of the Court of Appeals, Position 8",,,Over Votes,0
Linn,75,"Judge of the Court of Appeals, Position 8",,,Under Votes,179
Linn,77,"Judge of the Court of Appeals, Position 8",,,Jack L. Landau,85
Linn,77,"Judge of the Court of Appeals, Position 8",,,Write-ins,1
Linn,77,"Judge of the Court of Appeals, Position 8",,,Over Votes,0
Linn,77,"Judge of the Court of Appeals, Position 8",,,Under Votes,82
Linn,78,"Judge of the Court of Appeals, Position 8",,,Jack L. Landau,187
Linn,78,"Judge of the Court of Appeals, Position 8",,,Write-ins,0
Linn,78,"Judge of the Court of Appeals, Position 8",,,Over Votes,0
Linn,78,"Judge of the Court of Appeals, Position 8",,,Under Votes,112
Linn,79,"Judge of the Court of Appeals, Position 8",,,Jack L. Landau,442
Linn,79,"Judge of the Court of Appeals, Position 8",,,Write-ins,3
Linn,79,"Judge of the Court of Appeals, Position 8",,,Over Votes,0
Linn,79,"Judge of the Court of Appeals, Position 8",,,Under Votes,310
Linn,86,"Judge of the Court of Appeals, Position 8",,,Jack L. Landau,251
Linn,86,"Judge of the Court of Appeals, Position 8",,,Write-ins,1
Linn,86,"Judge of the Court of Appeals, Position 8",,,Over Votes,0
Linn,86,"Judge of the Court of Appeals, Position 8",,,Under Votes,259
Linn,91,"Judge of the Court of Appeals, Position 8",,,Jack L. Landau,432
Linn,91,"Judge of the Court of Appeals, Position 8",,,Write-ins,6
Linn,91,"Judge of the Court of Appeals, Position 8",,,Over Votes,1
Linn,91,"Judge of the Court of Appeals, Position 8",,,Under Votes,385
Linn,97,"Judge of the Court of Appeals, Position 8",,,Jack L. Landau,394
Linn,97,"Judge of the Court of Appeals, Position 8",,,Write-ins,1
Linn,97,"Judge of the Court of Appeals, Position 8",,,Over Votes,0
Linn,97,"Judge of the Court of Appeals, Position 8",,,Under Votes,360
Linn,99,"Judge of the Court of Appeals, Position 8",,,Jack L. Landau,84
Linn,99,"Judge of the Court of Appeals, Position 8",,,Write-ins,0
Linn,99,"Judge of the Court of Appeals, Position 8",,,Over Votes,0
Linn,99,"Judge of the Court of Appeals, Position 8",,,Under Votes,81
Linn,100,"Judge of the Court of Appeals, Position 8",,,Jack L. Landau,1134
Linn,100,"Judge of the Court of Appeals, Position 8",,,Write-ins,12
Linn,100,"Judge of the Court of Appeals, Position 8",,,Over Votes,1
Linn,100,"Judge of the Court of Appeals, Position 8",,,Under Votes,785
Linn,101,"Judge of the Court of Appeals, Position 8",,,Jack L. Landau,107
Linn,101,"Judge of the Court of Appeals, Position 8",,,Write-ins,5
Linn,101,"Judge of the Court of Appeals, Position 8",,,Over Votes,0
Linn,101,"Judge of the Court of Appeals, Position 8",,,Under Votes,90
Linn,103,"Judge of the Court of Appeals, Position 8",,,Jack L. Landau,176
Linn,103,"Judge of the Court of Appeals, Position 8",,,Write-ins,5
Linn,103,"Judge of the Court of Appeals, Position 8",,,Over Votes,0
Linn,103,"Judge of the Court of Appeals, Position 8",,,Under Votes,176
Linn,104,"Judge of the Court of Appeals, Position 8",,,Jack L. Landau,143
Linn,104,"Judge of the Court of Appeals, Position 8",,,Write-ins,1
Linn,104,"Judge of the Court of Appeals, Position 8",,,Over Votes,0
Linn,104,"Judge of the Court of Appeals, Position 8",,,Under Votes,111
Linn,107,"Judge of the Court of Appeals, Position 8",,,Jack L. Landau,1040
Linn,107,"Judge of the Court of Appeals, Position 8",,,Write-ins,5
Linn,107,"Judge of the Court of Appeals, Position 8",,,Over Votes,0
Linn,107,"Judge of the Court of Appeals, Position 8",,,Under Votes,914
Linn,108,"Judge of the Court of Appeals, Position 8",,,Jack L. Landau,681
Linn,108,"Judge of the Court of Appeals, Position 8",,,Write-ins,3
Linn,108,"Judge of the Court of Appeals, Position 8",,,Over Votes,0
Linn,108,"Judge of the Court of Appeals, Position 8",,,Under Votes,478
Linn,1,"Judge of the Supreme Court, Position 2",,,Paul De Muniz,1179
Linn,1,"Judge of the Supreme Court, Position 2",,,Write-ins,7
Linn,1,"Judge of the Supreme Court, Position 2",,,Over Votes,0
Linn,1,"Judge of the Supreme Court, Position 2",,,Under Votes,911
Linn,18,"Judge of the Supreme Court, Position 2",,,Paul De Muniz,902
Linn,18,"Judge of the Supreme Court, Position 2",,,Write-ins,10
Linn,18,"Judge of the Supreme Court, Position 2",,,Over Votes,0
Linn,18,"Judge of the Supreme Court, Position 2",,,Under Votes,682
Linn,19,"Judge of the Supreme Court, Position 2",,,Paul De Muniz,220
Linn,19,"Judge of the Supreme Court, Position 2",,,Write-ins,3
Linn,19,"Judge of the Supreme Court, Position 2",,,Over Votes,0
Linn,19,"Judge of the Supreme Court, Position 2",,,Under Votes,198
Linn,20,"Judge of the Supreme Court, Position 2",,,Paul De Muniz,113
Linn,20,"Judge of the Supreme Court, Position 2",,,Write-ins,2
Linn,20,"Judge of the Supreme Court, Position 2",,,Over Votes,0
Linn,20,"Judge of the Supreme Court, Position 2",,,Under Votes,102
Linn,21,"Judge of the Supreme Court, Position 2",,,Paul De Muniz,92
Linn,21,"Judge of the Supreme Court, Position 2",,,Write-ins,1
Linn,21,"Judge of the Supreme Court, Position 2",,,Over Votes,0
Linn,21,"Judge of the Supreme Court, Position 2",,,Under Votes,76
Linn,22,"Judge of the Supreme Court, Position 2",,,Paul De Muniz,4
Linn,22,"Judge of the Supreme Court, Position 2",,,Write-ins,0
Linn,22,"Judge of the Supreme Court, Position 2",,,Over Votes,0
Linn,22,"Judge of the Supreme Court, Position 2",,,Under Votes,10
Linn,23,"Judge of the Supreme Court, Position 2",,,Paul De Muniz,201
Linn,23,"Judge of the Supreme Court, Position 2",,,Write-ins,0
Linn,23,"Judge of the Supreme Court, Position 2",,,Over Votes,0
Linn,23,"Judge of the Supreme Court, Position 2",,,Under Votes,230
Linn,26,"Judge of the Supreme Court, Position 2",,,Paul De Muniz,55
Linn,26,"Judge of the Supreme Court, Position 2",,,Write-ins,0
Linn,26,"Judge of the Supreme Court, Position 2",,,Over Votes,0
Linn,26,"Judge of the Supreme Court, Position 2",,,Under Votes,54
Linn,27,"Judge of the Supreme Court, Position 2",,,Paul De Muniz,90
Linn,27,"Judge of the Supreme Court, Position 2",,,Write-ins,0
Linn,27,"Judge of the Supreme Court, Position 2",,,Over Votes,0
Linn,27,"Judge of the Supreme Court, Position 2",,,Under Votes,95
Linn,28,"Judge of the Supreme Court, Position 2",,,Paul De Muniz,117
Linn,28,"Judge of the Supreme Court, Position 2",,,Write-ins,2
Linn,28,"Judge of the Supreme Court, Position 2",,,Over Votes,0
Linn,28,"Judge of the Supreme Court, Position 2",,,Under Votes,101
Linn,29,"Judge of the Supreme Court, Position 2",,,Paul De Muniz,406
Linn,29,"Judge of the Supreme Court, Position 2",,,Write-ins,3
Linn,29,"Judge of the Supreme Court, Position 2",,,Over Votes,0
Linn,29,"Judge of the Supreme Court, Position 2",,,Under Votes,407
Linn,30,"Judge of the Supreme Court, Position 2",,,Paul De Muniz,44
Linn,30,"Judge of the Supreme Court, Position 2",,,Write-ins,0
Linn,30,"Judge of the Supreme Court, Position 2",,,Over Votes,0
Linn,30,"Judge of the Supreme Court, Position 2",,,Under Votes,40
Linn,31,"Judge of the Supreme Court, Position 2",,,Paul De Muniz,191
Linn,31,"Judge of the Supreme Court, Position 2",,,Write-ins,3
Linn,31,"Judge of the Supreme Court, Position 2",,,Over Votes,0
Linn,31,"Judge of the Supreme Court, Position 2",,,Under Votes,195
Linn,32,"Judge of the Supreme Court, Position 2",,,Paul De Muniz,126
Linn,32,"Judge of the Supreme Court, Position 2",,,Write-ins,1
Linn,32,"Judge of the Supreme Court, Position 2",,,Over Votes,0
Linn,32,"Judge of the Supreme Court, Position 2",,,Under Votes,124
Linn,34,"Judge of the Supreme Court, Position 2",,,Paul De Muniz,79
Linn,34,"Judge of the Supreme Court, Position 2",,,Write-ins,1
Linn,34,"Judge of the Supreme Court, Position 2",,,Over Votes,0
Linn,34,"Judge of the Supreme Court, Position 2",,,Under Votes,82
Linn,35,"Judge of the Supreme Court, Position 2",,,Paul De Muniz,273
Linn,35,"Judge of the Supreme Court, Position 2",,,Write-ins,3
Linn,35,"Judge of the Supreme Court, Position 2",,,Over Votes,0
Linn,35,"Judge of the Supreme Court, Position 2",,,Under Votes,250
Linn,37,"Judge of the Supreme Court, Position 2",,,Paul De Muniz,517
Linn,37,"Judge of the Supreme Court, Position 2",,,Write-ins,2
Linn,37,"Judge of the Supreme Court, Position 2",,,Over Votes,0
Linn,37,"Judge of the Supreme Court, Position 2",,,Under Votes,425
Linn,40,"Judge of the Supreme Court, Position 2",,,Paul De Muniz,2
Linn,40,"Judge of the Supreme Court, Position 2",,,Write-ins,0
Linn,40,"Judge of the Supreme Court, Position 2",,,Over Votes,0
Linn,40,"Judge of the Supreme Court, Position 2",,,Under Votes,0
Linn,43,"Judge of the Supreme Court, Position 2",,,Paul De Muniz,132
Linn,43,"Judge of the Supreme Court, Position 2",,,Write-ins,1
Linn,43,"Judge of the Supreme Court, Position 2",,,Over Votes,0
Linn,43,"Judge of the Supreme Court, Position 2",,,Under Votes,98
Linn,44,"Judge of the Supreme Court, Position 2",,,Paul De Muniz,181
Linn,44,"Judge of the Supreme Court, Position 2",,,Write-ins,0
Linn,44,"Judge of the Supreme Court, Position 2",,,Over Votes,0
Linn,44,"Judge of the Supreme Court, Position 2",,,Under Votes,155
Linn,45,"Judge of the Supreme Court, Position 2",,,Paul De Muniz,206
Linn,45,"Judge of the Supreme Court, Position 2",,,Write-ins,1
Linn,45,"Judge of the Supreme Court, Position 2",,,Over Votes,0
Linn,45,"Judge of the Supreme Court, Position 2",,,Under Votes,170
Linn,46,"Judge of the Supreme Court, Position 2",,,Paul De Muniz,226
Linn,46,"Judge of the Supreme Court, Position 2",,,Write-ins,2
Linn,46,"Judge of the Supreme Court, Position 2",,,Over Votes,0
Linn,46,"Judge of the Supreme Court, Position 2",,,Under Votes,158
Linn,47,"Judge of the Supreme Court, Position 2",,,Paul De Muniz,58
Linn,47,"Judge of the Supreme Court, Position 2",,,Write-ins,0
Linn,47,"Judge of the Supreme Court, Position 2",,,Over Votes,0
Linn,47,"Judge of the Supreme Court, Position 2",,,Under Votes,69
Linn,49,"Judge of the Supreme Court, Position 2",,,Paul De Muniz,7
Linn,49,"Judge of the Supreme Court, Position 2",,,Write-ins,0
Linn,49,"Judge of the Supreme Court, Position 2",,,Over Votes,0
Linn,49,"Judge of the Supreme Court, Position 2",,,Under Votes,6
Linn,51,"Judge of the Supreme Court, Position 2",,,Paul De Muniz,165
Linn,51,"Judge of the Supreme Court, Position 2",,,Write-ins,0
Linn,51,"Judge of the Supreme Court, Position 2",,,Over Votes,0
Linn,51,"Judge of the Supreme Court, Position 2",,,Under Votes,167
Linn,52,"Judge of the Supreme Court, Position 2",,,Paul De Muniz,48
Linn,52,"Judge of the Supreme Court, Position 2",,,Write-ins,0
Linn,52,"Judge of the Supreme Court, Position 2",,,Over Votes,0
Linn,52,"Judge of the Supreme Court, Position 2",,,Under Votes,55
Linn,53,"Judge of the Supreme Court, Position 2",,,Paul De Muniz,169
Linn,53,"Judge of the Supreme Court, Position 2",,,Write-ins,2
Linn,53,"Judge of the Supreme Court, Position 2",,,Over Votes,0
Linn,53,"Judge of the Supreme Court, Position 2",,,Under Votes,140
Linn,54,"Judge of the Supreme Court, Position 2",,,Paul De Muniz,72
Linn,54,"Judge of the Supreme Court, Position 2",,,Write-ins,0
Linn,54,"Judge of the Supreme Court, Position 2",,,Over Votes,0
Linn,54,"Judge of the Supreme Court, Position 2",,,Under Votes,105
Linn,55,"Judge of the Supreme Court, Position 2",,,Paul De Muniz,101
Linn,55,"Judge of the Supreme Court, Position 2",,,Write-ins,1
Linn,55,"Judge of the Supreme Court, Position 2",,,Over Votes,0
Linn,55,"Judge of the Supreme Court, Position 2",,,Under Votes,108
Linn,56,"Judge of the Supreme Court, Position 2",,,Paul De Muniz,146
Linn,56,"Judge of the Supreme Court, Position 2",,,Write-ins,1
Linn,56,"Judge of the Supreme Court, Position 2",,,Over Votes,0
Linn,56,"Judge of the Supreme Court, Position 2",,,Under Votes,129
Linn,57,"Judge of the Supreme Court, Position 2",,,Paul De Muniz,70
Linn,57,"Judge of the Supreme Court, Position 2",,,Write-ins,0
Linn,57,"Judge of the Supreme Court, Position 2",,,Over Votes,0
Linn,57,"Judge of the Supreme Court, Position 2",,,Under Votes,38
Linn,62,"Judge of the Supreme Court, Position 2",,,Paul De Muniz,971
Linn,62,"Judge of the Supreme Court, Position 2",,,Write-ins,9
Linn,62,"Judge of the Supreme Court, Position 2",,,Over Votes,0
Linn,62,"Judge of the Supreme Court, Position 2",,,Under Votes,822
Linn,63,"Judge of the Supreme Court, Position 2",,,Paul De Muniz,395
Linn,63,"Judge of the Supreme Court, Position 2",,,Write-ins,5
Linn,63,"Judge of the Supreme Court, Position 2",,,Over Votes,0
Linn,63,"Judge of the Supreme Court, Position 2",,,Under Votes,457
Linn,65,"Judge of the Supreme Court, Position 2",,,Paul De Muniz,16
Linn,65,"Judge of the Supreme Court, Position 2",,,Write-ins,0
Linn,65,"Judge of the Supreme Court, Position 2",,,Over Votes,0
Linn,65,"Judge of the Supreme Court, Position 2",,,Under Votes,7
Linn,66,"Judge of the Supreme Court, Position 2",,,Paul De Muniz,67
Linn,66,"Judge of the Supreme Court, Position 2",,,Write-ins,3
Linn,66,"Judge of the Supreme Court, Position 2",,,Over Votes,0
Linn,66,"Judge of the Supreme Court, Position 2",,,Under Votes,43
Linn,70,"Judge of the Supreme Court, Position 2",,,Paul De Muniz,282
Linn,70,"Judge of the Supreme Court, Position 2",,,Write-ins,1
Linn,70,"Judge of the Supreme Court, Position 2",,,Over Votes,0
Linn,70,"Judge of the Supreme Court, Position 2",,,Under Votes,285
Linn,73,"Judge of the Supreme Court, Position 2",,,Paul De Muniz,172
Linn,73,"Judge of the Supreme Court, Position 2",,,Write-ins,1
Linn,73,"Judge of the Supreme Court, Position 2",,,Over Votes,0
Linn,73,"Judge of the Supreme Court, Position 2",,,Under Votes,133
Linn,75,"Judge of the Supreme Court, Position 2",,,Paul De Muniz,154
Linn,75,"Judge of the Supreme Court, Position 2",,,Write-ins,1
Linn,75,"Judge of the Supreme Court, Position 2",,,Over Votes,0
Linn,75,"Judge of the Supreme Court, Position 2",,,Under Votes,179
Linn,77,"Judge of the Supreme Court, Position 2",,,Paul De Muniz,89
Linn,77,"Judge of the Supreme Court, Position 2",,,Write-ins,1
Linn,77,"Judge of the Supreme Court, Position 2",,,Over Votes,0
Linn,77,"Judge of the Supreme Court, Position 2",,,Under Votes,78
Linn,78,"Judge of the Supreme Court, Position 2",,,Paul De Muniz,191
Linn,78,"Judge of the Supreme Court, Position 2",,,Write-ins,0
Linn,78,"Judge of the Supreme Court, Position 2",,,Over Votes,0
Linn,78,"Judge of the Supreme Court, Position 2",,,Under Votes,108
Linn,79,"Judge of the Supreme Court, Position 2",,,Paul De Muniz,455
Linn,79,"Judge of the Supreme Court, Position 2",,,Write-ins,2
Linn,79,"Judge of the Supreme Court, Position 2",,,Over Votes,1
Linn,79,"Judge of the Supreme Court, Position 2",,,Under Votes,297
Linn,86,"Judge of the Supreme Court, Position 2",,,Paul De Muniz,261
Linn,86,"Judge of the Supreme Court, Position 2",,,Write-ins,0
Linn,86,"Judge of the Supreme Court, Position 2",,,Over Votes,0
Linn,86,"Judge of the Supreme Court, Position 2",,,Under Votes,250
Linn,91,"Judge of the Supreme Court, Position 2",,,Paul De Muniz,446
Linn,91,"Judge of the Supreme Court, Position 2",,,Write-ins,7
Linn,91,"Judge of the Supreme Court, Position 2",,,Over Votes,0
Linn,91,"Judge of the Supreme Court, Position 2",,,Under Votes,371
Linn,97,"Judge of the Supreme Court, Position 2",,,Paul De Muniz,389
Linn,97,"Judge of the Supreme Court, Position 2",,,Write-ins,3
Linn,97,"Judge of the Supreme Court, Position 2",,,Over Votes,0
Linn,97,"Judge of the Supreme Court, Position 2",,,Under Votes,363
Linn,99,"Judge of the Supreme Court, Position 2",,,Paul De Muniz,82
Linn,99,"Judge of the Supreme Court, Position 2",,,Write-ins,0
Linn,99,"Judge of the Supreme Court, Position 2",,,Over Votes,0
Linn,99,"Judge of the Supreme Court, Position 2",,,Under Votes,83
Linn,100,"Judge of the Supreme Court, Position 2",,,Paul De Muniz,1141
Linn,100,"Judge of the Supreme Court, Position 2",,,Write-ins,15
Linn,100,"Judge of the Supreme Court, Position 2",,,Over Votes,1
Linn,100,"Judge of the Supreme Court, Position 2",,,Under Votes,775
Linn,101,"Judge of the Supreme Court, Position 2",,,Paul De Muniz,113
Linn,101,"Judge of the Supreme Court, Position 2",,,Write-ins,5
Linn,101,"Judge of the Supreme Court, Position 2",,,Over Votes,0
Linn,101,"Judge of the Supreme Court, Position 2",,,Under Votes,84
Linn,103,"Judge of the Supreme Court, Position 2",,,Paul De Muniz,179
Linn,103,"Judge of the Supreme Court, Position 2",,,Write-ins,6
Linn,103,"Judge of the Supreme Court, Position 2",,,Over Votes,0
Linn,103,"Judge of the Supreme Court, Position 2",,,Under Votes,172
Linn,104,"Judge of the Supreme Court, Position 2",,,Paul De Muniz,141
Linn,104,"Judge of the Supreme Court, Position 2",,,Write-ins,1
Linn,104,"Judge of the Supreme Court, Position 2",,,Over Votes,0
Linn,104,"Judge of the Supreme Court, Position 2",,,Under Votes,113
Linn,107,"Judge of the Supreme Court, Position 2",,,Paul De Muniz,1051
Linn,107,"Judge of the Supreme Court, Position 2",,,Write-ins,5
Linn,107,"Judge of the Supreme Court, Position 2",,,Over Votes,0
Linn,107,"Judge of the Supreme Court, Position 2",,,Under Votes,903
Linn,108,"Judge of the Supreme Court, Position 2",,,Paul De Muniz,686
Linn,108,"Judge of the Supreme Court, Position 2",,,Write-ins,3
Linn,108,"Judge of the Supreme Court, Position 2",,,Over Votes,0
Linn,108,"Judge of the Supreme Court, Position 2",,,Under Votes,473
Linn,1,"Judge of the Supreme Court, Position 3",,,Robert D. (Skip) Durham,1162
Linn,1,"Judge of the Supreme Court, Position 3",,,Write-ins,7
Linn,1,"Judge of the Supreme Court, Position 3",,,Over Votes,0
Linn,1,"Judge of the Supreme Court, Position 3",,,Under Votes,928
Linn,18,"Judge of the Supreme Court, Position 3",,,Robert D. (Skip) Durham,893
Linn,18,"Judge of the Supreme Court, Position 3",,,Write-ins,10
Linn,18,"Judge of the Supreme Court, Position 3",,,Over Votes,0
Linn,18,"Judge of the Supreme Court, Position 3",,,Under Votes,691
Linn,19,"Judge of the Supreme Court, Position 3",,,Robert D. (Skip) Durham,213
Linn,19,"Judge of the Supreme Court, Position 3",,,Write-ins,4
Linn,19,"Judge of the Supreme Court, Position 3",,,Over Votes,0
Linn,19,"Judge of the Supreme Court, Position 3",,,Under Votes,204
Linn,20,"Judge of the Supreme Court, Position 3",,,Robert D. (Skip) Durham,104
Linn,20,"Judge of the Supreme Court, Position 3",,,Write-ins,1
Linn,20,"Judge of the Supreme Court, Position 3",,,Over Votes,0
Linn,20,"Judge of the Supreme Court, Position 3",,,Under Votes,112
Linn,21,"Judge of the Supreme Court, Position 3",,,Robert D. (Skip) Durham,82
Linn,21,"Judge of the Supreme Court, Position 3",,,Write-ins,0
Linn,21,"Judge of the Supreme Court, Position 3",,,Over Votes,0
Linn,21,"Judge of the Supreme Court, Position 3",,,Under Votes,87
Linn,22,"Judge of the Supreme Court, Position 3",,,Robert D. (Skip) Durham,4
Linn,22,"Judge of the Supreme Court, Position 3",,,Write-ins,0
Linn,22,"Judge of the Supreme Court, Position 3",,,Over Votes,0
Linn,22,"Judge of the Supreme Court, Position 3",,,Under Votes,10
Linn,23,"Judge of the Supreme Court, Position 3",,,Robert D. (Skip) Durham,202
Linn,23,"Judge of the Supreme Court, Position 3",,,Write-ins,0
Linn,23,"Judge of the Supreme Court, Position 3",,,Over Votes,0
Linn,23,"Judge of the Supreme Court, Position 3",,,Under Votes,229
Linn,26,"Judge of the Supreme Court, Position 3",,,Robert D. (Skip) Durham,55
Linn,26,"Judge of the Supreme Court, Position 3",,,Write-ins,0
Linn,26,"Judge of the Supreme Court, Position 3",,,Over Votes,0
Linn,26,"Judge of the Supreme Court, Position 3",,,Under Votes,54
Linn,27,"Judge of the Supreme Court, Position 3",,,Robert D. (Skip) Durham,85
Linn,27,"Judge of the Supreme Court, Position 3",,,Write-ins,0
Linn,27,"Judge of the Supreme Court, Position 3",,,Over Votes,0
Linn,27,"Judge of the Supreme Court, Position 3",,,Under Votes,100
Linn,28,"Judge of the Supreme Court, Position 3",,,Robert D. (Skip) Durham,115
Linn,28,"Judge of the Supreme Court, Position 3",,,Write-ins,1
Linn,28,"Judge of the Supreme Court, Position 3",,,Over Votes,0
Linn,28,"Judge of the Supreme Court, Position 3",,,Under Votes,104
Linn,29,"Judge of the Supreme Court, Position 3",,,Robert D. (Skip) Durham,407
Linn,29,"Judge of the Supreme Court, Position 3",,,Write-ins,3
Linn,29,"Judge of the Supreme Court, Position 3",,,Over Votes,0
Linn,29,"Judge of the Supreme Court, Position 3",,,Under Votes,406
Linn,30,"Judge of the Supreme Court, Position 3",,,Robert D. (Skip) Durham,44
Linn,30,"Judge of the Supreme Court, Position 3",,,Write-ins,0
Linn,30,"Judge of the Supreme Court, Position 3",,,Over Votes,0
Linn,30,"Judge of the Supreme Court, Position 3",,,Under Votes,40
Linn,31,"Judge of the Supreme Court, Position 3",,,Robert D. (Skip) Durham,191
Linn,31,"Judge of the Supreme Court, Position 3",,,Write-ins,3
Linn,31,"Judge of the Supreme Court, Position 3",,,Over Votes,0
Linn,31,"Judge of the Supreme Court, Position 3",,,Under Votes,195
Linn,32,"Judge of the Supreme Court, Position 3",,,Robert D. (Skip) Durham,117
Linn,32,"Judge of the Supreme Court, Position 3",,,Write-ins,0
Linn,32,"Judge of the Supreme Court, Position 3",,,Over Votes,0
Linn,32,"Judge of the Supreme Court, Position 3",,,Under Votes,134
Linn,34,"Judge of the Supreme Court, Position 3",,,Robert D. (Skip) Durham,76
Linn,34,"Judge of the Supreme Court, Position 3",,,Write-ins,0
Linn,34,"Judge of the Supreme Court, Position 3",,,Over Votes,0
Linn,34,"Judge of the Supreme Court, Position 3",,,Under Votes,86
Linn,35,"Judge of the Supreme Court, Position 3",,,Robert D. (Skip) Durham,264
Linn,35,"Judge of the Supreme Court, Position 3",,,Write-ins,2
Linn,35,"Judge of the Supreme Court, Position 3",,,Over Votes,0
Linn,35,"Judge of the Supreme Court, Position 3",,,Under Votes,260
Linn,37,"Judge of the Supreme Court, Position 3",,,Robert D. (Skip) Durham,514
Linn,37,"Judge of the Supreme Court, Position 3",,,Write-ins,1
Linn,37,"Judge of the Supreme Court, Position 3",,,Over Votes,0
Linn,37,"Judge of the Supreme Court, Position 3",,,Under Votes,429
Linn,40,"Judge of the Supreme Court, Position 3",,,Robert D. (Skip) Durham,2
Linn,40,"Judge of the Supreme Court, Position 3",,,Write-ins,0
Linn,40,"Judge of the Supreme Court, Position 3",,,Over Votes,0
Linn,40,"Judge of the Supreme Court, Position 3",,,Under Votes,0
Linn,43,"Judge of the Supreme Court, Position 3",,,Robert D. (Skip) Durham,127
Linn,43,"Judge of the Supreme Court, Position 3",,,Write-ins,2
Linn,43,"Judge of the Supreme Court, Position 3",,,Over Votes,0
Linn,43,"Judge of the Supreme Court, Position 3",,,Under Votes,102
Linn,44,"Judge of the Supreme Court, Position 3",,,Robert D. (Skip) Durham,175
Linn,44,"Judge of the Supreme Court, Position 3",,,Write-ins,0
Linn,44,"Judge of the Supreme Court, Position 3",,,Over Votes,0
Linn,44,"Judge of the Supreme Court, Position 3",,,Under Votes,161
Linn,45,"Judge of the Supreme Court, Position 3",,,Robert D. (Skip) Durham,198
Linn,45,"Judge of the Supreme Court, Position 3",,,Write-ins,1
Linn,45,"Judge of the Supreme Court, Position 3",,,Over Votes,0
Linn,45,"Judge of the Supreme Court, Position 3",,,Under Votes,178
Linn,46,"Judge of the Supreme Court, Position 3",,,Robert D. (Skip) Durham,222
Linn,46,"Judge of the Supreme Court, Position 3",,,Write-ins,1
Linn,46,"Judge of the Supreme Court, Position 3",,,Over Votes,0
Linn,46,"Judge of the Supreme Court, Position 3",,,Under Votes,163
Linn,47,"Judge of the Supreme Court, Position 3",,,Robert D. (Skip) Durham,56
Linn,47,"Judge of the Supreme Court, Position 3",,,Write-ins,3
Linn,47,"Judge of the Supreme Court, Position 3",,,Over Votes,0
Linn,47,"Judge of the Supreme Court, Position 3",,,Under Votes,68
Linn,49,"Judge of the Supreme Court, Position 3",,,Robert D. (Skip) Durham,7
Linn,49,"Judge of the Supreme Court, Position 3",,,Write-ins,0
Linn,49,"Judge of the Supreme Court, Position 3",,,Over Votes,0
Linn,49,"Judge of the Supreme Court, Position 3",,,Under Votes,6
Linn,51,"Judge of the Supreme Court, Position 3",,,Robert D. (Skip) Durham,166
Linn,51,"Judge of the Supreme Court, Position 3",,,Write-ins,0
Linn,51,"Judge of the Supreme Court, Position 3",,,Over Votes,0
Linn,51,"Judge of the Supreme Court, Position 3",,,Under Votes,166
Linn,52,"Judge of the Supreme Court, Position 3",,,Robert D. (Skip) Durham,48
Linn,52,"Judge of the Supreme Court, Position 3",,,Write-ins,0
Linn,52,"Judge of the Supreme Court, Position 3",,,Over Votes,0
Linn,52,"Judge of the Supreme Court, Position 3",,,Under Votes,55
Linn,53,"Judge of the Supreme Court, Position 3",,,Robert D. (Skip) Durham,167
Linn,53,"Judge of the Supreme Court, Position 3",,,Write-ins,1
Linn,53,"Judge of the Supreme Court, Position 3",,,Over Votes,0
Linn,53,"Judge of the Supreme Court, Position 3",,,Under Votes,143
Linn,54,"Judge of the Supreme Court, Position 3",,,Robert D. (Skip) Durham,75
Linn,54,"Judge of the Supreme Court, Position 3",,,Write-ins,0
Linn,54,"Judge of the Supreme Court, Position 3",,,Over Votes,0
Linn,54,"Judge of the Supreme Court, Position 3",,,Under Votes,102
Linn,55,"Judge of the Supreme Court, Position 3",,,Robert D. (Skip) Durham,101
Linn,55,"Judge of the Supreme Court, Position 3",,,Write-ins,0
Linn,55,"Judge of the Supreme Court, Position 3",,,Over Votes,0
Linn,55,"Judge of the Supreme Court, Position 3",,,Under Votes,109
Linn,56,"Judge of the Supreme Court, Position 3",,,Robert D. (Skip) Durham,141
Linn,56,"Judge of the Supreme Court, Position 3",,,Write-ins,1
Linn,56,"Judge of the Supreme Court, Position 3",,,Over Votes,0
Linn,56,"Judge of the Supreme Court, Position 3",,,Under Votes,134
Linn,57,"Judge of the Supreme Court, Position 3",,,Robert D. (Skip) Durham,70
Linn,57,"Judge of the Supreme Court, Position 3",,,Write-ins,0
Linn,57,"Judge of the Supreme Court, Position 3",,,Over Votes,0
Linn,57,"Judge of the Supreme Court, Position 3",,,Under Votes,38
Linn,62,"Judge of the Supreme Court, Position 3",,,Robert D. (Skip) Durham,958
Linn,62,"Judge of the Supreme Court, Position 3",,,Write-ins,8
Linn,62,"Judge of the Supreme Court, Position 3",,,Over Votes,1
Linn,62,"Judge of the Supreme Court, Position 3",,,Under Votes,835
Linn,63,"Judge of the Supreme Court, Position 3",,,Robert D. (Skip) Durham,404
Linn,63,"Judge of the Supreme Court, Position 3",,,Write-ins,3
Linn,63,"Judge of the Supreme Court, Position 3",,,Over Votes,0
Linn,63,"Judge of the Supreme Court, Position 3",,,Under Votes,450
Linn,65,"Judge of the Supreme Court, Position 3",,,Robert D. (Skip) Durham,16
Linn,65,"Judge of the Supreme Court, Position 3",,,Write-ins,0
Linn,65,"Judge of the Supreme Court, Position 3",,,Over Votes,0
Linn,65,"Judge of the Supreme Court, Position 3",,,Under Votes,7
Linn,66,"Judge of the Supreme Court, Position 3",,,Robert D. (Skip) Durham,65
Linn,66,"Judge of the Supreme Court, Position 3",,,Write-ins,2
Linn,66,"Judge of the Supreme Court, Position 3",,,Over Votes,0
Linn,66,"Judge of the Supreme Court, Position 3",,,Under Votes,46
Linn,70,"Judge of the Supreme Court, Position 3",,,Robert D. (Skip) Durham,276
Linn,70,"Judge of the Supreme Court, Position 3",,,Write-ins,2
Linn,70,"Judge of the Supreme Court, Position 3",,,Over Votes,0
Linn,70,"Judge of the Supreme Court, Position 3",,,Under Votes,290
Linn,73,"Judge of the Supreme Court, Position 3",,,Robert D. (Skip) Durham,161
Linn,73,"Judge of the Supreme Court, Position 3",,,Write-ins,1
Linn,73,"Judge of the Supreme Court, Position 3",,,Over Votes,0
Linn,73,"Judge of the Supreme Court, Position 3",,,Under Votes,144
Linn,75,"Judge of the Supreme Court, Position 3",,,Robert D. (Skip) Durham,159
Linn,75,"Judge of the Supreme Court, Position 3",,,Write-ins,0
Linn,75,"Judge of the Supreme Court, Position 3",,,Over Votes,0
Linn,75,"Judge of the Supreme Court, Position 3",,,Under Votes,175
Linn,77,"Judge of the Supreme Court, Position 3",,,Robert D. (Skip) Durham,86
Linn,77,"Judge of the Supreme Court, Position 3",,,Write-ins,1
Linn,77,"Judge of the Supreme Court, Position 3",,,Over Votes,0
Linn,77,"Judge of the Supreme Court, Position 3",,,Under Votes,81
Linn,78,"Judge of the Supreme Court, Position 3",,,Robert D. (Skip) Durham,190
Linn,78,"Judge of the Supreme Court, Position 3",,,Write-ins,0
Linn,78,"Judge of the Supreme Court, Position 3",,,Over Votes,0
Linn,78,"Judge of the Supreme Court, Position 3",,,Under Votes,109
Linn,79,"Judge of the Supreme Court, Position 3",,,Robert D. (Skip) Durham,447
Linn,79,"Judge of the Supreme Court, Position 3",,,Write-ins,2
Linn,79,"Judge of the Supreme Court, Position 3",,,Over Votes,0
Linn,79,"Judge of the Supreme Court, Position 3",,,Under Votes,306
Linn,86,"Judge of the Supreme Court, Position 3",,,Robert D. (Skip) Durham,257
Linn,86,"Judge of the Supreme Court, Position 3",,,Write-ins,1
Linn,86,"Judge of the Supreme Court, Position 3",,,Over Votes,0
Linn,86,"Judge of the Supreme Court, Position 3",,,Under Votes,253
Linn,91,"Judge of the Supreme Court, Position 3",,,Robert D. (Skip) Durham,440
Linn,91,"Judge of the Supreme Court, Position 3",,,Write-ins,7
Linn,91,"Judge of the Supreme Court, Position 3",,,Over Votes,0
Linn,91,"Judge of the Supreme Court, Position 3",,,Under Votes,377
Linn,97,"Judge of the Supreme Court, Position 3",,,Robert D. (Skip) Durham,389
Linn,97,"Judge of the Supreme Court, Position 3",,,Write-ins,1
Linn,97,"Judge of the Supreme Court, Position 3",,,Over Votes,0
Linn,97,"Judge of the Supreme Court, Position 3",,,Under Votes,365
Linn,99,"Judge of the Supreme Court, Position 3",,,Robert D. (Skip) Durham,82
Linn,99,"Judge of the Supreme Court, Position 3",,,Write-ins,0
Linn,99,"Judge of the Supreme Court, Position 3",,,Over Votes,0
Linn,99,"Judge of the Supreme Court, Position 3",,,Under Votes,83
Linn,100,"Judge of the Supreme Court, Position 3",,,Robert D. (Skip) Durham,1131
Linn,100,"Judge of the Supreme Court, Position 3",,,Write-ins,12
Linn,100,"Judge of the Supreme Court, Position 3",,,Over Votes,0
Linn,100,"Judge of the Supreme Court, Position 3",,,Under Votes,789
Linn,101,"Judge of the Supreme Court, Position 3",,,Robert D. (Skip) Durham,111
Linn,101,"Judge of the Supreme Court, Position 3",,,Write-ins,5
Linn,101,"Judge of the Supreme Court, Position 3",,,Over Votes,0
Linn,101,"Judge of the Supreme Court, Position 3",,,Under Votes,86
Linn,103,"Judge of the Supreme Court, Position 3",,,Robert D. (Skip) Durham,178
Linn,103,"Judge of the Supreme Court, Position 3",,,Write-ins,6
Linn,103,"Judge of the Supreme Court, Position 3",,,Over Votes,0
Linn,103,"Judge of the Supreme Court, Position 3",,,Under Votes,173
Linn,104,"Judge of the Supreme Court, Position 3",,,Robert D. (Skip) Durham,141
Linn,104,"Judge of the Supreme Court, Position 3",,,Write-ins,1
Linn,104,"Judge of the Supreme Court, Position 3",,,Over Votes,0
Linn,104,"Judge of the Supreme Court, Position 3",,,Under Votes,113
Linn,107,"Judge of the Supreme Court, Position 3",,,Robert D. (Skip) Durham,1041
Linn,107,"Judge of the Supreme Court, Position 3",,,Write-ins,2
Linn,107,"Judge of the Supreme Court, Position 3",,,Over Votes,0
Linn,107,"Judge of the Supreme Court, Position 3",,,Under Votes,916
Linn,108,"Judge of the Supreme Court, Position 3",,,Robert D. (Skip) Durham,683
Linn,108,"Judge of the Supreme Court, Position 3",,,Write-ins,1
Linn,108,"Judge of the Supreme Court, Position 3",,,Over Votes,0
Linn,108,"Judge of the Supreme Court, Position 3",,,Under Votes,478
Linn,1,"Judge of the Supreme Court, Position 6",,,Jack Roberts,673
Linn,1,"Judge of the Supreme Court, Position 6",,,Virginia L. Linder,539
Linn,1,"Judge of the Supreme Court, Position 6",,,W. Eugene (Gene) Hallman,333
Linn,1,"Judge of the Supreme Court, Position 6",,,Write-ins,3
Linn,1,"Judge of the Supreme Court, Position 6",,,Over Votes,2
Linn,1,"Judge of the Supreme Court, Position 6",,,Under Votes,547
Linn,18,"Judge of the Supreme Court, Position 6",,,Jack Roberts,593
Linn,18,"Judge of the Supreme Court, Position 6",,,Virginia L. Linder,379
Linn,18,"Judge of the Supreme Court, Position 6",,,W. Eugene (Gene) Hallman,234
Linn,18,"Judge of the Supreme Court, Position 6",,,Write-ins,5
Linn,18,"Judge of the Supreme Court, Position 6",,,Over Votes,1
Linn,18,"Judge of the Supreme Court, Position 6",,,Under Votes,382
Linn,19,"Judge of the Supreme Court, Position 6",,,Jack Roberts,169
Linn,19,"Judge of the Supreme Court, Position 6",,,Virginia L. Linder,108
Linn,19,"Judge of the Supreme Court, Position 6",,,W. Eugene (Gene) Hallman,52
Linn,19,"Judge of the Supreme Court, Position 6",,,Write-ins,2
Linn,19,"Judge of the Supreme Court, Position 6",,,Over Votes,0
Linn,19,"Judge of the Supreme Court, Position 6",,,Under Votes,90
Linn,20,"Judge of the Supreme Court, Position 6",,,Jack Roberts,95
Linn,20,"Judge of the Supreme Court, Position 6",,,Virginia L. Linder,41
Linn,20,"Judge of the Supreme Court, Position 6",,,W. Eugene (Gene) Hallman,27
Linn,20,"Judge of the Supreme Court, Position 6",,,Write-ins,1
Linn,20,"Judge of the Supreme Court, Position 6",,,Over Votes,0
Linn,20,"Judge of the Supreme Court, Position 6",,,Under Votes,53
Linn,21,"Judge of the Supreme Court, Position 6",,,Jack Roberts,65
Linn,21,"Judge of the Supreme Court, Position 6",,,Virginia L. Linder,43
Linn,21,"Judge of the Supreme Court, Position 6",,,W. Eugene (Gene) Hallman,25
Linn,21,"Judge of the Supreme Court, Position 6",,,Write-ins,0
Linn,21,"Judge of the Supreme Court, Position 6",,,Over Votes,0
Linn,21,"Judge of the Supreme Court, Position 6",,,Under Votes,36
Linn,22,"Judge of the Supreme Court, Position 6",,,Jack Roberts,3
Linn,22,"Judge of the Supreme Court, Position 6",,,Virginia L. Linder,4
Linn,22,"Judge of the Supreme Court, Position 6",,,W. Eugene (Gene) Hallman,3
Linn,22,"Judge of the Supreme Court, Position 6",,,Write-ins,0
Linn,22,"Judge of the Supreme Court, Position 6",,,Over Votes,0
Linn,22,"Judge of the Supreme Court, Position 6",,,Under Votes,4
Linn,23,"Judge of the Supreme Court, Position 6",,,Jack Roberts,146
Linn,23,"Judge of the Supreme Court, Position 6",,,Virginia L. Linder,107
Linn,23,"Judge of the Supreme Court, Position 6",,,W. Eugene (Gene) Hallman,66
Linn,23,"Judge of the Supreme Court, Position 6",,,Write-ins,0
Linn,23,"Judge of the Supreme Court, Position 6",,,Over Votes,0
Linn,23,"Judge of the Supreme Court, Position 6",,,Under Votes,112
Linn,26,"Judge of the Supreme Court, Position 6",,,Jack Roberts,39
Linn,26,"Judge of the Supreme Court, Position 6",,,Virginia L. Linder,28
Linn,26,"Judge of the Supreme Court, Position 6",,,W. Eugene (Gene) Hallman,13
Linn,26,"Judge of the Supreme Court, Position 6",,,Write-ins,0
Linn,26,"Judge of the Supreme Court, Position 6",,,Over Votes,0
Linn,26,"Judge of the Supreme Court, Position 6",,,Under Votes,29
Linn,27,"Judge of the Supreme Court, Position 6",,,Jack Roberts,112
Linn,27,"Judge of the Supreme Court, Position 6",,,Virginia L. Linder,25
Linn,27,"Judge of the Supreme Court, Position 6",,,W. Eugene (Gene) Hallman,23
Linn,27,"Judge of the Supreme Court, Position 6",,,Write-ins,0
Linn,27,"Judge of the Supreme Court, Position 6",,,Over Votes,0
Linn,27,"Judge of the Supreme Court, Position 6",,,Under Votes,25
Linn,28,"Judge of the Supreme Court, Position 6",,,Jack Roberts,100
Linn,28,"Judge of the Supreme Court, Position 6",,,Virginia L. Linder,41
Linn,28,"Judge of the Supreme Court, Position 6",,,W. Eugene (Gene) Hallman,26
Linn,28,"Judge of the Supreme Court, Position 6",,,Write-ins,0
Linn,28,"Judge of the Supreme Court, Position 6",,,Over Votes,0
Linn,28,"Judge of the Supreme Court, Position 6",,,Under Votes,53
Linn,29,"Judge of the Supreme Court, Position 6",,,Jack Roberts,368
Linn,29,"Judge of the Supreme Court, Position 6",,,Virginia L. Linder,158
Linn,29,"Judge of the Supreme Court, Position 6",,,W. Eugene (Gene) Hallman,70
Linn,29,"Judge of the Supreme Court, Position 6",,,Write-ins,1
Linn,29,"Judge of the Supreme Court, Position 6",,,Over Votes,0
Linn,29,"Judge of the Supreme Court, Position 6",,,Under Votes,219
Linn,30,"Judge of the Supreme Court, Position 6",,,Jack Roberts,54
Linn,30,"Judge of the Supreme Court, Position 6",,,Virginia L. Linder,7
Linn,30,"Judge of the Supreme Court, Position 6",,,W. Eugene (Gene) Hallman,13
Linn,30,"Judge of the Supreme Court, Position 6",,,Write-ins,0
Linn,30,"Judge of the Supreme Court, Position 6",,,Over Votes,0
Linn,30,"Judge of the Supreme Court, Position 6",,,Under Votes,10
Linn,31,"Judge of the Supreme Court, Position 6",,,Jack Roberts,190
Linn,31,"Judge of the Supreme Court, Position 6",,,Virginia L. Linder,79
Linn,31,"Judge of the Supreme Court, Position 6",,,W. Eugene (Gene) Hallman,48
Linn,31,"Judge of the Supreme Court, Position 6",,,Write-ins,1
Linn,31,"Judge of the Supreme Court, Position 6",,,Over Votes,1
Linn,31,"Judge of the Supreme Court, Position 6",,,Under Votes,70
Linn,32,"Judge of the Supreme Court, Position 6",,,Jack Roberts,115
Linn,32,"Judge of the Supreme Court, Position 6",,,Virginia L. Linder,39
Linn,32,"Judge of the Supreme Court, Position 6",,,W. Eugene (Gene) Hallman,38
Linn,32,"Judge of the Supreme Court, Position 6",,,Write-ins,0
Linn,32,"Judge of the Supreme Court, Position 6",,,Over Votes,0
Linn,32,"Judge of the Supreme Court, Position 6",,,Under Votes,59
Linn,34,"Judge of the Supreme Court, Position 6",,,Jack Roberts,54
Linn,34,"Judge of the Supreme Court, Position 6",,,Virginia L. Linder,47
Linn,34,"Judge of the Supreme Court, Position 6",,,W. Eugene (Gene) Hallman,16
Linn,34,"Judge of the Supreme Court, Position 6",,,Write-ins,0
Linn,34,"Judge of the Supreme Court, Position 6",,,Over Votes,0
Linn,34,"Judge of the Supreme Court, Position 6",,,Under Votes,45
Linn,35,"Judge of the Supreme Court, Position 6",,,Jack Roberts,188
Linn,35,"Judge of the Supreme Court, Position 6",,,Virginia L. Linder,129
Linn,35,"Judge of the Supreme Court, Position 6",,,W. Eugene (Gene) Hallman,72
Linn,35,"Judge of the Supreme Court, Position 6",,,Write-ins,1
Linn,35,"Judge of the Supreme Court, Position 6",,,Over Votes,0
Linn,35,"Judge of the Supreme Court, Position 6",,,Under Votes,136
Linn,37,"Judge of the Supreme Court, Position 6",,,Jack Roberts,376
Linn,37,"Judge of the Supreme Court, Position 6",,,Virginia L. Linder,196
Linn,37,"Judge of the Supreme Court, Position 6",,,W. Eugene (Gene) Hallman,153
Linn,37,"Judge of the Supreme Court, Position 6",,,Write-ins,2
Linn,37,"Judge of the Supreme Court, Position 6",,,Over Votes,0
Linn,37,"Judge of the Supreme Court, Position 6",,,Under Votes,217
Linn,40,"Judge of the Supreme Court, Position 6",,,Jack Roberts,2
Linn,40,"Judge of the Supreme Court, Position 6",,,Virginia L. Linder,0
Linn,40,"Judge of the Supreme Court, Position 6",,,W. Eugene (Gene) Hallman,0
Linn,40,"Judge of the Supreme Court, Position 6",,,Write-ins,0
Linn,40,"Judge of the Supreme Court, Position 6",,,Over Votes,0
Linn,40,"Judge of the Supreme Court, Position 6",,,Under Votes,0
Linn,43,"Judge of the Supreme Court, Position 6",,,Jack Roberts,78
Linn,43,"Judge of the Supreme Court, Position 6",,,Virginia L. Linder,72
Linn,43,"Judge of the Supreme Court, Position 6",,,W. Eugene (Gene) Hallman,29
Linn,43,"Judge of the Supreme Court, Position 6",,,Write-ins,0
Linn,43,"Judge of the Supreme Court, Position 6",,,Over Votes,0
Linn,43,"Judge of the Supreme Court, Position 6",,,Under Votes,52
Linn,44,"Judge of the Supreme Court, Position 6",,,Jack Roberts,144
Linn,44,"Judge of the Supreme Court, Position 6",,,Virginia L. Linder,81
Linn,44,"Judge of the Supreme Court, Position 6",,,W. Eugene (Gene) Hallman,43
Linn,44,"Judge of the Supreme Court, Position 6",,,Write-ins,0
Linn,44,"Judge of the Supreme Court, Position 6",,,Over Votes,0
Linn,44,"Judge of the Supreme Court, Position 6",,,Under Votes,68
Linn,45,"Judge of the Supreme Court, Position 6",,,Jack Roberts,163
Linn,45,"Judge of the Supreme Court, Position 6",,,Virginia L. Linder,78
Linn,45,"Judge of the Supreme Court, Position 6",,,W. Eugene (Gene) Hallman,60
Linn,45,"Judge of the Supreme Court, Position 6",,,Write-ins,1
Linn,45,"Judge of the Supreme Court, Position 6",,,Over Votes,0
Linn,45,"Judge of the Supreme Court, Position 6",,,Under Votes,75
Linn,46,"Judge of the Supreme Court, Position 6",,,Jack Roberts,159
Linn,46,"Judge of the Supreme Court, Position 6",,,Virginia L. Linder,101
Linn,46,"Judge of the Supreme Court, Position 6",,,W. Eugene (Gene) Hallman,62
Linn,46,"Judge of the Supreme Court, Position 6",,,Write-ins,0
Linn,46,"Judge of the Supreme Court, Position 6",,,Over Votes,0
Linn,46,"Judge of the Supreme Court, Position 6",,,Under Votes,64
Linn,47,"Judge of the Supreme Court, Position 6",,,Jack Roberts,45
Linn,47,"Judge of the Supreme Court, Position 6",,,Virginia L. Linder,35
Linn,47,"Judge of the Supreme Court, Position 6",,,W. Eugene (Gene) Hallman,25
Linn,47,"Judge of the Supreme Court, Position 6",,,Write-ins,0
Linn,47,"Judge of the Supreme Court, Position 6",,,Over Votes,0
Linn,47,"Judge of the Supreme Court, Position 6",,,Under Votes,22
Linn,49,"Judge of the Supreme Court, Position 6",,,Jack Roberts,7
Linn,49,"Judge of the Supreme Court, Position 6",,,Virginia L. Linder,3
Linn,49,"Judge of the Supreme Court, Position 6",,,W. Eugene (Gene) Hallman,0
Linn,49,"Judge of the Supreme Court, Position 6",,,Write-ins,0
Linn,49,"Judge of the Supreme Court, Position 6",,,Over Votes,0
Linn,49,"Judge of the Supreme Court, Position 6",,,Under Votes,3
Linn,51,"Judge of the Supreme Court, Position 6",,,Jack Roberts,131
Linn,51,"Judge of the Supreme Court, Position 6",,,Virginia L. Linder,70
Linn,51,"Judge of the Supreme Court, Position 6",,,W. Eugene (Gene) Hallman,49
Linn,51,"Judge of the Supreme Court, Position 6",,,Write-ins,0
Linn,51,"Judge of the Supreme Court, Position 6",,,Over Votes,0
Linn,51,"Judge of the Supreme Court, Position 6",,,Under Votes,82
Linn,52,"Judge of the Supreme Court, Position 6",,,Jack Roberts,32
Linn,52,"Judge of the Supreme Court, Position 6",,,Virginia L. Linder,25
Linn,52,"Judge of the Supreme Court, Position 6",,,W. Eugene (Gene) Hallman,14
Linn,52,"Judge of the Supreme Court, Position 6",,,Write-ins,0
Linn,52,"Judge of the Supreme Court, Position 6",,,Over Votes,0
Linn,52,"Judge of the Supreme Court, Position 6",,,Under Votes,32
Linn,53,"Judge of the Supreme Court, Position 6",,,Jack Roberts,143
Linn,53,"Judge of the Supreme Court, Position 6",,,Virginia L. Linder,63
Linn,53,"Judge of the Supreme Court, Position 6",,,W. Eugene (Gene) Hallman,43
Linn,53,"Judge of the Supreme Court, Position 6",,,Write-ins,0
Linn,53,"Judge of the Supreme Court, Position 6",,,Over Votes,0
Linn,53,"Judge of the Supreme Court, Position 6",,,Under Votes,62
Linn,54,"Judge of the Supreme Court, Position 6",,,Jack Roberts,92
Linn,54,"Judge of the Supreme Court, Position 6",,,Virginia L. Linder,25
Linn,54,"Judge of the Supreme Court, Position 6",,,W. Eugene (Gene) Hallman,25
Linn,54,"Judge of the Supreme Court, Position 6",,,Write-ins,0
Linn,54,"Judge of the Supreme Court, Position 6",,,Over Votes,0
Linn,54,"Judge of the Supreme Court, Position 6",,,Under Votes,35
Linn,55,"Judge of the Supreme Court, Position 6",,,Jack Roberts,79
Linn,55,"Judge of the Supreme Court, Position 6",,,Virginia L. Linder,50
Linn,55,"Judge of the Supreme Court, Position 6",,,W. Eugene (Gene) Hallman,33
Linn,55,"Judge of the Supreme Court, Position 6",,,Write-ins,0
Linn,55,"Judge of the Supreme Court, Position 6",,,Over Votes,0
Linn,55,"Judge of the Supreme Court, Position 6",,,Under Votes,48
Linn,56,"Judge of the Supreme Court, Position 6",,,Jack Roberts,108
Linn,56,"Judge of the Supreme Court, Position 6",,,Virginia L. Linder,71
Linn,56,"Judge of the Supreme Court, Position 6",,,W. Eugene (Gene) Hallman,45
Linn,56,"Judge of the Supreme Court, Position 6",,,Write-ins,0
Linn,56,"Judge of the Supreme Court, Position 6",,,Over Votes,0
Linn,56,"Judge of the Supreme Court, Position 6",,,Under Votes,52
Linn,57,"Judge of the Supreme Court, Position 6",,,Jack Roberts,47
Linn,57,"Judge of the Supreme Court, Position 6",,,Virginia L. Linder,29
Linn,57,"Judge of the Supreme Court, Position 6",,,W. Eugene (Gene) Hallman,19
Linn,57,"Judge of the Supreme Court, Position 6",,,Write-ins,0
Linn,57,"Judge of the Supreme Court, Position 6",,,Over Votes,0
Linn,57,"Judge of the Supreme Court, Position 6",,,Under Votes,13
Linn,62,"Judge of the Supreme Court, Position 6",,,Jack Roberts,628
Linn,62,"Judge of the Supreme Court, Position 6",,,Virginia L. Linder,433
Linn,62,"Judge of the Supreme Court, Position 6",,,W. Eugene (Gene) Hallman,272
Linn,62,"Judge of the Supreme Court, Position 6",,,Write-ins,3
Linn,62,"Judge of the Supreme Court, Position 6",,,Over Votes,0
Linn,62,"Judge of the Supreme Court, Position 6",,,Under Votes,466
Linn,63,"Judge of the Supreme Court, Position 6",,,Jack Roberts,362
Linn,63,"Judge of the Supreme Court, Position 6",,,Virginia L. Linder,155
Linn,63,"Judge of the Supreme Court, Position 6",,,W. Eugene (Gene) Hallman,105
Linn,63,"Judge of the Supreme Court, Position 6",,,Write-ins,2
Linn,63,"Judge of the Supreme Court, Position 6",,,Over Votes,0
Linn,63,"Judge of the Supreme Court, Position 6",,,Under Votes,233
Linn,65,"Judge of the Supreme Court, Position 6",,,Jack Roberts,16
Linn,65,"Judge of the Supreme Court, Position 6",,,Virginia L. Linder,5
Linn,65,"Judge of the Supreme Court, Position 6",,,W. Eugene (Gene) Hallman,2
Linn,65,"Judge of the Supreme Court, Position 6",,,Write-ins,0
Linn,65,"Judge of the Supreme Court, Position 6",,,Over Votes,0
Linn,65,"Judge of the Supreme Court, Position 6",,,Under Votes,0
Linn,66,"Judge of the Supreme Court, Position 6",,,Jack Roberts,50
Linn,66,"Judge of the Supreme Court, Position 6",,,Virginia L. Linder,23
Linn,66,"Judge of the Supreme Court, Position 6",,,W. Eugene (Gene) Hallman,13
Linn,66,"Judge of the Supreme Court, Position 6",,,Write-ins,0
Linn,66,"Judge of the Supreme Court, Position 6",,,Over Votes,0
Linn,66,"Judge of the Supreme Court, Position 6",,,Under Votes,27
Linn,70,"Judge of the Supreme Court, Position 6",,,Jack Roberts,203
Linn,70,"Judge of the Supreme Court, Position 6",,,Virginia L. Linder,113
Linn,70,"Judge of the Supreme Court, Position 6",,,W. Eugene (Gene) Hallman,92
Linn,70,"Judge of the Supreme Court, Position 6",,,Write-ins,1
Linn,70,"Judge of the Supreme Court, Position 6",,,Over Votes,0
Linn,70,"Judge of the Supreme Court, Position 6",,,Under Votes,159
Linn,73,"Judge of the Supreme Court, Position 6",,,Jack Roberts,109
Linn,73,"Judge of the Supreme Court, Position 6",,,Virginia L. Linder,77
Linn,73,"Judge of the Supreme Court, Position 6",,,W. Eugene (Gene) Hallman,53
Linn,73,"Judge of the Supreme Court, Position 6",,,Write-ins,0
Linn,73,"Judge of the Supreme Court, Position 6",,,Over Votes,0
Linn,73,"Judge of the Supreme Court, Position 6",,,Under Votes,67
Linn,75,"Judge of the Supreme Court, Position 6",,,Jack Roberts,145
Linn,75,"Judge of the Supreme Court, Position 6",,,Virginia L. Linder,62
Linn,75,"Judge of the Supreme Court, Position 6",,,W. Eugene (Gene) Hallman,55
Linn,75,"Judge of the Supreme Court, Position 6",,,Write-ins,0
Linn,75,"Judge of the Supreme Court, Position 6",,,Over Votes,1
Linn,75,"Judge of the Supreme Court, Position 6",,,Under Votes,71
Linn,77,"Judge of the Supreme Court, Position 6",,,Jack Roberts,49
Linn,77,"Judge of the Supreme Court, Position 6",,,Virginia L. Linder,54
Linn,77,"Judge of the Supreme Court, Position 6",,,W. Eugene (Gene) Hallman,20
Linn,77,"Judge of the Supreme Court, Position 6",,,Write-ins,1
Linn,77,"Judge of the Supreme Court, Position 6",,,Over Votes,0
Linn,77,"Judge of the Supreme Court, Position 6",,,Under Votes,44
Linn,78,"Judge of the Supreme Court, Position 6",,,Jack Roberts,121
Linn,78,"Judge of the Supreme Court, Position 6",,,Virginia L. Linder,63
Linn,78,"Judge of the Supreme Court, Position 6",,,W. Eugene (Gene) Hallman,58
Linn,78,"Judge of the Supreme Court, Position 6",,,Write-ins,0
Linn,78,"Judge of the Supreme Court, Position 6",,,Over Votes,0
Linn,78,"Judge of the Supreme Court, Position 6",,,Under Votes,57
Linn,79,"Judge of the Supreme Court, Position 6",,,Jack Roberts,271
Linn,79,"Judge of the Supreme Court, Position 6",,,Virginia L. Linder,184
Linn,79,"Judge of the Supreme Court, Position 6",,,W. Eugene (Gene) Hallman,131
Linn,79,"Judge of the Supreme Court, Position 6",,,Write-ins,0
Linn,79,"Judge of the Supreme Court, Position 6",,,Over Votes,0
Linn,79,"Judge of the Supreme Court, Position 6",,,Under Votes,169
Linn,86,"Judge of the Supreme Court, Position 6",,,Jack Roberts,170
Linn,86,"Judge of the Supreme Court, Position 6",,,Virginia L. Linder,114
Linn,86,"Judge of the Supreme Court, Position 6",,,W. Eugene (Gene) Hallman,95
Linn,86,"Judge of the Supreme Court, Position 6",,,Write-ins,0
Linn,86,"Judge of the Supreme Court, Position 6",,,Over Votes,2
Linn,86,"Judge of the Supreme Court, Position 6",,,Under Votes,130
Linn,91,"Judge of the Supreme Court, Position 6",,,Jack Roberts,292
Linn,91,"Judge of the Supreme Court, Position 6",,,Virginia L. Linder,201
Linn,91,"Judge of the Supreme Court, Position 6",,,W. Eugene (Gene) Hallman,131
Linn,91,"Judge of the Supreme Court, Position 6",,,Write-ins,5
Linn,91,"Judge of the Supreme Court, Position 6",,,Over Votes,0
Linn,91,"Judge of the Supreme Court, Position 6",,,Under Votes,195
Linn,97,"Judge of the Supreme Court, Position 6",,,Jack Roberts,304
Linn,97,"Judge of the Supreme Court, Position 6",,,Virginia L. Linder,165
Linn,97,"Judge of the Supreme Court, Position 6",,,W. Eugene (Gene) Hallman,91
Linn,97,"Judge of the Supreme Court, Position 6",,,Write-ins,0
Linn,97,"Judge of the Supreme Court, Position 6",,,Over Votes,0
Linn,97,"Judge of the Supreme Court, Position 6",,,Under Votes,195
Linn,99,"Judge of the Supreme Court, Position 6",,,Jack Roberts,72
Linn,99,"Judge of the Supreme Court, Position 6",,,Virginia L. Linder,28
Linn,99,"Judge of the Supreme Court, Position 6",,,W. Eugene (Gene) Hallman,26
Linn,99,"Judge of the Supreme Court, Position 6",,,Write-ins,0
Linn,99,"Judge of the Supreme Court, Position 6",,,Over Votes,0
Linn,99,"Judge of the Supreme Court, Position 6",,,Under Votes,39
Linn,100,"Judge of the Supreme Court, Position 6",,,Jack Roberts,717
Linn,100,"Judge of the Supreme Court, Position 6",,,Virginia L. Linder,485
Linn,100,"Judge of the Supreme Court, Position 6",,,W. Eugene (Gene) Hallman,280
Linn,100,"Judge of the Supreme Court, Position 6",,,Write-ins,6
Linn,100,"Judge of the Supreme Court, Position 6",,,Over Votes,1
Linn,100,"Judge of the Supreme Court, Position 6",,,Under Votes,443
Linn,101,"Judge of the Supreme Court, Position 6",,,Jack Roberts,77
Linn,101,"Judge of the Supreme Court, Position 6",,,Virginia L. Linder,56
Linn,101,"Judge of the Supreme Court, Position 6",,,W. Eugene (Gene) Hallman,33
Linn,101,"Judge of the Supreme Court, Position 6",,,Write-ins,2
Linn,101,"Judge of the Supreme Court, Position 6",,,Over Votes,0
Linn,101,"Judge of the Supreme Court, Position 6",,,Under Votes,34
Linn,103,"Judge of the Supreme Court, Position 6",,,Jack Roberts,145
Linn,103,"Judge of the Supreme Court, Position 6",,,Virginia L. Linder,75
Linn,103,"Judge of the Supreme Court, Position 6",,,W. Eugene (Gene) Hallman,62
Linn,103,"Judge of the Supreme Court, Position 6",,,Write-ins,2
Linn,103,"Judge of the Supreme Court, Position 6",,,Over Votes,0
Linn,103,"Judge of the Supreme Court, Position 6",,,Under Votes,73
Linn,104,"Judge of the Supreme Court, Position 6",,,Jack Roberts,91
Linn,104,"Judge of the Supreme Court, Position 6",,,Virginia L. Linder,58
Linn,104,"Judge of the Supreme Court, Position 6",,,W. Eugene (Gene) Hallman,45
Linn,104,"Judge of the Supreme Court, Position 6",,,Write-ins,0
Linn,104,"Judge of the Supreme Court, Position 6",,,Over Votes,1
Linn,104,"Judge of the Supreme Court, Position 6",,,Under Votes,60
Linn,107,"Judge of the Supreme Court, Position 6",,,Jack Roberts,753
Linn,107,"Judge of the Supreme Court, Position 6",,,Virginia L. Linder,436
Linn,107,"Judge of the Supreme Court, Position 6",,,W. Eugene (Gene) Hallman,297
Linn,107,"Judge of the Supreme Court, Position 6",,,Write-ins,2
Linn,107,"Judge of the Supreme Court, Position 6",,,Over Votes,5
Linn,107,"Judge of the Supreme Court, Position 6",,,Under Votes,466
Linn,108,"Judge of the Supreme Court, Position 6",,,Jack Roberts,424
Linn,108,"Judge of the Supreme Court, Position 6",,,Virginia L. Linder,288
Linn,108,"Judge of the Supreme Court, Position 6",,,W. Eugene (Gene) Hallman,178
Linn,108,"Judge of the Supreme Court, Position 6",,,Write-ins,0
Linn,108,"Judge of the Supreme Court, Position 6",,,Over Votes,2
Linn,108,"Judge of the Supreme Court, Position 6",,,Under Votes,270
Linn,29,Measure 22-52 Proposed Eagle Park & Rec District,,,Yes,173
Linn,29,Measure 22-52 Proposed Eagle Park & Rec District,,,No,624
Linn,29,Measure 22-52 Proposed Eagle Park & Rec District,,,Over Votes,0
Linn,29,Measure 22-52 Proposed Eagle Park & Rec District,,,Under Votes,19
Linn,1,Measure 22-53 Greater Albany School District #8J,,,Yes,1305
Linn,1,Measure 22-53 Greater Albany School District #8J,,,No,700
Linn,1,Measure 22-53 Greater Albany School District #8J,,,Over Votes,0
Linn,1,Measure 22-53 Greater Albany School District #8J,,,Under Votes,92
Linn,18,Measure 22-53 Greater Albany School District #8J,,,Yes,863
Linn,18,Measure 22-53 Greater Albany School District #8J,,,No,654
Linn,18,Measure 22-53 Greater Albany School District #8J,,,Over Votes,1
Linn,18,Measure 22-53 Greater Albany School District #8J,,,Under Votes,76
Linn,19,Measure 22-53 Greater Albany School District #8J,,,Yes,241
Linn,19,Measure 22-53 Greater Albany School District #8J,,,No,154
Linn,19,Measure 22-53 Greater Albany School District #8J,,,Over Votes,0
Linn,19,Measure 22-53 Greater Albany School District #8J,,,Under Votes,26
Linn,22,Measure 22-53 Greater Albany School District #8J,,,Yes,7
Linn,22,Measure 22-53 Greater Albany School District #8J,,,No,3
Linn,22,Measure 22-53 Greater Albany School District #8J,,,Over Votes,0
Linn,22,Measure 22-53 Greater Albany School District #8J,,,Under Votes,2
Linn,26,Measure 22-53 Greater Albany School District #8J,,,Yes,39
Linn,26,Measure 22-53 Greater Albany School District #8J,,,No,57
Linn,26,Measure 22-53 Greater Albany School District #8J,,,Over Votes,0
Linn,26,Measure 22-53 Greater Albany School District #8J,,,Under Votes,13
Linn,34,Measure 22-53 Greater Albany School District #8J,,,Yes,75
Linn,34,Measure 22-53 Greater Albany School District #8J,,,No,74
Linn,34,Measure 22-53 Greater Albany School District #8J,,,Over Votes,0
Linn,34,Measure 22-53 Greater Albany School District #8J,,,Under Votes,13
Linn,47,Measure 22-53 Greater Albany School District #8J,,,Yes,69
Linn,47,Measure 22-53 Greater Albany School District #8J,,,No,50
Linn,47,Measure 22-53 Greater Albany School District #8J,,,Over Votes,0
Linn,47,Measure 22-53 Greater Albany School District #8J,,,Under Votes,8
Linn,63,Measure 22-53 Greater Albany School District #8J,,,Yes,372
Linn,63,Measure 22-53 Greater Albany School District #8J,,,No,371
Linn,63,Measure 22-53 Greater Albany School District #8J,,,Over Votes,1
Linn,63,Measure 22-53 Greater Albany School District #8J,,,Under Votes,63
Linn,65,Measure 22-53 Greater Albany School District #8J,,,Yes,12
Linn,65,Measure 22-53 Greater Albany School District #8J,,,No,10
Linn,65,Measure 22-53 Greater Albany School District #8J,,,Over Votes,0
Linn,65,Measure 22-53 Greater Albany School District #8J,,,Under Votes,1
Linn,91,Measure 22-53 Greater Albany School District #8J,,,Yes,405
Linn,91,Measure 22-53 Greater Albany School District #8J,,,No,359
Linn,91,Measure 22-53 Greater Albany School District #8J,,,Over Votes,0
Linn,91,Measure 22-53 Greater Albany School District #8J,,,Under Votes,60
Linn,97,Measure 22-53 Greater Albany School District #8J,,,Yes,375
Linn,97,Measure 22-53 Greater Albany School District #8J,,,No,339
Linn,97,Measure 22-53 Greater Albany School District #8J,,,Over Votes,1
Linn,97,Measure 22-53 Greater Albany School District #8J,,,Under Votes,40
Linn,100,Measure 22-53 Greater Albany School District #8J,,,Yes,1017
Linn,100,Measure 22-53 Greater Albany School District #8J,,,No,788
Linn,100,Measure 22-53 Greater Albany School District #8J,,,Over Votes,0
Linn,100,Measure 22-53 Greater Albany School District #8J,,,Under Votes,127
Linn,104,Measure 22-53 Greater Albany School District #8J,,,Yes,44
Linn,104,Measure 22-53 Greater Albany School District #8J,,,No,53
Linn,104,Measure 22-53 Greater Albany School District #8J,,,Over Votes,0
Linn,104,Measure 22-53 Greater Albany School District #8J,,,Under Votes,7
Linn,107,Measure 22-53 Greater Albany School District #8J,,,Yes,1012
Linn,107,Measure 22-53 Greater Albany School District #8J,,,No,812
Linn,107,Measure 22-53 Greater Albany School District #8J,,,Over Votes,0
Linn,107,Measure 22-53 Greater Albany School District #8J,,,Under Votes,135
Linn,62,Measure 22-54 City of Sweet Home,,,Yes,1003
Linn,62,Measure 22-54 City of Sweet Home,,,No,749
Linn,62,Measure 22-54 City of Sweet Home,,,Over Votes,3
Linn,62,Measure 22-54 City of Sweet Home,,,Under Votes,47
Linn,62,Measure 22-55 City of Sweet Home,,,Yes,1095
Linn,62,Measure 22-55 City of Sweet Home,,,No,658
Linn,62,Measure 22-55 City of Sweet Home,,,Over Votes,1
Linn,62,Measure 22-55 City of Sweet Home,,,Under Votes,48
Linn,97,Measure 22-56 City of Tangent,,,Yes,208
Linn,97,Measure 22-56 City of Tangent,,,No,92
Linn,97,Measure 22-56 City of Tangent,,,Over Votes,0
Linn,97,Measure 22-56 City of Tangent,,,Under Votes,15
Linn,21,Measure 22-57 Lebanon Rural Fire Protection District,,,Yes,66
Linn,21,Measure 22-57 Lebanon Rural Fire Protection District,,,No,63
Linn,21,Measure 22-57 Lebanon Rural Fire Protection District,,,Over Votes,0
Linn,21,Measure 22-57 Lebanon Rural Fire Protection District,,,Under Votes,26
Linn,22,Measure 22-57 Lebanon Rural Fire Protection District,,,Yes,0
Linn,22,Measure 22-57 Lebanon Rural Fire Protection District,,,No,0
Linn,22,Measure 22-57 Lebanon Rural Fire Protection District,,,Over Votes,0
Linn,22,Measure 22-57 Lebanon Rural Fire Protection District,,,Under Votes,0
Linn,23,Measure 22-57 Lebanon Rural Fire Protection District,,,Yes,212
Linn,23,Measure 22-57 Lebanon Rural Fire Protection District,,,No,150
Linn,23,Measure 22-57 Lebanon Rural Fire Protection District,,,Over Votes,0
Linn,23,Measure 22-57 Lebanon Rural Fire Protection District,,,Under Votes,24
Linn,26,Measure 22-57 Lebanon Rural Fire Protection District,,,Yes,2
Linn,26,Measure 22-57 Lebanon Rural Fire Protection District,,,No,11
Linn,26,Measure 22-57 Lebanon Rural Fire Protection District,,,Over Votes,0
Linn,26,Measure 22-57 Lebanon Rural Fire Protection District,,,Under Votes,1
Linn,35,Measure 22-57 Lebanon Rural Fire Protection District,,,Yes,216
Linn,35,Measure 22-57 Lebanon Rural Fire Protection District,,,No,209
Linn,35,Measure 22-57 Lebanon Rural Fire Protection District,,,Over Votes,0
Linn,35,Measure 22-57 Lebanon Rural Fire Protection District,,,Under Votes,35
Linn,37,Measure 22-57 Lebanon Rural Fire Protection District,,,Yes,470
Linn,37,Measure 22-57 Lebanon Rural Fire Protection District,,,No,373
Linn,37,Measure 22-57 Lebanon Rural Fire Protection District,,,Over Votes,0
Linn,37,Measure 22-57 Lebanon Rural Fire Protection District,,,Under Votes,101
Linn,45,Measure 22-57 Lebanon Rural Fire Protection District,,,Yes,200
Linn,45,Measure 22-57 Lebanon Rural Fire Protection District,,,No,142
Linn,45,Measure 22-57 Lebanon Rural Fire Protection District,,,Over Votes,0
Linn,45,Measure 22-57 Lebanon Rural Fire Protection District,,,Under Votes,26
Linn,46,Measure 22-57 Lebanon Rural Fire Protection District,,,Yes,3
Linn,46,Measure 22-57 Lebanon Rural Fire Protection District,,,No,2
Linn,46,Measure 22-57 Lebanon Rural Fire Protection District,,,Over Votes,0
Linn,46,Measure 22-57 Lebanon Rural Fire Protection District,,,Under Votes,0
Linn,51,Measure 22-57 Lebanon Rural Fire Protection District,,,Yes,137
Linn,51,Measure 22-57 Lebanon Rural Fire Protection District,,,No,125
Linn,51,Measure 22-57 Lebanon Rural Fire Protection District,,,Over Votes,0
Linn,51,Measure 22-57 Lebanon Rural Fire Protection District,,,Under Votes,26
Linn,57,Measure 22-57 Lebanon Rural Fire Protection District,,,Yes,45
Linn,57,Measure 22-57 Lebanon Rural Fire Protection District,,,No,50
Linn,57,Measure 22-57 Lebanon Rural Fire Protection District,,,Over Votes,0
Linn,57,Measure 22-57 Lebanon Rural Fire Protection District,,,Under Votes,13
Linn,66,Measure 22-57 Lebanon Rural Fire Protection District,,,Yes,54
Linn,66,Measure 22-57 Lebanon Rural Fire Protection District,,,No,51
Linn,66,Measure 22-57 Lebanon Rural Fire Protection District,,,Over Votes,0
Linn,66,Measure 22-57 Lebanon Rural Fire Protection District,,,Under Votes,8
Linn,70,Measure 22-57 Lebanon Rural Fire Protection District,,,Yes,296
Linn,70,Measure 22-57 Lebanon Rural Fire Protection District,,,No,213
Linn,70,Measure 22-57 Lebanon Rural Fire Protection District,,,Over Votes,0
Linn,70,Measure 22-57 Lebanon Rural Fire Protection District,,,Under Votes,59
Linn,78,Measure 22-57 Lebanon Rural Fire Protection District,,,Yes,161
Linn,78,Measure 22-57 Lebanon Rural Fire Protection District,,,No,114
Linn,78,Measure 22-57 Lebanon Rural Fire Protection District,,,Over Votes,0
Linn,78,Measure 22-57 Lebanon Rural Fire Protection District,,,Under Votes,24
Linn,79,Measure 22-57 Lebanon Rural Fire Protection District,,,Yes,387
Linn,79,Measure 22-57 Lebanon Rural Fire Protection District,,,No,316
Linn,79,Measure 22-57 Lebanon Rural Fire Protection District,,,Over Votes,0
Linn,79,Measure 22-57 Lebanon Rural Fire Protection District,,,Under Votes,52
Linn,86,Measure 22-57 Lebanon Rural Fire Protection District,,,Yes,258
Linn,86,Measure 22-57 Lebanon Rural Fire Protection District,,,No,196
Linn,86,Measure 22-57 Lebanon Rural Fire Protection District,,,Over Votes,1
Linn,86,Measure 22-57 Lebanon Rural Fire Protection District,,,Under Votes,43
Linn,104,Measure 22-57 Lebanon Rural Fire Protection District,,,Yes,2
Linn,104,Measure 22-57 Lebanon Rural Fire Protection District,,,No,2
Linn,104,Measure 22-57 Lebanon Rural Fire Protection District,,,Over Votes,0
Linn,104,Measure 22-57 Lebanon Rural Fire Protection District,,,Under Votes,3
Linn,108,Measure 22-57 Lebanon Rural Fire Protection District,,,Yes,559
Linn,108,Measure 22-57 Lebanon Rural Fire Protection District,,,No,503
Linn,108,Measure 22-57 Lebanon Rural Fire Protection District,,,Over Votes,2
Linn,108,Measure 22-57 Lebanon Rural Fire Protection District,,,Under Votes,98
Linn,29,"Proposed Eagle Park & Rec District, Director",,,Jack McClure,323
Linn,29,"Proposed Eagle Park & Rec District, Director",,,Pat McKibben,372
Linn,29,"Proposed Eagle Park & Rec District, Director",,,Roger Raven,299
Linn,29,"Proposed Eagle Park & Rec District, Director",,,Tim E. Bunnell,280
Linn,29,"Proposed Eagle Park & Rec District, Director",,,Susanne Isom,401
Linn,29,"Proposed Eagle Park & Rec District, Director",,,Jim Gilligan,298
Linn,29,"Proposed Eagle Park & Rec District, Director",,,Write-ins,154
Linn,29,"Proposed Eagle Park & Rec District, Director",,,Over Votes,25
Linn,29,"Proposed Eagle Park & Rec District, Director",,,Under Votes,1928
Linn,21,State House,11,DEM,Phil Barnhart,34
Linn,21,State House,11,DEM,Write-ins,0
Linn,21,State House,11,DEM,Over Votes,0
Linn,21,State House,11,DEM,Under Votes,16
Linn,22,State House,11,DEM,Phil Barnhart,2
Linn,22,State House,11,DEM,Write-ins,0
Linn,22,State House,11,DEM,Over Votes,0
Linn,22,State House,11,DEM,Under Votes,1
Linn,23,State House,11,DEM,Phil Barnhart,79
Linn,23,State House,11,DEM,Write-ins,0
Linn,23,State House,11,DEM,Over Votes,0
Linn,23,State House,11,DEM,Under Votes,73
Linn,27,State House,11,DEM,Phil Barnhart,30
Linn,27,State House,11,DEM,Write-ins,0
Linn,27,State House,11,DEM,Over Votes,0
Linn,27,State House,11,DEM,Under Votes,14
Linn,31,State House,11,DEM,Phil Barnhart,92
Linn,31,State House,11,DEM,Write-ins,3
Linn,31,State House,11,DEM,Over Votes,0
Linn,31,State House,11,DEM,Under Votes,50
Linn,57,State House,11,DEM,Phil Barnhart,33
Linn,57,State House,11,DEM,Write-ins,0
Linn,57,State House,11,DEM,Over Votes,0
Linn,57,State House,11,DEM,Under Votes,11
Linn,70,State House,11,DEM,Phil Barnhart,128
Linn,70,State House,11,DEM,Write-ins,1
Linn,70,State House,11,DEM,Over Votes,0
Linn,70,State House,11,DEM,Under Votes,100
Linn,73,State House,11,DEM,Phil Barnhart,89
Linn,73,State House,11,DEM,Write-ins,0
Linn,73,State House,11,DEM,Over Votes,0
Linn,73,State House,11,DEM,Under Votes,23
Linn,75,State House,11,DEM,Phil Barnhart,78
Linn,75,State House,11,DEM,Write-ins,0
Linn,75,State House,11,DEM,Over Votes,0
Linn,75,State House,11,DEM,Under Votes,38
Linn,77,State House,11,DEM,Phil Barnhart,43
Linn,77,State House,11,DEM,Write-ins,3
Linn,77,State House,11,DEM,Over Votes,0
Linn,77,State House,11,DEM,Under Votes,26
Linn,99,State House,11,DEM,Phil Barnhart,45
Linn,99,State House,11,DEM,Write-ins,1
Linn,99,State House,11,DEM,Over Votes,0
Linn,99,State House,11,DEM,Under Votes,22
Linn,21,State House,11,REP,Write-ins,9
Linn,21,State House,11,REP,Over Votes,0
Linn,21,State House,11,REP,Under Votes,87
Linn,22,State House,11,REP,Write-ins,0
Linn,22,State House,11,REP,Over Votes,0
Linn,22,State House,11,REP,Under Votes,9
Linn,23,State House,11,REP,Write-ins,5
Linn,23,State House,11,REP,Over Votes,0
Linn,23,State House,11,REP,Under Votes,210
Linn,27,State House,11,REP,Write-ins,1
Linn,27,State House,11,REP,Over Votes,0
Linn,27,State House,11,REP,Under Votes,130
Linn,31,State House,11,REP,Write-ins,6
Linn,31,State House,11,REP,Over Votes,0
Linn,31,State House,11,REP,Under Votes,183
Linn,57,State House,11,REP,Write-ins,2
Linn,57,State House,11,REP,Over Votes,0
Linn,57,State House,11,REP,Under Votes,47
Linn,70,State House,11,REP,Write-ins,7
Linn,70,State House,11,REP,Over Votes,0
Linn,70,State House,11,REP,Under Votes,239
Linn,73,State House,11,REP,Write-ins,9
Linn,73,State House,11,REP,Over Votes,0
Linn,73,State House,11,REP,Under Votes,151
Linn,75,State House,11,REP,Write-ins,1
Linn,75,State House,11,REP,Over Votes,0
Linn,75,State House,11,REP,Under Votes,183
Linn,77,State House,11,REP,Write-ins,1
Linn,77,State House,11,REP,Over Votes,0
Linn,77,State House,11,REP,Under Votes,67
Linn,99,State House,11,REP,Write-ins,5
Linn,99,State House,11,REP,Over Votes,0
Linn,99,State House,11,REP,Under Votes,72
Linn,1,State House,15,DEM,Sam H. W. Sappington,499
Linn,1,State House,15,DEM,Write-ins,3
Linn,1,State House,15,DEM,Over Votes,0
Linn,1,State House,15,DEM,Under Votes,357
Linn,18,State House,15,DEM,Sam H. W. Sappington,357
Linn,18,State House,15,DEM,Write-ins,8
Linn,18,State House,15,DEM,Over Votes,0
Linn,18,State House,15,DEM,Under Votes,265
Linn,19,State House,15,DEM,Sam H. W. Sappington,87
Linn,19,State House,15,DEM,Write-ins,0
Linn,19,State House,15,DEM,Over Votes,0
Linn,19,State House,15,DEM,Under Votes,59
Linn,26,State House,15,DEM,Sam H. W. Sappington,13
Linn,26,State House,15,DEM,Write-ins,0
Linn,26,State House,15,DEM,Over Votes,0
Linn,26,State House,15,DEM,Under Votes,26
Linn,34,State House,15,DEM,Sam H. W. Sappington,18
Linn,34,State House,15,DEM,Write-ins,1
Linn,34,State House,15,DEM,Over Votes,0
Linn,34,State House,15,DEM,Under Votes,31
Linn,44,State House,15,DEM,Sam H. W. Sappington,78
Linn,44,State House,15,DEM,Write-ins,2
Linn,44,State House,15,DEM,Over Votes,0
Linn,44,State House,15,DEM,Under Votes,59
Linn,51,State House,15,DEM,Sam H. W. Sappington,47
Linn,51,State House,15,DEM,Write-ins,1
Linn,51,State House,15,DEM,Over Votes,0
Linn,51,State House,15,DEM,Under Votes,57
Linn,63,State House,15,DEM,Sam H. W. Sappington,149
Linn,63,State House,15,DEM,Write-ins,6
Linn,63,State House,15,DEM,Over Votes,0
Linn,63,State House,15,DEM,Under Votes,147
Linn,91,State House,15,DEM,Sam H. W. Sappington,221
Linn,91,State House,15,DEM,Write-ins,4
Linn,91,State House,15,DEM,Over Votes,0
Linn,91,State House,15,DEM,Under Votes,131
Linn,97,State House,15,DEM,Sam H. W. Sappington,163
Linn,97,State House,15,DEM,Write-ins,2
Linn,97,State House,15,DEM,Over Votes,0
Linn,97,State House,15,DEM,Under Votes,107
Linn,100,State House,15,DEM,Sam H. W. Sappington,472
Linn,100,State House,15,DEM,Write-ins,11
Linn,100,State House,15,DEM,Over Votes,0
Linn,100,State House,15,DEM,Under Votes,266
Linn,107,State House,15,DEM,Sam H. W. Sappington,477
Linn,107,State House,15,DEM,Write-ins,5
Linn,107,State House,15,DEM,Over Votes,0
Linn,107,State House,15,DEM,Under Votes,337
Linn,1,State House,15,REP,Andy Olson,702
Linn,1,State House,15,REP,Write-ins,6
Linn,1,State House,15,REP,Over Votes,0
Linn,1,State House,15,REP,Under Votes,175
Linn,18,State House,15,REP,Andy Olson,565
Linn,18,State House,15,REP,Write-ins,4
Linn,18,State House,15,REP,Over Votes,0
Linn,18,State House,15,REP,Under Votes,114
Linn,19,State House,15,REP,Andy Olson,180
Linn,19,State House,15,REP,Write-ins,1
Linn,19,State House,15,REP,Over Votes,0
Linn,19,State House,15,REP,Under Votes,39
Linn,26,State House,15,REP,Andy Olson,43
Linn,26,State House,15,REP,Write-ins,0
Linn,26,State House,15,REP,Over Votes,0
Linn,26,State House,15,REP,Under Votes,11
Linn,34,State House,15,REP,Andy Olson,69
Linn,34,State House,15,REP,Write-ins,2
Linn,34,State House,15,REP,Over Votes,0
Linn,34,State House,15,REP,Under Votes,15
Linn,44,State House,15,REP,Andy Olson,127
Linn,44,State House,15,REP,Write-ins,0
Linn,44,State House,15,REP,Over Votes,0
Linn,44,State House,15,REP,Under Votes,38
Linn,51,State House,15,REP,Andy Olson,145
Linn,51,State House,15,REP,Write-ins,1
Linn,51,State House,15,REP,Over Votes,0
Linn,51,State House,15,REP,Under Votes,43
Linn,63,State House,15,REP,Andy Olson,341
Linn,63,State House,15,REP,Write-ins,1
Linn,63,State House,15,REP,Over Votes,0
Linn,63,State House,15,REP,Under Votes,96
Linn,91,State House,15,REP,Andy Olson,250
Linn,91,State House,15,REP,Write-ins,2
Linn,91,State House,15,REP,Over Votes,0
Linn,91,State House,15,REP,Under Votes,51
Linn,97,State House,15,REP,Andy Olson,324
Linn,97,State House,15,REP,Write-ins,1
Linn,97,State House,15,REP,Over Votes,0
Linn,97,State House,15,REP,Under Votes,61
Linn,100,State House,15,REP,Andy Olson,686
Linn,100,State House,15,REP,Write-ins,7
Linn,100,State House,15,REP,Over Votes,0
Linn,100,State House,15,REP,Under Votes,155
Linn,107,State House,15,REP,Andy Olson,694
Linn,107,State House,15,REP,Write-ins,4
Linn,107,State House,15,REP,Over Votes,0
Linn,107,State House,15,REP,Under Votes,188
Linn,40,State House,16,DEM,Sara A. Gelser,0
Linn,40,State House,16,DEM,Write-ins,0
Linn,40,State House,16,DEM,Over Votes,0
Linn,40,State House,16,DEM,Under Votes,0
Linn,40,State House,16,REP,Robin M. Brown,2
Linn,40,State House,16,REP,Write-ins,0
Linn,40,State House,16,REP,Over Votes,0
Linn,40,State House,16,REP,Under Votes,0
Linn,20,State House,17,DEM,Dan Thackaberry,40
Linn,20,State House,17,DEM,Write-ins,0
Linn,20,State House,17,DEM,Over Votes,0
Linn,20,State House,17,DEM,Under Votes,29
Linn,32,State House,17,DEM,Dan Thackaberry,55
Linn,32,State House,17,DEM,Write-ins,1
Linn,32,State House,17,DEM,Over Votes,0
Linn,32,State House,17,DEM,Under Votes,29
Linn,35,State House,17,DEM,Dan Thackaberry,133
Linn,35,State House,17,DEM,Write-ins,4
Linn,35,State House,17,DEM,Over Votes,0
Linn,35,State House,17,DEM,Under Votes,56
Linn,37,State House,17,DEM,Dan Thackaberry,244
Linn,37,State House,17,DEM,Write-ins,4
Linn,37,State House,17,DEM,Over Votes,0
Linn,37,State House,17,DEM,Under Votes,125
Linn,43,State House,17,DEM,Dan Thackaberry,71
Linn,43,State House,17,DEM,Write-ins,1
Linn,43,State House,17,DEM,Over Votes,0
Linn,43,State House,17,DEM,Under Votes,36
Linn,45,State House,17,DEM,Dan Thackaberry,95
Linn,45,State House,17,DEM,Write-ins,0
Linn,45,State House,17,DEM,Over Votes,0
Linn,45,State House,17,DEM,Under Votes,49
Linn,46,State House,17,DEM,Dan Thackaberry,94
Linn,46,State House,17,DEM,Write-ins,0
Linn,46,State House,17,DEM,Over Votes,0
Linn,46,State House,17,DEM,Under Votes,53
Linn,49,State House,17,DEM,Dan Thackaberry,3
Linn,49,State House,17,DEM,Write-ins,0
Linn,49,State House,17,DEM,Over Votes,0
Linn,49,State House,17,DEM,Under Votes,4
Linn,52,State House,17,DEM,Dan Thackaberry,25
Linn,52,State House,17,DEM,Write-ins,1
Linn,52,State House,17,DEM,Over Votes,0
Linn,52,State House,17,DEM,Under Votes,14
Linn,53,State House,17,DEM,Dan Thackaberry,62
Linn,53,State House,17,DEM,Write-ins,1
Linn,53,State House,17,DEM,Over Votes,0
Linn,53,State House,17,DEM,Under Votes,38
Linn,55,State House,17,DEM,Dan Thackaberry,38
Linn,55,State House,17,DEM,Write-ins,0
Linn,55,State House,17,DEM,Over Votes,0
Linn,55,State House,17,DEM,Under Votes,37
Linn,56,State House,17,DEM,Dan Thackaberry,73
Linn,56,State House,17,DEM,Write-ins,0
Linn,56,State House,17,DEM,Over Votes,0
Linn,56,State House,17,DEM,Under Votes,47
Linn,62,State House,17,DEM,Dan Thackaberry,429
Linn,62,State House,17,DEM,Write-ins,6
Linn,62,State House,17,DEM,Over Votes,0
Linn,62,State House,17,DEM,Under Votes,295
Linn,66,State House,17,DEM,Dan Thackaberry,24
Linn,66,State House,17,DEM,Write-ins,0
Linn,66,State House,17,DEM,Over Votes,0
Linn,66,State House,17,DEM,Under Votes,11
Linn,78,State House,17,DEM,Dan Thackaberry,85
Linn,78,State House,17,DEM,Write-ins,2
Linn,78,State House,17,DEM,Over Votes,0
Linn,78,State House,17,DEM,Under Votes,30
Linn,79,State House,17,DEM,Dan Thackaberry,210
Linn,79,State House,17,DEM,Write-ins,10
Linn,79,State House,17,DEM,Over Votes,0
Linn,79,State House,17,DEM,Under Votes,107
Linn,86,State House,17,DEM,Dan Thackaberry,108
Linn,86,State House,17,DEM,Write-ins,3
Linn,86,State House,17,DEM,Over Votes,0
Linn,86,State House,17,DEM,Under Votes,78
Linn,101,State House,17,DEM,Dan Thackaberry,55
Linn,101,State House,17,DEM,Write-ins,3
Linn,101,State House,17,DEM,Over Votes,0
Linn,101,State House,17,DEM,Under Votes,32
Linn,103,State House,17,DEM,Dan Thackaberry,71
Linn,103,State House,17,DEM,Write-ins,0
Linn,103,State House,17,DEM,Over Votes,0
Linn,103,State House,17,DEM,Under Votes,51
Linn,104,State House,17,DEM,Dan Thackaberry,71
Linn,104,State House,17,DEM,Write-ins,0
Linn,104,State House,17,DEM,Over Votes,0
Linn,104,State House,17,DEM,Under Votes,31
Linn,108,State House,17,DEM,Dan Thackaberry,331
Linn,108,State House,17,DEM,Write-ins,11
Linn,108,State House,17,DEM,Over Votes,0
Linn,108,State House,17,DEM,Under Votes,160
Linn,20,State House,17,REP,Jeff Kropf,96
Linn,20,State House,17,REP,Write-ins,0
Linn,20,State House,17,REP,Over Votes,0
Linn,20,State House,17,REP,Under Votes,12
Linn,32,State House,17,REP,Jeff Kropf,116
Linn,32,State House,17,REP,Write-ins,1
Linn,32,State House,17,REP,Over Votes,0
Linn,32,State House,17,REP,Under Votes,22
Linn,35,State House,17,REP,Jeff Kropf,200
Linn,35,State House,17,REP,Write-ins,5
Linn,35,State House,17,REP,Over Votes,0
Linn,35,State House,17,REP,Under Votes,38
Linn,37,State House,17,REP,Jeff Kropf,370
Linn,37,State House,17,REP,Write-ins,4
Linn,37,State House,17,REP,Over Votes,0
Linn,37,State House,17,REP,Under Votes,62
Linn,43,State House,17,REP,Jeff Kropf,64
Linn,43,State House,17,REP,Write-ins,3
Linn,43,State House,17,REP,Over Votes,0
Linn,43,State House,17,REP,Under Votes,28
Linn,45,State House,17,REP,Jeff Kropf,160
Linn,45,State House,17,REP,Write-ins,3
Linn,45,State House,17,REP,Over Votes,0
Linn,45,State House,17,REP,Under Votes,19
Linn,46,State House,17,REP,Jeff Kropf,152
Linn,46,State House,17,REP,Write-ins,0
Linn,46,State House,17,REP,Over Votes,0
Linn,46,State House,17,REP,Under Votes,35
Linn,49,State House,17,REP,Jeff Kropf,5
Linn,49,State House,17,REP,Write-ins,0
Linn,49,State House,17,REP,Over Votes,0
Linn,49,State House,17,REP,Under Votes,1
Linn,52,State House,17,REP,Jeff Kropf,36
Linn,52,State House,17,REP,Write-ins,0
Linn,52,State House,17,REP,Over Votes,0
Linn,52,State House,17,REP,Under Votes,14
Linn,53,State House,17,REP,Jeff Kropf,146
Linn,53,State House,17,REP,Write-ins,0
Linn,53,State House,17,REP,Over Votes,0
Linn,53,State House,17,REP,Under Votes,28
Linn,55,State House,17,REP,Jeff Kropf,87
Linn,55,State House,17,REP,Write-ins,5
Linn,55,State House,17,REP,Over Votes,0
Linn,55,State House,17,REP,Under Votes,17
Linn,56,State House,17,REP,Jeff Kropf,105
Linn,56,State House,17,REP,Write-ins,1
Linn,56,State House,17,REP,Over Votes,0
Linn,56,State House,17,REP,Under Votes,27
Linn,62,State House,17,REP,Jeff Kropf,628
Linn,62,State House,17,REP,Write-ins,4
Linn,62,State House,17,REP,Over Votes,0
Linn,62,State House,17,REP,Under Votes,106
Linn,66,State House,17,REP,Jeff Kropf,43
Linn,66,State House,17,REP,Write-ins,1
Linn,66,State House,17,REP,Over Votes,0
Linn,66,State House,17,REP,Under Votes,14
Linn,78,State House,17,REP,Jeff Kropf,124
Linn,78,State House,17,REP,Write-ins,1
Linn,78,State House,17,REP,Over Votes,0
Linn,78,State House,17,REP,Under Votes,14
Linn,79,State House,17,REP,Jeff Kropf,249
Linn,79,State House,17,REP,Write-ins,4
Linn,79,State House,17,REP,Over Votes,0
Linn,79,State House,17,REP,Under Votes,49
Linn,86,State House,17,REP,Jeff Kropf,206
Linn,86,State House,17,REP,Write-ins,3
Linn,86,State House,17,REP,Over Votes,0
Linn,86,State House,17,REP,Under Votes,41
Linn,101,State House,17,REP,Jeff Kropf,70
Linn,101,State House,17,REP,Write-ins,0
Linn,101,State House,17,REP,Over Votes,0
Linn,101,State House,17,REP,Under Votes,23
Linn,103,State House,17,REP,Jeff Kropf,159
Linn,103,State House,17,REP,Write-ins,1
Linn,103,State House,17,REP,Over Votes,0
Linn,103,State House,17,REP,Under Votes,42
Linn,104,State House,17,REP,Jeff Kropf,91
Linn,104,State House,17,REP,Write-ins,2
Linn,104,State House,17,REP,Over Votes,0
Linn,104,State House,17,REP,Under Votes,27
Linn,108,State House,17,REP,Jeff Kropf,410
Linn,108,State House,17,REP,Write-ins,5
Linn,108,State House,17,REP,Over Votes,0
Linn,108,State House,17,REP,Under Votes,82
Linn,28,State House,23,DEM,Jason Brown,39
Linn,28,State House,23,DEM,Write-ins,0
Linn,28,State House,23,DEM,Over Votes,0
Linn,28,State House,23,DEM,Under Votes,31
Linn,29,State House,23,DEM,Jason Brown,141
Linn,29,State House,23,DEM,Write-ins,0
Linn,29,State House,23,DEM,Over Votes,0
Linn,29,State House,23,DEM,Under Votes,136
Linn,30,State House,23,DEM,Jason Brown,19
Linn,30,State House,23,DEM,Write-ins,1
Linn,30,State House,23,DEM,Over Votes,0
Linn,30,State House,23,DEM,Under Votes,10
Linn,47,State House,23,DEM,Jason Brown,33
Linn,47,State House,23,DEM,Write-ins,0
Linn,47,State House,23,DEM,Over Votes,0
Linn,47,State House,23,DEM,Under Votes,26
Linn,54,State House,23,DEM,Jason Brown,32
Linn,54,State House,23,DEM,Write-ins,0
Linn,54,State House,23,DEM,Over Votes,0
Linn,54,State House,23,DEM,Under Votes,21
Linn,65,State House,23,DEM,Jason Brown,6
Linn,65,State House,23,DEM,Write-ins,1
Linn,65,State House,23,DEM,Over Votes,0
Linn,65,State House,23,DEM,Under Votes,2
Linn,28,State House,23,REP,Brian Boquist,88
Linn,28,State House,23,REP,Write-ins,1
Linn,28,State House,23,REP,Over Votes,0
Linn,28,State House,23,REP,Under Votes,42
Linn,29,State House,23,REP,Brian Boquist,230
Linn,29,State House,23,REP,Write-ins,2
Linn,29,State House,23,REP,Over Votes,0
Linn,29,State House,23,REP,Under Votes,153
Linn,30,State House,23,REP,Brian Boquist,38
Linn,30,State House,23,REP,Write-ins,0
Linn,30,State House,23,REP,Over Votes,0
Linn,30,State House,23,REP,Under Votes,13
Linn,47,State House,23,REP,Brian Boquist,33
Linn,47,State House,23,REP,Write-ins,0
Linn,47,State House,23,REP,Over Votes,0
Linn,47,State House,23,REP,Under Votes,19
Linn,54,State House,23,REP,Brian Boquist,62
Linn,54,State House,23,REP,Write-ins,0
Linn,54,State House,23,REP,Over Votes,0
Linn,54,State House,23,REP,Under Votes,44
Linn,65,State House,23,REP,Brian Boquist,11
Linn,65,State House,23,REP,Write-ins,0
Linn,65,State House,23,REP,Over Votes,0
Linn,65,State House,23,REP,Under Votes,2
Linn,21,State Senate,6,DEM,Bill Morrisette,34
Linn,21,State Senate,6,DEM,Write-ins,0
Linn,21,State Senate,6,DEM,Over Votes,0
Linn,21,State Senate,6,DEM,Under Votes,16
Linn,22,State Senate,6,DEM,Bill Morrisette,2
Linn,22,State Senate,6,DEM,Write-ins,0
Linn,22,State Senate,6,DEM,Over Votes,0
Linn,22,State Senate,6,DEM,Under Votes,1
Linn,23,State Senate,6,DEM,Bill Morrisette,80
Linn,23,State Senate,6,DEM,Write-ins,1
Linn,23,State Senate,6,DEM,Over Votes,0
Linn,23,State Senate,6,DEM,Under Votes,71
Linn,27,State Senate,6,DEM,Bill Morrisette,34
Linn,27,State Senate,6,DEM,Write-ins,2
Linn,27,State Senate,6,DEM,Over Votes,0
Linn,27,State Senate,6,DEM,Under Votes,8
Linn,31,State Senate,6,DEM,Bill Morrisette,93
Linn,31,State Senate,6,DEM,Write-ins,3
Linn,31,State Senate,6,DEM,Over Votes,0
Linn,31,State Senate,6,DEM,Under Votes,49
Linn,57,State Senate,6,DEM,Bill Morrisette,31
Linn,57,State Senate,6,DEM,Write-ins,1
Linn,57,State Senate,6,DEM,Over Votes,0
Linn,57,State Senate,6,DEM,Under Votes,12
Linn,70,State Senate,6,DEM,Bill Morrisette,127
Linn,70,State Senate,6,DEM,Write-ins,3
Linn,70,State Senate,6,DEM,Over Votes,0
Linn,70,State Senate,6,DEM,Under Votes,99
Linn,73,State Senate,6,DEM,Bill Morrisette,82
Linn,73,State Senate,6,DEM,Write-ins,0
Linn,73,State Senate,6,DEM,Over Votes,0
Linn,73,State Senate,6,DEM,Under Votes,30
Linn,75,State Senate,6,DEM,Bill Morrisette,70
Linn,75,State Senate,6,DEM,Write-ins,1
Linn,75,State Senate,6,DEM,Over Votes,0
Linn,75,State Senate,6,DEM,Under Votes,45
Linn,77,State Senate,6,DEM,Bill Morrisette,40
Linn,77,State Senate,6,DEM,Write-ins,2
Linn,77,State Senate,6,DEM,Over Votes,0
Linn,77,State Senate,6,DEM,Under Votes,30
Linn,99,State Senate,6,DEM,Bill Morrisette,48
Linn,99,State Senate,6,DEM,Write-ins,0
Linn,99,State Senate,6,DEM,Over Votes,0
Linn,99,State Senate,6,DEM,Under Votes,20
Linn,21,State Senate,6,REP,Renee Lindsey,64
Linn,21,State Senate,6,REP,Write-ins,0
Linn,21,State Senate,6,REP,Over Votes,0
Linn,21,State Senate,6,REP,Under Votes,32
Linn,22,State Senate,6,REP,Renee Lindsey,2
Linn,22,State Senate,6,REP,Write-ins,0
Linn,22,State Senate,6,REP,Over Votes,0
Linn,22,State Senate,6,REP,Under Votes,7
Linn,23,State Senate,6,REP,Renee Lindsey,114
Linn,23,State Senate,6,REP,Write-ins,0
Linn,23,State Senate,6,REP,Over Votes,0
Linn,23,State Senate,6,REP,Under Votes,101
Linn,27,State Senate,6,REP,Renee Lindsey,78
Linn,27,State Senate,6,REP,Write-ins,0
Linn,27,State Senate,6,REP,Over Votes,0
Linn,27,State Senate,6,REP,Under Votes,53
Linn,31,State Senate,6,REP,Renee Lindsey,96
Linn,31,State Senate,6,REP,Write-ins,1
Linn,31,State Senate,6,REP,Over Votes,0
Linn,31,State Senate,6,REP,Under Votes,92
Linn,57,State Senate,6,REP,Renee Lindsey,34
Linn,57,State Senate,6,REP,Write-ins,0
Linn,57,State Senate,6,REP,Over Votes,0
Linn,57,State Senate,6,REP,Under Votes,15
Linn,70,State Senate,6,REP,Renee Lindsey,133
Linn,70,State Senate,6,REP,Write-ins,3
Linn,70,State Senate,6,REP,Over Votes,0
Linn,70,State Senate,6,REP,Under Votes,110
Linn,73,State Senate,6,REP,Renee Lindsey,101
Linn,73,State Senate,6,REP,Write-ins,1
Linn,73,State Senate,6,REP,Over Votes,0
Linn,73,State Senate,6,REP,Under Votes,58
Linn,75,State Senate,6,REP,Renee Lindsey,88
Linn,75,State Senate,6,REP,Write-ins,3
Linn,75,State Senate,6,REP,Over Votes,0
Linn,75,State Senate,6,REP,Under Votes,93
Linn,77,State Senate,6,REP,Renee Lindsey,31
Linn,77,State Senate,6,REP,Write-ins,1
Linn,77,State Senate,6,REP,Over Votes,0
Linn,77,State Senate,6,REP,Under Votes,36
Linn,99,State Senate,6,REP,Renee Lindsey,46
Linn,99,State Senate,6,REP,Write-ins,0
Linn,99,State Senate,6,REP,Over Votes,0
Linn,99,State Senate,6,REP,Under Votes,31
Linn,1,State Senate,8,DEM,Mario E. Magaña,498
Linn,1,State Senate,8,DEM,Write-ins,7
Linn,1,State Senate,8,DEM,Over Votes,0
Linn,1,State Senate,8,DEM,Under Votes,354
Linn,18,State Senate,8,DEM,Mario E. Magaña,359
Linn,18,State Senate,8,DEM,Write-ins,12
Linn,18,State Senate,8,DEM,Over Votes,0
Linn,18,State Senate,8,DEM,Under Votes,259
Linn,19,State Senate,8,DEM,Mario E. Magaña,92
Linn,19,State Senate,8,DEM,Write-ins,0
Linn,19,State Senate,8,DEM,Over Votes,0
Linn,19,State Senate,8,DEM,Under Votes,54
Linn,26,State Senate,8,DEM,Mario E. Magaña,14
Linn,26,State Senate,8,DEM,Write-ins,0
Linn,26,State Senate,8,DEM,Over Votes,0
Linn,26,State Senate,8,DEM,Under Votes,25
Linn,34,State Senate,8,DEM,Mario E. Magaña,21
Linn,34,State Senate,8,DEM,Write-ins,0
Linn,34,State Senate,8,DEM,Over Votes,0
Linn,34,State Senate,8,DEM,Under Votes,29
Linn,40,State Senate,8,DEM,Mario E. Magaña,0
Linn,40,State Senate,8,DEM,Write-ins,0
Linn,40,State Senate,8,DEM,Over Votes,0
Linn,40,State Senate,8,DEM,Under Votes,0
Linn,44,State Senate,8,DEM,Mario E. Magaña,80
Linn,44,State Senate,8,DEM,Write-ins,2
Linn,44,State Senate,8,DEM,Over Votes,0
Linn,44,State Senate,8,DEM,Under Votes,57
Linn,51,State Senate,8,DEM,Mario E. Magaña,48
Linn,51,State Senate,8,DEM,Write-ins,0
Linn,51,State Senate,8,DEM,Over Votes,0
Linn,51,State Senate,8,DEM,Under Votes,57
Linn,63,State Senate,8,DEM,Mario E. Magaña,146
Linn,63,State Senate,8,DEM,Write-ins,5
Linn,63,State Senate,8,DEM,Over Votes,1
Linn,63,State Senate,8,DEM,Under Votes,150
Linn,91,State Senate,8,DEM,Mario E. Magaña,223
Linn,91,State Senate,8,DEM,Write-ins,5
Linn,91,State Senate,8,DEM,Over Votes,0
Linn,91,State Senate,8,DEM,Under Votes,128
Linn,97,State Senate,8,DEM,Mario E. Magaña,162
Linn,97,State Senate,8,DEM,Write-ins,2
Linn,97,State Senate,8,DEM,Over Votes,0
Linn,97,State Senate,8,DEM,Under Votes,108
Linn,100,State Senate,8,DEM,Mario E. Magaña,478
Linn,100,State Senate,8,DEM,Write-ins,8
Linn,100,State Senate,8,DEM,Over Votes,0
Linn,100,State Senate,8,DEM,Under Votes,263
Linn,107,State Senate,8,DEM,Mario E. Magaña,469
Linn,107,State Senate,8,DEM,Write-ins,5
Linn,107,State Senate,8,DEM,Over Votes,1
Linn,107,State Senate,8,DEM,Under Votes,344
Linn,1,State Senate,8,REP,Frank Morse,623
Linn,1,State Senate,8,REP,Write-ins,16
Linn,1,State Senate,8,REP,Over Votes,0
Linn,1,State Senate,8,REP,Under Votes,244
Linn,18,State Senate,8,REP,Frank Morse,496
Linn,18,State Senate,8,REP,Write-ins,16
Linn,18,State Senate,8,REP,Over Votes,1
Linn,18,State Senate,8,REP,Under Votes,170
Linn,19,State Senate,8,REP,Frank Morse,148
Linn,19,State Senate,8,REP,Write-ins,2
Linn,19,State Senate,8,REP,Over Votes,0
Linn,19,State Senate,8,REP,Under Votes,70
Linn,26,State Senate,8,REP,Frank Morse,38
Linn,26,State Senate,8,REP,Write-ins,0
Linn,26,State Senate,8,REP,Over Votes,0
Linn,26,State Senate,8,REP,Under Votes,16
Linn,34,State Senate,8,REP,Frank Morse,54
Linn,34,State Senate,8,REP,Write-ins,4
Linn,34,State Senate,8,REP,Over Votes,0
Linn,34,State Senate,8,REP,Under Votes,28
Linn,40,State Senate,8,REP,Frank Morse,2
Linn,40,State Senate,8,REP,Write-ins,0
Linn,40,State Senate,8,REP,Over Votes,0
Linn,40,State Senate,8,REP,Under Votes,0
Linn,44,State Senate,8,REP,Frank Morse,118
Linn,44,State Senate,8,REP,Write-ins,2
Linn,44,State Senate,8,REP,Over Votes,0
Linn,44,State Senate,8,REP,Under Votes,45
Linn,51,State Senate,8,REP,Frank Morse,121
Linn,51,State Senate,8,REP,Write-ins,6
Linn,51,State Senate,8,REP,Over Votes,0
Linn,51,State Senate,8,REP,Under Votes,62
Linn,63,State Senate,8,REP,Frank Morse,275
Linn,63,State Senate,8,REP,Write-ins,13
Linn,63,State Senate,8,REP,Over Votes,0
Linn,63,State Senate,8,REP,Under Votes,150
Linn,91,State Senate,8,REP,Frank Morse,189
Linn,91,State Senate,8,REP,Write-ins,4
Linn,91,State Senate,8,REP,Over Votes,0
Linn,91,State Senate,8,REP,Under Votes,110
Linn,97,State Senate,8,REP,Frank Morse,258
Linn,97,State Senate,8,REP,Write-ins,8
Linn,97,State Senate,8,REP,Over Votes,0
Linn,97,State Senate,8,REP,Under Votes,120
Linn,100,State Senate,8,REP,Frank Morse,561
Linn,100,State Senate,8,REP,Write-ins,35
Linn,100,State Senate,8,REP,Over Votes,1
Linn,100,State Senate,8,REP,Under Votes,251
Linn,107,State Senate,8,REP,Frank Morse,588
Linn,107,State Senate,8,REP,Write-ins,16
Linn,107,State Senate,8,REP,Over Votes,0
Linn,107,State Senate,8,REP,Under Votes,282
Linn,1,Superintendent of Public Instruction,,,Susan Castillo,1007
Linn,1,Superintendent of Public Instruction,,,Deborah L. Andrews,578
Linn,1,Superintendent of Public Instruction,,,Write-ins,7
Linn,1,Superintendent of Public Instruction,,,Over Votes,1
Linn,1,Superintendent of Public Instruction,,,Under Votes,504
Linn,18,Superintendent of Public Instruction,,,Susan Castillo,777
Linn,18,Superintendent of Public Instruction,,,Deborah L. Andrews,453
Linn,18,Superintendent of Public Instruction,,,Write-ins,7
Linn,18,Superintendent of Public Instruction,,,Over Votes,1
Linn,18,Superintendent of Public Instruction,,,Under Votes,356
Linn,19,Superintendent of Public Instruction,,,Susan Castillo,170
Linn,19,Superintendent of Public Instruction,,,Deborah L. Andrews,155
Linn,19,Superintendent of Public Instruction,,,Write-ins,0
Linn,19,Superintendent of Public Instruction,,,Over Votes,0
Linn,19,Superintendent of Public Instruction,,,Under Votes,96
Linn,20,Superintendent of Public Instruction,,,Susan Castillo,84
Linn,20,Superintendent of Public Instruction,,,Deborah L. Andrews,67
Linn,20,Superintendent of Public Instruction,,,Write-ins,1
Linn,20,Superintendent of Public Instruction,,,Over Votes,0
Linn,20,Superintendent of Public Instruction,,,Under Votes,65
Linn,21,Superintendent of Public Instruction,,,Susan Castillo,67
Linn,21,Superintendent of Public Instruction,,,Deborah L. Andrews,66
Linn,21,Superintendent of Public Instruction,,,Write-ins,0
Linn,21,Superintendent of Public Instruction,,,Over Votes,0
Linn,21,Superintendent of Public Instruction,,,Under Votes,36
Linn,22,Superintendent of Public Instruction,,,Susan Castillo,6
Linn,22,Superintendent of Public Instruction,,,Deborah L. Andrews,4
Linn,22,Superintendent of Public Instruction,,,Write-ins,0
Linn,22,Superintendent of Public Instruction,,,Over Votes,0
Linn,22,Superintendent of Public Instruction,,,Under Votes,4
Linn,23,Superintendent of Public Instruction,,,Susan Castillo,173
Linn,23,Superintendent of Public Instruction,,,Deborah L. Andrews,146
Linn,23,Superintendent of Public Instruction,,,Write-ins,0
Linn,23,Superintendent of Public Instruction,,,Over Votes,0
Linn,23,Superintendent of Public Instruction,,,Under Votes,112
Linn,26,Superintendent of Public Instruction,,,Susan Castillo,30
Linn,26,Superintendent of Public Instruction,,,Deborah L. Andrews,48
Linn,26,Superintendent of Public Instruction,,,Write-ins,0
Linn,26,Superintendent of Public Instruction,,,Over Votes,0
Linn,26,Superintendent of Public Instruction,,,Under Votes,31
Linn,27,Superintendent of Public Instruction,,,Susan Castillo,88
Linn,27,Superintendent of Public Instruction,,,Deborah L. Andrews,74
Linn,27,Superintendent of Public Instruction,,,Write-ins,0
Linn,27,Superintendent of Public Instruction,,,Over Votes,0
Linn,27,Superintendent of Public Instruction,,,Under Votes,23
Linn,28,Superintendent of Public Instruction,,,Susan Castillo,110
Linn,28,Superintendent of Public Instruction,,,Deborah L. Andrews,79
Linn,28,Superintendent of Public Instruction,,,Write-ins,0
Linn,28,Superintendent of Public Instruction,,,Over Votes,0
Linn,28,Superintendent of Public Instruction,,,Under Votes,31
Linn,29,Superintendent of Public Instruction,,,Susan Castillo,399
Linn,29,Superintendent of Public Instruction,,,Deborah L. Andrews,245
Linn,29,Superintendent of Public Instruction,,,Write-ins,1
Linn,29,Superintendent of Public Instruction,,,Over Votes,0
Linn,29,Superintendent of Public Instruction,,,Under Votes,171
Linn,30,Superintendent of Public Instruction,,,Susan Castillo,44
Linn,30,Superintendent of Public Instruction,,,Deborah L. Andrews,21
Linn,30,Superintendent of Public Instruction,,,Write-ins,0
Linn,30,Superintendent of Public Instruction,,,Over Votes,0
Linn,30,Superintendent of Public Instruction,,,Under Votes,19
Linn,31,Superintendent of Public Instruction,,,Susan Castillo,155
Linn,31,Superintendent of Public Instruction,,,Deborah L. Andrews,121
Linn,31,Superintendent of Public Instruction,,,Write-ins,3
Linn,31,Superintendent of Public Instruction,,,Over Votes,0
Linn,31,Superintendent of Public Instruction,,,Under Votes,110
Linn,32,Superintendent of Public Instruction,,,Susan Castillo,99
Linn,32,Superintendent of Public Instruction,,,Deborah L. Andrews,104
Linn,32,Superintendent of Public Instruction,,,Write-ins,0
Linn,32,Superintendent of Public Instruction,,,Over Votes,0
Linn,32,Superintendent of Public Instruction,,,Under Votes,48
Linn,34,Superintendent of Public Instruction,,,Susan Castillo,56
Linn,34,Superintendent of Public Instruction,,,Deborah L. Andrews,66
Linn,34,Superintendent of Public Instruction,,,Write-ins,0
Linn,34,Superintendent of Public Instruction,,,Over Votes,0
Linn,34,Superintendent of Public Instruction,,,Under Votes,40
Linn,35,Superintendent of Public Instruction,,,Susan Castillo,217
Linn,35,Superintendent of Public Instruction,,,Deborah L. Andrews,154
Linn,35,Superintendent of Public Instruction,,,Write-ins,2
Linn,35,Superintendent of Public Instruction,,,Over Votes,0
Linn,35,Superintendent of Public Instruction,,,Under Votes,153
Linn,37,Superintendent of Public Instruction,,,Susan Castillo,365
Linn,37,Superintendent of Public Instruction,,,Deborah L. Andrews,347
Linn,37,Superintendent of Public Instruction,,,Write-ins,3
Linn,37,Superintendent of Public Instruction,,,Over Votes,0
Linn,37,Superintendent of Public Instruction,,,Under Votes,229
Linn,40,Superintendent of Public Instruction,,,Susan Castillo,0
Linn,40,Superintendent of Public Instruction,,,Deborah L. Andrews,2
Linn,40,Superintendent of Public Instruction,,,Write-ins,0
Linn,40,Superintendent of Public Instruction,,,Over Votes,0
Linn,40,Superintendent of Public Instruction,,,Under Votes,0
Linn,43,Superintendent of Public Instruction,,,Susan Castillo,89
Linn,43,Superintendent of Public Instruction,,,Deborah L. Andrews,96
Linn,43,Superintendent of Public Instruction,,,Write-ins,1
Linn,43,Superintendent of Public Instruction,,,Over Votes,0
Linn,43,Superintendent of Public Instruction,,,Under Votes,45
Linn,44,Superintendent of Public Instruction,,,Susan Castillo,164
Linn,44,Superintendent of Public Instruction,,,Deborah L. Andrews,112
Linn,44,Superintendent of Public Instruction,,,Write-ins,1
Linn,44,Superintendent of Public Instruction,,,Over Votes,0
Linn,44,Superintendent of Public Instruction,,,Under Votes,59
Linn,45,Superintendent of Public Instruction,,,Susan Castillo,128
Linn,45,Superintendent of Public Instruction,,,Deborah L. Andrews,151
Linn,45,Superintendent of Public Instruction,,,Write-ins,1
Linn,45,Superintendent of Public Instruction,,,Over Votes,0
Linn,45,Superintendent of Public Instruction,,,Under Votes,97
Linn,46,Superintendent of Public Instruction,,,Susan Castillo,182
Linn,46,Superintendent of Public Instruction,,,Deborah L. Andrews,127
Linn,46,Superintendent of Public Instruction,,,Write-ins,2
Linn,46,Superintendent of Public Instruction,,,Over Votes,0
Linn,46,Superintendent of Public Instruction,,,Under Votes,75
Linn,47,Superintendent of Public Instruction,,,Susan Castillo,53
Linn,47,Superintendent of Public Instruction,,,Deborah L. Andrews,50
Linn,47,Superintendent of Public Instruction,,,Write-ins,5
Linn,47,Superintendent of Public Instruction,,,Over Votes,0
Linn,47,Superintendent of Public Instruction,,,Under Votes,19
Linn,49,Superintendent of Public Instruction,,,Susan Castillo,3
Linn,49,Superintendent of Public Instruction,,,Deborah L. Andrews,4
Linn,49,Superintendent of Public Instruction,,,Write-ins,0
Linn,49,Superintendent of Public Instruction,,,Over Votes,0
Linn,49,Superintendent of Public Instruction,,,Under Votes,6
Linn,51,Superintendent of Public Instruction,,,Susan Castillo,108
Linn,51,Superintendent of Public Instruction,,,Deborah L. Andrews,110
Linn,51,Superintendent of Public Instruction,,,Write-ins,5
Linn,51,Superintendent of Public Instruction,,,Over Votes,1
Linn,51,Superintendent of Public Instruction,,,Under Votes,108
Linn,52,Superintendent of Public Instruction,,,Susan Castillo,38
Linn,52,Superintendent of Public Instruction,,,Deborah L. Andrews,33
Linn,52,Superintendent of Public Instruction,,,Write-ins,0
Linn,52,Superintendent of Public Instruction,,,Over Votes,0
Linn,52,Superintendent of Public Instruction,,,Under Votes,32
Linn,53,Superintendent of Public Instruction,,,Susan Castillo,103
Linn,53,Superintendent of Public Instruction,,,Deborah L. Andrews,122
Linn,53,Superintendent of Public Instruction,,,Write-ins,1
Linn,53,Superintendent of Public Instruction,,,Over Votes,0
Linn,53,Superintendent of Public Instruction,,,Under Votes,85
Linn,54,Superintendent of Public Instruction,,,Susan Castillo,74
Linn,54,Superintendent of Public Instruction,,,Deborah L. Andrews,64
Linn,54,Superintendent of Public Instruction,,,Write-ins,0
Linn,54,Superintendent of Public Instruction,,,Over Votes,0
Linn,54,Superintendent of Public Instruction,,,Under Votes,39
Linn,55,Superintendent of Public Instruction,,,Susan Castillo,69
Linn,55,Superintendent of Public Instruction,,,Deborah L. Andrews,90
Linn,55,Superintendent of Public Instruction,,,Write-ins,0
Linn,55,Superintendent of Public Instruction,,,Over Votes,1
Linn,55,Superintendent of Public Instruction,,,Under Votes,50
Linn,56,Superintendent of Public Instruction,,,Susan Castillo,101
Linn,56,Superintendent of Public Instruction,,,Deborah L. Andrews,117
Linn,56,Superintendent of Public Instruction,,,Write-ins,0
Linn,56,Superintendent of Public Instruction,,,Over Votes,0
Linn,56,Superintendent of Public Instruction,,,Under Votes,58
Linn,57,Superintendent of Public Instruction,,,Susan Castillo,43
Linn,57,Superintendent of Public Instruction,,,Deborah L. Andrews,45
Linn,57,Superintendent of Public Instruction,,,Write-ins,1
Linn,57,Superintendent of Public Instruction,,,Over Votes,0
Linn,57,Superintendent of Public Instruction,,,Under Votes,19
Linn,62,Superintendent of Public Instruction,,,Susan Castillo,707
Linn,62,Superintendent of Public Instruction,,,Deborah L. Andrews,616
Linn,62,Superintendent of Public Instruction,,,Write-ins,8
Linn,62,Superintendent of Public Instruction,,,Over Votes,0
Linn,62,Superintendent of Public Instruction,,,Under Votes,471
Linn,63,Superintendent of Public Instruction,,,Susan Castillo,350
Linn,63,Superintendent of Public Instruction,,,Deborah L. Andrews,265
Linn,63,Superintendent of Public Instruction,,,Write-ins,2
Linn,63,Superintendent of Public Instruction,,,Over Votes,0
Linn,63,Superintendent of Public Instruction,,,Under Votes,240
Linn,65,Superintendent of Public Instruction,,,Susan Castillo,12
Linn,65,Superintendent of Public Instruction,,,Deborah L. Andrews,10
Linn,65,Superintendent of Public Instruction,,,Write-ins,0
Linn,65,Superintendent of Public Instruction,,,Over Votes,0
Linn,65,Superintendent of Public Instruction,,,Under Votes,1
Linn,66,Superintendent of Public Instruction,,,Susan Castillo,44
Linn,66,Superintendent of Public Instruction,,,Deborah L. Andrews,39
Linn,66,Superintendent of Public Instruction,,,Write-ins,1
Linn,66,Superintendent of Public Instruction,,,Over Votes,0
Linn,66,Superintendent of Public Instruction,,,Under Votes,29
Linn,70,Superintendent of Public Instruction,,,Susan Castillo,233
Linn,70,Superintendent of Public Instruction,,,Deborah L. Andrews,179
Linn,70,Superintendent of Public Instruction,,,Write-ins,2
Linn,70,Superintendent of Public Instruction,,,Over Votes,1
Linn,70,Superintendent of Public Instruction,,,Under Votes,153
Linn,73,Superintendent of Public Instruction,,,Susan Castillo,146
Linn,73,Superintendent of Public Instruction,,,Deborah L. Andrews,106
Linn,73,Superintendent of Public Instruction,,,Write-ins,3
Linn,73,Superintendent of Public Instruction,,,Over Votes,0
Linn,73,Superintendent of Public Instruction,,,Under Votes,51
Linn,75,Superintendent of Public Instruction,,,Susan Castillo,133
Linn,75,Superintendent of Public Instruction,,,Deborah L. Andrews,128
Linn,75,Superintendent of Public Instruction,,,Write-ins,0
Linn,75,Superintendent of Public Instruction,,,Over Votes,0
Linn,75,Superintendent of Public Instruction,,,Under Votes,73
Linn,77,Superintendent of Public Instruction,,,Susan Castillo,69
Linn,77,Superintendent of Public Instruction,,,Deborah L. Andrews,52
Linn,77,Superintendent of Public Instruction,,,Write-ins,2
Linn,77,Superintendent of Public Instruction,,,Over Votes,0
Linn,77,Superintendent of Public Instruction,,,Under Votes,45
Linn,78,Superintendent of Public Instruction,,,Susan Castillo,119
Linn,78,Superintendent of Public Instruction,,,Deborah L. Andrews,120
Linn,78,Superintendent of Public Instruction,,,Write-ins,0
Linn,78,Superintendent of Public Instruction,,,Over Votes,0
Linn,78,Superintendent of Public Instruction,,,Under Votes,60
Linn,79,Superintendent of Public Instruction,,,Susan Castillo,321
Linn,79,Superintendent of Public Instruction,,,Deborah L. Andrews,261
Linn,79,Superintendent of Public Instruction,,,Write-ins,6
Linn,79,Superintendent of Public Instruction,,,Over Votes,1
Linn,79,Superintendent of Public Instruction,,,Under Votes,166
Linn,86,Superintendent of Public Instruction,,,Susan Castillo,201
Linn,86,Superintendent of Public Instruction,,,Deborah L. Andrews,179
Linn,86,Superintendent of Public Instruction,,,Write-ins,1
Linn,86,Superintendent of Public Instruction,,,Over Votes,1
Linn,86,Superintendent of Public Instruction,,,Under Votes,129
Linn,91,Superintendent of Public Instruction,,,Susan Castillo,373
Linn,91,Superintendent of Public Instruction,,,Deborah L. Andrews,259
Linn,91,Superintendent of Public Instruction,,,Write-ins,5
Linn,91,Superintendent of Public Instruction,,,Over Votes,0
Linn,91,Superintendent of Public Instruction,,,Under Votes,187
Linn,97,Superintendent of Public Instruction,,,Susan Castillo,307
Linn,97,Superintendent of Public Instruction,,,Deborah L. Andrews,249
Linn,97,Superintendent of Public Instruction,,,Write-ins,1
Linn,97,Superintendent of Public Instruction,,,Over Votes,0
Linn,97,Superintendent of Public Instruction,,,Under Votes,198
Linn,99,Superintendent of Public Instruction,,,Susan Castillo,66
Linn,99,Superintendent of Public Instruction,,,Deborah L. Andrews,57
Linn,99,Superintendent of Public Instruction,,,Write-ins,0
Linn,99,Superintendent of Public Instruction,,,Over Votes,0
Linn,99,Superintendent of Public Instruction,,,Under Votes,42
Linn,100,Superintendent of Public Instruction,,,Susan Castillo,862
Linn,100,Superintendent of Public Instruction,,,Deborah L. Andrews,630
Linn,100,Superintendent of Public Instruction,,,Write-ins,10
Linn,100,Superintendent of Public Instruction,,,Over Votes,2
Linn,100,Superintendent of Public Instruction,,,Under Votes,428
Linn,101,Superintendent of Public Instruction,,,Susan Castillo,64
Linn,101,Superintendent of Public Instruction,,,Deborah L. Andrews,101
Linn,101,Superintendent of Public Instruction,,,Write-ins,4
Linn,101,Superintendent of Public Instruction,,,Over Votes,0
Linn,101,Superintendent of Public Instruction,,,Under Votes,33
Linn,103,Superintendent of Public Instruction,,,Susan Castillo,122
Linn,103,Superintendent of Public Instruction,,,Deborah L. Andrews,147
Linn,103,Superintendent of Public Instruction,,,Write-ins,3
Linn,103,Superintendent of Public Instruction,,,Over Votes,0
Linn,103,Superintendent of Public Instruction,,,Under Votes,85
Linn,104,Superintendent of Public Instruction,,,Susan Castillo,102
Linn,104,Superintendent of Public Instruction,,,Deborah L. Andrews,92
Linn,104,Superintendent of Public Instruction,,,Write-ins,0
Linn,104,Superintendent of Public Instruction,,,Over Votes,0
Linn,104,Superintendent of Public Instruction,,,Under Votes,61
Linn,107,Superintendent of Public Instruction,,,Susan Castillo,878
Linn,107,Superintendent of Public Instruction,,,Deborah L. Andrews,610
Linn,107,Superintendent of Public Instruction,,,Write-ins,3
Linn,107,Superintendent of Public Instruction,,,Over Votes,0
Linn,107,Superintendent of Public Instruction,,,Under Votes,468
Linn,108,Superintendent of Public Instruction,,,Susan Castillo,494
Linn,108,Superintendent of Public Instruction,,,Deborah L. Andrews,387
Linn,108,Superintendent of Public Instruction,,,Write-ins,4
Linn,108,Superintendent of Public Instruction,,,Over Votes,0
Linn,108,Superintendent of Public Instruction,,,Under Votes,277
Linn,1,U.S. House,4,DEM,Peter A. DeFazio,773
Linn,1,U.S. House,4,DEM,Write-ins,1
Linn,1,U.S. House,4,DEM,Over Votes,0
Linn,1,U.S. House,4,DEM,Under Votes,85
Linn,18,U.S. House,4,DEM,Peter A. DeFazio,542
Linn,18,U.S. House,4,DEM,Write-ins,2
Linn,18,U.S. House,4,DEM,Over Votes,0
Linn,18,U.S. House,4,DEM,Under Votes,86
Linn,19,U.S. House,4,DEM,Peter A. DeFazio,127
Linn,19,U.S. House,4,DEM,Write-ins,0
Linn,19,U.S. House,4,DEM,Over Votes,0
Linn,19,U.S. House,4,DEM,Under Votes,19
Linn,20,U.S. House,4,DEM,Peter A. DeFazio,59
Linn,20,U.S. House,4,DEM,Write-ins,0
Linn,20,U.S. House,4,DEM,Over Votes,0
Linn,20,U.S. House,4,DEM,Under Votes,10
Linn,21,U.S. House,4,DEM,Peter A. DeFazio,41
Linn,21,U.S. House,4,DEM,Write-ins,0
Linn,21,U.S. House,4,DEM,Over Votes,0
Linn,21,U.S. House,4,DEM,Under Votes,9
Linn,22,U.S. House,4,DEM,Peter A. DeFazio,3
Linn,22,U.S. House,4,DEM,Write-ins,0
Linn,22,U.S. House,4,DEM,Over Votes,0
Linn,22,U.S. House,4,DEM,Under Votes,0
Linn,23,U.S. House,4,DEM,Peter A. DeFazio,136
Linn,23,U.S. House,4,DEM,Write-ins,1
Linn,23,U.S. House,4,DEM,Over Votes,0
Linn,23,U.S. House,4,DEM,Under Votes,15
Linn,26,U.S. House,4,DEM,Peter A. DeFazio,26
Linn,26,U.S. House,4,DEM,Write-ins,0
Linn,26,U.S. House,4,DEM,Over Votes,0
Linn,26,U.S. House,4,DEM,Under Votes,13
Linn,27,U.S. House,4,DEM,Peter A. DeFazio,35
Linn,27,U.S. House,4,DEM,Write-ins,3
Linn,27,U.S. House,4,DEM,Over Votes,0
Linn,27,U.S. House,4,DEM,Under Votes,6
Linn,28,U.S. House,4,DEM,Peter A. DeFazio,63
Linn,28,U.S. House,4,DEM,Write-ins,1
Linn,28,U.S. House,4,DEM,Over Votes,0
Linn,28,U.S. House,4,DEM,Under Votes,6
Linn,29,U.S. House,4,DEM,Peter A. DeFazio,234
Linn,29,U.S. House,4,DEM,Write-ins,0
Linn,29,U.S. House,4,DEM,Over Votes,0
Linn,29,U.S. House,4,DEM,Under Votes,43
Linn,30,U.S. House,4,DEM,Peter A. DeFazio,28
Linn,30,U.S. House,4,DEM,Write-ins,1
Linn,30,U.S. House,4,DEM,Over Votes,0
Linn,30,U.S. House,4,DEM,Under Votes,1
Linn,31,U.S. House,4,DEM,Peter A. DeFazio,125
Linn,31,U.S. House,4,DEM,Write-ins,2
Linn,31,U.S. House,4,DEM,Over Votes,0
Linn,31,U.S. House,4,DEM,Under Votes,18
Linn,32,U.S. House,4,DEM,Peter A. DeFazio,76
Linn,32,U.S. House,4,DEM,Write-ins,1
Linn,32,U.S. House,4,DEM,Over Votes,0
Linn,32,U.S. House,4,DEM,Under Votes,8
Linn,34,U.S. House,4,DEM,Peter A. DeFazio,39
Linn,34,U.S. House,4,DEM,Write-ins,1
Linn,34,U.S. House,4,DEM,Over Votes,0
Linn,34,U.S. House,4,DEM,Under Votes,10
Linn,35,U.S. House,4,DEM,Peter A. DeFazio,172
Linn,35,U.S. House,4,DEM,Write-ins,3
Linn,35,U.S. House,4,DEM,Over Votes,0
Linn,35,U.S. House,4,DEM,Under Votes,18
Linn,37,U.S. House,4,DEM,Peter A. DeFazio,325
Linn,37,U.S. House,4,DEM,Write-ins,2
Linn,37,U.S. House,4,DEM,Over Votes,0
Linn,37,U.S. House,4,DEM,Under Votes,46
Linn,40,U.S. House,4,DEM,Peter A. DeFazio,0
Linn,40,U.S. House,4,DEM,Write-ins,0
Linn,40,U.S. House,4,DEM,Over Votes,0
Linn,40,U.S. House,4,DEM,Under Votes,0
Linn,43,U.S. House,4,DEM,Peter A. DeFazio,95
Linn,43,U.S. House,4,DEM,Write-ins,1
Linn,43,U.S. House,4,DEM,Over Votes,0
Linn,43,U.S. House,4,DEM,Under Votes,12
Linn,44,U.S. House,4,DEM,Peter A. DeFazio,126
Linn,44,U.S. House,4,DEM,Write-ins,1
Linn,44,U.S. House,4,DEM,Over Votes,0
Linn,44,U.S. House,4,DEM,Under Votes,12
Linn,45,U.S. House,4,DEM,Peter A. DeFazio,118
Linn,45,U.S. House,4,DEM,Write-ins,1
Linn,45,U.S. House,4,DEM,Over Votes,0
Linn,45,U.S. House,4,DEM,Under Votes,25
Linn,46,U.S. House,4,DEM,Peter A. DeFazio,126
Linn,46,U.S. House,4,DEM,Write-ins,0
Linn,46,U.S. House,4,DEM,Over Votes,0
Linn,46,U.S. House,4,DEM,Under Votes,21
Linn,47,U.S. House,4,DEM,Peter A. DeFazio,52
Linn,47,U.S. House,4,DEM,Write-ins,0
Linn,47,U.S. House,4,DEM,Over Votes,0
Linn,47,U.S. House,4,DEM,Under Votes,7
Linn,49,U.S. House,4,DEM,Peter A. DeFazio,4
Linn,49,U.S. House,4,DEM,Write-ins,0
Linn,49,U.S. House,4,DEM,Over Votes,0
Linn,49,U.S. House,4,DEM,Under Votes,3
Linn,51,U.S. House,4,DEM,Peter A. DeFazio,81
Linn,51,U.S. House,4,DEM,Write-ins,4
Linn,51,U.S. House,4,DEM,Over Votes,0
Linn,51,U.S. House,4,DEM,Under Votes,20
Linn,52,U.S. House,4,DEM,Peter A. DeFazio,37
Linn,52,U.S. House,4,DEM,Write-ins,1
Linn,52,U.S. House,4,DEM,Over Votes,0
Linn,52,U.S. House,4,DEM,Under Votes,2
Linn,53,U.S. House,4,DEM,Peter A. DeFazio,82
Linn,53,U.S. House,4,DEM,Write-ins,2
Linn,53,U.S. House,4,DEM,Over Votes,0
Linn,53,U.S. House,4,DEM,Under Votes,17
Linn,54,U.S. House,4,DEM,Peter A. DeFazio,42
Linn,54,U.S. House,4,DEM,Write-ins,1
Linn,54,U.S. House,4,DEM,Over Votes,0
Linn,54,U.S. House,4,DEM,Under Votes,10
Linn,55,U.S. House,4,DEM,Peter A. DeFazio,62
Linn,55,U.S. House,4,DEM,Write-ins,0
Linn,55,U.S. House,4,DEM,Over Votes,0
Linn,55,U.S. House,4,DEM,Under Votes,13
Linn,56,U.S. House,4,DEM,Peter A. DeFazio,104
Linn,56,U.S. House,4,DEM,Write-ins,0
Linn,56,U.S. House,4,DEM,Over Votes,0
Linn,56,U.S. House,4,DEM,Under Votes,16
Linn,57,U.S. House,4,DEM,Peter A. DeFazio,39
Linn,57,U.S. House,4,DEM,Write-ins,0
Linn,57,U.S. House,4,DEM,Over Votes,0
Linn,57,U.S. House,4,DEM,Under Votes,5
Linn,62,U.S. House,4,DEM,Peter A. DeFazio,611
Linn,62,U.S. House,4,DEM,Write-ins,6
Linn,62,U.S. House,4,DEM,Over Votes,0
Linn,62,U.S. House,4,DEM,Under Votes,113
Linn,63,U.S. House,4,DEM,Peter A. DeFazio,249
Linn,63,U.S. House,4,DEM,Write-ins,4
Linn,63,U.S. House,4,DEM,Over Votes,0
Linn,63,U.S. House,4,DEM,Under Votes,49
Linn,65,U.S. House,4,DEM,Peter A. DeFazio,6
Linn,65,U.S. House,4,DEM,Write-ins,1
Linn,65,U.S. House,4,DEM,Over Votes,0
Linn,65,U.S. House,4,DEM,Under Votes,2
Linn,66,U.S. House,4,DEM,Peter A. DeFazio,32
Linn,66,U.S. House,4,DEM,Write-ins,1
Linn,66,U.S. House,4,DEM,Over Votes,0
Linn,66,U.S. House,4,DEM,Under Votes,2
Linn,70,U.S. House,4,DEM,Peter A. DeFazio,189
Linn,70,U.S. House,4,DEM,Write-ins,2
Linn,70,U.S. House,4,DEM,Over Votes,0
Linn,70,U.S. House,4,DEM,Under Votes,38
Linn,73,U.S. House,4,DEM,Peter A. DeFazio,105
Linn,73,U.S. House,4,DEM,Write-ins,0
Linn,73,U.S. House,4,DEM,Over Votes,0
Linn,73,U.S. House,4,DEM,Under Votes,7
Linn,75,U.S. House,4,DEM,Peter A. DeFazio,99
Linn,75,U.S. House,4,DEM,Write-ins,1
Linn,75,U.S. House,4,DEM,Over Votes,0
Linn,75,U.S. House,4,DEM,Under Votes,16
Linn,77,U.S. House,4,DEM,Peter A. DeFazio,64
Linn,77,U.S. House,4,DEM,Write-ins,3
Linn,77,U.S. House,4,DEM,Over Votes,0
Linn,77,U.S. House,4,DEM,Under Votes,5
Linn,78,U.S. House,4,DEM,Peter A. DeFazio,106
Linn,78,U.S. House,4,DEM,Write-ins,1
Linn,78,U.S. House,4,DEM,Over Votes,0
Linn,78,U.S. House,4,DEM,Under Votes,10
Linn,79,U.S. House,4,DEM,Peter A. DeFazio,283
Linn,79,U.S. House,4,DEM,Write-ins,9
Linn,79,U.S. House,4,DEM,Over Votes,1
Linn,79,U.S. House,4,DEM,Under Votes,34
Linn,86,U.S. House,4,DEM,Peter A. DeFazio,158
Linn,86,U.S. House,4,DEM,Write-ins,0
Linn,86,U.S. House,4,DEM,Over Votes,0
Linn,86,U.S. House,4,DEM,Under Votes,31
Linn,91,U.S. House,4,DEM,Peter A. DeFazio,314
Linn,91,U.S. House,4,DEM,Write-ins,2
Linn,91,U.S. House,4,DEM,Over Votes,1
Linn,91,U.S. House,4,DEM,Under Votes,39
Linn,97,U.S. House,4,DEM,Peter A. DeFazio,236
Linn,97,U.S. House,4,DEM,Write-ins,1
Linn,97,U.S. House,4,DEM,Over Votes,0
Linn,97,U.S. House,4,DEM,Under Votes,35
Linn,99,U.S. House,4,DEM,Peter A. DeFazio,59
Linn,99,U.S. House,4,DEM,Write-ins,1
Linn,99,U.S. House,4,DEM,Over Votes,0
Linn,99,U.S. House,4,DEM,Under Votes,8
Linn,100,U.S. House,4,DEM,Peter A. DeFazio,658
Linn,100,U.S. House,4,DEM,Write-ins,8
Linn,100,U.S. House,4,DEM,Over Votes,0
Linn,100,U.S. House,4,DEM,Under Votes,83
Linn,101,U.S. House,4,DEM,Peter A. DeFazio,79
Linn,101,U.S. House,4,DEM,Write-ins,4
Linn,101,U.S. House,4,DEM,Over Votes,0
Linn,101,U.S. House,4,DEM,Under Votes,7
Linn,103,U.S. House,4,DEM,Peter A. DeFazio,93
Linn,103,U.S. House,4,DEM,Write-ins,0
Linn,103,U.S. House,4,DEM,Over Votes,0
Linn,103,U.S. House,4,DEM,Under Votes,29
Linn,104,U.S. House,4,DEM,Peter A. DeFazio,96
Linn,104,U.S. House,4,DEM,Write-ins,0
Linn,104,U.S. House,4,DEM,Over Votes,0
Linn,104,U.S. House,4,DEM,Under Votes,6
Linn,107,U.S. House,4,DEM,Peter A. DeFazio,702
Linn,107,U.S. House,4,DEM,Write-ins,5
Linn,107,U.S. House,4,DEM,Over Votes,0
Linn,107,U.S. House,4,DEM,Under Votes,112
Linn,108,U.S. House,4,DEM,Peter A. DeFazio,452
Linn,108,U.S. House,4,DEM,Write-ins,6
Linn,108,U.S. House,4,DEM,Over Votes,2
Linn,108,U.S. House,4,DEM,Under Votes,42
Linn,1,U.S. House,4,REP,Jim Feldkamp,494
Linn,1,U.S. House,4,REP,Monica Johnson,130
Linn,1,U.S. House,4,REP,Write-ins,5
Linn,1,U.S. House,4,REP,Over Votes,0
Linn,1,U.S. House,4,REP,Under Votes,254
Linn,18,U.S. House,4,REP,Jim Feldkamp,413
Linn,18,U.S. House,4,REP,Monica Johnson,100
Linn,18,U.S. House,4,REP,Write-ins,2
Linn,18,U.S. House,4,REP,Over Votes,0
Linn,18,U.S. House,4,REP,Under Votes,168
Linn,19,U.S. House,4,REP,Jim Feldkamp,141
Linn,19,U.S. House,4,REP,Monica Johnson,32
Linn,19,U.S. House,4,REP,Write-ins,1
Linn,19,U.S. House,4,REP,Over Votes,0
Linn,19,U.S. House,4,REP,Under Votes,46
Linn,20,U.S. House,4,REP,Jim Feldkamp,73
Linn,20,U.S. House,4,REP,Monica Johnson,16
Linn,20,U.S. House,4,REP,Write-ins,1
Linn,20,U.S. House,4,REP,Over Votes,0
Linn,20,U.S. House,4,REP,Under Votes,18
Linn,21,U.S. House,4,REP,Jim Feldkamp,67
Linn,21,U.S. House,4,REP,Monica Johnson,13
Linn,21,U.S. House,4,REP,Write-ins,0
Linn,21,U.S. House,4,REP,Over Votes,0
Linn,21,U.S. House,4,REP,Under Votes,16
Linn,22,U.S. House,4,REP,Jim Feldkamp,5
Linn,22,U.S. House,4,REP,Monica Johnson,0
Linn,22,U.S. House,4,REP,Write-ins,0
Linn,22,U.S. House,4,REP,Over Votes,0
Linn,22,U.S. House,4,REP,Under Votes,4
Linn,23,U.S. House,4,REP,Jim Feldkamp,119
Linn,23,U.S. House,4,REP,Monica Johnson,34
Linn,23,U.S. House,4,REP,Write-ins,3
Linn,23,U.S. House,4,REP,Over Votes,0
Linn,23,U.S. House,4,REP,Under Votes,59
Linn,26,U.S. House,4,REP,Jim Feldkamp,40
Linn,26,U.S. House,4,REP,Monica Johnson,2
Linn,26,U.S. House,4,REP,Write-ins,0
Linn,26,U.S. House,4,REP,Over Votes,0
Linn,26,U.S. House,4,REP,Under Votes,12
Linn,27,U.S. House,4,REP,Jim Feldkamp,107
Linn,27,U.S. House,4,REP,Monica Johnson,10
Linn,27,U.S. House,4,REP,Write-ins,0
Linn,27,U.S. House,4,REP,Over Votes,0
Linn,27,U.S. House,4,REP,Under Votes,14
Linn,28,U.S. House,4,REP,Jim Feldkamp,88
Linn,28,U.S. House,4,REP,Monica Johnson,20
Linn,28,U.S. House,4,REP,Write-ins,2
Linn,28,U.S. House,4,REP,Over Votes,0
Linn,28,U.S. House,4,REP,Under Votes,21
Linn,29,U.S. House,4,REP,Jim Feldkamp,265
Linn,29,U.S. House,4,REP,Monica Johnson,48
Linn,29,U.S. House,4,REP,Write-ins,3
Linn,29,U.S. House,4,REP,Over Votes,0
Linn,29,U.S. House,4,REP,Under Votes,69
Linn,30,U.S. House,4,REP,Jim Feldkamp,39
Linn,30,U.S. House,4,REP,Monica Johnson,4
Linn,30,U.S. House,4,REP,Write-ins,0
Linn,30,U.S. House,4,REP,Over Votes,0
Linn,30,U.S. House,4,REP,Under Votes,8
Linn,31,U.S. House,4,REP,Jim Feldkamp,112
Linn,31,U.S. House,4,REP,Monica Johnson,25
Linn,31,U.S. House,4,REP,Write-ins,2
Linn,31,U.S. House,4,REP,Over Votes,0
Linn,31,U.S. House,4,REP,Under Votes,50
Linn,32,U.S. House,4,REP,Jim Feldkamp,83
Linn,32,U.S. House,4,REP,Monica Johnson,15
Linn,32,U.S. House,4,REP,Write-ins,0
Linn,32,U.S. House,4,REP,Over Votes,0
Linn,32,U.S. House,4,REP,Under Votes,41
Linn,34,U.S. House,4,REP,Jim Feldkamp,51
Linn,34,U.S. House,4,REP,Monica Johnson,11
Linn,34,U.S. House,4,REP,Write-ins,0
Linn,34,U.S. House,4,REP,Over Votes,0
Linn,34,U.S. House,4,REP,Under Votes,24
Linn,35,U.S. House,4,REP,Jim Feldkamp,129
Linn,35,U.S. House,4,REP,Monica Johnson,47
Linn,35,U.S. House,4,REP,Write-ins,3
Linn,35,U.S. House,4,REP,Over Votes,0
Linn,35,U.S. House,4,REP,Under Votes,64
Linn,37,U.S. House,4,REP,Jim Feldkamp,285
Linn,37,U.S. House,4,REP,Monica Johnson,60
Linn,37,U.S. House,4,REP,Write-ins,1
Linn,37,U.S. House,4,REP,Over Votes,0
Linn,37,U.S. House,4,REP,Under Votes,90
Linn,40,U.S. House,4,REP,Jim Feldkamp,2
Linn,40,U.S. House,4,REP,Monica Johnson,0
Linn,40,U.S. House,4,REP,Write-ins,0
Linn,40,U.S. House,4,REP,Over Votes,0
Linn,40,U.S. House,4,REP,Under Votes,0
Linn,43,U.S. House,4,REP,Jim Feldkamp,44
Linn,43,U.S. House,4,REP,Monica Johnson,23
Linn,43,U.S. House,4,REP,Write-ins,0
Linn,43,U.S. House,4,REP,Over Votes,0
Linn,43,U.S. House,4,REP,Under Votes,28
Linn,44,U.S. House,4,REP,Jim Feldkamp,112
Linn,44,U.S. House,4,REP,Monica Johnson,16
Linn,44,U.S. House,4,REP,Write-ins,1
Linn,44,U.S. House,4,REP,Over Votes,2
Linn,44,U.S. House,4,REP,Under Votes,34
Linn,45,U.S. House,4,REP,Jim Feldkamp,99
Linn,45,U.S. House,4,REP,Monica Johnson,37
Linn,45,U.S. House,4,REP,Write-ins,1
Linn,45,U.S. House,4,REP,Over Votes,0
Linn,45,U.S. House,4,REP,Under Votes,45
Linn,46,U.S. House,4,REP,Jim Feldkamp,129
Linn,46,U.S. House,4,REP,Monica Johnson,25
Linn,46,U.S. House,4,REP,Write-ins,1
Linn,46,U.S. House,4,REP,Over Votes,0
Linn,46,U.S. House,4,REP,Under Votes,32
Linn,47,U.S. House,4,REP,Jim Feldkamp,35
Linn,47,U.S. House,4,REP,Monica Johnson,9
Linn,47,U.S. House,4,REP,Write-ins,0
Linn,47,U.S. House,4,REP,Over Votes,1
Linn,47,U.S. House,4,REP,Under Votes,7
Linn,49,U.S. House,4,REP,Jim Feldkamp,4
Linn,49,U.S. House,4,REP,Monica Johnson,0
Linn,49,U.S. House,4,REP,Write-ins,0
Linn,49,U.S. House,4,REP,Over Votes,0
Linn,49,U.S. House,4,REP,Under Votes,2
Linn,51,U.S. House,4,REP,Jim Feldkamp,108
Linn,51,U.S. House,4,REP,Monica Johnson,25
Linn,51,U.S. House,4,REP,Write-ins,1
Linn,51,U.S. House,4,REP,Over Votes,0
Linn,51,U.S. House,4,REP,Under Votes,55
Linn,52,U.S. House,4,REP,Jim Feldkamp,34
Linn,52,U.S. House,4,REP,Monica Johnson,4
Linn,52,U.S. House,4,REP,Write-ins,0
Linn,52,U.S. House,4,REP,Over Votes,0
Linn,52,U.S. House,4,REP,Under Votes,12
Linn,53,U.S. House,4,REP,Jim Feldkamp,113
Linn,53,U.S. House,4,REP,Monica Johnson,24
Linn,53,U.S. House,4,REP,Write-ins,0
Linn,53,U.S. House,4,REP,Over Votes,0
Linn,53,U.S. House,4,REP,Under Votes,37
Linn,54,U.S. House,4,REP,Jim Feldkamp,81
Linn,54,U.S. House,4,REP,Monica Johnson,11
Linn,54,U.S. House,4,REP,Write-ins,0
Linn,54,U.S. House,4,REP,Over Votes,0
Linn,54,U.S. House,4,REP,Under Votes,14
Linn,55,U.S. House,4,REP,Jim Feldkamp,64
Linn,55,U.S. House,4,REP,Monica Johnson,23
Linn,55,U.S. House,4,REP,Write-ins,0
Linn,55,U.S. House,4,REP,Over Votes,0
Linn,55,U.S. House,4,REP,Under Votes,22
Linn,56,U.S. House,4,REP,Jim Feldkamp,74
Linn,56,U.S. House,4,REP,Monica Johnson,29
Linn,56,U.S. House,4,REP,Write-ins,0
Linn,56,U.S. House,4,REP,Over Votes,0
Linn,56,U.S. House,4,REP,Under Votes,30
Linn,57,U.S. House,4,REP,Jim Feldkamp,38
Linn,57,U.S. House,4,REP,Monica Johnson,4
Linn,57,U.S. House,4,REP,Write-ins,1
Linn,57,U.S. House,4,REP,Over Votes,0
Linn,57,U.S. House,4,REP,Under Votes,6
Linn,62,U.S. House,4,REP,Jim Feldkamp,453
Linn,62,U.S. House,4,REP,Monica Johnson,132
Linn,62,U.S. House,4,REP,Write-ins,10
Linn,62,U.S. House,4,REP,Over Votes,0
Linn,62,U.S. House,4,REP,Under Votes,143
Linn,63,U.S. House,4,REP,Jim Feldkamp,230
Linn,63,U.S. House,4,REP,Monica Johnson,58
Linn,63,U.S. House,4,REP,Write-ins,2
Linn,63,U.S. House,4,REP,Over Votes,0
Linn,63,U.S. House,4,REP,Under Votes,148
Linn,65,U.S. House,4,REP,Jim Feldkamp,12
Linn,65,U.S. House,4,REP,Monica Johnson,0
Linn,65,U.S. House,4,REP,Write-ins,0
Linn,65,U.S. House,4,REP,Over Votes,0
Linn,65,U.S. House,4,REP,Under Votes,1
Linn,66,U.S. House,4,REP,Jim Feldkamp,30
Linn,66,U.S. House,4,REP,Monica Johnson,16
Linn,66,U.S. House,4,REP,Write-ins,0
Linn,66,U.S. House,4,REP,Over Votes,0
Linn,66,U.S. House,4,REP,Under Votes,12
Linn,70,U.S. House,4,REP,Jim Feldkamp,147
Linn,70,U.S. House,4,REP,Monica Johnson,35
Linn,70,U.S. House,4,REP,Write-ins,2
Linn,70,U.S. House,4,REP,Over Votes,0
Linn,70,U.S. House,4,REP,Under Votes,62
Linn,73,U.S. House,4,REP,Jim Feldkamp,116
Linn,73,U.S. House,4,REP,Monica Johnson,19
Linn,73,U.S. House,4,REP,Write-ins,2
Linn,73,U.S. House,4,REP,Over Votes,0
Linn,73,U.S. House,4,REP,Under Votes,23
Linn,75,U.S. House,4,REP,Jim Feldkamp,117
Linn,75,U.S. House,4,REP,Monica Johnson,22
Linn,75,U.S. House,4,REP,Write-ins,0
Linn,75,U.S. House,4,REP,Over Votes,0
Linn,75,U.S. House,4,REP,Under Votes,45
Linn,77,U.S. House,4,REP,Jim Feldkamp,44
Linn,77,U.S. House,4,REP,Monica Johnson,13
Linn,77,U.S. House,4,REP,Write-ins,0
Linn,77,U.S. House,4,REP,Over Votes,0
Linn,77,U.S. House,4,REP,Under Votes,11
Linn,78,U.S. House,4,REP,Jim Feldkamp,93
Linn,78,U.S. House,4,REP,Monica Johnson,21
Linn,78,U.S. House,4,REP,Write-ins,0
Linn,78,U.S. House,4,REP,Over Votes,0
Linn,78,U.S. House,4,REP,Under Votes,25
Linn,79,U.S. House,4,REP,Jim Feldkamp,192
Linn,79,U.S. House,4,REP,Monica Johnson,40
Linn,79,U.S. House,4,REP,Write-ins,4
Linn,79,U.S. House,4,REP,Over Votes,0
Linn,79,U.S. House,4,REP,Under Votes,66
Linn,86,U.S. House,4,REP,Jim Feldkamp,154
Linn,86,U.S. House,4,REP,Monica Johnson,40
Linn,86,U.S. House,4,REP,Write-ins,1
Linn,86,U.S. House,4,REP,Over Votes,0
Linn,86,U.S. House,4,REP,Under Votes,55
Linn,91,U.S. House,4,REP,Jim Feldkamp,175
Linn,91,U.S. House,4,REP,Monica Johnson,54
Linn,91,U.S. House,4,REP,Write-ins,4
Linn,91,U.S. House,4,REP,Over Votes,0
Linn,91,U.S. House,4,REP,Under Votes,70
Linn,97,U.S. House,4,REP,Jim Feldkamp,209
Linn,97,U.S. House,4,REP,Monica Johnson,71
Linn,97,U.S. House,4,REP,Write-ins,1
Linn,97,U.S. House,4,REP,Over Votes,1
Linn,97,U.S. House,4,REP,Under Votes,104
Linn,99,U.S. House,4,REP,Jim Feldkamp,52
Linn,99,U.S. House,4,REP,Monica Johnson,10
Linn,99,U.S. House,4,REP,Write-ins,2
Linn,99,U.S. House,4,REP,Over Votes,0
Linn,99,U.S. House,4,REP,Under Votes,13
Linn,100,U.S. House,4,REP,Jim Feldkamp,511
Linn,100,U.S. House,4,REP,Monica Johnson,139
Linn,100,U.S. House,4,REP,Write-ins,6
Linn,100,U.S. House,4,REP,Over Votes,0
Linn,100,U.S. House,4,REP,Under Votes,192
Linn,101,U.S. House,4,REP,Jim Feldkamp,60
Linn,101,U.S. House,4,REP,Monica Johnson,10
Linn,101,U.S. House,4,REP,Write-ins,0
Linn,101,U.S. House,4,REP,Over Votes,0
Linn,101,U.S. House,4,REP,Under Votes,23
Linn,103,U.S. House,4,REP,Jim Feldkamp,112
Linn,103,U.S. House,4,REP,Monica Johnson,46
Linn,103,U.S. House,4,REP,Write-ins,1
Linn,103,U.S. House,4,REP,Over Votes,0
Linn,103,U.S. House,4,REP,Under Votes,43
Linn,104,U.S. House,4,REP,Jim Feldkamp,65
Linn,104,U.S. House,4,REP,Monica Johnson,16
Linn,104,U.S. House,4,REP,Write-ins,0
Linn,104,U.S. House,4,REP,Over Votes,0
Linn,104,U.S. House,4,REP,Under Votes,39
Linn,107,U.S. House,4,REP,Jim Feldkamp,503
Linn,107,U.S. House,4,REP,Monica Johnson,134
Linn,107,U.S. House,4,REP,Write-ins,4
Linn,107,U.S. House,4,REP,Over Votes,0
Linn,107,U.S. House,4,REP,Under Votes,245
Linn,108,U.S. House,4,REP,Jim Feldkamp,295
Linn,108,U.S. House,4,REP,Monica Johnson,96
Linn,108,U.S. House,4,REP,Write-ins,1
Linn,108,U.S. House,4,REP,Over Votes,1
Linn,108,U.S. House,4,REP,Under Votes,104
