county,precinct,office,district,party,candidate,votes
Coos,Precinct 1,Ballots Cast,,,,212
Coos,Precinct 10,Ballots Cast,,,,376
Coos,Precinct 11,Ballots Cast,,,,253
Coos,Precinct 12,Ballots Cast,,,,252
Coos,Precinct 13,Ballots Cast,,,,165
Coos,Precinct 14,Ballots Cast,,,,183
Coos,Precinct 15,Ballots Cast,,,,1034
Coos,Precinct 16,Ballots Cast,,,,526
Coos,Precinct 17,Ballots Cast,,,,450
Coos,Precinct 18,Ballots Cast,,,,60
Coos,Precinct 2,Ballots Cast,,,,922
Coos,Precinct 3,Ballots Cast,,,,619
Coos,Precinct 4,Ballots Cast,,,,542
Coos,Precinct 5,Ballots Cast,,,,690
Coos,Precinct 6,Ballots Cast,,,,465
Coos,Precinct 7,Ballots Cast,,,,505
Coos,Precinct 8,Ballots Cast,,,,564
Coos,Precinct 9,Ballots Cast,,,,65
Coos,Precinct 1,County Clerk,,,Julie A. Brecke,450
Coos,Precinct 10,County Clerk,,,Julie A. Brecke,834
Coos,Precinct 11,County Clerk,,,Julie A. Brecke,602
Coos,Precinct 12,County Clerk,,,Julie A. Brecke,672
Coos,Precinct 13,County Clerk,,,Julie A. Brecke,353
Coos,Precinct 14,County Clerk,,,Julie A. Brecke,433
Coos,Precinct 15,County Clerk,,,Julie A. Brecke,146
Coos,Precinct 16,County Clerk,,,Julie A. Brecke,831
Coos,Precinct 17,County Clerk,,,Julie A. Brecke,845
Coos,Precinct 18,County Clerk,,,Julie A. Brecke,110
Coos,Precinct 2,County Clerk,,,Julie A. Brecke,1030
Coos,Precinct 3,County Clerk,,,Julie A. Brecke,1128
Coos,Precinct 4,County Clerk,,,Julie A. Brecke,865
Coos,Precinct 5,County Clerk,,,Julie A. Brecke,1109
Coos,Precinct 6,County Clerk,,,Julie A. Brecke,794
Coos,Precinct 7,County Clerk,,,Julie A. Brecke,820
Coos,Precinct 8,County Clerk,,,Julie A. Brecke,1004
Coos,Precinct 9,County Clerk,,,Julie A. Brecke,100
Coos,Precinct 1,County Clerk,,,Marty Kuhrt,170
Coos,Precinct 10,County Clerk,,,Marty Kuhrt,239
Coos,Precinct 11,County Clerk,,,Marty Kuhrt,180
Coos,Precinct 12,County Clerk,,,Marty Kuhrt,157
Coos,Precinct 13,County Clerk,,,Marty Kuhrt,129
Coos,Precinct 14,County Clerk,,,Marty Kuhrt,209
Coos,Precinct 15,County Clerk,,,Marty Kuhrt,45
Coos,Precinct 16,County Clerk,,,Marty Kuhrt,207
Coos,Precinct 17,County Clerk,,,Marty Kuhrt,308
Coos,Precinct 18,County Clerk,,,Marty Kuhrt,86
Coos,Precinct 2,County Clerk,,,Marty Kuhrt,299
Coos,Precinct 3,County Clerk,,,Marty Kuhrt,237
Coos,Precinct 4,County Clerk,,,Marty Kuhrt,157
Coos,Precinct 5,County Clerk,,,Marty Kuhrt,338
Coos,Precinct 6,County Clerk,,,Marty Kuhrt,134
Coos,Precinct 7,County Clerk,,,Marty Kuhrt,192
Coos,Precinct 8,County Clerk,,,Marty Kuhrt,339
Coos,Precinct 9,County Clerk,,,Marty Kuhrt,27
Coos,Precinct 1,County Clerk,,,Over Votes,0
Coos,Precinct 10,County Clerk,,,Over Votes,1
Coos,Precinct 11,County Clerk,,,Over Votes,2
Coos,Precinct 12,County Clerk,,,Over Votes,0
Coos,Precinct 13,County Clerk,,,Over Votes,0
Coos,Precinct 14,County Clerk,,,Over Votes,0
Coos,Precinct 16,County Clerk,,,Over Votes,0
Coos,Precinct 17,County Clerk,,,Over Votes,0
Coos,Precinct 18,County Clerk,,,Over Votes,0
Coos,Precinct 2,County Clerk,,,Over Votes,0
Coos,Precinct 3,County Clerk,,,Over Votes,0
Coos,Precinct 4,County Clerk,,,Over Votes,0
Coos,Precinct 5,County Clerk,,,Over Votes,1
Coos,Precinct 6,County Clerk,,,Over Votes,0
Coos,Precinct 9,County Clerk,,,Over Votes,0
Coos,Precinct 1,County Clerk,,,Pam Lewis,171
Coos,Precinct 10,County Clerk,,,Pam Lewis,228
Coos,Precinct 11,County Clerk,,,Pam Lewis,287
Coos,Precinct 12,County Clerk,,,Pam Lewis,232
Coos,Precinct 13,County Clerk,,,Pam Lewis,166
Coos,Precinct 14,County Clerk,,,Pam Lewis,267
Coos,Precinct 15,County Clerk,,,Pam Lewis,53
Coos,Precinct 16,County Clerk,,,Pam Lewis,157
Coos,Precinct 17,County Clerk,,,Pam Lewis,254
Coos,Precinct 18,County Clerk,,,Pam Lewis,29
Coos,Precinct 2,County Clerk,,,Pam Lewis,256
Coos,Precinct 3,County Clerk,,,Pam Lewis,265
Coos,Precinct 4,County Clerk,,,Pam Lewis,159
Coos,Precinct 5,County Clerk,,,Pam Lewis,300
Coos,Precinct 6,County Clerk,,,Pam Lewis,154
Coos,Precinct 7,County Clerk,,,Pam Lewis,185
Coos,Precinct 8,County Clerk,,,Pam Lewis,344
Coos,Precinct 9,County Clerk,,,Pam Lewis,21
Coos,Precinct 1,County Clerk,,,Under Votes,167
Coos,Precinct 10,County Clerk,,,Under Votes,218
Coos,Precinct 11,County Clerk,,,Under Votes,133
Coos,Precinct 12,County Clerk,,,Under Votes,146
Coos,Precinct 13,County Clerk,,,Under Votes,123
Coos,Precinct 14,County Clerk,,,Under Votes,123
Coos,Precinct 16,County Clerk,,,Under Votes,141
Coos,Precinct 17,County Clerk,,,Under Votes,256
Coos,Precinct 18,County Clerk,,,Under Votes,213
Coos,Precinct 2,County Clerk,,,Under Votes,287
Coos,Precinct 3,County Clerk,,,Under Votes,214
Coos,Precinct 4,County Clerk,,,Under Votes,127
Coos,Precinct 5,County Clerk,,,Under Votes,255
Coos,Precinct 6,County Clerk,,,Under Votes,144
Coos,Precinct 9,County Clerk,,,Under Votes,27
Coos,Precinct 1,County Clerk,,,Write-ins,1
Coos,Precinct 10,County Clerk,,,Write-ins,5
Coos,Precinct 11,County Clerk,,,Write-ins,1
Coos,Precinct 12,County Clerk,,,Write-ins,0
Coos,Precinct 13,County Clerk,,,Write-ins,1
Coos,Precinct 14,County Clerk,,,Write-ins,2
Coos,Precinct 15,County Clerk,,,Write-ins,0
Coos,Precinct 16,County Clerk,,,Write-ins,3
Coos,Precinct 17,County Clerk,,,Write-ins,3
Coos,Precinct 18,County Clerk,,,Write-ins,4
Coos,Precinct 2,County Clerk,,,Write-ins,2
Coos,Precinct 3,County Clerk,,,Write-ins,2
Coos,Precinct 4,County Clerk,,,Write-ins,1
Coos,Precinct 5,County Clerk,,,Write-ins,6
Coos,Precinct 6,County Clerk,,,Write-ins,2
Coos,Precinct 7,County Clerk,,,Write-ins,5
Coos,Precinct 8,County Clerk,,,Write-ins,7
Coos,Precinct 9,County Clerk,,,Write-ins,0
Coos,Precinct 1,County Commissioner,Position 2,,Brandi Martindale,342
Coos,Precinct 10,County Commissioner,Position 2,,Brandi Martindale,597
Coos,Precinct 11,County Commissioner,Position 2,,Brandi Martindale,537
Coos,Precinct 12,County Commissioner,Position 2,,Brandi Martindale,473
Coos,Precinct 13,County Commissioner,Position 2,,Brandi Martindale,306
Coos,Precinct 14,County Commissioner,Position 2,,Brandi Martindale,526
Coos,Precinct 15,County Commissioner,Position 2,,Brandi Martindale,134
Coos,Precinct 16,County Commissioner,Position 2,,Brandi Martindale,341
Coos,Precinct 17,County Commissioner,Position 2,,Brandi Martindale,520
Coos,Precinct 18,County Commissioner,Position 2,,Brandi Martindale,73
Coos,Precinct 2,County Commissioner,Position 2,,Brandi Martindale,678
Coos,Precinct 3,County Commissioner,Position 2,,Brandi Martindale,592
Coos,Precinct 5,County Commissioner,Position 2,,Brandi Martindale,728
Coos,Precinct 6,County Commissioner,Position 2,,Brandi Martindale,358
Coos,Precinct 7,County Commissioner,Position 2,,Brandi Martindale,441
Coos,Precinct 8,County Commissioner,Position 2,,Brandi Martindale,735
Coos,Precinct 9,County Commissioner,Position 2,,Brandi Martindale,50
Coos,Precinct 4,County Commissioner,Position 2,,Brandl Martindale,409
Coos,Precinct 1,County Commissioner,Position 2,,John W. Sweet,472
Coos,Precinct 10,County Commissioner,Position 2,,John W. Sweet,767
Coos,Precinct 11,County Commissioner,Position 2,,John W. Sweet,557
Coos,Precinct 12,County Commissioner,Position 2,,John W. Sweet,615
Coos,Precinct 13,County Commissioner,Position 2,,John W. Sweet,372
Coos,Precinct 14,County Commissioner,Position 2,,John W. Sweet,425
Coos,Precinct 15,County Commissioner,Position 2,,John W. Sweet,131
Coos,Precinct 16,County Commissioner,Position 2,,John W. Sweet,885
Coos,Precinct 17,County Commissioner,Position 2,,John W. Sweet,965
Coos,Precinct 18,County Commissioner,Position 2,,John W. Sweet,125
Coos,Precinct 2,County Commissioner,Position 2,,John W. Sweet,1017
Coos,Precinct 3,County Commissioner,Position 2,,John W. Sweet,1065
Coos,Precinct 4,County Commissioner,Position 2,,John W. Sweet,787
Coos,Precinct 5,County Commissioner,Position 2,,John W. Sweet,1061
Coos,Precinct 6,County Commissioner,Position 2,,John W. Sweet,759
Coos,Precinct 7,County Commissioner,Position 2,,John W. Sweet,796
Coos,Precinct 8,County Commissioner,Position 2,,John W. Sweet,1016
Coos,Precinct 9,County Commissioner,Position 2,,John W. Sweet,110
Coos,Precinct 1,County Commissioner,Position 2,,Over Votes,0
Coos,Precinct 10,County Commissioner,Position 2,,Over Votes,0
Coos,Precinct 11,County Commissioner,Position 2,,Over Votes,2
Coos,Precinct 12,County Commissioner,Position 2,,Over Votes,0
Coos,Precinct 13,County Commissioner,Position 2,,Over Votes,0
Coos,Precinct 14,County Commissioner,Position 2,,Over Votes,0
Coos,Precinct 15,County Commissioner,Position 2,,Over Votes,0
Coos,Precinct 16,County Commissioner,Position 2,,Over Votes,0
Coos,Precinct 17,County Commissioner,Position 2,,Over Votes,0
Coos,Precinct 18,County Commissioner,Position 2,,Over Votes,0
Coos,Precinct 2,County Commissioner,Position 2,,Over Votes,0
Coos,Precinct 3,County Commissioner,Position 2,,Over Votes,1
Coos,Precinct 4,County Commissioner,Position 2,,Over Votes,1
Coos,Precinct 5,County Commissioner,Position 2,,Over Votes,0
Coos,Precinct 6,County Commissioner,Position 2,,Over Votes,0
Coos,Precinct 7,County Commissioner,Position 2,,Over Votes,0
Coos,Precinct 8,County Commissioner,Position 2,,Over Votes,0
Coos,Precinct 9,County Commissioner,Position 2,,Over Votes,0
Coos,Precinct 1,County Commissioner,Position 2,,Under Votes,144
Coos,Precinct 10,County Commissioner,Position 2,,Under Votes,156
Coos,Precinct 11,County Commissioner,Position 2,,Under Votes,101
Coos,Precinct 12,County Commissioner,Position 2,,Under Votes,118
Coos,Precinct 13,County Commissioner,Position 2,,Under Votes,90
Coos,Precinct 14,County Commissioner,Position 2,,Under Votes,82
Coos,Precinct 15,County Commissioner,Position 2,,Under Votes,42
Coos,Precinct 16,County Commissioner,Position 2,,Under Votes,109
Coos,Precinct 17,County Commissioner,Position 2,,Under Votes,176
Coos,Precinct 18,County Commissioner,Position 2,,Under Votes,26
Coos,Precinct 2,County Commissioner,Position 2,,Under Votes,175
Coos,Precinct 3,County Commissioner,Position 2,,Under Votes,183
Coos,Precinct 4,County Commissioner,Position 2,,Under Votes,111
Coos,Precinct 5,County Commissioner,Position 2,,Under Votes,214
Coos,Precinct 6,County Commissioner,Position 2,,Under Votes,108
Coos,Precinct 7,County Commissioner,Position 2,,Under Votes,114
Coos,Precinct 8,County Commissioner,Position 2,,Under Votes,214
Coos,Precinct 9,County Commissioner,Position 2,,Under Votes,15
Coos,Precinct 1,County Commissioner,Position 2,,Write-ins,1
Coos,Precinct 10,County Commissioner,Position 2,,Write-ins,5
Coos,Precinct 11,County Commissioner,Position 2,,Write-ins,8
Coos,Precinct 12,County Commissioner,Position 2,,Write-ins,1
Coos,Precinct 13,County Commissioner,Position 2,,Write-ins,4
Coos,Precinct 14,County Commissioner,Position 2,,Write-ins,1
Coos,Precinct 15,County Commissioner,Position 2,,Write-ins,1
Coos,Precinct 16,County Commissioner,Position 2,,Write-ins,4
Coos,Precinct 17,County Commissioner,Position 2,,Write-ins,5
Coos,Precinct 18,County Commissioner,Position 2,,Write-ins,0
Coos,Precinct 2,County Commissioner,Position 2,,Write-ins,4
Coos,Precinct 3,County Commissioner,Position 2,,Write-ins,5
Coos,Precinct 4,County Commissioner,Position 2,,Write-ins,1
Coos,Precinct 5,County Commissioner,Position 2,,Write-ins,6
Coos,Precinct 6,County Commissioner,Position 2,,Write-ins,3
Coos,Precinct 7,County Commissioner,Position 2,,Write-ins,5
Coos,Precinct 8,County Commissioner,Position 2,,Write-ins,15
Coos,Precinct 9,County Commissioner,Position 2,,Write-ins,0
Coos,Precinct 18,County Commissioner,Position 3,,Mike Claassen,38
Coos,Precinct 12,County Commissioner,Position 3,,Over Votes,0
Coos,Precinct 13,County Commissioner,Position 3,,Over Votes,0
Coos,Precinct 14,County Commissioner,Position 3,,Over Votes,0
Coos,Precinct 15,County Commissioner,Position 3,,Over Votes,0
Coos,Precinct 16,County Commissioner,Position 3,,Over Votes,0
Coos,Precinct 17,County Commissioner,Position 3,,Over Votes,0
Coos,Precinct 18,County Commissioner,Position 3,,Over Votes,0
Coos,Precinct 2,County Commissioner,Position 3,,Over Votes,0
Coos,Precinct 3,County Commissioner,Position 3,,Over Votes,0
Coos,Precinct 4,County Commissioner,Position 3,,Over Votes,0
Coos,Precinct 5,County Commissioner,Position 3,,Over Votes,0
Coos,Precinct 7,County Commissioner,Position 3,,Over Votes,0
Coos,Precinct 8,County Commissioner,Position 3,,Over Votes,0
Coos,Precinct 9,County Commissioner,Position 3,,Over Votes,0
Coos,Precinct 1,County Commissioner,Position 3,,Richard (Rick) Coleman,270
Coos,Precinct 10,County Commissioner,Position 3,,Richard (Rick) Coleman,411
Coos,Precinct 11,County Commissioner,Position 3,,Richard (Rick) Coleman,291
Coos,Precinct 12,County Commissioner,Position 3,,Richard (Rick) Coleman,290
Coos,Precinct 13,County Commissioner,Position 3,,Richard (Rick) Coleman,192
Coos,Precinct 14,County Commissioner,Position 3,,Richard (Rick) Coleman,272
Coos,Precinct 15,County Commissioner,Position 3,,Richard (Rick) Coleman,73
Coos,Precinct 16,County Commissioner,Position 3,,Richard (Rick) Coleman,237
Coos,Precinct 17,County Commissioner,Position 3,,Richard (Rick) Coleman,341
Coos,Precinct 18,County Commissioner,Position 3,,Richard (Rick) Coleman,47
Coos,Precinct 2,County Commissioner,Position 3,,Richard (Rick) Coleman,526
Coos,Precinct 3,County Commissioner,Position 3,,Richard (Rick) Coleman,426
Coos,Precinct 4,County Commissioner,Position 3,,Richard (Rick) Coleman,282
Coos,Precinct 5,County Commissioner,Position 3,,Richard (Rick) Coleman,439
Coos,Precinct 6,County Commissioner,Position 3,,Richard (Rick) Coleman,232
Coos,Precinct 7,County Commissioner,Position 3,,Richard (Rick) Coleman,275
Coos,Precinct 8,County Commissioner,Position 3,,Richard (Rick) Coleman,506
Coos,Precinct 9,County Commissioner,Position 3,,Richard (Rick) Coleman,35
Coos,Precinct 1,County Commissioner,Position 3,,Rick Osborn,496
Coos,Precinct 10,County Commissioner,Position 3,,Rick Osborn,875
Coos,Precinct 11,County Commissioner,Position 3,,Rick Osborn,684
Coos,Precinct 12,County Commissioner,Position 3,,Rick Osborn,706
Coos,Precinct 13,County Commissioner,Position 3,,Rick Osborn,434
Coos,Precinct 14,County Commissioner,Position 3,,Rick Osborn,573
Coos,Precinct 15,County Commissioner,Position 3,,Rick Osborn,159
Coos,Precinct 16,County Commissioner,Position 3,,Rick Osborn,901
Coos,Precinct 17,County Commissioner,Position 3,,Rick Osborn,1007
Coos,Precinct 18,County Commissioner,Position 3,,Rick Osborn,131
Coos,Precinct 2,County Commissioner,Position 3,,Rick Osborn,1059
Coos,Precinct 3,County Commissioner,Position 3,,Rick Osborn,1130
Coos,Precinct 4,County Commissioner,Position 3,,Rick Osborn,815
Coos,Precinct 5,County Commissioner,Position 3,,Rick Osborn,1252
Coos,Precinct 6,County Commissioner,Position 3,,Rick Osborn,813
Coos,Precinct 7,County Commissioner,Position 3,,Rick Osborn,888
Coos,Precinct 8,County Commissioner,Position 3,,Rick Osborn,1161
Coos,Precinct 9,County Commissioner,Position 3,,Rick Osborn,111
Coos,Precinct 12,County Commissioner,Position 3,,Under Votes,205
Coos,Precinct 13,County Commissioner,Position 3,,Under Votes,144
Coos,Precinct 14,County Commissioner,Position 3,,Under Votes,185
Coos,Precinct 15,County Commissioner,Position 3,,Under Votes,201
Coos,Precinct 16,County Commissioner,Position 3,,Under Votes,199
Coos,Precinct 17,County Commissioner,Position 3,,Under Votes,312
Coos,Precinct 18,County Commissioner,Position 3,,Under Votes,125
Coos,Precinct 2,County Commissioner,Position 3,,Under Votes,285
Coos,Precinct 3,County Commissioner,Position 3,,Under Votes,286
Coos,Precinct 4,County Commissioner,Position 3,,Under Votes,209
Coos,Precinct 5,County Commissioner,Position 3,,Under Votes,308
Coos,Precinct 7,County Commissioner,Position 3,,Under Votes,190
Coos,Precinct 8,County Commissioner,Position 3,,Under Votes,304
Coos,Precinct 9,County Commissioner,Position 3,,Under Votes,29
Coos,Precinct 1,County Commissioner,Position 3,,Write-ins,7
Coos,Precinct 10,County Commissioner,Position 3,,Write-ins,4
Coos,Precinct 11,County Commissioner,Position 3,,Write-ins,6
Coos,Precinct 12,County Commissioner,Position 3,,Write-ins,6
Coos,Precinct 13,County Commissioner,Position 3,,Write-ins,2
Coos,Precinct 14,County Commissioner,Position 3,,Write-ins,4
Coos,Precinct 15,County Commissioner,Position 3,,Write-ins,5
Coos,Precinct 16,County Commissioner,Position 3,,Write-ins,2
Coos,Precinct 17,County Commissioner,Position 3,,Write-ins,6
Coos,Precinct 18,County Commissioner,Position 3,,Write-ins,3
Coos,Precinct 2,County Commissioner,Position 3,,Write-ins,4
Coos,Precinct 3,County Commissioner,Position 3,,Write-ins,4
Coos,Precinct 4,County Commissioner,Position 3,,Write-ins,3
Coos,Precinct 5,County Commissioner,Position 3,,Write-ins,10
Coos,Precinct 6,County Commissioner,Position 3,,Write-ins,4
Coos,Precinct 7,County Commissioner,Position 3,,Write-ins,3
Coos,Precinct 8,County Commissioner,Position 3,,Write-ins,9
Coos,Precinct 9,County Commissioner,Position 3,,Write-ins,0
Coos,Precinct 1,Governor,,D,Brittany Jones,8
Coos,Precinct 10,Governor,,D,Brittany Jones,5
Coos,Precinct 11,Governor,,D,Brittany Jones,10
Coos,Precinct 12,Governor,,D,Brittany Jones,16
Coos,Precinct 13,Governor,,D,Brittany Jones,9
Coos,Precinct 14,Governor,,D,Brittany Jones,6
Coos,Precinct 16,Governor,,D,Brittany Jones,14
Coos,Precinct 17,Governor,,D,Brittany Jones,11
Coos,Precinct 18,Governor,,D,Brittany Jones,1
Coos,Precinct 2,Governor,,D,Brittany Jones,15
Coos,Precinct 3,Governor,,D,Brittany Jones,22
Coos,Precinct 4,Governor,,D,Brittany Jones,24
Coos,Precinct 5,Governor,,D,Brittany Jones,20
Coos,Precinct 6,Governor,,D,Brittany Jones,15
Coos,Precinct 7,Governor,,D,Brittany Jones,21
Coos,Precinct 8,Governor,,D,Brittany Jones,14
Coos,Precinct 9,Governor,,D,Brittany Jones,2
Coos,Precinct 1,Governor,,D,Cal Kishawi,1
Coos,Precinct 10,Governor,,D,Cal Kishawi,4
Coos,Precinct 11,Governor,,D,Cal Kishawi,2
Coos,Precinct 12,Governor,,D,Cal Kishawi,8
Coos,Precinct 13,Governor,,D,Cal Kishawi,3
Coos,Precinct 14,Governor,,D,Cal Kishawi,0
Coos,Precinct 16,Governor,,D,Cal Kishawi,1
Coos,Precinct 17,Governor,,D,Cal Kishawi,1
Coos,Precinct 18,Governor,,D,Cal Kishawi,1
Coos,Precinct 2,Governor,,D,Cal Kishawi,4
Coos,Precinct 3,Governor,,D,Cal Kishawi,11
Coos,Precinct 4,Governor,,D,Cal Kishawi,1
Coos,Precinct 5,Governor,,D,Cal Kishawi,3
Coos,Precinct 6,Governor,,D,Cal Kishawi,5
Coos,Precinct 7,Governor,,D,Cal Kishawi,2
Coos,Precinct 8,Governor,,D,Cal Kishawi,11
Coos,Precinct 9,Governor,,D,Cal Kishawi,0
Coos,Precinct 1,Governor,,D,David W. Beem,8
Coos,Precinct 10,Governor,,D,David W. Beem,10
Coos,Precinct 11,Governor,,D,David W. Beem,8
Coos,Precinct 12,Governor,,D,David W. Beem,4
Coos,Precinct 13,Governor,,D,David W. Beem,6
Coos,Precinct 14,Governor,,D,David W. Beem,6
Coos,Precinct 16,Governor,,D,David W. Beem,5
Coos,Precinct 17,Governor,,D,David W. Beem,4
Coos,Precinct 18,Governor,,D,David W. Beem,0
Coos,Precinct 2,Governor,,D,David W. Beem,7
Coos,Precinct 3,Governor,,D,David W. Beem,5
Coos,Precinct 4,Governor,,D,David W. Beem,9
Coos,Precinct 5,Governor,,D,David W. Beem,13
Coos,Precinct 6,Governor,,D,David W. Beem,8
Coos,Precinct 7,Governor,,D,David W. Beem,12
Coos,Precinct 8,Governor,,D,David W. Beem,8
Coos,Precinct 9,Governor,,D,David W. Beem,2
Coos,Precinct 1,Governor,,D,Donnie M. Beckwith,3
Coos,Precinct 10,Governor,,D,Donnie M. Beckwith,3
Coos,Precinct 11,Governor,,D,Donnie M. Beckwith,1
Coos,Precinct 12,Governor,,D,Donnie M. Beckwith,2
Coos,Precinct 13,Governor,,D,Donnie M. Beckwith,1
Coos,Precinct 14,Governor,,D,Donnie M. Beckwith,2
Coos,Precinct 16,Governor,,D,Donnie M. Beckwith,2
Coos,Precinct 17,Governor,,D,Donnie M. Beckwith,0
Coos,Precinct 18,Governor,,D,Donnie M. Beckwith,1
Coos,Precinct 2,Governor,,D,Donnie M. Beckwith,5
Coos,Precinct 3,Governor,,D,Donnie M. Beckwith,4
Coos,Precinct 4,Governor,,D,Donnie M. Beckwith,4
Coos,Precinct 5,Governor,,D,Donnie M. Beckwith,5
Coos,Precinct 6,Governor,,D,Donnie M. Beckwith,3
Coos,Precinct 7,Governor,,D,Donnie M. Beckwith,1
Coos,Precinct 8,Governor,,D,Donnie M. Beckwith,3
Coos,Precinct 9,Governor,,D,Donnie M. Beckwith,0
Coos,Precinct 1,Governor,,D,Forest (Fora) Alexander,5
Coos,Precinct 10,Governor,,D,Forest (Fora) Alexander,8
Coos,Precinct 11,Governor,,D,Forest (Fora) Alexander,1
Coos,Precinct 12,Governor,,D,Forest (Fora) Alexander,12
Coos,Precinct 13,Governor,,D,Forest (Fora) Alexander,3
Coos,Precinct 14,Governor,,D,Forest (Fora) Alexander,6
Coos,Precinct 16,Governor,,D,Forest (Fora) Alexander,4
Coos,Precinct 17,Governor,,D,Forest (Fora) Alexander,17
Coos,Precinct 18,Governor,,D,Forest (Fora) Alexander,1
Coos,Precinct 2,Governor,,D,Forest (Fora) Alexander,10
Coos,Precinct 3,Governor,,D,Forest (Fora) Alexander,15
Coos,Precinct 4,Governor,,D,Forest (Fora) Alexander,17
Coos,Precinct 5,Governor,,D,Forest (Fora) Alexander,17
Coos,Precinct 6,Governor,,D,Forest (Fora) Alexander,7
Coos,Precinct 7,Governor,,D,Forest (Fora) Alexander,10
Coos,Precinct 8,Governor,,D,Forest (Fora) Alexander,13
Coos,Precinct 9,Governor,,D,Forest (Fora) Alexander,1
Coos,Precinct 1,Governor,,D,James Atkinson IV,8
Coos,Precinct 10,Governor,,D,James Atkinson IV,8
Coos,Precinct 11,Governor,,D,James Atkinson IV,4
Coos,Precinct 12,Governor,,D,James Atkinson IV,6
Coos,Precinct 13,Governor,,D,James Atkinson IV,5
Coos,Precinct 14,Governor,,D,James Atkinson IV,5
Coos,Precinct 16,Governor,,D,James Atkinson IV,5
Coos,Precinct 17,Governor,,D,James Atkinson IV,3
Coos,Precinct 18,Governor,,D,James Atkinson IV,0
Coos,Precinct 2,Governor,,D,James Atkinson IV,7
Coos,Precinct 3,Governor,,D,James Atkinson IV,13
Coos,Precinct 4,Governor,,D,James Atkinson IV,7
Coos,Precinct 5,Governor,,D,James Atkinson IV,7
Coos,Precinct 6,Governor,,D,James Atkinson IV,5
Coos,Precinct 7,Governor,,D,James Atkinson IV,8
Coos,Precinct 8,Governor,,D,James Atkinson IV,12
Coos,Precinct 9,Governor,,D,James Atkinson IV,1
Coos,Precinct 1,Governor,,D,Miranda Weigler,4
Coos,Precinct 10,Governor,,D,Miranda Weigler,12
Coos,Precinct 11,Governor,,D,Miranda Weigler,2
Coos,Precinct 12,Governor,,D,Miranda Weigler,13
Coos,Precinct 13,Governor,,D,Miranda Weigler,6
Coos,Precinct 14,Governor,,D,Miranda Weigler,4
Coos,Precinct 16,Governor,,D,Miranda Weigler,5
Coos,Precinct 17,Governor,,D,Miranda Weigler,10
Coos,Precinct 18,Governor,,D,Miranda Weigler,0
Coos,Precinct 2,Governor,,D,Miranda Weigler,13
Coos,Precinct 3,Governor,,D,Miranda Weigler,14
Coos,Precinct 5,Governor,,D,Miranda Weigler,21
Coos,Precinct 6,Governor,,D,Miranda Weigler,9
Coos,Precinct 7,Governor,,D,Miranda Weigler,12
Coos,Precinct 8,Governor,,D,Miranda Weigler,14
Coos,Precinct 9,Governor,,D,Miranda Weigler,1
Coos,Precinct 3,Governor,,D,No,1107
Coos,Precinct 1,Governor,,D,Over Votes,0
Coos,Precinct 10,Governor,,D,Over Votes,0
Coos,Precinct 11,Governor,,D,Over Votes,0
Coos,Precinct 12,Governor,,D,Over Votes,0
Coos,Precinct 13,Governor,,D,Over Votes,0
Coos,Precinct 14,Governor,,D,Over Votes,0
Coos,Precinct 16,Governor,,D,Over Votes,0
Coos,Precinct 17,Governor,,D,Over Votes,0
Coos,Precinct 18,Governor,,D,Over Votes,0
Coos,Precinct 2,Governor,,D,Over Votes,0
Coos,Precinct 3,Governor,,D,Over Votes,0
Coos,Precinct 5,Governor,,D,Over Votes,0
Coos,Precinct 6,Governor,,D,Over Votes,1
Coos,Precinct 7,Governor,,D,Over Votes,0
Coos,Precinct 8,Governor,,D,Over Votes,0
Coos,Precinct 9,Governor,,D,Over Votes,0
Coos,Precinct 3,Governor,,D,Steve William Laibie,13
Coos,Precinct 6,Governor,,D,Steve William Laibie,3
Coos,Precinct 1,Governor,,D,Steve William Laible,7
Coos,Precinct 10,Governor,,D,Steve William Laible,8
Coos,Precinct 11,Governor,,D,Steve William Laible,3
Coos,Precinct 12,Governor,,D,Steve William Laible,6
Coos,Precinct 13,Governor,,D,Steve William Laible,1
Coos,Precinct 14,Governor,,D,Steve William Laible,6
Coos,Precinct 16,Governor,,D,Steve William Laible,8
Coos,Precinct 17,Governor,,D,Steve William Laible,6
Coos,Precinct 18,Governor,,D,Steve William Laible,0
Coos,Precinct 2,Governor,,D,Steve William Laible,8
Coos,Precinct 4,Governor,,D,Steve William Laible,9
Coos,Precinct 5,Governor,,D,Steve William Laible,14
Coos,Precinct 7,Governor,,D,Steve William Laible,4
Coos,Precinct 8,Governor,,D,Steve William Laible,18
Coos,Precinct 9,Governor,,D,Steve William Laible,0
Coos,Precinct 1,Governor,,D,Tina Kotek,143
Coos,Precinct 10,Governor,,D,Tina Kotek,243
Coos,Precinct 11,Governor,,D,Tina Kotek,179
Coos,Precinct 12,Governor,,D,Tina Kotek,224
Coos,Precinct 13,Governor,,D,Tina Kotek,100
Coos,Precinct 14,Governor,,D,Tina Kotek,111
Coos,Precinct 16,Governor,,D,Tina Kotek,438
Coos,Precinct 17,Governor,,D,Tina Kotek,412
Coos,Precinct 18,Governor,,D,Tina Kotek,49
Coos,Precinct 2,Governor,,D,Tina Kotek,338
Coos,Precinct 3,Governor,,D,Tina Kotek,394
Coos,Precinct 4,Governor,,D,Tina Kotek,393
Coos,Precinct 5,Governor,,D,Tina Kotek,488
Coos,Precinct 6,Governor,,D,Tina Kotek,346
Coos,Precinct 7,Governor,,D,Tina Kotek,369
Coos,Precinct 8,Governor,,D,Tina Kotek,375
Coos,Precinct 9,Governor,,D,Tina Kotek,45
Coos,Precinct 1,Governor,,D,Tristan Sheppard,4
Coos,Precinct 10,Governor,,D,Tristan Sheppard,8
Coos,Precinct 11,Governor,,D,Tristan Sheppard,4
Coos,Precinct 12,Governor,,D,Tristan Sheppard,12
Coos,Precinct 13,Governor,,D,Tristan Sheppard,2
Coos,Precinct 14,Governor,,D,Tristan Sheppard,1
Coos,Precinct 16,Governor,,D,Tristan Sheppard,2
Coos,Precinct 17,Governor,,D,Tristan Sheppard,5
Coos,Precinct 18,Governor,,D,Tristan Sheppard,1
Coos,Precinct 2,Governor,,D,Tristan Sheppard,5
Coos,Precinct 3,Governor,,D,Tristan Sheppard,17
Coos,Precinct 5,Governor,,D,Tristan Sheppard,9
Coos,Precinct 6,Governor,,D,Tristan Sheppard,11
Coos,Precinct 7,Governor,,D,Tristan Sheppard,9
Coos,Precinct 8,Governor,,D,Tristan Sheppard,11
Coos,Precinct 9,Governor,,D,Tristan Sheppard,2
Coos,Precinct 1,Governor,,D,Under Votes,14
Coos,Precinct 10,Governor,,D,Under Votes,43
Coos,Precinct 11,Governor,,D,Under Votes,26
Coos,Precinct 12,Governor,,D,Under Votes,30
Coos,Precinct 13,Governor,,D,Under Votes,21
Coos,Precinct 14,Governor,,D,Under Votes,25
Coos,Precinct 17,Governor,,D,Under Votes,36
Coos,Precinct 18,Governor,,D,Under Votes,2
Coos,Precinct 2,Governor,,D,Under Votes,60
Coos,Precinct 3,Governor,,D,Under Votes,165
Coos,Precinct 5,Governor,,D,Under Votes,56
Coos,Precinct 6,Governor,,D,Under Votes,35
Coos,Precinct 7,Governor,,D,Under Votes,37
Coos,Precinct 8,Governor,,D,Under Votes,53
Coos,Precinct 9,Governor,,D,Under Votes,3
Coos,Precinct 1,Governor,,D,Write-ins,14
Coos,Precinct 10,Governor,,D,Write-ins,48
Coos,Precinct 11,Governor,,D,Write-ins,24
Coos,Precinct 12,Governor,,D,Write-ins,32
Coos,Precinct 13,Governor,,D,Write-ins,16
Coos,Precinct 14,Governor,,D,Write-ins,22
Coos,Precinct 16,Governor,,D,Write-ins,12
Coos,Precinct 17,Governor,,D,Write-ins,20
Coos,Precinct 18,Governor,,D,Write-ins,8
Coos,Precinct 2,Governor,,D,Write-ins,76
Coos,Precinct 3,Governor,,D,Write-ins,68
Coos,Precinct 5,Governor,,D,Write-ins,70
Coos,Precinct 6,Governor,,D,Write-ins,34
Coos,Precinct 7,Governor,,D,Write-ins,52
Coos,Precinct 8,Governor,,D,Write-ins,64
Coos,Precinct 9,Governor,,D,Write-ins,16
Coos,Precinct 3,Governor,,D,Yes,651
Coos,Precinct 1,Governor,,R,Brad T. Peters,1
Coos,Precinct 10,Governor,,R,Brad T. Peters,0
Coos,Precinct 11,Governor,,R,Brad T. Peters,0
Coos,Precinct 13,Governor,,R,Brad T. Peters,0
Coos,Precinct 14,Governor,,R,Brad T. Peters,2
Coos,Precinct 15,Governor,,R,Brad T. Peters,0
Coos,Precinct 16,Governor,,R,Brad T. Peters,5
Coos,Precinct 17,Governor,,R,Brad T. Peters,1
Coos,Precinct 18,Governor,,R,Brad T. Peters,0
Coos,Precinct 2,Governor,,R,Brad T. Peters,2
Coos,Precinct 3,Governor,,R,Brad T. Peters,5
Coos,Precinct 4,Governor,,R,Brad T. Peters,3
Coos,Precinct 5,Governor,,R,Brad T. Peters,3
Coos,Precinct 6,Governor,,R,Brad T. Peters,1
Coos,Precinct 7,Governor,,R,Brad T. Peters,5
Coos,Precinct 8,Governor,,R,Brad T. Peters,5
Coos,Precinct 9,Governor,,R,Brad T. Peters,0
Coos,Precinct 1,Governor,,R,Chris Dudley,48
Coos,Precinct 10,Governor,,R,Chris Dudley,83
Coos,Precinct 11,Governor,,R,Chris Dudley,80
Coos,Precinct 13,Governor,,R,Chris Dudley,58
Coos,Precinct 14,Governor,,R,Chris Dudley,63
Coos,Precinct 15,Governor,,R,Chris Dudley,25
Coos,Precinct 16,Governor,,R,Chris Dudley,61
Coos,Precinct 17,Governor,,R,Chris Dudley,104
Coos,Precinct 18,Governor,,R,Chris Dudley,12
Coos,Precinct 2,Governor,,R,Chris Dudley,96
Coos,Precinct 3,Governor,,R,Chris Dudley,108
Coos,Precinct 4,Governor,,R,Chris Dudley,58
Coos,Precinct 5,Governor,,R,Chris Dudley,84
Coos,Precinct 6,Governor,,R,Chris Dudley,77
Coos,Precinct 7,Governor,,R,Chris Dudley,72
Coos,Precinct 8,Governor,,R,Chris Dudley,91
Coos,Precinct 9,Governor,,R,Chris Dudley,6
Coos,Precinct 1,Governor,,R,Christine Drazan,267
Coos,Precinct 10,Governor,,R,Christine Drazan,353
Coos,Precinct 11,Governor,,R,Christine Drazan,286
Coos,Precinct 12,Governor,,R,Christine Drazan,244
Coos,Precinct 13,Governor,,R,Christine Drazan,144
Coos,Precinct 14,Governor,,R,Christine Drazan,257
Coos,Precinct 15,Governor,,R,Christine Drazan,64
Coos,Precinct 16,Governor,,R,Christine Drazan,187
Coos,Precinct 17,Governor,,R,Christine Drazan,318
Coos,Precinct 18,Governor,,R,Christine Drazan,58
Coos,Precinct 2,Governor,,R,Christine Drazan,413
Coos,Precinct 3,Governor,,R,Christine Drazan,345
Coos,Precinct 4,Governor,,R,Christine Drazan,220
Coos,Precinct 5,Governor,,R,Christine Drazan,374
Coos,Precinct 6,Governor,,R,Christine Drazan,226
Coos,Precinct 7,Governor,,R,Christine Drazan,204
Coos,Precinct 8,Governor,,R,Christine Drazan,371
Coos,Precinct 9,Governor,,R,Christine Drazan,32
Coos,Precinct 1,Governor,,R,Danielle Bethell,8
Coos,Precinct 10,Governor,,R,Danielle Bethell,19
Coos,Precinct 11,Governor,,R,Danielle Bethell,21
Coos,Precinct 12,Governor,,R,Danielle Bethell,13
Coos,Precinct 13,Governor,,R,Danielle Bethell,9
Coos,Precinct 14,Governor,,R,Danielle Bethell,15
Coos,Precinct 15,Governor,,R,Danielle Bethell,2
Coos,Precinct 16,Governor,,R,Danielle Bethell,11
Coos,Precinct 17,Governor,,R,Danielle Bethell,30
Coos,Precinct 18,Governor,,R,Danielle Bethell,1
Coos,Precinct 2,Governor,,R,Danielle Bethell,28
Coos,Precinct 3,Governor,,R,Danielle Bethell,14
Coos,Precinct 4,Governor,,R,Danielle Bethell,17
Coos,Precinct 5,Governor,,R,Danielle Bethell,16
Coos,Precinct 6,Governor,,R,Danielle Bethell,13
Coos,Precinct 7,Governor,,R,Danielle Bethell,26
Coos,Precinct 8,Governor,,R,Danielle Bethell,26
Coos,Precinct 9,Governor,,R,Danielle Bethell,4
Coos,Precinct 1,Governor,,R,David Medina,12
Coos,Precinct 10,Governor,,R,David Medina,57
Coos,Precinct 11,Governor,,R,David Medina,20
Coos,Precinct 13,Governor,,R,David Medina,21
Coos,Precinct 14,Governor,,R,David Medina,23
Coos,Precinct 15,Governor,,R,David Medina,6
Coos,Precinct 16,Governor,,R,David Medina,18
Coos,Precinct 17,Governor,,R,David Medina,23
Coos,Precinct 18,Governor,,R,David Medina,3
Coos,Precinct 2,Governor,,R,David Medina,30
Coos,Precinct 3,Governor,,R,David Medina,43
Coos,Precinct 4,Governor,,R,David Medina,18
Coos,Precinct 5,Governor,,R,David Medina,42
Coos,Precinct 6,Governor,,R,David Medina,23
Coos,Precinct 7,Governor,,R,David Medina,34
Coos,Precinct 8,Governor,,R,David Medina,48
Coos,Precinct 9,Governor,,R,David Medina,3
Coos,Precinct 1,Governor,,R,DeAngelo Leroy Turner,0
Coos,Precinct 10,Governor,,R,DeAngelo Leroy Turner,0
Coos,Precinct 11,Governor,,R,DeAngelo Leroy Turner,0
Coos,Precinct 13,Governor,,R,DeAngelo Leroy Turner,0
Coos,Precinct 14,Governor,,R,DeAngelo Leroy Turner,0
Coos,Precinct 15,Governor,,R,DeAngelo Leroy Turner,0
Coos,Precinct 16,Governor,,R,DeAngelo Leroy Turner,1
Coos,Precinct 17,Governor,,R,DeAngelo Leroy Turner,0
Coos,Precinct 18,Governor,,R,DeAngelo Leroy Turner,0
Coos,Precinct 2,Governor,,R,DeAngelo Leroy Turner,0
Coos,Precinct 3,Governor,,R,DeAngelo Leroy Turner,0
Coos,Precinct 4,Governor,,R,DeAngelo Leroy Turner,0
Coos,Precinct 5,Governor,,R,DeAngelo Leroy Turner,0
Coos,Precinct 6,Governor,,R,DeAngelo Leroy Turner,3
Coos,Precinct 7,Governor,,R,DeAngelo Leroy Turner,0
Coos,Precinct 8,Governor,,R,DeAngelo Leroy Turner,1
Coos,Precinct 9,Governor,,R,DeAngelo Leroy Turner,0
Coos,Precinct 1,Governor,,R,Ed Diehl,156
Coos,Precinct 10,Governor,,R,Ed Diehl,242
Coos,Precinct 11,Governor,,R,Ed Diehl,237
Coos,Precinct 12,Governor,,R,Ed Diehl,190
Coos,Precinct 13,Governor,,R,Ed Diehl,155
Coos,Precinct 14,Governor,,R,Ed Diehl,271
Coos,Precinct 15,Governor,,R,Ed Diehl,53
Coos,Precinct 16,Governor,,R,Ed Diehl,151
Coos,Precinct 17,Governor,,R,Ed Diehl,226
Coos,Precinct 18,Governor,,R,Ed Diehl,31
Coos,Precinct 2,Governor,,R,Ed Diehl,323
Coos,Precinct 3,Governor,,R,Ed Diehl,223
Coos,Precinct 4,Governor,,R,Ed Diehl,112
Coos,Precinct 5,Governor,,R,Ed Diehl,216
Coos,Precinct 6,Governor,,R,Ed Diehl,87
Coos,Precinct 7,Governor,,R,Ed Diehl,143
Coos,Precinct 8,Governor,,R,Ed Diehl,288
Coos,Precinct 9,Governor,,R,Ed Diehl,17
Coos,Precinct 5,Governor,,R,Hope A. Dairymple,3
Coos,Precinct 1,Governor,,R,Hope A. Dalrymple,0
Coos,Precinct 10,Governor,,R,Hope A. Dalrymple,0
Coos,Precinct 11,Governor,,R,Hope A. Dalrymple,0
Coos,Precinct 12,Governor,,R,Hope A. Dalrymple,1
Coos,Precinct 13,Governor,,R,Hope A. Dalrymple,1
Coos,Precinct 14,Governor,,R,Hope A. Dalrymple,1
Coos,Precinct 15,Governor,,R,Hope A. Dalrymple,0
Coos,Precinct 16,Governor,,R,Hope A. Dalrymple,2
Coos,Precinct 17,Governor,,R,Hope A. Dalrymple,0
Coos,Precinct 18,Governor,,R,Hope A. Dalrymple,0
Coos,Precinct 2,Governor,,R,Hope A. Dalrymple,0
Coos,Precinct 3,Governor,,R,Hope A. Dalrymple,1
Coos,Precinct 4,Governor,,R,Hope A. Dalrymple,3
Coos,Precinct 6,Governor,,R,Hope A. Dalrymple,1
Coos,Precinct 7,Governor,,R,Hope A. Dalrymple,0
Coos,Precinct 8,Governor,,R,Hope A. Dalrymple,1
Coos,Precinct 9,Governor,,R,Hope A. Dalrymple,0
Coos,Precinct 1,Governor,,R,Kyle M. Duyck,3
Coos,Precinct 10,Governor,,R,Kyle M. Duyck,4
Coos,Precinct 11,Governor,,R,Kyle M. Duyck,2
Coos,Precinct 13,Governor,,R,Kyle M. Duyck,0
Coos,Precinct 14,Governor,,R,Kyle M. Duyck,2
Coos,Precinct 15,Governor,,R,Kyle M. Duyck,1
Coos,Precinct 16,Governor,,R,Kyle M. Duyck,3
Coos,Precinct 17,Governor,,R,Kyle M. Duyck,1
Coos,Precinct 18,Governor,,R,Kyle M. Duyck,0
Coos,Precinct 2,Governor,,R,Kyle M. Duyck,3
Coos,Precinct 3,Governor,,R,Kyle M. Duyck,1
Coos,Precinct 4,Governor,,R,Kyle M. Duyck,2
Coos,Precinct 5,Governor,,R,Kyle M. Duyck,5
Coos,Precinct 6,Governor,,R,Kyle M. Duyck,1
Coos,Precinct 7,Governor,,R,Kyle M. Duyck,3
Coos,Precinct 8,Governor,,R,Kyle M. Duyck,2
Coos,Precinct 9,Governor,,R,Kyle M. Duyck,0
Coos,Precinct 1,Governor,,R,Martin Ward,3
Coos,Precinct 10,Governor,,R,Martin Ward,3
Coos,Precinct 11,Governor,,R,Martin Ward,0
Coos,Precinct 13,Governor,,R,Martin Ward,0
Coos,Precinct 14,Governor,,R,Martin Ward,0
Coos,Precinct 15,Governor,,R,Martin Ward,0
Coos,Precinct 16,Governor,,R,Martin Ward,0
Coos,Precinct 17,Governor,,R,Martin Ward,1
Coos,Precinct 18,Governor,,R,Martin Ward,0
Coos,Precinct 2,Governor,,R,Martin Ward,1
Coos,Precinct 3,Governor,,R,Martin Ward,0
Coos,Precinct 4,Governor,,R,Martin Ward,1
Coos,Precinct 5,Governor,,R,Martin Ward,0
Coos,Precinct 6,Governor,,R,Martin Ward,1
Coos,Precinct 7,Governor,,R,Martin Ward,0
Coos,Precinct 8,Governor,,R,Martin Ward,3
Coos,Precinct 9,Governor,,R,Martin Ward,0
Coos,Precinct 1,Governor,,R,Over Votes,0
Coos,Precinct 10,Governor,,R,Over Votes,0
Coos,Precinct 11,Governor,,R,Over Votes,0
Coos,Precinct 14,Governor,,R,Over Votes,0
Coos,Precinct 15,Governor,,R,Over Votes,0
Coos,Precinct 16,Governor,,R,Over Votes,0
Coos,Precinct 17,Governor,,R,Over Votes,1
Coos,Precinct 18,Governor,,R,Over Votes,0
Coos,Precinct 2,Governor,,R,Over Votes,0
Coos,Precinct 4,Governor,,R,Over Votes,0
Coos,Precinct 5,Governor,,R,Over Votes,0
Coos,Precinct 6,Governor,,R,Over Votes,0
Coos,Precinct 7,Governor,,R,Over Votes,0
Coos,Precinct 8,Governor,,R,Over Votes,1
Coos,Precinct 9,Governor,,R,Over Votes,0
Coos,Precinct 1,Governor,,R,Paul J. Romero Jr,7
Coos,Precinct 10,Governor,,R,Paul J. Romero Jr,5
Coos,Precinct 11,Governor,,R,Paul J. Romero Jr,3
Coos,Precinct 13,Governor,,R,Paul J. Romero Jr,5
Coos,Precinct 14,Governor,,R,Paul J. Romero Jr,1
Coos,Precinct 15,Governor,,R,Paul J. Romero Jr,0
Coos,Precinct 16,Governor,,R,Paul J. Romero Jr,0
Coos,Precinct 17,Governor,,R,Paul J. Romero Jr,8
Coos,Precinct 18,Governor,,R,Paul J. Romero Jr,0
Coos,Precinct 2,Governor,,R,Paul J. Romero Jr,3
Coos,Precinct 3,Governor,,R,Paul J. Romero Jr,1
Coos,Precinct 4,Governor,,R,Paul J. Romero Jr,2
Coos,Precinct 5,Governor,,R,Paul J. Romero Jr,5
Coos,Precinct 6,Governor,,R,Paul J. Romero Jr,1
Coos,Precinct 7,Governor,,R,Paul J. Romero Jr,2
Coos,Precinct 8,Governor,,R,Paul J. Romero Jr,5
Coos,Precinct 9,Governor,,R,Paul J. Romero Jr,0
Coos,Precinct 1,Governor,,R,Robert Neuman,2
Coos,Precinct 10,Governor,,R,Robert Neuman,0
Coos,Precinct 11,Governor,,R,Robert Neuman,2
Coos,Precinct 13,Governor,,R,Robert Neuman,1
Coos,Precinct 14,Governor,,R,Robert Neuman,0
Coos,Precinct 15,Governor,,R,Robert Neuman,0
Coos,Precinct 16,Governor,,R,Robert Neuman,2
Coos,Precinct 17,Governor,,R,Robert Neuman,0
Coos,Precinct 18,Governor,,R,Robert Neuman,0
Coos,Precinct 2,Governor,,R,Robert Neuman,0
Coos,Precinct 3,Governor,,R,Robert Neuman,3
Coos,Precinct 4,Governor,,R,Robert Neuman,1
Coos,Precinct 5,Governor,,R,Robert Neuman,3
Coos,Precinct 6,Governor,,R,Robert Neuman,1
Coos,Precinct 7,Governor,,R,Robert Neuman,0
Coos,Precinct 8,Governor,,R,Robert Neuman,2
Coos,Precinct 9,Governor,,R,Robert Neuman,0
Coos,Precinct 1,Governor,,R,Tim O. Youker,1
Coos,Precinct 10,Governor,,R,Tim O. Youker,1
Coos,Precinct 11,Governor,,R,Tim O. Youker,0
Coos,Precinct 13,Governor,,R,Tim O. Youker,0
Coos,Precinct 14,Governor,,R,Tim O. Youker,0
Coos,Precinct 15,Governor,,R,Tim O. Youker,0
Coos,Precinct 16,Governor,,R,Tim O. Youker,0
Coos,Precinct 17,Governor,,R,Tim O. Youker,1
Coos,Precinct 18,Governor,,R,Tim O. Youker,0
Coos,Precinct 2,Governor,,R,Tim O. Youker,0
Coos,Precinct 3,Governor,,R,Tim O. Youker,1
Coos,Precinct 4,Governor,,R,Tim O. Youker,0
Coos,Precinct 5,Governor,,R,Tim O. Youker,0
Coos,Precinct 6,Governor,,R,Tim O. Youker,0
Coos,Precinct 7,Governor,,R,Tim O. Youker,0
Coos,Precinct 8,Governor,,R,Tim O. Youker,0
Coos,Precinct 9,Governor,,R,Tim O. Youker,0
Coos,Precinct 1,Governor,,R,Under Votes,11
Coos,Precinct 10,Governor,,R,Under Votes,15
Coos,Precinct 11,Governor,,R,Under Votes,9
Coos,Precinct 14,Governor,,R,Under Votes,10
Coos,Precinct 15,Governor,,R,Under Votes,1
Coos,Precinct 16,Governor,,R,Under Votes,8
Coos,Precinct 17,Governor,,R,Under Votes,13
Coos,Precinct 18,Governor,,R,Under Votes,4
Coos,Precinct 2,Governor,,R,Under Votes,20
Coos,Precinct 4,Governor,,R,Under Votes,8
Coos,Precinct 5,Governor,,R,Under Votes,20
Coos,Precinct 6,Governor,,R,Under Votes,15
Coos,Precinct 7,Governor,,R,Under Votes,14
Coos,Precinct 8,Governor,,R,Under Votes,14
Coos,Precinct 9,Governor,,R,Under Votes,1
Coos,Precinct 1,Governor,,R,Wen Waddell,0
Coos,Precinct 10,Governor,,R,Wen Waddell,0
Coos,Precinct 11,Governor,,R,Wen Waddell,0
Coos,Precinct 13,Governor,,R,Wen Waddell,0
Coos,Precinct 14,Governor,,R,Wen Waddell,0
Coos,Precinct 15,Governor,,R,Wen Waddell,1
Coos,Precinct 16,Governor,,R,Wen Waddell,0
Coos,Precinct 17,Governor,,R,Wen Waddell,0
Coos,Precinct 18,Governor,,R,Wen Waddell,0
Coos,Precinct 2,Governor,,R,Wen Waddell,0
Coos,Precinct 3,Governor,,R,Wen Waddell,1
Coos,Precinct 4,Governor,,R,Wen Waddell,0
Coos,Precinct 5,Governor,,R,Wen Waddell,0
Coos,Precinct 6,Governor,,R,Wen Waddell,1
Coos,Precinct 7,Governor,,R,Wen Waddell,1
Coos,Precinct 8,Governor,,R,Wen Waddell,0
Coos,Precinct 9,Governor,,R,Wen Waddell,0
Coos,Precinct 1,Governor,,R,Write-ins,0
Coos,Precinct 10,Governor,,R,Write-ins,6
Coos,Precinct 11,Governor,,R,Write-ins,4
Coos,Precinct 13,Governor,,R,Write-ins,4
Coos,Precinct 14,Governor,,R,Write-ins,0
Coos,Precinct 15,Governor,,R,Write-ins,2
Coos,Precinct 16,Governor,,R,Write-ins,2
Coos,Precinct 17,Governor,,R,Write-ins,2
Coos,Precinct 18,Governor,,R,Write-ins,0
Coos,Precinct 2,Governor,,R,Write-ins,6
Coos,Precinct 3,Governor,,R,Write-ins,8
Coos,Precinct 4,Governor,,R,Write-ins,2
Coos,Precinct 5,Governor,,R,Write-ins,2
Coos,Precinct 6,Governor,,R,Write-ins,2
Coos,Precinct 7,Governor,,R,Write-ins,2
Coos,Precinct 8,Governor,,R,Write-ins,2
Coos,Precinct 9,Governor,,R,Write-ins,0
Coos,Precinct 13,Judge of the Circuit Court,"15th District, Position 6",,Over Votes,0
Coos,Precinct 13,Judge of the Circuit Court,"15th District, Position 6",,Under Votes,354
Coos,Precinct 13,Judge of the Circuit Court,"15th District, Position 6",,Write-ins,412
Coos,Precinct 1,Judge of the Circuit Court,"15th District, Position 6 15th District, Position 6",,Cynthia L. Beaman,480
Coos,Precinct 10,Judge of the Circuit Court,"15th District, Position 6 15th District, Position 6",,Cynthia L. Beaman,674
Coos,Precinct 11,Judge of the Circuit Court,"15th District, Position 6 15th District, Position 6",,Cynthia L. Beaman,560
Coos,Precinct 14,Judge of the Circuit Court,"15th District, Position 6 15th District, Position 6",,Cynthia L. Beaman,446
Coos,Precinct 15,Judge of the Circuit Court,"15th District, Position 6 15th District, Position 6",,Cynthia L. Beaman,148
Coos,Precinct 16,Judge of the Circuit Court,"15th District, Position 6 15th District, Position 6",,Cynthia L. Beaman,650
Coos,Precinct 17,Judge of the Circuit Court,"15th District, Position 6 15th District, Position 6",,Cynthia L. Beaman,745
Coos,Precinct 18,Judge of the Circuit Court,"15th District, Position 6 15th District, Position 6",,Cynthia L. Beaman,91
Coos,Precinct 2,Judge of the Circuit Court,"15th District, Position 6 15th District, Position 6",,Cynthia L. Beaman,897
Coos,Precinct 3,Judge of the Circuit Court,"15th District, Position 6 15th District, Position 6",,Cynthia L. Beaman,984
Coos,Precinct 4,Judge of the Circuit Court,"15th District, Position 6 15th District, Position 6",,Cynthia L. Beaman,631
Coos,Precinct 5,Judge of the Circuit Court,"15th District, Position 6 15th District, Position 6",,Cynthia L. Beaman,1087
Coos,Precinct 6,Judge of the Circuit Court,"15th District, Position 6 15th District, Position 6",,Cynthia L. Beaman,633
Coos,Precinct 7,Judge of the Circuit Court,"15th District, Position 6 15th District, Position 6",,Cynthia L. Beaman,638
Coos,Precinct 8,Judge of the Circuit Court,"15th District, Position 6 15th District, Position 6",,Cynthia L. Beaman,991
Coos,Precinct 9,Judge of the Circuit Court,"15th District, Position 6 15th District, Position 6",,Cynthia L. Beaman,72
Coos,Precinct 1,Judge of the Circuit Court,"15th District, Position 6 15th District, Position 6",,Over Votes,0
Coos,Precinct 10,Judge of the Circuit Court,"15th District, Position 6 15th District, Position 6",,Over Votes,0
Coos,Precinct 11,Judge of the Circuit Court,"15th District, Position 6 15th District, Position 6",,Over Votes,0
Coos,Precinct 15,Judge of the Circuit Court,"15th District, Position 6 15th District, Position 6",,Over Votes,0
Coos,Precinct 16,Judge of the Circuit Court,"15th District, Position 6 15th District, Position 6",,Over Votes,0
Coos,Precinct 2,Judge of the Circuit Court,"15th District, Position 6 15th District, Position 6",,Over Votes,0
Coos,Precinct 3,Judge of the Circuit Court,"15th District, Position 6 15th District, Position 6",,Over Votes,0
Coos,Precinct 4,Judge of the Circuit Court,"15th District, Position 6 15th District, Position 6",,Over Votes,1
Coos,Precinct 6,Judge of the Circuit Court,"15th District, Position 6 15th District, Position 6",,Over Votes,0
Coos,Precinct 7,Judge of the Circuit Court,"15th District, Position 6 15th District, Position 6",,Over Votes,0
Coos,Precinct 8,Judge of the Circuit Court,"15th District, Position 6 15th District, Position 6",,Over Votes,0
Coos,Precinct 9,Judge of the Circuit Court,"15th District, Position 6 15th District, Position 6",,Over Votes,0
Coos,Precinct 1,Judge of the Circuit Court,"15th District, Position 6 15th District, Position 6",,Under Votes,472
Coos,Precinct 10,Judge of the Circuit Court,"15th District, Position 6 15th District, Position 6",,Under Votes,834
Coos,Precinct 11,Judge of the Circuit Court,"15th District, Position 6 15th District, Position 6",,Under Votes,634
Coos,Precinct 15,Judge of the Circuit Court,"15th District, Position 6 15th District, Position 6",,Under Votes,155
Coos,Precinct 16,Judge of the Circuit Court,"15th District, Position 6 15th District, Position 6",,Under Votes,680
Coos,Precinct 2,Judge of the Circuit Court,"15th District, Position 6 15th District, Position 6",,Under Votes,960
Coos,Precinct 3,Judge of the Circuit Court,"15th District, Position 6 15th District, Position 6",,Under Votes,849
Coos,Precinct 4,Judge of the Circuit Court,"15th District, Position 6 15th District, Position 6",,Under Votes,666
Coos,Precinct 6,Judge of the Circuit Court,"15th District, Position 6 15th District, Position 6",,Under Votes,587
Coos,Precinct 7,Judge of the Circuit Court,"15th District, Position 6 15th District, Position 6",,Under Votes,707
Coos,Precinct 8,Judge of the Circuit Court,"15th District, Position 6 15th District, Position 6",,Under Votes,976
Coos,Precinct 9,Judge of the Circuit Court,"15th District, Position 6 15th District, Position 6",,Under Votes,102
Coos,Precinct 1,Judge of the Circuit Court,"15th District, Position 6 15th District, Position 6",,Write-ins,7
Coos,Precinct 10,Judge of the Circuit Court,"15th District, Position 6 15th District, Position 6",,Write-ins,17
Coos,Precinct 11,Judge of the Circuit Court,"15th District, Position 6 15th District, Position 6",,Write-ins,11
Coos,Precinct 14,Judge of the Circuit Court,"15th District, Position 6 15th District, Position 6",,Write-ins,14
Coos,Precinct 15,Judge of the Circuit Court,"15th District, Position 6 15th District, Position 6",,Write-ins,5
Coos,Precinct 16,Judge of the Circuit Court,"15th District, Position 6 15th District, Position 6",,Write-ins,9
Coos,Precinct 17,Judge of the Circuit Court,"15th District, Position 6 15th District, Position 6",,Write-ins,13
Coos,Precinct 18,Judge of the Circuit Court,"15th District, Position 6 15th District, Position 6",,Write-ins,1
Coos,Precinct 2,Judge of the Circuit Court,"15th District, Position 6 15th District, Position 6",,Write-ins,17
Coos,Precinct 3,Judge of the Circuit Court,"15th District, Position 6 15th District, Position 6",,Write-ins,13
Coos,Precinct 4,Judge of the Circuit Court,"15th District, Position 6 15th District, Position 6",,Write-ins,11
Coos,Precinct 5,Judge of the Circuit Court,"15th District, Position 6 15th District, Position 6",,Write-ins,18
Coos,Precinct 6,Judge of the Circuit Court,"15th District, Position 6 15th District, Position 6",,Write-ins,8
Coos,Precinct 7,Judge of the Circuit Court,"15th District, Position 6 15th District, Position 6",,Write-ins,11
Coos,Precinct 8,Judge of the Circuit Court,"15th District, Position 6 15th District, Position 6",,Write-ins,13
Coos,Precinct 9,Judge of the Circuit Court,"15th District, Position 6 15th District, Position 6",,Write-ins,1
Coos,Precinct 13,Judge of the Court of Appeals,Position 1,,Over Votes,0
Coos,Precinct 13,Judge of the Court of Appeals,Position 1,,Ryan TO'Connor,431
Coos,Precinct 13,Judge of the Court of Appeals,Position 1,,Under Votes,329
Coos,Precinct 13,Judge of the Court of Appeals,Position 1,,Write-ins,12
Coos,Precinct 12,Judge of the Court of Appeals,Position 1 Position 1,,Over Votes,0
Coos,Precinct 14,Judge of the Court of Appeals,Position 1 Position 1,,Over Votes,0
Coos,Precinct 15,Judge of the Court of Appeals,Position 1 Position 1,,Over Votes,0
Coos,Precinct 16,Judge of the Court of Appeals,Position 1 Position 1,,Over Votes,0
Coos,Precinct 17,Judge of the Court of Appeals,Position 1 Position 1,,Over Votes,0
Coos,Precinct 18,Judge of the Court of Appeals,Position 1 Position 1,,Over Votes,0
Coos,Precinct 3,Judge of the Court of Appeals,Position 1 Position 1,,Over Votes,0
Coos,Precinct 4,Judge of the Court of Appeals,Position 1 Position 1,,Over Votes,0
Coos,Precinct 5,Judge of the Court of Appeals,Position 1 Position 1,,Over Votes,0
Coos,Precinct 7,Judge of the Court of Appeals,Position 1 Position 1,,Over Votes,0
Coos,Precinct 8,Judge of the Court of Appeals,Position 1 Position 1,,Over Votes,1
Coos,Precinct 9,Judge of the Court of Appeals,Position 1 Position 1,,Over Votes,0
Coos,Precinct 1,Judge of the Court of Appeals,Position 1 Position 1,,Ryan T. O'Connor,498
Coos,Precinct 10,Judge of the Court of Appeals,Position 1 Position 1,,Ryan T. O'Connor,709
Coos,Precinct 11,Judge of the Court of Appeals,Position 1 Position 1,,Ryan T. O'Connor,578
Coos,Precinct 12,Judge of the Court of Appeals,Position 1 Position 1,,Ryan T. O'Connor,630
Coos,Precinct 14,Judge of the Court of Appeals,Position 1 Position 1,,Ryan T. O'Connor,469
Coos,Precinct 15,Judge of the Court of Appeals,Position 1 Position 1,,Ryan T. O'Connor,153
Coos,Precinct 16,Judge of the Court of Appeals,Position 1 Position 1,,Ryan T. O'Connor,695
Coos,Precinct 17,Judge of the Court of Appeals,Position 1 Position 1,,Ryan T. O'Connor,788
Coos,Precinct 18,Judge of the Court of Appeals,Position 1 Position 1,,Ryan T. O'Connor,105
Coos,Precinct 2,Judge of the Court of Appeals,Position 1 Position 1,,Ryan T. O'Connor,916
Coos,Precinct 3,Judge of the Court of Appeals,Position 1 Position 1,,Ryan T. O'Connor,1034
Coos,Precinct 4,Judge of the Court of Appeals,Position 1 Position 1,,Ryan T. O'Connor,674
Coos,Precinct 5,Judge of the Court of Appeals,Position 1 Position 1,,Ryan T. O'Connor,1130
Coos,Precinct 6,Judge of the Court of Appeals,Position 1 Position 1,,Ryan T. O'Connor,672
Coos,Precinct 7,Judge of the Court of Appeals,Position 1 Position 1,,Ryan T. O'Connor,671
Coos,Precinct 8,Judge of the Court of Appeals,Position 1 Position 1,,Ryan T. O'Connor,1027
Coos,Precinct 9,Judge of the Court of Appeals,Position 1 Position 1,,Ryan T. O'Connor,73
Coos,Precinct 12,Judge of the Court of Appeals,Position 1 Position 1,,Under Votes,565
Coos,Precinct 14,Judge of the Court of Appeals,Position 1 Position 1,,Under Votes,549
Coos,Precinct 15,Judge of the Court of Appeals,Position 1 Position 1,,Under Votes,149
Coos,Precinct 16,Judge of the Court of Appeals,Position 1 Position 1,,Under Votes,636
Coos,Precinct 17,Judge of the Court of Appeals,Position 1 Position 1,,Under Votes,862
Coos,Precinct 18,Judge of the Court of Appeals,Position 1 Position 1,,Under Votes,117
Coos,Precinct 3,Judge of the Court of Appeals,Position 1 Position 1,,Under Votes,798
Coos,Precinct 4,Judge of the Court of Appeals,Position 1 Position 1,,Under Votes,626
Coos,Precinct 5,Judge of the Court of Appeals,Position 1 Position 1,,Under Votes,851
Coos,Precinct 7,Judge of the Court of Appeals,Position 1 Position 1,,Under Votes,672
Coos,Precinct 8,Judge of the Court of Appeals,Position 1 Position 1,,Under Votes,935
Coos,Precinct 9,Judge of the Court of Appeals,Position 1 Position 1,,Under Votes,102
Coos,Precinct 1,Judge of the Court of Appeals,Position 1 Position 1,,Write-ins,6
Coos,Precinct 10,Judge of the Court of Appeals,Position 1 Position 1,,Write-ins,18
Coos,Precinct 11,Judge of the Court of Appeals,Position 1 Position 1,,Write-ins,21
Coos,Precinct 12,Judge of the Court of Appeals,Position 1 Position 1,,Write-ins,12
Coos,Precinct 14,Judge of the Court of Appeals,Position 1 Position 1,,Write-ins,16
Coos,Precinct 15,Judge of the Court of Appeals,Position 1 Position 1,,Write-ins,6
Coos,Precinct 16,Judge of the Court of Appeals,Position 1 Position 1,,Write-ins,8
Coos,Precinct 17,Judge of the Court of Appeals,Position 1 Position 1,,Write-ins,16
Coos,Precinct 18,Judge of the Court of Appeals,Position 1 Position 1,,Write-ins,2
Coos,Precinct 2,Judge of the Court of Appeals,Position 1 Position 1,,Write-ins,22
Coos,Precinct 3,Judge of the Court of Appeals,Position 1 Position 1,,Write-ins,14
Coos,Precinct 4,Judge of the Court of Appeals,Position 1 Position 1,,Write-ins,9
Coos,Precinct 5,Judge of the Court of Appeals,Position 1 Position 1,,Write-ins,28
Coos,Precinct 6,Judge of the Court of Appeals,Position 1 Position 1,,Write-ins,8
Coos,Precinct 7,Judge of the Court of Appeals,Position 1 Position 1,,Write-ins,13
Coos,Precinct 8,Judge of the Court of Appeals,Position 1 Position 1,,Write-ins,17
Coos,Precinct 9,Judge of the Court of Appeals,Position 1 Position 1,,Write-ins,0
Coos,Precinct 1,Judge of the Court of Appeals,Position 12 Position 12,,Erin C. Lagesen,488
Coos,Precinct 10,Judge of the Court of Appeals,Position 12 Position 12,,Erin C. Lagesen,692
Coos,Precinct 11,Judge of the Court of Appeals,Position 12 Position 12,,Erin C. Lagesen,577
Coos,Precinct 13,Judge of the Court of Appeals,Position 12 Position 12,,Erin C. Lagesen,422
Coos,Precinct 14,Judge of the Court of Appeals,Position 12 Position 12,,Erin C. Lagesen,468
Coos,Precinct 15,Judge of the Court of Appeals,Position 12 Position 12,,Erin C. Lagesen,152
Coos,Precinct 16,Judge of the Court of Appeals,Position 12 Position 12,,Erin C. Lagesen,696
Coos,Precinct 17,Judge of the Court of Appeals,Position 12 Position 12,,Erin C. Lagesen,787
Coos,Precinct 18,Judge of the Court of Appeals,Position 12 Position 12,,Erin C. Lagesen,98
Coos,Precinct 2,Judge of the Court of Appeals,Position 12 Position 12,,Erin C. Lagesen,920
Coos,Precinct 3,Judge of the Court of Appeals,Position 12 Position 12,,Erin C. Lagesen,1020
Coos,Precinct 4,Judge of the Court of Appeals,Position 12 Position 12,,Erin C. Lagesen,665
Coos,Precinct 5,Judge of the Court of Appeals,Position 12 Position 12,,Erin C. Lagesen,1119
Coos,Precinct 6,Judge of the Court of Appeals,Position 12 Position 12,,Erin C. Lagesen,669
Coos,Precinct 7,Judge of the Court of Appeals,Position 12 Position 12,,Erin C. Lagesen,664
Coos,Precinct 8,Judge of the Court of Appeals,Position 12 Position 12,,Erin C. Lagesen,1015
Coos,Precinct 9,Judge of the Court of Appeals,Position 12 Position 12,,Erin C. Lagesen,73
Coos,Precinct 1,Judge of the Court of Appeals,Position 12 Position 12,,Over Votes,0
Coos,Precinct 10,Judge of the Court of Appeals,Position 12 Position 12,,Over Votes,0
Coos,Precinct 11,Judge of the Court of Appeals,Position 12 Position 12,,Over Votes,0
Coos,Precinct 14,Judge of the Court of Appeals,Position 12 Position 12,,Over Votes,0
Coos,Precinct 15,Judge of the Court of Appeals,Position 12 Position 12,,Over Votes,0
Coos,Precinct 16,Judge of the Court of Appeals,Position 12 Position 12,,Over Votes,0
Coos,Precinct 17,Judge of the Court of Appeals,Position 12 Position 12,,Over Votes,0
Coos,Precinct 18,Judge of the Court of Appeals,Position 12 Position 12,,Over Votes,0
Coos,Precinct 4,Judge of the Court of Appeals,Position 12 Position 12,,Over Votes,0
Coos,Precinct 5,Judge of the Court of Appeals,Position 12 Position 12,,Over Votes,0
Coos,Precinct 6,Judge of the Court of Appeals,Position 12 Position 12,,Over Votes,1
Coos,Precinct 7,Judge of the Court of Appeals,Position 12 Position 12,,Over Votes,0
Coos,Precinct 8,Judge of the Court of Appeals,Position 12 Position 12,,Over Votes,0
Coos,Precinct 9,Judge of the Court of Appeals,Position 12 Position 12,,Over Votes,0
Coos,Precinct 1,Judge of the Court of Appeals,Position 12 Position 12,,Under Votes,464
Coos,Precinct 10,Judge of the Court of Appeals,Position 12 Position 12,,Under Votes,813
Coos,Precinct 11,Judge of the Court of Appeals,Position 12 Position 12,,Under Votes,610
Coos,Precinct 14,Judge of the Court of Appeals,Position 12 Position 12,,Under Votes,552
Coos,Precinct 15,Judge of the Court of Appeals,Position 12 Position 12,,Under Votes,149
Coos,Precinct 16,Judge of the Court of Appeals,Position 12 Position 12,,Under Votes,636
Coos,Precinct 17,Judge of the Court of Appeals,Position 12 Position 12,,Under Votes,865
Coos,Precinct 18,Judge of the Court of Appeals,Position 12 Position 12,,Under Votes,124
Coos,Precinct 4,Judge of the Court of Appeals,Position 12 Position 12,,Under Votes,633
Coos,Precinct 5,Judge of the Court of Appeals,Position 12 Position 12,,Under Votes,863
Coos,Precinct 6,Judge of the Court of Appeals,Position 12 Position 12,,Under Votes,549
Coos,Precinct 7,Judge of the Court of Appeals,Position 12 Position 12,,Under Votes,677
Coos,Precinct 8,Judge of the Court of Appeals,Position 12 Position 12,,Under Votes,949
Coos,Precinct 9,Judge of the Court of Appeals,Position 12 Position 12,,Under Votes,102
Coos,Precinct 1,Judge of the Court of Appeals,Position 12 Position 12,,Write-ins,7
Coos,Precinct 10,Judge of the Court of Appeals,Position 12 Position 12,,Write-ins,20
Coos,Precinct 11,Judge of the Court of Appeals,Position 12 Position 12,,Write-ins,18
Coos,Precinct 13,Judge of the Court of Appeals,Position 12 Position 12,,Write-ins,12
Coos,Precinct 14,Judge of the Court of Appeals,Position 12 Position 12,,Write-ins,14
Coos,Precinct 15,Judge of the Court of Appeals,Position 12 Position 12,,Write-ins,7
Coos,Precinct 16,Judge of the Court of Appeals,Position 12 Position 12,,Write-ins,7
Coos,Precinct 17,Judge of the Court of Appeals,Position 12 Position 12,,Write-ins,14
Coos,Precinct 18,Judge of the Court of Appeals,Position 12 Position 12,,Write-ins,2
Coos,Precinct 2,Judge of the Court of Appeals,Position 12 Position 12,,Write-ins,23
Coos,Precinct 3,Judge of the Court of Appeals,Position 12 Position 12,,Write-ins,17
Coos,Precinct 4,Judge of the Court of Appeals,Position 12 Position 12,,Write-ins,11
Coos,Precinct 5,Judge of the Court of Appeals,Position 12 Position 12,,Write-ins,27
Coos,Precinct 6,Judge of the Court of Appeals,Position 12 Position 12,,Write-ins,9
Coos,Precinct 7,Judge of the Court of Appeals,Position 12 Position 12,,Write-ins,15
Coos,Precinct 8,Judge of the Court of Appeals,Position 12 Position 12,,Write-ins,16
Coos,Precinct 9,Judge of the Court of Appeals,Position 12 Position 12,,Write-ins,0
Coos,Precinct 1,Judge of the Court of Appeals,Position 13 Position 13,,Doug Tookey,481
Coos,Precinct 10,Judge of the Court of Appeals,Position 13 Position 13,,Doug Tookey,688
Coos,Precinct 11,Judge of the Court of Appeals,Position 13 Position 13,,Doug Tookey,575
Coos,Precinct 14,Judge of the Court of Appeals,Position 13 Position 13,,Doug Tookey,460
Coos,Precinct 15,Judge of the Court of Appeals,Position 13 Position 13,,Doug Tookey,152
Coos,Precinct 16,Judge of the Court of Appeals,Position 13 Position 13,,Doug Tookey,689
Coos,Precinct 17,Judge of the Court of Appeals,Position 13 Position 13,,Doug Tookey,783
Coos,Precinct 18,Judge of the Court of Appeals,Position 13 Position 13,,Doug Tookey,93
Coos,Precinct 2,Judge of the Court of Appeals,Position 13 Position 13,,Doug Tookey,923
Coos,Precinct 3,Judge of the Court of Appeals,Position 13 Position 13,,Doug Tookey,1015
Coos,Precinct 5,Judge of the Court of Appeals,Position 13 Position 13,,Doug Tookey,1106
Coos,Precinct 6,Judge of the Court of Appeals,Position 13 Position 13,,Doug Tookey,661
Coos,Precinct 7,Judge of the Court of Appeals,Position 13 Position 13,,Doug Tookey,661
Coos,Precinct 8,Judge of the Court of Appeals,Position 13 Position 13,,Doug Tookey,1019
Coos,Precinct 9,Judge of the Court of Appeals,Position 13 Position 13,,Doug Tookey,72
Coos,Precinct 1,Judge of the Court of Appeals,Position 13 Position 13,,Over Votes,0
Coos,Precinct 10,Judge of the Court of Appeals,Position 13 Position 13,,Over Votes,0
Coos,Precinct 11,Judge of the Court of Appeals,Position 13 Position 13,,Over Votes,0
Coos,Precinct 14,Judge of the Court of Appeals,Position 13 Position 13,,Over Votes,0
Coos,Precinct 15,Judge of the Court of Appeals,Position 13 Position 13,,Over Votes,0
Coos,Precinct 17,Judge of the Court of Appeals,Position 13 Position 13,,Over Votes,0
Coos,Precinct 18,Judge of the Court of Appeals,Position 13 Position 13,,Over Votes,0
Coos,Precinct 2,Judge of the Court of Appeals,Position 13 Position 13,,Over Votes,0
Coos,Precinct 3,Judge of the Court of Appeals,Position 13 Position 13,,Over Votes,0
Coos,Precinct 5,Judge of the Court of Appeals,Position 13 Position 13,,Over Votes,0
Coos,Precinct 6,Judge of the Court of Appeals,Position 13 Position 13,,Over Votes,1
Coos,Precinct 7,Judge of the Court of Appeals,Position 13 Position 13,,Over Votes,0
Coos,Precinct 8,Judge of the Court of Appeals,Position 13 Position 13,,Over Votes,0
Coos,Precinct 9,Judge of the Court of Appeals,Position 13 Position 13,,Over Votes,0
Coos,Precinct 1,Judge of the Court of Appeals,Position 13 Position 13,,Under Votes,470
Coos,Precinct 10,Judge of the Court of Appeals,Position 13 Position 13,,Under Votes,816
Coos,Precinct 11,Judge of the Court of Appeals,Position 13 Position 13,,Under Votes,613
Coos,Precinct 14,Judge of the Court of Appeals,Position 13 Position 13,,Under Votes,558
Coos,Precinct 15,Judge of the Court of Appeals,Position 13 Position 13,,Under Votes,149
Coos,Precinct 17,Judge of the Court of Appeals,Position 13 Position 13,,Under Votes,870
Coos,Precinct 18,Judge of the Court of Appeals,Position 13 Position 13,,Under Votes,129
Coos,Precinct 2,Judge of the Court of Appeals,Position 13 Position 13,,Under Votes,931
Coos,Precinct 3,Judge of the Court of Appeals,Position 13 Position 13,,Under Votes,817
Coos,Precinct 5,Judge of the Court of Appeals,Position 13 Position 13,,Under Votes,875
Coos,Precinct 6,Judge of the Court of Appeals,Position 13 Position 13,,Under Votes,558
Coos,Precinct 7,Judge of the Court of Appeals,Position 13 Position 13,,Under Votes,682
Coos,Precinct 8,Judge of the Court of Appeals,Position 13 Position 13,,Under Votes,945
Coos,Precinct 9,Judge of the Court of Appeals,Position 13 Position 13,,Under Votes,103
Coos,Precinct 1,Judge of the Court of Appeals,Position 13 Position 13,,Write-ins,8
Coos,Precinct 10,Judge of the Court of Appeals,Position 13 Position 13,,Write-ins,21
Coos,Precinct 11,Judge of the Court of Appeals,Position 13 Position 13,,Write-ins,17
Coos,Precinct 14,Judge of the Court of Appeals,Position 13 Position 13,,Write-ins,16
Coos,Precinct 15,Judge of the Court of Appeals,Position 13 Position 13,,Write-ins,7
Coos,Precinct 17,Judge of the Court of Appeals,Position 13 Position 13,,Write-ins,13
Coos,Precinct 18,Judge of the Court of Appeals,Position 13 Position 13,,Write-ins,2
Coos,Precinct 2,Judge of the Court of Appeals,Position 13 Position 13,,Write-ins,20
Coos,Precinct 3,Judge of the Court of Appeals,Position 13 Position 13,,Write-ins,14
Coos,Precinct 5,Judge of the Court of Appeals,Position 13 Position 13,,Write-ins,28
Coos,Precinct 6,Judge of the Court of Appeals,Position 13 Position 13,,Write-ins,8
Coos,Precinct 7,Judge of the Court of Appeals,Position 13 Position 13,,Write-ins,13
Coos,Precinct 8,Judge of the Court of Appeals,Position 13 Position 13,,Write-ins,16
Coos,Precinct 9,Judge of the Court of Appeals,Position 13 Position 13,,Write-ins,0
Coos,Precinct 4,Judge of the Court of Appeals,Position 9,,Doug Tockey,650
Coos,Precinct 4,Judge of the Court of Appeals,Position 9,,Over Votes,0
Coos,Precinct 4,Judge of the Court of Appeals,Position 9,,Under Votes,650
Coos,Precinct 4,Judge of the Court of Appeals,Position 9,,Write-ins,9
Coos,Precinct 1,Judge of the Court of Appeals,Position 9 Position 9,,Jacqueline Kamins,490
Coos,Precinct 10,Judge of the Court of Appeals,Position 9 Position 9,,Jacqueline Kamins,691
Coos,Precinct 11,Judge of the Court of Appeals,Position 9 Position 9,,Jacqueline Kamins,580
Coos,Precinct 12,Judge of the Court of Appeals,Position 9 Position 9,,Jacqueline Kamins,631
Coos,Precinct 13,Judge of the Court of Appeals,Position 9 Position 9,,Jacqueline Kamins,425
Coos,Precinct 14,Judge of the Court of Appeals,Position 9 Position 9,,Jacqueline Kamins,465
Coos,Precinct 15,Judge of the Court of Appeals,Position 9 Position 9,,Jacqueline Kamins,152
Coos,Precinct 16,Judge of the Court of Appeals,Position 9 Position 9,,Jacqueline Kamins,693
Coos,Precinct 17,Judge of the Court of Appeals,Position 9 Position 9,,Jacqueline Kamins,781
Coos,Precinct 18,Judge of the Court of Appeals,Position 9 Position 9,,Jacqueline Kamins,104
Coos,Precinct 2,Judge of the Court of Appeals,Position 9 Position 9,,Jacqueline Kamins,917
Coos,Precinct 3,Judge of the Court of Appeals,Position 9 Position 9,,Jacqueline Kamins,1024
Coos,Precinct 4,Judge of the Court of Appeals,Position 9 Position 9,,Jacqueline Kamins,671
Coos,Precinct 5,Judge of the Court of Appeals,Position 9 Position 9,,Jacqueline Kamins,1131
Coos,Precinct 6,Judge of the Court of Appeals,Position 9 Position 9,,Jacqueline Kamins,671
Coos,Precinct 7,Judge of the Court of Appeals,Position 9 Position 9,,Jacqueline Kamins,668
Coos,Precinct 8,Judge of the Court of Appeals,Position 9 Position 9,,Jacqueline Kamins,1017
Coos,Precinct 9,Judge of the Court of Appeals,Position 9 Position 9,,Jacqueline Kamins,73
Coos,Precinct 1,Judge of the Court of Appeals,Position 9 Position 9,,Over Votes,0
Coos,Precinct 10,Judge of the Court of Appeals,Position 9 Position 9,,Over Votes,0
Coos,Precinct 11,Judge of the Court of Appeals,Position 9 Position 9,,Over Votes,0
Coos,Precinct 13,Judge of the Court of Appeals,Position 9 Position 9,,Over Votes,0
Coos,Precinct 14,Judge of the Court of Appeals,Position 9 Position 9,,Over Votes,0
Coos,Precinct 15,Judge of the Court of Appeals,Position 9 Position 9,,Over Votes,0
Coos,Precinct 16,Judge of the Court of Appeals,Position 9 Position 9,,Over Votes,0
Coos,Precinct 17,Judge of the Court of Appeals,Position 9 Position 9,,Over Votes,0
Coos,Precinct 18,Judge of the Court of Appeals,Position 9 Position 9,,Over Votes,0
Coos,Precinct 3,Judge of the Court of Appeals,Position 9 Position 9,,Over Votes,0
Coos,Precinct 4,Judge of the Court of Appeals,Position 9 Position 9,,Over Votes,0
Coos,Precinct 5,Judge of the Court of Appeals,Position 9 Position 9,,Over Votes,0
Coos,Precinct 6,Judge of the Court of Appeals,Position 9 Position 9,,Over Votes,0
Coos,Precinct 7,Judge of the Court of Appeals,Position 9 Position 9,,Over Votes,0
Coos,Precinct 8,Judge of the Court of Appeals,Position 9 Position 9,,Over Votes,0
Coos,Precinct 9,Judge of the Court of Appeals,Position 9 Position 9,,Over Votes,0
Coos,Precinct 1,Judge of the Court of Appeals,Position 9 Position 9,,Under Votes,460
Coos,Precinct 10,Judge of the Court of Appeals,Position 9 Position 9,,Under Votes,811
Coos,Precinct 11,Judge of the Court of Appeals,Position 9 Position 9,,Under Votes,604
Coos,Precinct 13,Judge of the Court of Appeals,Position 9 Position 9,,Under Votes,335
Coos,Precinct 14,Judge of the Court of Appeals,Position 9 Position 9,,Under Votes,553
Coos,Precinct 15,Judge of the Court of Appeals,Position 9 Position 9,,Under Votes,148
Coos,Precinct 16,Judge of the Court of Appeals,Position 9 Position 9,,Under Votes,637
Coos,Precinct 17,Judge of the Court of Appeals,Position 9 Position 9,,Under Votes,870
Coos,Precinct 18,Judge of the Court of Appeals,Position 9 Position 9,,Under Votes,118
Coos,Precinct 3,Judge of the Court of Appeals,Position 9 Position 9,,Under Votes,804
Coos,Precinct 4,Judge of the Court of Appeals,Position 9 Position 9,,Under Votes,629
Coos,Precinct 5,Judge of the Court of Appeals,Position 9 Position 9,,Under Votes,850
Coos,Precinct 6,Judge of the Court of Appeals,Position 9 Position 9,,Under Votes,548
Coos,Precinct 7,Judge of the Court of Appeals,Position 9 Position 9,,Under Votes,672
Coos,Precinct 8,Judge of the Court of Appeals,Position 9 Position 9,,Under Votes,942
Coos,Precinct 9,Judge of the Court of Appeals,Position 9 Position 9,,Under Votes,102
Coos,Precinct 1,Judge of the Court of Appeals,Position 9 Position 9,,Write-ins,9
Coos,Precinct 10,Judge of the Court of Appeals,Position 9 Position 9,,Write-ins,23
Coos,Precinct 11,Judge of the Court of Appeals,Position 9 Position 9,,Write-ins,21
Coos,Precinct 12,Judge of the Court of Appeals,Position 9 Position 9,,Write-ins,10
Coos,Precinct 13,Judge of the Court of Appeals,Position 9 Position 9,,Write-ins,12
Coos,Precinct 14,Judge of the Court of Appeals,Position 9 Position 9,,Write-ins,16
Coos,Precinct 15,Judge of the Court of Appeals,Position 9 Position 9,,Write-ins,8
Coos,Precinct 16,Judge of the Court of Appeals,Position 9 Position 9,,Write-ins,9
Coos,Precinct 17,Judge of the Court of Appeals,Position 9 Position 9,,Write-ins,15
Coos,Precinct 18,Judge of the Court of Appeals,Position 9 Position 9,,Write-ins,2
Coos,Precinct 2,Judge of the Court of Appeals,Position 9 Position 9,,Write-ins,26
Coos,Precinct 3,Judge of the Court of Appeals,Position 9 Position 9,,Write-ins,18
Coos,Precinct 4,Judge of the Court of Appeals,Position 9 Position 9,,Write-ins,9
Coos,Precinct 5,Judge of the Court of Appeals,Position 9 Position 9,,Write-ins,28
Coos,Precinct 6,Judge of the Court of Appeals,Position 9 Position 9,,Write-ins,9
Coos,Precinct 7,Judge of the Court of Appeals,Position 9 Position 9,,Write-ins,16
Coos,Precinct 8,Judge of the Court of Appeals,Position 9 Position 9,,Write-ins,21
Coos,Precinct 9,Judge of the Court of Appeals,Position 9 Position 9,,Write-ins,0
Coos,Precinct 1,Judge of the Supreme Court,Position 4,,Christopher L. Garrett,489
Coos,Precinct 10,Judge of the Supreme Court,Position 4,,Christopher L. Garrett,709
Coos,Precinct 11,Judge of the Supreme Court,Position 4,,Christopher L. Garrett,590
Coos,Precinct 12,Judge of the Supreme Court,Position 4,,Christopher L. Garrett,643
Coos,Precinct 13,Judge of the Supreme Court,Position 4,,Christopher L. Garrett,420
Coos,Precinct 14,Judge of the Supreme Court,Position 4,,Christopher L. Garrett,479
Coos,Precinct 15,Judge of the Supreme Court,Position 4,,Christopher L. Garrett,150
Coos,Precinct 16,Judge of the Supreme Court,Position 4,,Christopher L. Garrett,698
Coos,Precinct 17,Judge of the Supreme Court,Position 4,,Christopher L. Garrett,791
Coos,Precinct 18,Judge of the Supreme Court,Position 4,,Christopher L. Garrett,103
Coos,Precinct 2,Judge of the Supreme Court,Position 4,,Christopher L. Garrett,920
Coos,Precinct 3,Judge of the Supreme Court,Position 4,,Christopher L. Garrett,1032
Coos,Precinct 4,Judge of the Supreme Court,Position 4,,Christopher L. Garrett,672
Coos,Precinct 5,Judge of the Supreme Court,Position 4,,Christopher L. Garrett,1127
Coos,Precinct 6,Judge of the Supreme Court,Position 4,,Christopher L. Garrett,676
Coos,Precinct 7,Judge of the Supreme Court,Position 4,,Christopher L. Garrett,680
Coos,Precinct 8,Judge of the Supreme Court,Position 4,,Christopher L. Garrett,1024
Coos,Precinct 9,Judge of the Supreme Court,Position 4,,Christopher L. Garrett,76
Coos,Precinct 1,Judge of the Supreme Court,Position 4,,Over Votes,0
Coos,Precinct 10,Judge of the Supreme Court,Position 4,,Over Votes,0
Coos,Precinct 11,Judge of the Supreme Court,Position 4,,Over Votes,0
Coos,Precinct 12,Judge of the Supreme Court,Position 4,,Over Votes,0
Coos,Precinct 13,Judge of the Supreme Court,Position 4,,Over Votes,0
Coos,Precinct 14,Judge of the Supreme Court,Position 4,,Over Votes,0
Coos,Precinct 15,Judge of the Supreme Court,Position 4,,Over Votes,0
Coos,Precinct 16,Judge of the Supreme Court,Position 4,,Over Votes,0
Coos,Precinct 17,Judge of the Supreme Court,Position 4,,Over Votes,0
Coos,Precinct 18,Judge of the Supreme Court,Position 4,,Over Votes,0
Coos,Precinct 3,Judge of the Supreme Court,Position 4,,Over Votes,0
Coos,Precinct 4,Judge of the Supreme Court,Position 4,,Over Votes,0
Coos,Precinct 5,Judge of the Supreme Court,Position 4,,Over Votes,0
Coos,Precinct 6,Judge of the Supreme Court,Position 4,,Over Votes,0
Coos,Precinct 7,Judge of the Supreme Court,Position 4,,Over Votes,0
Coos,Precinct 8,Judge of the Supreme Court,Position 4,,Over Votes,0
Coos,Precinct 9,Judge of the Supreme Court,Position 4,,Over Votes,0
Coos,Precinct 1,Judge of the Supreme Court,Position 4,,Under Votes,461
Coos,Precinct 10,Judge of the Supreme Court,Position 4,,Under Votes,781
Coos,Precinct 11,Judge of the Supreme Court,Position 4,,Under Votes,597
Coos,Precinct 12,Judge of the Supreme Court,Position 4,,Under Votes,551
Coos,Precinct 13,Judge of the Supreme Court,Position 4,,Under Votes,336
Coos,Precinct 14,Judge of the Supreme Court,Position 4,,Under Votes,533
Coos,Precinct 15,Judge of the Supreme Court,Position 4,,Under Votes,150
Coos,Precinct 16,Judge of the Supreme Court,Position 4,,Under Votes,628
Coos,Precinct 17,Judge of the Supreme Court,Position 4,,Under Votes,854
Coos,Precinct 18,Judge of the Supreme Court,Position 4,,Under Votes,119
Coos,Precinct 3,Judge of the Supreme Court,Position 4,,Under Votes,791
Coos,Precinct 4,Judge of the Supreme Court,Position 4,,Under Votes,620
Coos,Precinct 5,Judge of the Supreme Court,Position 4,,Under Votes,850
Coos,Precinct 6,Judge of the Supreme Court,Position 4,,Under Votes,533
Coos,Precinct 7,Judge of the Supreme Court,Position 4,,Under Votes,656
Coos,Precinct 8,Judge of the Supreme Court,Position 4,,Under Votes,919
Coos,Precinct 9,Judge of the Supreme Court,Position 4,,Under Votes,97
Coos,Precinct 1,Judge of the Supreme Court,Position 4,,Write-ins,9
Coos,Precinct 10,Judge of the Supreme Court,Position 4,,Write-ins,35
Coos,Precinct 11,Judge of the Supreme Court,Position 4,,Write-ins,18
Coos,Precinct 12,Judge of the Supreme Court,Position 4,,Write-ins,13
Coos,Precinct 13,Judge of the Supreme Court,Position 4,,Write-ins,16
Coos,Precinct 14,Judge of the Supreme Court,Position 4,,Write-ins,22
Coos,Precinct 15,Judge of the Supreme Court,Position 4,,Write-ins,8
Coos,Precinct 16,Judge of the Supreme Court,Position 4,,Write-ins,13
Coos,Precinct 17,Judge of the Supreme Court,Position 4,,Write-ins,21
Coos,Precinct 18,Judge of the Supreme Court,Position 4,,Write-ins,2
Coos,Precinct 2,Judge of the Supreme Court,Position 4,,Write-ins,31
Coos,Precinct 3,Judge of the Supreme Court,Position 4,,Write-ins,23
Coos,Precinct 4,Judge of the Supreme Court,Position 4,,Write-ins,17
Coos,Precinct 5,Judge of the Supreme Court,Position 4,,Write-ins,32
Coos,Precinct 6,Judge of the Supreme Court,Position 4,,Write-ins,19
Coos,Precinct 7,Judge of the Supreme Court,Position 4,,Write-ins,20
Coos,Precinct 8,Judge of the Supreme Court,Position 4,,Write-ins,37
Coos,Precinct 9,Judge of the Supreme Court,Position 4,,Write-ins,2
Coos,Precinct 1,Labor Commissioner,,,Chris Lynch,386
Coos,Precinct 10,Labor Commissioner,,,Chris Lynch,539
Coos,Precinct 11,Labor Commissioner,,,Chris Lynch,471
Coos,Precinct 12,Labor Commissioner,,,Chris Lynch,375
Coos,Precinct 13,Labor Commissioner,,,Chris Lynch,313
Coos,Precinct 14,Labor Commissioner,,,Chris Lynch,421
Coos,Precinct 15,Labor Commissioner,,,Chris Lynch,107
Coos,Precinct 16,Labor Commissioner,,,Chris Lynch,381
Coos,Precinct 17,Labor Commissioner,,,Chris Lynch,531
Coos,Precinct 18,Labor Commissioner,,,Chris Lynch,65
Coos,Precinct 2,Labor Commissioner,,,Chris Lynch,687
Coos,Precinct 3,Labor Commissioner,,,Chris Lynch,598
Coos,Precinct 4,Labor Commissioner,,,Chris Lynch,399
Coos,Precinct 5,Labor Commissioner,,,Chris Lynch,658
Coos,Precinct 6,Labor Commissioner,,,Chris Lynch,367
Coos,Precinct 9,Labor Commissioner,,,Chris Lynch,52
Coos,Precinct 1,Labor Commissioner,,,Christina E. Stephenson,337
Coos,Precinct 10,Labor Commissioner,,,Christina E. Stephenson,543
Coos,Precinct 11,Labor Commissioner,,,Christina E. Stephenson,384
Coos,Precinct 12,Labor Commissioner,,,Christina E. Stephenson,483
Coos,Precinct 13,Labor Commissioner,,,Christina E. Stephenson,251
Coos,Precinct 14,Labor Commissioner,,,Christina E. Stephenson,310
Coos,Precinct 15,Labor Commissioner,,,Christina E. Stephenson,96
Coos,Precinct 16,Labor Commissioner,,,Christina E. Stephenson,617
Coos,Precinct 17,Labor Commissioner,,,Christina E. Stephenson,654
Coos,Precinct 18,Labor Commissioner,,,Christina E. Stephenson,90
Coos,Precinct 2,Labor Commissioner,,,Christina E. Stephenson,718
Coos,Precinct 3,Labor Commissioner,,,Christina E. Stephenson,782
Coos,Precinct 4,Labor Commissioner,,,Christina E. Stephenson,589
Coos,Precinct 5,Labor Commissioner,,,Christina E. Stephenson,882
Coos,Precinct 6,Labor Commissioner,,,Christina E. Stephenson,576
Coos,Precinct 9,Labor Commissioner,,,Christina E. Stephenson,85
Coos,Precinct 1,Labor Commissioner,,,Over Votes,0
Coos,Precinct 10,Labor Commissioner,,,Over Votes,0
Coos,Precinct 11,Labor Commissioner,,,Over Votes,2
Coos,Precinct 12,Labor Commissioner,,,Over Votes,0
Coos,Precinct 13,Labor Commissioner,,,Over Votes,0
Coos,Precinct 14,Labor Commissioner,,,Over Votes,0
Coos,Precinct 15,Labor Commissioner,,,Over Votes,0
Coos,Precinct 16,Labor Commissioner,,,Over Votes,0
Coos,Precinct 17,Labor Commissioner,,,Over Votes,0
Coos,Precinct 18,Labor Commissioner,,,Over Votes,0
Coos,Precinct 3,Labor Commissioner,,,Over Votes,1
Coos,Precinct 4,Labor Commissioner,,,Over Votes,0
Coos,Precinct 5,Labor Commissioner,,,Over Votes,0
Coos,Precinct 6,Labor Commissioner,,,Over Votes,0
Coos,Precinct 9,Labor Commissioner,,,Over Votes,0
Coos,Precinct 1,Labor Commissioner,,,Under Votes,234
Coos,Precinct 10,Labor Commissioner,,,Under Votes,436
Coos,Precinct 11,Labor Commissioner,,,Under Votes,343
Coos,Precinct 12,Labor Commissioner,,,Under Votes,344
Coos,Precinct 13,Labor Commissioner,,,Under Votes,204
Coos,Precinct 14,Labor Commissioner,,,Under Votes,300
Coos,Precinct 15,Labor Commissioner,,,Under Votes,104
Coos,Precinct 16,Labor Commissioner,,,Under Votes,336
Coos,Precinct 17,Labor Commissioner,,,Under Votes,470
Coos,Precinct 18,Labor Commissioner,,,Under Votes,68
Coos,Precinct 3,Labor Commissioner,,,Under Votes,459
Coos,Precinct 4,Labor Commissioner,,,Under Votes,318
Coos,Precinct 5,Labor Commissioner,,,Under Votes,460
Coos,Precinct 6,Labor Commissioner,,,Under Votes,281
Coos,Precinct 9,Labor Commissioner,,,Under Votes,38
Coos,Precinct 1,Labor Commissioner,,,Write-ins,2
Coos,Precinct 10,Labor Commissioner,,,Write-ins,7
Coos,Precinct 11,Labor Commissioner,,,Write-ins,5
Coos,Precinct 12,Labor Commissioner,,,Write-ins,5
Coos,Precinct 13,Labor Commissioner,,,Write-ins,4
Coos,Precinct 14,Labor Commissioner,,,Write-ins,3
Coos,Precinct 15,Labor Commissioner,,,Write-ins,1
Coos,Precinct 16,Labor Commissioner,,,Write-ins,5
Coos,Precinct 17,Labor Commissioner,,,Write-ins,11
Coos,Precinct 18,Labor Commissioner,,,Write-ins,1
Coos,Precinct 2,Labor Commissioner,,,Write-ins,3
Coos,Precinct 3,Labor Commissioner,,,Write-ins,6
Coos,Precinct 4,Labor Commissioner,,,Write-ins,3
Coos,Precinct 5,Labor Commissioner,,,Write-ins,9
Coos,Precinct 6,Labor Commissioner,,,Write-ins,4
Coos,Precinct 9,Labor Commissioner,,,Write-ins,0
Coos,Precinct 1,Measure 120,,,No,876
Coos,Precinct 10,Measure 120,,,No,1366
Coos,Precinct 11,Measure 120,,,No,1101
Coos,Precinct 12,Measure 120,,,No,1075
Coos,Precinct 13,Measure 120,,,No,710
Coos,Precinct 14,Measure 120,,,No,964
Coos,Precinct 15,Measure 120,,,No,287
Coos,Precinct 16,Measure 120,,,No,1060
Coos,Precinct 17,Measure 120,,,No,1430
Coos,Precinct 18,Measure 120,,,No,192
Coos,Precinct 2,Measure 120,,,No,1630
Coos,Precinct 3,Measure 120,,,No,2502
Coos,Precinct 4,Measure 120,,,No,2448
Coos,Precinct 5,Measure 120,,,No,1754
Coos,Precinct 6,Measure 120,,,No,961
Coos,Precinct 7,Measure 120,,,No,1135
Coos,Precinct 8,Measure 120,,,No,1750
Coos,Precinct 9,Measure 120,,,No,150
Coos,Precinct 1,Measure 120,,,Over Votes,0
Coos,Precinct 10,Measure 120,,,Over Votes,0
Coos,Precinct 11,Measure 120,,,Over Votes,0
Coos,Precinct 12,Measure 120,,,Over Votes,0
Coos,Precinct 13,Measure 120,,,Over Votes,0
Coos,Precinct 14,Measure 120,,,Over Votes,0
Coos,Precinct 15,Measure 120,,,Over Votes,0
Coos,Precinct 16,Measure 120,,,Over Votes,0
Coos,Precinct 17,Measure 120,,,Over Votes,0
Coos,Precinct 18,Measure 120,,,Over Votes,0
Coos,Precinct 2,Measure 120,,,Over Votes,0
Coos,Precinct 3,Measure 120,,,Over Votes,0
Coos,Precinct 4,Measure 120,,,Over Votes,0
Coos,Precinct 5,Measure 120,,,Over Votes,0
Coos,Precinct 7,Measure 120,,,Over Votes,0
Coos,Precinct 8,Measure 120,,,Over Votes,0
Coos,Precinct 9,Measure 120,,,Over Votes,0
Coos,Precinct 1,Measure 120,,,Under Votes,36
Coos,Precinct 10,Measure 120,,,Under Votes,29
Coos,Precinct 11,Measure 120,,,Under Votes,38
Coos,Precinct 12,Measure 120,,,Under Votes,36
Coos,Precinct 13,Measure 120,,,Under Votes,26
Coos,Precinct 14,Measure 120,,,Under Votes,32
Coos,Precinct 15,Measure 120,,,Under Votes,8
Coos,Precinct 16,Measure 120,,,Under Votes,58
Coos,Precinct 17,Measure 120,,,Under Votes,61
Coos,Precinct 18,Measure 120,,,Under Votes,8
Coos,Precinct 2,Measure 120,,,Under Votes,49
Coos,Precinct 3,Measure 120,,,Under Votes,31
Coos,Precinct 4,Measure 120,,,Under Votes,161
Coos,Precinct 5,Measure 120,,,Under Votes,69
Coos,Precinct 7,Measure 120,,,Under Votes,45
Coos,Precinct 8,Measure 120,,,Under Votes,59
Coos,Precinct 9,Measure 120,,,Under Votes,4
Coos,Precinct 1,Measure 120,,,Yes,47
Coos,Precinct 10,Measure 120,,,Yes,130
Coos,Precinct 11,Measure 120,,,Yes,66
Coos,Precinct 12,Measure 120,,,Yes,96
Coos,Precinct 13,Measure 120,,,Yes,36
Coos,Precinct 14,Measure 120,,,Yes,38
Coos,Precinct 15,Measure 120,,,Yes,13
Coos,Precinct 16,Measure 120,,,Yes,221
Coos,Precinct 17,Measure 120,,,Yes,175
Coos,Precinct 18,Measure 120,,,Yes,24
Coos,Precinct 2,Measure 120,,,Yes,195
Coos,Precinct 3,Measure 120,,,Yes,1116
Coos,Precinct 4,Measure 120,,,Yes,1318
Coos,Precinct 5,Measure 120,,,Yes,278
Coos,Precinct 6,Measure 120,,,Yes,236
Coos,Precinct 7,Measure 120,,,Yes,176
Coos,Precinct 8,Measure 120,,,Yes,171
Coos,Precinct 9,Measure 120,,,Yes,21
Coos,Precinct 1,Registered Voters,,,,372
Coos,Precinct 10,Registered Voters,,,,590
Coos,Precinct 11,Registered Voters,,,,413
Coos,Precinct 12,Registered Voters,,,,413
Coos,Precinct 13,Registered Voters,,,,302
Coos,Precinct 14,Registered Voters,,,,274
Coos,Precinct 15,Registered Voters,,,,2122
Coos,Precinct 16,Registered Voters,,,,744
Coos,Precinct 17,Registered Voters,,,,693
Coos,Precinct 18,Registered Voters,,,,100
Coos,Precinct 2,Registered Voters,,,,1350
Coos,Precinct 3,Registered Voters,,,,990
Coos,Precinct 4,Registered Voters,,,,834
Coos,Precinct 5,Registered Voters,,,,1157
Coos,Precinct 6,Registered Voters,,,,778
Coos,Precinct 7,Registered Voters,,,,866
Coos,Precinct 8,Registered Voters,,,,996
Coos,Precinct 9,Registered Voters,,,,125
Coos,Precinct 10,State House,1,D,Bret Cecil,221
Coos,Precinct 11,State House,1,D,Bret Cecil,168
Coos,Precinct 12,State House,1,D,Bret Cecil,223
Coos,Precinct 13,State House,1,D,Bret Cecil,117
Coos,Precinct 14,State House,1,D,Bret Cecil,111
Coos,Precinct 15,State House,1,D,Bret Cecil,36
Coos,Precinct 16,State House,1,D,Bret Cecil,370
Coos,Precinct 17,State House,1,D,Bret Cecil,352
Coos,Precinct 18,State House,1,D,Bret Cecil,44
Coos,Precinct 10,State House,1,D,Over Votes,0
Coos,Precinct 11,State House,1,D,Over Votes,0
Coos,Precinct 12,State House,1,D,Over Votes,0
Coos,Precinct 13,State House,1,D,Over Votes,0
Coos,Precinct 14,State House,1,D,Over Votes,0
Coos,Precinct 15,State House,1,D,Over Votes,0
Coos,Precinct 16,State House,1,D,Over Votes,0
Coos,Precinct 17,State House,1,D,Over Votes,0
Coos,Precinct 18,State House,1,D,Over Votes,0
Coos,Precinct 10,State House,1,D,Under Votes,147
Coos,Precinct 11,State House,1,D,Under Votes,77
Coos,Precinct 12,State House,1,D,Under Votes,118
Coos,Precinct 13,State House,1,D,Under Votes,43
Coos,Precinct 14,State House,1,D,Under Votes,68
Coos,Precinct 15,State House,1,D,Under Votes,26
Coos,Precinct 16,State House,1,D,Under Votes,153
Coos,Precinct 17,State House,1,D,Under Votes,158
Coos,Precinct 18,State House,1,D,Under Votes,15
Coos,Precinct 10,State House,1,D,Write-ins,8
Coos,Precinct 11,State House,1,D,Write-ins,7
Coos,Precinct 12,State House,1,D,Write-ins,8
Coos,Precinct 13,State House,1,D,Write-ins,5
Coos,Precinct 14,State House,1,D,Write-ins,4
Coos,Precinct 15,State House,1,D,Write-ins,3
Coos,Precinct 16,State House,1,D,Write-ins,2
Coos,Precinct 17,State House,1,D,Write-ins,5
Coos,Precinct 18,State House,1,D,Write-ins,1
Coos,Precinct 11,State House,1,R,Court Boice,421
Coos,Precinct 12,State House,1,R,Court Boice,370
Coos,Precinct 13,State House,1,R,Court Boice,286
Coos,Precinct 15,State House,1,R,Court Boice,106
Coos,Precinct 16,State House,1,R,Court Boice,327
Coos,Precinct 10,State House,1,R,Court Bolce,489
Coos,Precinct 10,State House,1,R,Over Votes,0
Coos,Precinct 11,State House,1,R,Over Votes,0
Coos,Precinct 12,State House,1,R,Over Votes,0
Coos,Precinct 13,State House,1,R,Over Votes,0
Coos,Precinct 15,State House,1,R,Over Votes,0
Coos,Precinct 16,State House,1,R,Over Votes,0
Coos,Precinct 10,State House,1,R,Under Votes,287
Coos,Precinct 11,State House,1,R,Under Votes,234
Coos,Precinct 12,State House,1,R,Under Votes,163
Coos,Precinct 13,State House,1,R,Under Votes,114
Coos,Precinct 15,State House,1,R,Under Votes,48
Coos,Precinct 16,State House,1,R,Under Votes,122
Coos,Precinct 10,State House,1,R,Write-ins,9
Coos,Precinct 11,State House,1,R,Write-ins,7
Coos,Precinct 12,State House,1,R,Write-ins,3
Coos,Precinct 13,State House,1,R,Write-ins,6
Coos,Precinct 15,State House,1,R,Write-ins,0
Coos,Precinct 16,State House,1,R,Write-ins,1
Coos,Precinct 1,State House,9,D,John Ezra Scheirman,132
Coos,Precinct 2,State House,9,D,John Ezra Scheirman,317
Coos,Precinct 3,State House,9,D,John Ezra Scheirman,399
Coos,Precinct 4,State House,9,D,John Ezra Scheirman,326
Coos,Precinct 5,State House,9,D,John Ezra Scheirman,458
Coos,Precinct 6,State House,9,D,John Ezra Scheirman,308
Coos,Precinct 7,State House,9,D,John Ezra Scheirman,304
Coos,Precinct 8,State House,9,D,John Ezra Scheirman,353
Coos,Precinct 9,State House,9,D,John Ezra Scheirman,36
Coos,Precinct 1,State House,9,D,Over Votes,0
Coos,Precinct 3,State House,9,D,Over Votes,0
Coos,Precinct 4,State House,9,D,Over Votes,1
Coos,Precinct 5,State House,9,D,Over Votes,0
Coos,Precinct 6,State House,9,D,Over Votes,0
Coos,Precinct 7,State House,9,D,Over Votes,0
Coos,Precinct 8,State House,9,D,Over Votes,0
Coos,Precinct 9,State House,9,D,Over Votes,0
Coos,Precinct 1,State House,9,D,Under Votes,75
Coos,Precinct 3,State House,9,D,Under Votes,207
Coos,Precinct 4,State House,9,D,Under Votes,203
Coos,Precinct 5,State House,9,D,Under Votes,217
Coos,Precinct 6,State House,9,D,Under Votes,150
Coos,Precinct 7,State House,9,D,Under Votes,198
Coos,Precinct 8,State House,9,D,Under Votes,191
Coos,Precinct 9,State House,9,D,Under Votes,29
Coos,Precinct 1,State House,9,D,Write-ins,5
Coos,Precinct 2,State House,9,D,Write-ins,7
Coos,Precinct 3,State House,9,D,Write-ins,13
Coos,Precinct 4,State House,9,D,Write-ins,11
Coos,Precinct 5,State House,9,D,Write-ins,13
Coos,Precinct 6,State House,9,D,Write-ins,7
Coos,Precinct 7,State House,9,D,Write-ins,9
Coos,Precinct 8,State House,9,D,Write-ins,20
Coos,Precinct 9,State House,9,D,Write-ins,0
Coos,Precinct 1,State House,9,R,Claire Lynn,350
Coos,Precinct 2,State House,9,R,Claire Lynn,657
Coos,Precinct 3,State House,9,R,Claire Lynn,501
Coos,Precinct 4,State House,9,R,Claire Lynn,293
Coos,Precinct 6,State House,9,R,Claire Lynn,287
Coos,Precinct 7,State House,9,R,Claire Lynn,322
Coos,Precinct 8,State House,9,R,Claire Lynn,588
Coos,Precinct 9,State House,9,R,Claire Lynn,40
Coos,Precinct 1,State House,9,R,Over Votes,0
Coos,Precinct 15,State House,9,R,Over Votes,0
Coos,Precinct 2,State House,9,R,Over Votes,1
Coos,Precinct 3,State House,9,R,Over Votes,1
Coos,Precinct 4,State House,9,R,Over Votes,0
Coos,Precinct 6,State House,9,R,Over Votes,0
Coos,Precinct 7,State House,9,R,Over Votes,0
Coos,Precinct 8,State House,9,R,Over Votes,0
Coos,Precinct 9,State House,9,R,Over Votes,0
Coos,Precinct 1,State House,9,R,Troy Cribbins,129
Coos,Precinct 2,State House,9,R,Troy Cribbins,203
Coos,Precinct 3,State House,9,R,Troy Cribbins,205
Coos,Precinct 4,State House,9,R,Troy Cribbins,121
Coos,Precinct 6,State House,9,R,Troy Cribbins,129
Coos,Precinct 7,State House,9,R,Troy Cribbins,151
Coos,Precinct 8,State House,9,R,Troy Cribbins,210
Coos,Precinct 9,State House,9,R,Troy Cribbins,16
Coos,Precinct 1,State House,9,R,Under Votes,40
Coos,Precinct 15,State House,9,R,Under Votes,64
Coos,Precinct 2,State House,9,R,Under Votes,4430
Coos,Precinct 3,State House,9,R,Under Votes,53
Coos,Precinct 4,State House,9,R,Under Votes,31
Coos,Precinct 6,State House,9,R,Under Votes,34
Coos,Precinct 7,State House,9,R,Under Votes,32
Coos,Precinct 8,State House,9,R,Under Votes,56
Coos,Precinct 9,State House,9,R,Under Votes,7
Coos,Precinct 1,State House,9,R,Write-ins,0
Coos,Precinct 2,State House,9,R,Write-ins,4
Coos,Precinct 3,State House,9,R,Write-ins,5
Coos,Precinct 4,State House,9,R,Write-ins,1
Coos,Precinct 6,State House,9,R,Write-ins,2
Coos,Precinct 7,State House,9,R,Write-ins,0
Coos,Precinct 8,State House,9,R,Write-ins,5
Coos,Precinct 9,State House,9,R,Write-ins,0
Coos,Precinct 1,U.S. House,4,D,Daniel B. Bahlen,10
Coos,Precinct 10,U.S. House,4,D,Daniel B. Bahlen,17
Coos,Precinct 11,U.S. House,4,D,Daniel B. Bahlen,13
Coos,Precinct 12,U.S. House,4,D,Daniel B. Bahlen,13
Coos,Precinct 13,U.S. House,4,D,Daniel B. Bahlen,7
Coos,Precinct 14,U.S. House,4,D,Daniel B. Bahlen,22
Coos,Precinct 15,U.S. House,4,D,Daniel B. Bahlen,12
Coos,Precinct 16,U.S. House,4,D,Daniel B. Bahlen,14
Coos,Precinct 17,U.S. House,4,D,Daniel B. Bahlen,13
Coos,Precinct 18,U.S. House,4,D,Daniel B. Bahlen,3
Coos,Precinct 2,U.S. House,4,D,Daniel B. Bahlen,29
Coos,Precinct 3,U.S. House,4,D,Daniel B. Bahlen,29
Coos,Precinct 4,U.S. House,4,D,Daniel B. Bahlen,14
Coos,Precinct 5,U.S. House,4,D,Daniel B. Bahlen,36
Coos,Precinct 6,U.S. House,4,D,Daniel B. Bahlen,16
Coos,Precinct 7,U.S. House,4,D,Daniel B. Bahlen,12
Coos,Precinct 8,U.S. House,4,D,Daniel B. Bahlen,27
Coos,Precinct 9,U.S. House,4,D,Daniel B. Bahlen,2
Coos,Precinct 1,U.S. House,4,D,Melissa Bird,27
Coos,Precinct 10,U.S. House,4,D,Melissa Bird,53
Coos,Precinct 11,U.S. House,4,D,Melissa Bird,53
Coos,Precinct 12,U.S. House,4,D,Melissa Bird,106
Coos,Precinct 13,U.S. House,4,D,Melissa Bird,34
Coos,Precinct 14,U.S. House,4,D,Melissa Bird,23
Coos,Precinct 15,U.S. House,4,D,Melissa Bird,7
Coos,Precinct 16,U.S. House,4,D,Melissa Bird,175
Coos,Precinct 17,U.S. House,4,D,Melissa Bird,116
Coos,Precinct 18,U.S. House,4,D,Melissa Bird,8
Coos,Precinct 2,U.S. House,4,D,Melissa Bird,79
Coos,Precinct 3,U.S. House,4,D,Melissa Bird,124
Coos,Precinct 4,U.S. House,4,D,Melissa Bird,100
Coos,Precinct 5,U.S. House,4,D,Melissa Bird,156
Coos,Precinct 6,U.S. House,4,D,Melissa Bird,112
Coos,Precinct 7,U.S. House,4,D,Melissa Bird,129
Coos,Precinct 8,U.S. House,4,D,Melissa Bird,114
Coos,Precinct 9,U.S. House,4,D,Melissa Bird,10
Coos,Precinct 1,U.S. House,4,D,Over Votes,0
Coos,Precinct 10,U.S. House,4,D,Over Votes,0
Coos,Precinct 11,U.S. House,4,D,Over Votes,0
Coos,Precinct 12,U.S. House,4,D,Over Votes,0
Coos,Precinct 13,U.S. House,4,D,Over Votes,0
Coos,Precinct 15,U.S. House,4,D,Over Votes,0
Coos,Precinct 16,U.S. House,4,D,Over Votes,0
Coos,Precinct 2,U.S. House,4,D,Over Votes,0
Coos,Precinct 3,U.S. House,4,D,Over Votes,0
Coos,Precinct 4,U.S. House,4,D,Over Votes,0
Coos,Precinct 6,U.S. House,4,D,Over Votes,0
Coos,Precinct 7,U.S. House,4,D,Over Votes,0
Coos,Precinct 8,U.S. House,4,D,Over Votes,0
Coos,Precinct 1,U.S. House,4,D,Under Votes,19
Coos,Precinct 10,U.S. House,4,D,Under Votes,25
Coos,Precinct 11,U.S. House,4,D,Under Votes,14
Coos,Precinct 12,U.S. House,4,D,Under Votes,25
Coos,Precinct 13,U.S. House,4,D,Under Votes,13
Coos,Precinct 15,U.S. House,4,D,Under Votes,5
Coos,Precinct 16,U.S. House,4,D,Under Votes,21
Coos,Precinct 2,U.S. House,4,D,Under Votes,40
Coos,Precinct 3,U.S. House,4,D,Under Votes,42
Coos,Precinct 4,U.S. House,4,D,Under Votes,36
Coos,Precinct 6,U.S. House,4,D,Under Votes,34
Coos,Precinct 7,U.S. House,4,D,Under Votes,32
Coos,Precinct 8,U.S. House,4,D,Under Votes,50
Coos,Precinct 1,U.S. House,4,D,Val Hoyle,152
Coos,Precinct 10,U.S. House,4,D,Val Hoyle,276
Coos,Precinct 11,U.S. House,4,D,Val Hoyle,168
Coos,Precinct 12,U.S. House,4,D,Val Hoyle,202
Coos,Precinct 13,U.S. House,4,D,Val Hoyle,106
Coos,Precinct 14,U.S. House,4,D,Val Hoyle,115
Coos,Precinct 15,U.S. House,4,D,Val Hoyle,40
Coos,Precinct 16,U.S. House,4,D,Val Hoyle,314
Coos,Precinct 17,U.S. House,4,D,Val Hoyle,366
Coos,Precinct 18,U.S. House,4,D,Val Hoyle,43
Coos,Precinct 2,U.S. House,4,D,Val Hoyle,353
Coos,Precinct 3,U.S. House,4,D,Val Hoyle,415
Coos,Precinct 4,U.S. House,4,D,Val Hoyle,390
Coos,Precinct 5,U.S. House,4,D,Val Hoyle,453
Coos,Precinct 6,U.S. House,4,D,Val Hoyle,295
Coos,Precinct 7,U.S. House,4,D,Val Hoyle,331
Coos,Precinct 8,U.S. House,4,D,Val Hoyle,362
Coos,Precinct 9,U.S. House,4,D,Val Hoyle,47
Coos,Precinct 1,U.S. House,4,D,Write-ins,4
Coos,Precinct 10,U.S. House,4,D,Write-ins,5
Coos,Precinct 11,U.S. House,4,D,Write-ins,5
Coos,Precinct 12,U.S. House,4,D,Write-ins,3
Coos,Precinct 13,U.S. House,4,D,Write-ins,5
Coos,Precinct 14,U.S. House,4,D,Write-ins,3
Coos,Precinct 15,U.S. House,4,D,Write-ins,1
Coos,Precinct 16,U.S. House,4,D,Write-ins,2
Coos,Precinct 17,U.S. House,4,D,Write-ins,2
Coos,Precinct 18,U.S. House,4,D,Write-ins,2
Coos,Precinct 2,U.S. House,4,D,Write-ins,11
Coos,Precinct 3,U.S. House,4,D,Write-ins,9
Coos,Precinct 4,U.S. House,4,D,Write-ins,2
Coos,Precinct 5,U.S. House,4,D,Write-ins,7
Coos,Precinct 6,U.S. House,4,D,Write-ins,8
Coos,Precinct 7,U.S. House,4,D,Write-ins,9
Coos,Precinct 8,U.S. House,4,D,Write-ins,11
Coos,Precinct 1,U.S. House,4,R,Monique DeSpain,366
Coos,Precinct 10,U.S. House,4,R,Monique DeSpain,596
Coos,Precinct 11,U.S. House,4,R,Monique DeSpain,495
Coos,Precinct 12,U.S. House,4,R,Monique DeSpain,383
Coos,Precinct 13,U.S. House,4,R,Monique DeSpain,291
Coos,Precinct 14,U.S. House,4,R,Monique DeSpain,485
Coos,Precinct 15,U.S. House,4,R,Monique DeSpain,106
Coos,Precinct 16,U.S. House,4,R,Monique DeSpain,343
Coos,Precinct 17,U.S. House,4,R,Monique DeSpain,548
Coos,Precinct 18,U.S. House,4,R,Monique DeSpain,73
Coos,Precinct 2,U.S. House,4,R,Monique DeSpain,714
Coos,Precinct 3,U.S. House,4,R,Monique DeSpain,568
Coos,Precinct 4,U.S. House,4,R,Monique DeSpain,333
Coos,Precinct 5,U.S. House,4,R,Monique DeSpain,577
Coos,Precinct 6,U.S. House,4,R,Monique DeSpain,332
Coos,Precinct 7,U.S. House,4,R,Monique DeSpain,372
Coos,Precinct 8,U.S. House,4,R,Monique DeSpain,631
Coos,Precinct 9,U.S. House,4,R,Monique DeSpain,45
Coos,Precinct 6,U.S. House,4,R,No,12
Coos,Precinct 1,U.S. House,4,R,Over Votes,0
Coos,Precinct 10,U.S. House,4,R,Over Votes,0
Coos,Precinct 11,U.S. House,4,R,Over Votes,0
Coos,Precinct 12,U.S. House,4,R,Over Votes,0
Coos,Precinct 13,U.S. House,4,R,Over Votes,0
Coos,Precinct 14,U.S. House,4,R,Over Votes,0
Coos,Precinct 15,U.S. House,4,R,Over Votes,0
Coos,Precinct 16,U.S. House,4,R,Over Votes,0
Coos,Precinct 17,U.S. House,4,R,Over Votes,0
Coos,Precinct 18,U.S. House,4,R,Over Votes,0
Coos,Precinct 2,U.S. House,4,R,Over Votes,1
Coos,Precinct 3,U.S. House,4,R,Over Votes,0
Coos,Precinct 4,U.S. House,4,R,Over Votes,0
Coos,Precinct 5,U.S. House,4,R,Over Votes,0
Coos,Precinct 6,U.S. House,4,R,Over Votes,0
Coos,Precinct 9,U.S. House,4,R,Over Votes,0
Coos,Precinct 4,U.S. House,4,R,Stefan G. Slrek,67
Coos,Precinct 1,U.S. House,4,R,Stefan G. Strek,86
Coos,Precinct 10,U.S. House,4,R,Stefan G. Strek,86
Coos,Precinct 11,U.S. House,4,R,Stefan G. Strek,65
Coos,Precinct 12,U.S. House,4,R,Stefan G. Strek,62
Coos,Precinct 13,U.S. House,4,R,Stefan G. Strek,49
Coos,Precinct 14,U.S. House,4,R,Stefan G. Strek,70
Coos,Precinct 15,U.S. House,4,R,Stefan G. Strek,16
Coos,Precinct 16,U.S. House,4,R,Stefan G. Strek,46
Coos,Precinct 17,U.S. House,4,R,Stefan G. Strek,75
Coos,Precinct 18,U.S. House,4,R,Stefan G. Strek,11
Coos,Precinct 2,U.S. House,4,R,Stefan G. Strek,96
Coos,Precinct 3,U.S. House,4,R,Stefan G. Strek,92
Coos,Precinct 5,U.S. House,4,R,Stefan G. Strek,96
Coos,Precinct 6,U.S. House,4,R,Stefan G. Strek,61
Coos,Precinct 7,U.S. House,4,R,Stefan G. Strek,70
Coos,Precinct 8,U.S. House,4,R,Stefan G. Strek,102
Coos,Precinct 9,U.S. House,4,R,Stefan G. Strek,9
Coos,Precinct 1,U.S. House,4,R,Under Votes,64
Coos,Precinct 10,U.S. House,4,R,Under Votes,99
Coos,Precinct 11,U.S. House,4,R,Under Votes,95
Coos,Precinct 12,U.S. House,4,R,Under Votes,84
Coos,Precinct 13,U.S. House,4,R,Under Votes,63
Coos,Precinct 14,U.S. House,4,R,Under Votes,84
Coos,Precinct 15,U.S. House,4,R,Under Votes,31
Coos,Precinct 16,U.S. House,4,R,Under Votes,52
Coos,Precinct 17,U.S. House,4,R,Under Votes,101
Coos,Precinct 18,U.S. House,4,R,Under Votes,24
Coos,Precinct 2,U.S. House,4,R,Under Votes,105
Coos,Precinct 3,U.S. House,4,R,Under Votes,95
Coos,Precinct 4,U.S. House,4,R,Under Votes,42
Coos,Precinct 5,U.S. House,4,R,Under Votes,95
Coos,Precinct 6,U.S. House,4,R,Under Votes,54
Coos,Precinct 9,U.S. House,4,R,Under Votes,9
Coos,Precinct 1,U.S. House,4,R,Write-ins,3
Coos,Precinct 10,U.S. House,4,R,Write-ins,5
Coos,Precinct 11,U.S. House,4,R,Write-ins,7
Coos,Precinct 12,U.S. House,4,R,Write-ins,7
Coos,Precinct 13,U.S. House,4,R,Write-ins,3
Coos,Precinct 14,U.S. House,4,R,Write-ins,6
Coos,Precinct 15,U.S. House,4,R,Write-ins,1
Coos,Precinct 16,U.S. House,4,R,Write-ins,9
Coos,Precinct 17,U.S. House,4,R,Write-ins,4
Coos,Precinct 18,U.S. House,4,R,Write-ins,1
Coos,Precinct 2,U.S. House,4,R,Write-ins,6
Coos,Precinct 3,U.S. House,4,R,Write-ins,10
Coos,Precinct 4,U.S. House,4,R,Write-ins,5
Coos,Precinct 5,U.S. House,4,R,Write-ins,4
Coos,Precinct 6,U.S. House,4,R,Write-ins,5
Coos,Precinct 7,U.S. House,4,R,Write-ins,3
Coos,Precinct 8,U.S. House,4,R,Write-ins,9
Coos,Precinct 9,U.S. House,4,R,Write-ins,0
Coos,Precinct 6,U.S. House,4,R,Yes,2
Coos,Precinct 13,U.S. Senate,,D,Amanda J. Hawker,195
Coos,Precinct 11,U.S. Senate,,D,Dave Tilton,123
Coos,Precinct 11,U.S. Senate,,D,Genelle Hanken,125
Coos,Precinct 13,U.S. Senate,,D,Ivan H. Hawker,204
Coos,Precinct 11,U.S. Senate,,D,Janet Tilton,123
Coos,Precinct 1,U.S. Senate,,D,Jeff Merkley,176
Coos,Precinct 10,U.S. Senate,,D,Jeff Merkley,318
Coos,Precinct 11,U.S. Senate,,D,Jeff Merkley,215
Coos,Precinct 13,U.S. Senate,,D,Jeff Merkley,127
Coos,Precinct 14,U.S. Senate,,D,Jeff Merkley,143
Coos,Precinct 15,U.S. Senate,,D,Jeff Merkley,47
Coos,Precinct 16,U.S. Senate,,D,Jeff Merkley,466
Coos,Precinct 17,U.S. Senate,,D,Jeff Merkley,464
Coos,Precinct 18,U.S. Senate,,D,Jeff Merkley,53
Coos,Precinct 2,U.S. Senate,,D,Jeff Merkley,420
Coos,Precinct 3,U.S. Senate,,D,Jeff Merkley,522
Coos,Precinct 4,U.S. Senate,,D,Jeff Merkley,470
Coos,Precinct 5,U.S. Senate,,D,Jeff Merkley,581
Coos,Precinct 6,U.S. Senate,,D,Jeff Merkley,394
Coos,Precinct 7,U.S. Senate,,D,Jeff Merkley,440
Coos,Precinct 8,U.S. Senate,,D,Jeff Merkley,449
Coos,Precinct 9,U.S. Senate,,D,Jeff Merkley,56
Coos,Precinct 11,U.S. Senate,,D,Mary Graham,118
Coos,Precinct 11,U.S. Senate,,D,Nancy Mesner,118
Coos,Precinct 1,U.S. Senate,,D,Over Votes,0
Coos,Precinct 10,U.S. Senate,,D,Over Votes,0
Coos,Precinct 11,U.S. Senate,,D,Over Votes,0
Coos,Precinct 13,U.S. Senate,,D,Over Votes,0
Coos,Precinct 14,U.S. Senate,,D,Over Votes,0
Coos,Precinct 15,U.S. Senate,,D,Over Votes,0
Coos,Precinct 16,U.S. Senate,,D,Over Votes,0
Coos,Precinct 17,U.S. Senate,,D,Over Votes,0
Coos,Precinct 18,U.S. Senate,,D,Over Votes,0
Coos,Precinct 2,U.S. Senate,,D,Over Votes,0
Coos,Precinct 3,U.S. Senate,,D,Over Votes,1
Coos,Precinct 4,U.S. Senate,,D,Over Votes,0
Coos,Precinct 5,U.S. Senate,,D,Over Votes,0
Coos,Precinct 6,U.S. Senate,,D,Over Votes,0
Coos,Precinct 7,U.S. Senate,,D,Over Votes,0
Coos,Precinct 8,U.S. Senate,,D,Over Votes,0
Coos,Precinct 9,U.S. Senate,,D,Over Votes,0
Coos,Precinct 1,U.S. Senate,,D,Paul Damian Wells,19
Coos,Precinct 10,U.S. Senate,,D,Paul Damian Wells,33
Coos,Precinct 11,U.S. Senate,,D,Paul Damian Wells,19
Coos,Precinct 13,U.S. Senate,,D,Paul Damian Wells,24
Coos,Precinct 14,U.S. Senate,,D,Paul Damian Wells,22
Coos,Precinct 15,U.S. Senate,,D,Paul Damian Wells,11
Coos,Precinct 16,U.S. Senate,,D,Paul Damian Wells,39
Coos,Precinct 17,U.S. Senate,,D,Paul Damian Wells,35
Coos,Precinct 18,U.S. Senate,,D,Paul Damian Wells,3
Coos,Precinct 2,U.S. Senate,,D,Paul Damian Wells,49
Coos,Precinct 3,U.S. Senate,,D,Paul Damian Wells,53
Coos,Precinct 4,U.S. Senate,,D,Paul Damian Wells,33
Coos,Precinct 5,U.S. Senate,,D,Paul Damian Wells,67
Coos,Precinct 6,U.S. Senate,,D,Paul Damian Wells,33
Coos,Precinct 7,U.S. Senate,,D,Paul Damian Wells,35
Coos,Precinct 8,U.S. Senate,,D,Paul Damian Wells,65
Coos,Precinct 9,U.S. Senate,,D,Paul Damian Wells,4
Coos,Precinct 1,U.S. Senate,,D,Under Votes,14
Coos,Precinct 10,U.S. Senate,,D,Under Votes,17
Coos,Precinct 11,U.S. Senate,,D,Under Votes,1897
Coos,Precinct 13,U.S. Senate,,D,Under Votes,2813
Coos,Precinct 14,U.S. Senate,,D,Under Votes,14
Coos,Precinct 15,U.S. Senate,,D,Under Votes,6
Coos,Precinct 16,U.S. Senate,,D,Under Votes,20
Coos,Precinct 17,U.S. Senate,,D,Under Votes,16
Coos,Precinct 18,U.S. Senate,,D,Under Votes,3
Coos,Precinct 2,U.S. Senate,,D,Under Votes,33
Coos,Precinct 3,U.S. Senate,,D,Under Votes,36
Coos,Precinct 4,U.S. Senate,,D,Under Votes,36
Coos,Precinct 5,U.S. Senate,,D,Under Votes,36
Coos,Precinct 6,U.S. Senate,,D,Under Votes,31
Coos,Precinct 7,U.S. Senate,,D,Under Votes,30
Coos,Precinct 8,U.S. Senate,,D,Under Votes,39
Coos,Precinct 9,U.S. Senate,,D,Under Votes,3
Coos,Precinct 1,U.S. Senate,,D,Write-ins,3
Coos,Precinct 10,U.S. Senate,,D,Write-ins,8
Coos,Precinct 11,U.S. Senate,,D,Write-ins,35
Coos,Precinct 13,U.S. Senate,,D,Write-ins,46
Coos,Precinct 14,U.S. Senate,,D,Write-ins,4
Coos,Precinct 15,U.S. Senate,,D,Write-ins,1
Coos,Precinct 16,U.S. Senate,,D,Write-ins,1
Coos,Precinct 17,U.S. Senate,,D,Write-ins,2
Coos,Precinct 18,U.S. Senate,,D,Write-ins,1
Coos,Precinct 2,U.S. Senate,,D,Write-ins,10
Coos,Precinct 3,U.S. Senate,,D,Write-ins,7
Coos,Precinct 4,U.S. Senate,,D,Write-ins,3
Coos,Precinct 5,U.S. Senate,,D,Write-ins,6
Coos,Precinct 6,U.S. Senate,,D,Write-ins,7
Coos,Precinct 7,U.S. Senate,,D,Write-ins,8
Coos,Precinct 8,U.S. Senate,,D,Write-ins,11
Coos,Precinct 9,U.S. Senate,,D,Write-ins,2
Coos,Precinct 1,U.S. Senate,,R,Brent Barker,111
Coos,Precinct 10,U.S. Senate,,R,Brent Barker,96
Coos,Precinct 11,U.S. Senate,,R,Brent Barker,52
Coos,Precinct 12,U.S. Senate,,R,Brent Barker,52
Coos,Precinct 13,U.S. Senate,,R,Brent Barker,47
Coos,Precinct 14,U.S. Senate,,R,Brent Barker,64
Coos,Precinct 15,U.S. Senate,,R,Brent Barker,20
Coos,Precinct 16,U.S. Senate,,R,Brent Barker,60
Coos,Precinct 17,U.S. Senate,,R,Brent Barker,71
Coos,Precinct 18,U.S. Senate,,R,Brent Barker,11
Coos,Precinct 2,U.S. Senate,,R,Brent Barker,105
Coos,Precinct 3,U.S. Senate,,R,Brent Barker,106
Coos,Precinct 4,U.S. Senate,,R,Brent Barker,64
Coos,Precinct 5,U.S. Senate,,R,Brent Barker,117
Coos,Precinct 6,U.S. Senate,,R,Brent Barker,62
Coos,Precinct 7,U.S. Senate,,R,Brent Barker,64
Coos,Precinct 8,U.S. Senate,,R,Brent Barker,124
Coos,Precinct 9,U.S. Senate,,R,Brent Barker,7
Coos,Precinct 1,U.S. Senate,,R,David A. Burch,19
Coos,Precinct 10,U.S. Senate,,R,David A. Burch,12
Coos,Precinct 11,U.S. Senate,,R,David A. Burch,10
Coos,Precinct 12,U.S. Senate,,R,David A. Burch,5
Coos,Precinct 13,U.S. Senate,,R,David A. Burch,7
Coos,Precinct 14,U.S. Senate,,R,David A. Burch,5
Coos,Precinct 15,U.S. Senate,,R,David A. Burch,3
Coos,Precinct 16,U.S. Senate,,R,David A. Burch,4
Coos,Precinct 17,U.S. Senate,,R,David A. Burch,12
Coos,Precinct 18,U.S. Senate,,R,David A. Burch,3
Coos,Precinct 2,U.S. Senate,,R,David A. Burch,14
Coos,Precinct 3,U.S. Senate,,R,David A. Burch,11
Coos,Precinct 4,U.S. Senate,,R,David A. Burch,10
Coos,Precinct 5,U.S. Senate,,R,David A. Burch,10
Coos,Precinct 6,U.S. Senate,,R,David A. Burch,4
Coos,Precinct 7,U.S. Senate,,R,David A. Burch,11
Coos,Precinct 8,U.S. Senate,,R,David A. Burch,17
Coos,Precinct 9,U.S. Senate,,R,David A. Burch,2
Coos,Precinct 1,U.S. Senate,,R,David Brock Smith,123
Coos,Precinct 10,U.S. Senate,,R,David Brock Smith,366
Coos,Precinct 11,U.S. Senate,,R,David Brock Smith,348
Coos,Precinct 12,U.S. Senate,,R,David Brock Smith,260
Coos,Precinct 14,U.S. Senate,,R,David Brock Smith,365
Coos,Precinct 15,U.S. Senate,,R,David Brock Smith,74
Coos,Precinct 17,U.S. Senate,,R,David Brock Smith,380
Coos,Precinct 18,U.S. Senate,,R,David Brock Smith,57
Coos,Precinct 2,U.S. Senate,,R,David Brock Smith,365
Coos,Precinct 4,U.S. Senate,,R,David Brock Smith,150
Coos,Precinct 5,U.S. Senate,,R,David Brock Smith,236
Coos,Precinct 6,U.S. Senate,,R,David Brock Smith,153
Coos,Precinct 7,U.S. Senate,,R,David Brock Smith,155
Coos,Precinct 8,U.S. Senate,,R,David Brock Smith,275
Coos,Precinct 9,U.S. Senate,,R,David Brock Smith,26
Coos,Precinct 1,U.S. Senate,,R,Deborah C. Brown,16
Coos,Precinct 10,U.S. Senate,,R,Deborah C. Brown,21
Coos,Precinct 11,U.S. Senate,,R,Deborah C. Brown,5
Coos,Precinct 12,U.S. Senate,,R,Deborah C. Brown,15
Coos,Precinct 13,U.S. Senate,,R,Deborah C. Brown,14
Coos,Precinct 14,U.S. Senate,,R,Deborah C. Brown,11
Coos,Precinct 15,U.S. Senate,,R,Deborah C. Brown,12
Coos,Precinct 16,U.S. Senate,,R,Deborah C. Brown,8
Coos,Precinct 17,U.S. Senate,,R,Deborah C. Brown,17
Coos,Precinct 18,U.S. Senate,,R,Deborah C. Brown,1
Coos,Precinct 2,U.S. Senate,,R,Deborah C. Brown,22
Coos,Precinct 3,U.S. Senate,,R,Deborah C. Brown,30
Coos,Precinct 4,U.S. Senate,,R,Deborah C. Brown,16
Coos,Precinct 5,U.S. Senate,,R,Deborah C. Brown,41
Coos,Precinct 6,U.S. Senate,,R,Deborah C. Brown,17
Coos,Precinct 7,U.S. Senate,,R,Deborah C. Brown,24
Coos,Precinct 8,U.S. Senate,,R,Deborah C. Brown,17
Coos,Precinct 9,U.S. Senate,,R,Deborah C. Brown,5
Coos,Precinct 1,U.S. Senate,,R,Jo Rae Perkins,125
Coos,Precinct 10,U.S. Senate,,R,Jo Rae Perkins,151
Coos,Precinct 11,U.S. Senate,,R,Jo Rae Perkins,110
Coos,Precinct 12,U.S. Senate,,R,Jo Rae Perkins,111
Coos,Precinct 14,U.S. Senate,,R,Jo Rae Perkins,94
Coos,Precinct 15,U.S. Senate,,R,Jo Rae Perkins,18
Coos,Precinct 16,U.S. Senate,,R,Jo Rae Perkins,74
Coos,Precinct 17,U.S. Senate,,R,Jo Rae Perkins,134
Coos,Precinct 18,U.S. Senate,,R,Jo Rae Perkins,18
Coos,Precinct 2,U.S. Senate,,R,Jo Rae Perkins,233
Coos,Precinct 4,U.S. Senate,,R,Jo Rae Perkins,117
Coos,Precinct 5,U.S. Senate,,R,Jo Rae Perkins,194
Coos,Precinct 6,U.S. Senate,,R,Jo Rae Perkins,125
Coos,Precinct 7,U.S. Senate,,R,Jo Rae Perkins,132
Coos,Precinct 8,U.S. Senate,,R,Jo Rae Perkins,239
Coos,Precinct 9,U.S. Senate,,R,Jo Rae Perkins,15
Coos,Precinct 1,U.S. Senate,,R,Over Votes,0
Coos,Precinct 10,U.S. Senate,,R,Over Votes,0
Coos,Precinct 11,U.S. Senate,,R,Over Votes,0
Coos,Precinct 12,U.S. Senate,,R,Over Votes,0
Coos,Precinct 14,U.S. Senate,,R,Over Votes,1
Coos,Precinct 15,U.S. Senate,,R,Over Votes,0
Coos,Precinct 17,U.S. Senate,,R,Over Votes,0
Coos,Precinct 18,U.S. Senate,,R,Over Votes,0
Coos,Precinct 4,U.S. Senate,,R,Over Votes,0
Coos,Precinct 5,U.S. Senate,,R,Over Votes,0
Coos,Precinct 6,U.S. Senate,,R,Over Votes,0
Coos,Precinct 7,U.S. Senate,,R,Over Votes,0
Coos,Precinct 8,U.S. Senate,,R,Over Votes,0
Coos,Precinct 9,U.S. Senate,,R,Over Votes,0
Coos,Precinct 1,U.S. Senate,,R,Russell McAlmond,49
Coos,Precinct 10,U.S. Senate,,R,Russell McAlmond,50
Coos,Precinct 11,U.S. Senate,,R,Russell McAlmond,49
Coos,Precinct 12,U.S. Senate,,R,Russell McAlmond,34
Coos,Precinct 13,U.S. Senate,,R,Russell McAlmond,26
Coos,Precinct 14,U.S. Senate,,R,Russell McAlmond,40
Coos,Precinct 15,U.S. Senate,,R,Russell McAlmond,4
Coos,Precinct 16,U.S. Senate,,R,Russell McAlmond,29
Coos,Precinct 17,U.S. Senate,,R,Russell McAlmond,33
Coos,Precinct 18,U.S. Senate,,R,Russell McAlmond,5
Coos,Precinct 2,U.S. Senate,,R,Russell McAlmond,61
Coos,Precinct 3,U.S. Senate,,R,Russell McAlmond,56
Coos,Precinct 4,U.S. Senate,,R,Russell McAlmond,44
Coos,Precinct 5,U.S. Senate,,R,Russell McAlmond,75
Coos,Precinct 6,U.S. Senate,,R,Russell McAlmond,41
Coos,Precinct 7,U.S. Senate,,R,Russell McAlmond,51
Coos,Precinct 8,U.S. Senate,,R,Russell McAlmond,69
Coos,Precinct 9,U.S. Senate,,R,Russell McAlmond,2
Coos,Precinct 1,U.S. Senate,,R,Timothy Skelton,6
Coos,Precinct 10,U.S. Senate,,R,Timothy Skelton,7
Coos,Precinct 11,U.S. Senate,,R,Timothy Skelton,6
Coos,Precinct 12,U.S. Senate,,R,Timothy Skelton,4
Coos,Precinct 14,U.S. Senate,,R,Timothy Skelton,4
Coos,Precinct 15,U.S. Senate,,R,Timothy Skelton,1
Coos,Precinct 16,U.S. Senate,,R,Timothy Skelton,2
Coos,Precinct 17,U.S. Senate,,R,Timothy Skelton,7
Coos,Precinct 18,U.S. Senate,,R,Timothy Skelton,0
Coos,Precinct 2,U.S. Senate,,R,Timothy Skelton,11
Coos,Precinct 4,U.S. Senate,,R,Timothy Skelton,6
Coos,Precinct 5,U.S. Senate,,R,Timothy Skelton,5
Coos,Precinct 6,U.S. Senate,,R,Timothy Skelton,2
Coos,Precinct 7,U.S. Senate,,R,Timothy Skelton,9
Coos,Precinct 8,U.S. Senate,,R,Timothy Skelton,15
Coos,Precinct 9,U.S. Senate,,R,Timothy Skelton,0
Coos,Precinct 1,U.S. Senate,,R,Under Votes,69
Coos,Precinct 10,U.S. Senate,,R,Under Votes,80
Coos,Precinct 11,U.S. Senate,,R,Under Votes,78
Coos,Precinct 12,U.S. Senate,,R,Under Votes,51
Coos,Precinct 14,U.S. Senate,,R,Under Votes,61
Coos,Precinct 15,U.S. Senate,,R,Under Votes,21
Coos,Precinct 17,U.S. Senate,,R,Under Votes,72
Coos,Precinct 18,U.S. Senate,,R,Under Votes,14
Coos,Precinct 4,U.S. Senate,,R,Under Votes,40
Coos,Precinct 5,U.S. Senate,,R,Under Votes,92
Coos,Precinct 6,U.S. Senate,,R,Under Votes,44
Coos,Precinct 7,U.S. Senate,,R,Under Votes,56
Coos,Precinct 8,U.S. Senate,,R,Under Votes,101
Coos,Precinct 9,U.S. Senate,,R,Under Votes,6
Coos,Precinct 1,U.S. Senate,,R,Write-ins,1
Coos,Precinct 10,U.S. Senate,,R,Write-ins,3
Coos,Precinct 11,U.S. Senate,,R,Write-ins,4
Coos,Precinct 12,U.S. Senate,,R,Write-ins,4
Coos,Precinct 14,U.S. Senate,,R,Write-ins,0
Coos,Precinct 15,U.S. Senate,,R,Write-ins,1
Coos,Precinct 17,U.S. Senate,,R,Write-ins,2
Coos,Precinct 18,U.S. Senate,,R,Write-ins,0
Coos,Precinct 2,U.S. Senate,,R,Write-ins,3
Coos,Precinct 4,U.S. Senate,,R,Write-ins,0
Coos,Precinct 5,U.S. Senate,,R,Write-ins,2
Coos,Precinct 6,U.S. Senate,,R,Write-ins,4
Coos,Precinct 7,U.S. Senate,,R,Write-ins,3
Coos,Precinct 8,U.S. Senate,,R,Write-ins,3
Coos,Precinct 9,U.S. Senate,,R,Write-ins,0
