county,precinct,office,district,party,candidate,votes
Clackamas,Precinct 100,Auditor,,,Brian Evans,19
Clackamas,Precinct 101,Auditor,,,Brian Evans,1316
Clackamas,Precinct 102,Auditor,,,Brian Evans,277
Clackamas,Precinct 103,Auditor,,,Brian Evans,682
Clackamas,Precinct 105,Auditor,,,Brian Evans,986
Clackamas,Precinct 112,Auditor,,,Brian Evans,0
Clackamas,Precinct 113,Auditor,,,Brian Evans,8
Clackamas,Precinct 114,Auditor,,,Brian Evans,42
Clackamas,Precinct 115,Auditor,,,Brian Evans,65
Clackamas,Precinct 116,Auditor,,,Brian Evans,0
Clackamas,Precinct 131,Auditor,,,Brian Evans,1647
Clackamas,Precinct 132,Auditor,,,Brian Evans,1269
Clackamas,Precinct 133,Auditor,,,Brian Evans,526
Clackamas,Precinct 134,Auditor,,,Brian Evans,0
Clackamas,Precinct 135,Auditor,,,Brian Evans,1471
Clackamas,Precinct 151,Auditor,,,Brian Evans,751
Clackamas,Precinct 152,Auditor,,,Brian Evans,1541
Clackamas,Precinct 153,Auditor,,,Brian Evans,147
Clackamas,Precinct 154,Auditor,,,Brian Evans,28
Clackamas,Precinct 155,Auditor,,,Brian Evans,723
Clackamas,Precinct 156,Auditor,,,Brian Evans,1429
Clackamas,Precinct 157,Auditor,,,Brian Evans,25
Clackamas,Precinct 158,Auditor,,,Brian Evans,1152
Clackamas,Precinct 159,Auditor,,,Brian Evans,777
Clackamas,Precinct 160,Auditor,,,Brian Evans,480
Clackamas,Precinct 161,Auditor,,,Brian Evans,131
Clackamas,Precinct 162,Auditor,,,Brian Evans,209
Clackamas,Precinct 201,Auditor,,,Brian Evans,1255
Clackamas,Precinct 202,Auditor,,,Brian Evans,1309
Clackamas,Precinct 203,Auditor,,,Brian Evans,896
Clackamas,Precinct 204,Auditor,,,Brian Evans,663
Clackamas,Precinct 251,Auditor,,,Brian Evans,556
Clackamas,Precinct 279,Auditor,,,Brian Evans,37
Clackamas,Precinct 280,Auditor,,,Brian Evans,119
Clackamas,Precinct 281,Auditor,,,Brian Evans,331
Clackamas,Precinct 282,Auditor,,,Brian Evans,93
Clackamas,Precinct 283,Auditor,,,Brian Evans,109
Clackamas,Precinct 284,Auditor,,,Brian Evans,110
Clackamas,Precinct 285,Auditor,,,Brian Evans,7
Clackamas,Precinct 286,Auditor,,,Brian Evans,45
Clackamas,Precinct 320,Auditor,,,Brian Evans,32
Clackamas,Precinct 321,Auditor,,,Brian Evans,724
Clackamas,Precinct 322,Auditor,,,Brian Evans,1
Clackamas,Precinct 323,Auditor,,,Brian Evans,0
Clackamas,Precinct 324,Auditor,,,Brian Evans,11
Clackamas,Precinct 400,Auditor,,,Brian Evans,882
Clackamas,Precinct 404,Auditor,,,Brian Evans,110
Clackamas,Precinct 405,Auditor,,,Brian Evans,287
Clackamas,Precinct 406,Auditor,,,Brian Evans,229
Clackamas,Precinct 410,Auditor,,,Brian Evans,757
Clackamas,Precinct 411,Auditor,,,Brian Evans,993
Clackamas,Precinct 412,Auditor,,,Brian Evans,373
Clackamas,Precinct 413,Auditor,,,Brian Evans,49
Clackamas,Precinct 414,Auditor,,,Brian Evans,130
Clackamas,Precinct 416,Auditor,,,Brian Evans,598
Clackamas,Precinct 417,Auditor,,,Brian Evans,71
Clackamas,Precinct 419,Auditor,,,Brian Evans,519
Clackamas,Precinct 420,Auditor,,,Brian Evans,423
Clackamas,Precinct 421,Auditor,,,Brian Evans,546
Clackamas,Precinct 422,Auditor,,,Brian Evans,934
Clackamas,Precinct 500,Auditor,,,Brian Evans,311
Clackamas,Precinct 501,Auditor,,,Brian Evans,1254
Clackamas,Precinct 502,Auditor,,,Brian Evans,1141
Clackamas,Precinct 503,Auditor,,,Brian Evans,1021
Clackamas,Precinct 504,Auditor,,,Brian Evans,1309
Clackamas,Precinct 506,Auditor,,,Brian Evans,739
Clackamas,Precinct 510,Auditor,,,Brian Evans,175
Clackamas,Precinct 511,Auditor,,,Brian Evans,3
Clackamas,Precinct 512,Auditor,,,Brian Evans,297
Clackamas,Precinct 513,Auditor,,,Brian Evans,38
Clackamas,Precinct 600,Auditor,,,Brian Evans,1153
Clackamas,Precinct 602,Auditor,,,Brian Evans,1041
Clackamas,Precinct 604,Auditor,,,Brian Evans,1845
Clackamas,Precinct 606,Auditor,,,Brian Evans,543
Clackamas,Precinct 608,Auditor,,,Brian Evans,724
Clackamas,Precinct 614,Auditor,,,Brian Evans,616
Clackamas,Precinct 616,Auditor,,,Brian Evans,867
Clackamas,Precinct 618,Auditor,,,Brian Evans,150
Clackamas,Precinct 620,Auditor,,,Brian Evans,89
Clackamas,Precinct 622,Auditor,,,Brian Evans,637
Clackamas,Precinct 626,Auditor,,,Brian Evans,1054
Clackamas,Precinct 628,Auditor,,,Brian Evans,230
Clackamas,Precinct 630,Auditor,,,Brian Evans,1422
Clackamas,Precinct 100,Auditor,,,Over Votes,0
Clackamas,Precinct 101,Auditor,,,Over Votes,0
Clackamas,Precinct 102,Auditor,,,Over Votes,0
Clackamas,Precinct 103,Auditor,,,Over Votes,0
Clackamas,Precinct 105,Auditor,,,Over Votes,0
Clackamas,Precinct 112,Auditor,,,Over Votes,0
Clackamas,Precinct 113,Auditor,,,Over Votes,0
Clackamas,Precinct 114,Auditor,,,Over Votes,0
Clackamas,Precinct 115,Auditor,,,Over Votes,0
Clackamas,Precinct 116,Auditor,,,Over Votes,0
Clackamas,Precinct 131,Auditor,,,Over Votes,0
Clackamas,Precinct 132,Auditor,,,Over Votes,0
Clackamas,Precinct 133,Auditor,,,Over Votes,0
Clackamas,Precinct 134,Auditor,,,Over Votes,0
Clackamas,Precinct 135,Auditor,,,Over Votes,0
Clackamas,Precinct 151,Auditor,,,Over Votes,0
Clackamas,Precinct 152,Auditor,,,Over Votes,0
Clackamas,Precinct 153,Auditor,,,Over Votes,0
Clackamas,Precinct 154,Auditor,,,Over Votes,0
Clackamas,Precinct 155,Auditor,,,Over Votes,0
Clackamas,Precinct 156,Auditor,,,Over Votes,0
Clackamas,Precinct 157,Auditor,,,Over Votes,0
Clackamas,Precinct 158,Auditor,,,Over Votes,0
Clackamas,Precinct 159,Auditor,,,Over Votes,0
Clackamas,Precinct 160,Auditor,,,Over Votes,0
Clackamas,Precinct 161,Auditor,,,Over Votes,0
Clackamas,Precinct 162,Auditor,,,Over Votes,0
Clackamas,Precinct 201,Auditor,,,Over Votes,0
Clackamas,Precinct 202,Auditor,,,Over Votes,0
Clackamas,Precinct 203,Auditor,,,Over Votes,0
Clackamas,Precinct 204,Auditor,,,Over Votes,0
Clackamas,Precinct 251,Auditor,,,Over Votes,0
Clackamas,Precinct 279,Auditor,,,Over Votes,0
Clackamas,Precinct 280,Auditor,,,Over Votes,0
Clackamas,Precinct 281,Auditor,,,Over Votes,0
Clackamas,Precinct 282,Auditor,,,Over Votes,0
Clackamas,Precinct 283,Auditor,,,Over Votes,0
Clackamas,Precinct 284,Auditor,,,Over Votes,0
Clackamas,Precinct 285,Auditor,,,Over Votes,0
Clackamas,Precinct 286,Auditor,,,Over Votes,0
Clackamas,Precinct 320,Auditor,,,Over Votes,0
Clackamas,Precinct 321,Auditor,,,Over Votes,0
Clackamas,Precinct 322,Auditor,,,Over Votes,0
Clackamas,Precinct 323,Auditor,,,Over Votes,0
Clackamas,Precinct 324,Auditor,,,Over Votes,0
Clackamas,Precinct 400,Auditor,,,Over Votes,0
Clackamas,Precinct 404,Auditor,,,Over Votes,0
Clackamas,Precinct 405,Auditor,,,Over Votes,0
Clackamas,Precinct 406,Auditor,,,Over Votes,0
Clackamas,Precinct 410,Auditor,,,Over Votes,0
Clackamas,Precinct 411,Auditor,,,Over Votes,0
Clackamas,Precinct 412,Auditor,,,Over Votes,0
Clackamas,Precinct 413,Auditor,,,Over Votes,0
Clackamas,Precinct 414,Auditor,,,Over Votes,0
Clackamas,Precinct 416,Auditor,,,Over Votes,0
Clackamas,Precinct 417,Auditor,,,Over Votes,0
Clackamas,Precinct 419,Auditor,,,Over Votes,0
Clackamas,Precinct 420,Auditor,,,Over Votes,0
Clackamas,Precinct 421,Auditor,,,Over Votes,0
Clackamas,Precinct 422,Auditor,,,Over Votes,0
Clackamas,Precinct 500,Auditor,,,Over Votes,0
Clackamas,Precinct 501,Auditor,,,Over Votes,0
Clackamas,Precinct 502,Auditor,,,Over Votes,0
Clackamas,Precinct 503,Auditor,,,Over Votes,0
Clackamas,Precinct 504,Auditor,,,Over Votes,0
Clackamas,Precinct 506,Auditor,,,Over Votes,0
Clackamas,Precinct 510,Auditor,,,Over Votes,0
Clackamas,Precinct 511,Auditor,,,Over Votes,0
Clackamas,Precinct 512,Auditor,,,Over Votes,0
Clackamas,Precinct 513,Auditor,,,Over Votes,0
Clackamas,Precinct 600,Auditor,,,Over Votes,0
Clackamas,Precinct 602,Auditor,,,Over Votes,0
Clackamas,Precinct 604,Auditor,,,Over Votes,0
Clackamas,Precinct 606,Auditor,,,Over Votes,0
Clackamas,Precinct 608,Auditor,,,Over Votes,0
Clackamas,Precinct 614,Auditor,,,Over Votes,0
Clackamas,Precinct 616,Auditor,,,Over Votes,0
Clackamas,Precinct 618,Auditor,,,Over Votes,0
Clackamas,Precinct 620,Auditor,,,Over Votes,0
Clackamas,Precinct 622,Auditor,,,Over Votes,0
Clackamas,Precinct 626,Auditor,,,Over Votes,0
Clackamas,Precinct 628,Auditor,,,Over Votes,0
Clackamas,Precinct 630,Auditor,,,Over Votes,0
Clackamas,Precinct 100,Auditor,,,Under Votes,26
Clackamas,Precinct 101,Auditor,,,Under Votes,1433
Clackamas,Precinct 102,Auditor,,,Under Votes,395
Clackamas,Precinct 103,Auditor,,,Under Votes,822
Clackamas,Precinct 105,Auditor,,,Under Votes,1200
Clackamas,Precinct 112,Auditor,,,Under Votes,0
Clackamas,Precinct 113,Auditor,,,Under Votes,25
Clackamas,Precinct 114,Auditor,,,Under Votes,42
Clackamas,Precinct 115,Auditor,,,Under Votes,89
Clackamas,Precinct 116,Auditor,,,Under Votes,1
Clackamas,Precinct 131,Auditor,,,Under Votes,1571
Clackamas,Precinct 132,Auditor,,,Under Votes,1159
Clackamas,Precinct 133,Auditor,,,Under Votes,504
Clackamas,Precinct 134,Auditor,,,Under Votes,3
Clackamas,Precinct 135,Auditor,,,Under Votes,1413
Clackamas,Precinct 151,Auditor,,,Under Votes,754
Clackamas,Precinct 152,Auditor,,,Under Votes,1610
Clackamas,Precinct 153,Auditor,,,Under Votes,101
Clackamas,Precinct 154,Auditor,,,Under Votes,16
Clackamas,Precinct 155,Auditor,,,Under Votes,712
Clackamas,Precinct 156,Auditor,,,Under Votes,1356
Clackamas,Precinct 157,Auditor,,,Under Votes,24
Clackamas,Precinct 158,Auditor,,,Under Votes,983
Clackamas,Precinct 159,Auditor,,,Under Votes,769
Clackamas,Precinct 160,Auditor,,,Under Votes,434
Clackamas,Precinct 161,Auditor,,,Under Votes,157
Clackamas,Precinct 162,Auditor,,,Under Votes,172
Clackamas,Precinct 201,Auditor,,,Under Votes,1166
Clackamas,Precinct 202,Auditor,,,Under Votes,1353
Clackamas,Precinct 203,Auditor,,,Under Votes,765
Clackamas,Precinct 204,Auditor,,,Under Votes,705
Clackamas,Precinct 251,Auditor,,,Under Votes,524
Clackamas,Precinct 279,Auditor,,,Under Votes,24
Clackamas,Precinct 280,Auditor,,,Under Votes,88
Clackamas,Precinct 281,Auditor,,,Under Votes,296
Clackamas,Precinct 282,Auditor,,,Under Votes,90
Clackamas,Precinct 283,Auditor,,,Under Votes,139
Clackamas,Precinct 284,Auditor,,,Under Votes,106
Clackamas,Precinct 285,Auditor,,,Under Votes,6
Clackamas,Precinct 286,Auditor,,,Under Votes,41
Clackamas,Precinct 320,Auditor,,,Under Votes,33
Clackamas,Precinct 321,Auditor,,,Under Votes,883
Clackamas,Precinct 322,Auditor,,,Under Votes,0
Clackamas,Precinct 323,Auditor,,,Under Votes,0
Clackamas,Precinct 324,Auditor,,,Under Votes,13
Clackamas,Precinct 400,Auditor,,,Under Votes,1615
Clackamas,Precinct 404,Auditor,,,Under Votes,172
Clackamas,Precinct 405,Auditor,,,Under Votes,468
Clackamas,Precinct 406,Auditor,,,Under Votes,343
Clackamas,Precinct 410,Auditor,,,Under Votes,804
Clackamas,Precinct 411,Auditor,,,Under Votes,1079
Clackamas,Precinct 412,Auditor,,,Under Votes,567
Clackamas,Precinct 413,Auditor,,,Under Votes,40
Clackamas,Precinct 414,Auditor,,,Under Votes,106
Clackamas,Precinct 416,Auditor,,,Under Votes,695
Clackamas,Precinct 417,Auditor,,,Under Votes,53
Clackamas,Precinct 419,Auditor,,,Under Votes,536
Clackamas,Precinct 420,Auditor,,,Under Votes,523
Clackamas,Precinct 421,Auditor,,,Under Votes,511
Clackamas,Precinct 422,Auditor,,,Under Votes,974
Clackamas,Precinct 500,Auditor,,,Under Votes,348
Clackamas,Precinct 501,Auditor,,,Under Votes,1129
Clackamas,Precinct 502,Auditor,,,Under Votes,1276
Clackamas,Precinct 503,Auditor,,,Under Votes,1179
Clackamas,Precinct 504,Auditor,,,Under Votes,1371
Clackamas,Precinct 506,Auditor,,,Under Votes,834
Clackamas,Precinct 510,Auditor,,,Under Votes,238
Clackamas,Precinct 511,Auditor,,,Under Votes,2
Clackamas,Precinct 512,Auditor,,,Under Votes,276
Clackamas,Precinct 513,Auditor,,,Under Votes,40
Clackamas,Precinct 600,Auditor,,,Under Votes,1339
Clackamas,Precinct 602,Auditor,,,Under Votes,1298
Clackamas,Precinct 604,Auditor,,,Under Votes,2118
Clackamas,Precinct 606,Auditor,,,Under Votes,563
Clackamas,Precinct 608,Auditor,,,Under Votes,769
Clackamas,Precinct 614,Auditor,,,Under Votes,636
Clackamas,Precinct 616,Auditor,,,Under Votes,1141
Clackamas,Precinct 618,Auditor,,,Under Votes,158
Clackamas,Precinct 620,Auditor,,,Under Votes,62
Clackamas,Precinct 622,Auditor,,,Under Votes,620
Clackamas,Precinct 626,Auditor,,,Under Votes,1191
Clackamas,Precinct 628,Auditor,,,Under Votes,275
Clackamas,Precinct 630,Auditor,,,Under Votes,1631
Clackamas,Precinct 100,Auditor,,,Write-ins,0
Clackamas,Precinct 101,Auditor,,,Write-ins,11
Clackamas,Precinct 102,Auditor,,,Write-ins,3
Clackamas,Precinct 103,Auditor,,,Write-ins,4
Clackamas,Precinct 105,Auditor,,,Write-ins,8
Clackamas,Precinct 112,Auditor,,,Write-ins,0
Clackamas,Precinct 113,Auditor,,,Write-ins,0
Clackamas,Precinct 114,Auditor,,,Write-ins,0
Clackamas,Precinct 115,Auditor,,,Write-ins,0
Clackamas,Precinct 116,Auditor,,,Write-ins,0
Clackamas,Precinct 131,Auditor,,,Write-ins,10
Clackamas,Precinct 132,Auditor,,,Write-ins,9
Clackamas,Precinct 133,Auditor,,,Write-ins,4
Clackamas,Precinct 134,Auditor,,,Write-ins,0
Clackamas,Precinct 135,Auditor,,,Write-ins,11
Clackamas,Precinct 151,Auditor,,,Write-ins,4
Clackamas,Precinct 152,Auditor,,,Write-ins,11
Clackamas,Precinct 153,Auditor,,,Write-ins,1
Clackamas,Precinct 154,Auditor,,,Write-ins,0
Clackamas,Precinct 155,Auditor,,,Write-ins,7
Clackamas,Precinct 156,Auditor,,,Write-ins,4
Clackamas,Precinct 157,Auditor,,,Write-ins,1
Clackamas,Precinct 158,Auditor,,,Write-ins,2
Clackamas,Precinct 159,Auditor,,,Write-ins,4
Clackamas,Precinct 160,Auditor,,,Write-ins,1
Clackamas,Precinct 161,Auditor,,,Write-ins,5
Clackamas,Precinct 162,Auditor,,,Write-ins,1
Clackamas,Precinct 201,Auditor,,,Write-ins,5
Clackamas,Precinct 202,Auditor,,,Write-ins,11
Clackamas,Precinct 203,Auditor,,,Write-ins,1
Clackamas,Precinct 204,Auditor,,,Write-ins,9
Clackamas,Precinct 251,Auditor,,,Write-ins,1
Clackamas,Precinct 279,Auditor,,,Write-ins,0
Clackamas,Precinct 280,Auditor,,,Write-ins,2
Clackamas,Precinct 281,Auditor,,,Write-ins,3
Clackamas,Precinct 282,Auditor,,,Write-ins,1
Clackamas,Precinct 283,Auditor,,,Write-ins,0
Clackamas,Precinct 284,Auditor,,,Write-ins,1
Clackamas,Precinct 285,Auditor,,,Write-ins,0
Clackamas,Precinct 286,Auditor,,,Write-ins,0
Clackamas,Precinct 320,Auditor,,,Write-ins,0
Clackamas,Precinct 321,Auditor,,,Write-ins,3
Clackamas,Precinct 322,Auditor,,,Write-ins,0
Clackamas,Precinct 323,Auditor,,,Write-ins,0
Clackamas,Precinct 324,Auditor,,,Write-ins,1
Clackamas,Precinct 400,Auditor,,,Write-ins,14
Clackamas,Precinct 404,Auditor,,,Write-ins,1
Clackamas,Precinct 405,Auditor,,,Write-ins,5
Clackamas,Precinct 406,Auditor,,,Write-ins,4
Clackamas,Precinct 410,Auditor,,,Write-ins,6
Clackamas,Precinct 411,Auditor,,,Write-ins,10
Clackamas,Precinct 412,Auditor,,,Write-ins,7
Clackamas,Precinct 413,Auditor,,,Write-ins,0
Clackamas,Precinct 414,Auditor,,,Write-ins,0
Clackamas,Precinct 416,Auditor,,,Write-ins,7
Clackamas,Precinct 417,Auditor,,,Write-ins,2
Clackamas,Precinct 419,Auditor,,,Write-ins,4
Clackamas,Precinct 420,Auditor,,,Write-ins,6
Clackamas,Precinct 421,Auditor,,,Write-ins,4
Clackamas,Precinct 422,Auditor,,,Write-ins,14
Clackamas,Precinct 500,Auditor,,,Write-ins,0
Clackamas,Precinct 501,Auditor,,,Write-ins,7
Clackamas,Precinct 502,Auditor,,,Write-ins,9
Clackamas,Precinct 503,Auditor,,,Write-ins,7
Clackamas,Precinct 504,Auditor,,,Write-ins,12
Clackamas,Precinct 506,Auditor,,,Write-ins,7
Clackamas,Precinct 510,Auditor,,,Write-ins,3
Clackamas,Precinct 511,Auditor,,,Write-ins,0
Clackamas,Precinct 512,Auditor,,,Write-ins,2
Clackamas,Precinct 513,Auditor,,,Write-ins,0
Clackamas,Precinct 600,Auditor,,,Write-ins,12
Clackamas,Precinct 602,Auditor,,,Write-ins,7
Clackamas,Precinct 604,Auditor,,,Write-ins,24
Clackamas,Precinct 606,Auditor,,,Write-ins,4
Clackamas,Precinct 608,Auditor,,,Write-ins,4
Clackamas,Precinct 614,Auditor,,,Write-ins,5
Clackamas,Precinct 616,Auditor,,,Write-ins,3
Clackamas,Precinct 618,Auditor,,,Write-ins,2
Clackamas,Precinct 620,Auditor,,,Write-ins,0
Clackamas,Precinct 622,Auditor,,,Write-ins,11
Clackamas,Precinct 626,Auditor,,,Write-ins,5
Clackamas,Precinct 628,Auditor,,,Write-ins,4
Clackamas,Precinct 630,Auditor,,,Write-ins,17
Clackamas,Precinct 100,Ballots Cast,,,,21
Clackamas,Precinct 101,Ballots Cast,,,,1053
Clackamas,Precinct 102,Ballots Cast,,,,210
Clackamas,Precinct 103,Ballots Cast,,,,586
Clackamas,Precinct 104,Ballots Cast,,,,5
Clackamas,Precinct 105,Ballots Cast,,,,844
Clackamas,Precinct 106,Ballots Cast,,,,406
Clackamas,Precinct 107,Ballots Cast,,,,288
Clackamas,Precinct 108,Ballots Cast,,,,639
Clackamas,Precinct 109,Ballots Cast,,,,0
Clackamas,Precinct 111,Ballots Cast,,,,494
Clackamas,Precinct 112,Ballots Cast,,,,0
Clackamas,Precinct 113,Ballots Cast,,,,9
Clackamas,Precinct 114,Ballots Cast,,,,42
Clackamas,Precinct 115,Ballots Cast,,,,74
Clackamas,Precinct 116,Ballots Cast,,,,1
Clackamas,Precinct 122,Ballots Cast,,,,786
Clackamas,Precinct 123,Ballots Cast,,,,401
Clackamas,Precinct 124,Ballots Cast,,,,815
Clackamas,Precinct 125,Ballots Cast,,,,319
Clackamas,Precinct 127,Ballots Cast,,,,10
Clackamas,Precinct 131,Ballots Cast,,,,1396
Clackamas,Precinct 132,Ballots Cast,,,,1101
Clackamas,Precinct 133,Ballots Cast,,,,516
Clackamas,Precinct 134,Ballots Cast,,,,2
Clackamas,Precinct 135,Ballots Cast,,,,1492
Clackamas,Precinct 151,Ballots Cast,,,,746
Clackamas,Precinct 152,Ballots Cast,,,,1498
Clackamas,Precinct 153,Ballots Cast,,,,109
Clackamas,Precinct 154,Ballots Cast,,,,25
Clackamas,Precinct 155,Ballots Cast,,,,693
Clackamas,Precinct 156,Ballots Cast,,,,1538
Clackamas,Precinct 157,Ballots Cast,,,,15
Clackamas,Precinct 158,Ballots Cast,,,,1135
Clackamas,Precinct 159,Ballots Cast,,,,722
Clackamas,Precinct 160,Ballots Cast,,,,468
Clackamas,Precinct 161,Ballots Cast,,,,145
Clackamas,Precinct 162,Ballots Cast,,,,197
Clackamas,Precinct 201,Ballots Cast,,,,1015
Clackamas,Precinct 202,Ballots Cast,,,,1067
Clackamas,Precinct 203,Ballots Cast,,,,690
Clackamas,Precinct 204,Ballots Cast,,,,486
Clackamas,Precinct 251,Ballots Cast,,,,444
Clackamas,Precinct 279,Ballots Cast,,,,33
Clackamas,Precinct 280,Ballots Cast,,,,119
Clackamas,Precinct 281,Ballots Cast,,,,298
Clackamas,Precinct 282,Ballots Cast,,,,101
Clackamas,Precinct 283,Ballots Cast,,,,112
Clackamas,Precinct 284,Ballots Cast,,,,114
Clackamas,Precinct 285,Ballots Cast,,,,5
Clackamas,Precinct 286,Ballots Cast,,,,45
Clackamas,Precinct 320,Ballots Cast,,,,28
Clackamas,Precinct 321,Ballots Cast,,,,565
Clackamas,Precinct 322,Ballots Cast,,,,218
Clackamas,Precinct 323,Ballots Cast,,,,281
Clackamas,Precinct 324,Ballots Cast,,,,14
Clackamas,Precinct 330,Ballots Cast,,,,506
Clackamas,Precinct 331,Ballots Cast,,,,282
Clackamas,Precinct 332,Ballots Cast,,,,123
Clackamas,Precinct 350,Ballots Cast,,,,375
Clackamas,Precinct 355,Ballots Cast,,,,0
Clackamas,Precinct 357,Ballots Cast,,,,40
Clackamas,Precinct 358,Ballots Cast,,,,59
Clackamas,Precinct 359,Ballots Cast,,,,488
Clackamas,Precinct 360,Ballots Cast,,,,169
Clackamas,Precinct 361,Ballots Cast,,,,0
Clackamas,Precinct 362,Ballots Cast,,,,120
Clackamas,Precinct 363,Ballots Cast,,,,338
Clackamas,Precinct 364,Ballots Cast,,,,43
Clackamas,Precinct 371,Ballots Cast,,,,52
Clackamas,Precinct 372,Ballots Cast,,,,4
Clackamas,Precinct 373,Ballots Cast,,,,904
Clackamas,Precinct 374,Ballots Cast,,,,0
Clackamas,Precinct 400,Ballots Cast,,,,747
Clackamas,Precinct 403,Ballots Cast,,,,271
Clackamas,Precinct 404,Ballots Cast,,,,621
Clackamas,Precinct 405,Ballots Cast,,,,355
Clackamas,Precinct 406,Ballots Cast,,,,119
Clackamas,Precinct 410,Ballots Cast,,,,639
Clackamas,Precinct 411,Ballots Cast,,,,884
Clackamas,Precinct 412,Ballots Cast,,,,406
Clackamas,Precinct 413,Ballots Cast,,,,41
Clackamas,Precinct 414,Ballots Cast,,,,144
Clackamas,Precinct 415,Ballots Cast,,,,108
Clackamas,Precinct 416,Ballots Cast,,,,494
Clackamas,Precinct 417,Ballots Cast,,,,220
Clackamas,Precinct 418,Ballots Cast,,,,227
Clackamas,Precinct 419,Ballots Cast,,,,504
Clackamas,Precinct 420,Ballots Cast,,,,456
Clackamas,Precinct 421,Ballots Cast,,,,513
Clackamas,Precinct 422,Ballots Cast,,,,923
Clackamas,Precinct 500,Ballots Cast,,,,334
Clackamas,Precinct 501,Ballots Cast,,,,1464
Clackamas,Precinct 502,Ballots Cast,,,,1290
Clackamas,Precinct 503,Ballots Cast,,,,1071
Clackamas,Precinct 504,Ballots Cast,,,,1271
Clackamas,Precinct 506,Ballots Cast,,,,637
Clackamas,Precinct 510,Ballots Cast,,,,198
Clackamas,Precinct 511,Ballots Cast,,,,415
Clackamas,Precinct 512,Ballots Cast,,,,389
Clackamas,Precinct 513,Ballots Cast,,,,30
Clackamas,Precinct 514,Ballots Cast,,,,1013
Clackamas,Precinct 515,Ballots Cast,,,,245
Clackamas,Precinct 516,Ballots Cast,,,,448
Clackamas,Precinct 517,Ballots Cast,,,,287
Clackamas,Precinct 518,Ballots Cast,,,,350
Clackamas,Precinct 600,Ballots Cast,,,,1110
Clackamas,Precinct 602,Ballots Cast,,,,930
Clackamas,Precinct 604,Ballots Cast,,,,1459
Clackamas,Precinct 606,Ballots Cast,,,,415
Clackamas,Precinct 608,Ballots Cast,,,,573
Clackamas,Precinct 614,Ballots Cast,,,,533
Clackamas,Precinct 616,Ballots Cast,,,,867
Clackamas,Precinct 618,Ballots Cast,,,,134
Clackamas,Precinct 620,Ballots Cast,,,,70
Clackamas,Precinct 622,Ballots Cast,,,,703
Clackamas,Precinct 626,Ballots Cast,,,,1354
Clackamas,Precinct 628,Ballots Cast,,,,247
Clackamas,Precinct 630,Ballots Cast,,,,1732
Clackamas,Precinct 100,Governor,,D,Brittany Jones,1
Clackamas,Precinct 101,Governor,,D,Brittany Jones,22
Clackamas,Precinct 102,Governor,,D,Brittany Jones,5
Clackamas,Precinct 103,Governor,,D,Brittany Jones,12
Clackamas,Precinct 104,Governor,,D,Brittany Jones,0
Clackamas,Precinct 105,Governor,,D,Brittany Jones,14
Clackamas,Precinct 106,Governor,,D,Brittany Jones,11
Clackamas,Precinct 107,Governor,,D,Brittany Jones,23
Clackamas,Precinct 108,Governor,,D,Brittany Jones,22
Clackamas,Precinct 109,Governor,,D,Brittany Jones,0
Clackamas,Precinct 111,Governor,,D,Brittany Jones,20
Clackamas,Precinct 112,Governor,,D,Brittany Jones,0
Clackamas,Precinct 113,Governor,,D,Brittany Jones,0
Clackamas,Precinct 114,Governor,,D,Brittany Jones,2
Clackamas,Precinct 115,Governor,,D,Brittany Jones,0
Clackamas,Precinct 116,Governor,,D,Brittany Jones,0
Clackamas,Precinct 122,Governor,,D,Brittany Jones,33
Clackamas,Precinct 123,Governor,,D,Brittany Jones,11
Clackamas,Precinct 124,Governor,,D,Brittany Jones,21
Clackamas,Precinct 125,Governor,,D,Brittany Jones,3
Clackamas,Precinct 127,Governor,,D,Brittany Jones,1
Clackamas,Precinct 131,Governor,,D,Brittany Jones,23
Clackamas,Precinct 132,Governor,,D,Brittany Jones,12
Clackamas,Precinct 133,Governor,,D,Brittany Jones,15
Clackamas,Precinct 134,Governor,,D,Brittany Jones,0
Clackamas,Precinct 135,Governor,,D,Brittany Jones,18
Clackamas,Precinct 151,Governor,,D,Brittany Jones,6
Clackamas,Precinct 152,Governor,,D,Brittany Jones,13
Clackamas,Precinct 153,Governor,,D,Brittany Jones,1
Clackamas,Precinct 154,Governor,,D,Brittany Jones,0
Clackamas,Precinct 155,Governor,,D,Brittany Jones,13
Clackamas,Precinct 156,Governor,,D,Brittany Jones,19
Clackamas,Precinct 157,Governor,,D,Brittany Jones,0
Clackamas,Precinct 158,Governor,,D,Brittany Jones,14
Clackamas,Precinct 159,Governor,,D,Brittany Jones,14
Clackamas,Precinct 160,Governor,,D,Brittany Jones,7
Clackamas,Precinct 161,Governor,,D,Brittany Jones,3
Clackamas,Precinct 162,Governor,,D,Brittany Jones,3
Clackamas,Precinct 201,Governor,,D,Brittany Jones,24
Clackamas,Precinct 202,Governor,,D,Brittany Jones,34
Clackamas,Precinct 203,Governor,,D,Brittany Jones,11
Clackamas,Precinct 204,Governor,,D,Brittany Jones,9
Clackamas,Precinct 251,Governor,,D,Brittany Jones,3
Clackamas,Precinct 279,Governor,,D,Brittany Jones,0
Clackamas,Precinct 280,Governor,,D,Brittany Jones,2
Clackamas,Precinct 281,Governor,,D,Brittany Jones,8
Clackamas,Precinct 282,Governor,,D,Brittany Jones,1
Clackamas,Precinct 283,Governor,,D,Brittany Jones,0
Clackamas,Precinct 284,Governor,,D,Brittany Jones,1
Clackamas,Precinct 285,Governor,,D,Brittany Jones,0
Clackamas,Precinct 286,Governor,,D,Brittany Jones,1
Clackamas,Precinct 320,Governor,,D,Brittany Jones,0
Clackamas,Precinct 321,Governor,,D,Brittany Jones,15
Clackamas,Precinct 322,Governor,,D,Brittany Jones,3
Clackamas,Precinct 323,Governor,,D,Brittany Jones,6
Clackamas,Precinct 324,Governor,,D,Brittany Jones,0
Clackamas,Precinct 330,Governor,,D,Brittany Jones,21
Clackamas,Precinct 331,Governor,,D,Brittany Jones,12
Clackamas,Precinct 332,Governor,,D,Brittany Jones,6
Clackamas,Precinct 350,Governor,,D,Brittany Jones,12
Clackamas,Precinct 355,Governor,,D,Brittany Jones,0
Clackamas,Precinct 357,Governor,,D,Brittany Jones,1
Clackamas,Precinct 358,Governor,,D,Brittany Jones,2
Clackamas,Precinct 359,Governor,,D,Brittany Jones,24
Clackamas,Precinct 360,Governor,,D,Brittany Jones,3
Clackamas,Precinct 361,Governor,,D,Brittany Jones,0
Clackamas,Precinct 362,Governor,,D,Brittany Jones,3
Clackamas,Precinct 363,Governor,,D,Brittany Jones,14
Clackamas,Precinct 364,Governor,,D,Brittany Jones,2
Clackamas,Precinct 371,Governor,,D,Brittany Jones,0
Clackamas,Precinct 372,Governor,,D,Brittany Jones,0
Clackamas,Precinct 373,Governor,,D,Brittany Jones,25
Clackamas,Precinct 374,Governor,,D,Brittany Jones,0
Clackamas,Precinct 400,Governor,,D,Brittany Jones,21
Clackamas,Precinct 403,Governor,,D,Brittany Jones,8
Clackamas,Precinct 404,Governor,,D,Brittany Jones,28
Clackamas,Precinct 405,Governor,,D,Brittany Jones,16
Clackamas,Precinct 406,Governor,,D,Brittany Jones,3
Clackamas,Precinct 410,Governor,,D,Brittany Jones,20
Clackamas,Precinct 411,Governor,,D,Brittany Jones,21
Clackamas,Precinct 412,Governor,,D,Brittany Jones,7
Clackamas,Precinct 413,Governor,,D,Brittany Jones,2
Clackamas,Precinct 414,Governor,,D,Brittany Jones,5
Clackamas,Precinct 415,Governor,,D,Brittany Jones,3
Clackamas,Precinct 416,Governor,,D,Brittany Jones,12
Clackamas,Precinct 417,Governor,,D,Brittany Jones,6
Clackamas,Precinct 418,Governor,,D,Brittany Jones,7
Clackamas,Precinct 419,Governor,,D,Brittany Jones,13
Clackamas,Precinct 420,Governor,,D,Brittany Jones,16
Clackamas,Precinct 421,Governor,,D,Brittany Jones,12
Clackamas,Precinct 422,Governor,,D,Brittany Jones,45
Clackamas,Precinct 500,Governor,,D,Brittany Jones,15
Clackamas,Precinct 501,Governor,,D,Brittany Jones,34
Clackamas,Precinct 502,Governor,,D,Brittany Jones,27
Clackamas,Precinct 503,Governor,,D,Brittany Jones,26
Clackamas,Precinct 504,Governor,,D,Brittany Jones,32
Clackamas,Precinct 506,Governor,,D,Brittany Jones,16
Clackamas,Precinct 510,Governor,,D,Brittany Jones,4
Clackamas,Precinct 511,Governor,,D,Brittany Jones,21
Clackamas,Precinct 512,Governor,,D,Brittany Jones,12
Clackamas,Precinct 513,Governor,,D,Brittany Jones,1
Clackamas,Precinct 514,Governor,,D,Brittany Jones,31
Clackamas,Precinct 515,Governor,,D,Brittany Jones,7
Clackamas,Precinct 516,Governor,,D,Brittany Jones,16
Clackamas,Precinct 517,Governor,,D,Brittany Jones,14
Clackamas,Precinct 518,Governor,,D,Brittany Jones,13
Clackamas,Precinct 600,Governor,,D,Brittany Jones,39
Clackamas,Precinct 602,Governor,,D,Brittany Jones,34
Clackamas,Precinct 604,Governor,,D,Brittany Jones,50
Clackamas,Precinct 606,Governor,,D,Brittany Jones,16
Clackamas,Precinct 608,Governor,,D,Brittany Jones,16
Clackamas,Precinct 614,Governor,,D,Brittany Jones,21
Clackamas,Precinct 616,Governor,,D,Brittany Jones,30
Clackamas,Precinct 618,Governor,,D,Brittany Jones,5
Clackamas,Precinct 620,Governor,,D,Brittany Jones,3
Clackamas,Precinct 622,Governor,,D,Brittany Jones,22
Clackamas,Precinct 626,Governor,,D,Brittany Jones,33
Clackamas,Precinct 628,Governor,,D,Brittany Jones,5
Clackamas,Precinct 630,Governor,,D,Brittany Jones,51
Clackamas,Precinct 100,Governor,,D,Cal Kishawi,0
Clackamas,Precinct 101,Governor,,D,Cal Kishawi,6
Clackamas,Precinct 102,Governor,,D,Cal Kishawi,2
Clackamas,Precinct 103,Governor,,D,Cal Kishawi,5
Clackamas,Precinct 104,Governor,,D,Cal Kishawi,0
Clackamas,Precinct 105,Governor,,D,Cal Kishawi,4
Clackamas,Precinct 106,Governor,,D,Cal Kishawi,7
Clackamas,Precinct 107,Governor,,D,Cal Kishawi,3
Clackamas,Precinct 108,Governor,,D,Cal Kishawi,2
Clackamas,Precinct 109,Governor,,D,Cal Kishawi,0
Clackamas,Precinct 111,Governor,,D,Cal Kishawi,2
Clackamas,Precinct 112,Governor,,D,Cal Kishawi,0
Clackamas,Precinct 113,Governor,,D,Cal Kishawi,0
Clackamas,Precinct 114,Governor,,D,Cal Kishawi,0
Clackamas,Precinct 115,Governor,,D,Cal Kishawi,0
Clackamas,Precinct 116,Governor,,D,Cal Kishawi,0
Clackamas,Precinct 122,Governor,,D,Cal Kishawi,4
Clackamas,Precinct 123,Governor,,D,Cal Kishawi,1
Clackamas,Precinct 124,Governor,,D,Cal Kishawi,3
Clackamas,Precinct 125,Governor,,D,Cal Kishawi,2
Clackamas,Precinct 127,Governor,,D,Cal Kishawi,0
Clackamas,Precinct 131,Governor,,D,Cal Kishawi,4
Clackamas,Precinct 132,Governor,,D,Cal Kishawi,8
Clackamas,Precinct 133,Governor,,D,Cal Kishawi,1
Clackamas,Precinct 134,Governor,,D,Cal Kishawi,0
Clackamas,Precinct 135,Governor,,D,Cal Kishawi,8
Clackamas,Precinct 151,Governor,,D,Cal Kishawi,3
Clackamas,Precinct 152,Governor,,D,Cal Kishawi,2
Clackamas,Precinct 153,Governor,,D,Cal Kishawi,0
Clackamas,Precinct 154,Governor,,D,Cal Kishawi,0
Clackamas,Precinct 155,Governor,,D,Cal Kishawi,3
Clackamas,Precinct 156,Governor,,D,Cal Kishawi,1
Clackamas,Precinct 157,Governor,,D,Cal Kishawi,0
Clackamas,Precinct 158,Governor,,D,Cal Kishawi,1
Clackamas,Precinct 159,Governor,,D,Cal Kishawi,1
Clackamas,Precinct 160,Governor,,D,Cal Kishawi,0
Clackamas,Precinct 161,Governor,,D,Cal Kishawi,0
Clackamas,Precinct 162,Governor,,D,Cal Kishawi,0
Clackamas,Precinct 201,Governor,,D,Cal Kishawi,4
Clackamas,Precinct 202,Governor,,D,Cal Kishawi,6
Clackamas,Precinct 203,Governor,,D,Cal Kishawi,2
Clackamas,Precinct 204,Governor,,D,Cal Kishawi,2
Clackamas,Precinct 251,Governor,,D,Cal Kishawi,3
Clackamas,Precinct 279,Governor,,D,Cal Kishawi,0
Clackamas,Precinct 280,Governor,,D,Cal Kishawi,1
Clackamas,Precinct 281,Governor,,D,Cal Kishawi,0
Clackamas,Precinct 282,Governor,,D,Cal Kishawi,0
Clackamas,Precinct 283,Governor,,D,Cal Kishawi,0
Clackamas,Precinct 284,Governor,,D,Cal Kishawi,0
Clackamas,Precinct 285,Governor,,D,Cal Kishawi,0
Clackamas,Precinct 286,Governor,,D,Cal Kishawi,0
Clackamas,Precinct 320,Governor,,D,Cal Kishawi,0
Clackamas,Precinct 321,Governor,,D,Cal Kishawi,2
Clackamas,Precinct 322,Governor,,D,Cal Kishawi,0
Clackamas,Precinct 323,Governor,,D,Cal Kishawi,0
Clackamas,Precinct 324,Governor,,D,Cal Kishawi,0
Clackamas,Precinct 330,Governor,,D,Cal Kishawi,7
Clackamas,Precinct 331,Governor,,D,Cal Kishawi,3
Clackamas,Precinct 332,Governor,,D,Cal Kishawi,0
Clackamas,Precinct 350,Governor,,D,Cal Kishawi,2
Clackamas,Precinct 355,Governor,,D,Cal Kishawi,0
Clackamas,Precinct 357,Governor,,D,Cal Kishawi,0
Clackamas,Precinct 358,Governor,,D,Cal Kishawi,1
Clackamas,Precinct 359,Governor,,D,Cal Kishawi,8
Clackamas,Precinct 360,Governor,,D,Cal Kishawi,0
Clackamas,Precinct 361,Governor,,D,Cal Kishawi,0
Clackamas,Precinct 362,Governor,,D,Cal Kishawi,2
Clackamas,Precinct 363,Governor,,D,Cal Kishawi,0
Clackamas,Precinct 364,Governor,,D,Cal Kishawi,2
Clackamas,Precinct 371,Governor,,D,Cal Kishawi,1
Clackamas,Precinct 372,Governor,,D,Cal Kishawi,0
Clackamas,Precinct 373,Governor,,D,Cal Kishawi,5
Clackamas,Precinct 374,Governor,,D,Cal Kishawi,0
Clackamas,Precinct 400,Governor,,D,Cal Kishawi,6
Clackamas,Precinct 403,Governor,,D,Cal Kishawi,1
Clackamas,Precinct 404,Governor,,D,Cal Kishawi,6
Clackamas,Precinct 405,Governor,,D,Cal Kishawi,2
Clackamas,Precinct 406,Governor,,D,Cal Kishawi,2
Clackamas,Precinct 410,Governor,,D,Cal Kishawi,2
Clackamas,Precinct 411,Governor,,D,Cal Kishawi,4
Clackamas,Precinct 412,Governor,,D,Cal Kishawi,2
Clackamas,Precinct 413,Governor,,D,Cal Kishawi,0
Clackamas,Precinct 414,Governor,,D,Cal Kishawi,0
Clackamas,Precinct 415,Governor,,D,Cal Kishawi,1
Clackamas,Precinct 416,Governor,,D,Cal Kishawi,1
Clackamas,Precinct 417,Governor,,D,Cal Kishawi,4
Clackamas,Precinct 418,Governor,,D,Cal Kishawi,1
Clackamas,Precinct 419,Governor,,D,Cal Kishawi,3
Clackamas,Precinct 420,Governor,,D,Cal Kishawi,2
Clackamas,Precinct 421,Governor,,D,Cal Kishawi,4
Clackamas,Precinct 422,Governor,,D,Cal Kishawi,4
Clackamas,Precinct 500,Governor,,D,Cal Kishawi,3
Clackamas,Precinct 501,Governor,,D,Cal Kishawi,3
Clackamas,Precinct 502,Governor,,D,Cal Kishawi,8
Clackamas,Precinct 503,Governor,,D,Cal Kishawi,3
Clackamas,Precinct 504,Governor,,D,Cal Kishawi,7
Clackamas,Precinct 506,Governor,,D,Cal Kishawi,0
Clackamas,Precinct 510,Governor,,D,Cal Kishawi,0
Clackamas,Precinct 511,Governor,,D,Cal Kishawi,3
Clackamas,Precinct 512,Governor,,D,Cal Kishawi,4
Clackamas,Precinct 513,Governor,,D,Cal Kishawi,0
Clackamas,Precinct 514,Governor,,D,Cal Kishawi,1
Clackamas,Precinct 515,Governor,,D,Cal Kishawi,2
Clackamas,Precinct 516,Governor,,D,Cal Kishawi,1
Clackamas,Precinct 517,Governor,,D,Cal Kishawi,0
Clackamas,Precinct 518,Governor,,D,Cal Kishawi,0
Clackamas,Precinct 600,Governor,,D,Cal Kishawi,4
Clackamas,Precinct 602,Governor,,D,Cal Kishawi,0
Clackamas,Precinct 604,Governor,,D,Cal Kishawi,9
Clackamas,Precinct 606,Governor,,D,Cal Kishawi,5
Clackamas,Precinct 608,Governor,,D,Cal Kishawi,3
Clackamas,Precinct 614,Governor,,D,Cal Kishawi,4
Clackamas,Precinct 616,Governor,,D,Cal Kishawi,4
Clackamas,Precinct 618,Governor,,D,Cal Kishawi,0
Clackamas,Precinct 620,Governor,,D,Cal Kishawi,0
Clackamas,Precinct 622,Governor,,D,Cal Kishawi,2
Clackamas,Precinct 626,Governor,,D,Cal Kishawi,2
Clackamas,Precinct 628,Governor,,D,Cal Kishawi,0
Clackamas,Precinct 630,Governor,,D,Cal Kishawi,5
Clackamas,Precinct 100,Governor,,D,David W. Beem,0
Clackamas,Precinct 101,Governor,,D,David W. Beem,8
Clackamas,Precinct 102,Governor,,D,David W. Beem,2
Clackamas,Precinct 103,Governor,,D,David W. Beem,6
Clackamas,Precinct 104,Governor,,D,David W. Beem,0
Clackamas,Precinct 105,Governor,,D,David W. Beem,10
Clackamas,Precinct 106,Governor,,D,David W. Beem,8
Clackamas,Precinct 107,Governor,,D,David W. Beem,3
Clackamas,Precinct 108,Governor,,D,David W. Beem,4
Clackamas,Precinct 109,Governor,,D,David W. Beem,0
Clackamas,Precinct 111,Governor,,D,David W. Beem,7
Clackamas,Precinct 112,Governor,,D,David W. Beem,0
Clackamas,Precinct 113,Governor,,D,David W. Beem,0
Clackamas,Precinct 114,Governor,,D,David W. Beem,0
Clackamas,Precinct 115,Governor,,D,David W. Beem,0
Clackamas,Precinct 116,Governor,,D,David W. Beem,0
Clackamas,Precinct 122,Governor,,D,David W. Beem,11
Clackamas,Precinct 123,Governor,,D,David W. Beem,13
Clackamas,Precinct 124,Governor,,D,David W. Beem,14
Clackamas,Precinct 125,Governor,,D,David W. Beem,0
Clackamas,Precinct 127,Governor,,D,David W. Beem,0
Clackamas,Precinct 131,Governor,,D,David W. Beem,18
Clackamas,Precinct 132,Governor,,D,David W. Beem,9
Clackamas,Precinct 133,Governor,,D,David W. Beem,3
Clackamas,Precinct 134,Governor,,D,David W. Beem,0
Clackamas,Precinct 135,Governor,,D,David W. Beem,11
Clackamas,Precinct 151,Governor,,D,David W. Beem,5
Clackamas,Precinct 152,Governor,,D,David W. Beem,9
Clackamas,Precinct 153,Governor,,D,David W. Beem,2
Clackamas,Precinct 154,Governor,,D,David W. Beem,0
Clackamas,Precinct 155,Governor,,D,David W. Beem,2
Clackamas,Precinct 156,Governor,,D,David W. Beem,5
Clackamas,Precinct 157,Governor,,D,David W. Beem,0
Clackamas,Precinct 158,Governor,,D,David W. Beem,3
Clackamas,Precinct 159,Governor,,D,David W. Beem,3
Clackamas,Precinct 160,Governor,,D,David W. Beem,1
Clackamas,Precinct 161,Governor,,D,David W. Beem,0
Clackamas,Precinct 162,Governor,,D,David W. Beem,3
Clackamas,Precinct 201,Governor,,D,David W. Beem,13
Clackamas,Precinct 202,Governor,,D,David W. Beem,14
Clackamas,Precinct 203,Governor,,D,David W. Beem,8
Clackamas,Precinct 204,Governor,,D,David W. Beem,2
Clackamas,Precinct 251,Governor,,D,David W. Beem,2
Clackamas,Precinct 279,Governor,,D,David W. Beem,1
Clackamas,Precinct 280,Governor,,D,David W. Beem,0
Clackamas,Precinct 281,Governor,,D,David W. Beem,1
Clackamas,Precinct 282,Governor,,D,David W. Beem,2
Clackamas,Precinct 283,Governor,,D,David W. Beem,0
Clackamas,Precinct 284,Governor,,D,David W. Beem,0
Clackamas,Precinct 285,Governor,,D,David W. Beem,0
Clackamas,Precinct 286,Governor,,D,David W. Beem,0
Clackamas,Precinct 320,Governor,,D,David W. Beem,0
Clackamas,Precinct 321,Governor,,D,David W. Beem,3
Clackamas,Precinct 322,Governor,,D,David W. Beem,2
Clackamas,Precinct 323,Governor,,D,David W. Beem,7
Clackamas,Precinct 324,Governor,,D,David W. Beem,0
Clackamas,Precinct 330,Governor,,D,David W. Beem,14
Clackamas,Precinct 331,Governor,,D,David W. Beem,8
Clackamas,Precinct 332,Governor,,D,David W. Beem,3
Clackamas,Precinct 350,Governor,,D,David W. Beem,14
Clackamas,Precinct 355,Governor,,D,David W. Beem,0
Clackamas,Precinct 357,Governor,,D,David W. Beem,1
Clackamas,Precinct 358,Governor,,D,David W. Beem,0
Clackamas,Precinct 359,Governor,,D,David W. Beem,9
Clackamas,Precinct 360,Governor,,D,David W. Beem,4
Clackamas,Precinct 361,Governor,,D,David W. Beem,0
Clackamas,Precinct 362,Governor,,D,David W. Beem,1
Clackamas,Precinct 363,Governor,,D,David W. Beem,8
Clackamas,Precinct 364,Governor,,D,David W. Beem,1
Clackamas,Precinct 371,Governor,,D,David W. Beem,1
Clackamas,Precinct 372,Governor,,D,David W. Beem,0
Clackamas,Precinct 373,Governor,,D,David W. Beem,10
Clackamas,Precinct 374,Governor,,D,David W. Beem,0
Clackamas,Precinct 400,Governor,,D,David W. Beem,15
Clackamas,Precinct 403,Governor,,D,David W. Beem,6
Clackamas,Precinct 404,Governor,,D,David W. Beem,22
Clackamas,Precinct 405,Governor,,D,David W. Beem,7
Clackamas,Precinct 406,Governor,,D,David W. Beem,8
Clackamas,Precinct 410,Governor,,D,David W. Beem,5
Clackamas,Precinct 411,Governor,,D,David W. Beem,7
Clackamas,Precinct 412,Governor,,D,David W. Beem,1
Clackamas,Precinct 413,Governor,,D,David W. Beem,1
Clackamas,Precinct 414,Governor,,D,David W. Beem,2
Clackamas,Precinct 415,Governor,,D,David W. Beem,1
Clackamas,Precinct 416,Governor,,D,David W. Beem,2
Clackamas,Precinct 417,Governor,,D,David W. Beem,9
Clackamas,Precinct 418,Governor,,D,David W. Beem,2
Clackamas,Precinct 419,Governor,,D,David W. Beem,7
Clackamas,Precinct 420,Governor,,D,David W. Beem,2
Clackamas,Precinct 421,Governor,,D,David W. Beem,5
Clackamas,Precinct 422,Governor,,D,David W. Beem,19
Clackamas,Precinct 500,Governor,,D,David W. Beem,6
Clackamas,Precinct 501,Governor,,D,David W. Beem,6
Clackamas,Precinct 502,Governor,,D,David W. Beem,14
Clackamas,Precinct 503,Governor,,D,David W. Beem,17
Clackamas,Precinct 504,Governor,,D,David W. Beem,20
Clackamas,Precinct 506,Governor,,D,David W. Beem,7
Clackamas,Precinct 510,Governor,,D,David W. Beem,7
Clackamas,Precinct 511,Governor,,D,David W. Beem,6
Clackamas,Precinct 512,Governor,,D,David W. Beem,3
Clackamas,Precinct 513,Governor,,D,David W. Beem,1
Clackamas,Precinct 514,Governor,,D,David W. Beem,14
Clackamas,Precinct 515,Governor,,D,David W. Beem,10
Clackamas,Precinct 516,Governor,,D,David W. Beem,4
Clackamas,Precinct 517,Governor,,D,David W. Beem,8
Clackamas,Precinct 518,Governor,,D,David W. Beem,7
Clackamas,Precinct 600,Governor,,D,David W. Beem,15
Clackamas,Precinct 602,Governor,,D,David W. Beem,17
Clackamas,Precinct 604,Governor,,D,David W. Beem,15
Clackamas,Precinct 606,Governor,,D,David W. Beem,6
Clackamas,Precinct 608,Governor,,D,David W. Beem,12
Clackamas,Precinct 614,Governor,,D,David W. Beem,7
Clackamas,Precinct 616,Governor,,D,David W. Beem,13
Clackamas,Precinct 618,Governor,,D,David W. Beem,2
Clackamas,Precinct 620,Governor,,D,David W. Beem,1
Clackamas,Precinct 622,Governor,,D,David W. Beem,11
Clackamas,Precinct 626,Governor,,D,David W. Beem,4
Clackamas,Precinct 628,Governor,,D,David W. Beem,2
Clackamas,Precinct 630,Governor,,D,David W. Beem,9
Clackamas,Precinct 100,Governor,,D,Donnie M. Beckwith,0
Clackamas,Precinct 101,Governor,,D,Donnie M. Beckwith,2
Clackamas,Precinct 102,Governor,,D,Donnie M. Beckwith,0
Clackamas,Precinct 103,Governor,,D,Donnie M. Beckwith,1
Clackamas,Precinct 104,Governor,,D,Donnie M. Beckwith,0
Clackamas,Precinct 105,Governor,,D,Donnie M. Beckwith,2
Clackamas,Precinct 106,Governor,,D,Donnie M. Beckwith,4
Clackamas,Precinct 107,Governor,,D,Donnie M. Beckwith,2
Clackamas,Precinct 108,Governor,,D,Donnie M. Beckwith,5
Clackamas,Precinct 109,Governor,,D,Donnie M. Beckwith,0
Clackamas,Precinct 111,Governor,,D,Donnie M. Beckwith,4
Clackamas,Precinct 112,Governor,,D,Donnie M. Beckwith,0
Clackamas,Precinct 113,Governor,,D,Donnie M. Beckwith,0
Clackamas,Precinct 114,Governor,,D,Donnie M. Beckwith,0
Clackamas,Precinct 115,Governor,,D,Donnie M. Beckwith,0
Clackamas,Precinct 116,Governor,,D,Donnie M. Beckwith,0
Clackamas,Precinct 122,Governor,,D,Donnie M. Beckwith,10
Clackamas,Precinct 123,Governor,,D,Donnie M. Beckwith,2
Clackamas,Precinct 124,Governor,,D,Donnie M. Beckwith,4
Clackamas,Precinct 125,Governor,,D,Donnie M. Beckwith,0
Clackamas,Precinct 127,Governor,,D,Donnie M. Beckwith,0
Clackamas,Precinct 131,Governor,,D,Donnie M. Beckwith,1
Clackamas,Precinct 132,Governor,,D,Donnie M. Beckwith,3
Clackamas,Precinct 133,Governor,,D,Donnie M. Beckwith,3
Clackamas,Precinct 134,Governor,,D,Donnie M. Beckwith,0
Clackamas,Precinct 135,Governor,,D,Donnie M. Beckwith,4
Clackamas,Precinct 151,Governor,,D,Donnie M. Beckwith,1
Clackamas,Precinct 152,Governor,,D,Donnie M. Beckwith,2
Clackamas,Precinct 153,Governor,,D,Donnie M. Beckwith,2
Clackamas,Precinct 154,Governor,,D,Donnie M. Beckwith,0
Clackamas,Precinct 155,Governor,,D,Donnie M. Beckwith,2
Clackamas,Precinct 156,Governor,,D,Donnie M. Beckwith,2
Clackamas,Precinct 157,Governor,,D,Donnie M. Beckwith,0
Clackamas,Precinct 158,Governor,,D,Donnie M. Beckwith,2
Clackamas,Precinct 159,Governor,,D,Donnie M. Beckwith,0
Clackamas,Precinct 160,Governor,,D,Donnie M. Beckwith,2
Clackamas,Precinct 161,Governor,,D,Donnie M. Beckwith,0
Clackamas,Precinct 162,Governor,,D,Donnie M. Beckwith,1
Clackamas,Precinct 201,Governor,,D,Donnie M. Beckwith,3
Clackamas,Precinct 202,Governor,,D,Donnie M. Beckwith,4
Clackamas,Precinct 203,Governor,,D,Donnie M. Beckwith,0
Clackamas,Precinct 204,Governor,,D,Donnie M. Beckwith,4
Clackamas,Precinct 251,Governor,,D,Donnie M. Beckwith,1
Clackamas,Precinct 279,Governor,,D,Donnie M. Beckwith,0
Clackamas,Precinct 280,Governor,,D,Donnie M. Beckwith,0
Clackamas,Precinct 281,Governor,,D,Donnie M. Beckwith,0
Clackamas,Precinct 282,Governor,,D,Donnie M. Beckwith,0
Clackamas,Precinct 283,Governor,,D,Donnie M. Beckwith,0
Clackamas,Precinct 284,Governor,,D,Donnie M. Beckwith,1
Clackamas,Precinct 285,Governor,,D,Donnie M. Beckwith,0
Clackamas,Precinct 286,Governor,,D,Donnie M. Beckwith,0
Clackamas,Precinct 320,Governor,,D,Donnie M. Beckwith,0
Clackamas,Precinct 321,Governor,,D,Donnie M. Beckwith,2
Clackamas,Precinct 322,Governor,,D,Donnie M. Beckwith,0
Clackamas,Precinct 323,Governor,,D,Donnie M. Beckwith,1
Clackamas,Precinct 324,Governor,,D,Donnie M. Beckwith,0
Clackamas,Precinct 330,Governor,,D,Donnie M. Beckwith,5
Clackamas,Precinct 331,Governor,,D,Donnie M. Beckwith,3
Clackamas,Precinct 332,Governor,,D,Donnie M. Beckwith,2
Clackamas,Precinct 350,Governor,,D,Donnie M. Beckwith,5
Clackamas,Precinct 355,Governor,,D,Donnie M. Beckwith,0
Clackamas,Precinct 357,Governor,,D,Donnie M. Beckwith,0
Clackamas,Precinct 358,Governor,,D,Donnie M. Beckwith,1
Clackamas,Precinct 359,Governor,,D,Donnie M. Beckwith,1
Clackamas,Precinct 360,Governor,,D,Donnie M. Beckwith,1
Clackamas,Precinct 361,Governor,,D,Donnie M. Beckwith,0
Clackamas,Precinct 362,Governor,,D,Donnie M. Beckwith,1
Clackamas,Precinct 363,Governor,,D,Donnie M. Beckwith,4
Clackamas,Precinct 364,Governor,,D,Donnie M. Beckwith,2
Clackamas,Precinct 371,Governor,,D,Donnie M. Beckwith,0
Clackamas,Precinct 372,Governor,,D,Donnie M. Beckwith,0
Clackamas,Precinct 373,Governor,,D,Donnie M. Beckwith,1
Clackamas,Precinct 374,Governor,,D,Donnie M. Beckwith,0
Clackamas,Precinct 400,Governor,,D,Donnie M. Beckwith,1
Clackamas,Precinct 403,Governor,,D,Donnie M. Beckwith,2
Clackamas,Precinct 404,Governor,,D,Donnie M. Beckwith,3
Clackamas,Precinct 405,Governor,,D,Donnie M. Beckwith,1
Clackamas,Precinct 406,Governor,,D,Donnie M. Beckwith,1
Clackamas,Precinct 410,Governor,,D,Donnie M. Beckwith,2
Clackamas,Precinct 411,Governor,,D,Donnie M. Beckwith,3
Clackamas,Precinct 412,Governor,,D,Donnie M. Beckwith,2
Clackamas,Precinct 413,Governor,,D,Donnie M. Beckwith,0
Clackamas,Precinct 414,Governor,,D,Donnie M. Beckwith,1
Clackamas,Precinct 415,Governor,,D,Donnie M. Beckwith,1
Clackamas,Precinct 416,Governor,,D,Donnie M. Beckwith,1
Clackamas,Precinct 417,Governor,,D,Donnie M. Beckwith,3
Clackamas,Precinct 418,Governor,,D,Donnie M. Beckwith,1
Clackamas,Precinct 419,Governor,,D,Donnie M. Beckwith,3
Clackamas,Precinct 420,Governor,,D,Donnie M. Beckwith,1
Clackamas,Precinct 421,Governor,,D,Donnie M. Beckwith,2
Clackamas,Precinct 422,Governor,,D,Donnie M. Beckwith,0
Clackamas,Precinct 500,Governor,,D,Donnie M. Beckwith,1
Clackamas,Precinct 501,Governor,,D,Donnie M. Beckwith,3
Clackamas,Precinct 502,Governor,,D,Donnie M. Beckwith,5
Clackamas,Precinct 503,Governor,,D,Donnie M. Beckwith,1
Clackamas,Precinct 504,Governor,,D,Donnie M. Beckwith,4
Clackamas,Precinct 506,Governor,,D,Donnie M. Beckwith,6
Clackamas,Precinct 510,Governor,,D,Donnie M. Beckwith,1
Clackamas,Precinct 511,Governor,,D,Donnie M. Beckwith,5
Clackamas,Precinct 512,Governor,,D,Donnie M. Beckwith,4
Clackamas,Precinct 513,Governor,,D,Donnie M. Beckwith,0
Clackamas,Precinct 514,Governor,,D,Donnie M. Beckwith,9
Clackamas,Precinct 515,Governor,,D,Donnie M. Beckwith,2
Clackamas,Precinct 516,Governor,,D,Donnie M. Beckwith,2
Clackamas,Precinct 517,Governor,,D,Donnie M. Beckwith,2
Clackamas,Precinct 518,Governor,,D,Donnie M. Beckwith,4
Clackamas,Precinct 600,Governor,,D,Donnie M. Beckwith,3
Clackamas,Precinct 602,Governor,,D,Donnie M. Beckwith,2
Clackamas,Precinct 604,Governor,,D,Donnie M. Beckwith,9
Clackamas,Precinct 606,Governor,,D,Donnie M. Beckwith,0
Clackamas,Precinct 608,Governor,,D,Donnie M. Beckwith,3
Clackamas,Precinct 614,Governor,,D,Donnie M. Beckwith,3
Clackamas,Precinct 616,Governor,,D,Donnie M. Beckwith,4
Clackamas,Precinct 618,Governor,,D,Donnie M. Beckwith,0
Clackamas,Precinct 620,Governor,,D,Donnie M. Beckwith,0
Clackamas,Precinct 622,Governor,,D,Donnie M. Beckwith,3
Clackamas,Precinct 626,Governor,,D,Donnie M. Beckwith,2
Clackamas,Precinct 628,Governor,,D,Donnie M. Beckwith,0
Clackamas,Precinct 630,Governor,,D,Donnie M. Beckwith,5
Clackamas,Precinct 100,Governor,,D,Forest (Fora) Alexander,0
Clackamas,Precinct 101,Governor,,D,Forest (Fora) Alexander,30
Clackamas,Precinct 102,Governor,,D,Forest (Fora) Alexander,3
Clackamas,Precinct 103,Governor,,D,Forest (Fora) Alexander,9
Clackamas,Precinct 104,Governor,,D,Forest (Fora) Alexander,0
Clackamas,Precinct 105,Governor,,D,Forest (Fora) Alexander,15
Clackamas,Precinct 106,Governor,,D,Forest (Fora) Alexander,5
Clackamas,Precinct 107,Governor,,D,Forest (Fora) Alexander,4
Clackamas,Precinct 108,Governor,,D,Forest (Fora) Alexander,11
Clackamas,Precinct 109,Governor,,D,Forest (Fora) Alexander,0
Clackamas,Precinct 111,Governor,,D,Forest (Fora) Alexander,28
Clackamas,Precinct 112,Governor,,D,Forest (Fora) Alexander,0
Clackamas,Precinct 113,Governor,,D,Forest (Fora) Alexander,0
Clackamas,Precinct 114,Governor,,D,Forest (Fora) Alexander,0
Clackamas,Precinct 115,Governor,,D,Forest (Fora) Alexander,0
Clackamas,Precinct 116,Governor,,D,Forest (Fora) Alexander,0
Clackamas,Precinct 122,Governor,,D,Forest (Fora) Alexander,15
Clackamas,Precinct 123,Governor,,D,Forest (Fora) Alexander,15
Clackamas,Precinct 124,Governor,,D,Forest (Fora) Alexander,16
Clackamas,Precinct 125,Governor,,D,Forest (Fora) Alexander,6
Clackamas,Precinct 127,Governor,,D,Forest (Fora) Alexander,1
Clackamas,Precinct 131,Governor,,D,Forest (Fora) Alexander,18
Clackamas,Precinct 132,Governor,,D,Forest (Fora) Alexander,16
Clackamas,Precinct 133,Governor,,D,Forest (Fora) Alexander,10
Clackamas,Precinct 134,Governor,,D,Forest (Fora) Alexander,0
Clackamas,Precinct 135,Governor,,D,Forest (Fora) Alexander,27
Clackamas,Precinct 151,Governor,,D,Forest (Fora) Alexander,11
Clackamas,Precinct 152,Governor,,D,Forest (Fora) Alexander,21
Clackamas,Precinct 153,Governor,,D,Forest (Fora) Alexander,1
Clackamas,Precinct 154,Governor,,D,Forest (Fora) Alexander,0
Clackamas,Precinct 155,Governor,,D,Forest (Fora) Alexander,13
Clackamas,Precinct 156,Governor,,D,Forest (Fora) Alexander,17
Clackamas,Precinct 157,Governor,,D,Forest (Fora) Alexander,0
Clackamas,Precinct 158,Governor,,D,Forest (Fora) Alexander,15
Clackamas,Precinct 159,Governor,,D,Forest (Fora) Alexander,6
Clackamas,Precinct 160,Governor,,D,Forest (Fora) Alexander,6
Clackamas,Precinct 161,Governor,,D,Forest (Fora) Alexander,1
Clackamas,Precinct 162,Governor,,D,Forest (Fora) Alexander,1
Clackamas,Precinct 201,Governor,,D,Forest (Fora) Alexander,26
Clackamas,Precinct 202,Governor,,D,Forest (Fora) Alexander,29
Clackamas,Precinct 203,Governor,,D,Forest (Fora) Alexander,10
Clackamas,Precinct 204,Governor,,D,Forest (Fora) Alexander,5
Clackamas,Precinct 251,Governor,,D,Forest (Fora) Alexander,10
Clackamas,Precinct 279,Governor,,D,Forest (Fora) Alexander,0
Clackamas,Precinct 280,Governor,,D,Forest (Fora) Alexander,1
Clackamas,Precinct 281,Governor,,D,Forest (Fora) Alexander,2
Clackamas,Precinct 282,Governor,,D,Forest (Fora) Alexander,5
Clackamas,Precinct 283,Governor,,D,Forest (Fora) Alexander,1
Clackamas,Precinct 284,Governor,,D,Forest (Fora) Alexander,2
Clackamas,Precinct 285,Governor,,D,Forest (Fora) Alexander,0
Clackamas,Precinct 286,Governor,,D,Forest (Fora) Alexander,1
Clackamas,Precinct 320,Governor,,D,Forest (Fora) Alexander,1
Clackamas,Precinct 321,Governor,,D,Forest (Fora) Alexander,5
Clackamas,Precinct 322,Governor,,D,Forest (Fora) Alexander,1
Clackamas,Precinct 323,Governor,,D,Forest (Fora) Alexander,8
Clackamas,Precinct 324,Governor,,D,Forest (Fora) Alexander,0
Clackamas,Precinct 330,Governor,,D,Forest (Fora) Alexander,21
Clackamas,Precinct 331,Governor,,D,Forest (Fora) Alexander,6
Clackamas,Precinct 332,Governor,,D,Forest (Fora) Alexander,2
Clackamas,Precinct 350,Governor,,D,Forest (Fora) Alexander,19
Clackamas,Precinct 355,Governor,,D,Forest (Fora) Alexander,0
Clackamas,Precinct 357,Governor,,D,Forest (Fora) Alexander,0
Clackamas,Precinct 358,Governor,,D,Forest (Fora) Alexander,2
Clackamas,Precinct 359,Governor,,D,Forest (Fora) Alexander,16
Clackamas,Precinct 360,Governor,,D,Forest (Fora) Alexander,4
Clackamas,Precinct 361,Governor,,D,Forest (Fora) Alexander,0
Clackamas,Precinct 362,Governor,,D,Forest (Fora) Alexander,3
Clackamas,Precinct 363,Governor,,D,Forest (Fora) Alexander,5
Clackamas,Precinct 364,Governor,,D,Forest (Fora) Alexander,0
Clackamas,Precinct 371,Governor,,D,Forest (Fora) Alexander,2
Clackamas,Precinct 372,Governor,,D,Forest (Fora) Alexander,0
Clackamas,Precinct 373,Governor,,D,Forest (Fora) Alexander,35
Clackamas,Precinct 374,Governor,,D,Forest (Fora) Alexander,0
Clackamas,Precinct 400,Governor,,D,Forest (Fora) Alexander,10
Clackamas,Precinct 403,Governor,,D,Forest (Fora) Alexander,17
Clackamas,Precinct 404,Governor,,D,Forest (Fora) Alexander,9
Clackamas,Precinct 405,Governor,,D,Forest (Fora) Alexander,5
Clackamas,Precinct 406,Governor,,D,Forest (Fora) Alexander,3
Clackamas,Precinct 410,Governor,,D,Forest (Fora) Alexander,29
Clackamas,Precinct 411,Governor,,D,Forest (Fora) Alexander,17
Clackamas,Precinct 412,Governor,,D,Forest (Fora) Alexander,13
Clackamas,Precinct 413,Governor,,D,Forest (Fora) Alexander,2
Clackamas,Precinct 414,Governor,,D,Forest (Fora) Alexander,4
Clackamas,Precinct 415,Governor,,D,Forest (Fora) Alexander,1
Clackamas,Precinct 416,Governor,,D,Forest (Fora) Alexander,6
Clackamas,Precinct 417,Governor,,D,Forest (Fora) Alexander,8
Clackamas,Precinct 418,Governor,,D,Forest (Fora) Alexander,3
Clackamas,Precinct 419,Governor,,D,Forest (Fora) Alexander,10
Clackamas,Precinct 420,Governor,,D,Forest (Fora) Alexander,7
Clackamas,Precinct 421,Governor,,D,Forest (Fora) Alexander,17
Clackamas,Precinct 422,Governor,,D,Forest (Fora) Alexander,37
Clackamas,Precinct 500,Governor,,D,Forest (Fora) Alexander,12
Clackamas,Precinct 501,Governor,,D,Forest (Fora) Alexander,27
Clackamas,Precinct 502,Governor,,D,Forest (Fora) Alexander,34
Clackamas,Precinct 503,Governor,,D,Forest (Fora) Alexander,31
Clackamas,Precinct 504,Governor,,D,Forest (Fora) Alexander,25
Clackamas,Precinct 506,Governor,,D,Forest (Fora) Alexander,16
Clackamas,Precinct 510,Governor,,D,Forest (Fora) Alexander,5
Clackamas,Precinct 511,Governor,,D,Forest (Fora) Alexander,10
Clackamas,Precinct 512,Governor,,D,Forest (Fora) Alexander,4
Clackamas,Precinct 513,Governor,,D,Forest (Fora) Alexander,1
Clackamas,Precinct 514,Governor,,D,Forest (Fora) Alexander,16
Clackamas,Precinct 515,Governor,,D,Forest (Fora) Alexander,4
Clackamas,Precinct 516,Governor,,D,Forest (Fora) Alexander,4
Clackamas,Precinct 517,Governor,,D,Forest (Fora) Alexander,14
Clackamas,Precinct 518,Governor,,D,Forest (Fora) Alexander,4
Clackamas,Precinct 600,Governor,,D,Forest (Fora) Alexander,22
Clackamas,Precinct 602,Governor,,D,Forest (Fora) Alexander,17
Clackamas,Precinct 604,Governor,,D,Forest (Fora) Alexander,30
Clackamas,Precinct 606,Governor,,D,Forest (Fora) Alexander,17
Clackamas,Precinct 608,Governor,,D,Forest (Fora) Alexander,14
Clackamas,Precinct 614,Governor,,D,Forest (Fora) Alexander,16
Clackamas,Precinct 616,Governor,,D,Forest (Fora) Alexander,17
Clackamas,Precinct 618,Governor,,D,Forest (Fora) Alexander,2
Clackamas,Precinct 620,Governor,,D,Forest (Fora) Alexander,2
Clackamas,Precinct 622,Governor,,D,Forest (Fora) Alexander,18
Clackamas,Precinct 626,Governor,,D,Forest (Fora) Alexander,45
Clackamas,Precinct 628,Governor,,D,Forest (Fora) Alexander,7
Clackamas,Precinct 630,Governor,,D,Forest (Fora) Alexander,72
Clackamas,Precinct 100,Governor,,D,James Atkinson IV,0
Clackamas,Precinct 101,Governor,,D,James Atkinson IV,6
Clackamas,Precinct 102,Governor,,D,James Atkinson IV,2
Clackamas,Precinct 103,Governor,,D,James Atkinson IV,4
Clackamas,Precinct 104,Governor,,D,James Atkinson IV,0
Clackamas,Precinct 105,Governor,,D,James Atkinson IV,11
Clackamas,Precinct 106,Governor,,D,James Atkinson IV,6
Clackamas,Precinct 107,Governor,,D,James Atkinson IV,3
Clackamas,Precinct 108,Governor,,D,James Atkinson IV,10
Clackamas,Precinct 109,Governor,,D,James Atkinson IV,0
Clackamas,Precinct 111,Governor,,D,James Atkinson IV,13
Clackamas,Precinct 112,Governor,,D,James Atkinson IV,0
Clackamas,Precinct 113,Governor,,D,James Atkinson IV,0
Clackamas,Precinct 114,Governor,,D,James Atkinson IV,0
Clackamas,Precinct 115,Governor,,D,James Atkinson IV,0
Clackamas,Precinct 116,Governor,,D,James Atkinson IV,0
Clackamas,Precinct 122,Governor,,D,James Atkinson IV,7
Clackamas,Precinct 123,Governor,,D,James Atkinson IV,3
Clackamas,Precinct 124,Governor,,D,James Atkinson IV,8
Clackamas,Precinct 125,Governor,,D,James Atkinson IV,2
Clackamas,Precinct 127,Governor,,D,James Atkinson IV,1
Clackamas,Precinct 131,Governor,,D,James Atkinson IV,11
Clackamas,Precinct 132,Governor,,D,James Atkinson IV,6
Clackamas,Precinct 133,Governor,,D,James Atkinson IV,3
Clackamas,Precinct 134,Governor,,D,James Atkinson IV,0
Clackamas,Precinct 135,Governor,,D,James Atkinson IV,10
Clackamas,Precinct 151,Governor,,D,James Atkinson IV,6
Clackamas,Precinct 152,Governor,,D,James Atkinson IV,13
Clackamas,Precinct 153,Governor,,D,James Atkinson IV,3
Clackamas,Precinct 154,Governor,,D,James Atkinson IV,0
Clackamas,Precinct 155,Governor,,D,James Atkinson IV,8
Clackamas,Precinct 156,Governor,,D,James Atkinson IV,13
Clackamas,Precinct 157,Governor,,D,James Atkinson IV,0
Clackamas,Precinct 158,Governor,,D,James Atkinson IV,7
Clackamas,Precinct 159,Governor,,D,James Atkinson IV,2
Clackamas,Precinct 160,Governor,,D,James Atkinson IV,5
Clackamas,Precinct 161,Governor,,D,James Atkinson IV,2
Clackamas,Precinct 162,Governor,,D,James Atkinson IV,1
Clackamas,Precinct 201,Governor,,D,James Atkinson IV,6
Clackamas,Precinct 202,Governor,,D,James Atkinson IV,9
Clackamas,Precinct 203,Governor,,D,James Atkinson IV,3
Clackamas,Precinct 204,Governor,,D,James Atkinson IV,4
Clackamas,Precinct 251,Governor,,D,James Atkinson IV,4
Clackamas,Precinct 279,Governor,,D,James Atkinson IV,0
Clackamas,Precinct 280,Governor,,D,James Atkinson IV,0
Clackamas,Precinct 281,Governor,,D,James Atkinson IV,2
Clackamas,Precinct 282,Governor,,D,James Atkinson IV,1
Clackamas,Precinct 283,Governor,,D,James Atkinson IV,4
Clackamas,Precinct 284,Governor,,D,James Atkinson IV,2
Clackamas,Precinct 285,Governor,,D,James Atkinson IV,0
Clackamas,Precinct 286,Governor,,D,James Atkinson IV,0
Clackamas,Precinct 320,Governor,,D,James Atkinson IV,0
Clackamas,Precinct 321,Governor,,D,James Atkinson IV,7
Clackamas,Precinct 322,Governor,,D,James Atkinson IV,3
Clackamas,Precinct 323,Governor,,D,James Atkinson IV,5
Clackamas,Precinct 324,Governor,,D,James Atkinson IV,0
Clackamas,Precinct 330,Governor,,D,James Atkinson IV,8
Clackamas,Precinct 331,Governor,,D,James Atkinson IV,4
Clackamas,Precinct 332,Governor,,D,James Atkinson IV,2
Clackamas,Precinct 350,Governor,,D,James Atkinson IV,4
Clackamas,Precinct 355,Governor,,D,James Atkinson IV,0
Clackamas,Precinct 357,Governor,,D,James Atkinson IV,2
Clackamas,Precinct 358,Governor,,D,James Atkinson IV,3
Clackamas,Precinct 359,Governor,,D,James Atkinson IV,13
Clackamas,Precinct 360,Governor,,D,James Atkinson IV,2
Clackamas,Precinct 361,Governor,,D,James Atkinson IV,0
Clackamas,Precinct 362,Governor,,D,James Atkinson IV,1
Clackamas,Precinct 363,Governor,,D,James Atkinson IV,8
Clackamas,Precinct 364,Governor,,D,James Atkinson IV,1
Clackamas,Precinct 371,Governor,,D,James Atkinson IV,0
Clackamas,Precinct 372,Governor,,D,James Atkinson IV,0
Clackamas,Precinct 373,Governor,,D,James Atkinson IV,9
Clackamas,Precinct 374,Governor,,D,James Atkinson IV,0
Clackamas,Precinct 400,Governor,,D,James Atkinson IV,8
Clackamas,Precinct 403,Governor,,D,James Atkinson IV,2
Clackamas,Precinct 404,Governor,,D,James Atkinson IV,14
Clackamas,Precinct 405,Governor,,D,James Atkinson IV,6
Clackamas,Precinct 406,Governor,,D,James Atkinson IV,4
Clackamas,Precinct 410,Governor,,D,James Atkinson IV,7
Clackamas,Precinct 411,Governor,,D,James Atkinson IV,5
Clackamas,Precinct 412,Governor,,D,James Atkinson IV,5
Clackamas,Precinct 413,Governor,,D,James Atkinson IV,0
Clackamas,Precinct 414,Governor,,D,James Atkinson IV,1
Clackamas,Precinct 415,Governor,,D,James Atkinson IV,3
Clackamas,Precinct 416,Governor,,D,James Atkinson IV,7
Clackamas,Precinct 417,Governor,,D,James Atkinson IV,0
Clackamas,Precinct 418,Governor,,D,James Atkinson IV,5
Clackamas,Precinct 419,Governor,,D,James Atkinson IV,6
Clackamas,Precinct 420,Governor,,D,James Atkinson IV,5
Clackamas,Precinct 421,Governor,,D,James Atkinson IV,10
Clackamas,Precinct 422,Governor,,D,James Atkinson IV,11
Clackamas,Precinct 500,Governor,,D,James Atkinson IV,1
Clackamas,Precinct 501,Governor,,D,James Atkinson IV,7
Clackamas,Precinct 502,Governor,,D,James Atkinson IV,7
Clackamas,Precinct 503,Governor,,D,James Atkinson IV,9
Clackamas,Precinct 504,Governor,,D,James Atkinson IV,17
Clackamas,Precinct 506,Governor,,D,James Atkinson IV,6
Clackamas,Precinct 510,Governor,,D,James Atkinson IV,1
Clackamas,Precinct 511,Governor,,D,James Atkinson IV,5
Clackamas,Precinct 512,Governor,,D,James Atkinson IV,7
Clackamas,Precinct 513,Governor,,D,James Atkinson IV,1
Clackamas,Precinct 514,Governor,,D,James Atkinson IV,11
Clackamas,Precinct 515,Governor,,D,James Atkinson IV,0
Clackamas,Precinct 516,Governor,,D,James Atkinson IV,10
Clackamas,Precinct 517,Governor,,D,James Atkinson IV,1
Clackamas,Precinct 518,Governor,,D,James Atkinson IV,3
Clackamas,Precinct 600,Governor,,D,James Atkinson IV,18
Clackamas,Precinct 602,Governor,,D,James Atkinson IV,8
Clackamas,Precinct 604,Governor,,D,James Atkinson IV,22
Clackamas,Precinct 606,Governor,,D,James Atkinson IV,6
Clackamas,Precinct 608,Governor,,D,James Atkinson IV,5
Clackamas,Precinct 614,Governor,,D,James Atkinson IV,15
Clackamas,Precinct 616,Governor,,D,James Atkinson IV,10
Clackamas,Precinct 618,Governor,,D,James Atkinson IV,0
Clackamas,Precinct 620,Governor,,D,James Atkinson IV,3
Clackamas,Precinct 622,Governor,,D,James Atkinson IV,7
Clackamas,Precinct 626,Governor,,D,James Atkinson IV,3
Clackamas,Precinct 628,Governor,,D,James Atkinson IV,4
Clackamas,Precinct 630,Governor,,D,James Atkinson IV,18
Clackamas,Precinct 100,Governor,,D,Miranda Weigler,0
Clackamas,Precinct 101,Governor,,D,Miranda Weigler,18
Clackamas,Precinct 102,Governor,,D,Miranda Weigler,3
Clackamas,Precinct 103,Governor,,D,Miranda Weigler,7
Clackamas,Precinct 104,Governor,,D,Miranda Weigler,0
Clackamas,Precinct 105,Governor,,D,Miranda Weigler,17
Clackamas,Precinct 106,Governor,,D,Miranda Weigler,16
Clackamas,Precinct 107,Governor,,D,Miranda Weigler,6
Clackamas,Precinct 108,Governor,,D,Miranda Weigler,14
Clackamas,Precinct 109,Governor,,D,Miranda Weigler,0
Clackamas,Precinct 111,Governor,,D,Miranda Weigler,22
Clackamas,Precinct 112,Governor,,D,Miranda Weigler,0
Clackamas,Precinct 113,Governor,,D,Miranda Weigler,0
Clackamas,Precinct 114,Governor,,D,Miranda Weigler,0
Clackamas,Precinct 115,Governor,,D,Miranda Weigler,2
Clackamas,Precinct 116,Governor,,D,Miranda Weigler,0
Clackamas,Precinct 122,Governor,,D,Miranda Weigler,26
Clackamas,Precinct 123,Governor,,D,Miranda Weigler,14
Clackamas,Precinct 124,Governor,,D,Miranda Weigler,24
Clackamas,Precinct 125,Governor,,D,Miranda Weigler,9
Clackamas,Precinct 127,Governor,,D,Miranda Weigler,0
Clackamas,Precinct 131,Governor,,D,Miranda Weigler,26
Clackamas,Precinct 132,Governor,,D,Miranda Weigler,14
Clackamas,Precinct 133,Governor,,D,Miranda Weigler,8
Clackamas,Precinct 134,Governor,,D,Miranda Weigler,0
Clackamas,Precinct 135,Governor,,D,Miranda Weigler,21
Clackamas,Precinct 151,Governor,,D,Miranda Weigler,6
Clackamas,Precinct 152,Governor,,D,Miranda Weigler,20
Clackamas,Precinct 153,Governor,,D,Miranda Weigler,1
Clackamas,Precinct 154,Governor,,D,Miranda Weigler,0
Clackamas,Precinct 155,Governor,,D,Miranda Weigler,9
Clackamas,Precinct 156,Governor,,D,Miranda Weigler,15
Clackamas,Precinct 157,Governor,,D,Miranda Weigler,0
Clackamas,Precinct 158,Governor,,D,Miranda Weigler,15
Clackamas,Precinct 159,Governor,,D,Miranda Weigler,11
Clackamas,Precinct 160,Governor,,D,Miranda Weigler,7
Clackamas,Precinct 161,Governor,,D,Miranda Weigler,2
Clackamas,Precinct 162,Governor,,D,Miranda Weigler,3
Clackamas,Precinct 201,Governor,,D,Miranda Weigler,15
Clackamas,Precinct 202,Governor,,D,Miranda Weigler,19
Clackamas,Precinct 203,Governor,,D,Miranda Weigler,10
Clackamas,Precinct 204,Governor,,D,Miranda Weigler,10
Clackamas,Precinct 251,Governor,,D,Miranda Weigler,6
Clackamas,Precinct 279,Governor,,D,Miranda Weigler,0
Clackamas,Precinct 280,Governor,,D,Miranda Weigler,4
Clackamas,Precinct 281,Governor,,D,Miranda Weigler,8
Clackamas,Precinct 282,Governor,,D,Miranda Weigler,5
Clackamas,Precinct 283,Governor,,D,Miranda Weigler,1
Clackamas,Precinct 284,Governor,,D,Miranda Weigler,0
Clackamas,Precinct 285,Governor,,D,Miranda Weigler,0
Clackamas,Precinct 286,Governor,,D,Miranda Weigler,0
Clackamas,Precinct 320,Governor,,D,Miranda Weigler,0
Clackamas,Precinct 321,Governor,,D,Miranda Weigler,13
Clackamas,Precinct 322,Governor,,D,Miranda Weigler,1
Clackamas,Precinct 323,Governor,,D,Miranda Weigler,2
Clackamas,Precinct 324,Governor,,D,Miranda Weigler,0
Clackamas,Precinct 330,Governor,,D,Miranda Weigler,9
Clackamas,Precinct 331,Governor,,D,Miranda Weigler,9
Clackamas,Precinct 332,Governor,,D,Miranda Weigler,0
Clackamas,Precinct 350,Governor,,D,Miranda Weigler,8
Clackamas,Precinct 355,Governor,,D,Miranda Weigler,0
Clackamas,Precinct 357,Governor,,D,Miranda Weigler,1
Clackamas,Precinct 358,Governor,,D,Miranda Weigler,1
Clackamas,Precinct 359,Governor,,D,Miranda Weigler,14
Clackamas,Precinct 360,Governor,,D,Miranda Weigler,7
Clackamas,Precinct 361,Governor,,D,Miranda Weigler,0
Clackamas,Precinct 362,Governor,,D,Miranda Weigler,6
Clackamas,Precinct 363,Governor,,D,Miranda Weigler,8
Clackamas,Precinct 364,Governor,,D,Miranda Weigler,2
Clackamas,Precinct 371,Governor,,D,Miranda Weigler,1
Clackamas,Precinct 372,Governor,,D,Miranda Weigler,0
Clackamas,Precinct 373,Governor,,D,Miranda Weigler,19
Clackamas,Precinct 374,Governor,,D,Miranda Weigler,0
Clackamas,Precinct 400,Governor,,D,Miranda Weigler,18
Clackamas,Precinct 403,Governor,,D,Miranda Weigler,12
Clackamas,Precinct 404,Governor,,D,Miranda Weigler,15
Clackamas,Precinct 405,Governor,,D,Miranda Weigler,10
Clackamas,Precinct 406,Governor,,D,Miranda Weigler,3
Clackamas,Precinct 410,Governor,,D,Miranda Weigler,14
Clackamas,Precinct 411,Governor,,D,Miranda Weigler,20
Clackamas,Precinct 412,Governor,,D,Miranda Weigler,4
Clackamas,Precinct 413,Governor,,D,Miranda Weigler,1
Clackamas,Precinct 414,Governor,,D,Miranda Weigler,5
Clackamas,Precinct 415,Governor,,D,Miranda Weigler,3
Clackamas,Precinct 416,Governor,,D,Miranda Weigler,15
Clackamas,Precinct 417,Governor,,D,Miranda Weigler,4
Clackamas,Precinct 418,Governor,,D,Miranda Weigler,4
Clackamas,Precinct 419,Governor,,D,Miranda Weigler,4
Clackamas,Precinct 420,Governor,,D,Miranda Weigler,10
Clackamas,Precinct 421,Governor,,D,Miranda Weigler,13
Clackamas,Precinct 422,Governor,,D,Miranda Weigler,32
Clackamas,Precinct 500,Governor,,D,Miranda Weigler,5
Clackamas,Precinct 501,Governor,,D,Miranda Weigler,14
Clackamas,Precinct 502,Governor,,D,Miranda Weigler,21
Clackamas,Precinct 503,Governor,,D,Miranda Weigler,21
Clackamas,Precinct 504,Governor,,D,Miranda Weigler,36
Clackamas,Precinct 506,Governor,,D,Miranda Weigler,17
Clackamas,Precinct 510,Governor,,D,Miranda Weigler,5
Clackamas,Precinct 511,Governor,,D,Miranda Weigler,10
Clackamas,Precinct 512,Governor,,D,Miranda Weigler,12
Clackamas,Precinct 513,Governor,,D,Miranda Weigler,2
Clackamas,Precinct 514,Governor,,D,Miranda Weigler,32
Clackamas,Precinct 515,Governor,,D,Miranda Weigler,8
Clackamas,Precinct 516,Governor,,D,Miranda Weigler,9
Clackamas,Precinct 517,Governor,,D,Miranda Weigler,12
Clackamas,Precinct 518,Governor,,D,Miranda Weigler,13
Clackamas,Precinct 600,Governor,,D,Miranda Weigler,20
Clackamas,Precinct 602,Governor,,D,Miranda Weigler,18
Clackamas,Precinct 604,Governor,,D,Miranda Weigler,38
Clackamas,Precinct 606,Governor,,D,Miranda Weigler,4
Clackamas,Precinct 608,Governor,,D,Miranda Weigler,16
Clackamas,Precinct 614,Governor,,D,Miranda Weigler,13
Clackamas,Precinct 616,Governor,,D,Miranda Weigler,23
Clackamas,Precinct 618,Governor,,D,Miranda Weigler,2
Clackamas,Precinct 620,Governor,,D,Miranda Weigler,2
Clackamas,Precinct 622,Governor,,D,Miranda Weigler,12
Clackamas,Precinct 626,Governor,,D,Miranda Weigler,29
Clackamas,Precinct 628,Governor,,D,Miranda Weigler,3
Clackamas,Precinct 630,Governor,,D,Miranda Weigler,28
Clackamas,Precinct 100,Governor,,D,Over Votes,0
Clackamas,Precinct 101,Governor,,D,Over Votes,0
Clackamas,Precinct 102,Governor,,D,Over Votes,0
Clackamas,Precinct 103,Governor,,D,Over Votes,0
Clackamas,Precinct 104,Governor,,D,Over Votes,0
Clackamas,Precinct 105,Governor,,D,Over Votes,0
Clackamas,Precinct 106,Governor,,D,Over Votes,0
Clackamas,Precinct 107,Governor,,D,Over Votes,0
Clackamas,Precinct 108,Governor,,D,Over Votes,0
Clackamas,Precinct 109,Governor,,D,Over Votes,0
Clackamas,Precinct 111,Governor,,D,Over Votes,0
Clackamas,Precinct 112,Governor,,D,Over Votes,0
Clackamas,Precinct 113,Governor,,D,Over Votes,0
Clackamas,Precinct 114,Governor,,D,Over Votes,0
Clackamas,Precinct 115,Governor,,D,Over Votes,0
Clackamas,Precinct 116,Governor,,D,Over Votes,0
Clackamas,Precinct 122,Governor,,D,Over Votes,0
Clackamas,Precinct 123,Governor,,D,Over Votes,0
Clackamas,Precinct 124,Governor,,D,Over Votes,0
Clackamas,Precinct 125,Governor,,D,Over Votes,0
Clackamas,Precinct 127,Governor,,D,Over Votes,0
Clackamas,Precinct 131,Governor,,D,Over Votes,1
Clackamas,Precinct 132,Governor,,D,Over Votes,0
Clackamas,Precinct 133,Governor,,D,Over Votes,0
Clackamas,Precinct 134,Governor,,D,Over Votes,0
Clackamas,Precinct 135,Governor,,D,Over Votes,0
Clackamas,Precinct 151,Governor,,D,Over Votes,0
Clackamas,Precinct 152,Governor,,D,Over Votes,0
Clackamas,Precinct 153,Governor,,D,Over Votes,0
Clackamas,Precinct 154,Governor,,D,Over Votes,0
Clackamas,Precinct 155,Governor,,D,Over Votes,0
Clackamas,Precinct 156,Governor,,D,Over Votes,0
Clackamas,Precinct 157,Governor,,D,Over Votes,0
Clackamas,Precinct 158,Governor,,D,Over Votes,0
Clackamas,Precinct 159,Governor,,D,Over Votes,0
Clackamas,Precinct 160,Governor,,D,Over Votes,0
Clackamas,Precinct 161,Governor,,D,Over Votes,0
Clackamas,Precinct 162,Governor,,D,Over Votes,0
Clackamas,Precinct 201,Governor,,D,Over Votes,0
Clackamas,Precinct 202,Governor,,D,Over Votes,0
Clackamas,Precinct 203,Governor,,D,Over Votes,0
Clackamas,Precinct 204,Governor,,D,Over Votes,0
Clackamas,Precinct 251,Governor,,D,Over Votes,0
Clackamas,Precinct 279,Governor,,D,Over Votes,0
Clackamas,Precinct 280,Governor,,D,Over Votes,0
Clackamas,Precinct 281,Governor,,D,Over Votes,0
Clackamas,Precinct 282,Governor,,D,Over Votes,0
Clackamas,Precinct 283,Governor,,D,Over Votes,0
Clackamas,Precinct 284,Governor,,D,Over Votes,0
Clackamas,Precinct 285,Governor,,D,Over Votes,0
Clackamas,Precinct 286,Governor,,D,Over Votes,0
Clackamas,Precinct 320,Governor,,D,Over Votes,0
Clackamas,Precinct 321,Governor,,D,Over Votes,0
Clackamas,Precinct 322,Governor,,D,Over Votes,0
Clackamas,Precinct 323,Governor,,D,Over Votes,0
Clackamas,Precinct 324,Governor,,D,Over Votes,0
Clackamas,Precinct 330,Governor,,D,Over Votes,0
Clackamas,Precinct 331,Governor,,D,Over Votes,0
Clackamas,Precinct 332,Governor,,D,Over Votes,0
Clackamas,Precinct 350,Governor,,D,Over Votes,0
Clackamas,Precinct 355,Governor,,D,Over Votes,0
Clackamas,Precinct 357,Governor,,D,Over Votes,0
Clackamas,Precinct 358,Governor,,D,Over Votes,0
Clackamas,Precinct 359,Governor,,D,Over Votes,0
Clackamas,Precinct 360,Governor,,D,Over Votes,0
Clackamas,Precinct 361,Governor,,D,Over Votes,0
Clackamas,Precinct 362,Governor,,D,Over Votes,0
Clackamas,Precinct 363,Governor,,D,Over Votes,0
Clackamas,Precinct 364,Governor,,D,Over Votes,0
Clackamas,Precinct 371,Governor,,D,Over Votes,0
Clackamas,Precinct 372,Governor,,D,Over Votes,0
Clackamas,Precinct 373,Governor,,D,Over Votes,0
Clackamas,Precinct 374,Governor,,D,Over Votes,0
Clackamas,Precinct 400,Governor,,D,Over Votes,0
Clackamas,Precinct 403,Governor,,D,Over Votes,0
Clackamas,Precinct 404,Governor,,D,Over Votes,0
Clackamas,Precinct 405,Governor,,D,Over Votes,0
Clackamas,Precinct 406,Governor,,D,Over Votes,0
Clackamas,Precinct 410,Governor,,D,Over Votes,0
Clackamas,Precinct 411,Governor,,D,Over Votes,0
Clackamas,Precinct 412,Governor,,D,Over Votes,0
Clackamas,Precinct 413,Governor,,D,Over Votes,0
Clackamas,Precinct 414,Governor,,D,Over Votes,0
Clackamas,Precinct 415,Governor,,D,Over Votes,0
Clackamas,Precinct 416,Governor,,D,Over Votes,0
Clackamas,Precinct 417,Governor,,D,Over Votes,0
Clackamas,Precinct 418,Governor,,D,Over Votes,0
Clackamas,Precinct 419,Governor,,D,Over Votes,0
Clackamas,Precinct 420,Governor,,D,Over Votes,0
Clackamas,Precinct 421,Governor,,D,Over Votes,0
Clackamas,Precinct 422,Governor,,D,Over Votes,0
Clackamas,Precinct 500,Governor,,D,Over Votes,0
Clackamas,Precinct 501,Governor,,D,Over Votes,0
Clackamas,Precinct 502,Governor,,D,Over Votes,0
Clackamas,Precinct 503,Governor,,D,Over Votes,0
Clackamas,Precinct 504,Governor,,D,Over Votes,0
Clackamas,Precinct 506,Governor,,D,Over Votes,0
Clackamas,Precinct 510,Governor,,D,Over Votes,0
Clackamas,Precinct 511,Governor,,D,Over Votes,0
Clackamas,Precinct 512,Governor,,D,Over Votes,0
Clackamas,Precinct 513,Governor,,D,Over Votes,0
Clackamas,Precinct 514,Governor,,D,Over Votes,0
Clackamas,Precinct 515,Governor,,D,Over Votes,0
Clackamas,Precinct 516,Governor,,D,Over Votes,0
Clackamas,Precinct 517,Governor,,D,Over Votes,0
Clackamas,Precinct 518,Governor,,D,Over Votes,0
Clackamas,Precinct 600,Governor,,D,Over Votes,0
Clackamas,Precinct 602,Governor,,D,Over Votes,0
Clackamas,Precinct 604,Governor,,D,Over Votes,2
Clackamas,Precinct 606,Governor,,D,Over Votes,0
Clackamas,Precinct 608,Governor,,D,Over Votes,0
Clackamas,Precinct 614,Governor,,D,Over Votes,0
Clackamas,Precinct 616,Governor,,D,Over Votes,0
Clackamas,Precinct 618,Governor,,D,Over Votes,0
Clackamas,Precinct 620,Governor,,D,Over Votes,0
Clackamas,Precinct 622,Governor,,D,Over Votes,0
Clackamas,Precinct 626,Governor,,D,Over Votes,0
Clackamas,Precinct 628,Governor,,D,Over Votes,1
Clackamas,Precinct 630,Governor,,D,Over Votes,0
Clackamas,Precinct 100,Governor,,D,Steve William Laible,0
Clackamas,Precinct 101,Governor,,D,Steve William Laible,9
Clackamas,Precinct 102,Governor,,D,Steve William Laible,2
Clackamas,Precinct 103,Governor,,D,Steve William Laible,2
Clackamas,Precinct 104,Governor,,D,Steve William Laible,0
Clackamas,Precinct 105,Governor,,D,Steve William Laible,5
Clackamas,Precinct 106,Governor,,D,Steve William Laible,7
Clackamas,Precinct 107,Governor,,D,Steve William Laible,2
Clackamas,Precinct 108,Governor,,D,Steve William Laible,5
Clackamas,Precinct 109,Governor,,D,Steve William Laible,0
Clackamas,Precinct 111,Governor,,D,Steve William Laible,11
Clackamas,Precinct 112,Governor,,D,Steve William Laible,0
Clackamas,Precinct 113,Governor,,D,Steve William Laible,0
Clackamas,Precinct 114,Governor,,D,Steve William Laible,0
Clackamas,Precinct 115,Governor,,D,Steve William Laible,0
Clackamas,Precinct 116,Governor,,D,Steve William Laible,0
Clackamas,Precinct 122,Governor,,D,Steve William Laible,9
Clackamas,Precinct 123,Governor,,D,Steve William Laible,2
Clackamas,Precinct 124,Governor,,D,Steve William Laible,5
Clackamas,Precinct 125,Governor,,D,Steve William Laible,3
Clackamas,Precinct 127,Governor,,D,Steve William Laible,0
Clackamas,Precinct 131,Governor,,D,Steve William Laible,11
Clackamas,Precinct 132,Governor,,D,Steve William Laible,7
Clackamas,Precinct 133,Governor,,D,Steve William Laible,4
Clackamas,Precinct 134,Governor,,D,Steve William Laible,0
Clackamas,Precinct 135,Governor,,D,Steve William Laible,4
Clackamas,Precinct 151,Governor,,D,Steve William Laible,1
Clackamas,Precinct 152,Governor,,D,Steve William Laible,11
Clackamas,Precinct 153,Governor,,D,Steve William Laible,2
Clackamas,Precinct 154,Governor,,D,Steve William Laible,0
Clackamas,Precinct 155,Governor,,D,Steve William Laible,2
Clackamas,Precinct 156,Governor,,D,Steve William Laible,3
Clackamas,Precinct 157,Governor,,D,Steve William Laible,0
Clackamas,Precinct 158,Governor,,D,Steve William Laible,6
Clackamas,Precinct 159,Governor,,D,Steve William Laible,6
Clackamas,Precinct 160,Governor,,D,Steve William Laible,3
Clackamas,Precinct 161,Governor,,D,Steve William Laible,0
Clackamas,Precinct 162,Governor,,D,Steve William Laible,2
Clackamas,Precinct 201,Governor,,D,Steve William Laible,3
Clackamas,Precinct 202,Governor,,D,Steve William Laible,6
Clackamas,Precinct 203,Governor,,D,Steve William Laible,3
Clackamas,Precinct 204,Governor,,D,Steve William Laible,6
Clackamas,Precinct 251,Governor,,D,Steve William Laible,1
Clackamas,Precinct 279,Governor,,D,Steve William Laible,1
Clackamas,Precinct 280,Governor,,D,Steve William Laible,3
Clackamas,Precinct 281,Governor,,D,Steve William Laible,0
Clackamas,Precinct 282,Governor,,D,Steve William Laible,0
Clackamas,Precinct 283,Governor,,D,Steve William Laible,0
Clackamas,Precinct 284,Governor,,D,Steve William Laible,0
Clackamas,Precinct 285,Governor,,D,Steve William Laible,0
Clackamas,Precinct 286,Governor,,D,Steve William Laible,0
Clackamas,Precinct 320,Governor,,D,Steve William Laible,0
Clackamas,Precinct 321,Governor,,D,Steve William Laible,4
Clackamas,Precinct 322,Governor,,D,Steve William Laible,1
Clackamas,Precinct 323,Governor,,D,Steve William Laible,2
Clackamas,Precinct 324,Governor,,D,Steve William Laible,0
Clackamas,Precinct 330,Governor,,D,Steve William Laible,8
Clackamas,Precinct 331,Governor,,D,Steve William Laible,6
Clackamas,Precinct 332,Governor,,D,Steve William Laible,0
Clackamas,Precinct 350,Governor,,D,Steve William Laible,8
Clackamas,Precinct 355,Governor,,D,Steve William Laible,0
Clackamas,Precinct 357,Governor,,D,Steve William Laible,0
Clackamas,Precinct 358,Governor,,D,Steve William Laible,0
Clackamas,Precinct 359,Governor,,D,Steve William Laible,10
Clackamas,Precinct 360,Governor,,D,Steve William Laible,2
Clackamas,Precinct 361,Governor,,D,Steve William Laible,0
Clackamas,Precinct 362,Governor,,D,Steve William Laible,3
Clackamas,Precinct 363,Governor,,D,Steve William Laible,4
Clackamas,Precinct 364,Governor,,D,Steve William Laible,1
Clackamas,Precinct 371,Governor,,D,Steve William Laible,1
Clackamas,Precinct 372,Governor,,D,Steve William Laible,0
Clackamas,Precinct 373,Governor,,D,Steve William Laible,6
Clackamas,Precinct 374,Governor,,D,Steve William Laible,0
Clackamas,Precinct 400,Governor,,D,Steve William Laible,6
Clackamas,Precinct 403,Governor,,D,Steve William Laible,1
Clackamas,Precinct 404,Governor,,D,Steve William Laible,8
Clackamas,Precinct 405,Governor,,D,Steve William Laible,3
Clackamas,Precinct 406,Governor,,D,Steve William Laible,3
Clackamas,Precinct 410,Governor,,D,Steve William Laible,4
Clackamas,Precinct 411,Governor,,D,Steve William Laible,5
Clackamas,Precinct 412,Governor,,D,Steve William Laible,7
Clackamas,Precinct 413,Governor,,D,Steve William Laible,0
Clackamas,Precinct 414,Governor,,D,Steve William Laible,3
Clackamas,Precinct 415,Governor,,D,Steve William Laible,1
Clackamas,Precinct 416,Governor,,D,Steve William Laible,2
Clackamas,Precinct 417,Governor,,D,Steve William Laible,3
Clackamas,Precinct 418,Governor,,D,Steve William Laible,4
Clackamas,Precinct 419,Governor,,D,Steve William Laible,5
Clackamas,Precinct 420,Governor,,D,Steve William Laible,4
Clackamas,Precinct 421,Governor,,D,Steve William Laible,5
Clackamas,Precinct 422,Governor,,D,Steve William Laible,4
Clackamas,Precinct 500,Governor,,D,Steve William Laible,1
Clackamas,Precinct 501,Governor,,D,Steve William Laible,3
Clackamas,Precinct 502,Governor,,D,Steve William Laible,10
Clackamas,Precinct 503,Governor,,D,Steve William Laible,11
Clackamas,Precinct 504,Governor,,D,Steve William Laible,14
Clackamas,Precinct 506,Governor,,D,Steve William Laible,7
Clackamas,Precinct 510,Governor,,D,Steve William Laible,0
Clackamas,Precinct 511,Governor,,D,Steve William Laible,8
Clackamas,Precinct 512,Governor,,D,Steve William Laible,11
Clackamas,Precinct 513,Governor,,D,Steve William Laible,1
Clackamas,Precinct 514,Governor,,D,Steve William Laible,15
Clackamas,Precinct 515,Governor,,D,Steve William Laible,3
Clackamas,Precinct 516,Governor,,D,Steve William Laible,5
Clackamas,Precinct 517,Governor,,D,Steve William Laible,4
Clackamas,Precinct 518,Governor,,D,Steve William Laible,3
Clackamas,Precinct 600,Governor,,D,Steve William Laible,9
Clackamas,Precinct 602,Governor,,D,Steve William Laible,7
Clackamas,Precinct 604,Governor,,D,Steve William Laible,17
Clackamas,Precinct 606,Governor,,D,Steve William Laible,5
Clackamas,Precinct 608,Governor,,D,Steve William Laible,5
Clackamas,Precinct 614,Governor,,D,Steve William Laible,8
Clackamas,Precinct 616,Governor,,D,Steve William Laible,5
Clackamas,Precinct 618,Governor,,D,Steve William Laible,0
Clackamas,Precinct 620,Governor,,D,Steve William Laible,0
Clackamas,Precinct 622,Governor,,D,Steve William Laible,7
Clackamas,Precinct 626,Governor,,D,Steve William Laible,1
Clackamas,Precinct 628,Governor,,D,Steve William Laible,2
Clackamas,Precinct 630,Governor,,D,Steve William Laible,14
Clackamas,Precinct 100,Governor,,D,Tina Kotek,17
Clackamas,Precinct 101,Governor,,D,Tina Kotek,802
Clackamas,Precinct 102,Governor,,D,Tina Kotek,150
Clackamas,Precinct 103,Governor,,D,Tina Kotek,437
Clackamas,Precinct 104,Governor,,D,Tina Kotek,4
Clackamas,Precinct 105,Governor,,D,Tina Kotek,628
Clackamas,Precinct 106,Governor,,D,Tina Kotek,269
Clackamas,Precinct 107,Governor,,D,Tina Kotek,188
Clackamas,Precinct 108,Governor,,D,Tina Kotek,437
Clackamas,Precinct 109,Governor,,D,Tina Kotek,0
Clackamas,Precinct 111,Governor,,D,Tina Kotek,265
Clackamas,Precinct 112,Governor,,D,Tina Kotek,0
Clackamas,Precinct 113,Governor,,D,Tina Kotek,9
Clackamas,Precinct 114,Governor,,D,Tina Kotek,33
Clackamas,Precinct 115,Governor,,D,Tina Kotek,59
Clackamas,Precinct 116,Governor,,D,Tina Kotek,1
Clackamas,Precinct 122,Governor,,D,Tina Kotek,513
Clackamas,Precinct 123,Governor,,D,Tina Kotek,251
Clackamas,Precinct 124,Governor,,D,Tina Kotek,547
Clackamas,Precinct 125,Governor,,D,Tina Kotek,220
Clackamas,Precinct 127,Governor,,D,Tina Kotek,5
Clackamas,Precinct 131,Governor,,D,Tina Kotek,1131
Clackamas,Precinct 132,Governor,,D,Tina Kotek,889
Clackamas,Precinct 133,Governor,,D,Tina Kotek,406
Clackamas,Precinct 134,Governor,,D,Tina Kotek,2
Clackamas,Precinct 135,Governor,,D,Tina Kotek,1190
Clackamas,Precinct 151,Governor,,D,Tina Kotek,596
Clackamas,Precinct 152,Governor,,D,Tina Kotek,1197
Clackamas,Precinct 153,Governor,,D,Tina Kotek,79
Clackamas,Precinct 154,Governor,,D,Tina Kotek,20
Clackamas,Precinct 155,Governor,,D,Tina Kotek,534
Clackamas,Precinct 156,Governor,,D,Tina Kotek,1256
Clackamas,Precinct 157,Governor,,D,Tina Kotek,10
Clackamas,Precinct 158,Governor,,D,Tina Kotek,946
Clackamas,Precinct 159,Governor,,D,Tina Kotek,573
Clackamas,Precinct 160,Governor,,D,Tina Kotek,363
Clackamas,Precinct 161,Governor,,D,Tina Kotek,115
Clackamas,Precinct 162,Governor,,D,Tina Kotek,153
Clackamas,Precinct 201,Governor,,D,Tina Kotek,794
Clackamas,Precinct 202,Governor,,D,Tina Kotek,780
Clackamas,Precinct 203,Governor,,D,Tina Kotek,546
Clackamas,Precinct 204,Governor,,D,Tina Kotek,368
Clackamas,Precinct 251,Governor,,D,Tina Kotek,343
Clackamas,Precinct 279,Governor,,D,Tina Kotek,27
Clackamas,Precinct 280,Governor,,D,Tina Kotek,90
Clackamas,Precinct 281,Governor,,D,Tina Kotek,240
Clackamas,Precinct 282,Governor,,D,Tina Kotek,73
Clackamas,Precinct 283,Governor,,D,Tina Kotek,83
Clackamas,Precinct 284,Governor,,D,Tina Kotek,92
Clackamas,Precinct 285,Governor,,D,Tina Kotek,2
Clackamas,Precinct 286,Governor,,D,Tina Kotek,35
Clackamas,Precinct 320,Governor,,D,Tina Kotek,20
Clackamas,Precinct 321,Governor,,D,Tina Kotek,425
Clackamas,Precinct 322,Governor,,D,Tina Kotek,166
Clackamas,Precinct 323,Governor,,D,Tina Kotek,215
Clackamas,Precinct 324,Governor,,D,Tina Kotek,14
Clackamas,Precinct 330,Governor,,D,Tina Kotek,312
Clackamas,Precinct 331,Governor,,D,Tina Kotek,172
Clackamas,Precinct 332,Governor,,D,Tina Kotek,76
Clackamas,Precinct 350,Governor,,D,Tina Kotek,210
Clackamas,Precinct 355,Governor,,D,Tina Kotek,0
Clackamas,Precinct 357,Governor,,D,Tina Kotek,19
Clackamas,Precinct 358,Governor,,D,Tina Kotek,37
Clackamas,Precinct 359,Governor,,D,Tina Kotek,306
Clackamas,Precinct 360,Governor,,D,Tina Kotek,118
Clackamas,Precinct 361,Governor,,D,Tina Kotek,0
Clackamas,Precinct 362,Governor,,D,Tina Kotek,74
Clackamas,Precinct 363,Governor,,D,Tina Kotek,219
Clackamas,Precinct 364,Governor,,D,Tina Kotek,23
Clackamas,Precinct 371,Governor,,D,Tina Kotek,33
Clackamas,Precinct 372,Governor,,D,Tina Kotek,4
Clackamas,Precinct 373,Governor,,D,Tina Kotek,648
Clackamas,Precinct 374,Governor,,D,Tina Kotek,0
Clackamas,Precinct 400,Governor,,D,Tina Kotek,489
Clackamas,Precinct 403,Governor,,D,Tina Kotek,166
Clackamas,Precinct 404,Governor,,D,Tina Kotek,367
Clackamas,Precinct 405,Governor,,D,Tina Kotek,219
Clackamas,Precinct 406,Governor,,D,Tina Kotek,59
Clackamas,Precinct 410,Governor,,D,Tina Kotek,478
Clackamas,Precinct 411,Governor,,D,Tina Kotek,677
Clackamas,Precinct 412,Governor,,D,Tina Kotek,292
Clackamas,Precinct 413,Governor,,D,Tina Kotek,30
Clackamas,Precinct 414,Governor,,D,Tina Kotek,104
Clackamas,Precinct 415,Governor,,D,Tina Kotek,81
Clackamas,Precinct 416,Governor,,D,Tina Kotek,379
Clackamas,Precinct 417,Governor,,D,Tina Kotek,145
Clackamas,Precinct 418,Governor,,D,Tina Kotek,154
Clackamas,Precinct 419,Governor,,D,Tina Kotek,389
Clackamas,Precinct 420,Governor,,D,Tina Kotek,329
Clackamas,Precinct 421,Governor,,D,Tina Kotek,369
Clackamas,Precinct 422,Governor,,D,Tina Kotek,621
Clackamas,Precinct 500,Governor,,D,Tina Kotek,248
Clackamas,Precinct 501,Governor,,D,Tina Kotek,1248
Clackamas,Precinct 502,Governor,,D,Tina Kotek,997
Clackamas,Precinct 503,Governor,,D,Tina Kotek,800
Clackamas,Precinct 504,Governor,,D,Tina Kotek,941
Clackamas,Precinct 506,Governor,,D,Tina Kotek,446
Clackamas,Precinct 510,Governor,,D,Tina Kotek,123
Clackamas,Precinct 511,Governor,,D,Tina Kotek,257
Clackamas,Precinct 512,Governor,,D,Tina Kotek,247
Clackamas,Precinct 513,Governor,,D,Tina Kotek,16
Clackamas,Precinct 514,Governor,,D,Tina Kotek,676
Clackamas,Precinct 515,Governor,,D,Tina Kotek,146
Clackamas,Precinct 516,Governor,,D,Tina Kotek,298
Clackamas,Precinct 517,Governor,,D,Tina Kotek,165
Clackamas,Precinct 518,Governor,,D,Tina Kotek,232
Clackamas,Precinct 600,Governor,,D,Tina Kotek,800
Clackamas,Precinct 602,Governor,,D,Tina Kotek,662
Clackamas,Precinct 604,Governor,,D,Tina Kotek,1000
Clackamas,Precinct 606,Governor,,D,Tina Kotek,282
Clackamas,Precinct 608,Governor,,D,Tina Kotek,424
Clackamas,Precinct 614,Governor,,D,Tina Kotek,334
Clackamas,Precinct 616,Governor,,D,Tina Kotek,590
Clackamas,Precinct 618,Governor,,D,Tina Kotek,95
Clackamas,Precinct 620,Governor,,D,Tina Kotek,45
Clackamas,Precinct 622,Governor,,D,Tina Kotek,528
Clackamas,Precinct 626,Governor,,D,Tina Kotek,1090
Clackamas,Precinct 628,Governor,,D,Tina Kotek,182
Clackamas,Precinct 630,Governor,,D,Tina Kotek,1310
Clackamas,Precinct 100,Governor,,D,Tristan Sheppard,1
Clackamas,Precinct 101,Governor,,D,Tristan Sheppard,8
Clackamas,Precinct 102,Governor,,D,Tristan Sheppard,7
Clackamas,Precinct 103,Governor,,D,Tristan Sheppard,7
Clackamas,Precinct 104,Governor,,D,Tristan Sheppard,0
Clackamas,Precinct 105,Governor,,D,Tristan Sheppard,7
Clackamas,Precinct 106,Governor,,D,Tristan Sheppard,11
Clackamas,Precinct 107,Governor,,D,Tristan Sheppard,8
Clackamas,Precinct 108,Governor,,D,Tristan Sheppard,13
Clackamas,Precinct 109,Governor,,D,Tristan Sheppard,0
Clackamas,Precinct 111,Governor,,D,Tristan Sheppard,11
Clackamas,Precinct 112,Governor,,D,Tristan Sheppard,0
Clackamas,Precinct 113,Governor,,D,Tristan Sheppard,0
Clackamas,Precinct 114,Governor,,D,Tristan Sheppard,2
Clackamas,Precinct 115,Governor,,D,Tristan Sheppard,1
Clackamas,Precinct 116,Governor,,D,Tristan Sheppard,0
Clackamas,Precinct 122,Governor,,D,Tristan Sheppard,11
Clackamas,Precinct 123,Governor,,D,Tristan Sheppard,4
Clackamas,Precinct 124,Governor,,D,Tristan Sheppard,11
Clackamas,Precinct 125,Governor,,D,Tristan Sheppard,5
Clackamas,Precinct 127,Governor,,D,Tristan Sheppard,0
Clackamas,Precinct 131,Governor,,D,Tristan Sheppard,11
Clackamas,Precinct 132,Governor,,D,Tristan Sheppard,7
Clackamas,Precinct 133,Governor,,D,Tristan Sheppard,9
Clackamas,Precinct 134,Governor,,D,Tristan Sheppard,0
Clackamas,Precinct 135,Governor,,D,Tristan Sheppard,15
Clackamas,Precinct 151,Governor,,D,Tristan Sheppard,4
Clackamas,Precinct 152,Governor,,D,Tristan Sheppard,11
Clackamas,Precinct 153,Governor,,D,Tristan Sheppard,1
Clackamas,Precinct 154,Governor,,D,Tristan Sheppard,0
Clackamas,Precinct 155,Governor,,D,Tristan Sheppard,1
Clackamas,Precinct 156,Governor,,D,Tristan Sheppard,9
Clackamas,Precinct 157,Governor,,D,Tristan Sheppard,0
Clackamas,Precinct 158,Governor,,D,Tristan Sheppard,14
Clackamas,Precinct 159,Governor,,D,Tristan Sheppard,5
Clackamas,Precinct 160,Governor,,D,Tristan Sheppard,1
Clackamas,Precinct 161,Governor,,D,Tristan Sheppard,1
Clackamas,Precinct 162,Governor,,D,Tristan Sheppard,2
Clackamas,Precinct 201,Governor,,D,Tristan Sheppard,9
Clackamas,Precinct 202,Governor,,D,Tristan Sheppard,5
Clackamas,Precinct 203,Governor,,D,Tristan Sheppard,2
Clackamas,Precinct 204,Governor,,D,Tristan Sheppard,4
Clackamas,Precinct 251,Governor,,D,Tristan Sheppard,2
Clackamas,Precinct 279,Governor,,D,Tristan Sheppard,2
Clackamas,Precinct 280,Governor,,D,Tristan Sheppard,2
Clackamas,Precinct 281,Governor,,D,Tristan Sheppard,1
Clackamas,Precinct 282,Governor,,D,Tristan Sheppard,1
Clackamas,Precinct 283,Governor,,D,Tristan Sheppard,0
Clackamas,Precinct 284,Governor,,D,Tristan Sheppard,0
Clackamas,Precinct 285,Governor,,D,Tristan Sheppard,0
Clackamas,Precinct 286,Governor,,D,Tristan Sheppard,1
Clackamas,Precinct 320,Governor,,D,Tristan Sheppard,0
Clackamas,Precinct 321,Governor,,D,Tristan Sheppard,6
Clackamas,Precinct 322,Governor,,D,Tristan Sheppard,0
Clackamas,Precinct 323,Governor,,D,Tristan Sheppard,2
Clackamas,Precinct 324,Governor,,D,Tristan Sheppard,0
Clackamas,Precinct 330,Governor,,D,Tristan Sheppard,8
Clackamas,Precinct 331,Governor,,D,Tristan Sheppard,3
Clackamas,Precinct 332,Governor,,D,Tristan Sheppard,3
Clackamas,Precinct 350,Governor,,D,Tristan Sheppard,5
Clackamas,Precinct 355,Governor,,D,Tristan Sheppard,0
Clackamas,Precinct 357,Governor,,D,Tristan Sheppard,2
Clackamas,Precinct 358,Governor,,D,Tristan Sheppard,3
Clackamas,Precinct 359,Governor,,D,Tristan Sheppard,9
Clackamas,Precinct 360,Governor,,D,Tristan Sheppard,4
Clackamas,Precinct 361,Governor,,D,Tristan Sheppard,0
Clackamas,Precinct 362,Governor,,D,Tristan Sheppard,4
Clackamas,Precinct 363,Governor,,D,Tristan Sheppard,6
Clackamas,Precinct 364,Governor,,D,Tristan Sheppard,0
Clackamas,Precinct 371,Governor,,D,Tristan Sheppard,0
Clackamas,Precinct 372,Governor,,D,Tristan Sheppard,0
Clackamas,Precinct 373,Governor,,D,Tristan Sheppard,7
Clackamas,Precinct 374,Governor,,D,Tristan Sheppard,0
Clackamas,Precinct 400,Governor,,D,Tristan Sheppard,17
Clackamas,Precinct 403,Governor,,D,Tristan Sheppard,4
Clackamas,Precinct 404,Governor,,D,Tristan Sheppard,15
Clackamas,Precinct 405,Governor,,D,Tristan Sheppard,7
Clackamas,Precinct 406,Governor,,D,Tristan Sheppard,0
Clackamas,Precinct 410,Governor,,D,Tristan Sheppard,8
Clackamas,Precinct 411,Governor,,D,Tristan Sheppard,11
Clackamas,Precinct 412,Governor,,D,Tristan Sheppard,7
Clackamas,Precinct 413,Governor,,D,Tristan Sheppard,0
Clackamas,Precinct 414,Governor,,D,Tristan Sheppard,2
Clackamas,Precinct 415,Governor,,D,Tristan Sheppard,3
Clackamas,Precinct 416,Governor,,D,Tristan Sheppard,5
Clackamas,Precinct 417,Governor,,D,Tristan Sheppard,6
Clackamas,Precinct 418,Governor,,D,Tristan Sheppard,5
Clackamas,Precinct 419,Governor,,D,Tristan Sheppard,5
Clackamas,Precinct 420,Governor,,D,Tristan Sheppard,5
Clackamas,Precinct 421,Governor,,D,Tristan Sheppard,5
Clackamas,Precinct 422,Governor,,D,Tristan Sheppard,11
Clackamas,Precinct 500,Governor,,D,Tristan Sheppard,3
Clackamas,Precinct 501,Governor,,D,Tristan Sheppard,10
Clackamas,Precinct 502,Governor,,D,Tristan Sheppard,11
Clackamas,Precinct 503,Governor,,D,Tristan Sheppard,12
Clackamas,Precinct 504,Governor,,D,Tristan Sheppard,14
Clackamas,Precinct 506,Governor,,D,Tristan Sheppard,16
Clackamas,Precinct 510,Governor,,D,Tristan Sheppard,3
Clackamas,Precinct 511,Governor,,D,Tristan Sheppard,7
Clackamas,Precinct 512,Governor,,D,Tristan Sheppard,6
Clackamas,Precinct 513,Governor,,D,Tristan Sheppard,1
Clackamas,Precinct 514,Governor,,D,Tristan Sheppard,19
Clackamas,Precinct 515,Governor,,D,Tristan Sheppard,4
Clackamas,Precinct 516,Governor,,D,Tristan Sheppard,4
Clackamas,Precinct 517,Governor,,D,Tristan Sheppard,10
Clackamas,Precinct 518,Governor,,D,Tristan Sheppard,4
Clackamas,Precinct 600,Governor,,D,Tristan Sheppard,14
Clackamas,Precinct 602,Governor,,D,Tristan Sheppard,14
Clackamas,Precinct 604,Governor,,D,Tristan Sheppard,22
Clackamas,Precinct 606,Governor,,D,Tristan Sheppard,7
Clackamas,Precinct 608,Governor,,D,Tristan Sheppard,6
Clackamas,Precinct 614,Governor,,D,Tristan Sheppard,17
Clackamas,Precinct 616,Governor,,D,Tristan Sheppard,13
Clackamas,Precinct 618,Governor,,D,Tristan Sheppard,3
Clackamas,Precinct 620,Governor,,D,Tristan Sheppard,3
Clackamas,Precinct 622,Governor,,D,Tristan Sheppard,8
Clackamas,Precinct 626,Governor,,D,Tristan Sheppard,9
Clackamas,Precinct 628,Governor,,D,Tristan Sheppard,2
Clackamas,Precinct 630,Governor,,D,Tristan Sheppard,17
Clackamas,Precinct 100,Governor,,D,Under Votes,2
Clackamas,Precinct 101,Governor,,D,Under Votes,120
Clackamas,Precinct 102,Governor,,D,Under Votes,27
Clackamas,Precinct 103,Governor,,D,Under Votes,77
Clackamas,Precinct 104,Governor,,D,Under Votes,1
Clackamas,Precinct 105,Governor,,D,Under Votes,109
Clackamas,Precinct 106,Governor,,D,Under Votes,47
Clackamas,Precinct 107,Governor,,D,Under Votes,36
Clackamas,Precinct 108,Governor,,D,Under Votes,87
Clackamas,Precinct 109,Governor,,D,Under Votes,0
Clackamas,Precinct 111,Governor,,D,Under Votes,73
Clackamas,Precinct 112,Governor,,D,Under Votes,0
Clackamas,Precinct 113,Governor,,D,Under Votes,0
Clackamas,Precinct 114,Governor,,D,Under Votes,4
Clackamas,Precinct 115,Governor,,D,Under Votes,10
Clackamas,Precinct 116,Governor,,D,Under Votes,0
Clackamas,Precinct 122,Governor,,D,Under Votes,122
Clackamas,Precinct 123,Governor,,D,Under Votes,66
Clackamas,Precinct 124,Governor,,D,Under Votes,130
Clackamas,Precinct 125,Governor,,D,Under Votes,59
Clackamas,Precinct 127,Governor,,D,Under Votes,2
Clackamas,Precinct 131,Governor,,D,Under Votes,123
Clackamas,Precinct 132,Governor,,D,Under Votes,118
Clackamas,Precinct 133,Governor,,D,Under Votes,47
Clackamas,Precinct 134,Governor,,D,Under Votes,0
Clackamas,Precinct 135,Governor,,D,Under Votes,159
Clackamas,Precinct 151,Governor,,D,Under Votes,86
Clackamas,Precinct 152,Governor,,D,Under Votes,176
Clackamas,Precinct 153,Governor,,D,Under Votes,17
Clackamas,Precinct 154,Governor,,D,Under Votes,4
Clackamas,Precinct 155,Governor,,D,Under Votes,90
Clackamas,Precinct 156,Governor,,D,Under Votes,164
Clackamas,Precinct 157,Governor,,D,Under Votes,5
Clackamas,Precinct 158,Governor,,D,Under Votes,94
Clackamas,Precinct 159,Governor,,D,Under Votes,86
Clackamas,Precinct 160,Governor,,D,Under Votes,60
Clackamas,Precinct 161,Governor,,D,Under Votes,17
Clackamas,Precinct 162,Governor,,D,Under Votes,21
Clackamas,Precinct 201,Governor,,D,Under Votes,93
Clackamas,Precinct 202,Governor,,D,Under Votes,121
Clackamas,Precinct 203,Governor,,D,Under Votes,83
Clackamas,Precinct 204,Governor,,D,Under Votes,55
Clackamas,Precinct 251,Governor,,D,Under Votes,60
Clackamas,Precinct 279,Governor,,D,Under Votes,0
Clackamas,Precinct 280,Governor,,D,Under Votes,14
Clackamas,Precinct 281,Governor,,D,Under Votes,29
Clackamas,Precinct 282,Governor,,D,Under Votes,8
Clackamas,Precinct 283,Governor,,D,Under Votes,20
Clackamas,Precinct 284,Governor,,D,Under Votes,15
Clackamas,Precinct 285,Governor,,D,Under Votes,3
Clackamas,Precinct 286,Governor,,D,Under Votes,7
Clackamas,Precinct 320,Governor,,D,Under Votes,6
Clackamas,Precinct 321,Governor,,D,Under Votes,68
Clackamas,Precinct 322,Governor,,D,Under Votes,36
Clackamas,Precinct 323,Governor,,D,Under Votes,26
Clackamas,Precinct 324,Governor,,D,Under Votes,0
Clackamas,Precinct 330,Governor,,D,Under Votes,66
Clackamas,Precinct 331,Governor,,D,Under Votes,47
Clackamas,Precinct 332,Governor,,D,Under Votes,21
Clackamas,Precinct 350,Governor,,D,Under Votes,63
Clackamas,Precinct 355,Governor,,D,Under Votes,0
Clackamas,Precinct 357,Governor,,D,Under Votes,7
Clackamas,Precinct 358,Governor,,D,Under Votes,8
Clackamas,Precinct 359,Governor,,D,Under Votes,58
Clackamas,Precinct 360,Governor,,D,Under Votes,17
Clackamas,Precinct 361,Governor,,D,Under Votes,0
Clackamas,Precinct 362,Governor,,D,Under Votes,12
Clackamas,Precinct 363,Governor,,D,Under Votes,45
Clackamas,Precinct 364,Governor,,D,Under Votes,9
Clackamas,Precinct 371,Governor,,D,Under Votes,11
Clackamas,Precinct 372,Governor,,D,Under Votes,0
Clackamas,Precinct 373,Governor,,D,Under Votes,97
Clackamas,Precinct 374,Governor,,D,Under Votes,0
Clackamas,Precinct 400,Governor,,D,Under Votes,113
Clackamas,Precinct 403,Governor,,D,Under Votes,39
Clackamas,Precinct 404,Governor,,D,Under Votes,104
Clackamas,Precinct 405,Governor,,D,Under Votes,64
Clackamas,Precinct 406,Governor,,D,Under Votes,20
Clackamas,Precinct 410,Governor,,D,Under Votes,58
Clackamas,Precinct 411,Governor,,D,Under Votes,95
Clackamas,Precinct 412,Governor,,D,Under Votes,51
Clackamas,Precinct 413,Governor,,D,Under Votes,4
Clackamas,Precinct 414,Governor,,D,Under Votes,14
Clackamas,Precinct 415,Governor,,D,Under Votes,8
Clackamas,Precinct 416,Governor,,D,Under Votes,52
Clackamas,Precinct 417,Governor,,D,Under Votes,22
Clackamas,Precinct 418,Governor,,D,Under Votes,33
Clackamas,Precinct 419,Governor,,D,Under Votes,49
Clackamas,Precinct 420,Governor,,D,Under Votes,66
Clackamas,Precinct 421,Governor,,D,Under Votes,58
Clackamas,Precinct 422,Governor,,D,Under Votes,103
Clackamas,Precinct 500,Governor,,D,Under Votes,32
Clackamas,Precinct 501,Governor,,D,Under Votes,95
Clackamas,Precinct 502,Governor,,D,Under Votes,129
Clackamas,Precinct 503,Governor,,D,Under Votes,111
Clackamas,Precinct 504,Governor,,D,Under Votes,138
Clackamas,Precinct 506,Governor,,D,Under Votes,88
Clackamas,Precinct 510,Governor,,D,Under Votes,34
Clackamas,Precinct 511,Governor,,D,Under Votes,67
Clackamas,Precinct 512,Governor,,D,Under Votes,47
Clackamas,Precinct 513,Governor,,D,Under Votes,2
Clackamas,Precinct 514,Governor,,D,Under Votes,148
Clackamas,Precinct 515,Governor,,D,Under Votes,45
Clackamas,Precinct 516,Governor,,D,Under Votes,74
Clackamas,Precinct 517,Governor,,D,Under Votes,42
Clackamas,Precinct 518,Governor,,D,Under Votes,43
Clackamas,Precinct 600,Governor,,D,Under Votes,129
Clackamas,Precinct 602,Governor,,D,Under Votes,120
Clackamas,Precinct 604,Governor,,D,Under Votes,202
Clackamas,Precinct 606,Governor,,D,Under Votes,58
Clackamas,Precinct 608,Governor,,D,Under Votes,51
Clackamas,Precinct 614,Governor,,D,Under Votes,71
Clackamas,Precinct 616,Governor,,D,Under Votes,144
Clackamas,Precinct 618,Governor,,D,Under Votes,20
Clackamas,Precinct 620,Governor,,D,Under Votes,5
Clackamas,Precinct 622,Governor,,D,Under Votes,69
Clackamas,Precinct 626,Governor,,D,Under Votes,119
Clackamas,Precinct 628,Governor,,D,Under Votes,30
Clackamas,Precinct 630,Governor,,D,Under Votes,155
Clackamas,Precinct 100,Governor,,D,Write-ins,0
Clackamas,Precinct 101,Governor,,D,Write-ins,19
Clackamas,Precinct 102,Governor,,D,Write-ins,7
Clackamas,Precinct 103,Governor,,D,Write-ins,16
Clackamas,Precinct 104,Governor,,D,Write-ins,0
Clackamas,Precinct 105,Governor,,D,Write-ins,16
Clackamas,Precinct 106,Governor,,D,Write-ins,15
Clackamas,Precinct 107,Governor,,D,Write-ins,10
Clackamas,Precinct 108,Governor,,D,Write-ins,29
Clackamas,Precinct 109,Governor,,D,Write-ins,0
Clackamas,Precinct 111,Governor,,D,Write-ins,38
Clackamas,Precinct 112,Governor,,D,Write-ins,0
Clackamas,Precinct 113,Governor,,D,Write-ins,0
Clackamas,Precinct 114,Governor,,D,Write-ins,1
Clackamas,Precinct 115,Governor,,D,Write-ins,2
Clackamas,Precinct 116,Governor,,D,Write-ins,0
Clackamas,Precinct 122,Governor,,D,Write-ins,25
Clackamas,Precinct 123,Governor,,D,Write-ins,19
Clackamas,Precinct 124,Governor,,D,Write-ins,32
Clackamas,Precinct 125,Governor,,D,Write-ins,10
Clackamas,Precinct 127,Governor,,D,Write-ins,0
Clackamas,Precinct 131,Governor,,D,Write-ins,14
Clackamas,Precinct 132,Governor,,D,Write-ins,11
Clackamas,Precinct 133,Governor,,D,Write-ins,7
Clackamas,Precinct 134,Governor,,D,Write-ins,0
Clackamas,Precinct 135,Governor,,D,Write-ins,23
Clackamas,Precinct 151,Governor,,D,Write-ins,17
Clackamas,Precinct 152,Governor,,D,Write-ins,21
Clackamas,Precinct 153,Governor,,D,Write-ins,0
Clackamas,Precinct 154,Governor,,D,Write-ins,1
Clackamas,Precinct 155,Governor,,D,Write-ins,13
Clackamas,Precinct 156,Governor,,D,Write-ins,29
Clackamas,Precinct 157,Governor,,D,Write-ins,0
Clackamas,Precinct 158,Governor,,D,Write-ins,13
Clackamas,Precinct 159,Governor,,D,Write-ins,7
Clackamas,Precinct 160,Governor,,D,Write-ins,11
Clackamas,Precinct 161,Governor,,D,Write-ins,4
Clackamas,Precinct 162,Governor,,D,Write-ins,7
Clackamas,Precinct 201,Governor,,D,Write-ins,24
Clackamas,Precinct 202,Governor,,D,Write-ins,36
Clackamas,Precinct 203,Governor,,D,Write-ins,11
Clackamas,Precinct 204,Governor,,D,Write-ins,17
Clackamas,Precinct 251,Governor,,D,Write-ins,8
Clackamas,Precinct 279,Governor,,D,Write-ins,2
Clackamas,Precinct 280,Governor,,D,Write-ins,2
Clackamas,Precinct 281,Governor,,D,Write-ins,6
Clackamas,Precinct 282,Governor,,D,Write-ins,4
Clackamas,Precinct 283,Governor,,D,Write-ins,2
Clackamas,Precinct 284,Governor,,D,Write-ins,1
Clackamas,Precinct 285,Governor,,D,Write-ins,0
Clackamas,Precinct 286,Governor,,D,Write-ins,0
Clackamas,Precinct 320,Governor,,D,Write-ins,1
Clackamas,Precinct 321,Governor,,D,Write-ins,13
Clackamas,Precinct 322,Governor,,D,Write-ins,4
Clackamas,Precinct 323,Governor,,D,Write-ins,7
Clackamas,Precinct 324,Governor,,D,Write-ins,0
Clackamas,Precinct 330,Governor,,D,Write-ins,27
Clackamas,Precinct 331,Governor,,D,Write-ins,9
Clackamas,Precinct 332,Governor,,D,Write-ins,8
Clackamas,Precinct 350,Governor,,D,Write-ins,23
Clackamas,Precinct 355,Governor,,D,Write-ins,0
Clackamas,Precinct 357,Governor,,D,Write-ins,7
Clackamas,Precinct 358,Governor,,D,Write-ins,1
Clackamas,Precinct 359,Governor,,D,Write-ins,18
Clackamas,Precinct 360,Governor,,D,Write-ins,7
Clackamas,Precinct 361,Governor,,D,Write-ins,0
Clackamas,Precinct 362,Governor,,D,Write-ins,10
Clackamas,Precinct 363,Governor,,D,Write-ins,17
Clackamas,Precinct 364,Governor,,D,Write-ins,0
Clackamas,Precinct 371,Governor,,D,Write-ins,2
Clackamas,Precinct 372,Governor,,D,Write-ins,0
Clackamas,Precinct 373,Governor,,D,Write-ins,38
Clackamas,Precinct 374,Governor,,D,Write-ins,0
Clackamas,Precinct 400,Governor,,D,Write-ins,43
Clackamas,Precinct 403,Governor,,D,Write-ins,12
Clackamas,Precinct 404,Governor,,D,Write-ins,29
Clackamas,Precinct 405,Governor,,D,Write-ins,15
Clackamas,Precinct 406,Governor,,D,Write-ins,12
Clackamas,Precinct 410,Governor,,D,Write-ins,11
Clackamas,Precinct 411,Governor,,D,Write-ins,18
Clackamas,Precinct 412,Governor,,D,Write-ins,14
Clackamas,Precinct 413,Governor,,D,Write-ins,1
Clackamas,Precinct 414,Governor,,D,Write-ins,3
Clackamas,Precinct 415,Governor,,D,Write-ins,2
Clackamas,Precinct 416,Governor,,D,Write-ins,10
Clackamas,Precinct 417,Governor,,D,Write-ins,8
Clackamas,Precinct 418,Governor,,D,Write-ins,7
Clackamas,Precinct 419,Governor,,D,Write-ins,10
Clackamas,Precinct 420,Governor,,D,Write-ins,8
Clackamas,Precinct 421,Governor,,D,Write-ins,11
Clackamas,Precinct 422,Governor,,D,Write-ins,32
Clackamas,Precinct 500,Governor,,D,Write-ins,7
Clackamas,Precinct 501,Governor,,D,Write-ins,12
Clackamas,Precinct 502,Governor,,D,Write-ins,25
Clackamas,Precinct 503,Governor,,D,Write-ins,26
Clackamas,Precinct 504,Governor,,D,Write-ins,22
Clackamas,Precinct 506,Governor,,D,Write-ins,11
Clackamas,Precinct 510,Governor,,D,Write-ins,11
Clackamas,Precinct 511,Governor,,D,Write-ins,14
Clackamas,Precinct 512,Governor,,D,Write-ins,28
Clackamas,Precinct 513,Governor,,D,Write-ins,4
Clackamas,Precinct 514,Governor,,D,Write-ins,37
Clackamas,Precinct 515,Governor,,D,Write-ins,14
Clackamas,Precinct 516,Governor,,D,Write-ins,15
Clackamas,Precinct 517,Governor,,D,Write-ins,15
Clackamas,Precinct 518,Governor,,D,Write-ins,22
Clackamas,Precinct 600,Governor,,D,Write-ins,37
Clackamas,Precinct 602,Governor,,D,Write-ins,26
Clackamas,Precinct 604,Governor,,D,Write-ins,41
Clackamas,Precinct 606,Governor,,D,Write-ins,9
Clackamas,Precinct 608,Governor,,D,Write-ins,18
Clackamas,Precinct 614,Governor,,D,Write-ins,24
Clackamas,Precinct 616,Governor,,D,Write-ins,12
Clackamas,Precinct 618,Governor,,D,Write-ins,5
Clackamas,Precinct 620,Governor,,D,Write-ins,6
Clackamas,Precinct 622,Governor,,D,Write-ins,16
Clackamas,Precinct 626,Governor,,D,Write-ins,15
Clackamas,Precinct 628,Governor,,D,Write-ins,9
Clackamas,Precinct 630,Governor,,D,Write-ins,45
Clackamas,Precinct 100,Governor,,R,Brad T. Peters,0
Clackamas,Precinct 101,Governor,,R,Brad T. Peters,3
Clackamas,Precinct 102,Governor,,R,Brad T. Peters,0
Clackamas,Precinct 103,Governor,,R,Brad T. Peters,0
Clackamas,Precinct 104,Governor,,R,Brad T. Peters,0
Clackamas,Precinct 105,Governor,,R,Brad T. Peters,1
Clackamas,Precinct 106,Governor,,R,Brad T. Peters,2
Clackamas,Precinct 107,Governor,,R,Brad T. Peters,1
Clackamas,Precinct 108,Governor,,R,Brad T. Peters,0
Clackamas,Precinct 109,Governor,,R,Brad T. Peters,0
Clackamas,Precinct 111,Governor,,R,Brad T. Peters,5
Clackamas,Precinct 112,Governor,,R,Brad T. Peters,0
Clackamas,Precinct 113,Governor,,R,Brad T. Peters,0
Clackamas,Precinct 114,Governor,,R,Brad T. Peters,0
Clackamas,Precinct 115,Governor,,R,Brad T. Peters,0
Clackamas,Precinct 116,Governor,,R,Brad T. Peters,0
Clackamas,Precinct 122,Governor,,R,Brad T. Peters,4
Clackamas,Precinct 123,Governor,,R,Brad T. Peters,0
Clackamas,Precinct 124,Governor,,R,Brad T. Peters,4
Clackamas,Precinct 125,Governor,,R,Brad T. Peters,0
Clackamas,Precinct 127,Governor,,R,Brad T. Peters,0
Clackamas,Precinct 131,Governor,,R,Brad T. Peters,3
Clackamas,Precinct 132,Governor,,R,Brad T. Peters,5
Clackamas,Precinct 133,Governor,,R,Brad T. Peters,1
Clackamas,Precinct 134,Governor,,R,Brad T. Peters,0
Clackamas,Precinct 135,Governor,,R,Brad T. Peters,4
Clackamas,Precinct 151,Governor,,R,Brad T. Peters,1
Clackamas,Precinct 152,Governor,,R,Brad T. Peters,4
Clackamas,Precinct 153,Governor,,R,Brad T. Peters,0
Clackamas,Precinct 154,Governor,,R,Brad T. Peters,0
Clackamas,Precinct 155,Governor,,R,Brad T. Peters,5
Clackamas,Precinct 156,Governor,,R,Brad T. Peters,0
Clackamas,Precinct 157,Governor,,R,Brad T. Peters,0
Clackamas,Precinct 158,Governor,,R,Brad T. Peters,3
Clackamas,Precinct 159,Governor,,R,Brad T. Peters,1
Clackamas,Precinct 160,Governor,,R,Brad T. Peters,1
Clackamas,Precinct 161,Governor,,R,Brad T. Peters,1
Clackamas,Precinct 162,Governor,,R,Brad T. Peters,0
Clackamas,Precinct 201,Governor,,R,Brad T. Peters,2
Clackamas,Precinct 202,Governor,,R,Brad T. Peters,5
Clackamas,Precinct 203,Governor,,R,Brad T. Peters,1
Clackamas,Precinct 204,Governor,,R,Brad T. Peters,1
Clackamas,Precinct 251,Governor,,R,Brad T. Peters,2
Clackamas,Precinct 279,Governor,,R,Brad T. Peters,0
Clackamas,Precinct 280,Governor,,R,Brad T. Peters,1
Clackamas,Precinct 281,Governor,,R,Brad T. Peters,0
Clackamas,Precinct 282,Governor,,R,Brad T. Peters,1
Clackamas,Precinct 283,Governor,,R,Brad T. Peters,0
Clackamas,Precinct 284,Governor,,R,Brad T. Peters,0
Clackamas,Precinct 285,Governor,,R,Brad T. Peters,0
Clackamas,Precinct 286,Governor,,R,Brad T. Peters,0
Clackamas,Precinct 320,Governor,,R,Brad T. Peters,0
Clackamas,Precinct 321,Governor,,R,Brad T. Peters,0
Clackamas,Precinct 322,Governor,,R,Brad T. Peters,0
Clackamas,Precinct 323,Governor,,R,Brad T. Peters,2
Clackamas,Precinct 324,Governor,,R,Brad T. Peters,0
Clackamas,Precinct 330,Governor,,R,Brad T. Peters,3
Clackamas,Precinct 331,Governor,,R,Brad T. Peters,0
Clackamas,Precinct 332,Governor,,R,Brad T. Peters,0
Clackamas,Precinct 350,Governor,,R,Brad T. Peters,2
Clackamas,Precinct 355,Governor,,R,Brad T. Peters,0
Clackamas,Precinct 357,Governor,,R,Brad T. Peters,0
Clackamas,Precinct 358,Governor,,R,Brad T. Peters,0
Clackamas,Precinct 359,Governor,,R,Brad T. Peters,2
Clackamas,Precinct 360,Governor,,R,Brad T. Peters,0
Clackamas,Precinct 361,Governor,,R,Brad T. Peters,2
Clackamas,Precinct 362,Governor,,R,Brad T. Peters,0
Clackamas,Precinct 363,Governor,,R,Brad T. Peters,0
Clackamas,Precinct 364,Governor,,R,Brad T. Peters,1
Clackamas,Precinct 371,Governor,,R,Brad T. Peters,0
Clackamas,Precinct 372,Governor,,R,Brad T. Peters,0
Clackamas,Precinct 373,Governor,,R,Brad T. Peters,0
Clackamas,Precinct 374,Governor,,R,Brad T. Peters,0
Clackamas,Precinct 400,Governor,,R,Brad T. Peters,3
Clackamas,Precinct 403,Governor,,R,Brad T. Peters,0
Clackamas,Precinct 404,Governor,,R,Brad T. Peters,4
Clackamas,Precinct 405,Governor,,R,Brad T. Peters,0
Clackamas,Precinct 406,Governor,,R,Brad T. Peters,0
Clackamas,Precinct 410,Governor,,R,Brad T. Peters,6
Clackamas,Precinct 411,Governor,,R,Brad T. Peters,4
Clackamas,Precinct 412,Governor,,R,Brad T. Peters,0
Clackamas,Precinct 413,Governor,,R,Brad T. Peters,1
Clackamas,Precinct 414,Governor,,R,Brad T. Peters,1
Clackamas,Precinct 415,Governor,,R,Brad T. Peters,3
Clackamas,Precinct 416,Governor,,R,Brad T. Peters,1
Clackamas,Precinct 417,Governor,,R,Brad T. Peters,1
Clackamas,Precinct 418,Governor,,R,Brad T. Peters,2
Clackamas,Precinct 419,Governor,,R,Brad T. Peters,1
Clackamas,Precinct 420,Governor,,R,Brad T. Peters,1
Clackamas,Precinct 421,Governor,,R,Brad T. Peters,0
Clackamas,Precinct 422,Governor,,R,Brad T. Peters,0
Clackamas,Precinct 500,Governor,,R,Brad T. Peters,1
Clackamas,Precinct 501,Governor,,R,Brad T. Peters,1
Clackamas,Precinct 502,Governor,,R,Brad T. Peters,2
Clackamas,Precinct 503,Governor,,R,Brad T. Peters,5
Clackamas,Precinct 504,Governor,,R,Brad T. Peters,2
Clackamas,Precinct 506,Governor,,R,Brad T. Peters,3
Clackamas,Precinct 510,Governor,,R,Brad T. Peters,2
Clackamas,Precinct 511,Governor,,R,Brad T. Peters,1
Clackamas,Precinct 512,Governor,,R,Brad T. Peters,1
Clackamas,Precinct 513,Governor,,R,Brad T. Peters,1
Clackamas,Precinct 514,Governor,,R,Brad T. Peters,4
Clackamas,Precinct 515,Governor,,R,Brad T. Peters,2
Clackamas,Precinct 516,Governor,,R,Brad T. Peters,2
Clackamas,Precinct 517,Governor,,R,Brad T. Peters,3
Clackamas,Precinct 518,Governor,,R,Brad T. Peters,3
Clackamas,Precinct 600,Governor,,R,Brad T. Peters,4
Clackamas,Precinct 602,Governor,,R,Brad T. Peters,0
Clackamas,Precinct 604,Governor,,R,Brad T. Peters,4
Clackamas,Precinct 606,Governor,,R,Brad T. Peters,4
Clackamas,Precinct 608,Governor,,R,Brad T. Peters,0
Clackamas,Precinct 614,Governor,,R,Brad T. Peters,1
Clackamas,Precinct 616,Governor,,R,Brad T. Peters,1
Clackamas,Precinct 618,Governor,,R,Brad T. Peters,0
Clackamas,Precinct 620,Governor,,R,Brad T. Peters,0
Clackamas,Precinct 622,Governor,,R,Brad T. Peters,2
Clackamas,Precinct 626,Governor,,R,Brad T. Peters,1
Clackamas,Precinct 628,Governor,,R,Brad T. Peters,1
Clackamas,Precinct 630,Governor,,R,Brad T. Peters,2
Clackamas,Precinct 100,Governor,,R,Chris Dudley,4
Clackamas,Precinct 101,Governor,,R,Chris Dudley,205
Clackamas,Precinct 102,Governor,,R,Chris Dudley,52
Clackamas,Precinct 103,Governor,,R,Chris Dudley,139
Clackamas,Precinct 104,Governor,,R,Chris Dudley,1
Clackamas,Precinct 105,Governor,,R,Chris Dudley,185
Clackamas,Precinct 106,Governor,,R,Chris Dudley,102
Clackamas,Precinct 107,Governor,,R,Chris Dudley,79
Clackamas,Precinct 108,Governor,,R,Chris Dudley,157
Clackamas,Precinct 109,Governor,,R,Chris Dudley,0
Clackamas,Precinct 111,Governor,,R,Chris Dudley,203
Clackamas,Precinct 112,Governor,,R,Chris Dudley,0
Clackamas,Precinct 113,Governor,,R,Chris Dudley,4
Clackamas,Precinct 114,Governor,,R,Chris Dudley,4
Clackamas,Precinct 115,Governor,,R,Chris Dudley,5
Clackamas,Precinct 116,Governor,,R,Chris Dudley,0
Clackamas,Precinct 122,Governor,,R,Chris Dudley,100
Clackamas,Precinct 123,Governor,,R,Chris Dudley,83
Clackamas,Precinct 124,Governor,,R,Chris Dudley,155
Clackamas,Precinct 125,Governor,,R,Chris Dudley,60
Clackamas,Precinct 127,Governor,,R,Chris Dudley,1
Clackamas,Precinct 131,Governor,,R,Chris Dudley,265
Clackamas,Precinct 132,Governor,,R,Chris Dudley,171
Clackamas,Precinct 133,Governor,,R,Chris Dudley,77
Clackamas,Precinct 134,Governor,,R,Chris Dudley,0
Clackamas,Precinct 135,Governor,,R,Chris Dudley,211
Clackamas,Precinct 151,Governor,,R,Chris Dudley,180
Clackamas,Precinct 152,Governor,,R,Chris Dudley,332
Clackamas,Precinct 153,Governor,,R,Chris Dudley,23
Clackamas,Precinct 154,Governor,,R,Chris Dudley,4
Clackamas,Precinct 155,Governor,,R,Chris Dudley,133
Clackamas,Precinct 156,Governor,,R,Chris Dudley,238
Clackamas,Precinct 157,Governor,,R,Chris Dudley,1
Clackamas,Precinct 158,Governor,,R,Chris Dudley,174
Clackamas,Precinct 159,Governor,,R,Chris Dudley,209
Clackamas,Precinct 160,Governor,,R,Chris Dudley,72
Clackamas,Precinct 161,Governor,,R,Chris Dudley,27
Clackamas,Precinct 162,Governor,,R,Chris Dudley,21
Clackamas,Precinct 201,Governor,,R,Chris Dudley,126
Clackamas,Precinct 202,Governor,,R,Chris Dudley,170
Clackamas,Precinct 203,Governor,,R,Chris Dudley,169
Clackamas,Precinct 204,Governor,,R,Chris Dudley,69
Clackamas,Precinct 251,Governor,,R,Chris Dudley,95
Clackamas,Precinct 279,Governor,,R,Chris Dudley,3
Clackamas,Precinct 280,Governor,,R,Chris Dudley,12
Clackamas,Precinct 281,Governor,,R,Chris Dudley,45
Clackamas,Precinct 282,Governor,,R,Chris Dudley,14
Clackamas,Precinct 283,Governor,,R,Chris Dudley,42
Clackamas,Precinct 284,Governor,,R,Chris Dudley,5
Clackamas,Precinct 285,Governor,,R,Chris Dudley,1
Clackamas,Precinct 286,Governor,,R,Chris Dudley,8
Clackamas,Precinct 320,Governor,,R,Chris Dudley,10
Clackamas,Precinct 321,Governor,,R,Chris Dudley,205
Clackamas,Precinct 322,Governor,,R,Chris Dudley,84
Clackamas,Precinct 323,Governor,,R,Chris Dudley,85
Clackamas,Precinct 324,Governor,,R,Chris Dudley,4
Clackamas,Precinct 330,Governor,,R,Chris Dudley,134
Clackamas,Precinct 331,Governor,,R,Chris Dudley,78
Clackamas,Precinct 332,Governor,,R,Chris Dudley,32
Clackamas,Precinct 350,Governor,,R,Chris Dudley,126
Clackamas,Precinct 355,Governor,,R,Chris Dudley,0
Clackamas,Precinct 357,Governor,,R,Chris Dudley,7
Clackamas,Precinct 358,Governor,,R,Chris Dudley,21
Clackamas,Precinct 359,Governor,,R,Chris Dudley,146
Clackamas,Precinct 360,Governor,,R,Chris Dudley,47
Clackamas,Precinct 361,Governor,,R,Chris Dudley,0
Clackamas,Precinct 362,Governor,,R,Chris Dudley,37
Clackamas,Precinct 363,Governor,,R,Chris Dudley,101
Clackamas,Precinct 364,Governor,,R,Chris Dudley,14
Clackamas,Precinct 371,Governor,,R,Chris Dudley,7
Clackamas,Precinct 372,Governor,,R,Chris Dudley,2
Clackamas,Precinct 373,Governor,,R,Chris Dudley,127
Clackamas,Precinct 374,Governor,,R,Chris Dudley,0
Clackamas,Precinct 400,Governor,,R,Chris Dudley,249
Clackamas,Precinct 403,Governor,,R,Chris Dudley,48
Clackamas,Precinct 404,Governor,,R,Chris Dudley,200
Clackamas,Precinct 405,Governor,,R,Chris Dudley,116
Clackamas,Precinct 406,Governor,,R,Chris Dudley,60
Clackamas,Precinct 410,Governor,,R,Chris Dudley,121
Clackamas,Precinct 411,Governor,,R,Chris Dudley,173
Clackamas,Precinct 412,Governor,,R,Chris Dudley,84
Clackamas,Precinct 413,Governor,,R,Chris Dudley,8
Clackamas,Precinct 414,Governor,,R,Chris Dudley,39
Clackamas,Precinct 415,Governor,,R,Chris Dudley,22
Clackamas,Precinct 416,Governor,,R,Chris Dudley,84
Clackamas,Precinct 417,Governor,,R,Chris Dudley,53
Clackamas,Precinct 418,Governor,,R,Chris Dudley,55
Clackamas,Precinct 419,Governor,,R,Chris Dudley,66
Clackamas,Precinct 420,Governor,,R,Chris Dudley,67
Clackamas,Precinct 421,Governor,,R,Chris Dudley,61
Clackamas,Precinct 422,Governor,,R,Chris Dudley,111
Clackamas,Precinct 500,Governor,,R,Chris Dudley,42
Clackamas,Precinct 501,Governor,,R,Chris Dudley,103
Clackamas,Precinct 502,Governor,,R,Chris Dudley,140
Clackamas,Precinct 503,Governor,,R,Chris Dudley,145
Clackamas,Precinct 504,Governor,,R,Chris Dudley,169
Clackamas,Precinct 506,Governor,,R,Chris Dudley,99
Clackamas,Precinct 510,Governor,,R,Chris Dudley,34
Clackamas,Precinct 511,Governor,,R,Chris Dudley,90
Clackamas,Precinct 512,Governor,,R,Chris Dudley,109
Clackamas,Precinct 513,Governor,,R,Chris Dudley,3
Clackamas,Precinct 514,Governor,,R,Chris Dudley,308
Clackamas,Precinct 515,Governor,,R,Chris Dudley,62
Clackamas,Precinct 516,Governor,,R,Chris Dudley,104
Clackamas,Precinct 517,Governor,,R,Chris Dudley,80
Clackamas,Precinct 518,Governor,,R,Chris Dudley,124
Clackamas,Precinct 600,Governor,,R,Chris Dudley,156
Clackamas,Precinct 602,Governor,,R,Chris Dudley,170
Clackamas,Precinct 604,Governor,,R,Chris Dudley,293
Clackamas,Precinct 606,Governor,,R,Chris Dudley,48
Clackamas,Precinct 608,Governor,,R,Chris Dudley,117
Clackamas,Precinct 614,Governor,,R,Chris Dudley,85
Clackamas,Precinct 616,Governor,,R,Chris Dudley,126
Clackamas,Precinct 618,Governor,,R,Chris Dudley,29
Clackamas,Precinct 620,Governor,,R,Chris Dudley,10
Clackamas,Precinct 622,Governor,,R,Chris Dudley,69
Clackamas,Precinct 626,Governor,,R,Chris Dudley,82
Clackamas,Precinct 628,Governor,,R,Chris Dudley,36
Clackamas,Precinct 630,Governor,,R,Chris Dudley,130
Clackamas,Precinct 100,Governor,,R,Christine Drazan,3
Clackamas,Precinct 101,Governor,,R,Christine Drazan,393
Clackamas,Precinct 102,Governor,,R,Christine Drazan,116
Clackamas,Precinct 103,Governor,,R,Christine Drazan,224
Clackamas,Precinct 104,Governor,,R,Christine Drazan,0
Clackamas,Precinct 105,Governor,,R,Christine Drazan,344
Clackamas,Precinct 106,Governor,,R,Christine Drazan,396
Clackamas,Precinct 107,Governor,,R,Christine Drazan,235
Clackamas,Precinct 108,Governor,,R,Christine Drazan,480
Clackamas,Precinct 109,Governor,,R,Christine Drazan,0
Clackamas,Precinct 111,Governor,,R,Christine Drazan,449
Clackamas,Precinct 112,Governor,,R,Christine Drazan,0
Clackamas,Precinct 113,Governor,,R,Christine Drazan,4
Clackamas,Precinct 114,Governor,,R,Christine Drazan,11
Clackamas,Precinct 115,Governor,,R,Christine Drazan,19
Clackamas,Precinct 116,Governor,,R,Christine Drazan,0
Clackamas,Precinct 122,Governor,,R,Christine Drazan,571
Clackamas,Precinct 123,Governor,,R,Christine Drazan,364
Clackamas,Precinct 124,Governor,,R,Christine Drazan,682
Clackamas,Precinct 125,Governor,,R,Christine Drazan,239
Clackamas,Precinct 127,Governor,,R,Christine Drazan,23
Clackamas,Precinct 131,Governor,,R,Christine Drazan,410
Clackamas,Precinct 132,Governor,,R,Christine Drazan,275
Clackamas,Precinct 133,Governor,,R,Christine Drazan,90
Clackamas,Precinct 134,Governor,,R,Christine Drazan,1
Clackamas,Precinct 135,Governor,,R,Christine Drazan,306
Clackamas,Precinct 151,Governor,,R,Christine Drazan,126
Clackamas,Precinct 152,Governor,,R,Christine Drazan,313
Clackamas,Precinct 153,Governor,,R,Christine Drazan,37
Clackamas,Precinct 154,Governor,,R,Christine Drazan,4
Clackamas,Precinct 155,Governor,,R,Christine Drazan,140
Clackamas,Precinct 156,Governor,,R,Christine Drazan,233
Clackamas,Precinct 157,Governor,,R,Christine Drazan,8
Clackamas,Precinct 158,Governor,,R,Christine Drazan,193
Clackamas,Precinct 159,Governor,,R,Christine Drazan,124
Clackamas,Precinct 160,Governor,,R,Christine Drazan,84
Clackamas,Precinct 161,Governor,,R,Christine Drazan,33
Clackamas,Precinct 162,Governor,,R,Christine Drazan,39
Clackamas,Precinct 201,Governor,,R,Christine Drazan,318
Clackamas,Precinct 202,Governor,,R,Christine Drazan,378
Clackamas,Precinct 203,Governor,,R,Christine Drazan,326
Clackamas,Precinct 204,Governor,,R,Christine Drazan,249
Clackamas,Precinct 251,Governor,,R,Christine Drazan,149
Clackamas,Precinct 279,Governor,,R,Christine Drazan,9
Clackamas,Precinct 280,Governor,,R,Christine Drazan,20
Clackamas,Precinct 281,Governor,,R,Christine Drazan,80
Clackamas,Precinct 282,Governor,,R,Christine Drazan,9
Clackamas,Precinct 283,Governor,,R,Christine Drazan,21
Clackamas,Precinct 284,Governor,,R,Christine Drazan,20
Clackamas,Precinct 285,Governor,,R,Christine Drazan,1
Clackamas,Precinct 286,Governor,,R,Christine Drazan,6
Clackamas,Precinct 320,Governor,,R,Christine Drazan,14
Clackamas,Precinct 321,Governor,,R,Christine Drazan,295
Clackamas,Precinct 322,Governor,,R,Christine Drazan,144
Clackamas,Precinct 323,Governor,,R,Christine Drazan,184
Clackamas,Precinct 324,Governor,,R,Christine Drazan,6
Clackamas,Precinct 330,Governor,,R,Christine Drazan,505
Clackamas,Precinct 331,Governor,,R,Christine Drazan,344
Clackamas,Precinct 332,Governor,,R,Christine Drazan,89
Clackamas,Precinct 350,Governor,,R,Christine Drazan,434
Clackamas,Precinct 355,Governor,,R,Christine Drazan,0
Clackamas,Precinct 357,Governor,,R,Christine Drazan,25
Clackamas,Precinct 358,Governor,,R,Christine Drazan,54
Clackamas,Precinct 359,Governor,,R,Christine Drazan,369
Clackamas,Precinct 360,Governor,,R,Christine Drazan,172
Clackamas,Precinct 361,Governor,,R,Christine Drazan,0
Clackamas,Precinct 362,Governor,,R,Christine Drazan,95
Clackamas,Precinct 363,Governor,,R,Christine Drazan,284
Clackamas,Precinct 364,Governor,,R,Christine Drazan,36
Clackamas,Precinct 371,Governor,,R,Christine Drazan,38
Clackamas,Precinct 372,Governor,,R,Christine Drazan,10
Clackamas,Precinct 373,Governor,,R,Christine Drazan,306
Clackamas,Precinct 374,Governor,,R,Christine Drazan,0
Clackamas,Precinct 400,Governor,,R,Christine Drazan,547
Clackamas,Precinct 403,Governor,,R,Christine Drazan,142
Clackamas,Precinct 404,Governor,,R,Christine Drazan,607
Clackamas,Precinct 405,Governor,,R,Christine Drazan,313
Clackamas,Precinct 406,Governor,,R,Christine Drazan,183
Clackamas,Precinct 410,Governor,,R,Christine Drazan,212
Clackamas,Precinct 411,Governor,,R,Christine Drazan,298
Clackamas,Precinct 412,Governor,,R,Christine Drazan,212
Clackamas,Precinct 413,Governor,,R,Christine Drazan,10
Clackamas,Precinct 414,Governor,,R,Christine Drazan,89
Clackamas,Precinct 415,Governor,,R,Christine Drazan,39
Clackamas,Precinct 416,Governor,,R,Christine Drazan,174
Clackamas,Precinct 417,Governor,,R,Christine Drazan,127
Clackamas,Precinct 418,Governor,,R,Christine Drazan,135
Clackamas,Precinct 419,Governor,,R,Christine Drazan,126
Clackamas,Precinct 420,Governor,,R,Christine Drazan,88
Clackamas,Precinct 421,Governor,,R,Christine Drazan,119
Clackamas,Precinct 422,Governor,,R,Christine Drazan,171
Clackamas,Precinct 500,Governor,,R,Christine Drazan,69
Clackamas,Precinct 501,Governor,,R,Christine Drazan,141
Clackamas,Precinct 502,Governor,,R,Christine Drazan,213
Clackamas,Precinct 503,Governor,,R,Christine Drazan,232
Clackamas,Precinct 504,Governor,,R,Christine Drazan,324
Clackamas,Precinct 506,Governor,,R,Christine Drazan,233
Clackamas,Precinct 510,Governor,,R,Christine Drazan,116
Clackamas,Precinct 511,Governor,,R,Christine Drazan,308
Clackamas,Precinct 512,Governor,,R,Christine Drazan,212
Clackamas,Precinct 513,Governor,,R,Christine Drazan,22
Clackamas,Precinct 514,Governor,,R,Christine Drazan,683
Clackamas,Precinct 515,Governor,,R,Christine Drazan,257
Clackamas,Precinct 516,Governor,,R,Christine Drazan,345
Clackamas,Precinct 517,Governor,,R,Christine Drazan,228
Clackamas,Precinct 518,Governor,,R,Christine Drazan,286
Clackamas,Precinct 600,Governor,,R,Christine Drazan,294
Clackamas,Precinct 602,Governor,,R,Christine Drazan,312
Clackamas,Precinct 604,Governor,,R,Christine Drazan,692
Clackamas,Precinct 606,Governor,,R,Christine Drazan,142
Clackamas,Precinct 608,Governor,,R,Christine Drazan,220
Clackamas,Precinct 614,Governor,,R,Christine Drazan,131
Clackamas,Precinct 616,Governor,,R,Christine Drazan,224
Clackamas,Precinct 618,Governor,,R,Christine Drazan,31
Clackamas,Precinct 620,Governor,,R,Christine Drazan,22
Clackamas,Precinct 622,Governor,,R,Christine Drazan,95
Clackamas,Precinct 626,Governor,,R,Christine Drazan,138
Clackamas,Precinct 628,Governor,,R,Christine Drazan,58
Clackamas,Precinct 630,Governor,,R,Christine Drazan,272
Clackamas,Precinct 100,Governor,,R,Danielle Bethell,0
Clackamas,Precinct 101,Governor,,R,Danielle Bethell,13
Clackamas,Precinct 102,Governor,,R,Danielle Bethell,2
Clackamas,Precinct 103,Governor,,R,Danielle Bethell,4
Clackamas,Precinct 104,Governor,,R,Danielle Bethell,0
Clackamas,Precinct 105,Governor,,R,Danielle Bethell,8
Clackamas,Precinct 106,Governor,,R,Danielle Bethell,10
Clackamas,Precinct 107,Governor,,R,Danielle Bethell,2
Clackamas,Precinct 108,Governor,,R,Danielle Bethell,18
Clackamas,Precinct 109,Governor,,R,Danielle Bethell,0
Clackamas,Precinct 111,Governor,,R,Danielle Bethell,117
Clackamas,Precinct 112,Governor,,R,Danielle Bethell,0
Clackamas,Precinct 113,Governor,,R,Danielle Bethell,0
Clackamas,Precinct 114,Governor,,R,Danielle Bethell,0
Clackamas,Precinct 115,Governor,,R,Danielle Bethell,0
Clackamas,Precinct 116,Governor,,R,Danielle Bethell,0
Clackamas,Precinct 122,Governor,,R,Danielle Bethell,14
Clackamas,Precinct 123,Governor,,R,Danielle Bethell,9
Clackamas,Precinct 124,Governor,,R,Danielle Bethell,13
Clackamas,Precinct 125,Governor,,R,Danielle Bethell,5
Clackamas,Precinct 127,Governor,,R,Danielle Bethell,0
Clackamas,Precinct 131,Governor,,R,Danielle Bethell,20
Clackamas,Precinct 132,Governor,,R,Danielle Bethell,9
Clackamas,Precinct 133,Governor,,R,Danielle Bethell,9
Clackamas,Precinct 134,Governor,,R,Danielle Bethell,0
Clackamas,Precinct 135,Governor,,R,Danielle Bethell,11
Clackamas,Precinct 151,Governor,,R,Danielle Bethell,8
Clackamas,Precinct 152,Governor,,R,Danielle Bethell,18
Clackamas,Precinct 153,Governor,,R,Danielle Bethell,3
Clackamas,Precinct 154,Governor,,R,Danielle Bethell,1
Clackamas,Precinct 155,Governor,,R,Danielle Bethell,6
Clackamas,Precinct 156,Governor,,R,Danielle Bethell,9
Clackamas,Precinct 157,Governor,,R,Danielle Bethell,1
Clackamas,Precinct 158,Governor,,R,Danielle Bethell,11
Clackamas,Precinct 159,Governor,,R,Danielle Bethell,3
Clackamas,Precinct 160,Governor,,R,Danielle Bethell,6
Clackamas,Precinct 161,Governor,,R,Danielle Bethell,1
Clackamas,Precinct 162,Governor,,R,Danielle Bethell,1
Clackamas,Precinct 201,Governor,,R,Danielle Bethell,17
Clackamas,Precinct 202,Governor,,R,Danielle Bethell,16
Clackamas,Precinct 203,Governor,,R,Danielle Bethell,4
Clackamas,Precinct 204,Governor,,R,Danielle Bethell,10
Clackamas,Precinct 251,Governor,,R,Danielle Bethell,12
Clackamas,Precinct 279,Governor,,R,Danielle Bethell,0
Clackamas,Precinct 280,Governor,,R,Danielle Bethell,0
Clackamas,Precinct 281,Governor,,R,Danielle Bethell,7
Clackamas,Precinct 282,Governor,,R,Danielle Bethell,0
Clackamas,Precinct 283,Governor,,R,Danielle Bethell,2
Clackamas,Precinct 284,Governor,,R,Danielle Bethell,1
Clackamas,Precinct 285,Governor,,R,Danielle Bethell,0
Clackamas,Precinct 286,Governor,,R,Danielle Bethell,0
Clackamas,Precinct 320,Governor,,R,Danielle Bethell,0
Clackamas,Precinct 321,Governor,,R,Danielle Bethell,0
Clackamas,Precinct 322,Governor,,R,Danielle Bethell,10
Clackamas,Precinct 323,Governor,,R,Danielle Bethell,4
Clackamas,Precinct 324,Governor,,R,Danielle Bethell,0
Clackamas,Precinct 330,Governor,,R,Danielle Bethell,63
Clackamas,Precinct 331,Governor,,R,Danielle Bethell,7
Clackamas,Precinct 332,Governor,,R,Danielle Bethell,0
Clackamas,Precinct 350,Governor,,R,Danielle Bethell,60
Clackamas,Precinct 355,Governor,,R,Danielle Bethell,0
Clackamas,Precinct 357,Governor,,R,Danielle Bethell,1
Clackamas,Precinct 358,Governor,,R,Danielle Bethell,0
Clackamas,Precinct 359,Governor,,R,Danielle Bethell,2
Clackamas,Precinct 360,Governor,,R,Danielle Bethell,2
Clackamas,Precinct 361,Governor,,R,Danielle Bethell,0
Clackamas,Precinct 362,Governor,,R,Danielle Bethell,3
Clackamas,Precinct 363,Governor,,R,Danielle Bethell,17
Clackamas,Precinct 364,Governor,,R,Danielle Bethell,0
Clackamas,Precinct 371,Governor,,R,Danielle Bethell,0
Clackamas,Precinct 372,Governor,,R,Danielle Bethell,0
Clackamas,Precinct 373,Governor,,R,Danielle Bethell,14
Clackamas,Precinct 374,Governor,,R,Danielle Bethell,0
Clackamas,Precinct 400,Governor,,R,Danielle Bethell,15
Clackamas,Precinct 403,Governor,,R,Danielle Bethell,4
Clackamas,Precinct 404,Governor,,R,Danielle Bethell,21
Clackamas,Precinct 405,Governor,,R,Danielle Bethell,6
Clackamas,Precinct 406,Governor,,R,Danielle Bethell,8
Clackamas,Precinct 410,Governor,,R,Danielle Bethell,9
Clackamas,Precinct 411,Governor,,R,Danielle Bethell,7
Clackamas,Precinct 412,Governor,,R,Danielle Bethell,8
Clackamas,Precinct 413,Governor,,R,Danielle Bethell,0
Clackamas,Precinct 414,Governor,,R,Danielle Bethell,2
Clackamas,Precinct 415,Governor,,R,Danielle Bethell,1
Clackamas,Precinct 416,Governor,,R,Danielle Bethell,12
Clackamas,Precinct 417,Governor,,R,Danielle Bethell,5
Clackamas,Precinct 418,Governor,,R,Danielle Bethell,3
Clackamas,Precinct 419,Governor,,R,Danielle Bethell,4
Clackamas,Precinct 420,Governor,,R,Danielle Bethell,8
Clackamas,Precinct 421,Governor,,R,Danielle Bethell,9
Clackamas,Precinct 422,Governor,,R,Danielle Bethell,7
Clackamas,Precinct 500,Governor,,R,Danielle Bethell,1
Clackamas,Precinct 501,Governor,,R,Danielle Bethell,6
Clackamas,Precinct 502,Governor,,R,Danielle Bethell,19
Clackamas,Precinct 503,Governor,,R,Danielle Bethell,3
Clackamas,Precinct 504,Governor,,R,Danielle Bethell,14
Clackamas,Precinct 506,Governor,,R,Danielle Bethell,4
Clackamas,Precinct 510,Governor,,R,Danielle Bethell,4
Clackamas,Precinct 511,Governor,,R,Danielle Bethell,6
Clackamas,Precinct 512,Governor,,R,Danielle Bethell,9
Clackamas,Precinct 513,Governor,,R,Danielle Bethell,1
Clackamas,Precinct 514,Governor,,R,Danielle Bethell,20
Clackamas,Precinct 515,Governor,,R,Danielle Bethell,13
Clackamas,Precinct 516,Governor,,R,Danielle Bethell,10
Clackamas,Precinct 517,Governor,,R,Danielle Bethell,31
Clackamas,Precinct 518,Governor,,R,Danielle Bethell,12
Clackamas,Precinct 600,Governor,,R,Danielle Bethell,10
Clackamas,Precinct 602,Governor,,R,Danielle Bethell,12
Clackamas,Precinct 604,Governor,,R,Danielle Bethell,19
Clackamas,Precinct 606,Governor,,R,Danielle Bethell,4
Clackamas,Precinct 608,Governor,,R,Danielle Bethell,18
Clackamas,Precinct 614,Governor,,R,Danielle Bethell,10
Clackamas,Precinct 616,Governor,,R,Danielle Bethell,13
Clackamas,Precinct 618,Governor,,R,Danielle Bethell,1
Clackamas,Precinct 620,Governor,,R,Danielle Bethell,0
Clackamas,Precinct 622,Governor,,R,Danielle Bethell,7
Clackamas,Precinct 626,Governor,,R,Danielle Bethell,5
Clackamas,Precinct 628,Governor,,R,Danielle Bethell,1
Clackamas,Precinct 630,Governor,,R,Danielle Bethell,13
Clackamas,Precinct 100,Governor,,R,David Medina,0
Clackamas,Precinct 101,Governor,,R,David Medina,63
Clackamas,Precinct 102,Governor,,R,David Medina,14
Clackamas,Precinct 103,Governor,,R,David Medina,24
Clackamas,Precinct 104,Governor,,R,David Medina,0
Clackamas,Precinct 105,Governor,,R,David Medina,43
Clackamas,Precinct 106,Governor,,R,David Medina,80
Clackamas,Precinct 107,Governor,,R,David Medina,36
Clackamas,Precinct 108,Governor,,R,David Medina,67
Clackamas,Precinct 109,Governor,,R,David Medina,0
Clackamas,Precinct 111,Governor,,R,David Medina,89
Clackamas,Precinct 112,Governor,,R,David Medina,0
Clackamas,Precinct 113,Governor,,R,David Medina,0
Clackamas,Precinct 114,Governor,,R,David Medina,0
Clackamas,Precinct 115,Governor,,R,David Medina,2
Clackamas,Precinct 116,Governor,,R,David Medina,0
Clackamas,Precinct 122,Governor,,R,David Medina,59
Clackamas,Precinct 123,Governor,,R,David Medina,39
Clackamas,Precinct 124,Governor,,R,David Medina,29
Clackamas,Precinct 125,Governor,,R,David Medina,28
Clackamas,Precinct 127,Governor,,R,David Medina,0
Clackamas,Precinct 131,Governor,,R,David Medina,61
Clackamas,Precinct 132,Governor,,R,David Medina,30
Clackamas,Precinct 133,Governor,,R,David Medina,8
Clackamas,Precinct 134,Governor,,R,David Medina,0
Clackamas,Precinct 135,Governor,,R,David Medina,24
Clackamas,Precinct 151,Governor,,R,David Medina,2
Clackamas,Precinct 152,Governor,,R,David Medina,26
Clackamas,Precinct 153,Governor,,R,David Medina,3
Clackamas,Precinct 154,Governor,,R,David Medina,0
Clackamas,Precinct 155,Governor,,R,David Medina,10
Clackamas,Precinct 156,Governor,,R,David Medina,20
Clackamas,Precinct 157,Governor,,R,David Medina,0
Clackamas,Precinct 158,Governor,,R,David Medina,16
Clackamas,Precinct 159,Governor,,R,David Medina,9
Clackamas,Precinct 160,Governor,,R,David Medina,13
Clackamas,Precinct 161,Governor,,R,David Medina,4
Clackamas,Precinct 162,Governor,,R,David Medina,5
Clackamas,Precinct 201,Governor,,R,David Medina,39
Clackamas,Precinct 202,Governor,,R,David Medina,46
Clackamas,Precinct 203,Governor,,R,David Medina,9
Clackamas,Precinct 204,Governor,,R,David Medina,17
Clackamas,Precinct 251,Governor,,R,David Medina,16
Clackamas,Precinct 279,Governor,,R,David Medina,1
Clackamas,Precinct 280,Governor,,R,David Medina,0
Clackamas,Precinct 281,Governor,,R,David Medina,6
Clackamas,Precinct 282,Governor,,R,David Medina,2
Clackamas,Precinct 283,Governor,,R,David Medina,0
Clackamas,Precinct 284,Governor,,R,David Medina,1
Clackamas,Precinct 285,Governor,,R,David Medina,0
Clackamas,Precinct 286,Governor,,R,David Medina,2
Clackamas,Precinct 320,Governor,,R,David Medina,0
Clackamas,Precinct 321,Governor,,R,David Medina,18
Clackamas,Precinct 322,Governor,,R,David Medina,8
Clackamas,Precinct 323,Governor,,R,David Medina,31
Clackamas,Precinct 324,Governor,,R,David Medina,1
Clackamas,Precinct 330,Governor,,R,David Medina,113
Clackamas,Precinct 331,Governor,,R,David Medina,43
Clackamas,Precinct 332,Governor,,R,David Medina,10
Clackamas,Precinct 350,Governor,,R,David Medina,58
Clackamas,Precinct 355,Governor,,R,David Medina,0
Clackamas,Precinct 357,Governor,,R,David Medina,2
Clackamas,Precinct 358,Governor,,R,David Medina,5
Clackamas,Precinct 359,Governor,,R,David Medina,43
Clackamas,Precinct 360,Governor,,R,David Medina,24
Clackamas,Precinct 361,Governor,,R,David Medina,0
Clackamas,Precinct 362,Governor,,R,David Medina,17
Clackamas,Precinct 363,Governor,,R,David Medina,36
Clackamas,Precinct 364,Governor,,R,David Medina,7
Clackamas,Precinct 371,Governor,,R,David Medina,2
Clackamas,Precinct 372,Governor,,R,David Medina,0
Clackamas,Precinct 373,Governor,,R,David Medina,38
Clackamas,Precinct 374,Governor,,R,David Medina,0
Clackamas,Precinct 400,Governor,,R,David Medina,75
Clackamas,Precinct 403,Governor,,R,David Medina,15
Clackamas,Precinct 404,Governor,,R,David Medina,69
Clackamas,Precinct 405,Governor,,R,David Medina,38
Clackamas,Precinct 406,Governor,,R,David Medina,19
Clackamas,Precinct 410,Governor,,R,David Medina,46
Clackamas,Precinct 411,Governor,,R,David Medina,34
Clackamas,Precinct 412,Governor,,R,David Medina,29
Clackamas,Precinct 413,Governor,,R,David Medina,4
Clackamas,Precinct 414,Governor,,R,David Medina,14
Clackamas,Precinct 415,Governor,,R,David Medina,9
Clackamas,Precinct 416,Governor,,R,David Medina,29
Clackamas,Precinct 417,Governor,,R,David Medina,16
Clackamas,Precinct 418,Governor,,R,David Medina,17
Clackamas,Precinct 419,Governor,,R,David Medina,21
Clackamas,Precinct 420,Governor,,R,David Medina,10
Clackamas,Precinct 421,Governor,,R,David Medina,19
Clackamas,Precinct 422,Governor,,R,David Medina,43
Clackamas,Precinct 500,Governor,,R,David Medina,6
Clackamas,Precinct 501,Governor,,R,David Medina,17
Clackamas,Precinct 502,Governor,,R,David Medina,37
Clackamas,Precinct 503,Governor,,R,David Medina,23
Clackamas,Precinct 504,Governor,,R,David Medina,43
Clackamas,Precinct 506,Governor,,R,David Medina,31
Clackamas,Precinct 510,Governor,,R,David Medina,24
Clackamas,Precinct 511,Governor,,R,David Medina,34
Clackamas,Precinct 512,Governor,,R,David Medina,49
Clackamas,Precinct 513,Governor,,R,David Medina,4
Clackamas,Precinct 514,Governor,,R,David Medina,82
Clackamas,Precinct 515,Governor,,R,David Medina,24
Clackamas,Precinct 516,Governor,,R,David Medina,29
Clackamas,Precinct 517,Governor,,R,David Medina,39
Clackamas,Precinct 518,Governor,,R,David Medina,49
Clackamas,Precinct 600,Governor,,R,David Medina,49
Clackamas,Precinct 602,Governor,,R,David Medina,69
Clackamas,Precinct 604,Governor,,R,David Medina,113
Clackamas,Precinct 606,Governor,,R,David Medina,46
Clackamas,Precinct 608,Governor,,R,David Medina,41
Clackamas,Precinct 614,Governor,,R,David Medina,31
Clackamas,Precinct 616,Governor,,R,David Medina,53
Clackamas,Precinct 618,Governor,,R,David Medina,7
Clackamas,Precinct 620,Governor,,R,David Medina,0
Clackamas,Precinct 622,Governor,,R,David Medina,14
Clackamas,Precinct 626,Governor,,R,David Medina,25
Clackamas,Precinct 628,Governor,,R,David Medina,11
Clackamas,Precinct 630,Governor,,R,David Medina,43
Clackamas,Precinct 100,Governor,,R,DeAngelo Leroy Turner,0
Clackamas,Precinct 101,Governor,,R,DeAngelo Leroy Turner,0
Clackamas,Precinct 102,Governor,,R,DeAngelo Leroy Turner,1
Clackamas,Precinct 103,Governor,,R,DeAngelo Leroy Turner,0
Clackamas,Precinct 104,Governor,,R,DeAngelo Leroy Turner,0
Clackamas,Precinct 105,Governor,,R,DeAngelo Leroy Turner,0
Clackamas,Precinct 106,Governor,,R,DeAngelo Leroy Turner,0
Clackamas,Precinct 107,Governor,,R,DeAngelo Leroy Turner,1
Clackamas,Precinct 108,Governor,,R,DeAngelo Leroy Turner,0
Clackamas,Precinct 109,Governor,,R,DeAngelo Leroy Turner,0
Clackamas,Precinct 111,Governor,,R,DeAngelo Leroy Turner,0
Clackamas,Precinct 112,Governor,,R,DeAngelo Leroy Turner,0
Clackamas,Precinct 113,Governor,,R,DeAngelo Leroy Turner,0
Clackamas,Precinct 114,Governor,,R,DeAngelo Leroy Turner,0
Clackamas,Precinct 115,Governor,,R,DeAngelo Leroy Turner,0
Clackamas,Precinct 116,Governor,,R,DeAngelo Leroy Turner,0
Clackamas,Precinct 122,Governor,,R,DeAngelo Leroy Turner,1
Clackamas,Precinct 123,Governor,,R,DeAngelo Leroy Turner,0
Clackamas,Precinct 124,Governor,,R,DeAngelo Leroy Turner,1
Clackamas,Precinct 125,Governor,,R,DeAngelo Leroy Turner,0
Clackamas,Precinct 127,Governor,,R,DeAngelo Leroy Turner,0
Clackamas,Precinct 131,Governor,,R,DeAngelo Leroy Turner,1
Clackamas,Precinct 132,Governor,,R,DeAngelo Leroy Turner,1
Clackamas,Precinct 133,Governor,,R,DeAngelo Leroy Turner,0
Clackamas,Precinct 134,Governor,,R,DeAngelo Leroy Turner,0
Clackamas,Precinct 135,Governor,,R,DeAngelo Leroy Turner,2
Clackamas,Precinct 151,Governor,,R,DeAngelo Leroy Turner,0
Clackamas,Precinct 152,Governor,,R,DeAngelo Leroy Turner,0
Clackamas,Precinct 153,Governor,,R,DeAngelo Leroy Turner,0
Clackamas,Precinct 154,Governor,,R,DeAngelo Leroy Turner,0
Clackamas,Precinct 155,Governor,,R,DeAngelo Leroy Turner,0
Clackamas,Precinct 156,Governor,,R,DeAngelo Leroy Turner,0
Clackamas,Precinct 157,Governor,,R,DeAngelo Leroy Turner,0
Clackamas,Precinct 158,Governor,,R,DeAngelo Leroy Turner,1
Clackamas,Precinct 159,Governor,,R,DeAngelo Leroy Turner,0
Clackamas,Precinct 160,Governor,,R,DeAngelo Leroy Turner,0
Clackamas,Precinct 161,Governor,,R,DeAngelo Leroy Turner,0
Clackamas,Precinct 162,Governor,,R,DeAngelo Leroy Turner,0
Clackamas,Precinct 201,Governor,,R,DeAngelo Leroy Turner,2
Clackamas,Precinct 202,Governor,,R,DeAngelo Leroy Turner,0
Clackamas,Precinct 203,Governor,,R,DeAngelo Leroy Turner,1
Clackamas,Precinct 204,Governor,,R,DeAngelo Leroy Turner,2
Clackamas,Precinct 251,Governor,,R,DeAngelo Leroy Turner,0
Clackamas,Precinct 279,Governor,,R,DeAngelo Leroy Turner,0
Clackamas,Precinct 280,Governor,,R,DeAngelo Leroy Turner,0
Clackamas,Precinct 281,Governor,,R,DeAngelo Leroy Turner,0
Clackamas,Precinct 282,Governor,,R,DeAngelo Leroy Turner,0
Clackamas,Precinct 283,Governor,,R,DeAngelo Leroy Turner,0
Clackamas,Precinct 284,Governor,,R,DeAngelo Leroy Turner,0
Clackamas,Precinct 285,Governor,,R,DeAngelo Leroy Turner,0
Clackamas,Precinct 286,Governor,,R,DeAngelo Leroy Turner,0
Clackamas,Precinct 320,Governor,,R,DeAngelo Leroy Turner,0
Clackamas,Precinct 321,Governor,,R,DeAngelo Leroy Turner,0
Clackamas,Precinct 322,Governor,,R,DeAngelo Leroy Turner,0
Clackamas,Precinct 323,Governor,,R,DeAngelo Leroy Turner,0
Clackamas,Precinct 324,Governor,,R,DeAngelo Leroy Turner,0
Clackamas,Precinct 330,Governor,,R,DeAngelo Leroy Turner,0
Clackamas,Precinct 331,Governor,,R,DeAngelo Leroy Turner,0
Clackamas,Precinct 332,Governor,,R,DeAngelo Leroy Turner,0
Clackamas,Precinct 350,Governor,,R,DeAngelo Leroy Turner,0
Clackamas,Precinct 355,Governor,,R,DeAngelo Leroy Turner,0
Clackamas,Precinct 357,Governor,,R,DeAngelo Leroy Turner,0
Clackamas,Precinct 358,Governor,,R,DeAngelo Leroy Turner,0
Clackamas,Precinct 359,Governor,,R,DeAngelo Leroy Turner,2
Clackamas,Precinct 360,Governor,,R,DeAngelo Leroy Turner,0
Clackamas,Precinct 361,Governor,,R,DeAngelo Leroy Turner,0
Clackamas,Precinct 362,Governor,,R,DeAngelo Leroy Turner,1
Clackamas,Precinct 363,Governor,,R,DeAngelo Leroy Turner,0
Clackamas,Precinct 364,Governor,,R,DeAngelo Leroy Turner,0
Clackamas,Precinct 371,Governor,,R,DeAngelo Leroy Turner,0
Clackamas,Precinct 372,Governor,,R,DeAngelo Leroy Turner,0
Clackamas,Precinct 373,Governor,,R,DeAngelo Leroy Turner,0
Clackamas,Precinct 374,Governor,,R,DeAngelo Leroy Turner,0
Clackamas,Precinct 400,Governor,,R,DeAngelo Leroy Turner,1
Clackamas,Precinct 403,Governor,,R,DeAngelo Leroy Turner,0
Clackamas,Precinct 404,Governor,,R,DeAngelo Leroy Turner,0
Clackamas,Precinct 405,Governor,,R,DeAngelo Leroy Turner,0
Clackamas,Precinct 406,Governor,,R,DeAngelo Leroy Turner,0
Clackamas,Precinct 410,Governor,,R,DeAngelo Leroy Turner,0
Clackamas,Precinct 411,Governor,,R,DeAngelo Leroy Turner,0
Clackamas,Precinct 412,Governor,,R,DeAngelo Leroy Turner,0
Clackamas,Precinct 413,Governor,,R,DeAngelo Leroy Turner,0
Clackamas,Precinct 414,Governor,,R,DeAngelo Leroy Turner,0
Clackamas,Precinct 415,Governor,,R,DeAngelo Leroy Turner,0
Clackamas,Precinct 416,Governor,,R,DeAngelo Leroy Turner,0
Clackamas,Precinct 417,Governor,,R,DeAngelo Leroy Turner,0
Clackamas,Precinct 418,Governor,,R,DeAngelo Leroy Turner,0
Clackamas,Precinct 419,Governor,,R,DeAngelo Leroy Turner,2
Clackamas,Precinct 420,Governor,,R,DeAngelo Leroy Turner,0
Clackamas,Precinct 421,Governor,,R,DeAngelo Leroy Turner,0
Clackamas,Precinct 422,Governor,,R,DeAngelo Leroy Turner,0
Clackamas,Precinct 500,Governor,,R,DeAngelo Leroy Turner,0
Clackamas,Precinct 501,Governor,,R,DeAngelo Leroy Turner,0
Clackamas,Precinct 502,Governor,,R,DeAngelo Leroy Turner,0
Clackamas,Precinct 503,Governor,,R,DeAngelo Leroy Turner,1
Clackamas,Precinct 504,Governor,,R,DeAngelo Leroy Turner,1
Clackamas,Precinct 506,Governor,,R,DeAngelo Leroy Turner,0
Clackamas,Precinct 510,Governor,,R,DeAngelo Leroy Turner,0
Clackamas,Precinct 511,Governor,,R,DeAngelo Leroy Turner,0
Clackamas,Precinct 512,Governor,,R,DeAngelo Leroy Turner,0
Clackamas,Precinct 513,Governor,,R,DeAngelo Leroy Turner,0
Clackamas,Precinct 514,Governor,,R,DeAngelo Leroy Turner,0
Clackamas,Precinct 515,Governor,,R,DeAngelo Leroy Turner,2
Clackamas,Precinct 516,Governor,,R,DeAngelo Leroy Turner,1
Clackamas,Precinct 517,Governor,,R,DeAngelo Leroy Turner,0
Clackamas,Precinct 518,Governor,,R,DeAngelo Leroy Turner,0
Clackamas,Precinct 600,Governor,,R,DeAngelo Leroy Turner,0
Clackamas,Precinct 602,Governor,,R,DeAngelo Leroy Turner,0
Clackamas,Precinct 604,Governor,,R,DeAngelo Leroy Turner,3
Clackamas,Precinct 606,Governor,,R,DeAngelo Leroy Turner,0
Clackamas,Precinct 608,Governor,,R,DeAngelo Leroy Turner,0
Clackamas,Precinct 614,Governor,,R,DeAngelo Leroy Turner,0
Clackamas,Precinct 616,Governor,,R,DeAngelo Leroy Turner,3
Clackamas,Precinct 618,Governor,,R,DeAngelo Leroy Turner,0
Clackamas,Precinct 620,Governor,,R,DeAngelo Leroy Turner,0
Clackamas,Precinct 622,Governor,,R,DeAngelo Leroy Turner,0
Clackamas,Precinct 626,Governor,,R,DeAngelo Leroy Turner,0
Clackamas,Precinct 628,Governor,,R,DeAngelo Leroy Turner,0
Clackamas,Precinct 630,Governor,,R,DeAngelo Leroy Turner,0
Clackamas,Precinct 100,Governor,,R,Ed Diehl,3
Clackamas,Precinct 101,Governor,,R,Ed Diehl,169
Clackamas,Precinct 102,Governor,,R,Ed Diehl,75
Clackamas,Precinct 103,Governor,,R,Ed Diehl,82
Clackamas,Precinct 104,Governor,,R,Ed Diehl,2
Clackamas,Precinct 105,Governor,,R,Ed Diehl,156
Clackamas,Precinct 106,Governor,,R,Ed Diehl,221
Clackamas,Precinct 107,Governor,,R,Ed Diehl,121
Clackamas,Precinct 108,Governor,,R,Ed Diehl,306
Clackamas,Precinct 109,Governor,,R,Ed Diehl,0
Clackamas,Precinct 111,Governor,,R,Ed Diehl,463
Clackamas,Precinct 112,Governor,,R,Ed Diehl,0
Clackamas,Precinct 113,Governor,,R,Ed Diehl,1
Clackamas,Precinct 114,Governor,,R,Ed Diehl,7
Clackamas,Precinct 115,Governor,,R,Ed Diehl,6
Clackamas,Precinct 116,Governor,,R,Ed Diehl,0
Clackamas,Precinct 122,Governor,,R,Ed Diehl,225
Clackamas,Precinct 123,Governor,,R,Ed Diehl,142
Clackamas,Precinct 124,Governor,,R,Ed Diehl,231
Clackamas,Precinct 125,Governor,,R,Ed Diehl,77
Clackamas,Precinct 127,Governor,,R,Ed Diehl,13
Clackamas,Precinct 131,Governor,,R,Ed Diehl,206
Clackamas,Precinct 132,Governor,,R,Ed Diehl,152
Clackamas,Precinct 133,Governor,,R,Ed Diehl,54
Clackamas,Precinct 134,Governor,,R,Ed Diehl,0
Clackamas,Precinct 135,Governor,,R,Ed Diehl,114
Clackamas,Precinct 151,Governor,,R,Ed Diehl,59
Clackamas,Precinct 152,Governor,,R,Ed Diehl,126
Clackamas,Precinct 153,Governor,,R,Ed Diehl,11
Clackamas,Precinct 154,Governor,,R,Ed Diehl,2
Clackamas,Precinct 155,Governor,,R,Ed Diehl,35
Clackamas,Precinct 156,Governor,,R,Ed Diehl,83
Clackamas,Precinct 157,Governor,,R,Ed Diehl,6
Clackamas,Precinct 158,Governor,,R,Ed Diehl,65
Clackamas,Precinct 159,Governor,,R,Ed Diehl,63
Clackamas,Precinct 160,Governor,,R,Ed Diehl,26
Clackamas,Precinct 161,Governor,,R,Ed Diehl,2
Clackamas,Precinct 162,Governor,,R,Ed Diehl,14
Clackamas,Precinct 201,Governor,,R,Ed Diehl,102
Clackamas,Precinct 202,Governor,,R,Ed Diehl,161
Clackamas,Precinct 203,Governor,,R,Ed Diehl,93
Clackamas,Precinct 204,Governor,,R,Ed Diehl,101
Clackamas,Precinct 251,Governor,,R,Ed Diehl,65
Clackamas,Precinct 279,Governor,,R,Ed Diehl,3
Clackamas,Precinct 280,Governor,,R,Ed Diehl,11
Clackamas,Precinct 281,Governor,,R,Ed Diehl,24
Clackamas,Precinct 282,Governor,,R,Ed Diehl,10
Clackamas,Precinct 283,Governor,,R,Ed Diehl,16
Clackamas,Precinct 284,Governor,,R,Ed Diehl,6
Clackamas,Precinct 285,Governor,,R,Ed Diehl,1
Clackamas,Precinct 286,Governor,,R,Ed Diehl,4
Clackamas,Precinct 320,Governor,,R,Ed Diehl,2
Clackamas,Precinct 321,Governor,,R,Ed Diehl,150
Clackamas,Precinct 322,Governor,,R,Ed Diehl,90
Clackamas,Precinct 323,Governor,,R,Ed Diehl,96
Clackamas,Precinct 324,Governor,,R,Ed Diehl,6
Clackamas,Precinct 330,Governor,,R,Ed Diehl,563
Clackamas,Precinct 331,Governor,,R,Ed Diehl,223
Clackamas,Precinct 332,Governor,,R,Ed Diehl,63
Clackamas,Precinct 350,Governor,,R,Ed Diehl,468
Clackamas,Precinct 355,Governor,,R,Ed Diehl,0
Clackamas,Precinct 357,Governor,,R,Ed Diehl,21
Clackamas,Precinct 358,Governor,,R,Ed Diehl,40
Clackamas,Precinct 359,Governor,,R,Ed Diehl,266
Clackamas,Precinct 360,Governor,,R,Ed Diehl,114
Clackamas,Precinct 361,Governor,,R,Ed Diehl,0
Clackamas,Precinct 362,Governor,,R,Ed Diehl,99
Clackamas,Precinct 363,Governor,,R,Ed Diehl,234
Clackamas,Precinct 364,Governor,,R,Ed Diehl,23
Clackamas,Precinct 371,Governor,,R,Ed Diehl,29
Clackamas,Precinct 372,Governor,,R,Ed Diehl,2
Clackamas,Precinct 373,Governor,,R,Ed Diehl,234
Clackamas,Precinct 374,Governor,,R,Ed Diehl,0
Clackamas,Precinct 400,Governor,,R,Ed Diehl,355
Clackamas,Precinct 403,Governor,,R,Ed Diehl,102
Clackamas,Precinct 404,Governor,,R,Ed Diehl,293
Clackamas,Precinct 405,Governor,,R,Ed Diehl,189
Clackamas,Precinct 406,Governor,,R,Ed Diehl,52
Clackamas,Precinct 410,Governor,,R,Ed Diehl,102
Clackamas,Precinct 411,Governor,,R,Ed Diehl,145
Clackamas,Precinct 412,Governor,,R,Ed Diehl,105
Clackamas,Precinct 413,Governor,,R,Ed Diehl,3
Clackamas,Precinct 414,Governor,,R,Ed Diehl,36
Clackamas,Precinct 415,Governor,,R,Ed Diehl,28
Clackamas,Precinct 416,Governor,,R,Ed Diehl,66
Clackamas,Precinct 417,Governor,,R,Ed Diehl,76
Clackamas,Precinct 418,Governor,,R,Ed Diehl,88
Clackamas,Precinct 419,Governor,,R,Ed Diehl,46
Clackamas,Precinct 420,Governor,,R,Ed Diehl,60
Clackamas,Precinct 421,Governor,,R,Ed Diehl,73
Clackamas,Precinct 422,Governor,,R,Ed Diehl,134
Clackamas,Precinct 500,Governor,,R,Ed Diehl,27
Clackamas,Precinct 501,Governor,,R,Ed Diehl,108
Clackamas,Precinct 502,Governor,,R,Ed Diehl,146
Clackamas,Precinct 503,Governor,,R,Ed Diehl,195
Clackamas,Precinct 504,Governor,,R,Ed Diehl,180
Clackamas,Precinct 506,Governor,,R,Ed Diehl,153
Clackamas,Precinct 510,Governor,,R,Ed Diehl,77
Clackamas,Precinct 511,Governor,,R,Ed Diehl,233
Clackamas,Precinct 512,Governor,,R,Ed Diehl,154
Clackamas,Precinct 513,Governor,,R,Ed Diehl,5
Clackamas,Precinct 514,Governor,,R,Ed Diehl,455
Clackamas,Precinct 515,Governor,,R,Ed Diehl,142
Clackamas,Precinct 516,Governor,,R,Ed Diehl,177
Clackamas,Precinct 517,Governor,,R,Ed Diehl,287
Clackamas,Precinct 518,Governor,,R,Ed Diehl,281
Clackamas,Precinct 600,Governor,,R,Ed Diehl,181
Clackamas,Precinct 602,Governor,,R,Ed Diehl,232
Clackamas,Precinct 604,Governor,,R,Ed Diehl,412
Clackamas,Precinct 606,Governor,,R,Ed Diehl,89
Clackamas,Precinct 608,Governor,,R,Ed Diehl,134
Clackamas,Precinct 614,Governor,,R,Ed Diehl,123
Clackamas,Precinct 616,Governor,,R,Ed Diehl,174
Clackamas,Precinct 618,Governor,,R,Ed Diehl,23
Clackamas,Precinct 620,Governor,,R,Ed Diehl,6
Clackamas,Precinct 622,Governor,,R,Ed Diehl,64
Clackamas,Precinct 626,Governor,,R,Ed Diehl,83
Clackamas,Precinct 628,Governor,,R,Ed Diehl,34
Clackamas,Precinct 630,Governor,,R,Ed Diehl,158
Clackamas,Precinct 100,Governor,,R,Hope A. Dalrymple,0
Clackamas,Precinct 101,Governor,,R,Hope A. Dalrymple,0
Clackamas,Precinct 102,Governor,,R,Hope A. Dalrymple,2
Clackamas,Precinct 103,Governor,,R,Hope A. Dalrymple,2
Clackamas,Precinct 104,Governor,,R,Hope A. Dalrymple,0
Clackamas,Precinct 105,Governor,,R,Hope A. Dalrymple,0
Clackamas,Precinct 106,Governor,,R,Hope A. Dalrymple,0
Clackamas,Precinct 107,Governor,,R,Hope A. Dalrymple,2
Clackamas,Precinct 108,Governor,,R,Hope A. Dalrymple,0
Clackamas,Precinct 109,Governor,,R,Hope A. Dalrymple,0
Clackamas,Precinct 111,Governor,,R,Hope A. Dalrymple,1
Clackamas,Precinct 112,Governor,,R,Hope A. Dalrymple,0
Clackamas,Precinct 113,Governor,,R,Hope A. Dalrymple,0
Clackamas,Precinct 114,Governor,,R,Hope A. Dalrymple,0
Clackamas,Precinct 115,Governor,,R,Hope A. Dalrymple,0
Clackamas,Precinct 116,Governor,,R,Hope A. Dalrymple,0
Clackamas,Precinct 122,Governor,,R,Hope A. Dalrymple,1
Clackamas,Precinct 123,Governor,,R,Hope A. Dalrymple,0
Clackamas,Precinct 124,Governor,,R,Hope A. Dalrymple,0
Clackamas,Precinct 125,Governor,,R,Hope A. Dalrymple,0
Clackamas,Precinct 127,Governor,,R,Hope A. Dalrymple,0
Clackamas,Precinct 131,Governor,,R,Hope A. Dalrymple,1
Clackamas,Precinct 132,Governor,,R,Hope A. Dalrymple,1
Clackamas,Precinct 133,Governor,,R,Hope A. Dalrymple,0
Clackamas,Precinct 134,Governor,,R,Hope A. Dalrymple,0
Clackamas,Precinct 135,Governor,,R,Hope A. Dalrymple,2
Clackamas,Precinct 151,Governor,,R,Hope A. Dalrymple,0
Clackamas,Precinct 152,Governor,,R,Hope A. Dalrymple,1
Clackamas,Precinct 153,Governor,,R,Hope A. Dalrymple,0
Clackamas,Precinct 154,Governor,,R,Hope A. Dalrymple,0
Clackamas,Precinct 155,Governor,,R,Hope A. Dalrymple,1
Clackamas,Precinct 156,Governor,,R,Hope A. Dalrymple,1
Clackamas,Precinct 157,Governor,,R,Hope A. Dalrymple,0
Clackamas,Precinct 158,Governor,,R,Hope A. Dalrymple,0
Clackamas,Precinct 159,Governor,,R,Hope A. Dalrymple,0
Clackamas,Precinct 160,Governor,,R,Hope A. Dalrymple,0
Clackamas,Precinct 161,Governor,,R,Hope A. Dalrymple,0
Clackamas,Precinct 162,Governor,,R,Hope A. Dalrymple,1
Clackamas,Precinct 201,Governor,,R,Hope A. Dalrymple,0
Clackamas,Precinct 202,Governor,,R,Hope A. Dalrymple,2
Clackamas,Precinct 203,Governor,,R,Hope A. Dalrymple,1
Clackamas,Precinct 204,Governor,,R,Hope A. Dalrymple,1
Clackamas,Precinct 251,Governor,,R,Hope A. Dalrymple,0
Clackamas,Precinct 279,Governor,,R,Hope A. Dalrymple,0
Clackamas,Precinct 280,Governor,,R,Hope A. Dalrymple,0
Clackamas,Precinct 281,Governor,,R,Hope A. Dalrymple,0
Clackamas,Precinct 282,Governor,,R,Hope A. Dalrymple,0
Clackamas,Precinct 283,Governor,,R,Hope A. Dalrymple,0
Clackamas,Precinct 284,Governor,,R,Hope A. Dalrymple,0
Clackamas,Precinct 285,Governor,,R,Hope A. Dalrymple,0
Clackamas,Precinct 286,Governor,,R,Hope A. Dalrymple,0
Clackamas,Precinct 320,Governor,,R,Hope A. Dalrymple,0
Clackamas,Precinct 321,Governor,,R,Hope A. Dalrymple,0
Clackamas,Precinct 322,Governor,,R,Hope A. Dalrymple,0
Clackamas,Precinct 323,Governor,,R,Hope A. Dalrymple,1
Clackamas,Precinct 324,Governor,,R,Hope A. Dalrymple,0
Clackamas,Precinct 330,Governor,,R,Hope A. Dalrymple,0
Clackamas,Precinct 331,Governor,,R,Hope A. Dalrymple,0
Clackamas,Precinct 332,Governor,,R,Hope A. Dalrymple,0
Clackamas,Precinct 350,Governor,,R,Hope A. Dalrymple,2
Clackamas,Precinct 355,Governor,,R,Hope A. Dalrymple,0
Clackamas,Precinct 357,Governor,,R,Hope A. Dalrymple,0
Clackamas,Precinct 358,Governor,,R,Hope A. Dalrymple,1
Clackamas,Precinct 359,Governor,,R,Hope A. Dalrymple,0
Clackamas,Precinct 360,Governor,,R,Hope A. Dalrymple,0
Clackamas,Precinct 361,Governor,,R,Hope A. Dalrymple,0
Clackamas,Precinct 362,Governor,,R,Hope A. Dalrymple,0
Clackamas,Precinct 363,Governor,,R,Hope A. Dalrymple,0
Clackamas,Precinct 364,Governor,,R,Hope A. Dalrymple,0
Clackamas,Precinct 371,Governor,,R,Hope A. Dalrymple,0
Clackamas,Precinct 372,Governor,,R,Hope A. Dalrymple,0
Clackamas,Precinct 373,Governor,,R,Hope A. Dalrymple,0
Clackamas,Precinct 374,Governor,,R,Hope A. Dalrymple,0
Clackamas,Precinct 400,Governor,,R,Hope A. Dalrymple,0
Clackamas,Precinct 403,Governor,,R,Hope A. Dalrymple,0
Clackamas,Precinct 404,Governor,,R,Hope A. Dalrymple,0
Clackamas,Precinct 405,Governor,,R,Hope A. Dalrymple,2
Clackamas,Precinct 406,Governor,,R,Hope A. Dalrymple,1
Clackamas,Precinct 410,Governor,,R,Hope A. Dalrymple,0
Clackamas,Precinct 411,Governor,,R,Hope A. Dalrymple,0
Clackamas,Precinct 412,Governor,,R,Hope A. Dalrymple,0
Clackamas,Precinct 413,Governor,,R,Hope A. Dalrymple,0
Clackamas,Precinct 414,Governor,,R,Hope A. Dalrymple,0
Clackamas,Precinct 415,Governor,,R,Hope A. Dalrymple,0
Clackamas,Precinct 416,Governor,,R,Hope A. Dalrymple,0
Clackamas,Precinct 417,Governor,,R,Hope A. Dalrymple,0
Clackamas,Precinct 418,Governor,,R,Hope A. Dalrymple,0
Clackamas,Precinct 419,Governor,,R,Hope A. Dalrymple,0
Clackamas,Precinct 420,Governor,,R,Hope A. Dalrymple,0
Clackamas,Precinct 421,Governor,,R,Hope A. Dalrymple,2
Clackamas,Precinct 422,Governor,,R,Hope A. Dalrymple,0
Clackamas,Precinct 500,Governor,,R,Hope A. Dalrymple,0
Clackamas,Precinct 501,Governor,,R,Hope A. Dalrymple,0
Clackamas,Precinct 502,Governor,,R,Hope A. Dalrymple,0
Clackamas,Precinct 503,Governor,,R,Hope A. Dalrymple,2
Clackamas,Precinct 504,Governor,,R,Hope A. Dalrymple,1
Clackamas,Precinct 506,Governor,,R,Hope A. Dalrymple,0
Clackamas,Precinct 510,Governor,,R,Hope A. Dalrymple,0
Clackamas,Precinct 511,Governor,,R,Hope A. Dalrymple,0
Clackamas,Precinct 512,Governor,,R,Hope A. Dalrymple,1
Clackamas,Precinct 513,Governor,,R,Hope A. Dalrymple,0
Clackamas,Precinct 514,Governor,,R,Hope A. Dalrymple,0
Clackamas,Precinct 515,Governor,,R,Hope A. Dalrymple,2
Clackamas,Precinct 516,Governor,,R,Hope A. Dalrymple,1
Clackamas,Precinct 517,Governor,,R,Hope A. Dalrymple,0
Clackamas,Precinct 518,Governor,,R,Hope A. Dalrymple,1
Clackamas,Precinct 600,Governor,,R,Hope A. Dalrymple,1
Clackamas,Precinct 602,Governor,,R,Hope A. Dalrymple,2
Clackamas,Precinct 604,Governor,,R,Hope A. Dalrymple,3
Clackamas,Precinct 606,Governor,,R,Hope A. Dalrymple,2
Clackamas,Precinct 608,Governor,,R,Hope A. Dalrymple,1
Clackamas,Precinct 614,Governor,,R,Hope A. Dalrymple,0
Clackamas,Precinct 616,Governor,,R,Hope A. Dalrymple,0
Clackamas,Precinct 618,Governor,,R,Hope A. Dalrymple,0
Clackamas,Precinct 620,Governor,,R,Hope A. Dalrymple,0
Clackamas,Precinct 622,Governor,,R,Hope A. Dalrymple,0
Clackamas,Precinct 626,Governor,,R,Hope A. Dalrymple,0
Clackamas,Precinct 628,Governor,,R,Hope A. Dalrymple,0
Clackamas,Precinct 630,Governor,,R,Hope A. Dalrymple,0
Clackamas,Precinct 100,Governor,,R,Kyle M. Duyck,0
Clackamas,Precinct 101,Governor,,R,Kyle M. Duyck,2
Clackamas,Precinct 102,Governor,,R,Kyle M. Duyck,0
Clackamas,Precinct 103,Governor,,R,Kyle M. Duyck,0
Clackamas,Precinct 104,Governor,,R,Kyle M. Duyck,0
Clackamas,Precinct 105,Governor,,R,Kyle M. Duyck,1
Clackamas,Precinct 106,Governor,,R,Kyle M. Duyck,1
Clackamas,Precinct 107,Governor,,R,Kyle M. Duyck,0
Clackamas,Precinct 108,Governor,,R,Kyle M. Duyck,3
Clackamas,Precinct 109,Governor,,R,Kyle M. Duyck,0
Clackamas,Precinct 111,Governor,,R,Kyle M. Duyck,1
Clackamas,Precinct 112,Governor,,R,Kyle M. Duyck,0
Clackamas,Precinct 113,Governor,,R,Kyle M. Duyck,0
Clackamas,Precinct 114,Governor,,R,Kyle M. Duyck,0
Clackamas,Precinct 115,Governor,,R,Kyle M. Duyck,0
Clackamas,Precinct 116,Governor,,R,Kyle M. Duyck,0
Clackamas,Precinct 122,Governor,,R,Kyle M. Duyck,0
Clackamas,Precinct 123,Governor,,R,Kyle M. Duyck,2
Clackamas,Precinct 124,Governor,,R,Kyle M. Duyck,3
Clackamas,Precinct 125,Governor,,R,Kyle M. Duyck,1
Clackamas,Precinct 127,Governor,,R,Kyle M. Duyck,0
Clackamas,Precinct 131,Governor,,R,Kyle M. Duyck,3
Clackamas,Precinct 132,Governor,,R,Kyle M. Duyck,1
Clackamas,Precinct 133,Governor,,R,Kyle M. Duyck,1
Clackamas,Precinct 134,Governor,,R,Kyle M. Duyck,0
Clackamas,Precinct 135,Governor,,R,Kyle M. Duyck,7
Clackamas,Precinct 151,Governor,,R,Kyle M. Duyck,3
Clackamas,Precinct 152,Governor,,R,Kyle M. Duyck,2
Clackamas,Precinct 153,Governor,,R,Kyle M. Duyck,0
Clackamas,Precinct 154,Governor,,R,Kyle M. Duyck,0
Clackamas,Precinct 155,Governor,,R,Kyle M. Duyck,1
Clackamas,Precinct 156,Governor,,R,Kyle M. Duyck,2
Clackamas,Precinct 157,Governor,,R,Kyle M. Duyck,0
Clackamas,Precinct 158,Governor,,R,Kyle M. Duyck,1
Clackamas,Precinct 159,Governor,,R,Kyle M. Duyck,1
Clackamas,Precinct 160,Governor,,R,Kyle M. Duyck,0
Clackamas,Precinct 161,Governor,,R,Kyle M. Duyck,0
Clackamas,Precinct 162,Governor,,R,Kyle M. Duyck,0
Clackamas,Precinct 201,Governor,,R,Kyle M. Duyck,1
Clackamas,Precinct 202,Governor,,R,Kyle M. Duyck,4
Clackamas,Precinct 203,Governor,,R,Kyle M. Duyck,1
Clackamas,Precinct 204,Governor,,R,Kyle M. Duyck,2
Clackamas,Precinct 251,Governor,,R,Kyle M. Duyck,0
Clackamas,Precinct 279,Governor,,R,Kyle M. Duyck,0
Clackamas,Precinct 280,Governor,,R,Kyle M. Duyck,0
Clackamas,Precinct 281,Governor,,R,Kyle M. Duyck,0
Clackamas,Precinct 282,Governor,,R,Kyle M. Duyck,0
Clackamas,Precinct 283,Governor,,R,Kyle M. Duyck,0
Clackamas,Precinct 284,Governor,,R,Kyle M. Duyck,0
Clackamas,Precinct 285,Governor,,R,Kyle M. Duyck,0
Clackamas,Precinct 286,Governor,,R,Kyle M. Duyck,0
Clackamas,Precinct 320,Governor,,R,Kyle M. Duyck,0
Clackamas,Precinct 321,Governor,,R,Kyle M. Duyck,2
Clackamas,Precinct 322,Governor,,R,Kyle M. Duyck,0
Clackamas,Precinct 323,Governor,,R,Kyle M. Duyck,1
Clackamas,Precinct 324,Governor,,R,Kyle M. Duyck,0
Clackamas,Precinct 330,Governor,,R,Kyle M. Duyck,2
Clackamas,Precinct 331,Governor,,R,Kyle M. Duyck,2
Clackamas,Precinct 332,Governor,,R,Kyle M. Duyck,0
Clackamas,Precinct 350,Governor,,R,Kyle M. Duyck,4
Clackamas,Precinct 355,Governor,,R,Kyle M. Duyck,0
Clackamas,Precinct 357,Governor,,R,Kyle M. Duyck,0
Clackamas,Precinct 358,Governor,,R,Kyle M. Duyck,0
Clackamas,Precinct 359,Governor,,R,Kyle M. Duyck,3
Clackamas,Precinct 360,Governor,,R,Kyle M. Duyck,0
Clackamas,Precinct 361,Governor,,R,Kyle M. Duyck,0
Clackamas,Precinct 362,Governor,,R,Kyle M. Duyck,0
Clackamas,Precinct 363,Governor,,R,Kyle M. Duyck,1
Clackamas,Precinct 364,Governor,,R,Kyle M. Duyck,0
Clackamas,Precinct 371,Governor,,R,Kyle M. Duyck,0
Clackamas,Precinct 372,Governor,,R,Kyle M. Duyck,0
Clackamas,Precinct 373,Governor,,R,Kyle M. Duyck,1
Clackamas,Precinct 374,Governor,,R,Kyle M. Duyck,0
Clackamas,Precinct 400,Governor,,R,Kyle M. Duyck,3
Clackamas,Precinct 403,Governor,,R,Kyle M. Duyck,1
Clackamas,Precinct 404,Governor,,R,Kyle M. Duyck,6
Clackamas,Precinct 405,Governor,,R,Kyle M. Duyck,1
Clackamas,Precinct 406,Governor,,R,Kyle M. Duyck,2
Clackamas,Precinct 410,Governor,,R,Kyle M. Duyck,0
Clackamas,Precinct 411,Governor,,R,Kyle M. Duyck,1
Clackamas,Precinct 412,Governor,,R,Kyle M. Duyck,0
Clackamas,Precinct 413,Governor,,R,Kyle M. Duyck,0
Clackamas,Precinct 414,Governor,,R,Kyle M. Duyck,0
Clackamas,Precinct 415,Governor,,R,Kyle M. Duyck,0
Clackamas,Precinct 416,Governor,,R,Kyle M. Duyck,3
Clackamas,Precinct 417,Governor,,R,Kyle M. Duyck,2
Clackamas,Precinct 418,Governor,,R,Kyle M. Duyck,2
Clackamas,Precinct 419,Governor,,R,Kyle M. Duyck,0
Clackamas,Precinct 420,Governor,,R,Kyle M. Duyck,1
Clackamas,Precinct 421,Governor,,R,Kyle M. Duyck,6
Clackamas,Precinct 422,Governor,,R,Kyle M. Duyck,0
Clackamas,Precinct 500,Governor,,R,Kyle M. Duyck,1
Clackamas,Precinct 501,Governor,,R,Kyle M. Duyck,1
Clackamas,Precinct 502,Governor,,R,Kyle M. Duyck,8
Clackamas,Precinct 503,Governor,,R,Kyle M. Duyck,2
Clackamas,Precinct 504,Governor,,R,Kyle M. Duyck,3
Clackamas,Precinct 506,Governor,,R,Kyle M. Duyck,5
Clackamas,Precinct 510,Governor,,R,Kyle M. Duyck,1
Clackamas,Precinct 511,Governor,,R,Kyle M. Duyck,1
Clackamas,Precinct 512,Governor,,R,Kyle M. Duyck,1
Clackamas,Precinct 513,Governor,,R,Kyle M. Duyck,0
Clackamas,Precinct 514,Governor,,R,Kyle M. Duyck,3
Clackamas,Precinct 515,Governor,,R,Kyle M. Duyck,4
Clackamas,Precinct 516,Governor,,R,Kyle M. Duyck,1
Clackamas,Precinct 517,Governor,,R,Kyle M. Duyck,2
Clackamas,Precinct 518,Governor,,R,Kyle M. Duyck,1
Clackamas,Precinct 600,Governor,,R,Kyle M. Duyck,2
Clackamas,Precinct 602,Governor,,R,Kyle M. Duyck,3
Clackamas,Precinct 604,Governor,,R,Kyle M. Duyck,3
Clackamas,Precinct 606,Governor,,R,Kyle M. Duyck,2
Clackamas,Precinct 608,Governor,,R,Kyle M. Duyck,1
Clackamas,Precinct 614,Governor,,R,Kyle M. Duyck,1
Clackamas,Precinct 616,Governor,,R,Kyle M. Duyck,1
Clackamas,Precinct 618,Governor,,R,Kyle M. Duyck,0
Clackamas,Precinct 620,Governor,,R,Kyle M. Duyck,0
Clackamas,Precinct 622,Governor,,R,Kyle M. Duyck,1
Clackamas,Precinct 626,Governor,,R,Kyle M. Duyck,3
Clackamas,Precinct 628,Governor,,R,Kyle M. Duyck,0
Clackamas,Precinct 630,Governor,,R,Kyle M. Duyck,5
Clackamas,Precinct 100,Governor,,R,Martin Ward,0
Clackamas,Precinct 101,Governor,,R,Martin Ward,1
Clackamas,Precinct 102,Governor,,R,Martin Ward,0
Clackamas,Precinct 103,Governor,,R,Martin Ward,0
Clackamas,Precinct 104,Governor,,R,Martin Ward,0
Clackamas,Precinct 105,Governor,,R,Martin Ward,1
Clackamas,Precinct 106,Governor,,R,Martin Ward,0
Clackamas,Precinct 107,Governor,,R,Martin Ward,1
Clackamas,Precinct 108,Governor,,R,Martin Ward,0
Clackamas,Precinct 109,Governor,,R,Martin Ward,0
Clackamas,Precinct 111,Governor,,R,Martin Ward,0
Clackamas,Precinct 112,Governor,,R,Martin Ward,0
Clackamas,Precinct 113,Governor,,R,Martin Ward,0
Clackamas,Precinct 114,Governor,,R,Martin Ward,0
Clackamas,Precinct 115,Governor,,R,Martin Ward,0
Clackamas,Precinct 116,Governor,,R,Martin Ward,0
Clackamas,Precinct 122,Governor,,R,Martin Ward,1
Clackamas,Precinct 123,Governor,,R,Martin Ward,0
Clackamas,Precinct 124,Governor,,R,Martin Ward,0
Clackamas,Precinct 125,Governor,,R,Martin Ward,0
Clackamas,Precinct 127,Governor,,R,Martin Ward,0
Clackamas,Precinct 131,Governor,,R,Martin Ward,2
Clackamas,Precinct 132,Governor,,R,Martin Ward,1
Clackamas,Precinct 133,Governor,,R,Martin Ward,0
Clackamas,Precinct 134,Governor,,R,Martin Ward,0
Clackamas,Precinct 135,Governor,,R,Martin Ward,1
Clackamas,Precinct 151,Governor,,R,Martin Ward,1
Clackamas,Precinct 152,Governor,,R,Martin Ward,0
Clackamas,Precinct 153,Governor,,R,Martin Ward,0
Clackamas,Precinct 154,Governor,,R,Martin Ward,0
Clackamas,Precinct 155,Governor,,R,Martin Ward,0
Clackamas,Precinct 156,Governor,,R,Martin Ward,1
Clackamas,Precinct 157,Governor,,R,Martin Ward,0
Clackamas,Precinct 158,Governor,,R,Martin Ward,0
Clackamas,Precinct 159,Governor,,R,Martin Ward,1
Clackamas,Precinct 160,Governor,,R,Martin Ward,0
Clackamas,Precinct 161,Governor,,R,Martin Ward,0
Clackamas,Precinct 162,Governor,,R,Martin Ward,0
Clackamas,Precinct 201,Governor,,R,Martin Ward,0
Clackamas,Precinct 202,Governor,,R,Martin Ward,1
Clackamas,Precinct 203,Governor,,R,Martin Ward,0
Clackamas,Precinct 204,Governor,,R,Martin Ward,0
Clackamas,Precinct 251,Governor,,R,Martin Ward,0
Clackamas,Precinct 279,Governor,,R,Martin Ward,0
Clackamas,Precinct 280,Governor,,R,Martin Ward,0
Clackamas,Precinct 281,Governor,,R,Martin Ward,0
Clackamas,Precinct 282,Governor,,R,Martin Ward,0
Clackamas,Precinct 283,Governor,,R,Martin Ward,0
Clackamas,Precinct 284,Governor,,R,Martin Ward,0
Clackamas,Precinct 285,Governor,,R,Martin Ward,0
Clackamas,Precinct 286,Governor,,R,Martin Ward,0
Clackamas,Precinct 320,Governor,,R,Martin Ward,0
Clackamas,Precinct 321,Governor,,R,Martin Ward,0
Clackamas,Precinct 322,Governor,,R,Martin Ward,0
Clackamas,Precinct 323,Governor,,R,Martin Ward,0
Clackamas,Precinct 324,Governor,,R,Martin Ward,0
Clackamas,Precinct 330,Governor,,R,Martin Ward,1
Clackamas,Precinct 331,Governor,,R,Martin Ward,1
Clackamas,Precinct 332,Governor,,R,Martin Ward,0
Clackamas,Precinct 350,Governor,,R,Martin Ward,0
Clackamas,Precinct 355,Governor,,R,Martin Ward,0
Clackamas,Precinct 357,Governor,,R,Martin Ward,0
Clackamas,Precinct 358,Governor,,R,Martin Ward,1
Clackamas,Precinct 359,Governor,,R,Martin Ward,0
Clackamas,Precinct 360,Governor,,R,Martin Ward,0
Clackamas,Precinct 361,Governor,,R,Martin Ward,0
Clackamas,Precinct 362,Governor,,R,Martin Ward,0
Clackamas,Precinct 363,Governor,,R,Martin Ward,0
Clackamas,Precinct 364,Governor,,R,Martin Ward,0
Clackamas,Precinct 371,Governor,,R,Martin Ward,0
Clackamas,Precinct 372,Governor,,R,Martin Ward,0
Clackamas,Precinct 373,Governor,,R,Martin Ward,0
Clackamas,Precinct 374,Governor,,R,Martin Ward,0
Clackamas,Precinct 400,Governor,,R,Martin Ward,2
Clackamas,Precinct 403,Governor,,R,Martin Ward,0
Clackamas,Precinct 404,Governor,,R,Martin Ward,1
Clackamas,Precinct 405,Governor,,R,Martin Ward,0
Clackamas,Precinct 406,Governor,,R,Martin Ward,0
Clackamas,Precinct 410,Governor,,R,Martin Ward,0
Clackamas,Precinct 411,Governor,,R,Martin Ward,1
Clackamas,Precinct 412,Governor,,R,Martin Ward,0
Clackamas,Precinct 413,Governor,,R,Martin Ward,0
Clackamas,Precinct 414,Governor,,R,Martin Ward,0
Clackamas,Precinct 415,Governor,,R,Martin Ward,0
Clackamas,Precinct 416,Governor,,R,Martin Ward,0
Clackamas,Precinct 417,Governor,,R,Martin Ward,2
Clackamas,Precinct 418,Governor,,R,Martin Ward,0
Clackamas,Precinct 419,Governor,,R,Martin Ward,0
Clackamas,Precinct 420,Governor,,R,Martin Ward,0
Clackamas,Precinct 421,Governor,,R,Martin Ward,1
Clackamas,Precinct 422,Governor,,R,Martin Ward,1
Clackamas,Precinct 500,Governor,,R,Martin Ward,1
Clackamas,Precinct 501,Governor,,R,Martin Ward,0
Clackamas,Precinct 502,Governor,,R,Martin Ward,0
Clackamas,Precinct 503,Governor,,R,Martin Ward,1
Clackamas,Precinct 504,Governor,,R,Martin Ward,2
Clackamas,Precinct 506,Governor,,R,Martin Ward,2
Clackamas,Precinct 510,Governor,,R,Martin Ward,0
Clackamas,Precinct 511,Governor,,R,Martin Ward,2
Clackamas,Precinct 512,Governor,,R,Martin Ward,0
Clackamas,Precinct 513,Governor,,R,Martin Ward,0
Clackamas,Precinct 514,Governor,,R,Martin Ward,1
Clackamas,Precinct 515,Governor,,R,Martin Ward,0
Clackamas,Precinct 516,Governor,,R,Martin Ward,0
Clackamas,Precinct 517,Governor,,R,Martin Ward,1
Clackamas,Precinct 518,Governor,,R,Martin Ward,1
Clackamas,Precinct 600,Governor,,R,Martin Ward,0
Clackamas,Precinct 602,Governor,,R,Martin Ward,0
Clackamas,Precinct 604,Governor,,R,Martin Ward,0
Clackamas,Precinct 606,Governor,,R,Martin Ward,0
Clackamas,Precinct 608,Governor,,R,Martin Ward,1
Clackamas,Precinct 614,Governor,,R,Martin Ward,0
Clackamas,Precinct 616,Governor,,R,Martin Ward,3
Clackamas,Precinct 618,Governor,,R,Martin Ward,0
Clackamas,Precinct 620,Governor,,R,Martin Ward,0
Clackamas,Precinct 622,Governor,,R,Martin Ward,0
Clackamas,Precinct 626,Governor,,R,Martin Ward,0
Clackamas,Precinct 628,Governor,,R,Martin Ward,0
Clackamas,Precinct 630,Governor,,R,Martin Ward,0
Clackamas,Precinct 100,Governor,,R,Over Votes,0
Clackamas,Precinct 101,Governor,,R,Over Votes,0
Clackamas,Precinct 102,Governor,,R,Over Votes,0
Clackamas,Precinct 103,Governor,,R,Over Votes,0
Clackamas,Precinct 104,Governor,,R,Over Votes,0
Clackamas,Precinct 105,Governor,,R,Over Votes,0
Clackamas,Precinct 106,Governor,,R,Over Votes,0
Clackamas,Precinct 107,Governor,,R,Over Votes,0
Clackamas,Precinct 108,Governor,,R,Over Votes,0
Clackamas,Precinct 109,Governor,,R,Over Votes,0
Clackamas,Precinct 111,Governor,,R,Over Votes,0
Clackamas,Precinct 112,Governor,,R,Over Votes,0
Clackamas,Precinct 113,Governor,,R,Over Votes,0
Clackamas,Precinct 114,Governor,,R,Over Votes,0
Clackamas,Precinct 115,Governor,,R,Over Votes,0
Clackamas,Precinct 116,Governor,,R,Over Votes,0
Clackamas,Precinct 122,Governor,,R,Over Votes,0
Clackamas,Precinct 123,Governor,,R,Over Votes,0
Clackamas,Precinct 124,Governor,,R,Over Votes,0
Clackamas,Precinct 125,Governor,,R,Over Votes,0
Clackamas,Precinct 127,Governor,,R,Over Votes,0
Clackamas,Precinct 131,Governor,,R,Over Votes,1
Clackamas,Precinct 132,Governor,,R,Over Votes,0
Clackamas,Precinct 133,Governor,,R,Over Votes,0
Clackamas,Precinct 134,Governor,,R,Over Votes,0
Clackamas,Precinct 135,Governor,,R,Over Votes,0
Clackamas,Precinct 151,Governor,,R,Over Votes,0
Clackamas,Precinct 152,Governor,,R,Over Votes,0
Clackamas,Precinct 153,Governor,,R,Over Votes,0
Clackamas,Precinct 154,Governor,,R,Over Votes,0
Clackamas,Precinct 155,Governor,,R,Over Votes,0
Clackamas,Precinct 156,Governor,,R,Over Votes,0
Clackamas,Precinct 157,Governor,,R,Over Votes,0
Clackamas,Precinct 158,Governor,,R,Over Votes,0
Clackamas,Precinct 159,Governor,,R,Over Votes,0
Clackamas,Precinct 160,Governor,,R,Over Votes,0
Clackamas,Precinct 161,Governor,,R,Over Votes,0
Clackamas,Precinct 162,Governor,,R,Over Votes,0
Clackamas,Precinct 201,Governor,,R,Over Votes,0
Clackamas,Precinct 202,Governor,,R,Over Votes,0
Clackamas,Precinct 203,Governor,,R,Over Votes,0
Clackamas,Precinct 204,Governor,,R,Over Votes,0
Clackamas,Precinct 251,Governor,,R,Over Votes,0
Clackamas,Precinct 279,Governor,,R,Over Votes,0
Clackamas,Precinct 280,Governor,,R,Over Votes,0
Clackamas,Precinct 281,Governor,,R,Over Votes,0
Clackamas,Precinct 282,Governor,,R,Over Votes,0
Clackamas,Precinct 283,Governor,,R,Over Votes,0
Clackamas,Precinct 284,Governor,,R,Over Votes,0
Clackamas,Precinct 285,Governor,,R,Over Votes,0
Clackamas,Precinct 286,Governor,,R,Over Votes,0
Clackamas,Precinct 320,Governor,,R,Over Votes,0
Clackamas,Precinct 321,Governor,,R,Over Votes,0
Clackamas,Precinct 322,Governor,,R,Over Votes,0
Clackamas,Precinct 323,Governor,,R,Over Votes,0
Clackamas,Precinct 324,Governor,,R,Over Votes,0
Clackamas,Precinct 330,Governor,,R,Over Votes,0
Clackamas,Precinct 331,Governor,,R,Over Votes,0
Clackamas,Precinct 332,Governor,,R,Over Votes,0
Clackamas,Precinct 350,Governor,,R,Over Votes,0
Clackamas,Precinct 355,Governor,,R,Over Votes,0
Clackamas,Precinct 357,Governor,,R,Over Votes,0
Clackamas,Precinct 358,Governor,,R,Over Votes,0
Clackamas,Precinct 359,Governor,,R,Over Votes,1
Clackamas,Precinct 360,Governor,,R,Over Votes,1
Clackamas,Precinct 361,Governor,,R,Over Votes,0
Clackamas,Precinct 362,Governor,,R,Over Votes,0
Clackamas,Precinct 363,Governor,,R,Over Votes,1
Clackamas,Precinct 364,Governor,,R,Over Votes,0
Clackamas,Precinct 371,Governor,,R,Over Votes,0
Clackamas,Precinct 372,Governor,,R,Over Votes,0
Clackamas,Precinct 373,Governor,,R,Over Votes,0
Clackamas,Precinct 374,Governor,,R,Over Votes,0
Clackamas,Precinct 400,Governor,,R,Over Votes,1
Clackamas,Precinct 403,Governor,,R,Over Votes,0
Clackamas,Precinct 404,Governor,,R,Over Votes,0
Clackamas,Precinct 405,Governor,,R,Over Votes,0
Clackamas,Precinct 406,Governor,,R,Over Votes,0
Clackamas,Precinct 410,Governor,,R,Over Votes,0
Clackamas,Precinct 411,Governor,,R,Over Votes,0
Clackamas,Precinct 412,Governor,,R,Over Votes,0
Clackamas,Precinct 413,Governor,,R,Over Votes,0
Clackamas,Precinct 414,Governor,,R,Over Votes,0
Clackamas,Precinct 415,Governor,,R,Over Votes,0
Clackamas,Precinct 416,Governor,,R,Over Votes,0
Clackamas,Precinct 417,Governor,,R,Over Votes,0
Clackamas,Precinct 418,Governor,,R,Over Votes,0
Clackamas,Precinct 419,Governor,,R,Over Votes,0
Clackamas,Precinct 420,Governor,,R,Over Votes,0
Clackamas,Precinct 421,Governor,,R,Over Votes,0
Clackamas,Precinct 422,Governor,,R,Over Votes,1
Clackamas,Precinct 500,Governor,,R,Over Votes,0
Clackamas,Precinct 501,Governor,,R,Over Votes,1
Clackamas,Precinct 502,Governor,,R,Over Votes,0
Clackamas,Precinct 503,Governor,,R,Over Votes,2
Clackamas,Precinct 504,Governor,,R,Over Votes,0
Clackamas,Precinct 506,Governor,,R,Over Votes,1
Clackamas,Precinct 510,Governor,,R,Over Votes,0
Clackamas,Precinct 511,Governor,,R,Over Votes,0
Clackamas,Precinct 512,Governor,,R,Over Votes,0
Clackamas,Precinct 513,Governor,,R,Over Votes,0
Clackamas,Precinct 514,Governor,,R,Over Votes,0
Clackamas,Precinct 515,Governor,,R,Over Votes,0
Clackamas,Precinct 516,Governor,,R,Over Votes,0
Clackamas,Precinct 517,Governor,,R,Over Votes,0
Clackamas,Precinct 518,Governor,,R,Over Votes,0
Clackamas,Precinct 600,Governor,,R,Over Votes,0
Clackamas,Precinct 602,Governor,,R,Over Votes,0
Clackamas,Precinct 604,Governor,,R,Over Votes,0
Clackamas,Precinct 606,Governor,,R,Over Votes,0
Clackamas,Precinct 608,Governor,,R,Over Votes,1
Clackamas,Precinct 614,Governor,,R,Over Votes,0
Clackamas,Precinct 616,Governor,,R,Over Votes,0
Clackamas,Precinct 618,Governor,,R,Over Votes,0
Clackamas,Precinct 620,Governor,,R,Over Votes,0
Clackamas,Precinct 622,Governor,,R,Over Votes,0
Clackamas,Precinct 626,Governor,,R,Over Votes,0
Clackamas,Precinct 628,Governor,,R,Over Votes,0
Clackamas,Precinct 630,Governor,,R,Over Votes,0
Clackamas,Precinct 100,Governor,,R,Paul J. Romero Jr,0
Clackamas,Precinct 101,Governor,,R,Paul J. Romero Jr,6
Clackamas,Precinct 102,Governor,,R,Paul J. Romero Jr,0
Clackamas,Precinct 103,Governor,,R,Paul J. Romero Jr,2
Clackamas,Precinct 104,Governor,,R,Paul J. Romero Jr,0
Clackamas,Precinct 105,Governor,,R,Paul J. Romero Jr,3
Clackamas,Precinct 106,Governor,,R,Paul J. Romero Jr,0
Clackamas,Precinct 107,Governor,,R,Paul J. Romero Jr,1
Clackamas,Precinct 108,Governor,,R,Paul J. Romero Jr,1
Clackamas,Precinct 109,Governor,,R,Paul J. Romero Jr,0
Clackamas,Precinct 111,Governor,,R,Paul J. Romero Jr,1
Clackamas,Precinct 112,Governor,,R,Paul J. Romero Jr,0
Clackamas,Precinct 113,Governor,,R,Paul J. Romero Jr,0
Clackamas,Precinct 114,Governor,,R,Paul J. Romero Jr,0
Clackamas,Precinct 115,Governor,,R,Paul J. Romero Jr,0
Clackamas,Precinct 116,Governor,,R,Paul J. Romero Jr,0
Clackamas,Precinct 122,Governor,,R,Paul J. Romero Jr,2
Clackamas,Precinct 123,Governor,,R,Paul J. Romero Jr,1
Clackamas,Precinct 124,Governor,,R,Paul J. Romero Jr,1
Clackamas,Precinct 125,Governor,,R,Paul J. Romero Jr,0
Clackamas,Precinct 127,Governor,,R,Paul J. Romero Jr,0
Clackamas,Precinct 131,Governor,,R,Paul J. Romero Jr,0
Clackamas,Precinct 132,Governor,,R,Paul J. Romero Jr,1
Clackamas,Precinct 133,Governor,,R,Paul J. Romero Jr,0
Clackamas,Precinct 134,Governor,,R,Paul J. Romero Jr,0
Clackamas,Precinct 135,Governor,,R,Paul J. Romero Jr,4
Clackamas,Precinct 151,Governor,,R,Paul J. Romero Jr,0
Clackamas,Precinct 152,Governor,,R,Paul J. Romero Jr,1
Clackamas,Precinct 153,Governor,,R,Paul J. Romero Jr,0
Clackamas,Precinct 154,Governor,,R,Paul J. Romero Jr,0
Clackamas,Precinct 155,Governor,,R,Paul J. Romero Jr,1
Clackamas,Precinct 156,Governor,,R,Paul J. Romero Jr,0
Clackamas,Precinct 157,Governor,,R,Paul J. Romero Jr,0
Clackamas,Precinct 158,Governor,,R,Paul J. Romero Jr,2
Clackamas,Precinct 159,Governor,,R,Paul J. Romero Jr,0
Clackamas,Precinct 160,Governor,,R,Paul J. Romero Jr,1
Clackamas,Precinct 161,Governor,,R,Paul J. Romero Jr,0
Clackamas,Precinct 162,Governor,,R,Paul J. Romero Jr,0
Clackamas,Precinct 201,Governor,,R,Paul J. Romero Jr,1
Clackamas,Precinct 202,Governor,,R,Paul J. Romero Jr,5
Clackamas,Precinct 203,Governor,,R,Paul J. Romero Jr,3
Clackamas,Precinct 204,Governor,,R,Paul J. Romero Jr,1
Clackamas,Precinct 251,Governor,,R,Paul J. Romero Jr,0
Clackamas,Precinct 279,Governor,,R,Paul J. Romero Jr,0
Clackamas,Precinct 280,Governor,,R,Paul J. Romero Jr,1
Clackamas,Precinct 281,Governor,,R,Paul J. Romero Jr,0
Clackamas,Precinct 282,Governor,,R,Paul J. Romero Jr,0
Clackamas,Precinct 283,Governor,,R,Paul J. Romero Jr,1
Clackamas,Precinct 284,Governor,,R,Paul J. Romero Jr,1
Clackamas,Precinct 285,Governor,,R,Paul J. Romero Jr,0
Clackamas,Precinct 286,Governor,,R,Paul J. Romero Jr,0
Clackamas,Precinct 320,Governor,,R,Paul J. Romero Jr,0
Clackamas,Precinct 321,Governor,,R,Paul J. Romero Jr,1
Clackamas,Precinct 322,Governor,,R,Paul J. Romero Jr,0
Clackamas,Precinct 323,Governor,,R,Paul J. Romero Jr,0
Clackamas,Precinct 324,Governor,,R,Paul J. Romero Jr,0
Clackamas,Precinct 330,Governor,,R,Paul J. Romero Jr,4
Clackamas,Precinct 331,Governor,,R,Paul J. Romero Jr,1
Clackamas,Precinct 332,Governor,,R,Paul J. Romero Jr,0
Clackamas,Precinct 350,Governor,,R,Paul J. Romero Jr,0
Clackamas,Precinct 355,Governor,,R,Paul J. Romero Jr,0
Clackamas,Precinct 357,Governor,,R,Paul J. Romero Jr,0
Clackamas,Precinct 358,Governor,,R,Paul J. Romero Jr,0
Clackamas,Precinct 359,Governor,,R,Paul J. Romero Jr,1
Clackamas,Precinct 360,Governor,,R,Paul J. Romero Jr,0
Clackamas,Precinct 361,Governor,,R,Paul J. Romero Jr,0
Clackamas,Precinct 362,Governor,,R,Paul J. Romero Jr,0
Clackamas,Precinct 363,Governor,,R,Paul J. Romero Jr,4
Clackamas,Precinct 364,Governor,,R,Paul J. Romero Jr,0
Clackamas,Precinct 371,Governor,,R,Paul J. Romero Jr,0
Clackamas,Precinct 372,Governor,,R,Paul J. Romero Jr,0
Clackamas,Precinct 373,Governor,,R,Paul J. Romero Jr,4
Clackamas,Precinct 374,Governor,,R,Paul J. Romero Jr,0
Clackamas,Precinct 400,Governor,,R,Paul J. Romero Jr,3
Clackamas,Precinct 403,Governor,,R,Paul J. Romero Jr,0
Clackamas,Precinct 404,Governor,,R,Paul J. Romero Jr,3
Clackamas,Precinct 405,Governor,,R,Paul J. Romero Jr,2
Clackamas,Precinct 406,Governor,,R,Paul J. Romero Jr,0
Clackamas,Precinct 410,Governor,,R,Paul J. Romero Jr,3
Clackamas,Precinct 411,Governor,,R,Paul J. Romero Jr,1
Clackamas,Precinct 412,Governor,,R,Paul J. Romero Jr,0
Clackamas,Precinct 413,Governor,,R,Paul J. Romero Jr,0
Clackamas,Precinct 414,Governor,,R,Paul J. Romero Jr,0
Clackamas,Precinct 415,Governor,,R,Paul J. Romero Jr,0
Clackamas,Precinct 416,Governor,,R,Paul J. Romero Jr,0
Clackamas,Precinct 417,Governor,,R,Paul J. Romero Jr,1
Clackamas,Precinct 418,Governor,,R,Paul J. Romero Jr,0
Clackamas,Precinct 419,Governor,,R,Paul J. Romero Jr,1
Clackamas,Precinct 420,Governor,,R,Paul J. Romero Jr,0
Clackamas,Precinct 421,Governor,,R,Paul J. Romero Jr,0
Clackamas,Precinct 422,Governor,,R,Paul J. Romero Jr,1
Clackamas,Precinct 500,Governor,,R,Paul J. Romero Jr,1
Clackamas,Precinct 501,Governor,,R,Paul J. Romero Jr,5
Clackamas,Precinct 502,Governor,,R,Paul J. Romero Jr,3
Clackamas,Precinct 503,Governor,,R,Paul J. Romero Jr,0
Clackamas,Precinct 504,Governor,,R,Paul J. Romero Jr,7
Clackamas,Precinct 506,Governor,,R,Paul J. Romero Jr,3
Clackamas,Precinct 510,Governor,,R,Paul J. Romero Jr,1
Clackamas,Precinct 511,Governor,,R,Paul J. Romero Jr,1
Clackamas,Precinct 512,Governor,,R,Paul J. Romero Jr,6
Clackamas,Precinct 513,Governor,,R,Paul J. Romero Jr,0
Clackamas,Precinct 514,Governor,,R,Paul J. Romero Jr,10
Clackamas,Precinct 515,Governor,,R,Paul J. Romero Jr,0
Clackamas,Precinct 516,Governor,,R,Paul J. Romero Jr,1
Clackamas,Precinct 517,Governor,,R,Paul J. Romero Jr,0
Clackamas,Precinct 518,Governor,,R,Paul J. Romero Jr,0
Clackamas,Precinct 600,Governor,,R,Paul J. Romero Jr,3
Clackamas,Precinct 602,Governor,,R,Paul J. Romero Jr,3
Clackamas,Precinct 604,Governor,,R,Paul J. Romero Jr,4
Clackamas,Precinct 606,Governor,,R,Paul J. Romero Jr,2
Clackamas,Precinct 608,Governor,,R,Paul J. Romero Jr,1
Clackamas,Precinct 614,Governor,,R,Paul J. Romero Jr,1
Clackamas,Precinct 616,Governor,,R,Paul J. Romero Jr,7
Clackamas,Precinct 618,Governor,,R,Paul J. Romero Jr,0
Clackamas,Precinct 620,Governor,,R,Paul J. Romero Jr,0
Clackamas,Precinct 622,Governor,,R,Paul J. Romero Jr,1
Clackamas,Precinct 626,Governor,,R,Paul J. Romero Jr,1
Clackamas,Precinct 628,Governor,,R,Paul J. Romero Jr,2
Clackamas,Precinct 630,Governor,,R,Paul J. Romero Jr,1
Clackamas,Precinct 100,Governor,,R,Robert Neuman,0
Clackamas,Precinct 101,Governor,,R,Robert Neuman,0
Clackamas,Precinct 102,Governor,,R,Robert Neuman,1
Clackamas,Precinct 103,Governor,,R,Robert Neuman,0
Clackamas,Precinct 104,Governor,,R,Robert Neuman,0
Clackamas,Precinct 105,Governor,,R,Robert Neuman,0
Clackamas,Precinct 106,Governor,,R,Robert Neuman,2
Clackamas,Precinct 107,Governor,,R,Robert Neuman,0
Clackamas,Precinct 108,Governor,,R,Robert Neuman,3
Clackamas,Precinct 109,Governor,,R,Robert Neuman,0
Clackamas,Precinct 111,Governor,,R,Robert Neuman,0
Clackamas,Precinct 112,Governor,,R,Robert Neuman,0
Clackamas,Precinct 113,Governor,,R,Robert Neuman,0
Clackamas,Precinct 114,Governor,,R,Robert Neuman,0
Clackamas,Precinct 115,Governor,,R,Robert Neuman,0
Clackamas,Precinct 116,Governor,,R,Robert Neuman,0
Clackamas,Precinct 122,Governor,,R,Robert Neuman,1
Clackamas,Precinct 123,Governor,,R,Robert Neuman,1
Clackamas,Precinct 124,Governor,,R,Robert Neuman,0
Clackamas,Precinct 125,Governor,,R,Robert Neuman,0
Clackamas,Precinct 127,Governor,,R,Robert Neuman,0
Clackamas,Precinct 131,Governor,,R,Robert Neuman,0
Clackamas,Precinct 132,Governor,,R,Robert Neuman,1
Clackamas,Precinct 133,Governor,,R,Robert Neuman,0
Clackamas,Precinct 134,Governor,,R,Robert Neuman,0
Clackamas,Precinct 135,Governor,,R,Robert Neuman,2
Clackamas,Precinct 151,Governor,,R,Robert Neuman,0
Clackamas,Precinct 152,Governor,,R,Robert Neuman,0
Clackamas,Precinct 153,Governor,,R,Robert Neuman,0
Clackamas,Precinct 154,Governor,,R,Robert Neuman,0
Clackamas,Precinct 155,Governor,,R,Robert Neuman,1
Clackamas,Precinct 156,Governor,,R,Robert Neuman,0
Clackamas,Precinct 157,Governor,,R,Robert Neuman,0
Clackamas,Precinct 158,Governor,,R,Robert Neuman,0
Clackamas,Precinct 159,Governor,,R,Robert Neuman,1
Clackamas,Precinct 160,Governor,,R,Robert Neuman,0
Clackamas,Precinct 161,Governor,,R,Robert Neuman,0
Clackamas,Precinct 162,Governor,,R,Robert Neuman,0
Clackamas,Precinct 201,Governor,,R,Robert Neuman,2
Clackamas,Precinct 202,Governor,,R,Robert Neuman,0
Clackamas,Precinct 203,Governor,,R,Robert Neuman,0
Clackamas,Precinct 204,Governor,,R,Robert Neuman,0
Clackamas,Precinct 251,Governor,,R,Robert Neuman,1
Clackamas,Precinct 279,Governor,,R,Robert Neuman,0
Clackamas,Precinct 280,Governor,,R,Robert Neuman,0
Clackamas,Precinct 281,Governor,,R,Robert Neuman,0
Clackamas,Precinct 282,Governor,,R,Robert Neuman,0
Clackamas,Precinct 283,Governor,,R,Robert Neuman,0
Clackamas,Precinct 284,Governor,,R,Robert Neuman,0
Clackamas,Precinct 285,Governor,,R,Robert Neuman,0
Clackamas,Precinct 286,Governor,,R,Robert Neuman,0
Clackamas,Precinct 320,Governor,,R,Robert Neuman,0
Clackamas,Precinct 321,Governor,,R,Robert Neuman,0
Clackamas,Precinct 322,Governor,,R,Robert Neuman,0
Clackamas,Precinct 323,Governor,,R,Robert Neuman,0
Clackamas,Precinct 324,Governor,,R,Robert Neuman,0
Clackamas,Precinct 330,Governor,,R,Robert Neuman,2
Clackamas,Precinct 331,Governor,,R,Robert Neuman,0
Clackamas,Precinct 332,Governor,,R,Robert Neuman,0
Clackamas,Precinct 350,Governor,,R,Robert Neuman,0
Clackamas,Precinct 355,Governor,,R,Robert Neuman,0
Clackamas,Precinct 357,Governor,,R,Robert Neuman,0
Clackamas,Precinct 358,Governor,,R,Robert Neuman,0
Clackamas,Precinct 359,Governor,,R,Robert Neuman,0
Clackamas,Precinct 360,Governor,,R,Robert Neuman,0
Clackamas,Precinct 361,Governor,,R,Robert Neuman,0
Clackamas,Precinct 362,Governor,,R,Robert Neuman,0
Clackamas,Precinct 363,Governor,,R,Robert Neuman,0
Clackamas,Precinct 364,Governor,,R,Robert Neuman,0
Clackamas,Precinct 371,Governor,,R,Robert Neuman,0
Clackamas,Precinct 372,Governor,,R,Robert Neuman,0
Clackamas,Precinct 373,Governor,,R,Robert Neuman,1
Clackamas,Precinct 374,Governor,,R,Robert Neuman,0
Clackamas,Precinct 400,Governor,,R,Robert Neuman,1
Clackamas,Precinct 403,Governor,,R,Robert Neuman,1
Clackamas,Precinct 404,Governor,,R,Robert Neuman,1
Clackamas,Precinct 405,Governor,,R,Robert Neuman,0
Clackamas,Precinct 406,Governor,,R,Robert Neuman,0
Clackamas,Precinct 410,Governor,,R,Robert Neuman,1
Clackamas,Precinct 411,Governor,,R,Robert Neuman,1
Clackamas,Precinct 412,Governor,,R,Robert Neuman,2
Clackamas,Precinct 413,Governor,,R,Robert Neuman,0
Clackamas,Precinct 414,Governor,,R,Robert Neuman,2
Clackamas,Precinct 415,Governor,,R,Robert Neuman,0
Clackamas,Precinct 416,Governor,,R,Robert Neuman,0
Clackamas,Precinct 417,Governor,,R,Robert Neuman,2
Clackamas,Precinct 418,Governor,,R,Robert Neuman,1
Clackamas,Precinct 419,Governor,,R,Robert Neuman,0
Clackamas,Precinct 420,Governor,,R,Robert Neuman,0
Clackamas,Precinct 421,Governor,,R,Robert Neuman,1
Clackamas,Precinct 422,Governor,,R,Robert Neuman,1
Clackamas,Precinct 500,Governor,,R,Robert Neuman,1
Clackamas,Precinct 501,Governor,,R,Robert Neuman,1
Clackamas,Precinct 502,Governor,,R,Robert Neuman,0
Clackamas,Precinct 503,Governor,,R,Robert Neuman,2
Clackamas,Precinct 504,Governor,,R,Robert Neuman,1
Clackamas,Precinct 506,Governor,,R,Robert Neuman,2
Clackamas,Precinct 510,Governor,,R,Robert Neuman,0
Clackamas,Precinct 511,Governor,,R,Robert Neuman,1
Clackamas,Precinct 512,Governor,,R,Robert Neuman,2
Clackamas,Precinct 513,Governor,,R,Robert Neuman,0
Clackamas,Precinct 514,Governor,,R,Robert Neuman,3
Clackamas,Precinct 515,Governor,,R,Robert Neuman,0
Clackamas,Precinct 516,Governor,,R,Robert Neuman,2
Clackamas,Precinct 517,Governor,,R,Robert Neuman,0
Clackamas,Precinct 518,Governor,,R,Robert Neuman,0
Clackamas,Precinct 600,Governor,,R,Robert Neuman,1
Clackamas,Precinct 602,Governor,,R,Robert Neuman,1
Clackamas,Precinct 604,Governor,,R,Robert Neuman,1
Clackamas,Precinct 606,Governor,,R,Robert Neuman,3
Clackamas,Precinct 608,Governor,,R,Robert Neuman,1
Clackamas,Precinct 614,Governor,,R,Robert Neuman,0
Clackamas,Precinct 616,Governor,,R,Robert Neuman,3
Clackamas,Precinct 618,Governor,,R,Robert Neuman,1
Clackamas,Precinct 620,Governor,,R,Robert Neuman,1
Clackamas,Precinct 622,Governor,,R,Robert Neuman,0
Clackamas,Precinct 626,Governor,,R,Robert Neuman,1
Clackamas,Precinct 628,Governor,,R,Robert Neuman,0
Clackamas,Precinct 630,Governor,,R,Robert Neuman,3
Clackamas,Precinct 100,Governor,,R,Tim O. Youker,0
Clackamas,Precinct 101,Governor,,R,Tim O. Youker,0
Clackamas,Precinct 102,Governor,,R,Tim O. Youker,0
Clackamas,Precinct 103,Governor,,R,Tim O. Youker,0
Clackamas,Precinct 104,Governor,,R,Tim O. Youker,0
Clackamas,Precinct 105,Governor,,R,Tim O. Youker,0
Clackamas,Precinct 106,Governor,,R,Tim O. Youker,1
Clackamas,Precinct 107,Governor,,R,Tim O. Youker,0
Clackamas,Precinct 108,Governor,,R,Tim O. Youker,0
Clackamas,Precinct 109,Governor,,R,Tim O. Youker,0
Clackamas,Precinct 111,Governor,,R,Tim O. Youker,0
Clackamas,Precinct 112,Governor,,R,Tim O. Youker,0
Clackamas,Precinct 113,Governor,,R,Tim O. Youker,0
Clackamas,Precinct 114,Governor,,R,Tim O. Youker,0
Clackamas,Precinct 115,Governor,,R,Tim O. Youker,0
Clackamas,Precinct 116,Governor,,R,Tim O. Youker,0
Clackamas,Precinct 122,Governor,,R,Tim O. Youker,0
Clackamas,Precinct 123,Governor,,R,Tim O. Youker,0
Clackamas,Precinct 124,Governor,,R,Tim O. Youker,1
Clackamas,Precinct 125,Governor,,R,Tim O. Youker,1
Clackamas,Precinct 127,Governor,,R,Tim O. Youker,0
Clackamas,Precinct 131,Governor,,R,Tim O. Youker,1
Clackamas,Precinct 132,Governor,,R,Tim O. Youker,0
Clackamas,Precinct 133,Governor,,R,Tim O. Youker,0
Clackamas,Precinct 134,Governor,,R,Tim O. Youker,0
Clackamas,Precinct 135,Governor,,R,Tim O. Youker,3
Clackamas,Precinct 151,Governor,,R,Tim O. Youker,0
Clackamas,Precinct 152,Governor,,R,Tim O. Youker,0
Clackamas,Precinct 153,Governor,,R,Tim O. Youker,0
Clackamas,Precinct 154,Governor,,R,Tim O. Youker,0
Clackamas,Precinct 155,Governor,,R,Tim O. Youker,0
Clackamas,Precinct 156,Governor,,R,Tim O. Youker,0
Clackamas,Precinct 157,Governor,,R,Tim O. Youker,0
Clackamas,Precinct 158,Governor,,R,Tim O. Youker,0
Clackamas,Precinct 159,Governor,,R,Tim O. Youker,0
Clackamas,Precinct 160,Governor,,R,Tim O. Youker,0
Clackamas,Precinct 161,Governor,,R,Tim O. Youker,0
Clackamas,Precinct 162,Governor,,R,Tim O. Youker,0
Clackamas,Precinct 201,Governor,,R,Tim O. Youker,2
Clackamas,Precinct 202,Governor,,R,Tim O. Youker,0
Clackamas,Precinct 203,Governor,,R,Tim O. Youker,0
Clackamas,Precinct 204,Governor,,R,Tim O. Youker,0
Clackamas,Precinct 251,Governor,,R,Tim O. Youker,0
Clackamas,Precinct 279,Governor,,R,Tim O. Youker,0
Clackamas,Precinct 280,Governor,,R,Tim O. Youker,0
Clackamas,Precinct 281,Governor,,R,Tim O. Youker,0
Clackamas,Precinct 282,Governor,,R,Tim O. Youker,0
Clackamas,Precinct 283,Governor,,R,Tim O. Youker,0
Clackamas,Precinct 284,Governor,,R,Tim O. Youker,0
Clackamas,Precinct 285,Governor,,R,Tim O. Youker,0
Clackamas,Precinct 286,Governor,,R,Tim O. Youker,0
Clackamas,Precinct 320,Governor,,R,Tim O. Youker,0
Clackamas,Precinct 321,Governor,,R,Tim O. Youker,0
Clackamas,Precinct 322,Governor,,R,Tim O. Youker,0
Clackamas,Precinct 323,Governor,,R,Tim O. Youker,0
Clackamas,Precinct 324,Governor,,R,Tim O. Youker,0
Clackamas,Precinct 330,Governor,,R,Tim O. Youker,0
Clackamas,Precinct 331,Governor,,R,Tim O. Youker,1
Clackamas,Precinct 332,Governor,,R,Tim O. Youker,0
Clackamas,Precinct 350,Governor,,R,Tim O. Youker,1
Clackamas,Precinct 355,Governor,,R,Tim O. Youker,0
Clackamas,Precinct 357,Governor,,R,Tim O. Youker,0
Clackamas,Precinct 358,Governor,,R,Tim O. Youker,0
Clackamas,Precinct 359,Governor,,R,Tim O. Youker,0
Clackamas,Precinct 360,Governor,,R,Tim O. Youker,0
Clackamas,Precinct 361,Governor,,R,Tim O. Youker,0
Clackamas,Precinct 362,Governor,,R,Tim O. Youker,0
Clackamas,Precinct 363,Governor,,R,Tim O. Youker,0
Clackamas,Precinct 364,Governor,,R,Tim O. Youker,0
Clackamas,Precinct 371,Governor,,R,Tim O. Youker,0
Clackamas,Precinct 372,Governor,,R,Tim O. Youker,0
Clackamas,Precinct 373,Governor,,R,Tim O. Youker,0
Clackamas,Precinct 374,Governor,,R,Tim O. Youker,0
Clackamas,Precinct 400,Governor,,R,Tim O. Youker,0
Clackamas,Precinct 403,Governor,,R,Tim O. Youker,0
Clackamas,Precinct 404,Governor,,R,Tim O. Youker,0
Clackamas,Precinct 405,Governor,,R,Tim O. Youker,0
Clackamas,Precinct 406,Governor,,R,Tim O. Youker,0
Clackamas,Precinct 410,Governor,,R,Tim O. Youker,0
Clackamas,Precinct 411,Governor,,R,Tim O. Youker,0
Clackamas,Precinct 412,Governor,,R,Tim O. Youker,0
Clackamas,Precinct 413,Governor,,R,Tim O. Youker,0
Clackamas,Precinct 414,Governor,,R,Tim O. Youker,0
Clackamas,Precinct 415,Governor,,R,Tim O. Youker,0
Clackamas,Precinct 416,Governor,,R,Tim O. Youker,0
Clackamas,Precinct 417,Governor,,R,Tim O. Youker,0
Clackamas,Precinct 418,Governor,,R,Tim O. Youker,0
Clackamas,Precinct 419,Governor,,R,Tim O. Youker,0
Clackamas,Precinct 420,Governor,,R,Tim O. Youker,0
Clackamas,Precinct 421,Governor,,R,Tim O. Youker,0
Clackamas,Precinct 422,Governor,,R,Tim O. Youker,1
Clackamas,Precinct 500,Governor,,R,Tim O. Youker,0
Clackamas,Precinct 501,Governor,,R,Tim O. Youker,0
Clackamas,Precinct 502,Governor,,R,Tim O. Youker,0
Clackamas,Precinct 503,Governor,,R,Tim O. Youker,1
Clackamas,Precinct 504,Governor,,R,Tim O. Youker,1
Clackamas,Precinct 506,Governor,,R,Tim O. Youker,0
Clackamas,Precinct 510,Governor,,R,Tim O. Youker,0
Clackamas,Precinct 511,Governor,,R,Tim O. Youker,0
Clackamas,Precinct 512,Governor,,R,Tim O. Youker,0
Clackamas,Precinct 513,Governor,,R,Tim O. Youker,0
Clackamas,Precinct 514,Governor,,R,Tim O. Youker,0
Clackamas,Precinct 515,Governor,,R,Tim O. Youker,0
Clackamas,Precinct 516,Governor,,R,Tim O. Youker,0
Clackamas,Precinct 517,Governor,,R,Tim O. Youker,0
Clackamas,Precinct 518,Governor,,R,Tim O. Youker,0
Clackamas,Precinct 600,Governor,,R,Tim O. Youker,1
Clackamas,Precinct 602,Governor,,R,Tim O. Youker,0
Clackamas,Precinct 604,Governor,,R,Tim O. Youker,1
Clackamas,Precinct 606,Governor,,R,Tim O. Youker,0
Clackamas,Precinct 608,Governor,,R,Tim O. Youker,0
Clackamas,Precinct 614,Governor,,R,Tim O. Youker,0
Clackamas,Precinct 616,Governor,,R,Tim O. Youker,0
Clackamas,Precinct 618,Governor,,R,Tim O. Youker,0
Clackamas,Precinct 620,Governor,,R,Tim O. Youker,0
Clackamas,Precinct 622,Governor,,R,Tim O. Youker,0
Clackamas,Precinct 626,Governor,,R,Tim O. Youker,0
Clackamas,Precinct 628,Governor,,R,Tim O. Youker,0
Clackamas,Precinct 630,Governor,,R,Tim O. Youker,1
Clackamas,Precinct 100,Governor,,R,Under Votes,2
Clackamas,Precinct 101,Governor,,R,Under Votes,27
Clackamas,Precinct 102,Governor,,R,Under Votes,9
Clackamas,Precinct 103,Governor,,R,Under Votes,27
Clackamas,Precinct 104,Governor,,R,Under Votes,0
Clackamas,Precinct 105,Governor,,R,Under Votes,20
Clackamas,Precinct 106,Governor,,R,Under Votes,15
Clackamas,Precinct 107,Governor,,R,Under Votes,15
Clackamas,Precinct 108,Governor,,R,Under Votes,31
Clackamas,Precinct 109,Governor,,R,Under Votes,0
Clackamas,Precinct 111,Governor,,R,Under Votes,32
Clackamas,Precinct 112,Governor,,R,Under Votes,0
Clackamas,Precinct 113,Governor,,R,Under Votes,1
Clackamas,Precinct 114,Governor,,R,Under Votes,1
Clackamas,Precinct 115,Governor,,R,Under Votes,2
Clackamas,Precinct 116,Governor,,R,Under Votes,0
Clackamas,Precinct 122,Governor,,R,Under Votes,24
Clackamas,Precinct 123,Governor,,R,Under Votes,11
Clackamas,Precinct 124,Governor,,R,Under Votes,34
Clackamas,Precinct 125,Governor,,R,Under Votes,11
Clackamas,Precinct 127,Governor,,R,Under Votes,0
Clackamas,Precinct 131,Governor,,R,Under Votes,33
Clackamas,Precinct 132,Governor,,R,Under Votes,26
Clackamas,Precinct 133,Governor,,R,Under Votes,10
Clackamas,Precinct 134,Governor,,R,Under Votes,0
Clackamas,Precinct 135,Governor,,R,Under Votes,33
Clackamas,Precinct 151,Governor,,R,Under Votes,20
Clackamas,Precinct 152,Governor,,R,Under Votes,32
Clackamas,Precinct 153,Governor,,R,Under Votes,2
Clackamas,Precinct 154,Governor,,R,Under Votes,0
Clackamas,Precinct 155,Governor,,R,Under Votes,17
Clackamas,Precinct 156,Governor,,R,Under Votes,25
Clackamas,Precinct 157,Governor,,R,Under Votes,0
Clackamas,Precinct 158,Governor,,R,Under Votes,17
Clackamas,Precinct 159,Governor,,R,Under Votes,18
Clackamas,Precinct 160,Governor,,R,Under Votes,4
Clackamas,Precinct 161,Governor,,R,Under Votes,4
Clackamas,Precinct 162,Governor,,R,Under Votes,3
Clackamas,Precinct 201,Governor,,R,Under Votes,36
Clackamas,Precinct 202,Governor,,R,Under Votes,35
Clackamas,Precinct 203,Governor,,R,Under Votes,31
Clackamas,Precinct 204,Governor,,R,Under Votes,11
Clackamas,Precinct 251,Governor,,R,Under Votes,12
Clackamas,Precinct 279,Governor,,R,Under Votes,0
Clackamas,Precinct 280,Governor,,R,Under Votes,2
Clackamas,Precinct 281,Governor,,R,Under Votes,4
Clackamas,Precinct 282,Governor,,R,Under Votes,1
Clackamas,Precinct 283,Governor,,R,Under Votes,1
Clackamas,Precinct 284,Governor,,R,Under Votes,1
Clackamas,Precinct 285,Governor,,R,Under Votes,0
Clackamas,Precinct 286,Governor,,R,Under Votes,2
Clackamas,Precinct 320,Governor,,R,Under Votes,0
Clackamas,Precinct 321,Governor,,R,Under Votes,8
Clackamas,Precinct 322,Governor,,R,Under Votes,7
Clackamas,Precinct 323,Governor,,R,Under Votes,15
Clackamas,Precinct 324,Governor,,R,Under Votes,0
Clackamas,Precinct 330,Governor,,R,Under Votes,48
Clackamas,Precinct 331,Governor,,R,Under Votes,17
Clackamas,Precinct 332,Governor,,R,Under Votes,4
Clackamas,Precinct 350,Governor,,R,Under Votes,31
Clackamas,Precinct 355,Governor,,R,Under Votes,0
Clackamas,Precinct 357,Governor,,R,Under Votes,0
Clackamas,Precinct 358,Governor,,R,Under Votes,5
Clackamas,Precinct 359,Governor,,R,Under Votes,32
Clackamas,Precinct 360,Governor,,R,Under Votes,10
Clackamas,Precinct 361,Governor,,R,Under Votes,0
Clackamas,Precinct 362,Governor,,R,Under Votes,8
Clackamas,Precinct 363,Governor,,R,Under Votes,19
Clackamas,Precinct 364,Governor,,R,Under Votes,2
Clackamas,Precinct 371,Governor,,R,Under Votes,3
Clackamas,Precinct 372,Governor,,R,Under Votes,0
Clackamas,Precinct 373,Governor,,R,Under Votes,38
Clackamas,Precinct 374,Governor,,R,Under Votes,0
Clackamas,Precinct 400,Governor,,R,Under Votes,30
Clackamas,Precinct 403,Governor,,R,Under Votes,12
Clackamas,Precinct 404,Governor,,R,Under Votes,44
Clackamas,Precinct 405,Governor,,R,Under Votes,25
Clackamas,Precinct 406,Governor,,R,Under Votes,14
Clackamas,Precinct 410,Governor,,R,Under Votes,13
Clackamas,Precinct 411,Governor,,R,Under Votes,16
Clackamas,Precinct 412,Governor,,R,Under Votes,15
Clackamas,Precinct 413,Governor,,R,Under Votes,0
Clackamas,Precinct 414,Governor,,R,Under Votes,6
Clackamas,Precinct 415,Governor,,R,Under Votes,2
Clackamas,Precinct 416,Governor,,R,Under Votes,22
Clackamas,Precinct 417,Governor,,R,Under Votes,6
Clackamas,Precinct 418,Governor,,R,Under Votes,8
Clackamas,Precinct 419,Governor,,R,Under Votes,14
Clackamas,Precinct 420,Governor,,R,Under Votes,8
Clackamas,Precinct 421,Governor,,R,Under Votes,8
Clackamas,Precinct 422,Governor,,R,Under Votes,14
Clackamas,Precinct 500,Governor,,R,Under Votes,11
Clackamas,Precinct 501,Governor,,R,Under Votes,15
Clackamas,Precinct 502,Governor,,R,Under Votes,16
Clackamas,Precinct 503,Governor,,R,Under Votes,17
Clackamas,Precinct 504,Governor,,R,Under Votes,22
Clackamas,Precinct 506,Governor,,R,Under Votes,25
Clackamas,Precinct 510,Governor,,R,Under Votes,8
Clackamas,Precinct 511,Governor,,R,Under Votes,17
Clackamas,Precinct 512,Governor,,R,Under Votes,16
Clackamas,Precinct 513,Governor,,R,Under Votes,0
Clackamas,Precinct 514,Governor,,R,Under Votes,57
Clackamas,Precinct 515,Governor,,R,Under Votes,12
Clackamas,Precinct 516,Governor,,R,Under Votes,15
Clackamas,Precinct 517,Governor,,R,Under Votes,9
Clackamas,Precinct 518,Governor,,R,Under Votes,26
Clackamas,Precinct 600,Governor,,R,Under Votes,24
Clackamas,Precinct 602,Governor,,R,Under Votes,25
Clackamas,Precinct 604,Governor,,R,Under Votes,44
Clackamas,Precinct 606,Governor,,R,Under Votes,10
Clackamas,Precinct 608,Governor,,R,Under Votes,16
Clackamas,Precinct 614,Governor,,R,Under Votes,14
Clackamas,Precinct 616,Governor,,R,Under Votes,28
Clackamas,Precinct 618,Governor,,R,Under Votes,7
Clackamas,Precinct 620,Governor,,R,Under Votes,0
Clackamas,Precinct 622,Governor,,R,Under Votes,10
Clackamas,Precinct 626,Governor,,R,Under Votes,10
Clackamas,Precinct 628,Governor,,R,Under Votes,5
Clackamas,Precinct 630,Governor,,R,Under Votes,31
Clackamas,Precinct 100,Governor,,R,Wen Waddell,0
Clackamas,Precinct 101,Governor,,R,Wen Waddell,1
Clackamas,Precinct 102,Governor,,R,Wen Waddell,0
Clackamas,Precinct 103,Governor,,R,Wen Waddell,0
Clackamas,Precinct 104,Governor,,R,Wen Waddell,0
Clackamas,Precinct 105,Governor,,R,Wen Waddell,1
Clackamas,Precinct 106,Governor,,R,Wen Waddell,0
Clackamas,Precinct 107,Governor,,R,Wen Waddell,0
Clackamas,Precinct 108,Governor,,R,Wen Waddell,0
Clackamas,Precinct 109,Governor,,R,Wen Waddell,0
Clackamas,Precinct 111,Governor,,R,Wen Waddell,0
Clackamas,Precinct 112,Governor,,R,Wen Waddell,0
Clackamas,Precinct 113,Governor,,R,Wen Waddell,0
Clackamas,Precinct 114,Governor,,R,Wen Waddell,0
Clackamas,Precinct 115,Governor,,R,Wen Waddell,0
Clackamas,Precinct 116,Governor,,R,Wen Waddell,0
Clackamas,Precinct 122,Governor,,R,Wen Waddell,0
Clackamas,Precinct 123,Governor,,R,Wen Waddell,0
Clackamas,Precinct 124,Governor,,R,Wen Waddell,2
Clackamas,Precinct 125,Governor,,R,Wen Waddell,0
Clackamas,Precinct 127,Governor,,R,Wen Waddell,0
Clackamas,Precinct 131,Governor,,R,Wen Waddell,1
Clackamas,Precinct 132,Governor,,R,Wen Waddell,0
Clackamas,Precinct 133,Governor,,R,Wen Waddell,0
Clackamas,Precinct 134,Governor,,R,Wen Waddell,0
Clackamas,Precinct 135,Governor,,R,Wen Waddell,0
Clackamas,Precinct 151,Governor,,R,Wen Waddell,0
Clackamas,Precinct 152,Governor,,R,Wen Waddell,0
Clackamas,Precinct 153,Governor,,R,Wen Waddell,0
Clackamas,Precinct 154,Governor,,R,Wen Waddell,0
Clackamas,Precinct 155,Governor,,R,Wen Waddell,0
Clackamas,Precinct 156,Governor,,R,Wen Waddell,1
Clackamas,Precinct 157,Governor,,R,Wen Waddell,0
Clackamas,Precinct 158,Governor,,R,Wen Waddell,1
Clackamas,Precinct 159,Governor,,R,Wen Waddell,0
Clackamas,Precinct 160,Governor,,R,Wen Waddell,0
Clackamas,Precinct 161,Governor,,R,Wen Waddell,0
Clackamas,Precinct 162,Governor,,R,Wen Waddell,0
Clackamas,Precinct 201,Governor,,R,Wen Waddell,1
Clackamas,Precinct 202,Governor,,R,Wen Waddell,0
Clackamas,Precinct 203,Governor,,R,Wen Waddell,1
Clackamas,Precinct 204,Governor,,R,Wen Waddell,0
Clackamas,Precinct 251,Governor,,R,Wen Waddell,0
Clackamas,Precinct 279,Governor,,R,Wen Waddell,0
Clackamas,Precinct 280,Governor,,R,Wen Waddell,0
Clackamas,Precinct 281,Governor,,R,Wen Waddell,0
Clackamas,Precinct 282,Governor,,R,Wen Waddell,0
Clackamas,Precinct 283,Governor,,R,Wen Waddell,0
Clackamas,Precinct 284,Governor,,R,Wen Waddell,0
Clackamas,Precinct 285,Governor,,R,Wen Waddell,0
Clackamas,Precinct 286,Governor,,R,Wen Waddell,0
Clackamas,Precinct 320,Governor,,R,Wen Waddell,0
Clackamas,Precinct 321,Governor,,R,Wen Waddell,0
Clackamas,Precinct 322,Governor,,R,Wen Waddell,0
Clackamas,Precinct 323,Governor,,R,Wen Waddell,0
Clackamas,Precinct 324,Governor,,R,Wen Waddell,0
Clackamas,Precinct 330,Governor,,R,Wen Waddell,1
Clackamas,Precinct 331,Governor,,R,Wen Waddell,0
Clackamas,Precinct 332,Governor,,R,Wen Waddell,0
Clackamas,Precinct 350,Governor,,R,Wen Waddell,0
Clackamas,Precinct 355,Governor,,R,Wen Waddell,0
Clackamas,Precinct 357,Governor,,R,Wen Waddell,0
Clackamas,Precinct 358,Governor,,R,Wen Waddell,0
Clackamas,Precinct 359,Governor,,R,Wen Waddell,0
Clackamas,Precinct 360,Governor,,R,Wen Waddell,1
Clackamas,Precinct 361,Governor,,R,Wen Waddell,0
Clackamas,Precinct 362,Governor,,R,Wen Waddell,0
Clackamas,Precinct 363,Governor,,R,Wen Waddell,0
Clackamas,Precinct 364,Governor,,R,Wen Waddell,0
Clackamas,Precinct 371,Governor,,R,Wen Waddell,0
Clackamas,Precinct 372,Governor,,R,Wen Waddell,0
Clackamas,Precinct 373,Governor,,R,Wen Waddell,0
Clackamas,Precinct 374,Governor,,R,Wen Waddell,0
Clackamas,Precinct 400,Governor,,R,Wen Waddell,2
Clackamas,Precinct 403,Governor,,R,Wen Waddell,2
Clackamas,Precinct 404,Governor,,R,Wen Waddell,0
Clackamas,Precinct 405,Governor,,R,Wen Waddell,1
Clackamas,Precinct 406,Governor,,R,Wen Waddell,1
Clackamas,Precinct 410,Governor,,R,Wen Waddell,1
Clackamas,Precinct 411,Governor,,R,Wen Waddell,1
Clackamas,Precinct 412,Governor,,R,Wen Waddell,0
Clackamas,Precinct 413,Governor,,R,Wen Waddell,0
Clackamas,Precinct 414,Governor,,R,Wen Waddell,0
Clackamas,Precinct 415,Governor,,R,Wen Waddell,0
Clackamas,Precinct 416,Governor,,R,Wen Waddell,0
Clackamas,Precinct 417,Governor,,R,Wen Waddell,0
Clackamas,Precinct 418,Governor,,R,Wen Waddell,0
Clackamas,Precinct 419,Governor,,R,Wen Waddell,0
Clackamas,Precinct 420,Governor,,R,Wen Waddell,0
Clackamas,Precinct 421,Governor,,R,Wen Waddell,1
Clackamas,Precinct 422,Governor,,R,Wen Waddell,0
Clackamas,Precinct 500,Governor,,R,Wen Waddell,0
Clackamas,Precinct 501,Governor,,R,Wen Waddell,1
Clackamas,Precinct 502,Governor,,R,Wen Waddell,1
Clackamas,Precinct 503,Governor,,R,Wen Waddell,0
Clackamas,Precinct 504,Governor,,R,Wen Waddell,0
Clackamas,Precinct 506,Governor,,R,Wen Waddell,1
Clackamas,Precinct 510,Governor,,R,Wen Waddell,1
Clackamas,Precinct 511,Governor,,R,Wen Waddell,0
Clackamas,Precinct 512,Governor,,R,Wen Waddell,0
Clackamas,Precinct 513,Governor,,R,Wen Waddell,0
Clackamas,Precinct 514,Governor,,R,Wen Waddell,0
Clackamas,Precinct 515,Governor,,R,Wen Waddell,0
Clackamas,Precinct 516,Governor,,R,Wen Waddell,0
Clackamas,Precinct 517,Governor,,R,Wen Waddell,0
Clackamas,Precinct 518,Governor,,R,Wen Waddell,0
Clackamas,Precinct 600,Governor,,R,Wen Waddell,1
Clackamas,Precinct 602,Governor,,R,Wen Waddell,0
Clackamas,Precinct 604,Governor,,R,Wen Waddell,1
Clackamas,Precinct 606,Governor,,R,Wen Waddell,2
Clackamas,Precinct 608,Governor,,R,Wen Waddell,0
Clackamas,Precinct 614,Governor,,R,Wen Waddell,0
Clackamas,Precinct 616,Governor,,R,Wen Waddell,0
Clackamas,Precinct 618,Governor,,R,Wen Waddell,0
Clackamas,Precinct 620,Governor,,R,Wen Waddell,0
Clackamas,Precinct 622,Governor,,R,Wen Waddell,1
Clackamas,Precinct 626,Governor,,R,Wen Waddell,1
Clackamas,Precinct 628,Governor,,R,Wen Waddell,0
Clackamas,Precinct 630,Governor,,R,Wen Waddell,1
Clackamas,Precinct 100,Governor,,R,Write-ins,0
Clackamas,Precinct 101,Governor,,R,Write-ins,0
Clackamas,Precinct 102,Governor,,R,Write-ins,0
Clackamas,Precinct 103,Governor,,R,Write-ins,2
Clackamas,Precinct 104,Governor,,R,Write-ins,0
Clackamas,Precinct 105,Governor,,R,Write-ins,3
Clackamas,Precinct 106,Governor,,R,Write-ins,2
Clackamas,Precinct 107,Governor,,R,Write-ins,0
Clackamas,Precinct 108,Governor,,R,Write-ins,3
Clackamas,Precinct 109,Governor,,R,Write-ins,0
Clackamas,Precinct 111,Governor,,R,Write-ins,2
Clackamas,Precinct 112,Governor,,R,Write-ins,0
Clackamas,Precinct 113,Governor,,R,Write-ins,0
Clackamas,Precinct 114,Governor,,R,Write-ins,0
Clackamas,Precinct 115,Governor,,R,Write-ins,0
Clackamas,Precinct 116,Governor,,R,Write-ins,0
Clackamas,Precinct 122,Governor,,R,Write-ins,1
Clackamas,Precinct 123,Governor,,R,Write-ins,3
Clackamas,Precinct 124,Governor,,R,Write-ins,4
Clackamas,Precinct 125,Governor,,R,Write-ins,3
Clackamas,Precinct 127,Governor,,R,Write-ins,0
Clackamas,Precinct 131,Governor,,R,Write-ins,4
Clackamas,Precinct 132,Governor,,R,Write-ins,4
Clackamas,Precinct 133,Governor,,R,Write-ins,6
Clackamas,Precinct 134,Governor,,R,Write-ins,0
Clackamas,Precinct 135,Governor,,R,Write-ins,3
Clackamas,Precinct 151,Governor,,R,Write-ins,0
Clackamas,Precinct 152,Governor,,R,Write-ins,3
Clackamas,Precinct 153,Governor,,R,Write-ins,0
Clackamas,Precinct 154,Governor,,R,Write-ins,0
Clackamas,Precinct 155,Governor,,R,Write-ins,0
Clackamas,Precinct 156,Governor,,R,Write-ins,3
Clackamas,Precinct 157,Governor,,R,Write-ins,0
Clackamas,Precinct 158,Governor,,R,Write-ins,1
Clackamas,Precinct 159,Governor,,R,Write-ins,0
Clackamas,Precinct 160,Governor,,R,Write-ins,0
Clackamas,Precinct 161,Governor,,R,Write-ins,0
Clackamas,Precinct 162,Governor,,R,Write-ins,1
Clackamas,Precinct 201,Governor,,R,Write-ins,4
Clackamas,Precinct 202,Governor,,R,Write-ins,6
Clackamas,Precinct 203,Governor,,R,Write-ins,5
Clackamas,Precinct 204,Governor,,R,Write-ins,3
Clackamas,Precinct 251,Governor,,R,Write-ins,1
Clackamas,Precinct 279,Governor,,R,Write-ins,0
Clackamas,Precinct 280,Governor,,R,Write-ins,0
Clackamas,Precinct 281,Governor,,R,Write-ins,1
Clackamas,Precinct 282,Governor,,R,Write-ins,2
Clackamas,Precinct 283,Governor,,R,Write-ins,0
Clackamas,Precinct 284,Governor,,R,Write-ins,2
Clackamas,Precinct 285,Governor,,R,Write-ins,0
Clackamas,Precinct 286,Governor,,R,Write-ins,0
Clackamas,Precinct 320,Governor,,R,Write-ins,0
Clackamas,Precinct 321,Governor,,R,Write-ins,4
Clackamas,Precinct 322,Governor,,R,Write-ins,0
Clackamas,Precinct 323,Governor,,R,Write-ins,2
Clackamas,Precinct 324,Governor,,R,Write-ins,1
Clackamas,Precinct 330,Governor,,R,Write-ins,4
Clackamas,Precinct 331,Governor,,R,Write-ins,2
Clackamas,Precinct 332,Governor,,R,Write-ins,0
Clackamas,Precinct 350,Governor,,R,Write-ins,1
Clackamas,Precinct 355,Governor,,R,Write-ins,0
Clackamas,Precinct 357,Governor,,R,Write-ins,0
Clackamas,Precinct 358,Governor,,R,Write-ins,0
Clackamas,Precinct 359,Governor,,R,Write-ins,2
Clackamas,Precinct 360,Governor,,R,Write-ins,1
Clackamas,Precinct 361,Governor,,R,Write-ins,0
Clackamas,Precinct 362,Governor,,R,Write-ins,0
Clackamas,Precinct 363,Governor,,R,Write-ins,0
Clackamas,Precinct 364,Governor,,R,Write-ins,0
Clackamas,Precinct 371,Governor,,R,Write-ins,0
Clackamas,Precinct 372,Governor,,R,Write-ins,0
Clackamas,Precinct 373,Governor,,R,Write-ins,2
Clackamas,Precinct 374,Governor,,R,Write-ins,0
Clackamas,Precinct 400,Governor,,R,Write-ins,3
Clackamas,Precinct 403,Governor,,R,Write-ins,0
Clackamas,Precinct 404,Governor,,R,Write-ins,1
Clackamas,Precinct 405,Governor,,R,Write-ins,2
Clackamas,Precinct 406,Governor,,R,Write-ins,0
Clackamas,Precinct 410,Governor,,R,Write-ins,4
Clackamas,Precinct 411,Governor,,R,Write-ins,1
Clackamas,Precinct 412,Governor,,R,Write-ins,1
Clackamas,Precinct 413,Governor,,R,Write-ins,0
Clackamas,Precinct 414,Governor,,R,Write-ins,0
Clackamas,Precinct 415,Governor,,R,Write-ins,0
Clackamas,Precinct 416,Governor,,R,Write-ins,3
Clackamas,Precinct 417,Governor,,R,Write-ins,1
Clackamas,Precinct 418,Governor,,R,Write-ins,0
Clackamas,Precinct 419,Governor,,R,Write-ins,0
Clackamas,Precinct 420,Governor,,R,Write-ins,2
Clackamas,Precinct 421,Governor,,R,Write-ins,1
Clackamas,Precinct 422,Governor,,R,Write-ins,3
Clackamas,Precinct 500,Governor,,R,Write-ins,1
Clackamas,Precinct 501,Governor,,R,Write-ins,3
Clackamas,Precinct 502,Governor,,R,Write-ins,5
Clackamas,Precinct 503,Governor,,R,Write-ins,1
Clackamas,Precinct 504,Governor,,R,Write-ins,3
Clackamas,Precinct 506,Governor,,R,Write-ins,2
Clackamas,Precinct 510,Governor,,R,Write-ins,3
Clackamas,Precinct 511,Governor,,R,Write-ins,2
Clackamas,Precinct 512,Governor,,R,Write-ins,0
Clackamas,Precinct 513,Governor,,R,Write-ins,0
Clackamas,Precinct 514,Governor,,R,Write-ins,4
Clackamas,Precinct 515,Governor,,R,Write-ins,2
Clackamas,Precinct 516,Governor,,R,Write-ins,0
Clackamas,Precinct 517,Governor,,R,Write-ins,1
Clackamas,Precinct 518,Governor,,R,Write-ins,0
Clackamas,Precinct 600,Governor,,R,Write-ins,1
Clackamas,Precinct 602,Governor,,R,Write-ins,1
Clackamas,Precinct 604,Governor,,R,Write-ins,5
Clackamas,Precinct 606,Governor,,R,Write-ins,1
Clackamas,Precinct 608,Governor,,R,Write-ins,1
Clackamas,Precinct 614,Governor,,R,Write-ins,5
Clackamas,Precinct 616,Governor,,R,Write-ins,5
Clackamas,Precinct 618,Governor,,R,Write-ins,0
Clackamas,Precinct 620,Governor,,R,Write-ins,0
Clackamas,Precinct 622,Governor,,R,Write-ins,3
Clackamas,Precinct 626,Governor,,R,Write-ins,3
Clackamas,Precinct 628,Governor,,R,Write-ins,0
Clackamas,Precinct 630,Governor,,R,Write-ins,7
Clackamas,Precinct 100,Judge of the Circuit Court,"5th District, Position 12",,Cierra D. Brown,18
Clackamas,Precinct 101,Judge of the Circuit Court,"5th District, Position 12",,Cierra D. Brown,1303
Clackamas,Precinct 102,Judge of the Circuit Court,"5th District, Position 12",,Cierra D. Brown,273
Clackamas,Precinct 103,Judge of the Circuit Court,"5th District, Position 12",,Cierra D. Brown,669
Clackamas,Precinct 104,Judge of the Circuit Court,"5th District, Position 12",,Cierra D. Brown,4
Clackamas,Precinct 105,Judge of the Circuit Court,"5th District, Position 12",,Cierra D. Brown,964
Clackamas,Precinct 106,Judge of the Circuit Court,"5th District, Position 12",,Cierra D. Brown,751
Clackamas,Precinct 107,Judge of the Circuit Court,"5th District, Position 12",,Cierra D. Brown,462
Clackamas,Precinct 108,Judge of the Circuit Court,"5th District, Position 12",,Cierra D. Brown,1014
Clackamas,Precinct 109,Judge of the Circuit Court,"5th District, Position 12",,Cierra D. Brown,0
Clackamas,Precinct 111,Judge of the Circuit Court,"5th District, Position 12",,Cierra D. Brown,1149
Clackamas,Precinct 112,Judge of the Circuit Court,"5th District, Position 12",,Cierra D. Brown,0
Clackamas,Precinct 113,Judge of the Circuit Court,"5th District, Position 12",,Cierra D. Brown,11
Clackamas,Precinct 114,Judge of the Circuit Court,"5th District, Position 12",,Cierra D. Brown,35
Clackamas,Precinct 115,Judge of the Circuit Court,"5th District, Position 12",,Cierra D. Brown,59
Clackamas,Precinct 116,Judge of the Circuit Court,"5th District, Position 12",,Cierra D. Brown,0
Clackamas,Precinct 122,Judge of the Circuit Court,"5th District, Position 12",,Cierra D. Brown,1105
Clackamas,Precinct 123,Judge of the Circuit Court,"5th District, Position 12",,Cierra D. Brown,627
Clackamas,Precinct 124,Judge of the Circuit Court,"5th District, Position 12",,Cierra D. Brown,1140
Clackamas,Precinct 125,Judge of the Circuit Court,"5th District, Position 12",,Cierra D. Brown,439
Clackamas,Precinct 127,Judge of the Circuit Court,"5th District, Position 12",,Cierra D. Brown,29
Clackamas,Precinct 131,Judge of the Circuit Court,"5th District, Position 12",,Cierra D. Brown,1590
Clackamas,Precinct 132,Judge of the Circuit Court,"5th District, Position 12",,Cierra D. Brown,1252
Clackamas,Precinct 133,Judge of the Circuit Court,"5th District, Position 12",,Cierra D. Brown,520
Clackamas,Precinct 134,Judge of the Circuit Court,"5th District, Position 12",,Cierra D. Brown,0
Clackamas,Precinct 135,Judge of the Circuit Court,"5th District, Position 12",,Cierra D. Brown,1460
Clackamas,Precinct 151,Judge of the Circuit Court,"5th District, Position 12",,Cierra D. Brown,739
Clackamas,Precinct 152,Judge of the Circuit Court,"5th District, Position 12",,Cierra D. Brown,1525
Clackamas,Precinct 153,Judge of the Circuit Court,"5th District, Position 12",,Cierra D. Brown,144
Clackamas,Precinct 154,Judge of the Circuit Court,"5th District, Position 12",,Cierra D. Brown,28
Clackamas,Precinct 155,Judge of the Circuit Court,"5th District, Position 12",,Cierra D. Brown,716
Clackamas,Precinct 156,Judge of the Circuit Court,"5th District, Position 12",,Cierra D. Brown,1416
Clackamas,Precinct 157,Judge of the Circuit Court,"5th District, Position 12",,Cierra D. Brown,23
Clackamas,Precinct 158,Judge of the Circuit Court,"5th District, Position 12",,Cierra D. Brown,1134
Clackamas,Precinct 159,Judge of the Circuit Court,"5th District, Position 12",,Cierra D. Brown,778
Clackamas,Precinct 160,Judge of the Circuit Court,"5th District, Position 12",,Cierra D. Brown,485
Clackamas,Precinct 161,Judge of the Circuit Court,"5th District, Position 12",,Cierra D. Brown,142
Clackamas,Precinct 162,Judge of the Circuit Court,"5th District, Position 12",,Cierra D. Brown,214
Clackamas,Precinct 201,Judge of the Circuit Court,"5th District, Position 12",,Cierra D. Brown,1254
Clackamas,Precinct 202,Judge of the Circuit Court,"5th District, Position 12",,Cierra D. Brown,1315
Clackamas,Precinct 203,Judge of the Circuit Court,"5th District, Position 12",,Cierra D. Brown,863
Clackamas,Precinct 204,Judge of the Circuit Court,"5th District, Position 12",,Cierra D. Brown,653
Clackamas,Precinct 251,Judge of the Circuit Court,"5th District, Position 12",,Cierra D. Brown,538
Clackamas,Precinct 279,Judge of the Circuit Court,"5th District, Position 12",,Cierra D. Brown,37
Clackamas,Precinct 280,Judge of the Circuit Court,"5th District, Position 12",,Cierra D. Brown,106
Clackamas,Precinct 281,Judge of the Circuit Court,"5th District, Position 12",,Cierra D. Brown,318
Clackamas,Precinct 282,Judge of the Circuit Court,"5th District, Position 12",,Cierra D. Brown,99
Clackamas,Precinct 283,Judge of the Circuit Court,"5th District, Position 12",,Cierra D. Brown,103
Clackamas,Precinct 284,Judge of the Circuit Court,"5th District, Position 12",,Cierra D. Brown,110
Clackamas,Precinct 285,Judge of the Circuit Court,"5th District, Position 12",,Cierra D. Brown,7
Clackamas,Precinct 286,Judge of the Circuit Court,"5th District, Position 12",,Cierra D. Brown,42
Clackamas,Precinct 320,Judge of the Circuit Court,"5th District, Position 12",,Cierra D. Brown,31
Clackamas,Precinct 321,Judge of the Circuit Court,"5th District, Position 12",,Cierra D. Brown,703
Clackamas,Precinct 322,Judge of the Circuit Court,"5th District, Position 12",,Cierra D. Brown,302
Clackamas,Precinct 323,Judge of the Circuit Court,"5th District, Position 12",,Cierra D. Brown,384
Clackamas,Precinct 324,Judge of the Circuit Court,"5th District, Position 12",,Cierra D. Brown,18
Clackamas,Precinct 330,Judge of the Circuit Court,"5th District, Position 12",,Cierra D. Brown,827
Clackamas,Precinct 331,Judge of the Circuit Court,"5th District, Position 12",,Cierra D. Brown,456
Clackamas,Precinct 332,Judge of the Circuit Court,"5th District, Position 12",,Cierra D. Brown,163
Clackamas,Precinct 350,Judge of the Circuit Court,"5th District, Position 12",,Cierra D. Brown,656
Clackamas,Precinct 355,Judge of the Circuit Court,"5th District, Position 12",,Cierra D. Brown,0
Clackamas,Precinct 357,Judge of the Circuit Court,"5th District, Position 12",,Cierra D. Brown,43
Clackamas,Precinct 358,Judge of the Circuit Court,"5th District, Position 12",,Cierra D. Brown,62
Clackamas,Precinct 359,Judge of the Circuit Court,"5th District, Position 12",,Cierra D. Brown,675
Clackamas,Precinct 360,Judge of the Circuit Court,"5th District, Position 12",,Cierra D. Brown,266
Clackamas,Precinct 361,Judge of the Circuit Court,"5th District, Position 12",,Cierra D. Brown,1
Clackamas,Precinct 362,Judge of the Circuit Court,"5th District, Position 12",,Cierra D. Brown,164
Clackamas,Precinct 363,Judge of the Circuit Court,"5th District, Position 12",,Cierra D. Brown,463
Clackamas,Precinct 364,Judge of the Circuit Court,"5th District, Position 12",,Cierra D. Brown,70
Clackamas,Precinct 371,Judge of the Circuit Court,"5th District, Position 12",,Cierra D. Brown,68
Clackamas,Precinct 372,Judge of the Circuit Court,"5th District, Position 12",,Cierra D. Brown,14
Clackamas,Precinct 373,Judge of the Circuit Court,"5th District, Position 12",,Cierra D. Brown,925
Clackamas,Precinct 374,Judge of the Circuit Court,"5th District, Position 12",,Cierra D. Brown,0
Clackamas,Precinct 400,Judge of the Circuit Court,"5th District, Position 12",,Cierra D. Brown,903
Clackamas,Precinct 403,Judge of the Circuit Court,"5th District, Position 12",,Cierra D. Brown,327
Clackamas,Precinct 404,Judge of the Circuit Court,"5th District, Position 12",,Cierra D. Brown,818
Clackamas,Precinct 405,Judge of the Circuit Court,"5th District, Position 12",,Cierra D. Brown,514
Clackamas,Precinct 406,Judge of the Circuit Court,"5th District, Position 12",,Cierra D. Brown,234
Clackamas,Precinct 410,Judge of the Circuit Court,"5th District, Position 12",,Cierra D. Brown,727
Clackamas,Precinct 411,Judge of the Circuit Court,"5th District, Position 12",,Cierra D. Brown,985
Clackamas,Precinct 412,Judge of the Circuit Court,"5th District, Position 12",,Cierra D. Brown,456
Clackamas,Precinct 413,Judge of the Circuit Court,"5th District, Position 12",,Cierra D. Brown,49
Clackamas,Precinct 414,Judge of the Circuit Court,"5th District, Position 12",,Cierra D. Brown,188
Clackamas,Precinct 415,Judge of the Circuit Court,"5th District, Position 12",,Cierra D. Brown,108
Clackamas,Precinct 416,Judge of the Circuit Court,"5th District, Position 12",,Cierra D. Brown,587
Clackamas,Precinct 417,Judge of the Circuit Court,"5th District, Position 12",,Cierra D. Brown,278
Clackamas,Precinct 418,Judge of the Circuit Court,"5th District, Position 12",,Cierra D. Brown,254
Clackamas,Precinct 419,Judge of the Circuit Court,"5th District, Position 12",,Cierra D. Brown,499
Clackamas,Precinct 420,Judge of the Circuit Court,"5th District, Position 12",,Cierra D. Brown,421
Clackamas,Precinct 421,Judge of the Circuit Court,"5th District, Position 12",,Cierra D. Brown,542
Clackamas,Precinct 422,Judge of the Circuit Court,"5th District, Position 12",,Cierra D. Brown,931
Clackamas,Precinct 500,Judge of the Circuit Court,"5th District, Position 12",,Cierra D. Brown,298
Clackamas,Precinct 501,Judge of the Circuit Court,"5th District, Position 12",,Cierra D. Brown,1234
Clackamas,Precinct 502,Judge of the Circuit Court,"5th District, Position 12",,Cierra D. Brown,1129
Clackamas,Precinct 503,Judge of the Circuit Court,"5th District, Position 12",,Cierra D. Brown,1025
Clackamas,Precinct 504,Judge of the Circuit Court,"5th District, Position 12",,Cierra D. Brown,1292
Clackamas,Precinct 506,Judge of the Circuit Court,"5th District, Position 12",,Cierra D. Brown,724
Clackamas,Precinct 510,Judge of the Circuit Court,"5th District, Position 12",,Cierra D. Brown,240
Clackamas,Precinct 511,Judge of the Circuit Court,"5th District, Position 12",,Cierra D. Brown,595
Clackamas,Precinct 512,Judge of the Circuit Court,"5th District, Position 12",,Cierra D. Brown,521
Clackamas,Precinct 513,Judge of the Circuit Court,"5th District, Position 12",,Cierra D. Brown,34
Clackamas,Precinct 514,Judge of the Circuit Court,"5th District, Position 12",,Cierra D. Brown,1250
Clackamas,Precinct 515,Judge of the Circuit Court,"5th District, Position 12",,Cierra D. Brown,326
Clackamas,Precinct 516,Judge of the Circuit Court,"5th District, Position 12",,Cierra D. Brown,601
Clackamas,Precinct 517,Judge of the Circuit Court,"5th District, Position 12",,Cierra D. Brown,486
Clackamas,Precinct 518,Judge of the Circuit Court,"5th District, Position 12",,Cierra D. Brown,571
Clackamas,Precinct 600,Judge of the Circuit Court,"5th District, Position 12",,Cierra D. Brown,1157
Clackamas,Precinct 602,Judge of the Circuit Court,"5th District, Position 12",,Cierra D. Brown,1013
Clackamas,Precinct 604,Judge of the Circuit Court,"5th District, Position 12",,Cierra D. Brown,1781
Clackamas,Precinct 606,Judge of the Circuit Court,"5th District, Position 12",,Cierra D. Brown,540
Clackamas,Precinct 608,Judge of the Circuit Court,"5th District, Position 12",,Cierra D. Brown,699
Clackamas,Precinct 614,Judge of the Circuit Court,"5th District, Position 12",,Cierra D. Brown,595
Clackamas,Precinct 616,Judge of the Circuit Court,"5th District, Position 12",,Cierra D. Brown,861
Clackamas,Precinct 618,Judge of the Circuit Court,"5th District, Position 12",,Cierra D. Brown,145
Clackamas,Precinct 620,Judge of the Circuit Court,"5th District, Position 12",,Cierra D. Brown,88
Clackamas,Precinct 622,Judge of the Circuit Court,"5th District, Position 12",,Cierra D. Brown,629
Clackamas,Precinct 626,Judge of the Circuit Court,"5th District, Position 12",,Cierra D. Brown,1052
Clackamas,Precinct 628,Judge of the Circuit Court,"5th District, Position 12",,Cierra D. Brown,225
Clackamas,Precinct 630,Judge of the Circuit Court,"5th District, Position 12",,Cierra D. Brown,1388
Clackamas,Precinct 100,Judge of the Circuit Court,"5th District, Position 12",,Over Votes,0
Clackamas,Precinct 101,Judge of the Circuit Court,"5th District, Position 12",,Over Votes,0
Clackamas,Precinct 102,Judge of the Circuit Court,"5th District, Position 12",,Over Votes,0
Clackamas,Precinct 103,Judge of the Circuit Court,"5th District, Position 12",,Over Votes,0
Clackamas,Precinct 104,Judge of the Circuit Court,"5th District, Position 12",,Over Votes,0
Clackamas,Precinct 105,Judge of the Circuit Court,"5th District, Position 12",,Over Votes,0
Clackamas,Precinct 106,Judge of the Circuit Court,"5th District, Position 12",,Over Votes,0
Clackamas,Precinct 107,Judge of the Circuit Court,"5th District, Position 12",,Over Votes,0
Clackamas,Precinct 108,Judge of the Circuit Court,"5th District, Position 12",,Over Votes,0
Clackamas,Precinct 109,Judge of the Circuit Court,"5th District, Position 12",,Over Votes,0
Clackamas,Precinct 111,Judge of the Circuit Court,"5th District, Position 12",,Over Votes,0
Clackamas,Precinct 112,Judge of the Circuit Court,"5th District, Position 12",,Over Votes,0
Clackamas,Precinct 113,Judge of the Circuit Court,"5th District, Position 12",,Over Votes,0
Clackamas,Precinct 114,Judge of the Circuit Court,"5th District, Position 12",,Over Votes,0
Clackamas,Precinct 115,Judge of the Circuit Court,"5th District, Position 12",,Over Votes,0
Clackamas,Precinct 116,Judge of the Circuit Court,"5th District, Position 12",,Over Votes,0
Clackamas,Precinct 122,Judge of the Circuit Court,"5th District, Position 12",,Over Votes,0
Clackamas,Precinct 123,Judge of the Circuit Court,"5th District, Position 12",,Over Votes,0
Clackamas,Precinct 124,Judge of the Circuit Court,"5th District, Position 12",,Over Votes,0
Clackamas,Precinct 125,Judge of the Circuit Court,"5th District, Position 12",,Over Votes,0
Clackamas,Precinct 127,Judge of the Circuit Court,"5th District, Position 12",,Over Votes,0
Clackamas,Precinct 131,Judge of the Circuit Court,"5th District, Position 12",,Over Votes,0
Clackamas,Precinct 132,Judge of the Circuit Court,"5th District, Position 12",,Over Votes,0
Clackamas,Precinct 133,Judge of the Circuit Court,"5th District, Position 12",,Over Votes,0
Clackamas,Precinct 134,Judge of the Circuit Court,"5th District, Position 12",,Over Votes,0
Clackamas,Precinct 135,Judge of the Circuit Court,"5th District, Position 12",,Over Votes,0
Clackamas,Precinct 151,Judge of the Circuit Court,"5th District, Position 12",,Over Votes,0
Clackamas,Precinct 152,Judge of the Circuit Court,"5th District, Position 12",,Over Votes,0
Clackamas,Precinct 153,Judge of the Circuit Court,"5th District, Position 12",,Over Votes,0
Clackamas,Precinct 154,Judge of the Circuit Court,"5th District, Position 12",,Over Votes,0
Clackamas,Precinct 155,Judge of the Circuit Court,"5th District, Position 12",,Over Votes,0
Clackamas,Precinct 156,Judge of the Circuit Court,"5th District, Position 12",,Over Votes,0
Clackamas,Precinct 157,Judge of the Circuit Court,"5th District, Position 12",,Over Votes,0
Clackamas,Precinct 158,Judge of the Circuit Court,"5th District, Position 12",,Over Votes,0
Clackamas,Precinct 159,Judge of the Circuit Court,"5th District, Position 12",,Over Votes,0
Clackamas,Precinct 160,Judge of the Circuit Court,"5th District, Position 12",,Over Votes,0
Clackamas,Precinct 161,Judge of the Circuit Court,"5th District, Position 12",,Over Votes,0
Clackamas,Precinct 162,Judge of the Circuit Court,"5th District, Position 12",,Over Votes,0
Clackamas,Precinct 201,Judge of the Circuit Court,"5th District, Position 12",,Over Votes,0
Clackamas,Precinct 202,Judge of the Circuit Court,"5th District, Position 12",,Over Votes,0
Clackamas,Precinct 203,Judge of the Circuit Court,"5th District, Position 12",,Over Votes,0
Clackamas,Precinct 204,Judge of the Circuit Court,"5th District, Position 12",,Over Votes,0
Clackamas,Precinct 251,Judge of the Circuit Court,"5th District, Position 12",,Over Votes,0
Clackamas,Precinct 279,Judge of the Circuit Court,"5th District, Position 12",,Over Votes,0
Clackamas,Precinct 280,Judge of the Circuit Court,"5th District, Position 12",,Over Votes,0
Clackamas,Precinct 281,Judge of the Circuit Court,"5th District, Position 12",,Over Votes,0
Clackamas,Precinct 282,Judge of the Circuit Court,"5th District, Position 12",,Over Votes,0
Clackamas,Precinct 283,Judge of the Circuit Court,"5th District, Position 12",,Over Votes,0
Clackamas,Precinct 284,Judge of the Circuit Court,"5th District, Position 12",,Over Votes,0
Clackamas,Precinct 285,Judge of the Circuit Court,"5th District, Position 12",,Over Votes,0
Clackamas,Precinct 286,Judge of the Circuit Court,"5th District, Position 12",,Over Votes,0
Clackamas,Precinct 320,Judge of the Circuit Court,"5th District, Position 12",,Over Votes,0
Clackamas,Precinct 321,Judge of the Circuit Court,"5th District, Position 12",,Over Votes,0
Clackamas,Precinct 322,Judge of the Circuit Court,"5th District, Position 12",,Over Votes,0
Clackamas,Precinct 323,Judge of the Circuit Court,"5th District, Position 12",,Over Votes,0
Clackamas,Precinct 324,Judge of the Circuit Court,"5th District, Position 12",,Over Votes,0
Clackamas,Precinct 330,Judge of the Circuit Court,"5th District, Position 12",,Over Votes,0
Clackamas,Precinct 331,Judge of the Circuit Court,"5th District, Position 12",,Over Votes,0
Clackamas,Precinct 332,Judge of the Circuit Court,"5th District, Position 12",,Over Votes,0
Clackamas,Precinct 350,Judge of the Circuit Court,"5th District, Position 12",,Over Votes,0
Clackamas,Precinct 355,Judge of the Circuit Court,"5th District, Position 12",,Over Votes,0
Clackamas,Precinct 357,Judge of the Circuit Court,"5th District, Position 12",,Over Votes,0
Clackamas,Precinct 358,Judge of the Circuit Court,"5th District, Position 12",,Over Votes,0
Clackamas,Precinct 359,Judge of the Circuit Court,"5th District, Position 12",,Over Votes,0
Clackamas,Precinct 360,Judge of the Circuit Court,"5th District, Position 12",,Over Votes,0
Clackamas,Precinct 361,Judge of the Circuit Court,"5th District, Position 12",,Over Votes,0
Clackamas,Precinct 362,Judge of the Circuit Court,"5th District, Position 12",,Over Votes,0
Clackamas,Precinct 363,Judge of the Circuit Court,"5th District, Position 12",,Over Votes,0
Clackamas,Precinct 364,Judge of the Circuit Court,"5th District, Position 12",,Over Votes,0
Clackamas,Precinct 371,Judge of the Circuit Court,"5th District, Position 12",,Over Votes,0
Clackamas,Precinct 372,Judge of the Circuit Court,"5th District, Position 12",,Over Votes,0
Clackamas,Precinct 373,Judge of the Circuit Court,"5th District, Position 12",,Over Votes,0
Clackamas,Precinct 374,Judge of the Circuit Court,"5th District, Position 12",,Over Votes,0
Clackamas,Precinct 400,Judge of the Circuit Court,"5th District, Position 12",,Over Votes,0
Clackamas,Precinct 403,Judge of the Circuit Court,"5th District, Position 12",,Over Votes,0
Clackamas,Precinct 404,Judge of the Circuit Court,"5th District, Position 12",,Over Votes,0
Clackamas,Precinct 405,Judge of the Circuit Court,"5th District, Position 12",,Over Votes,0
Clackamas,Precinct 406,Judge of the Circuit Court,"5th District, Position 12",,Over Votes,0
Clackamas,Precinct 410,Judge of the Circuit Court,"5th District, Position 12",,Over Votes,0
Clackamas,Precinct 411,Judge of the Circuit Court,"5th District, Position 12",,Over Votes,0
Clackamas,Precinct 412,Judge of the Circuit Court,"5th District, Position 12",,Over Votes,0
Clackamas,Precinct 413,Judge of the Circuit Court,"5th District, Position 12",,Over Votes,0
Clackamas,Precinct 414,Judge of the Circuit Court,"5th District, Position 12",,Over Votes,0
Clackamas,Precinct 415,Judge of the Circuit Court,"5th District, Position 12",,Over Votes,0
Clackamas,Precinct 416,Judge of the Circuit Court,"5th District, Position 12",,Over Votes,0
Clackamas,Precinct 417,Judge of the Circuit Court,"5th District, Position 12",,Over Votes,0
Clackamas,Precinct 418,Judge of the Circuit Court,"5th District, Position 12",,Over Votes,0
Clackamas,Precinct 419,Judge of the Circuit Court,"5th District, Position 12",,Over Votes,0
Clackamas,Precinct 420,Judge of the Circuit Court,"5th District, Position 12",,Over Votes,0
Clackamas,Precinct 421,Judge of the Circuit Court,"5th District, Position 12",,Over Votes,0
Clackamas,Precinct 422,Judge of the Circuit Court,"5th District, Position 12",,Over Votes,0
Clackamas,Precinct 500,Judge of the Circuit Court,"5th District, Position 12",,Over Votes,0
Clackamas,Precinct 501,Judge of the Circuit Court,"5th District, Position 12",,Over Votes,0
Clackamas,Precinct 502,Judge of the Circuit Court,"5th District, Position 12",,Over Votes,0
Clackamas,Precinct 503,Judge of the Circuit Court,"5th District, Position 12",,Over Votes,0
Clackamas,Precinct 504,Judge of the Circuit Court,"5th District, Position 12",,Over Votes,0
Clackamas,Precinct 506,Judge of the Circuit Court,"5th District, Position 12",,Over Votes,0
Clackamas,Precinct 510,Judge of the Circuit Court,"5th District, Position 12",,Over Votes,0
Clackamas,Precinct 511,Judge of the Circuit Court,"5th District, Position 12",,Over Votes,0
Clackamas,Precinct 512,Judge of the Circuit Court,"5th District, Position 12",,Over Votes,0
Clackamas,Precinct 513,Judge of the Circuit Court,"5th District, Position 12",,Over Votes,0
Clackamas,Precinct 514,Judge of the Circuit Court,"5th District, Position 12",,Over Votes,0
Clackamas,Precinct 515,Judge of the Circuit Court,"5th District, Position 12",,Over Votes,0
Clackamas,Precinct 516,Judge of the Circuit Court,"5th District, Position 12",,Over Votes,0
Clackamas,Precinct 517,Judge of the Circuit Court,"5th District, Position 12",,Over Votes,0
Clackamas,Precinct 518,Judge of the Circuit Court,"5th District, Position 12",,Over Votes,0
Clackamas,Precinct 600,Judge of the Circuit Court,"5th District, Position 12",,Over Votes,0
Clackamas,Precinct 602,Judge of the Circuit Court,"5th District, Position 12",,Over Votes,0
Clackamas,Precinct 604,Judge of the Circuit Court,"5th District, Position 12",,Over Votes,0
Clackamas,Precinct 606,Judge of the Circuit Court,"5th District, Position 12",,Over Votes,0
Clackamas,Precinct 608,Judge of the Circuit Court,"5th District, Position 12",,Over Votes,0
Clackamas,Precinct 614,Judge of the Circuit Court,"5th District, Position 12",,Over Votes,0
Clackamas,Precinct 616,Judge of the Circuit Court,"5th District, Position 12",,Over Votes,0
Clackamas,Precinct 618,Judge of the Circuit Court,"5th District, Position 12",,Over Votes,0
Clackamas,Precinct 620,Judge of the Circuit Court,"5th District, Position 12",,Over Votes,0
Clackamas,Precinct 622,Judge of the Circuit Court,"5th District, Position 12",,Over Votes,0
Clackamas,Precinct 626,Judge of the Circuit Court,"5th District, Position 12",,Over Votes,0
Clackamas,Precinct 628,Judge of the Circuit Court,"5th District, Position 12",,Over Votes,0
Clackamas,Precinct 630,Judge of the Circuit Court,"5th District, Position 12",,Over Votes,0
Clackamas,Precinct 100,Judge of the Circuit Court,"5th District, Position 12",,Under Votes,27
Clackamas,Precinct 101,Judge of the Circuit Court,"5th District, Position 12",,Under Votes,1446
Clackamas,Precinct 102,Judge of the Circuit Court,"5th District, Position 12",,Under Votes,400
Clackamas,Precinct 103,Judge of the Circuit Court,"5th District, Position 12",,Under Votes,835
Clackamas,Precinct 104,Judge of the Circuit Court,"5th District, Position 12",,Under Votes,4
Clackamas,Precinct 105,Judge of the Circuit Court,"5th District, Position 12",,Under Votes,1221
Clackamas,Precinct 106,Judge of the Circuit Court,"5th District, Position 12",,Under Votes,946
Clackamas,Precinct 107,Judge of the Circuit Court,"5th District, Position 12",,Under Votes,626
Clackamas,Precinct 108,Judge of the Circuit Court,"5th District, Position 12",,Under Votes,1391
Clackamas,Precinct 109,Judge of the Circuit Court,"5th District, Position 12",,Under Votes,0
Clackamas,Precinct 111,Judge of the Circuit Court,"5th District, Position 12",,Under Votes,1511
Clackamas,Precinct 112,Judge of the Circuit Court,"5th District, Position 12",,Under Votes,0
Clackamas,Precinct 113,Judge of the Circuit Court,"5th District, Position 12",,Under Votes,22
Clackamas,Precinct 114,Judge of the Circuit Court,"5th District, Position 12",,Under Votes,49
Clackamas,Precinct 115,Judge of the Circuit Court,"5th District, Position 12",,Under Votes,93
Clackamas,Precinct 116,Judge of the Circuit Court,"5th District, Position 12",,Under Votes,1
Clackamas,Precinct 122,Judge of the Circuit Court,"5th District, Position 12",,Under Votes,1311
Clackamas,Precinct 123,Judge of the Circuit Court,"5th District, Position 12",,Under Votes,838
Clackamas,Precinct 124,Judge of the Circuit Court,"5th District, Position 12",,Under Votes,1549
Clackamas,Precinct 125,Judge of the Circuit Court,"5th District, Position 12",,Under Votes,580
Clackamas,Precinct 127,Judge of the Circuit Court,"5th District, Position 12",,Under Votes,32
Clackamas,Precinct 131,Judge of the Circuit Court,"5th District, Position 12",,Under Votes,1615
Clackamas,Precinct 132,Judge of the Circuit Court,"5th District, Position 12",,Under Votes,1168
Clackamas,Precinct 133,Judge of the Circuit Court,"5th District, Position 12",,Under Votes,513
Clackamas,Precinct 134,Judge of the Circuit Court,"5th District, Position 12",,Under Votes,3
Clackamas,Precinct 135,Judge of the Circuit Court,"5th District, Position 12",,Under Votes,1422
Clackamas,Precinct 151,Judge of the Circuit Court,"5th District, Position 12",,Under Votes,766
Clackamas,Precinct 152,Judge of the Circuit Court,"5th District, Position 12",,Under Votes,1620
Clackamas,Precinct 153,Judge of the Circuit Court,"5th District, Position 12",,Under Votes,104
Clackamas,Precinct 154,Judge of the Circuit Court,"5th District, Position 12",,Under Votes,16
Clackamas,Precinct 155,Judge of the Circuit Court,"5th District, Position 12",,Under Votes,718
Clackamas,Precinct 156,Judge of the Circuit Court,"5th District, Position 12",,Under Votes,1368
Clackamas,Precinct 157,Judge of the Circuit Court,"5th District, Position 12",,Under Votes,27
Clackamas,Precinct 158,Judge of the Circuit Court,"5th District, Position 12",,Under Votes,997
Clackamas,Precinct 159,Judge of the Circuit Court,"5th District, Position 12",,Under Votes,765
Clackamas,Precinct 160,Judge of the Circuit Court,"5th District, Position 12",,Under Votes,429
Clackamas,Precinct 161,Judge of the Circuit Court,"5th District, Position 12",,Under Votes,150
Clackamas,Precinct 162,Judge of the Circuit Court,"5th District, Position 12",,Under Votes,168
Clackamas,Precinct 201,Judge of the Circuit Court,"5th District, Position 12",,Under Votes,1163
Clackamas,Precinct 202,Judge of the Circuit Court,"5th District, Position 12",,Under Votes,1345
Clackamas,Precinct 203,Judge of the Circuit Court,"5th District, Position 12",,Under Votes,796
Clackamas,Precinct 204,Judge of the Circuit Court,"5th District, Position 12",,Under Votes,718
Clackamas,Precinct 251,Judge of the Circuit Court,"5th District, Position 12",,Under Votes,542
Clackamas,Precinct 279,Judge of the Circuit Court,"5th District, Position 12",,Under Votes,24
Clackamas,Precinct 280,Judge of the Circuit Court,"5th District, Position 12",,Under Votes,101
Clackamas,Precinct 281,Judge of the Circuit Court,"5th District, Position 12",,Under Votes,306
Clackamas,Precinct 282,Judge of the Circuit Court,"5th District, Position 12",,Under Votes,84
Clackamas,Precinct 283,Judge of the Circuit Court,"5th District, Position 12",,Under Votes,145
Clackamas,Precinct 284,Judge of the Circuit Court,"5th District, Position 12",,Under Votes,106
Clackamas,Precinct 285,Judge of the Circuit Court,"5th District, Position 12",,Under Votes,6
Clackamas,Precinct 286,Judge of the Circuit Court,"5th District, Position 12",,Under Votes,44
Clackamas,Precinct 320,Judge of the Circuit Court,"5th District, Position 12",,Under Votes,32
Clackamas,Precinct 321,Judge of the Circuit Court,"5th District, Position 12",,Under Votes,902
Clackamas,Precinct 322,Judge of the Circuit Court,"5th District, Position 12",,Under Votes,435
Clackamas,Precinct 323,Judge of the Circuit Court,"5th District, Position 12",,Under Votes,522
Clackamas,Precinct 324,Judge of the Circuit Court,"5th District, Position 12",,Under Votes,22
Clackamas,Precinct 330,Judge of the Circuit Court,"5th District, Position 12",,Under Votes,1646
Clackamas,Precinct 331,Judge of the Circuit Court,"5th District, Position 12",,Under Votes,864
Clackamas,Precinct 332,Judge of the Circuit Court,"5th District, Position 12",,Under Votes,245
Clackamas,Precinct 350,Judge of the Circuit Court,"5th District, Position 12",,Under Votes,1381
Clackamas,Precinct 355,Judge of the Circuit Court,"5th District, Position 12",,Under Votes,0
Clackamas,Precinct 357,Judge of the Circuit Court,"5th District, Position 12",,Under Votes,74
Clackamas,Precinct 358,Judge of the Circuit Court,"5th District, Position 12",,Under Votes,168
Clackamas,Precinct 359,Judge of the Circuit Court,"5th District, Position 12",,Under Votes,1123
Clackamas,Precinct 360,Judge of the Circuit Court,"5th District, Position 12",,Under Votes,452
Clackamas,Precinct 361,Judge of the Circuit Court,"5th District, Position 12",,Under Votes,3
Clackamas,Precinct 362,Judge of the Circuit Court,"5th District, Position 12",,Under Votes,329
Clackamas,Precinct 363,Judge of the Circuit Court,"5th District, Position 12",,Under Votes,892
Clackamas,Precinct 364,Judge of the Circuit Court,"5th District, Position 12",,Under Votes,103
Clackamas,Precinct 371,Judge of the Circuit Court,"5th District, Position 12",,Under Votes,103
Clackamas,Precinct 372,Judge of the Circuit Court,"5th District, Position 12",,Under Votes,12
Clackamas,Precinct 373,Judge of the Circuit Court,"5th District, Position 12",,Under Votes,1381
Clackamas,Precinct 374,Judge of the Circuit Court,"5th District, Position 12",,Under Votes,0
Clackamas,Precinct 400,Judge of the Circuit Court,"5th District, Position 12",,Under Votes,1740
Clackamas,Precinct 403,Judge of the Circuit Court,"5th District, Position 12",,Under Votes,477
Clackamas,Precinct 404,Judge of the Circuit Court,"5th District, Position 12",,Under Votes,1609
Clackamas,Precinct 405,Judge of the Circuit Court,"5th District, Position 12",,Under Votes,874
Clackamas,Precinct 406,Judge of the Circuit Court,"5th District, Position 12",,Under Votes,383
Clackamas,Precinct 410,Judge of the Circuit Court,"5th District, Position 12",,Under Votes,824
Clackamas,Precinct 411,Judge of the Circuit Court,"5th District, Position 12",,Under Votes,1087
Clackamas,Precinct 412,Judge of the Circuit Court,"5th District, Position 12",,Under Votes,682
Clackamas,Precinct 413,Judge of the Circuit Court,"5th District, Position 12",,Under Votes,40
Clackamas,Precinct 414,Judge of the Circuit Court,"5th District, Position 12",,Under Votes,225
Clackamas,Precinct 415,Judge of the Circuit Court,"5th District, Position 12",,Under Votes,179
Clackamas,Precinct 416,Judge of the Circuit Court,"5th District, Position 12",,Under Votes,703
Clackamas,Precinct 417,Judge of the Circuit Court,"5th District, Position 12",,Under Votes,387
Clackamas,Precinct 418,Judge of the Circuit Court,"5th District, Position 12",,Under Votes,418
Clackamas,Precinct 419,Judge of the Circuit Court,"5th District, Position 12",,Under Votes,552
Clackamas,Precinct 420,Judge of the Circuit Court,"5th District, Position 12",,Under Votes,525
Clackamas,Precinct 421,Judge of the Circuit Court,"5th District, Position 12",,Under Votes,513
Clackamas,Precinct 422,Judge of the Circuit Court,"5th District, Position 12",,Under Votes,974
Clackamas,Precinct 500,Judge of the Circuit Court,"5th District, Position 12",,Under Votes,359
Clackamas,Precinct 501,Judge of the Circuit Court,"5th District, Position 12",,Under Votes,1145
Clackamas,Precinct 502,Judge of the Circuit Court,"5th District, Position 12",,Under Votes,1282
Clackamas,Precinct 503,Judge of the Circuit Court,"5th District, Position 12",,Under Votes,1169
Clackamas,Precinct 504,Judge of the Circuit Court,"5th District, Position 12",,Under Votes,1386
Clackamas,Precinct 506,Judge of the Circuit Court,"5th District, Position 12",,Under Votes,848
Clackamas,Precinct 510,Judge of the Circuit Court,"5th District, Position 12",,Under Votes,365
Clackamas,Precinct 511,Judge of the Circuit Court,"5th District, Position 12",,Under Votes,875
Clackamas,Precinct 512,Judge of the Circuit Court,"5th District, Position 12",,Under Votes,698
Clackamas,Precinct 513,Judge of the Circuit Court,"5th District, Position 12",,Under Votes,48
Clackamas,Precinct 514,Judge of the Circuit Court,"5th District, Position 12",,Under Votes,2155
Clackamas,Precinct 515,Judge of the Circuit Court,"5th District, Position 12",,Under Votes,655
Clackamas,Precinct 516,Judge of the Circuit Court,"5th District, Position 12",,Under Votes,896
Clackamas,Precinct 517,Judge of the Circuit Court,"5th District, Position 12",,Under Votes,826
Clackamas,Precinct 518,Judge of the Circuit Court,"5th District, Position 12",,Under Votes,888
Clackamas,Precinct 600,Judge of the Circuit Court,"5th District, Position 12",,Under Votes,1330
Clackamas,Precinct 602,Judge of the Circuit Court,"5th District, Position 12",,Under Votes,1329
Clackamas,Precinct 604,Judge of the Circuit Court,"5th District, Position 12",,Under Votes,2166
Clackamas,Precinct 606,Judge of the Circuit Court,"5th District, Position 12",,Under Votes,564
Clackamas,Precinct 608,Judge of the Circuit Court,"5th District, Position 12",,Under Votes,803
Clackamas,Precinct 614,Judge of the Circuit Court,"5th District, Position 12",,Under Votes,656
Clackamas,Precinct 616,Judge of the Circuit Court,"5th District, Position 12",,Under Votes,1141
Clackamas,Precinct 618,Judge of the Circuit Court,"5th District, Position 12",,Under Votes,165
Clackamas,Precinct 620,Judge of the Circuit Court,"5th District, Position 12",,Under Votes,61
Clackamas,Precinct 622,Judge of the Circuit Court,"5th District, Position 12",,Under Votes,631
Clackamas,Precinct 626,Judge of the Circuit Court,"5th District, Position 12",,Under Votes,1190
Clackamas,Precinct 628,Judge of the Circuit Court,"5th District, Position 12",,Under Votes,282
Clackamas,Precinct 630,Judge of the Circuit Court,"5th District, Position 12",,Under Votes,1660
Clackamas,Precinct 100,Judge of the Circuit Court,"5th District, Position 12",,Write-ins,0
Clackamas,Precinct 101,Judge of the Circuit Court,"5th District, Position 12",,Write-ins,11
Clackamas,Precinct 102,Judge of the Circuit Court,"5th District, Position 12",,Write-ins,3
Clackamas,Precinct 103,Judge of the Circuit Court,"5th District, Position 12",,Write-ins,4
Clackamas,Precinct 104,Judge of the Circuit Court,"5th District, Position 12",,Write-ins,0
Clackamas,Precinct 105,Judge of the Circuit Court,"5th District, Position 12",,Write-ins,9
Clackamas,Precinct 106,Judge of the Circuit Court,"5th District, Position 12",,Write-ins,14
Clackamas,Precinct 107,Judge of the Circuit Court,"5th District, Position 12",,Write-ins,7
Clackamas,Precinct 108,Judge of the Circuit Court,"5th District, Position 12",,Write-ins,25
Clackamas,Precinct 109,Judge of the Circuit Court,"5th District, Position 12",,Write-ins,0
Clackamas,Precinct 111,Judge of the Circuit Court,"5th District, Position 12",,Write-ins,25
Clackamas,Precinct 112,Judge of the Circuit Court,"5th District, Position 12",,Write-ins,0
Clackamas,Precinct 113,Judge of the Circuit Court,"5th District, Position 12",,Write-ins,0
Clackamas,Precinct 114,Judge of the Circuit Court,"5th District, Position 12",,Write-ins,0
Clackamas,Precinct 115,Judge of the Circuit Court,"5th District, Position 12",,Write-ins,2
Clackamas,Precinct 116,Judge of the Circuit Court,"5th District, Position 12",,Write-ins,0
Clackamas,Precinct 122,Judge of the Circuit Court,"5th District, Position 12",,Write-ins,23
Clackamas,Precinct 123,Judge of the Circuit Court,"5th District, Position 12",,Write-ins,5
Clackamas,Precinct 124,Judge of the Circuit Court,"5th District, Position 12",,Write-ins,26
Clackamas,Precinct 125,Judge of the Circuit Court,"5th District, Position 12",,Write-ins,8
Clackamas,Precinct 127,Judge of the Circuit Court,"5th District, Position 12",,Write-ins,1
Clackamas,Precinct 131,Judge of the Circuit Court,"5th District, Position 12",,Write-ins,23
Clackamas,Precinct 132,Judge of the Circuit Court,"5th District, Position 12",,Write-ins,17
Clackamas,Precinct 133,Judge of the Circuit Court,"5th District, Position 12",,Write-ins,1
Clackamas,Precinct 134,Judge of the Circuit Court,"5th District, Position 12",,Write-ins,0
Clackamas,Precinct 135,Judge of the Circuit Court,"5th District, Position 12",,Write-ins,13
Clackamas,Precinct 151,Judge of the Circuit Court,"5th District, Position 12",,Write-ins,4
Clackamas,Precinct 152,Judge of the Circuit Court,"5th District, Position 12",,Write-ins,17
Clackamas,Precinct 153,Judge of the Circuit Court,"5th District, Position 12",,Write-ins,1
Clackamas,Precinct 154,Judge of the Circuit Court,"5th District, Position 12",,Write-ins,0
Clackamas,Precinct 155,Judge of the Circuit Court,"5th District, Position 12",,Write-ins,8
Clackamas,Precinct 156,Judge of the Circuit Court,"5th District, Position 12",,Write-ins,5
Clackamas,Precinct 157,Judge of the Circuit Court,"5th District, Position 12",,Write-ins,0
Clackamas,Precinct 158,Judge of the Circuit Court,"5th District, Position 12",,Write-ins,6
Clackamas,Precinct 159,Judge of the Circuit Court,"5th District, Position 12",,Write-ins,7
Clackamas,Precinct 160,Judge of the Circuit Court,"5th District, Position 12",,Write-ins,1
Clackamas,Precinct 161,Judge of the Circuit Court,"5th District, Position 12",,Write-ins,1
Clackamas,Precinct 162,Judge of the Circuit Court,"5th District, Position 12",,Write-ins,0
Clackamas,Precinct 201,Judge of the Circuit Court,"5th District, Position 12",,Write-ins,9
Clackamas,Precinct 202,Judge of the Circuit Court,"5th District, Position 12",,Write-ins,13
Clackamas,Precinct 203,Judge of the Circuit Court,"5th District, Position 12",,Write-ins,3
Clackamas,Precinct 204,Judge of the Circuit Court,"5th District, Position 12",,Write-ins,6
Clackamas,Precinct 251,Judge of the Circuit Court,"5th District, Position 12",,Write-ins,1
Clackamas,Precinct 279,Judge of the Circuit Court,"5th District, Position 12",,Write-ins,0
Clackamas,Precinct 280,Judge of the Circuit Court,"5th District, Position 12",,Write-ins,2
Clackamas,Precinct 281,Judge of the Circuit Court,"5th District, Position 12",,Write-ins,6
Clackamas,Precinct 282,Judge of the Circuit Court,"5th District, Position 12",,Write-ins,1
Clackamas,Precinct 283,Judge of the Circuit Court,"5th District, Position 12",,Write-ins,0
Clackamas,Precinct 284,Judge of the Circuit Court,"5th District, Position 12",,Write-ins,1
Clackamas,Precinct 285,Judge of the Circuit Court,"5th District, Position 12",,Write-ins,0
Clackamas,Precinct 286,Judge of the Circuit Court,"5th District, Position 12",,Write-ins,0
Clackamas,Precinct 320,Judge of the Circuit Court,"5th District, Position 12",,Write-ins,2
Clackamas,Precinct 321,Judge of the Circuit Court,"5th District, Position 12",,Write-ins,5
Clackamas,Precinct 322,Judge of the Circuit Court,"5th District, Position 12",,Write-ins,4
Clackamas,Precinct 323,Judge of the Circuit Court,"5th District, Position 12",,Write-ins,14
Clackamas,Precinct 324,Judge of the Circuit Court,"5th District, Position 12",,Write-ins,0
Clackamas,Precinct 330,Judge of the Circuit Court,"5th District, Position 12",,Write-ins,22
Clackamas,Precinct 331,Judge of the Circuit Court,"5th District, Position 12",,Write-ins,3
Clackamas,Precinct 332,Judge of the Circuit Court,"5th District, Position 12",,Write-ins,1
Clackamas,Precinct 350,Judge of the Circuit Court,"5th District, Position 12",,Write-ins,17
Clackamas,Precinct 355,Judge of the Circuit Court,"5th District, Position 12",,Write-ins,0
Clackamas,Precinct 357,Judge of the Circuit Court,"5th District, Position 12",,Write-ins,3
Clackamas,Precinct 358,Judge of the Circuit Court,"5th District, Position 12",,Write-ins,2
Clackamas,Precinct 359,Judge of the Circuit Court,"5th District, Position 12",,Write-ins,11
Clackamas,Precinct 360,Judge of the Circuit Court,"5th District, Position 12",,Write-ins,6
Clackamas,Precinct 361,Judge of the Circuit Court,"5th District, Position 12",,Write-ins,0
Clackamas,Precinct 362,Judge of the Circuit Court,"5th District, Position 12",,Write-ins,3
Clackamas,Precinct 363,Judge of the Circuit Court,"5th District, Position 12",,Write-ins,13
Clackamas,Precinct 364,Judge of the Circuit Court,"5th District, Position 12",,Write-ins,1
Clackamas,Precinct 371,Judge of the Circuit Court,"5th District, Position 12",,Write-ins,1
Clackamas,Precinct 372,Judge of the Circuit Court,"5th District, Position 12",,Write-ins,0
Clackamas,Precinct 373,Judge of the Circuit Court,"5th District, Position 12",,Write-ins,17
Clackamas,Precinct 374,Judge of the Circuit Court,"5th District, Position 12",,Write-ins,0
Clackamas,Precinct 400,Judge of the Circuit Court,"5th District, Position 12",,Write-ins,21
Clackamas,Precinct 403,Judge of the Circuit Court,"5th District, Position 12",,Write-ins,7
Clackamas,Precinct 404,Judge of the Circuit Court,"5th District, Position 12",,Write-ins,19
Clackamas,Precinct 405,Judge of the Circuit Court,"5th District, Position 12",,Write-ins,15
Clackamas,Precinct 406,Judge of the Circuit Court,"5th District, Position 12",,Write-ins,13
Clackamas,Precinct 410,Judge of the Circuit Court,"5th District, Position 12",,Write-ins,16
Clackamas,Precinct 411,Judge of the Circuit Court,"5th District, Position 12",,Write-ins,10
Clackamas,Precinct 412,Judge of the Circuit Court,"5th District, Position 12",,Write-ins,13
Clackamas,Precinct 413,Judge of the Circuit Court,"5th District, Position 12",,Write-ins,0
Clackamas,Precinct 414,Judge of the Circuit Court,"5th District, Position 12",,Write-ins,1
Clackamas,Precinct 415,Judge of the Circuit Court,"5th District, Position 12",,Write-ins,0
Clackamas,Precinct 416,Judge of the Circuit Court,"5th District, Position 12",,Write-ins,10
Clackamas,Precinct 417,Judge of the Circuit Court,"5th District, Position 12",,Write-ins,5
Clackamas,Precinct 418,Judge of the Circuit Court,"5th District, Position 12",,Write-ins,6
Clackamas,Precinct 419,Judge of the Circuit Court,"5th District, Position 12",,Write-ins,8
Clackamas,Precinct 420,Judge of the Circuit Court,"5th District, Position 12",,Write-ins,6
Clackamas,Precinct 421,Judge of the Circuit Court,"5th District, Position 12",,Write-ins,6
Clackamas,Precinct 422,Judge of the Circuit Court,"5th District, Position 12",,Write-ins,17
Clackamas,Precinct 500,Judge of the Circuit Court,"5th District, Position 12",,Write-ins,2
Clackamas,Precinct 501,Judge of the Circuit Court,"5th District, Position 12",,Write-ins,11
Clackamas,Precinct 502,Judge of the Circuit Court,"5th District, Position 12",,Write-ins,15
Clackamas,Precinct 503,Judge of the Circuit Court,"5th District, Position 12",,Write-ins,13
Clackamas,Precinct 504,Judge of the Circuit Court,"5th District, Position 12",,Write-ins,14
Clackamas,Precinct 506,Judge of the Circuit Court,"5th District, Position 12",,Write-ins,8
Clackamas,Precinct 510,Judge of the Circuit Court,"5th District, Position 12",,Write-ins,8
Clackamas,Precinct 511,Judge of the Circuit Court,"5th District, Position 12",,Write-ins,12
Clackamas,Precinct 512,Judge of the Circuit Court,"5th District, Position 12",,Write-ins,5
Clackamas,Precinct 513,Judge of the Circuit Court,"5th District, Position 12",,Write-ins,2
Clackamas,Precinct 514,Judge of the Circuit Court,"5th District, Position 12",,Write-ins,24
Clackamas,Precinct 515,Judge of the Circuit Court,"5th District, Position 12",,Write-ins,17
Clackamas,Precinct 516,Judge of the Circuit Court,"5th District, Position 12",,Write-ins,11
Clackamas,Precinct 517,Judge of the Circuit Court,"5th District, Position 12",,Write-ins,8
Clackamas,Precinct 518,Judge of the Circuit Court,"5th District, Position 12",,Write-ins,19
Clackamas,Precinct 600,Judge of the Circuit Court,"5th District, Position 12",,Write-ins,17
Clackamas,Precinct 602,Judge of the Circuit Court,"5th District, Position 12",,Write-ins,4
Clackamas,Precinct 604,Judge of the Circuit Court,"5th District, Position 12",,Write-ins,40
Clackamas,Precinct 606,Judge of the Circuit Court,"5th District, Position 12",,Write-ins,6
Clackamas,Precinct 608,Judge of the Circuit Court,"5th District, Position 12",,Write-ins,5
Clackamas,Precinct 614,Judge of the Circuit Court,"5th District, Position 12",,Write-ins,6
Clackamas,Precinct 616,Judge of the Circuit Court,"5th District, Position 12",,Write-ins,9
Clackamas,Precinct 618,Judge of the Circuit Court,"5th District, Position 12",,Write-ins,0
Clackamas,Precinct 620,Judge of the Circuit Court,"5th District, Position 12",,Write-ins,2
Clackamas,Precinct 622,Judge of the Circuit Court,"5th District, Position 12",,Write-ins,8
Clackamas,Precinct 626,Judge of the Circuit Court,"5th District, Position 12",,Write-ins,8
Clackamas,Precinct 628,Judge of the Circuit Court,"5th District, Position 12",,Write-ins,2
Clackamas,Precinct 630,Judge of the Circuit Court,"5th District, Position 12",,Write-ins,22
Clackamas,Precinct 100,Judge of the Circuit Court,"5th District, Position 13",,Michelle S. Bartov,14
Clackamas,Precinct 101,Judge of the Circuit Court,"5th District, Position 13",,Michelle S. Bartov,974
Clackamas,Precinct 102,Judge of the Circuit Court,"5th District, Position 13",,Michelle S. Bartov,193
Clackamas,Precinct 103,Judge of the Circuit Court,"5th District, Position 13",,Michelle S. Bartov,519
Clackamas,Precinct 104,Judge of the Circuit Court,"5th District, Position 13",,Michelle S. Bartov,2
Clackamas,Precinct 105,Judge of the Circuit Court,"5th District, Position 13",,Michelle S. Bartov,742
Clackamas,Precinct 106,Judge of the Circuit Court,"5th District, Position 13",,Michelle S. Bartov,452
Clackamas,Precinct 107,Judge of the Circuit Court,"5th District, Position 13",,Michelle S. Bartov,308
Clackamas,Precinct 108,Judge of the Circuit Court,"5th District, Position 13",,Michelle S. Bartov,655
Clackamas,Precinct 109,Judge of the Circuit Court,"5th District, Position 13",,Michelle S. Bartov,0
Clackamas,Precinct 111,Judge of the Circuit Court,"5th District, Position 13",,Michelle S. Bartov,625
Clackamas,Precinct 112,Judge of the Circuit Court,"5th District, Position 13",,Michelle S. Bartov,0
Clackamas,Precinct 113,Judge of the Circuit Court,"5th District, Position 13",,Michelle S. Bartov,15
Clackamas,Precinct 114,Judge of the Circuit Court,"5th District, Position 13",,Michelle S. Bartov,37
Clackamas,Precinct 115,Judge of the Circuit Court,"5th District, Position 13",,Michelle S. Bartov,65
Clackamas,Precinct 116,Judge of the Circuit Court,"5th District, Position 13",,Michelle S. Bartov,0
Clackamas,Precinct 122,Judge of the Circuit Court,"5th District, Position 13",,Michelle S. Bartov,754
Clackamas,Precinct 123,Judge of the Circuit Court,"5th District, Position 13",,Michelle S. Bartov,386
Clackamas,Precinct 124,Judge of the Circuit Court,"5th District, Position 13",,Michelle S. Bartov,801
Clackamas,Precinct 125,Judge of the Circuit Court,"5th District, Position 13",,Michelle S. Bartov,290
Clackamas,Precinct 127,Judge of the Circuit Court,"5th District, Position 13",,Michelle S. Bartov,20
Clackamas,Precinct 131,Judge of the Circuit Court,"5th District, Position 13",,Michelle S. Bartov,1308
Clackamas,Precinct 132,Judge of the Circuit Court,"5th District, Position 13",,Michelle S. Bartov,1047
Clackamas,Precinct 133,Judge of the Circuit Court,"5th District, Position 13",,Michelle S. Bartov,479
Clackamas,Precinct 134,Judge of the Circuit Court,"5th District, Position 13",,Michelle S. Bartov,1
Clackamas,Precinct 135,Judge of the Circuit Court,"5th District, Position 13",,Michelle S. Bartov,1269
Clackamas,Precinct 151,Judge of the Circuit Court,"5th District, Position 13",,Michelle S. Bartov,627
Clackamas,Precinct 152,Judge of the Circuit Court,"5th District, Position 13",,Michelle S. Bartov,1340
Clackamas,Precinct 153,Judge of the Circuit Court,"5th District, Position 13",,Michelle S. Bartov,91
Clackamas,Precinct 154,Judge of the Circuit Court,"5th District, Position 13",,Michelle S. Bartov,15
Clackamas,Precinct 155,Judge of the Circuit Court,"5th District, Position 13",,Michelle S. Bartov,591
Clackamas,Precinct 156,Judge of the Circuit Court,"5th District, Position 13",,Michelle S. Bartov,1175
Clackamas,Precinct 157,Judge of the Circuit Court,"5th District, Position 13",,Michelle S. Bartov,19
Clackamas,Precinct 158,Judge of the Circuit Court,"5th District, Position 13",,Michelle S. Bartov,984
Clackamas,Precinct 159,Judge of the Circuit Court,"5th District, Position 13",,Michelle S. Bartov,587
Clackamas,Precinct 160,Judge of the Circuit Court,"5th District, Position 13",,Michelle S. Bartov,391
Clackamas,Precinct 161,Judge of the Circuit Court,"5th District, Position 13",,Michelle S. Bartov,136
Clackamas,Precinct 162,Judge of the Circuit Court,"5th District, Position 13",,Michelle S. Bartov,153
Clackamas,Precinct 201,Judge of the Circuit Court,"5th District, Position 13",,Michelle S. Bartov,953
Clackamas,Precinct 202,Judge of the Circuit Court,"5th District, Position 13",,Michelle S. Bartov,985
Clackamas,Precinct 203,Judge of the Circuit Court,"5th District, Position 13",,Michelle S. Bartov,562
Clackamas,Precinct 204,Judge of the Circuit Court,"5th District, Position 13",,Michelle S. Bartov,478
Clackamas,Precinct 251,Judge of the Circuit Court,"5th District, Position 13",,Michelle S. Bartov,393
Clackamas,Precinct 279,Judge of the Circuit Court,"5th District, Position 13",,Michelle S. Bartov,27
Clackamas,Precinct 280,Judge of the Circuit Court,"5th District, Position 13",,Michelle S. Bartov,92
Clackamas,Precinct 281,Judge of the Circuit Court,"5th District, Position 13",,Michelle S. Bartov,263
Clackamas,Precinct 282,Judge of the Circuit Court,"5th District, Position 13",,Michelle S. Bartov,88
Clackamas,Precinct 283,Judge of the Circuit Court,"5th District, Position 13",,Michelle S. Bartov,91
Clackamas,Precinct 284,Judge of the Circuit Court,"5th District, Position 13",,Michelle S. Bartov,80
Clackamas,Precinct 285,Judge of the Circuit Court,"5th District, Position 13",,Michelle S. Bartov,6
Clackamas,Precinct 286,Judge of the Circuit Court,"5th District, Position 13",,Michelle S. Bartov,34
Clackamas,Precinct 320,Judge of the Circuit Court,"5th District, Position 13",,Michelle S. Bartov,27
Clackamas,Precinct 321,Judge of the Circuit Court,"5th District, Position 13",,Michelle S. Bartov,503
Clackamas,Precinct 322,Judge of the Circuit Court,"5th District, Position 13",,Michelle S. Bartov,194
Clackamas,Precinct 323,Judge of the Circuit Court,"5th District, Position 13",,Michelle S. Bartov,270
Clackamas,Precinct 324,Judge of the Circuit Court,"5th District, Position 13",,Michelle S. Bartov,14
Clackamas,Precinct 330,Judge of the Circuit Court,"5th District, Position 13",,Michelle S. Bartov,507
Clackamas,Precinct 331,Judge of the Circuit Court,"5th District, Position 13",,Michelle S. Bartov,278
Clackamas,Precinct 332,Judge of the Circuit Court,"5th District, Position 13",,Michelle S. Bartov,96
Clackamas,Precinct 350,Judge of the Circuit Court,"5th District, Position 13",,Michelle S. Bartov,387
Clackamas,Precinct 355,Judge of the Circuit Court,"5th District, Position 13",,Michelle S. Bartov,0
Clackamas,Precinct 357,Judge of the Circuit Court,"5th District, Position 13",,Michelle S. Bartov,21
Clackamas,Precinct 358,Judge of the Circuit Court,"5th District, Position 13",,Michelle S. Bartov,44
Clackamas,Precinct 359,Judge of the Circuit Court,"5th District, Position 13",,Michelle S. Bartov,446
Clackamas,Precinct 360,Judge of the Circuit Court,"5th District, Position 13",,Michelle S. Bartov,177
Clackamas,Precinct 361,Judge of the Circuit Court,"5th District, Position 13",,Michelle S. Bartov,1
Clackamas,Precinct 362,Judge of the Circuit Court,"5th District, Position 13",,Michelle S. Bartov,103
Clackamas,Precinct 363,Judge of the Circuit Court,"5th District, Position 13",,Michelle S. Bartov,324
Clackamas,Precinct 364,Judge of the Circuit Court,"5th District, Position 13",,Michelle S. Bartov,34
Clackamas,Precinct 371,Judge of the Circuit Court,"5th District, Position 13",,Michelle S. Bartov,55
Clackamas,Precinct 372,Judge of the Circuit Court,"5th District, Position 13",,Michelle S. Bartov,10
Clackamas,Precinct 373,Judge of the Circuit Court,"5th District, Position 13",,Michelle S. Bartov,767
Clackamas,Precinct 374,Judge of the Circuit Court,"5th District, Position 13",,Michelle S. Bartov,0
Clackamas,Precinct 400,Judge of the Circuit Court,"5th District, Position 13",,Michelle S. Bartov,661
Clackamas,Precinct 403,Judge of the Circuit Court,"5th District, Position 13",,Michelle S. Bartov,227
Clackamas,Precinct 404,Judge of the Circuit Court,"5th District, Position 13",,Michelle S. Bartov,535
Clackamas,Precinct 405,Judge of the Circuit Court,"5th District, Position 13",,Michelle S. Bartov,318
Clackamas,Precinct 406,Judge of the Circuit Court,"5th District, Position 13",,Michelle S. Bartov,136
Clackamas,Precinct 410,Judge of the Circuit Court,"5th District, Position 13",,Michelle S. Bartov,596
Clackamas,Precinct 411,Judge of the Circuit Court,"5th District, Position 13",,Michelle S. Bartov,787
Clackamas,Precinct 412,Judge of the Circuit Court,"5th District, Position 13",,Michelle S. Bartov,360
Clackamas,Precinct 413,Judge of the Circuit Court,"5th District, Position 13",,Michelle S. Bartov,38
Clackamas,Precinct 414,Judge of the Circuit Court,"5th District, Position 13",,Michelle S. Bartov,140
Clackamas,Precinct 415,Judge of the Circuit Court,"5th District, Position 13",,Michelle S. Bartov,83
Clackamas,Precinct 416,Judge of the Circuit Court,"5th District, Position 13",,Michelle S. Bartov,487
Clackamas,Precinct 417,Judge of the Circuit Court,"5th District, Position 13",,Michelle S. Bartov,210
Clackamas,Precinct 418,Judge of the Circuit Court,"5th District, Position 13",,Michelle S. Bartov,182
Clackamas,Precinct 419,Judge of the Circuit Court,"5th District, Position 13",,Michelle S. Bartov,415
Clackamas,Precinct 420,Judge of the Circuit Court,"5th District, Position 13",,Michelle S. Bartov,401
Clackamas,Precinct 421,Judge of the Circuit Court,"5th District, Position 13",,Michelle S. Bartov,436
Clackamas,Precinct 422,Judge of the Circuit Court,"5th District, Position 13",,Michelle S. Bartov,779
Clackamas,Precinct 500,Judge of the Circuit Court,"5th District, Position 13",,Michelle S. Bartov,299
Clackamas,Precinct 501,Judge of the Circuit Court,"5th District, Position 13",,Michelle S. Bartov,1233
Clackamas,Precinct 502,Judge of the Circuit Court,"5th District, Position 13",,Michelle S. Bartov,982
Clackamas,Precinct 503,Judge of the Circuit Court,"5th District, Position 13",,Michelle S. Bartov,862
Clackamas,Precinct 504,Judge of the Circuit Court,"5th District, Position 13",,Michelle S. Bartov,1018
Clackamas,Precinct 506,Judge of the Circuit Court,"5th District, Position 13",,Michelle S. Bartov,560
Clackamas,Precinct 510,Judge of the Circuit Court,"5th District, Position 13",,Michelle S. Bartov,187
Clackamas,Precinct 511,Judge of the Circuit Court,"5th District, Position 13",,Michelle S. Bartov,361
Clackamas,Precinct 512,Judge of the Circuit Court,"5th District, Position 13",,Michelle S. Bartov,360
Clackamas,Precinct 513,Judge of the Circuit Court,"5th District, Position 13",,Michelle S. Bartov,22
Clackamas,Precinct 514,Judge of the Circuit Court,"5th District, Position 13",,Michelle S. Bartov,892
Clackamas,Precinct 515,Judge of the Circuit Court,"5th District, Position 13",,Michelle S. Bartov,225
Clackamas,Precinct 516,Judge of the Circuit Court,"5th District, Position 13",,Michelle S. Bartov,388
Clackamas,Precinct 517,Judge of the Circuit Court,"5th District, Position 13",,Michelle S. Bartov,297
Clackamas,Precinct 518,Judge of the Circuit Court,"5th District, Position 13",,Michelle S. Bartov,368
Clackamas,Precinct 600,Judge of the Circuit Court,"5th District, Position 13",,Michelle S. Bartov,1020
Clackamas,Precinct 602,Judge of the Circuit Court,"5th District, Position 13",,Michelle S. Bartov,833
Clackamas,Precinct 604,Judge of the Circuit Court,"5th District, Position 13",,Michelle S. Bartov,1340
Clackamas,Precinct 606,Judge of the Circuit Court,"5th District, Position 13",,Michelle S. Bartov,428
Clackamas,Precinct 608,Judge of the Circuit Court,"5th District, Position 13",,Michelle S. Bartov,498
Clackamas,Precinct 614,Judge of the Circuit Court,"5th District, Position 13",,Michelle S. Bartov,421
Clackamas,Precinct 616,Judge of the Circuit Court,"5th District, Position 13",,Michelle S. Bartov,696
Clackamas,Precinct 618,Judge of the Circuit Court,"5th District, Position 13",,Michelle S. Bartov,112
Clackamas,Precinct 620,Judge of the Circuit Court,"5th District, Position 13",,Michelle S. Bartov,70
Clackamas,Precinct 622,Judge of the Circuit Court,"5th District, Position 13",,Michelle S. Bartov,611
Clackamas,Precinct 626,Judge of the Circuit Court,"5th District, Position 13",,Michelle S. Bartov,1114
Clackamas,Precinct 628,Judge of the Circuit Court,"5th District, Position 13",,Michelle S. Bartov,204
Clackamas,Precinct 630,Judge of the Circuit Court,"5th District, Position 13",,Michelle S. Bartov,1415
Clackamas,Precinct 100,Judge of the Circuit Court,"5th District, Position 13",,Over Votes,0
Clackamas,Precinct 101,Judge of the Circuit Court,"5th District, Position 13",,Over Votes,0
Clackamas,Precinct 102,Judge of the Circuit Court,"5th District, Position 13",,Over Votes,0
Clackamas,Precinct 103,Judge of the Circuit Court,"5th District, Position 13",,Over Votes,0
Clackamas,Precinct 104,Judge of the Circuit Court,"5th District, Position 13",,Over Votes,0
Clackamas,Precinct 105,Judge of the Circuit Court,"5th District, Position 13",,Over Votes,0
Clackamas,Precinct 106,Judge of the Circuit Court,"5th District, Position 13",,Over Votes,0
Clackamas,Precinct 107,Judge of the Circuit Court,"5th District, Position 13",,Over Votes,0
Clackamas,Precinct 108,Judge of the Circuit Court,"5th District, Position 13",,Over Votes,0
Clackamas,Precinct 109,Judge of the Circuit Court,"5th District, Position 13",,Over Votes,0
Clackamas,Precinct 111,Judge of the Circuit Court,"5th District, Position 13",,Over Votes,0
Clackamas,Precinct 112,Judge of the Circuit Court,"5th District, Position 13",,Over Votes,0
Clackamas,Precinct 113,Judge of the Circuit Court,"5th District, Position 13",,Over Votes,0
Clackamas,Precinct 114,Judge of the Circuit Court,"5th District, Position 13",,Over Votes,0
Clackamas,Precinct 115,Judge of the Circuit Court,"5th District, Position 13",,Over Votes,0
Clackamas,Precinct 116,Judge of the Circuit Court,"5th District, Position 13",,Over Votes,0
Clackamas,Precinct 122,Judge of the Circuit Court,"5th District, Position 13",,Over Votes,0
Clackamas,Precinct 123,Judge of the Circuit Court,"5th District, Position 13",,Over Votes,1
Clackamas,Precinct 124,Judge of the Circuit Court,"5th District, Position 13",,Over Votes,1
Clackamas,Precinct 125,Judge of the Circuit Court,"5th District, Position 13",,Over Votes,0
Clackamas,Precinct 127,Judge of the Circuit Court,"5th District, Position 13",,Over Votes,0
Clackamas,Precinct 131,Judge of the Circuit Court,"5th District, Position 13",,Over Votes,1
Clackamas,Precinct 132,Judge of the Circuit Court,"5th District, Position 13",,Over Votes,0
Clackamas,Precinct 133,Judge of the Circuit Court,"5th District, Position 13",,Over Votes,0
Clackamas,Precinct 134,Judge of the Circuit Court,"5th District, Position 13",,Over Votes,0
Clackamas,Precinct 135,Judge of the Circuit Court,"5th District, Position 13",,Over Votes,1
Clackamas,Precinct 151,Judge of the Circuit Court,"5th District, Position 13",,Over Votes,0
Clackamas,Precinct 152,Judge of the Circuit Court,"5th District, Position 13",,Over Votes,1
Clackamas,Precinct 153,Judge of the Circuit Court,"5th District, Position 13",,Over Votes,1
Clackamas,Precinct 154,Judge of the Circuit Court,"5th District, Position 13",,Over Votes,0
Clackamas,Precinct 155,Judge of the Circuit Court,"5th District, Position 13",,Over Votes,1
Clackamas,Precinct 156,Judge of the Circuit Court,"5th District, Position 13",,Over Votes,1
Clackamas,Precinct 157,Judge of the Circuit Court,"5th District, Position 13",,Over Votes,0
Clackamas,Precinct 158,Judge of the Circuit Court,"5th District, Position 13",,Over Votes,0
Clackamas,Precinct 159,Judge of the Circuit Court,"5th District, Position 13",,Over Votes,0
Clackamas,Precinct 160,Judge of the Circuit Court,"5th District, Position 13",,Over Votes,0
Clackamas,Precinct 161,Judge of the Circuit Court,"5th District, Position 13",,Over Votes,0
Clackamas,Precinct 162,Judge of the Circuit Court,"5th District, Position 13",,Over Votes,0
Clackamas,Precinct 201,Judge of the Circuit Court,"5th District, Position 13",,Over Votes,0
Clackamas,Precinct 202,Judge of the Circuit Court,"5th District, Position 13",,Over Votes,0
Clackamas,Precinct 203,Judge of the Circuit Court,"5th District, Position 13",,Over Votes,0
Clackamas,Precinct 204,Judge of the Circuit Court,"5th District, Position 13",,Over Votes,1
Clackamas,Precinct 251,Judge of the Circuit Court,"5th District, Position 13",,Over Votes,0
Clackamas,Precinct 279,Judge of the Circuit Court,"5th District, Position 13",,Over Votes,0
Clackamas,Precinct 280,Judge of the Circuit Court,"5th District, Position 13",,Over Votes,0
Clackamas,Precinct 281,Judge of the Circuit Court,"5th District, Position 13",,Over Votes,0
Clackamas,Precinct 282,Judge of the Circuit Court,"5th District, Position 13",,Over Votes,0
Clackamas,Precinct 283,Judge of the Circuit Court,"5th District, Position 13",,Over Votes,0
Clackamas,Precinct 284,Judge of the Circuit Court,"5th District, Position 13",,Over Votes,0
Clackamas,Precinct 285,Judge of the Circuit Court,"5th District, Position 13",,Over Votes,0
Clackamas,Precinct 286,Judge of the Circuit Court,"5th District, Position 13",,Over Votes,0
Clackamas,Precinct 320,Judge of the Circuit Court,"5th District, Position 13",,Over Votes,0
Clackamas,Precinct 321,Judge of the Circuit Court,"5th District, Position 13",,Over Votes,0
Clackamas,Precinct 322,Judge of the Circuit Court,"5th District, Position 13",,Over Votes,0
Clackamas,Precinct 323,Judge of the Circuit Court,"5th District, Position 13",,Over Votes,0
Clackamas,Precinct 324,Judge of the Circuit Court,"5th District, Position 13",,Over Votes,0
Clackamas,Precinct 330,Judge of the Circuit Court,"5th District, Position 13",,Over Votes,0
Clackamas,Precinct 331,Judge of the Circuit Court,"5th District, Position 13",,Over Votes,0
Clackamas,Precinct 332,Judge of the Circuit Court,"5th District, Position 13",,Over Votes,0
Clackamas,Precinct 350,Judge of the Circuit Court,"5th District, Position 13",,Over Votes,0
Clackamas,Precinct 355,Judge of the Circuit Court,"5th District, Position 13",,Over Votes,0
Clackamas,Precinct 357,Judge of the Circuit Court,"5th District, Position 13",,Over Votes,0
Clackamas,Precinct 358,Judge of the Circuit Court,"5th District, Position 13",,Over Votes,0
Clackamas,Precinct 359,Judge of the Circuit Court,"5th District, Position 13",,Over Votes,0
Clackamas,Precinct 360,Judge of the Circuit Court,"5th District, Position 13",,Over Votes,0
Clackamas,Precinct 361,Judge of the Circuit Court,"5th District, Position 13",,Over Votes,0
Clackamas,Precinct 362,Judge of the Circuit Court,"5th District, Position 13",,Over Votes,0
Clackamas,Precinct 363,Judge of the Circuit Court,"5th District, Position 13",,Over Votes,0
Clackamas,Precinct 364,Judge of the Circuit Court,"5th District, Position 13",,Over Votes,0
Clackamas,Precinct 371,Judge of the Circuit Court,"5th District, Position 13",,Over Votes,0
Clackamas,Precinct 372,Judge of the Circuit Court,"5th District, Position 13",,Over Votes,0
Clackamas,Precinct 373,Judge of the Circuit Court,"5th District, Position 13",,Over Votes,0
Clackamas,Precinct 374,Judge of the Circuit Court,"5th District, Position 13",,Over Votes,0
Clackamas,Precinct 400,Judge of the Circuit Court,"5th District, Position 13",,Over Votes,0
Clackamas,Precinct 403,Judge of the Circuit Court,"5th District, Position 13",,Over Votes,0
Clackamas,Precinct 404,Judge of the Circuit Court,"5th District, Position 13",,Over Votes,0
Clackamas,Precinct 405,Judge of the Circuit Court,"5th District, Position 13",,Over Votes,0
Clackamas,Precinct 406,Judge of the Circuit Court,"5th District, Position 13",,Over Votes,0
Clackamas,Precinct 410,Judge of the Circuit Court,"5th District, Position 13",,Over Votes,0
Clackamas,Precinct 411,Judge of the Circuit Court,"5th District, Position 13",,Over Votes,0
Clackamas,Precinct 412,Judge of the Circuit Court,"5th District, Position 13",,Over Votes,0
Clackamas,Precinct 413,Judge of the Circuit Court,"5th District, Position 13",,Over Votes,0
Clackamas,Precinct 414,Judge of the Circuit Court,"5th District, Position 13",,Over Votes,0
Clackamas,Precinct 415,Judge of the Circuit Court,"5th District, Position 13",,Over Votes,0
Clackamas,Precinct 416,Judge of the Circuit Court,"5th District, Position 13",,Over Votes,0
Clackamas,Precinct 417,Judge of the Circuit Court,"5th District, Position 13",,Over Votes,0
Clackamas,Precinct 418,Judge of the Circuit Court,"5th District, Position 13",,Over Votes,0
Clackamas,Precinct 419,Judge of the Circuit Court,"5th District, Position 13",,Over Votes,0
Clackamas,Precinct 420,Judge of the Circuit Court,"5th District, Position 13",,Over Votes,0
Clackamas,Precinct 421,Judge of the Circuit Court,"5th District, Position 13",,Over Votes,1
Clackamas,Precinct 422,Judge of the Circuit Court,"5th District, Position 13",,Over Votes,0
Clackamas,Precinct 500,Judge of the Circuit Court,"5th District, Position 13",,Over Votes,0
Clackamas,Precinct 501,Judge of the Circuit Court,"5th District, Position 13",,Over Votes,3
Clackamas,Precinct 502,Judge of the Circuit Court,"5th District, Position 13",,Over Votes,0
Clackamas,Precinct 503,Judge of the Circuit Court,"5th District, Position 13",,Over Votes,0
Clackamas,Precinct 504,Judge of the Circuit Court,"5th District, Position 13",,Over Votes,0
Clackamas,Precinct 506,Judge of the Circuit Court,"5th District, Position 13",,Over Votes,0
Clackamas,Precinct 510,Judge of the Circuit Court,"5th District, Position 13",,Over Votes,0
Clackamas,Precinct 511,Judge of the Circuit Court,"5th District, Position 13",,Over Votes,0
Clackamas,Precinct 512,Judge of the Circuit Court,"5th District, Position 13",,Over Votes,0
Clackamas,Precinct 513,Judge of the Circuit Court,"5th District, Position 13",,Over Votes,0
Clackamas,Precinct 514,Judge of the Circuit Court,"5th District, Position 13",,Over Votes,1
Clackamas,Precinct 515,Judge of the Circuit Court,"5th District, Position 13",,Over Votes,0
Clackamas,Precinct 516,Judge of the Circuit Court,"5th District, Position 13",,Over Votes,1
Clackamas,Precinct 517,Judge of the Circuit Court,"5th District, Position 13",,Over Votes,0
Clackamas,Precinct 518,Judge of the Circuit Court,"5th District, Position 13",,Over Votes,0
Clackamas,Precinct 600,Judge of the Circuit Court,"5th District, Position 13",,Over Votes,0
Clackamas,Precinct 602,Judge of the Circuit Court,"5th District, Position 13",,Over Votes,0
Clackamas,Precinct 604,Judge of the Circuit Court,"5th District, Position 13",,Over Votes,0
Clackamas,Precinct 606,Judge of the Circuit Court,"5th District, Position 13",,Over Votes,0
Clackamas,Precinct 608,Judge of the Circuit Court,"5th District, Position 13",,Over Votes,1
Clackamas,Precinct 614,Judge of the Circuit Court,"5th District, Position 13",,Over Votes,0
Clackamas,Precinct 616,Judge of the Circuit Court,"5th District, Position 13",,Over Votes,0
Clackamas,Precinct 618,Judge of the Circuit Court,"5th District, Position 13",,Over Votes,0
Clackamas,Precinct 620,Judge of the Circuit Court,"5th District, Position 13",,Over Votes,0
Clackamas,Precinct 622,Judge of the Circuit Court,"5th District, Position 13",,Over Votes,0
Clackamas,Precinct 626,Judge of the Circuit Court,"5th District, Position 13",,Over Votes,0
Clackamas,Precinct 628,Judge of the Circuit Court,"5th District, Position 13",,Over Votes,0
Clackamas,Precinct 630,Judge of the Circuit Court,"5th District, Position 13",,Over Votes,0
Clackamas,Precinct 100,Judge of the Circuit Court,"5th District, Position 13",,Paul Neese,14
Clackamas,Precinct 101,Judge of the Circuit Court,"5th District, Position 13",,Paul Neese,458
Clackamas,Precinct 102,Judge of the Circuit Court,"5th District, Position 13",,Paul Neese,114
Clackamas,Precinct 103,Judge of the Circuit Court,"5th District, Position 13",,Paul Neese,244
Clackamas,Precinct 104,Judge of the Circuit Court,"5th District, Position 13",,Paul Neese,0
Clackamas,Precinct 105,Judge of the Circuit Court,"5th District, Position 13",,Paul Neese,392
Clackamas,Precinct 106,Judge of the Circuit Court,"5th District, Position 13",,Paul Neese,357
Clackamas,Precinct 107,Judge of the Circuit Court,"5th District, Position 13",,Paul Neese,203
Clackamas,Precinct 108,Judge of the Circuit Court,"5th District, Position 13",,Paul Neese,405
Clackamas,Precinct 109,Judge of the Circuit Court,"5th District, Position 13",,Paul Neese,0
Clackamas,Precinct 111,Judge of the Circuit Court,"5th District, Position 13",,Paul Neese,517
Clackamas,Precinct 112,Judge of the Circuit Court,"5th District, Position 13",,Paul Neese,0
Clackamas,Precinct 113,Judge of the Circuit Court,"5th District, Position 13",,Paul Neese,7
Clackamas,Precinct 114,Judge of the Circuit Court,"5th District, Position 13",,Paul Neese,22
Clackamas,Precinct 115,Judge of the Circuit Court,"5th District, Position 13",,Paul Neese,13
Clackamas,Precinct 116,Judge of the Circuit Court,"5th District, Position 13",,Paul Neese,0
Clackamas,Precinct 122,Judge of the Circuit Court,"5th District, Position 13",,Paul Neese,441
Clackamas,Precinct 123,Judge of the Circuit Court,"5th District, Position 13",,Paul Neese,290
Clackamas,Precinct 124,Judge of the Circuit Court,"5th District, Position 13",,Paul Neese,523
Clackamas,Precinct 125,Judge of the Circuit Court,"5th District, Position 13",,Paul Neese,204
Clackamas,Precinct 127,Judge of the Circuit Court,"5th District, Position 13",,Paul Neese,11
Clackamas,Precinct 131,Judge of the Circuit Court,"5th District, Position 13",,Paul Neese,486
Clackamas,Precinct 132,Judge of the Circuit Court,"5th District, Position 13",,Paul Neese,379
Clackamas,Precinct 133,Judge of the Circuit Court,"5th District, Position 13",,Paul Neese,160
Clackamas,Precinct 134,Judge of the Circuit Court,"5th District, Position 13",,Paul Neese,0
Clackamas,Precinct 135,Judge of the Circuit Court,"5th District, Position 13",,Paul Neese,443
Clackamas,Precinct 151,Judge of the Circuit Court,"5th District, Position 13",,Paul Neese,190
Clackamas,Precinct 152,Judge of the Circuit Court,"5th District, Position 13",,Paul Neese,409
Clackamas,Precinct 153,Judge of the Circuit Court,"5th District, Position 13",,Paul Neese,33
Clackamas,Precinct 154,Judge of the Circuit Court,"5th District, Position 13",,Paul Neese,12
Clackamas,Precinct 155,Judge of the Circuit Court,"5th District, Position 13",,Paul Neese,173
Clackamas,Precinct 156,Judge of the Circuit Court,"5th District, Position 13",,Paul Neese,384
Clackamas,Precinct 157,Judge of the Circuit Court,"5th District, Position 13",,Paul Neese,8
Clackamas,Precinct 158,Judge of the Circuit Court,"5th District, Position 13",,Paul Neese,271
Clackamas,Precinct 159,Judge of the Circuit Court,"5th District, Position 13",,Paul Neese,213
Clackamas,Precinct 160,Judge of the Circuit Court,"5th District, Position 13",,Paul Neese,135
Clackamas,Precinct 161,Judge of the Circuit Court,"5th District, Position 13",,Paul Neese,32
Clackamas,Precinct 162,Judge of the Circuit Court,"5th District, Position 13",,Paul Neese,61
Clackamas,Precinct 201,Judge of the Circuit Court,"5th District, Position 13",,Paul Neese,398
Clackamas,Precinct 202,Judge of the Circuit Court,"5th District, Position 13",,Paul Neese,439
Clackamas,Precinct 203,Judge of the Circuit Court,"5th District, Position 13",,Paul Neese,336
Clackamas,Precinct 204,Judge of the Circuit Court,"5th District, Position 13",,Paul Neese,239
Clackamas,Precinct 251,Judge of the Circuit Court,"5th District, Position 13",,Paul Neese,221
Clackamas,Precinct 279,Judge of the Circuit Court,"5th District, Position 13",,Paul Neese,9
Clackamas,Precinct 280,Judge of the Circuit Court,"5th District, Position 13",,Paul Neese,29
Clackamas,Precinct 281,Judge of the Circuit Court,"5th District, Position 13",,Paul Neese,91
Clackamas,Precinct 282,Judge of the Circuit Court,"5th District, Position 13",,Paul Neese,25
Clackamas,Precinct 283,Judge of the Circuit Court,"5th District, Position 13",,Paul Neese,33
Clackamas,Precinct 284,Judge of the Circuit Court,"5th District, Position 13",,Paul Neese,38
Clackamas,Precinct 285,Judge of the Circuit Court,"5th District, Position 13",,Paul Neese,1
Clackamas,Precinct 286,Judge of the Circuit Court,"5th District, Position 13",,Paul Neese,14
Clackamas,Precinct 320,Judge of the Circuit Court,"5th District, Position 13",,Paul Neese,10
Clackamas,Precinct 321,Judge of the Circuit Court,"5th District, Position 13",,Paul Neese,293
Clackamas,Precinct 322,Judge of the Circuit Court,"5th District, Position 13",,Paul Neese,176
Clackamas,Precinct 323,Judge of the Circuit Court,"5th District, Position 13",,Paul Neese,149
Clackamas,Precinct 324,Judge of the Circuit Court,"5th District, Position 13",,Paul Neese,8
Clackamas,Precinct 330,Judge of the Circuit Court,"5th District, Position 13",,Paul Neese,454
Clackamas,Precinct 331,Judge of the Circuit Court,"5th District, Position 13",,Paul Neese,263
Clackamas,Precinct 332,Judge of the Circuit Court,"5th District, Position 13",,Paul Neese,89
Clackamas,Precinct 350,Judge of the Circuit Court,"5th District, Position 13",,Paul Neese,413
Clackamas,Precinct 355,Judge of the Circuit Court,"5th District, Position 13",,Paul Neese,0
Clackamas,Precinct 357,Judge of the Circuit Court,"5th District, Position 13",,Paul Neese,31
Clackamas,Precinct 358,Judge of the Circuit Court,"5th District, Position 13",,Paul Neese,39
Clackamas,Precinct 359,Judge of the Circuit Court,"5th District, Position 13",,Paul Neese,332
Clackamas,Precinct 360,Judge of the Circuit Court,"5th District, Position 13",,Paul Neese,133
Clackamas,Precinct 361,Judge of the Circuit Court,"5th District, Position 13",,Paul Neese,3
Clackamas,Precinct 362,Judge of the Circuit Court,"5th District, Position 13",,Paul Neese,90
Clackamas,Precinct 363,Judge of the Circuit Court,"5th District, Position 13",,Paul Neese,255
Clackamas,Precinct 364,Judge of the Circuit Court,"5th District, Position 13",,Paul Neese,42
Clackamas,Precinct 371,Judge of the Circuit Court,"5th District, Position 13",,Paul Neese,24
Clackamas,Precinct 372,Judge of the Circuit Court,"5th District, Position 13",,Paul Neese,3
Clackamas,Precinct 373,Judge of the Circuit Court,"5th District, Position 13",,Paul Neese,309
Clackamas,Precinct 374,Judge of the Circuit Court,"5th District, Position 13",,Paul Neese,0
Clackamas,Precinct 400,Judge of the Circuit Court,"5th District, Position 13",,Paul Neese,455
Clackamas,Precinct 403,Judge of the Circuit Court,"5th District, Position 13",,Paul Neese,177
Clackamas,Precinct 404,Judge of the Circuit Court,"5th District, Position 13",,Paul Neese,441
Clackamas,Precinct 405,Judge of the Circuit Court,"5th District, Position 13",,Paul Neese,253
Clackamas,Precinct 406,Judge of the Circuit Court,"5th District, Position 13",,Paul Neese,92
Clackamas,Precinct 410,Judge of the Circuit Court,"5th District, Position 13",,Paul Neese,263
Clackamas,Precinct 411,Judge of the Circuit Court,"5th District, Position 13",,Paul Neese,363
Clackamas,Precinct 412,Judge of the Circuit Court,"5th District, Position 13",,Paul Neese,196
Clackamas,Precinct 413,Judge of the Circuit Court,"5th District, Position 13",,Paul Neese,10
Clackamas,Precinct 414,Judge of the Circuit Court,"5th District, Position 13",,Paul Neese,84
Clackamas,Precinct 415,Judge of the Circuit Court,"5th District, Position 13",,Paul Neese,45
Clackamas,Precinct 416,Judge of the Circuit Court,"5th District, Position 13",,Paul Neese,204
Clackamas,Precinct 417,Judge of the Circuit Court,"5th District, Position 13",,Paul Neese,140
Clackamas,Precinct 418,Judge of the Circuit Court,"5th District, Position 13",,Paul Neese,147
Clackamas,Precinct 419,Judge of the Circuit Court,"5th District, Position 13",,Paul Neese,178
Clackamas,Precinct 420,Judge of the Circuit Court,"5th District, Position 13",,Paul Neese,151
Clackamas,Precinct 421,Judge of the Circuit Court,"5th District, Position 13",,Paul Neese,188
Clackamas,Precinct 422,Judge of the Circuit Court,"5th District, Position 13",,Paul Neese,332
Clackamas,Precinct 500,Judge of the Circuit Court,"5th District, Position 13",,Paul Neese,103
Clackamas,Precinct 501,Judge of the Circuit Court,"5th District, Position 13",,Paul Neese,331
Clackamas,Precinct 502,Judge of the Circuit Court,"5th District, Position 13",,Paul Neese,408
Clackamas,Precinct 503,Judge of the Circuit Court,"5th District, Position 13",,Paul Neese,421
Clackamas,Precinct 504,Judge of the Circuit Court,"5th District, Position 13",,Paul Neese,519
Clackamas,Precinct 506,Judge of the Circuit Court,"5th District, Position 13",,Paul Neese,277
Clackamas,Precinct 510,Judge of the Circuit Court,"5th District, Position 13",,Paul Neese,110
Clackamas,Precinct 511,Judge of the Circuit Court,"5th District, Position 13",,Paul Neese,320
Clackamas,Precinct 512,Judge of the Circuit Court,"5th District, Position 13",,Paul Neese,245
Clackamas,Precinct 513,Judge of the Circuit Court,"5th District, Position 13",,Paul Neese,21
Clackamas,Precinct 514,Judge of the Circuit Court,"5th District, Position 13",,Paul Neese,698
Clackamas,Precinct 515,Judge of the Circuit Court,"5th District, Position 13",,Paul Neese,192
Clackamas,Precinct 516,Judge of the Circuit Court,"5th District, Position 13",,Paul Neese,281
Clackamas,Precinct 517,Judge of the Circuit Court,"5th District, Position 13",,Paul Neese,244
Clackamas,Precinct 518,Judge of the Circuit Court,"5th District, Position 13",,Paul Neese,287
Clackamas,Precinct 600,Judge of the Circuit Court,"5th District, Position 13",,Paul Neese,374
Clackamas,Precinct 602,Judge of the Circuit Court,"5th District, Position 13",,Paul Neese,451
Clackamas,Precinct 604,Judge of the Circuit Court,"5th District, Position 13",,Paul Neese,760
Clackamas,Precinct 606,Judge of the Circuit Court,"5th District, Position 13",,Paul Neese,181
Clackamas,Precinct 608,Judge of the Circuit Court,"5th District, Position 13",,Paul Neese,302
Clackamas,Precinct 614,Judge of the Circuit Court,"5th District, Position 13",,Paul Neese,266
Clackamas,Precinct 616,Judge of the Circuit Court,"5th District, Position 13",,Paul Neese,322
Clackamas,Precinct 618,Judge of the Circuit Court,"5th District, Position 13",,Paul Neese,54
Clackamas,Precinct 620,Judge of the Circuit Court,"5th District, Position 13",,Paul Neese,29
Clackamas,Precinct 622,Judge of the Circuit Court,"5th District, Position 13",,Paul Neese,199
Clackamas,Precinct 626,Judge of the Circuit Court,"5th District, Position 13",,Paul Neese,327
Clackamas,Precinct 628,Judge of the Circuit Court,"5th District, Position 13",,Paul Neese,100
Clackamas,Precinct 630,Judge of the Circuit Court,"5th District, Position 13",,Paul Neese,499
Clackamas,Precinct 100,Judge of the Circuit Court,"5th District, Position 13",,Thomas J. Belesiu,5
Clackamas,Precinct 101,Judge of the Circuit Court,"5th District, Position 13",,Thomas J. Belesiu,419
Clackamas,Precinct 102,Judge of the Circuit Court,"5th District, Position 13",,Thomas J. Belesiu,144
Clackamas,Precinct 103,Judge of the Circuit Court,"5th District, Position 13",,Thomas J. Belesiu,240
Clackamas,Precinct 104,Judge of the Circuit Court,"5th District, Position 13",,Thomas J. Belesiu,2
Clackamas,Precinct 105,Judge of the Circuit Court,"5th District, Position 13",,Thomas J. Belesiu,354
Clackamas,Precinct 106,Judge of the Circuit Court,"5th District, Position 13",,Thomas J. Belesiu,365
Clackamas,Precinct 107,Judge of the Circuit Court,"5th District, Position 13",,Thomas J. Belesiu,201
Clackamas,Precinct 108,Judge of the Circuit Court,"5th District, Position 13",,Thomas J. Belesiu,523
Clackamas,Precinct 109,Judge of the Circuit Court,"5th District, Position 13",,Thomas J. Belesiu,0
Clackamas,Precinct 111,Judge of the Circuit Court,"5th District, Position 13",,Thomas J. Belesiu,598
Clackamas,Precinct 112,Judge of the Circuit Court,"5th District, Position 13",,Thomas J. Belesiu,0
Clackamas,Precinct 113,Judge of the Circuit Court,"5th District, Position 13",,Thomas J. Belesiu,0
Clackamas,Precinct 114,Judge of the Circuit Court,"5th District, Position 13",,Thomas J. Belesiu,6
Clackamas,Precinct 115,Judge of the Circuit Court,"5th District, Position 13",,Thomas J. Belesiu,22
Clackamas,Precinct 116,Judge of the Circuit Court,"5th District, Position 13",,Thomas J. Belesiu,0
Clackamas,Precinct 122,Judge of the Circuit Court,"5th District, Position 13",,Thomas J. Belesiu,422
Clackamas,Precinct 123,Judge of the Circuit Court,"5th District, Position 13",,Thomas J. Belesiu,277
Clackamas,Precinct 124,Judge of the Circuit Court,"5th District, Position 13",,Thomas J. Belesiu,518
Clackamas,Precinct 125,Judge of the Circuit Court,"5th District, Position 13",,Thomas J. Belesiu,172
Clackamas,Precinct 127,Judge of the Circuit Court,"5th District, Position 13",,Thomas J. Belesiu,9
Clackamas,Precinct 131,Judge of the Circuit Court,"5th District, Position 13",,Thomas J. Belesiu,457
Clackamas,Precinct 132,Judge of the Circuit Court,"5th District, Position 13",,Thomas J. Belesiu,375
Clackamas,Precinct 133,Judge of the Circuit Court,"5th District, Position 13",,Thomas J. Belesiu,123
Clackamas,Precinct 134,Judge of the Circuit Court,"5th District, Position 13",,Thomas J. Belesiu,0
Clackamas,Precinct 135,Judge of the Circuit Court,"5th District, Position 13",,Thomas J. Belesiu,330
Clackamas,Precinct 151,Judge of the Circuit Court,"5th District, Position 13",,Thomas J. Belesiu,225
Clackamas,Precinct 152,Judge of the Circuit Court,"5th District, Position 13",,Thomas J. Belesiu,459
Clackamas,Precinct 153,Judge of the Circuit Court,"5th District, Position 13",,Thomas J. Belesiu,47
Clackamas,Precinct 154,Judge of the Circuit Court,"5th District, Position 13",,Thomas J. Belesiu,5
Clackamas,Precinct 155,Judge of the Circuit Court,"5th District, Position 13",,Thomas J. Belesiu,237
Clackamas,Precinct 156,Judge of the Circuit Court,"5th District, Position 13",,Thomas J. Belesiu,298
Clackamas,Precinct 157,Judge of the Circuit Court,"5th District, Position 13",,Thomas J. Belesiu,11
Clackamas,Precinct 158,Judge of the Circuit Court,"5th District, Position 13",,Thomas J. Belesiu,276
Clackamas,Precinct 159,Judge of the Circuit Court,"5th District, Position 13",,Thomas J. Belesiu,249
Clackamas,Precinct 160,Judge of the Circuit Court,"5th District, Position 13",,Thomas J. Belesiu,120
Clackamas,Precinct 161,Judge of the Circuit Court,"5th District, Position 13",,Thomas J. Belesiu,30
Clackamas,Precinct 162,Judge of the Circuit Court,"5th District, Position 13",,Thomas J. Belesiu,75
Clackamas,Precinct 201,Judge of the Circuit Court,"5th District, Position 13",,Thomas J. Belesiu,379
Clackamas,Precinct 202,Judge of the Circuit Court,"5th District, Position 13",,Thomas J. Belesiu,431
Clackamas,Precinct 203,Judge of the Circuit Court,"5th District, Position 13",,Thomas J. Belesiu,239
Clackamas,Precinct 204,Judge of the Circuit Court,"5th District, Position 13",,Thomas J. Belesiu,220
Clackamas,Precinct 251,Judge of the Circuit Court,"5th District, Position 13",,Thomas J. Belesiu,156
Clackamas,Precinct 279,Judge of the Circuit Court,"5th District, Position 13",,Thomas J. Belesiu,7
Clackamas,Precinct 280,Judge of the Circuit Court,"5th District, Position 13",,Thomas J. Belesiu,29
Clackamas,Precinct 281,Judge of the Circuit Court,"5th District, Position 13",,Thomas J. Belesiu,100
Clackamas,Precinct 282,Judge of the Circuit Court,"5th District, Position 13",,Thomas J. Belesiu,23
Clackamas,Precinct 283,Judge of the Circuit Court,"5th District, Position 13",,Thomas J. Belesiu,43
Clackamas,Precinct 284,Judge of the Circuit Court,"5th District, Position 13",,Thomas J. Belesiu,21
Clackamas,Precinct 285,Judge of the Circuit Court,"5th District, Position 13",,Thomas J. Belesiu,0
Clackamas,Precinct 286,Judge of the Circuit Court,"5th District, Position 13",,Thomas J. Belesiu,12
Clackamas,Precinct 320,Judge of the Circuit Court,"5th District, Position 13",,Thomas J. Belesiu,9
Clackamas,Precinct 321,Judge of the Circuit Court,"5th District, Position 13",,Thomas J. Belesiu,261
Clackamas,Precinct 322,Judge of the Circuit Court,"5th District, Position 13",,Thomas J. Belesiu,143
Clackamas,Precinct 323,Judge of the Circuit Court,"5th District, Position 13",,Thomas J. Belesiu,214
Clackamas,Precinct 324,Judge of the Circuit Court,"5th District, Position 13",,Thomas J. Belesiu,6
Clackamas,Precinct 330,Judge of the Circuit Court,"5th District, Position 13",,Thomas J. Belesiu,579
Clackamas,Precinct 331,Judge of the Circuit Court,"5th District, Position 13",,Thomas J. Belesiu,276
Clackamas,Precinct 332,Judge of the Circuit Court,"5th District, Position 13",,Thomas J. Belesiu,85
Clackamas,Precinct 350,Judge of the Circuit Court,"5th District, Position 13",,Thomas J. Belesiu,494
Clackamas,Precinct 355,Judge of the Circuit Court,"5th District, Position 13",,Thomas J. Belesiu,0
Clackamas,Precinct 357,Judge of the Circuit Court,"5th District, Position 13",,Thomas J. Belesiu,31
Clackamas,Precinct 358,Judge of the Circuit Court,"5th District, Position 13",,Thomas J. Belesiu,54
Clackamas,Precinct 359,Judge of the Circuit Court,"5th District, Position 13",,Thomas J. Belesiu,377
Clackamas,Precinct 360,Judge of the Circuit Court,"5th District, Position 13",,Thomas J. Belesiu,186
Clackamas,Precinct 361,Judge of the Circuit Court,"5th District, Position 13",,Thomas J. Belesiu,0
Clackamas,Precinct 362,Judge of the Circuit Court,"5th District, Position 13",,Thomas J. Belesiu,115
Clackamas,Precinct 363,Judge of the Circuit Court,"5th District, Position 13",,Thomas J. Belesiu,295
Clackamas,Precinct 364,Judge of the Circuit Court,"5th District, Position 13",,Thomas J. Belesiu,36
Clackamas,Precinct 371,Judge of the Circuit Court,"5th District, Position 13",,Thomas J. Belesiu,29
Clackamas,Precinct 372,Judge of the Circuit Court,"5th District, Position 13",,Thomas J. Belesiu,12
Clackamas,Precinct 373,Judge of the Circuit Court,"5th District, Position 13",,Thomas J. Belesiu,420
Clackamas,Precinct 374,Judge of the Circuit Court,"5th District, Position 13",,Thomas J. Belesiu,0
Clackamas,Precinct 400,Judge of the Circuit Court,"5th District, Position 13",,Thomas J. Belesiu,516
Clackamas,Precinct 403,Judge of the Circuit Court,"5th District, Position 13",,Thomas J. Belesiu,141
Clackamas,Precinct 404,Judge of the Circuit Court,"5th District, Position 13",,Thomas J. Belesiu,500
Clackamas,Precinct 405,Judge of the Circuit Court,"5th District, Position 13",,Thomas J. Belesiu,284
Clackamas,Precinct 406,Judge of the Circuit Court,"5th District, Position 13",,Thomas J. Belesiu,167
Clackamas,Precinct 410,Judge of the Circuit Court,"5th District, Position 13",,Thomas J. Belesiu,250
Clackamas,Precinct 411,Judge of the Circuit Court,"5th District, Position 13",,Thomas J. Belesiu,298
Clackamas,Precinct 412,Judge of the Circuit Court,"5th District, Position 13",,Thomas J. Belesiu,223
Clackamas,Precinct 413,Judge of the Circuit Court,"5th District, Position 13",,Thomas J. Belesiu,18
Clackamas,Precinct 414,Judge of the Circuit Court,"5th District, Position 13",,Thomas J. Belesiu,69
Clackamas,Precinct 415,Judge of the Circuit Court,"5th District, Position 13",,Thomas J. Belesiu,63
Clackamas,Precinct 416,Judge of the Circuit Court,"5th District, Position 13",,Thomas J. Belesiu,201
Clackamas,Precinct 417,Judge of the Circuit Court,"5th District, Position 13",,Thomas J. Belesiu,139
Clackamas,Precinct 418,Judge of the Circuit Court,"5th District, Position 13",,Thomas J. Belesiu,131
Clackamas,Precinct 419,Judge of the Circuit Court,"5th District, Position 13",,Thomas J. Belesiu,180
Clackamas,Precinct 420,Judge of the Circuit Court,"5th District, Position 13",,Thomas J. Belesiu,133
Clackamas,Precinct 421,Judge of the Circuit Court,"5th District, Position 13",,Thomas J. Belesiu,140
Clackamas,Precinct 422,Judge of the Circuit Court,"5th District, Position 13",,Thomas J. Belesiu,265
Clackamas,Precinct 500,Judge of the Circuit Court,"5th District, Position 13",,Thomas J. Belesiu,81
Clackamas,Precinct 501,Judge of the Circuit Court,"5th District, Position 13",,Thomas J. Belesiu,218
Clackamas,Precinct 502,Judge of the Circuit Court,"5th District, Position 13",,Thomas J. Belesiu,316
Clackamas,Precinct 503,Judge of the Circuit Court,"5th District, Position 13",,Thomas J. Belesiu,332
Clackamas,Precinct 504,Judge of the Circuit Court,"5th District, Position 13",,Thomas J. Belesiu,393
Clackamas,Precinct 506,Judge of the Circuit Court,"5th District, Position 13",,Thomas J. Belesiu,266
Clackamas,Precinct 510,Judge of the Circuit Court,"5th District, Position 13",,Thomas J. Belesiu,101
Clackamas,Precinct 511,Judge of the Circuit Court,"5th District, Position 13",,Thomas J. Belesiu,315
Clackamas,Precinct 512,Judge of the Circuit Court,"5th District, Position 13",,Thomas J. Belesiu,240
Clackamas,Precinct 513,Judge of the Circuit Court,"5th District, Position 13",,Thomas J. Belesiu,16
Clackamas,Precinct 514,Judge of the Circuit Court,"5th District, Position 13",,Thomas J. Belesiu,704
Clackamas,Precinct 515,Judge of the Circuit Court,"5th District, Position 13",,Thomas J. Belesiu,215
Clackamas,Precinct 516,Judge of the Circuit Court,"5th District, Position 13",,Thomas J. Belesiu,301
Clackamas,Precinct 517,Judge of the Circuit Court,"5th District, Position 13",,Thomas J. Belesiu,330
Clackamas,Precinct 518,Judge of the Circuit Court,"5th District, Position 13",,Thomas J. Belesiu,321
Clackamas,Precinct 600,Judge of the Circuit Court,"5th District, Position 13",,Thomas J. Belesiu,364
Clackamas,Precinct 602,Judge of the Circuit Court,"5th District, Position 13",,Thomas J. Belesiu,359
Clackamas,Precinct 604,Judge of the Circuit Court,"5th District, Position 13",,Thomas J. Belesiu,709
Clackamas,Precinct 606,Judge of the Circuit Court,"5th District, Position 13",,Thomas J. Belesiu,203
Clackamas,Precinct 608,Judge of the Circuit Court,"5th District, Position 13",,Thomas J. Belesiu,241
Clackamas,Precinct 614,Judge of the Circuit Court,"5th District, Position 13",,Thomas J. Belesiu,183
Clackamas,Precinct 616,Judge of the Circuit Court,"5th District, Position 13",,Thomas J. Belesiu,304
Clackamas,Precinct 618,Judge of the Circuit Court,"5th District, Position 13",,Thomas J. Belesiu,45
Clackamas,Precinct 620,Judge of the Circuit Court,"5th District, Position 13",,Thomas J. Belesiu,24
Clackamas,Precinct 622,Judge of the Circuit Court,"5th District, Position 13",,Thomas J. Belesiu,112
Clackamas,Precinct 626,Judge of the Circuit Court,"5th District, Position 13",,Thomas J. Belesiu,222
Clackamas,Precinct 628,Judge of the Circuit Court,"5th District, Position 13",,Thomas J. Belesiu,65
Clackamas,Precinct 630,Judge of the Circuit Court,"5th District, Position 13",,Thomas J. Belesiu,308
Clackamas,Precinct 100,Judge of the Circuit Court,"5th District, Position 13",,Under Votes,12
Clackamas,Precinct 101,Judge of the Circuit Court,"5th District, Position 13",,Under Votes,907
Clackamas,Precinct 102,Judge of the Circuit Court,"5th District, Position 13",,Under Votes,225
Clackamas,Precinct 103,Judge of the Circuit Court,"5th District, Position 13",,Under Votes,504
Clackamas,Precinct 104,Judge of the Circuit Court,"5th District, Position 13",,Under Votes,4
Clackamas,Precinct 105,Judge of the Circuit Court,"5th District, Position 13",,Under Votes,705
Clackamas,Precinct 106,Judge of the Circuit Court,"5th District, Position 13",,Under Votes,527
Clackamas,Precinct 107,Judge of the Circuit Court,"5th District, Position 13",,Under Votes,379
Clackamas,Precinct 108,Judge of the Circuit Court,"5th District, Position 13",,Under Votes,841
Clackamas,Precinct 109,Judge of the Circuit Court,"5th District, Position 13",,Under Votes,0
Clackamas,Precinct 111,Judge of the Circuit Court,"5th District, Position 13",,Under Votes,937
Clackamas,Precinct 112,Judge of the Circuit Court,"5th District, Position 13",,Under Votes,0
Clackamas,Precinct 113,Judge of the Circuit Court,"5th District, Position 13",,Under Votes,11
Clackamas,Precinct 114,Judge of the Circuit Court,"5th District, Position 13",,Under Votes,19
Clackamas,Precinct 115,Judge of the Circuit Court,"5th District, Position 13",,Under Votes,54
Clackamas,Precinct 116,Judge of the Circuit Court,"5th District, Position 13",,Under Votes,1
Clackamas,Precinct 122,Judge of the Circuit Court,"5th District, Position 13",,Under Votes,816
Clackamas,Precinct 123,Judge of the Circuit Court,"5th District, Position 13",,Under Votes,516
Clackamas,Precinct 124,Judge of the Circuit Court,"5th District, Position 13",,Under Votes,864
Clackamas,Precinct 125,Judge of the Circuit Court,"5th District, Position 13",,Under Votes,357
Clackamas,Precinct 127,Judge of the Circuit Court,"5th District, Position 13",,Under Votes,21
Clackamas,Precinct 131,Judge of the Circuit Court,"5th District, Position 13",,Under Votes,964
Clackamas,Precinct 132,Judge of the Circuit Court,"5th District, Position 13",,Under Votes,630
Clackamas,Precinct 133,Judge of the Circuit Court,"5th District, Position 13",,Under Votes,272
Clackamas,Precinct 134,Judge of the Circuit Court,"5th District, Position 13",,Under Votes,2
Clackamas,Precinct 135,Judge of the Circuit Court,"5th District, Position 13",,Under Votes,846
Clackamas,Precinct 151,Judge of the Circuit Court,"5th District, Position 13",,Under Votes,464
Clackamas,Precinct 152,Judge of the Circuit Court,"5th District, Position 13",,Under Votes,944
Clackamas,Precinct 153,Judge of the Circuit Court,"5th District, Position 13",,Under Votes,76
Clackamas,Precinct 154,Judge of the Circuit Court,"5th District, Position 13",,Under Votes,12
Clackamas,Precinct 155,Judge of the Circuit Court,"5th District, Position 13",,Under Votes,438
Clackamas,Precinct 156,Judge of the Circuit Court,"5th District, Position 13",,Under Votes,930
Clackamas,Precinct 157,Judge of the Circuit Court,"5th District, Position 13",,Under Votes,12
Clackamas,Precinct 158,Judge of the Circuit Court,"5th District, Position 13",,Under Votes,606
Clackamas,Precinct 159,Judge of the Circuit Court,"5th District, Position 13",,Under Votes,499
Clackamas,Precinct 160,Judge of the Circuit Court,"5th District, Position 13",,Under Votes,269
Clackamas,Precinct 161,Judge of the Circuit Court,"5th District, Position 13",,Under Votes,94
Clackamas,Precinct 162,Judge of the Circuit Court,"5th District, Position 13",,Under Votes,93
Clackamas,Precinct 201,Judge of the Circuit Court,"5th District, Position 13",,Under Votes,695
Clackamas,Precinct 202,Judge of the Circuit Court,"5th District, Position 13",,Under Votes,816
Clackamas,Precinct 203,Judge of the Circuit Court,"5th District, Position 13",,Under Votes,524
Clackamas,Precinct 204,Judge of the Circuit Court,"5th District, Position 13",,Under Votes,436
Clackamas,Precinct 251,Judge of the Circuit Court,"5th District, Position 13",,Under Votes,311
Clackamas,Precinct 279,Judge of the Circuit Court,"5th District, Position 13",,Under Votes,18
Clackamas,Precinct 280,Judge of the Circuit Court,"5th District, Position 13",,Under Votes,58
Clackamas,Precinct 281,Judge of the Circuit Court,"5th District, Position 13",,Under Votes,174
Clackamas,Precinct 282,Judge of the Circuit Court,"5th District, Position 13",,Under Votes,48
Clackamas,Precinct 283,Judge of the Circuit Court,"5th District, Position 13",,Under Votes,81
Clackamas,Precinct 284,Judge of the Circuit Court,"5th District, Position 13",,Under Votes,77
Clackamas,Precinct 285,Judge of the Circuit Court,"5th District, Position 13",,Under Votes,6
Clackamas,Precinct 286,Judge of the Circuit Court,"5th District, Position 13",,Under Votes,26
Clackamas,Precinct 320,Judge of the Circuit Court,"5th District, Position 13",,Under Votes,19
Clackamas,Precinct 321,Judge of the Circuit Court,"5th District, Position 13",,Under Votes,553
Clackamas,Precinct 322,Judge of the Circuit Court,"5th District, Position 13",,Under Votes,225
Clackamas,Precinct 323,Judge of the Circuit Court,"5th District, Position 13",,Under Votes,280
Clackamas,Precinct 324,Judge of the Circuit Court,"5th District, Position 13",,Under Votes,11
Clackamas,Precinct 330,Judge of the Circuit Court,"5th District, Position 13",,Under Votes,944
Clackamas,Precinct 331,Judge of the Circuit Court,"5th District, Position 13",,Under Votes,502
Clackamas,Precinct 332,Judge of the Circuit Court,"5th District, Position 13",,Under Votes,138
Clackamas,Precinct 350,Judge of the Circuit Court,"5th District, Position 13",,Under Votes,751
Clackamas,Precinct 355,Judge of the Circuit Court,"5th District, Position 13",,Under Votes,0
Clackamas,Precinct 357,Judge of the Circuit Court,"5th District, Position 13",,Under Votes,37
Clackamas,Precinct 358,Judge of the Circuit Court,"5th District, Position 13",,Under Votes,95
Clackamas,Precinct 359,Judge of the Circuit Court,"5th District, Position 13",,Under Votes,651
Clackamas,Precinct 360,Judge of the Circuit Court,"5th District, Position 13",,Under Votes,228
Clackamas,Precinct 361,Judge of the Circuit Court,"5th District, Position 13",,Under Votes,0
Clackamas,Precinct 362,Judge of the Circuit Court,"5th District, Position 13",,Under Votes,187
Clackamas,Precinct 363,Judge of the Circuit Court,"5th District, Position 13",,Under Votes,489
Clackamas,Precinct 364,Judge of the Circuit Court,"5th District, Position 13",,Under Votes,62
Clackamas,Precinct 371,Judge of the Circuit Court,"5th District, Position 13",,Under Votes,64
Clackamas,Precinct 372,Judge of the Circuit Court,"5th District, Position 13",,Under Votes,1
Clackamas,Precinct 373,Judge of the Circuit Court,"5th District, Position 13",,Under Votes,822
Clackamas,Precinct 374,Judge of the Circuit Court,"5th District, Position 13",,Under Votes,0
Clackamas,Precinct 400,Judge of the Circuit Court,"5th District, Position 13",,Under Votes,1025
Clackamas,Precinct 403,Judge of the Circuit Court,"5th District, Position 13",,Under Votes,265
Clackamas,Precinct 404,Judge of the Circuit Court,"5th District, Position 13",,Under Votes,964
Clackamas,Precinct 405,Judge of the Circuit Court,"5th District, Position 13",,Under Votes,538
Clackamas,Precinct 406,Judge of the Circuit Court,"5th District, Position 13",,Under Votes,232
Clackamas,Precinct 410,Judge of the Circuit Court,"5th District, Position 13",,Under Votes,457
Clackamas,Precinct 411,Judge of the Circuit Court,"5th District, Position 13",,Under Votes,629
Clackamas,Precinct 412,Judge of the Circuit Court,"5th District, Position 13",,Under Votes,368
Clackamas,Precinct 413,Judge of the Circuit Court,"5th District, Position 13",,Under Votes,23
Clackamas,Precinct 414,Judge of the Circuit Court,"5th District, Position 13",,Under Votes,121
Clackamas,Precinct 415,Judge of the Circuit Court,"5th District, Position 13",,Under Votes,96
Clackamas,Precinct 416,Judge of the Circuit Court,"5th District, Position 13",,Under Votes,404
Clackamas,Precinct 417,Judge of the Circuit Court,"5th District, Position 13",,Under Votes,180
Clackamas,Precinct 418,Judge of the Circuit Court,"5th District, Position 13",,Under Votes,213
Clackamas,Precinct 419,Judge of the Circuit Court,"5th District, Position 13",,Under Votes,286
Clackamas,Precinct 420,Judge of the Circuit Court,"5th District, Position 13",,Under Votes,263
Clackamas,Precinct 421,Judge of the Circuit Court,"5th District, Position 13",,Under Votes,295
Clackamas,Precinct 422,Judge of the Circuit Court,"5th District, Position 13",,Under Votes,542
Clackamas,Precinct 500,Judge of the Circuit Court,"5th District, Position 13",,Under Votes,174
Clackamas,Precinct 501,Judge of the Circuit Court,"5th District, Position 13",,Under Votes,601
Clackamas,Precinct 502,Judge of the Circuit Court,"5th District, Position 13",,Under Votes,717
Clackamas,Precinct 503,Judge of the Circuit Court,"5th District, Position 13",,Under Votes,588
Clackamas,Precinct 504,Judge of the Circuit Court,"5th District, Position 13",,Under Votes,757
Clackamas,Precinct 506,Judge of the Circuit Court,"5th District, Position 13",,Under Votes,476
Clackamas,Precinct 510,Judge of the Circuit Court,"5th District, Position 13",,Under Votes,214
Clackamas,Precinct 511,Judge of the Circuit Court,"5th District, Position 13",,Under Votes,481
Clackamas,Precinct 512,Judge of the Circuit Court,"5th District, Position 13",,Under Votes,378
Clackamas,Precinct 513,Judge of the Circuit Court,"5th District, Position 13",,Under Votes,25
Clackamas,Precinct 514,Judge of the Circuit Court,"5th District, Position 13",,Under Votes,1127
Clackamas,Precinct 515,Judge of the Circuit Court,"5th District, Position 13",,Under Votes,356
Clackamas,Precinct 516,Judge of the Circuit Court,"5th District, Position 13",,Under Votes,531
Clackamas,Precinct 517,Judge of the Circuit Court,"5th District, Position 13",,Under Votes,443
Clackamas,Precinct 518,Judge of the Circuit Court,"5th District, Position 13",,Under Votes,489
Clackamas,Precinct 600,Judge of the Circuit Court,"5th District, Position 13",,Under Votes,740
Clackamas,Precinct 602,Judge of the Circuit Court,"5th District, Position 13",,Under Votes,703
Clackamas,Precinct 604,Judge of the Circuit Court,"5th District, Position 13",,Under Votes,1163
Clackamas,Precinct 606,Judge of the Circuit Court,"5th District, Position 13",,Under Votes,297
Clackamas,Precinct 608,Judge of the Circuit Court,"5th District, Position 13",,Under Votes,461
Clackamas,Precinct 614,Judge of the Circuit Court,"5th District, Position 13",,Under Votes,387
Clackamas,Precinct 616,Judge of the Circuit Court,"5th District, Position 13",,Under Votes,682
Clackamas,Precinct 618,Judge of the Circuit Court,"5th District, Position 13",,Under Votes,99
Clackamas,Precinct 620,Judge of the Circuit Court,"5th District, Position 13",,Under Votes,28
Clackamas,Precinct 622,Judge of the Circuit Court,"5th District, Position 13",,Under Votes,342
Clackamas,Precinct 626,Judge of the Circuit Court,"5th District, Position 13",,Under Votes,585
Clackamas,Precinct 628,Judge of the Circuit Court,"5th District, Position 13",,Under Votes,140
Clackamas,Precinct 630,Judge of the Circuit Court,"5th District, Position 13",,Under Votes,840
Clackamas,Precinct 100,Judge of the Circuit Court,"5th District, Position 13",,Write-ins,0
Clackamas,Precinct 101,Judge of the Circuit Court,"5th District, Position 13",,Write-ins,2
Clackamas,Precinct 102,Judge of the Circuit Court,"5th District, Position 13",,Write-ins,0
Clackamas,Precinct 103,Judge of the Circuit Court,"5th District, Position 13",,Write-ins,1
Clackamas,Precinct 104,Judge of the Circuit Court,"5th District, Position 13",,Write-ins,0
Clackamas,Precinct 105,Judge of the Circuit Court,"5th District, Position 13",,Write-ins,1
Clackamas,Precinct 106,Judge of the Circuit Court,"5th District, Position 13",,Write-ins,10
Clackamas,Precinct 107,Judge of the Circuit Court,"5th District, Position 13",,Write-ins,4
Clackamas,Precinct 108,Judge of the Circuit Court,"5th District, Position 13",,Write-ins,6
Clackamas,Precinct 109,Judge of the Circuit Court,"5th District, Position 13",,Write-ins,0
Clackamas,Precinct 111,Judge of the Circuit Court,"5th District, Position 13",,Write-ins,8
Clackamas,Precinct 112,Judge of the Circuit Court,"5th District, Position 13",,Write-ins,0
Clackamas,Precinct 113,Judge of the Circuit Court,"5th District, Position 13",,Write-ins,0
Clackamas,Precinct 114,Judge of the Circuit Court,"5th District, Position 13",,Write-ins,0
Clackamas,Precinct 115,Judge of the Circuit Court,"5th District, Position 13",,Write-ins,0
Clackamas,Precinct 116,Judge of the Circuit Court,"5th District, Position 13",,Write-ins,0
Clackamas,Precinct 122,Judge of the Circuit Court,"5th District, Position 13",,Write-ins,6
Clackamas,Precinct 123,Judge of the Circuit Court,"5th District, Position 13",,Write-ins,0
Clackamas,Precinct 124,Judge of the Circuit Court,"5th District, Position 13",,Write-ins,8
Clackamas,Precinct 125,Judge of the Circuit Court,"5th District, Position 13",,Write-ins,4
Clackamas,Precinct 127,Judge of the Circuit Court,"5th District, Position 13",,Write-ins,1
Clackamas,Precinct 131,Judge of the Circuit Court,"5th District, Position 13",,Write-ins,12
Clackamas,Precinct 132,Judge of the Circuit Court,"5th District, Position 13",,Write-ins,6
Clackamas,Precinct 133,Judge of the Circuit Court,"5th District, Position 13",,Write-ins,0
Clackamas,Precinct 134,Judge of the Circuit Court,"5th District, Position 13",,Write-ins,0
Clackamas,Precinct 135,Judge of the Circuit Court,"5th District, Position 13",,Write-ins,6
Clackamas,Precinct 151,Judge of the Circuit Court,"5th District, Position 13",,Write-ins,3
Clackamas,Precinct 152,Judge of the Circuit Court,"5th District, Position 13",,Write-ins,9
Clackamas,Precinct 153,Judge of the Circuit Court,"5th District, Position 13",,Write-ins,1
Clackamas,Precinct 154,Judge of the Circuit Court,"5th District, Position 13",,Write-ins,0
Clackamas,Precinct 155,Judge of the Circuit Court,"5th District, Position 13",,Write-ins,2
Clackamas,Precinct 156,Judge of the Circuit Court,"5th District, Position 13",,Write-ins,1
Clackamas,Precinct 157,Judge of the Circuit Court,"5th District, Position 13",,Write-ins,0
Clackamas,Precinct 158,Judge of the Circuit Court,"5th District, Position 13",,Write-ins,0
Clackamas,Precinct 159,Judge of the Circuit Court,"5th District, Position 13",,Write-ins,2
Clackamas,Precinct 160,Judge of the Circuit Court,"5th District, Position 13",,Write-ins,0
Clackamas,Precinct 161,Judge of the Circuit Court,"5th District, Position 13",,Write-ins,1
Clackamas,Precinct 162,Judge of the Circuit Court,"5th District, Position 13",,Write-ins,0
Clackamas,Precinct 201,Judge of the Circuit Court,"5th District, Position 13",,Write-ins,1
Clackamas,Precinct 202,Judge of the Circuit Court,"5th District, Position 13",,Write-ins,2
Clackamas,Precinct 203,Judge of the Circuit Court,"5th District, Position 13",,Write-ins,1
Clackamas,Precinct 204,Judge of the Circuit Court,"5th District, Position 13",,Write-ins,3
Clackamas,Precinct 251,Judge of the Circuit Court,"5th District, Position 13",,Write-ins,0
Clackamas,Precinct 279,Judge of the Circuit Court,"5th District, Position 13",,Write-ins,0
Clackamas,Precinct 280,Judge of the Circuit Court,"5th District, Position 13",,Write-ins,1
Clackamas,Precinct 281,Judge of the Circuit Court,"5th District, Position 13",,Write-ins,2
Clackamas,Precinct 282,Judge of the Circuit Court,"5th District, Position 13",,Write-ins,0
Clackamas,Precinct 283,Judge of the Circuit Court,"5th District, Position 13",,Write-ins,0
Clackamas,Precinct 284,Judge of the Circuit Court,"5th District, Position 13",,Write-ins,1
Clackamas,Precinct 285,Judge of the Circuit Court,"5th District, Position 13",,Write-ins,0
Clackamas,Precinct 286,Judge of the Circuit Court,"5th District, Position 13",,Write-ins,0
Clackamas,Precinct 320,Judge of the Circuit Court,"5th District, Position 13",,Write-ins,0
Clackamas,Precinct 321,Judge of the Circuit Court,"5th District, Position 13",,Write-ins,0
Clackamas,Precinct 322,Judge of the Circuit Court,"5th District, Position 13",,Write-ins,3
Clackamas,Precinct 323,Judge of the Circuit Court,"5th District, Position 13",,Write-ins,7
Clackamas,Precinct 324,Judge of the Circuit Court,"5th District, Position 13",,Write-ins,1
Clackamas,Precinct 330,Judge of the Circuit Court,"5th District, Position 13",,Write-ins,11
Clackamas,Precinct 331,Judge of the Circuit Court,"5th District, Position 13",,Write-ins,4
Clackamas,Precinct 332,Judge of the Circuit Court,"5th District, Position 13",,Write-ins,1
Clackamas,Precinct 350,Judge of the Circuit Court,"5th District, Position 13",,Write-ins,9
Clackamas,Precinct 355,Judge of the Circuit Court,"5th District, Position 13",,Write-ins,0
Clackamas,Precinct 357,Judge of the Circuit Court,"5th District, Position 13",,Write-ins,0
Clackamas,Precinct 358,Judge of the Circuit Court,"5th District, Position 13",,Write-ins,0
Clackamas,Precinct 359,Judge of the Circuit Court,"5th District, Position 13",,Write-ins,3
Clackamas,Precinct 360,Judge of the Circuit Court,"5th District, Position 13",,Write-ins,0
Clackamas,Precinct 361,Judge of the Circuit Court,"5th District, Position 13",,Write-ins,0
Clackamas,Precinct 362,Judge of the Circuit Court,"5th District, Position 13",,Write-ins,1
Clackamas,Precinct 363,Judge of the Circuit Court,"5th District, Position 13",,Write-ins,5
Clackamas,Precinct 364,Judge of the Circuit Court,"5th District, Position 13",,Write-ins,0
Clackamas,Precinct 371,Judge of the Circuit Court,"5th District, Position 13",,Write-ins,0
Clackamas,Precinct 372,Judge of the Circuit Court,"5th District, Position 13",,Write-ins,0
Clackamas,Precinct 373,Judge of the Circuit Court,"5th District, Position 13",,Write-ins,5
Clackamas,Precinct 374,Judge of the Circuit Court,"5th District, Position 13",,Write-ins,0
Clackamas,Precinct 400,Judge of the Circuit Court,"5th District, Position 13",,Write-ins,7
Clackamas,Precinct 403,Judge of the Circuit Court,"5th District, Position 13",,Write-ins,1
Clackamas,Precinct 404,Judge of the Circuit Court,"5th District, Position 13",,Write-ins,6
Clackamas,Precinct 405,Judge of the Circuit Court,"5th District, Position 13",,Write-ins,10
Clackamas,Precinct 406,Judge of the Circuit Court,"5th District, Position 13",,Write-ins,3
Clackamas,Precinct 410,Judge of the Circuit Court,"5th District, Position 13",,Write-ins,1
Clackamas,Precinct 411,Judge of the Circuit Court,"5th District, Position 13",,Write-ins,5
Clackamas,Precinct 412,Judge of the Circuit Court,"5th District, Position 13",,Write-ins,4
Clackamas,Precinct 413,Judge of the Circuit Court,"5th District, Position 13",,Write-ins,0
Clackamas,Precinct 414,Judge of the Circuit Court,"5th District, Position 13",,Write-ins,0
Clackamas,Precinct 415,Judge of the Circuit Court,"5th District, Position 13",,Write-ins,0
Clackamas,Precinct 416,Judge of the Circuit Court,"5th District, Position 13",,Write-ins,4
Clackamas,Precinct 417,Judge of the Circuit Court,"5th District, Position 13",,Write-ins,1
Clackamas,Precinct 418,Judge of the Circuit Court,"5th District, Position 13",,Write-ins,5
Clackamas,Precinct 419,Judge of the Circuit Court,"5th District, Position 13",,Write-ins,0
Clackamas,Precinct 420,Judge of the Circuit Court,"5th District, Position 13",,Write-ins,4
Clackamas,Precinct 421,Judge of the Circuit Court,"5th District, Position 13",,Write-ins,1
Clackamas,Precinct 422,Judge of the Circuit Court,"5th District, Position 13",,Write-ins,4
Clackamas,Precinct 500,Judge of the Circuit Court,"5th District, Position 13",,Write-ins,2
Clackamas,Precinct 501,Judge of the Circuit Court,"5th District, Position 13",,Write-ins,4
Clackamas,Precinct 502,Judge of the Circuit Court,"5th District, Position 13",,Write-ins,3
Clackamas,Precinct 503,Judge of the Circuit Court,"5th District, Position 13",,Write-ins,4
Clackamas,Precinct 504,Judge of the Circuit Court,"5th District, Position 13",,Write-ins,5
Clackamas,Precinct 506,Judge of the Circuit Court,"5th District, Position 13",,Write-ins,1
Clackamas,Precinct 510,Judge of the Circuit Court,"5th District, Position 13",,Write-ins,1
Clackamas,Precinct 511,Judge of the Circuit Court,"5th District, Position 13",,Write-ins,5
Clackamas,Precinct 512,Judge of the Circuit Court,"5th District, Position 13",,Write-ins,1
Clackamas,Precinct 513,Judge of the Circuit Court,"5th District, Position 13",,Write-ins,0
Clackamas,Precinct 514,Judge of the Circuit Court,"5th District, Position 13",,Write-ins,7
Clackamas,Precinct 515,Judge of the Circuit Court,"5th District, Position 13",,Write-ins,10
Clackamas,Precinct 516,Judge of the Circuit Court,"5th District, Position 13",,Write-ins,6
Clackamas,Precinct 517,Judge of the Circuit Court,"5th District, Position 13",,Write-ins,6
Clackamas,Precinct 518,Judge of the Circuit Court,"5th District, Position 13",,Write-ins,13
Clackamas,Precinct 600,Judge of the Circuit Court,"5th District, Position 13",,Write-ins,6
Clackamas,Precinct 602,Judge of the Circuit Court,"5th District, Position 13",,Write-ins,0
Clackamas,Precinct 604,Judge of the Circuit Court,"5th District, Position 13",,Write-ins,15
Clackamas,Precinct 606,Judge of the Circuit Court,"5th District, Position 13",,Write-ins,1
Clackamas,Precinct 608,Judge of the Circuit Court,"5th District, Position 13",,Write-ins,4
Clackamas,Precinct 614,Judge of the Circuit Court,"5th District, Position 13",,Write-ins,0
Clackamas,Precinct 616,Judge of the Circuit Court,"5th District, Position 13",,Write-ins,7
Clackamas,Precinct 618,Judge of the Circuit Court,"5th District, Position 13",,Write-ins,0
Clackamas,Precinct 620,Judge of the Circuit Court,"5th District, Position 13",,Write-ins,0
Clackamas,Precinct 622,Judge of the Circuit Court,"5th District, Position 13",,Write-ins,4
Clackamas,Precinct 626,Judge of the Circuit Court,"5th District, Position 13",,Write-ins,2
Clackamas,Precinct 628,Judge of the Circuit Court,"5th District, Position 13",,Write-ins,0
Clackamas,Precinct 630,Judge of the Circuit Court,"5th District, Position 13",,Write-ins,8
Clackamas,Precinct 100,Judge of the Circuit Court,"5th District, Position 6",,Colleen F. Gilmartin,18
Clackamas,Precinct 101,Judge of the Circuit Court,"5th District, Position 6",,Colleen F. Gilmartin,1306
Clackamas,Precinct 102,Judge of the Circuit Court,"5th District, Position 6",,Colleen F. Gilmartin,283
Clackamas,Precinct 103,Judge of the Circuit Court,"5th District, Position 6",,Colleen F. Gilmartin,686
Clackamas,Precinct 104,Judge of the Circuit Court,"5th District, Position 6",,Colleen F. Gilmartin,4
Clackamas,Precinct 105,Judge of the Circuit Court,"5th District, Position 6",,Colleen F. Gilmartin,975
Clackamas,Precinct 106,Judge of the Circuit Court,"5th District, Position 6",,Colleen F. Gilmartin,759
Clackamas,Precinct 107,Judge of the Circuit Court,"5th District, Position 6",,Colleen F. Gilmartin,470
Clackamas,Precinct 108,Judge of the Circuit Court,"5th District, Position 6",,Colleen F. Gilmartin,1052
Clackamas,Precinct 109,Judge of the Circuit Court,"5th District, Position 6",,Colleen F. Gilmartin,0
Clackamas,Precinct 111,Judge of the Circuit Court,"5th District, Position 6",,Colleen F. Gilmartin,1164
Clackamas,Precinct 112,Judge of the Circuit Court,"5th District, Position 6",,Colleen F. Gilmartin,0
Clackamas,Precinct 113,Judge of the Circuit Court,"5th District, Position 6",,Colleen F. Gilmartin,12
Clackamas,Precinct 114,Judge of the Circuit Court,"5th District, Position 6",,Colleen F. Gilmartin,37
Clackamas,Precinct 115,Judge of the Circuit Court,"5th District, Position 6",,Colleen F. Gilmartin,64
Clackamas,Precinct 116,Judge of the Circuit Court,"5th District, Position 6",,Colleen F. Gilmartin,0
Clackamas,Precinct 122,Judge of the Circuit Court,"5th District, Position 6",,Colleen F. Gilmartin,1128
Clackamas,Precinct 123,Judge of the Circuit Court,"5th District, Position 6",,Colleen F. Gilmartin,648
Clackamas,Precinct 124,Judge of the Circuit Court,"5th District, Position 6",,Colleen F. Gilmartin,1197
Clackamas,Precinct 125,Judge of the Circuit Court,"5th District, Position 6",,Colleen F. Gilmartin,449
Clackamas,Precinct 127,Judge of the Circuit Court,"5th District, Position 6",,Colleen F. Gilmartin,29
Clackamas,Precinct 131,Judge of the Circuit Court,"5th District, Position 6",,Colleen F. Gilmartin,1619
Clackamas,Precinct 132,Judge of the Circuit Court,"5th District, Position 6",,Colleen F. Gilmartin,1242
Clackamas,Precinct 133,Judge of the Circuit Court,"5th District, Position 6",,Colleen F. Gilmartin,517
Clackamas,Precinct 134,Judge of the Circuit Court,"5th District, Position 6",,Colleen F. Gilmartin,0
Clackamas,Precinct 135,Judge of the Circuit Court,"5th District, Position 6",,Colleen F. Gilmartin,1466
Clackamas,Precinct 151,Judge of the Circuit Court,"5th District, Position 6",,Colleen F. Gilmartin,741
Clackamas,Precinct 152,Judge of the Circuit Court,"5th District, Position 6",,Colleen F. Gilmartin,1538
Clackamas,Precinct 153,Judge of the Circuit Court,"5th District, Position 6",,Colleen F. Gilmartin,142
Clackamas,Precinct 154,Judge of the Circuit Court,"5th District, Position 6",,Colleen F. Gilmartin,28
Clackamas,Precinct 155,Judge of the Circuit Court,"5th District, Position 6",,Colleen F. Gilmartin,733
Clackamas,Precinct 156,Judge of the Circuit Court,"5th District, Position 6",,Colleen F. Gilmartin,1432
Clackamas,Precinct 157,Judge of the Circuit Court,"5th District, Position 6",,Colleen F. Gilmartin,24
Clackamas,Precinct 158,Judge of the Circuit Court,"5th District, Position 6",,Colleen F. Gilmartin,1146
Clackamas,Precinct 159,Judge of the Circuit Court,"5th District, Position 6",,Colleen F. Gilmartin,782
Clackamas,Precinct 160,Judge of the Circuit Court,"5th District, Position 6",,Colleen F. Gilmartin,483
Clackamas,Precinct 161,Judge of the Circuit Court,"5th District, Position 6",,Colleen F. Gilmartin,143
Clackamas,Precinct 162,Judge of the Circuit Court,"5th District, Position 6",,Colleen F. Gilmartin,213
Clackamas,Precinct 201,Judge of the Circuit Court,"5th District, Position 6",,Colleen F. Gilmartin,1264
Clackamas,Precinct 202,Judge of the Circuit Court,"5th District, Position 6",,Colleen F. Gilmartin,1325
Clackamas,Precinct 203,Judge of the Circuit Court,"5th District, Position 6",,Colleen F. Gilmartin,877
Clackamas,Precinct 204,Judge of the Circuit Court,"5th District, Position 6",,Colleen F. Gilmartin,664
Clackamas,Precinct 251,Judge of the Circuit Court,"5th District, Position 6",,Colleen F. Gilmartin,548
Clackamas,Precinct 279,Judge of the Circuit Court,"5th District, Position 6",,Colleen F. Gilmartin,36
Clackamas,Precinct 280,Judge of the Circuit Court,"5th District, Position 6",,Colleen F. Gilmartin,117
Clackamas,Precinct 281,Judge of the Circuit Court,"5th District, Position 6",,Colleen F. Gilmartin,327
Clackamas,Precinct 282,Judge of the Circuit Court,"5th District, Position 6",,Colleen F. Gilmartin,98
Clackamas,Precinct 283,Judge of the Circuit Court,"5th District, Position 6",,Colleen F. Gilmartin,111
Clackamas,Precinct 284,Judge of the Circuit Court,"5th District, Position 6",,Colleen F. Gilmartin,111
Clackamas,Precinct 285,Judge of the Circuit Court,"5th District, Position 6",,Colleen F. Gilmartin,7
Clackamas,Precinct 286,Judge of the Circuit Court,"5th District, Position 6",,Colleen F. Gilmartin,45
Clackamas,Precinct 320,Judge of the Circuit Court,"5th District, Position 6",,Colleen F. Gilmartin,33
Clackamas,Precinct 321,Judge of the Circuit Court,"5th District, Position 6",,Colleen F. Gilmartin,705
Clackamas,Precinct 322,Judge of the Circuit Court,"5th District, Position 6",,Colleen F. Gilmartin,315
Clackamas,Precinct 323,Judge of the Circuit Court,"5th District, Position 6",,Colleen F. Gilmartin,397
Clackamas,Precinct 324,Judge of the Circuit Court,"5th District, Position 6",,Colleen F. Gilmartin,20
Clackamas,Precinct 330,Judge of the Circuit Court,"5th District, Position 6",,Colleen F. Gilmartin,837
Clackamas,Precinct 331,Judge of the Circuit Court,"5th District, Position 6",,Colleen F. Gilmartin,458
Clackamas,Precinct 332,Judge of the Circuit Court,"5th District, Position 6",,Colleen F. Gilmartin,165
Clackamas,Precinct 350,Judge of the Circuit Court,"5th District, Position 6",,Colleen F. Gilmartin,668
Clackamas,Precinct 355,Judge of the Circuit Court,"5th District, Position 6",,Colleen F. Gilmartin,0
Clackamas,Precinct 357,Judge of the Circuit Court,"5th District, Position 6",,Colleen F. Gilmartin,43
Clackamas,Precinct 358,Judge of the Circuit Court,"5th District, Position 6",,Colleen F. Gilmartin,62
Clackamas,Precinct 359,Judge of the Circuit Court,"5th District, Position 6",,Colleen F. Gilmartin,701
Clackamas,Precinct 360,Judge of the Circuit Court,"5th District, Position 6",,Colleen F. Gilmartin,271
Clackamas,Precinct 361,Judge of the Circuit Court,"5th District, Position 6",,Colleen F. Gilmartin,1
Clackamas,Precinct 362,Judge of the Circuit Court,"5th District, Position 6",,Colleen F. Gilmartin,172
Clackamas,Precinct 363,Judge of the Circuit Court,"5th District, Position 6",,Colleen F. Gilmartin,480
Clackamas,Precinct 364,Judge of the Circuit Court,"5th District, Position 6",,Colleen F. Gilmartin,71
Clackamas,Precinct 371,Judge of the Circuit Court,"5th District, Position 6",,Colleen F. Gilmartin,68
Clackamas,Precinct 372,Judge of the Circuit Court,"5th District, Position 6",,Colleen F. Gilmartin,14
Clackamas,Precinct 373,Judge of the Circuit Court,"5th District, Position 6",,Colleen F. Gilmartin,933
Clackamas,Precinct 374,Judge of the Circuit Court,"5th District, Position 6",,Colleen F. Gilmartin,0
Clackamas,Precinct 400,Judge of the Circuit Court,"5th District, Position 6",,Colleen F. Gilmartin,915
Clackamas,Precinct 403,Judge of the Circuit Court,"5th District, Position 6",,Colleen F. Gilmartin,335
Clackamas,Precinct 404,Judge of the Circuit Court,"5th District, Position 6",,Colleen F. Gilmartin,859
Clackamas,Precinct 405,Judge of the Circuit Court,"5th District, Position 6",,Colleen F. Gilmartin,526
Clackamas,Precinct 406,Judge of the Circuit Court,"5th District, Position 6",,Colleen F. Gilmartin,241
Clackamas,Precinct 410,Judge of the Circuit Court,"5th District, Position 6",,Colleen F. Gilmartin,745
Clackamas,Precinct 411,Judge of the Circuit Court,"5th District, Position 6",,Colleen F. Gilmartin,985
Clackamas,Precinct 412,Judge of the Circuit Court,"5th District, Position 6",,Colleen F. Gilmartin,478
Clackamas,Precinct 413,Judge of the Circuit Court,"5th District, Position 6",,Colleen F. Gilmartin,50
Clackamas,Precinct 414,Judge of the Circuit Court,"5th District, Position 6",,Colleen F. Gilmartin,184
Clackamas,Precinct 415,Judge of the Circuit Court,"5th District, Position 6",,Colleen F. Gilmartin,110
Clackamas,Precinct 416,Judge of the Circuit Court,"5th District, Position 6",,Colleen F. Gilmartin,587
Clackamas,Precinct 417,Judge of the Circuit Court,"5th District, Position 6",,Colleen F. Gilmartin,285
Clackamas,Precinct 418,Judge of the Circuit Court,"5th District, Position 6",,Colleen F. Gilmartin,268
Clackamas,Precinct 419,Judge of the Circuit Court,"5th District, Position 6",,Colleen F. Gilmartin,513
Clackamas,Precinct 420,Judge of the Circuit Court,"5th District, Position 6",,Colleen F. Gilmartin,422
Clackamas,Precinct 421,Judge of the Circuit Court,"5th District, Position 6",,Colleen F. Gilmartin,536
Clackamas,Precinct 422,Judge of the Circuit Court,"5th District, Position 6",,Colleen F. Gilmartin,938
Clackamas,Precinct 500,Judge of the Circuit Court,"5th District, Position 6",,Colleen F. Gilmartin,305
Clackamas,Precinct 501,Judge of the Circuit Court,"5th District, Position 6",,Colleen F. Gilmartin,1243
Clackamas,Precinct 502,Judge of the Circuit Court,"5th District, Position 6",,Colleen F. Gilmartin,1136
Clackamas,Precinct 503,Judge of the Circuit Court,"5th District, Position 6",,Colleen F. Gilmartin,1030
Clackamas,Precinct 504,Judge of the Circuit Court,"5th District, Position 6",,Colleen F. Gilmartin,1297
Clackamas,Precinct 506,Judge of the Circuit Court,"5th District, Position 6",,Colleen F. Gilmartin,731
Clackamas,Precinct 510,Judge of the Circuit Court,"5th District, Position 6",,Colleen F. Gilmartin,251
Clackamas,Precinct 511,Judge of the Circuit Court,"5th District, Position 6",,Colleen F. Gilmartin,614
Clackamas,Precinct 512,Judge of the Circuit Court,"5th District, Position 6",,Colleen F. Gilmartin,548
Clackamas,Precinct 513,Judge of the Circuit Court,"5th District, Position 6",,Colleen F. Gilmartin,36
Clackamas,Precinct 514,Judge of the Circuit Court,"5th District, Position 6",,Colleen F. Gilmartin,1300
Clackamas,Precinct 515,Judge of the Circuit Court,"5th District, Position 6",,Colleen F. Gilmartin,341
Clackamas,Precinct 516,Judge of the Circuit Court,"5th District, Position 6",,Colleen F. Gilmartin,611
Clackamas,Precinct 517,Judge of the Circuit Court,"5th District, Position 6",,Colleen F. Gilmartin,503
Clackamas,Precinct 518,Judge of the Circuit Court,"5th District, Position 6",,Colleen F. Gilmartin,572
Clackamas,Precinct 600,Judge of the Circuit Court,"5th District, Position 6",,Colleen F. Gilmartin,1156
Clackamas,Precinct 602,Judge of the Circuit Court,"5th District, Position 6",,Colleen F. Gilmartin,1037
Clackamas,Precinct 604,Judge of the Circuit Court,"5th District, Position 6",,Colleen F. Gilmartin,1828
Clackamas,Precinct 606,Judge of the Circuit Court,"5th District, Position 6",,Colleen F. Gilmartin,542
Clackamas,Precinct 608,Judge of the Circuit Court,"5th District, Position 6",,Colleen F. Gilmartin,710
Clackamas,Precinct 614,Judge of the Circuit Court,"5th District, Position 6",,Colleen F. Gilmartin,604
Clackamas,Precinct 616,Judge of the Circuit Court,"5th District, Position 6",,Colleen F. Gilmartin,860
Clackamas,Precinct 618,Judge of the Circuit Court,"5th District, Position 6",,Colleen F. Gilmartin,144
Clackamas,Precinct 620,Judge of the Circuit Court,"5th District, Position 6",,Colleen F. Gilmartin,93
Clackamas,Precinct 622,Judge of the Circuit Court,"5th District, Position 6",,Colleen F. Gilmartin,625
Clackamas,Precinct 626,Judge of the Circuit Court,"5th District, Position 6",,Colleen F. Gilmartin,1050
Clackamas,Precinct 628,Judge of the Circuit Court,"5th District, Position 6",,Colleen F. Gilmartin,226
Clackamas,Precinct 630,Judge of the Circuit Court,"5th District, Position 6",,Colleen F. Gilmartin,1383
Clackamas,Precinct 100,Judge of the Circuit Court,"5th District, Position 6",,Over Votes,0
Clackamas,Precinct 101,Judge of the Circuit Court,"5th District, Position 6",,Over Votes,0
Clackamas,Precinct 102,Judge of the Circuit Court,"5th District, Position 6",,Over Votes,0
Clackamas,Precinct 103,Judge of the Circuit Court,"5th District, Position 6",,Over Votes,0
Clackamas,Precinct 104,Judge of the Circuit Court,"5th District, Position 6",,Over Votes,0
Clackamas,Precinct 105,Judge of the Circuit Court,"5th District, Position 6",,Over Votes,0
Clackamas,Precinct 106,Judge of the Circuit Court,"5th District, Position 6",,Over Votes,0
Clackamas,Precinct 107,Judge of the Circuit Court,"5th District, Position 6",,Over Votes,0
Clackamas,Precinct 108,Judge of the Circuit Court,"5th District, Position 6",,Over Votes,0
Clackamas,Precinct 109,Judge of the Circuit Court,"5th District, Position 6",,Over Votes,0
Clackamas,Precinct 111,Judge of the Circuit Court,"5th District, Position 6",,Over Votes,0
Clackamas,Precinct 112,Judge of the Circuit Court,"5th District, Position 6",,Over Votes,0
Clackamas,Precinct 113,Judge of the Circuit Court,"5th District, Position 6",,Over Votes,0
Clackamas,Precinct 114,Judge of the Circuit Court,"5th District, Position 6",,Over Votes,0
Clackamas,Precinct 115,Judge of the Circuit Court,"5th District, Position 6",,Over Votes,0
Clackamas,Precinct 116,Judge of the Circuit Court,"5th District, Position 6",,Over Votes,0
Clackamas,Precinct 122,Judge of the Circuit Court,"5th District, Position 6",,Over Votes,0
Clackamas,Precinct 123,Judge of the Circuit Court,"5th District, Position 6",,Over Votes,0
Clackamas,Precinct 124,Judge of the Circuit Court,"5th District, Position 6",,Over Votes,0
Clackamas,Precinct 125,Judge of the Circuit Court,"5th District, Position 6",,Over Votes,0
Clackamas,Precinct 127,Judge of the Circuit Court,"5th District, Position 6",,Over Votes,0
Clackamas,Precinct 131,Judge of the Circuit Court,"5th District, Position 6",,Over Votes,0
Clackamas,Precinct 132,Judge of the Circuit Court,"5th District, Position 6",,Over Votes,0
Clackamas,Precinct 133,Judge of the Circuit Court,"5th District, Position 6",,Over Votes,0
Clackamas,Precinct 134,Judge of the Circuit Court,"5th District, Position 6",,Over Votes,0
Clackamas,Precinct 135,Judge of the Circuit Court,"5th District, Position 6",,Over Votes,0
Clackamas,Precinct 151,Judge of the Circuit Court,"5th District, Position 6",,Over Votes,0
Clackamas,Precinct 152,Judge of the Circuit Court,"5th District, Position 6",,Over Votes,0
Clackamas,Precinct 153,Judge of the Circuit Court,"5th District, Position 6",,Over Votes,0
Clackamas,Precinct 154,Judge of the Circuit Court,"5th District, Position 6",,Over Votes,0
Clackamas,Precinct 155,Judge of the Circuit Court,"5th District, Position 6",,Over Votes,0
Clackamas,Precinct 156,Judge of the Circuit Court,"5th District, Position 6",,Over Votes,0
Clackamas,Precinct 157,Judge of the Circuit Court,"5th District, Position 6",,Over Votes,0
Clackamas,Precinct 158,Judge of the Circuit Court,"5th District, Position 6",,Over Votes,0
Clackamas,Precinct 159,Judge of the Circuit Court,"5th District, Position 6",,Over Votes,0
Clackamas,Precinct 160,Judge of the Circuit Court,"5th District, Position 6",,Over Votes,0
Clackamas,Precinct 161,Judge of the Circuit Court,"5th District, Position 6",,Over Votes,0
Clackamas,Precinct 162,Judge of the Circuit Court,"5th District, Position 6",,Over Votes,0
Clackamas,Precinct 201,Judge of the Circuit Court,"5th District, Position 6",,Over Votes,0
Clackamas,Precinct 202,Judge of the Circuit Court,"5th District, Position 6",,Over Votes,0
Clackamas,Precinct 203,Judge of the Circuit Court,"5th District, Position 6",,Over Votes,0
Clackamas,Precinct 204,Judge of the Circuit Court,"5th District, Position 6",,Over Votes,0
Clackamas,Precinct 251,Judge of the Circuit Court,"5th District, Position 6",,Over Votes,0
Clackamas,Precinct 279,Judge of the Circuit Court,"5th District, Position 6",,Over Votes,0
Clackamas,Precinct 280,Judge of the Circuit Court,"5th District, Position 6",,Over Votes,0
Clackamas,Precinct 281,Judge of the Circuit Court,"5th District, Position 6",,Over Votes,0
Clackamas,Precinct 282,Judge of the Circuit Court,"5th District, Position 6",,Over Votes,0
Clackamas,Precinct 283,Judge of the Circuit Court,"5th District, Position 6",,Over Votes,0
Clackamas,Precinct 284,Judge of the Circuit Court,"5th District, Position 6",,Over Votes,0
Clackamas,Precinct 285,Judge of the Circuit Court,"5th District, Position 6",,Over Votes,0
Clackamas,Precinct 286,Judge of the Circuit Court,"5th District, Position 6",,Over Votes,0
Clackamas,Precinct 320,Judge of the Circuit Court,"5th District, Position 6",,Over Votes,0
Clackamas,Precinct 321,Judge of the Circuit Court,"5th District, Position 6",,Over Votes,0
Clackamas,Precinct 322,Judge of the Circuit Court,"5th District, Position 6",,Over Votes,0
Clackamas,Precinct 323,Judge of the Circuit Court,"5th District, Position 6",,Over Votes,0
Clackamas,Precinct 324,Judge of the Circuit Court,"5th District, Position 6",,Over Votes,0
Clackamas,Precinct 330,Judge of the Circuit Court,"5th District, Position 6",,Over Votes,0
Clackamas,Precinct 331,Judge of the Circuit Court,"5th District, Position 6",,Over Votes,0
Clackamas,Precinct 332,Judge of the Circuit Court,"5th District, Position 6",,Over Votes,0
Clackamas,Precinct 350,Judge of the Circuit Court,"5th District, Position 6",,Over Votes,0
Clackamas,Precinct 355,Judge of the Circuit Court,"5th District, Position 6",,Over Votes,0
Clackamas,Precinct 357,Judge of the Circuit Court,"5th District, Position 6",,Over Votes,0
Clackamas,Precinct 358,Judge of the Circuit Court,"5th District, Position 6",,Over Votes,0
Clackamas,Precinct 359,Judge of the Circuit Court,"5th District, Position 6",,Over Votes,0
Clackamas,Precinct 360,Judge of the Circuit Court,"5th District, Position 6",,Over Votes,0
Clackamas,Precinct 361,Judge of the Circuit Court,"5th District, Position 6",,Over Votes,0
Clackamas,Precinct 362,Judge of the Circuit Court,"5th District, Position 6",,Over Votes,0
Clackamas,Precinct 363,Judge of the Circuit Court,"5th District, Position 6",,Over Votes,0
Clackamas,Precinct 364,Judge of the Circuit Court,"5th District, Position 6",,Over Votes,0
Clackamas,Precinct 371,Judge of the Circuit Court,"5th District, Position 6",,Over Votes,0
Clackamas,Precinct 372,Judge of the Circuit Court,"5th District, Position 6",,Over Votes,0
Clackamas,Precinct 373,Judge of the Circuit Court,"5th District, Position 6",,Over Votes,0
Clackamas,Precinct 374,Judge of the Circuit Court,"5th District, Position 6",,Over Votes,0
Clackamas,Precinct 400,Judge of the Circuit Court,"5th District, Position 6",,Over Votes,0
Clackamas,Precinct 403,Judge of the Circuit Court,"5th District, Position 6",,Over Votes,0
Clackamas,Precinct 404,Judge of the Circuit Court,"5th District, Position 6",,Over Votes,0
Clackamas,Precinct 405,Judge of the Circuit Court,"5th District, Position 6",,Over Votes,0
Clackamas,Precinct 406,Judge of the Circuit Court,"5th District, Position 6",,Over Votes,0
Clackamas,Precinct 410,Judge of the Circuit Court,"5th District, Position 6",,Over Votes,0
Clackamas,Precinct 411,Judge of the Circuit Court,"5th District, Position 6",,Over Votes,0
Clackamas,Precinct 412,Judge of the Circuit Court,"5th District, Position 6",,Over Votes,0
Clackamas,Precinct 413,Judge of the Circuit Court,"5th District, Position 6",,Over Votes,0
Clackamas,Precinct 414,Judge of the Circuit Court,"5th District, Position 6",,Over Votes,0
Clackamas,Precinct 415,Judge of the Circuit Court,"5th District, Position 6",,Over Votes,0
Clackamas,Precinct 416,Judge of the Circuit Court,"5th District, Position 6",,Over Votes,0
Clackamas,Precinct 417,Judge of the Circuit Court,"5th District, Position 6",,Over Votes,0
Clackamas,Precinct 418,Judge of the Circuit Court,"5th District, Position 6",,Over Votes,0
Clackamas,Precinct 419,Judge of the Circuit Court,"5th District, Position 6",,Over Votes,0
Clackamas,Precinct 420,Judge of the Circuit Court,"5th District, Position 6",,Over Votes,0
Clackamas,Precinct 421,Judge of the Circuit Court,"5th District, Position 6",,Over Votes,0
Clackamas,Precinct 422,Judge of the Circuit Court,"5th District, Position 6",,Over Votes,0
Clackamas,Precinct 500,Judge of the Circuit Court,"5th District, Position 6",,Over Votes,0
Clackamas,Precinct 501,Judge of the Circuit Court,"5th District, Position 6",,Over Votes,0
Clackamas,Precinct 502,Judge of the Circuit Court,"5th District, Position 6",,Over Votes,0
Clackamas,Precinct 503,Judge of the Circuit Court,"5th District, Position 6",,Over Votes,0
Clackamas,Precinct 504,Judge of the Circuit Court,"5th District, Position 6",,Over Votes,0
Clackamas,Precinct 506,Judge of the Circuit Court,"5th District, Position 6",,Over Votes,0
Clackamas,Precinct 510,Judge of the Circuit Court,"5th District, Position 6",,Over Votes,0
Clackamas,Precinct 511,Judge of the Circuit Court,"5th District, Position 6",,Over Votes,0
Clackamas,Precinct 512,Judge of the Circuit Court,"5th District, Position 6",,Over Votes,0
Clackamas,Precinct 513,Judge of the Circuit Court,"5th District, Position 6",,Over Votes,0
Clackamas,Precinct 514,Judge of the Circuit Court,"5th District, Position 6",,Over Votes,0
Clackamas,Precinct 515,Judge of the Circuit Court,"5th District, Position 6",,Over Votes,0
Clackamas,Precinct 516,Judge of the Circuit Court,"5th District, Position 6",,Over Votes,0
Clackamas,Precinct 517,Judge of the Circuit Court,"5th District, Position 6",,Over Votes,0
Clackamas,Precinct 518,Judge of the Circuit Court,"5th District, Position 6",,Over Votes,0
Clackamas,Precinct 600,Judge of the Circuit Court,"5th District, Position 6",,Over Votes,0
Clackamas,Precinct 602,Judge of the Circuit Court,"5th District, Position 6",,Over Votes,0
Clackamas,Precinct 604,Judge of the Circuit Court,"5th District, Position 6",,Over Votes,0
Clackamas,Precinct 606,Judge of the Circuit Court,"5th District, Position 6",,Over Votes,0
Clackamas,Precinct 608,Judge of the Circuit Court,"5th District, Position 6",,Over Votes,0
Clackamas,Precinct 614,Judge of the Circuit Court,"5th District, Position 6",,Over Votes,0
Clackamas,Precinct 616,Judge of the Circuit Court,"5th District, Position 6",,Over Votes,0
Clackamas,Precinct 618,Judge of the Circuit Court,"5th District, Position 6",,Over Votes,0
Clackamas,Precinct 620,Judge of the Circuit Court,"5th District, Position 6",,Over Votes,0
Clackamas,Precinct 622,Judge of the Circuit Court,"5th District, Position 6",,Over Votes,0
Clackamas,Precinct 626,Judge of the Circuit Court,"5th District, Position 6",,Over Votes,0
Clackamas,Precinct 628,Judge of the Circuit Court,"5th District, Position 6",,Over Votes,0
Clackamas,Precinct 630,Judge of the Circuit Court,"5th District, Position 6",,Over Votes,0
Clackamas,Precinct 100,Judge of the Circuit Court,"5th District, Position 6",,Under Votes,27
Clackamas,Precinct 101,Judge of the Circuit Court,"5th District, Position 6",,Under Votes,1442
Clackamas,Precinct 102,Judge of the Circuit Court,"5th District, Position 6",,Under Votes,391
Clackamas,Precinct 103,Judge of the Circuit Court,"5th District, Position 6",,Under Votes,817
Clackamas,Precinct 104,Judge of the Circuit Court,"5th District, Position 6",,Under Votes,4
Clackamas,Precinct 105,Judge of the Circuit Court,"5th District, Position 6",,Under Votes,1210
Clackamas,Precinct 106,Judge of the Circuit Court,"5th District, Position 6",,Under Votes,941
Clackamas,Precinct 107,Judge of the Circuit Court,"5th District, Position 6",,Under Votes,617
Clackamas,Precinct 108,Judge of the Circuit Court,"5th District, Position 6",,Under Votes,1354
Clackamas,Precinct 109,Judge of the Circuit Court,"5th District, Position 6",,Under Votes,0
Clackamas,Precinct 111,Judge of the Circuit Court,"5th District, Position 6",,Under Votes,1499
Clackamas,Precinct 112,Judge of the Circuit Court,"5th District, Position 6",,Under Votes,0
Clackamas,Precinct 113,Judge of the Circuit Court,"5th District, Position 6",,Under Votes,21
Clackamas,Precinct 114,Judge of the Circuit Court,"5th District, Position 6",,Under Votes,47
Clackamas,Precinct 115,Judge of the Circuit Court,"5th District, Position 6",,Under Votes,89
Clackamas,Precinct 116,Judge of the Circuit Court,"5th District, Position 6",,Under Votes,1
Clackamas,Precinct 122,Judge of the Circuit Court,"5th District, Position 6",,Under Votes,1299
Clackamas,Precinct 123,Judge of the Circuit Court,"5th District, Position 6",,Under Votes,816
Clackamas,Precinct 124,Judge of the Circuit Court,"5th District, Position 6",,Under Votes,1498
Clackamas,Precinct 125,Judge of the Circuit Court,"5th District, Position 6",,Under Votes,571
Clackamas,Precinct 127,Judge of the Circuit Court,"5th District, Position 6",,Under Votes,32
Clackamas,Precinct 131,Judge of the Circuit Court,"5th District, Position 6",,Under Votes,1589
Clackamas,Precinct 132,Judge of the Circuit Court,"5th District, Position 6",,Under Votes,1178
Clackamas,Precinct 133,Judge of the Circuit Court,"5th District, Position 6",,Under Votes,515
Clackamas,Precinct 134,Judge of the Circuit Court,"5th District, Position 6",,Under Votes,3
Clackamas,Precinct 135,Judge of the Circuit Court,"5th District, Position 6",,Under Votes,1411
Clackamas,Precinct 151,Judge of the Circuit Court,"5th District, Position 6",,Under Votes,765
Clackamas,Precinct 152,Judge of the Circuit Court,"5th District, Position 6",,Under Votes,1612
Clackamas,Precinct 153,Judge of the Circuit Court,"5th District, Position 6",,Under Votes,106
Clackamas,Precinct 154,Judge of the Circuit Court,"5th District, Position 6",,Under Votes,16
Clackamas,Precinct 155,Judge of the Circuit Court,"5th District, Position 6",,Under Votes,702
Clackamas,Precinct 156,Judge of the Circuit Court,"5th District, Position 6",,Under Votes,1353
Clackamas,Precinct 157,Judge of the Circuit Court,"5th District, Position 6",,Under Votes,26
Clackamas,Precinct 158,Judge of the Circuit Court,"5th District, Position 6",,Under Votes,989
Clackamas,Precinct 159,Judge of the Circuit Court,"5th District, Position 6",,Under Votes,761
Clackamas,Precinct 160,Judge of the Circuit Court,"5th District, Position 6",,Under Votes,431
Clackamas,Precinct 161,Judge of the Circuit Court,"5th District, Position 6",,Under Votes,149
Clackamas,Precinct 162,Judge of the Circuit Court,"5th District, Position 6",,Under Votes,168
Clackamas,Precinct 201,Judge of the Circuit Court,"5th District, Position 6",,Under Votes,1159
Clackamas,Precinct 202,Judge of the Circuit Court,"5th District, Position 6",,Under Votes,1335
Clackamas,Precinct 203,Judge of the Circuit Court,"5th District, Position 6",,Under Votes,784
Clackamas,Precinct 204,Judge of the Circuit Court,"5th District, Position 6",,Under Votes,710
Clackamas,Precinct 251,Judge of the Circuit Court,"5th District, Position 6",,Under Votes,531
Clackamas,Precinct 279,Judge of the Circuit Court,"5th District, Position 6",,Under Votes,25
Clackamas,Precinct 280,Judge of the Circuit Court,"5th District, Position 6",,Under Votes,90
Clackamas,Precinct 281,Judge of the Circuit Court,"5th District, Position 6",,Under Votes,297
Clackamas,Precinct 282,Judge of the Circuit Court,"5th District, Position 6",,Under Votes,84
Clackamas,Precinct 283,Judge of the Circuit Court,"5th District, Position 6",,Under Votes,137
Clackamas,Precinct 284,Judge of the Circuit Court,"5th District, Position 6",,Under Votes,105
Clackamas,Precinct 285,Judge of the Circuit Court,"5th District, Position 6",,Under Votes,6
Clackamas,Precinct 286,Judge of the Circuit Court,"5th District, Position 6",,Under Votes,41
Clackamas,Precinct 320,Judge of the Circuit Court,"5th District, Position 6",,Under Votes,32
Clackamas,Precinct 321,Judge of the Circuit Court,"5th District, Position 6",,Under Votes,901
Clackamas,Precinct 322,Judge of the Circuit Court,"5th District, Position 6",,Under Votes,422
Clackamas,Precinct 323,Judge of the Circuit Court,"5th District, Position 6",,Under Votes,515
Clackamas,Precinct 324,Judge of the Circuit Court,"5th District, Position 6",,Under Votes,20
Clackamas,Precinct 330,Judge of the Circuit Court,"5th District, Position 6",,Under Votes,1640
Clackamas,Precinct 331,Judge of the Circuit Court,"5th District, Position 6",,Under Votes,862
Clackamas,Precinct 332,Judge of the Circuit Court,"5th District, Position 6",,Under Votes,242
Clackamas,Precinct 350,Judge of the Circuit Court,"5th District, Position 6",,Under Votes,1371
Clackamas,Precinct 355,Judge of the Circuit Court,"5th District, Position 6",,Under Votes,0
Clackamas,Precinct 357,Judge of the Circuit Court,"5th District, Position 6",,Under Votes,75
Clackamas,Precinct 358,Judge of the Circuit Court,"5th District, Position 6",,Under Votes,166
Clackamas,Precinct 359,Judge of the Circuit Court,"5th District, Position 6",,Under Votes,1101
Clackamas,Precinct 360,Judge of the Circuit Court,"5th District, Position 6",,Under Votes,448
Clackamas,Precinct 361,Judge of the Circuit Court,"5th District, Position 6",,Under Votes,3
Clackamas,Precinct 362,Judge of the Circuit Court,"5th District, Position 6",,Under Votes,321
Clackamas,Precinct 363,Judge of the Circuit Court,"5th District, Position 6",,Under Votes,876
Clackamas,Precinct 364,Judge of the Circuit Court,"5th District, Position 6",,Under Votes,102
Clackamas,Precinct 371,Judge of the Circuit Court,"5th District, Position 6",,Under Votes,103
Clackamas,Precinct 372,Judge of the Circuit Court,"5th District, Position 6",,Under Votes,12
Clackamas,Precinct 373,Judge of the Circuit Court,"5th District, Position 6",,Under Votes,1372
Clackamas,Precinct 374,Judge of the Circuit Court,"5th District, Position 6",,Under Votes,0
Clackamas,Precinct 400,Judge of the Circuit Court,"5th District, Position 6",,Under Votes,1728
Clackamas,Precinct 403,Judge of the Circuit Court,"5th District, Position 6",,Under Votes,470
Clackamas,Precinct 404,Judge of the Circuit Court,"5th District, Position 6",,Under Votes,1566
Clackamas,Precinct 405,Judge of the Circuit Court,"5th District, Position 6",,Under Votes,862
Clackamas,Precinct 406,Judge of the Circuit Court,"5th District, Position 6",,Under Votes,382
Clackamas,Precinct 410,Judge of the Circuit Court,"5th District, Position 6",,Under Votes,809
Clackamas,Precinct 411,Judge of the Circuit Court,"5th District, Position 6",,Under Votes,1089
Clackamas,Precinct 412,Judge of the Circuit Court,"5th District, Position 6",,Under Votes,664
Clackamas,Precinct 413,Judge of the Circuit Court,"5th District, Position 6",,Under Votes,39
Clackamas,Precinct 414,Judge of the Circuit Court,"5th District, Position 6",,Under Votes,230
Clackamas,Precinct 415,Judge of the Circuit Court,"5th District, Position 6",,Under Votes,177
Clackamas,Precinct 416,Judge of the Circuit Court,"5th District, Position 6",,Under Votes,702
Clackamas,Precinct 417,Judge of the Circuit Court,"5th District, Position 6",,Under Votes,381
Clackamas,Precinct 418,Judge of the Circuit Court,"5th District, Position 6",,Under Votes,405
Clackamas,Precinct 419,Judge of the Circuit Court,"5th District, Position 6",,Under Votes,543
Clackamas,Precinct 420,Judge of the Circuit Court,"5th District, Position 6",,Under Votes,525
Clackamas,Precinct 421,Judge of the Circuit Court,"5th District, Position 6",,Under Votes,517
Clackamas,Precinct 422,Judge of the Circuit Court,"5th District, Position 6",,Under Votes,970
Clackamas,Precinct 500,Judge of the Circuit Court,"5th District, Position 6",,Under Votes,352
Clackamas,Precinct 501,Judge of the Circuit Court,"5th District, Position 6",,Under Votes,1141
Clackamas,Precinct 502,Judge of the Circuit Court,"5th District, Position 6",,Under Votes,1279
Clackamas,Precinct 503,Judge of the Circuit Court,"5th District, Position 6",,Under Votes,1165
Clackamas,Precinct 504,Judge of the Circuit Court,"5th District, Position 6",,Under Votes,1376
Clackamas,Precinct 506,Judge of the Circuit Court,"5th District, Position 6",,Under Votes,844
Clackamas,Precinct 510,Judge of the Circuit Court,"5th District, Position 6",,Under Votes,355
Clackamas,Precinct 511,Judge of the Circuit Court,"5th District, Position 6",,Under Votes,858
Clackamas,Precinct 512,Judge of the Circuit Court,"5th District, Position 6",,Under Votes,674
Clackamas,Precinct 513,Judge of the Circuit Court,"5th District, Position 6",,Under Votes,48
Clackamas,Precinct 514,Judge of the Circuit Court,"5th District, Position 6",,Under Votes,2112
Clackamas,Precinct 515,Judge of the Circuit Court,"5th District, Position 6",,Under Votes,644
Clackamas,Precinct 516,Judge of the Circuit Court,"5th District, Position 6",,Under Votes,886
Clackamas,Precinct 517,Judge of the Circuit Court,"5th District, Position 6",,Under Votes,810
Clackamas,Precinct 518,Judge of the Circuit Court,"5th District, Position 6",,Under Votes,891
Clackamas,Precinct 600,Judge of the Circuit Court,"5th District, Position 6",,Under Votes,1328
Clackamas,Precinct 602,Judge of the Circuit Court,"5th District, Position 6",,Under Votes,1302
Clackamas,Precinct 604,Judge of the Circuit Court,"5th District, Position 6",,Under Votes,2123
Clackamas,Precinct 606,Judge of the Circuit Court,"5th District, Position 6",,Under Votes,567
Clackamas,Precinct 608,Judge of the Circuit Court,"5th District, Position 6",,Under Votes,790
Clackamas,Precinct 614,Judge of the Circuit Court,"5th District, Position 6",,Under Votes,650
Clackamas,Precinct 616,Judge of the Circuit Court,"5th District, Position 6",,Under Votes,1144
Clackamas,Precinct 618,Judge of the Circuit Court,"5th District, Position 6",,Under Votes,166
Clackamas,Precinct 620,Judge of the Circuit Court,"5th District, Position 6",,Under Votes,57
Clackamas,Precinct 622,Judge of the Circuit Court,"5th District, Position 6",,Under Votes,636
Clackamas,Precinct 626,Judge of the Circuit Court,"5th District, Position 6",,Under Votes,1196
Clackamas,Precinct 628,Judge of the Circuit Court,"5th District, Position 6",,Under Votes,281
Clackamas,Precinct 630,Judge of the Circuit Court,"5th District, Position 6",,Under Votes,1664
Clackamas,Precinct 100,Judge of the Circuit Court,"5th District, Position 6",,Write-ins,0
Clackamas,Precinct 101,Judge of the Circuit Court,"5th District, Position 6",,Write-ins,12
Clackamas,Precinct 102,Judge of the Circuit Court,"5th District, Position 6",,Write-ins,2
Clackamas,Precinct 103,Judge of the Circuit Court,"5th District, Position 6",,Write-ins,5
Clackamas,Precinct 104,Judge of the Circuit Court,"5th District, Position 6",,Write-ins,0
Clackamas,Precinct 105,Judge of the Circuit Court,"5th District, Position 6",,Write-ins,9
Clackamas,Precinct 106,Judge of the Circuit Court,"5th District, Position 6",,Write-ins,11
Clackamas,Precinct 107,Judge of the Circuit Court,"5th District, Position 6",,Write-ins,8
Clackamas,Precinct 108,Judge of the Circuit Court,"5th District, Position 6",,Write-ins,24
Clackamas,Precinct 109,Judge of the Circuit Court,"5th District, Position 6",,Write-ins,0
Clackamas,Precinct 111,Judge of the Circuit Court,"5th District, Position 6",,Write-ins,22
Clackamas,Precinct 112,Judge of the Circuit Court,"5th District, Position 6",,Write-ins,0
Clackamas,Precinct 113,Judge of the Circuit Court,"5th District, Position 6",,Write-ins,0
Clackamas,Precinct 114,Judge of the Circuit Court,"5th District, Position 6",,Write-ins,0
Clackamas,Precinct 115,Judge of the Circuit Court,"5th District, Position 6",,Write-ins,1
Clackamas,Precinct 116,Judge of the Circuit Court,"5th District, Position 6",,Write-ins,0
Clackamas,Precinct 122,Judge of the Circuit Court,"5th District, Position 6",,Write-ins,12
Clackamas,Precinct 123,Judge of the Circuit Court,"5th District, Position 6",,Write-ins,6
Clackamas,Precinct 124,Judge of the Circuit Court,"5th District, Position 6",,Write-ins,20
Clackamas,Precinct 125,Judge of the Circuit Court,"5th District, Position 6",,Write-ins,7
Clackamas,Precinct 127,Judge of the Circuit Court,"5th District, Position 6",,Write-ins,1
Clackamas,Precinct 131,Judge of the Circuit Court,"5th District, Position 6",,Write-ins,20
Clackamas,Precinct 132,Judge of the Circuit Court,"5th District, Position 6",,Write-ins,17
Clackamas,Precinct 133,Judge of the Circuit Court,"5th District, Position 6",,Write-ins,2
Clackamas,Precinct 134,Judge of the Circuit Court,"5th District, Position 6",,Write-ins,0
Clackamas,Precinct 135,Judge of the Circuit Court,"5th District, Position 6",,Write-ins,18
Clackamas,Precinct 151,Judge of the Circuit Court,"5th District, Position 6",,Write-ins,3
Clackamas,Precinct 152,Judge of the Circuit Court,"5th District, Position 6",,Write-ins,12
Clackamas,Precinct 153,Judge of the Circuit Court,"5th District, Position 6",,Write-ins,1
Clackamas,Precinct 154,Judge of the Circuit Court,"5th District, Position 6",,Write-ins,0
Clackamas,Precinct 155,Judge of the Circuit Court,"5th District, Position 6",,Write-ins,7
Clackamas,Precinct 156,Judge of the Circuit Court,"5th District, Position 6",,Write-ins,4
Clackamas,Precinct 157,Judge of the Circuit Court,"5th District, Position 6",,Write-ins,0
Clackamas,Precinct 158,Judge of the Circuit Court,"5th District, Position 6",,Write-ins,2
Clackamas,Precinct 159,Judge of the Circuit Court,"5th District, Position 6",,Write-ins,7
Clackamas,Precinct 160,Judge of the Circuit Court,"5th District, Position 6",,Write-ins,1
Clackamas,Precinct 161,Judge of the Circuit Court,"5th District, Position 6",,Write-ins,1
Clackamas,Precinct 162,Judge of the Circuit Court,"5th District, Position 6",,Write-ins,1
Clackamas,Precinct 201,Judge of the Circuit Court,"5th District, Position 6",,Write-ins,3
Clackamas,Precinct 202,Judge of the Circuit Court,"5th District, Position 6",,Write-ins,13
Clackamas,Precinct 203,Judge of the Circuit Court,"5th District, Position 6",,Write-ins,1
Clackamas,Precinct 204,Judge of the Circuit Court,"5th District, Position 6",,Write-ins,3
Clackamas,Precinct 251,Judge of the Circuit Court,"5th District, Position 6",,Write-ins,2
Clackamas,Precinct 279,Judge of the Circuit Court,"5th District, Position 6",,Write-ins,0
Clackamas,Precinct 280,Judge of the Circuit Court,"5th District, Position 6",,Write-ins,2
Clackamas,Precinct 281,Judge of the Circuit Court,"5th District, Position 6",,Write-ins,6
Clackamas,Precinct 282,Judge of the Circuit Court,"5th District, Position 6",,Write-ins,2
Clackamas,Precinct 283,Judge of the Circuit Court,"5th District, Position 6",,Write-ins,0
Clackamas,Precinct 284,Judge of the Circuit Court,"5th District, Position 6",,Write-ins,1
Clackamas,Precinct 285,Judge of the Circuit Court,"5th District, Position 6",,Write-ins,0
Clackamas,Precinct 286,Judge of the Circuit Court,"5th District, Position 6",,Write-ins,0
Clackamas,Precinct 320,Judge of the Circuit Court,"5th District, Position 6",,Write-ins,0
Clackamas,Precinct 321,Judge of the Circuit Court,"5th District, Position 6",,Write-ins,4
Clackamas,Precinct 322,Judge of the Circuit Court,"5th District, Position 6",,Write-ins,4
Clackamas,Precinct 323,Judge of the Circuit Court,"5th District, Position 6",,Write-ins,8
Clackamas,Precinct 324,Judge of the Circuit Court,"5th District, Position 6",,Write-ins,0
Clackamas,Precinct 330,Judge of the Circuit Court,"5th District, Position 6",,Write-ins,18
Clackamas,Precinct 331,Judge of the Circuit Court,"5th District, Position 6",,Write-ins,3
Clackamas,Precinct 332,Judge of the Circuit Court,"5th District, Position 6",,Write-ins,2
Clackamas,Precinct 350,Judge of the Circuit Court,"5th District, Position 6",,Write-ins,15
Clackamas,Precinct 355,Judge of the Circuit Court,"5th District, Position 6",,Write-ins,0
Clackamas,Precinct 357,Judge of the Circuit Court,"5th District, Position 6",,Write-ins,2
Clackamas,Precinct 358,Judge of the Circuit Court,"5th District, Position 6",,Write-ins,4
Clackamas,Precinct 359,Judge of the Circuit Court,"5th District, Position 6",,Write-ins,7
Clackamas,Precinct 360,Judge of the Circuit Court,"5th District, Position 6",,Write-ins,5
Clackamas,Precinct 361,Judge of the Circuit Court,"5th District, Position 6",,Write-ins,0
Clackamas,Precinct 362,Judge of the Circuit Court,"5th District, Position 6",,Write-ins,3
Clackamas,Precinct 363,Judge of the Circuit Court,"5th District, Position 6",,Write-ins,12
Clackamas,Precinct 364,Judge of the Circuit Court,"5th District, Position 6",,Write-ins,1
Clackamas,Precinct 371,Judge of the Circuit Court,"5th District, Position 6",,Write-ins,1
Clackamas,Precinct 372,Judge of the Circuit Court,"5th District, Position 6",,Write-ins,0
Clackamas,Precinct 373,Judge of the Circuit Court,"5th District, Position 6",,Write-ins,18
Clackamas,Precinct 374,Judge of the Circuit Court,"5th District, Position 6",,Write-ins,0
Clackamas,Precinct 400,Judge of the Circuit Court,"5th District, Position 6",,Write-ins,21
Clackamas,Precinct 403,Judge of the Circuit Court,"5th District, Position 6",,Write-ins,6
Clackamas,Precinct 404,Judge of the Circuit Court,"5th District, Position 6",,Write-ins,21
Clackamas,Precinct 405,Judge of the Circuit Court,"5th District, Position 6",,Write-ins,15
Clackamas,Precinct 406,Judge of the Circuit Court,"5th District, Position 6",,Write-ins,7
Clackamas,Precinct 410,Judge of the Circuit Court,"5th District, Position 6",,Write-ins,13
Clackamas,Precinct 411,Judge of the Circuit Court,"5th District, Position 6",,Write-ins,8
Clackamas,Precinct 412,Judge of the Circuit Court,"5th District, Position 6",,Write-ins,9
Clackamas,Precinct 413,Judge of the Circuit Court,"5th District, Position 6",,Write-ins,0
Clackamas,Precinct 414,Judge of the Circuit Court,"5th District, Position 6",,Write-ins,0
Clackamas,Precinct 415,Judge of the Circuit Court,"5th District, Position 6",,Write-ins,0
Clackamas,Precinct 416,Judge of the Circuit Court,"5th District, Position 6",,Write-ins,11
Clackamas,Precinct 417,Judge of the Circuit Court,"5th District, Position 6",,Write-ins,4
Clackamas,Precinct 418,Judge of the Circuit Court,"5th District, Position 6",,Write-ins,5
Clackamas,Precinct 419,Judge of the Circuit Court,"5th District, Position 6",,Write-ins,3
Clackamas,Precinct 420,Judge of the Circuit Court,"5th District, Position 6",,Write-ins,5
Clackamas,Precinct 421,Judge of the Circuit Court,"5th District, Position 6",,Write-ins,8
Clackamas,Precinct 422,Judge of the Circuit Court,"5th District, Position 6",,Write-ins,14
Clackamas,Precinct 500,Judge of the Circuit Court,"5th District, Position 6",,Write-ins,2
Clackamas,Precinct 501,Judge of the Circuit Court,"5th District, Position 6",,Write-ins,6
Clackamas,Precinct 502,Judge of the Circuit Court,"5th District, Position 6",,Write-ins,11
Clackamas,Precinct 503,Judge of the Circuit Court,"5th District, Position 6",,Write-ins,12
Clackamas,Precinct 504,Judge of the Circuit Court,"5th District, Position 6",,Write-ins,19
Clackamas,Precinct 506,Judge of the Circuit Court,"5th District, Position 6",,Write-ins,5
Clackamas,Precinct 510,Judge of the Circuit Court,"5th District, Position 6",,Write-ins,7
Clackamas,Precinct 511,Judge of the Circuit Court,"5th District, Position 6",,Write-ins,10
Clackamas,Precinct 512,Judge of the Circuit Court,"5th District, Position 6",,Write-ins,2
Clackamas,Precinct 513,Judge of the Circuit Court,"5th District, Position 6",,Write-ins,0
Clackamas,Precinct 514,Judge of the Circuit Court,"5th District, Position 6",,Write-ins,17
Clackamas,Precinct 515,Judge of the Circuit Court,"5th District, Position 6",,Write-ins,13
Clackamas,Precinct 516,Judge of the Circuit Court,"5th District, Position 6",,Write-ins,11
Clackamas,Precinct 517,Judge of the Circuit Court,"5th District, Position 6",,Write-ins,7
Clackamas,Precinct 518,Judge of the Circuit Court,"5th District, Position 6",,Write-ins,15
Clackamas,Precinct 600,Judge of the Circuit Court,"5th District, Position 6",,Write-ins,20
Clackamas,Precinct 602,Judge of the Circuit Court,"5th District, Position 6",,Write-ins,7
Clackamas,Precinct 604,Judge of the Circuit Court,"5th District, Position 6",,Write-ins,36
Clackamas,Precinct 606,Judge of the Circuit Court,"5th District, Position 6",,Write-ins,1
Clackamas,Precinct 608,Judge of the Circuit Court,"5th District, Position 6",,Write-ins,7
Clackamas,Precinct 614,Judge of the Circuit Court,"5th District, Position 6",,Write-ins,3
Clackamas,Precinct 616,Judge of the Circuit Court,"5th District, Position 6",,Write-ins,7
Clackamas,Precinct 618,Judge of the Circuit Court,"5th District, Position 6",,Write-ins,0
Clackamas,Precinct 620,Judge of the Circuit Court,"5th District, Position 6",,Write-ins,1
Clackamas,Precinct 622,Judge of the Circuit Court,"5th District, Position 6",,Write-ins,7
Clackamas,Precinct 626,Judge of the Circuit Court,"5th District, Position 6",,Write-ins,4
Clackamas,Precinct 628,Judge of the Circuit Court,"5th District, Position 6",,Write-ins,2
Clackamas,Precinct 630,Judge of the Circuit Court,"5th District, Position 6",,Write-ins,23
Clackamas,Precinct 100,Judge of the Circuit Court,"5th District, Position 8",,Heather L. Karabeika,17
Clackamas,Precinct 101,Judge of the Circuit Court,"5th District, Position 8",,Heather L. Karabeika,1284
Clackamas,Precinct 102,Judge of the Circuit Court,"5th District, Position 8",,Heather L. Karabeika,272
Clackamas,Precinct 103,Judge of the Circuit Court,"5th District, Position 8",,Heather L. Karabeika,642
Clackamas,Precinct 104,Judge of the Circuit Court,"5th District, Position 8",,Heather L. Karabeika,4
Clackamas,Precinct 105,Judge of the Circuit Court,"5th District, Position 8",,Heather L. Karabeika,952
Clackamas,Precinct 106,Judge of the Circuit Court,"5th District, Position 8",,Heather L. Karabeika,747
Clackamas,Precinct 107,Judge of the Circuit Court,"5th District, Position 8",,Heather L. Karabeika,454
Clackamas,Precinct 108,Judge of the Circuit Court,"5th District, Position 8",,Heather L. Karabeika,1022
Clackamas,Precinct 109,Judge of the Circuit Court,"5th District, Position 8",,Heather L. Karabeika,0
Clackamas,Precinct 111,Judge of the Circuit Court,"5th District, Position 8",,Heather L. Karabeika,1135
Clackamas,Precinct 112,Judge of the Circuit Court,"5th District, Position 8",,Heather L. Karabeika,0
Clackamas,Precinct 113,Judge of the Circuit Court,"5th District, Position 8",,Heather L. Karabeika,10
Clackamas,Precinct 114,Judge of the Circuit Court,"5th District, Position 8",,Heather L. Karabeika,36
Clackamas,Precinct 115,Judge of the Circuit Court,"5th District, Position 8",,Heather L. Karabeika,60
Clackamas,Precinct 116,Judge of the Circuit Court,"5th District, Position 8",,Heather L. Karabeika,0
Clackamas,Precinct 122,Judge of the Circuit Court,"5th District, Position 8",,Heather L. Karabeika,1086
Clackamas,Precinct 123,Judge of the Circuit Court,"5th District, Position 8",,Heather L. Karabeika,623
Clackamas,Precinct 124,Judge of the Circuit Court,"5th District, Position 8",,Heather L. Karabeika,1150
Clackamas,Precinct 125,Judge of the Circuit Court,"5th District, Position 8",,Heather L. Karabeika,427
Clackamas,Precinct 127,Judge of the Circuit Court,"5th District, Position 8",,Heather L. Karabeika,27
Clackamas,Precinct 131,Judge of the Circuit Court,"5th District, Position 8",,Heather L. Karabeika,1581
Clackamas,Precinct 132,Judge of the Circuit Court,"5th District, Position 8",,Heather L. Karabeika,1219
Clackamas,Precinct 133,Judge of the Circuit Court,"5th District, Position 8",,Heather L. Karabeika,512
Clackamas,Precinct 134,Judge of the Circuit Court,"5th District, Position 8",,Heather L. Karabeika,0
Clackamas,Precinct 135,Judge of the Circuit Court,"5th District, Position 8",,Heather L. Karabeika,1440
Clackamas,Precinct 151,Judge of the Circuit Court,"5th District, Position 8",,Heather L. Karabeika,724
Clackamas,Precinct 152,Judge of the Circuit Court,"5th District, Position 8",,Heather L. Karabeika,1509
Clackamas,Precinct 153,Judge of the Circuit Court,"5th District, Position 8",,Heather L. Karabeika,141
Clackamas,Precinct 154,Judge of the Circuit Court,"5th District, Position 8",,Heather L. Karabeika,28
Clackamas,Precinct 155,Judge of the Circuit Court,"5th District, Position 8",,Heather L. Karabeika,703
Clackamas,Precinct 156,Judge of the Circuit Court,"5th District, Position 8",,Heather L. Karabeika,1384
Clackamas,Precinct 157,Judge of the Circuit Court,"5th District, Position 8",,Heather L. Karabeika,21
Clackamas,Precinct 158,Judge of the Circuit Court,"5th District, Position 8",,Heather L. Karabeika,1105
Clackamas,Precinct 159,Judge of the Circuit Court,"5th District, Position 8",,Heather L. Karabeika,749
Clackamas,Precinct 160,Judge of the Circuit Court,"5th District, Position 8",,Heather L. Karabeika,471
Clackamas,Precinct 161,Judge of the Circuit Court,"5th District, Position 8",,Heather L. Karabeika,138
Clackamas,Precinct 162,Judge of the Circuit Court,"5th District, Position 8",,Heather L. Karabeika,200
Clackamas,Precinct 201,Judge of the Circuit Court,"5th District, Position 8",,Heather L. Karabeika,1220
Clackamas,Precinct 202,Judge of the Circuit Court,"5th District, Position 8",,Heather L. Karabeika,1288
Clackamas,Precinct 203,Judge of the Circuit Court,"5th District, Position 8",,Heather L. Karabeika,851
Clackamas,Precinct 204,Judge of the Circuit Court,"5th District, Position 8",,Heather L. Karabeika,649
Clackamas,Precinct 251,Judge of the Circuit Court,"5th District, Position 8",,Heather L. Karabeika,527
Clackamas,Precinct 279,Judge of the Circuit Court,"5th District, Position 8",,Heather L. Karabeika,35
Clackamas,Precinct 280,Judge of the Circuit Court,"5th District, Position 8",,Heather L. Karabeika,102
Clackamas,Precinct 281,Judge of the Circuit Court,"5th District, Position 8",,Heather L. Karabeika,317
Clackamas,Precinct 282,Judge of the Circuit Court,"5th District, Position 8",,Heather L. Karabeika,96
Clackamas,Precinct 283,Judge of the Circuit Court,"5th District, Position 8",,Heather L. Karabeika,100
Clackamas,Precinct 284,Judge of the Circuit Court,"5th District, Position 8",,Heather L. Karabeika,111
Clackamas,Precinct 285,Judge of the Circuit Court,"5th District, Position 8",,Heather L. Karabeika,7
Clackamas,Precinct 286,Judge of the Circuit Court,"5th District, Position 8",,Heather L. Karabeika,43
Clackamas,Precinct 320,Judge of the Circuit Court,"5th District, Position 8",,Heather L. Karabeika,30
Clackamas,Precinct 321,Judge of the Circuit Court,"5th District, Position 8",,Heather L. Karabeika,691
Clackamas,Precinct 322,Judge of the Circuit Court,"5th District, Position 8",,Heather L. Karabeika,305
Clackamas,Precinct 323,Judge of the Circuit Court,"5th District, Position 8",,Heather L. Karabeika,381
Clackamas,Precinct 324,Judge of the Circuit Court,"5th District, Position 8",,Heather L. Karabeika,19
Clackamas,Precinct 330,Judge of the Circuit Court,"5th District, Position 8",,Heather L. Karabeika,816
Clackamas,Precinct 331,Judge of the Circuit Court,"5th District, Position 8",,Heather L. Karabeika,445
Clackamas,Precinct 332,Judge of the Circuit Court,"5th District, Position 8",,Heather L. Karabeika,157
Clackamas,Precinct 350,Judge of the Circuit Court,"5th District, Position 8",,Heather L. Karabeika,643
Clackamas,Precinct 355,Judge of the Circuit Court,"5th District, Position 8",,Heather L. Karabeika,0
Clackamas,Precinct 357,Judge of the Circuit Court,"5th District, Position 8",,Heather L. Karabeika,40
Clackamas,Precinct 358,Judge of the Circuit Court,"5th District, Position 8",,Heather L. Karabeika,62
Clackamas,Precinct 359,Judge of the Circuit Court,"5th District, Position 8",,Heather L. Karabeika,671
Clackamas,Precinct 360,Judge of the Circuit Court,"5th District, Position 8",,Heather L. Karabeika,261
Clackamas,Precinct 361,Judge of the Circuit Court,"5th District, Position 8",,Heather L. Karabeika,1
Clackamas,Precinct 362,Judge of the Circuit Court,"5th District, Position 8",,Heather L. Karabeika,161
Clackamas,Precinct 363,Judge of the Circuit Court,"5th District, Position 8",,Heather L. Karabeika,454
Clackamas,Precinct 364,Judge of the Circuit Court,"5th District, Position 8",,Heather L. Karabeika,69
Clackamas,Precinct 371,Judge of the Circuit Court,"5th District, Position 8",,Heather L. Karabeika,67
Clackamas,Precinct 372,Judge of the Circuit Court,"5th District, Position 8",,Heather L. Karabeika,14
Clackamas,Precinct 373,Judge of the Circuit Court,"5th District, Position 8",,Heather L. Karabeika,898
Clackamas,Precinct 374,Judge of the Circuit Court,"5th District, Position 8",,Heather L. Karabeika,0
Clackamas,Precinct 400,Judge of the Circuit Court,"5th District, Position 8",,Heather L. Karabeika,879
Clackamas,Precinct 403,Judge of the Circuit Court,"5th District, Position 8",,Heather L. Karabeika,322
Clackamas,Precinct 404,Judge of the Circuit Court,"5th District, Position 8",,Heather L. Karabeika,834
Clackamas,Precinct 405,Judge of the Circuit Court,"5th District, Position 8",,Heather L. Karabeika,500
Clackamas,Precinct 406,Judge of the Circuit Court,"5th District, Position 8",,Heather L. Karabeika,236
Clackamas,Precinct 410,Judge of the Circuit Court,"5th District, Position 8",,Heather L. Karabeika,717
Clackamas,Precinct 411,Judge of the Circuit Court,"5th District, Position 8",,Heather L. Karabeika,965
Clackamas,Precinct 412,Judge of the Circuit Court,"5th District, Position 8",,Heather L. Karabeika,467
Clackamas,Precinct 413,Judge of the Circuit Court,"5th District, Position 8",,Heather L. Karabeika,48
Clackamas,Precinct 414,Judge of the Circuit Court,"5th District, Position 8",,Heather L. Karabeika,186
Clackamas,Precinct 415,Judge of the Circuit Court,"5th District, Position 8",,Heather L. Karabeika,101
Clackamas,Precinct 416,Judge of the Circuit Court,"5th District, Position 8",,Heather L. Karabeika,575
Clackamas,Precinct 417,Judge of the Circuit Court,"5th District, Position 8",,Heather L. Karabeika,272
Clackamas,Precinct 418,Judge of the Circuit Court,"5th District, Position 8",,Heather L. Karabeika,258
Clackamas,Precinct 419,Judge of the Circuit Court,"5th District, Position 8",,Heather L. Karabeika,488
Clackamas,Precinct 420,Judge of the Circuit Court,"5th District, Position 8",,Heather L. Karabeika,408
Clackamas,Precinct 421,Judge of the Circuit Court,"5th District, Position 8",,Heather L. Karabeika,517
Clackamas,Precinct 422,Judge of the Circuit Court,"5th District, Position 8",,Heather L. Karabeika,900
Clackamas,Precinct 500,Judge of the Circuit Court,"5th District, Position 8",,Heather L. Karabeika,297
Clackamas,Precinct 501,Judge of the Circuit Court,"5th District, Position 8",,Heather L. Karabeika,1188
Clackamas,Precinct 502,Judge of the Circuit Court,"5th District, Position 8",,Heather L. Karabeika,1096
Clackamas,Precinct 503,Judge of the Circuit Court,"5th District, Position 8",,Heather L. Karabeika,998
Clackamas,Precinct 504,Judge of the Circuit Court,"5th District, Position 8",,Heather L. Karabeika,1261
Clackamas,Precinct 506,Judge of the Circuit Court,"5th District, Position 8",,Heather L. Karabeika,702
Clackamas,Precinct 510,Judge of the Circuit Court,"5th District, Position 8",,Heather L. Karabeika,234
Clackamas,Precinct 511,Judge of the Circuit Court,"5th District, Position 8",,Heather L. Karabeika,579
Clackamas,Precinct 512,Judge of the Circuit Court,"5th District, Position 8",,Heather L. Karabeika,523
Clackamas,Precinct 513,Judge of the Circuit Court,"5th District, Position 8",,Heather L. Karabeika,35
Clackamas,Precinct 514,Judge of the Circuit Court,"5th District, Position 8",,Heather L. Karabeika,1249
Clackamas,Precinct 515,Judge of the Circuit Court,"5th District, Position 8",,Heather L. Karabeika,331
Clackamas,Precinct 516,Judge of the Circuit Court,"5th District, Position 8",,Heather L. Karabeika,597
Clackamas,Precinct 517,Judge of the Circuit Court,"5th District, Position 8",,Heather L. Karabeika,492
Clackamas,Precinct 518,Judge of the Circuit Court,"5th District, Position 8",,Heather L. Karabeika,571
Clackamas,Precinct 600,Judge of the Circuit Court,"5th District, Position 8",,Heather L. Karabeika,1112
Clackamas,Precinct 602,Judge of the Circuit Court,"5th District, Position 8",,Heather L. Karabeika,1005
Clackamas,Precinct 604,Judge of the Circuit Court,"5th District, Position 8",,Heather L. Karabeika,1770
Clackamas,Precinct 606,Judge of the Circuit Court,"5th District, Position 8",,Heather L. Karabeika,529
Clackamas,Precinct 608,Judge of the Circuit Court,"5th District, Position 8",,Heather L. Karabeika,702
Clackamas,Precinct 614,Judge of the Circuit Court,"5th District, Position 8",,Heather L. Karabeika,580
Clackamas,Precinct 616,Judge of the Circuit Court,"5th District, Position 8",,Heather L. Karabeika,839
Clackamas,Precinct 618,Judge of the Circuit Court,"5th District, Position 8",,Heather L. Karabeika,143
Clackamas,Precinct 620,Judge of the Circuit Court,"5th District, Position 8",,Heather L. Karabeika,86
Clackamas,Precinct 622,Judge of the Circuit Court,"5th District, Position 8",,Heather L. Karabeika,605
Clackamas,Precinct 626,Judge of the Circuit Court,"5th District, Position 8",,Heather L. Karabeika,998
Clackamas,Precinct 628,Judge of the Circuit Court,"5th District, Position 8",,Heather L. Karabeika,212
Clackamas,Precinct 630,Judge of the Circuit Court,"5th District, Position 8",,Heather L. Karabeika,1341
Clackamas,Precinct 100,Judge of the Circuit Court,"5th District, Position 8",,Over Votes,0
Clackamas,Precinct 101,Judge of the Circuit Court,"5th District, Position 8",,Over Votes,0
Clackamas,Precinct 102,Judge of the Circuit Court,"5th District, Position 8",,Over Votes,0
Clackamas,Precinct 103,Judge of the Circuit Court,"5th District, Position 8",,Over Votes,0
Clackamas,Precinct 104,Judge of the Circuit Court,"5th District, Position 8",,Over Votes,0
Clackamas,Precinct 105,Judge of the Circuit Court,"5th District, Position 8",,Over Votes,0
Clackamas,Precinct 106,Judge of the Circuit Court,"5th District, Position 8",,Over Votes,0
Clackamas,Precinct 107,Judge of the Circuit Court,"5th District, Position 8",,Over Votes,0
Clackamas,Precinct 108,Judge of the Circuit Court,"5th District, Position 8",,Over Votes,0
Clackamas,Precinct 109,Judge of the Circuit Court,"5th District, Position 8",,Over Votes,0
Clackamas,Precinct 111,Judge of the Circuit Court,"5th District, Position 8",,Over Votes,0
Clackamas,Precinct 112,Judge of the Circuit Court,"5th District, Position 8",,Over Votes,0
Clackamas,Precinct 113,Judge of the Circuit Court,"5th District, Position 8",,Over Votes,0
Clackamas,Precinct 114,Judge of the Circuit Court,"5th District, Position 8",,Over Votes,0
Clackamas,Precinct 115,Judge of the Circuit Court,"5th District, Position 8",,Over Votes,0
Clackamas,Precinct 116,Judge of the Circuit Court,"5th District, Position 8",,Over Votes,0
Clackamas,Precinct 122,Judge of the Circuit Court,"5th District, Position 8",,Over Votes,0
Clackamas,Precinct 123,Judge of the Circuit Court,"5th District, Position 8",,Over Votes,0
Clackamas,Precinct 124,Judge of the Circuit Court,"5th District, Position 8",,Over Votes,1
Clackamas,Precinct 125,Judge of the Circuit Court,"5th District, Position 8",,Over Votes,0
Clackamas,Precinct 127,Judge of the Circuit Court,"5th District, Position 8",,Over Votes,0
Clackamas,Precinct 131,Judge of the Circuit Court,"5th District, Position 8",,Over Votes,0
Clackamas,Precinct 132,Judge of the Circuit Court,"5th District, Position 8",,Over Votes,0
Clackamas,Precinct 133,Judge of the Circuit Court,"5th District, Position 8",,Over Votes,0
Clackamas,Precinct 134,Judge of the Circuit Court,"5th District, Position 8",,Over Votes,0
Clackamas,Precinct 135,Judge of the Circuit Court,"5th District, Position 8",,Over Votes,0
Clackamas,Precinct 151,Judge of the Circuit Court,"5th District, Position 8",,Over Votes,0
Clackamas,Precinct 152,Judge of the Circuit Court,"5th District, Position 8",,Over Votes,0
Clackamas,Precinct 153,Judge of the Circuit Court,"5th District, Position 8",,Over Votes,0
Clackamas,Precinct 154,Judge of the Circuit Court,"5th District, Position 8",,Over Votes,0
Clackamas,Precinct 155,Judge of the Circuit Court,"5th District, Position 8",,Over Votes,0
Clackamas,Precinct 156,Judge of the Circuit Court,"5th District, Position 8",,Over Votes,0
Clackamas,Precinct 157,Judge of the Circuit Court,"5th District, Position 8",,Over Votes,0
Clackamas,Precinct 158,Judge of the Circuit Court,"5th District, Position 8",,Over Votes,0
Clackamas,Precinct 159,Judge of the Circuit Court,"5th District, Position 8",,Over Votes,0
Clackamas,Precinct 160,Judge of the Circuit Court,"5th District, Position 8",,Over Votes,0
Clackamas,Precinct 161,Judge of the Circuit Court,"5th District, Position 8",,Over Votes,0
Clackamas,Precinct 162,Judge of the Circuit Court,"5th District, Position 8",,Over Votes,0
Clackamas,Precinct 201,Judge of the Circuit Court,"5th District, Position 8",,Over Votes,0
Clackamas,Precinct 202,Judge of the Circuit Court,"5th District, Position 8",,Over Votes,0
Clackamas,Precinct 203,Judge of the Circuit Court,"5th District, Position 8",,Over Votes,0
Clackamas,Precinct 204,Judge of the Circuit Court,"5th District, Position 8",,Over Votes,0
Clackamas,Precinct 251,Judge of the Circuit Court,"5th District, Position 8",,Over Votes,0
Clackamas,Precinct 279,Judge of the Circuit Court,"5th District, Position 8",,Over Votes,0
Clackamas,Precinct 280,Judge of the Circuit Court,"5th District, Position 8",,Over Votes,0
Clackamas,Precinct 281,Judge of the Circuit Court,"5th District, Position 8",,Over Votes,0
Clackamas,Precinct 282,Judge of the Circuit Court,"5th District, Position 8",,Over Votes,0
Clackamas,Precinct 283,Judge of the Circuit Court,"5th District, Position 8",,Over Votes,0
Clackamas,Precinct 284,Judge of the Circuit Court,"5th District, Position 8",,Over Votes,0
Clackamas,Precinct 285,Judge of the Circuit Court,"5th District, Position 8",,Over Votes,0
Clackamas,Precinct 286,Judge of the Circuit Court,"5th District, Position 8",,Over Votes,0
Clackamas,Precinct 320,Judge of the Circuit Court,"5th District, Position 8",,Over Votes,0
Clackamas,Precinct 321,Judge of the Circuit Court,"5th District, Position 8",,Over Votes,0
Clackamas,Precinct 322,Judge of the Circuit Court,"5th District, Position 8",,Over Votes,0
Clackamas,Precinct 323,Judge of the Circuit Court,"5th District, Position 8",,Over Votes,0
Clackamas,Precinct 324,Judge of the Circuit Court,"5th District, Position 8",,Over Votes,0
Clackamas,Precinct 330,Judge of the Circuit Court,"5th District, Position 8",,Over Votes,0
Clackamas,Precinct 331,Judge of the Circuit Court,"5th District, Position 8",,Over Votes,0
Clackamas,Precinct 332,Judge of the Circuit Court,"5th District, Position 8",,Over Votes,0
Clackamas,Precinct 350,Judge of the Circuit Court,"5th District, Position 8",,Over Votes,0
Clackamas,Precinct 355,Judge of the Circuit Court,"5th District, Position 8",,Over Votes,0
Clackamas,Precinct 357,Judge of the Circuit Court,"5th District, Position 8",,Over Votes,0
Clackamas,Precinct 358,Judge of the Circuit Court,"5th District, Position 8",,Over Votes,0
Clackamas,Precinct 359,Judge of the Circuit Court,"5th District, Position 8",,Over Votes,0
Clackamas,Precinct 360,Judge of the Circuit Court,"5th District, Position 8",,Over Votes,0
Clackamas,Precinct 361,Judge of the Circuit Court,"5th District, Position 8",,Over Votes,0
Clackamas,Precinct 362,Judge of the Circuit Court,"5th District, Position 8",,Over Votes,0
Clackamas,Precinct 363,Judge of the Circuit Court,"5th District, Position 8",,Over Votes,0
Clackamas,Precinct 364,Judge of the Circuit Court,"5th District, Position 8",,Over Votes,0
Clackamas,Precinct 371,Judge of the Circuit Court,"5th District, Position 8",,Over Votes,0
Clackamas,Precinct 372,Judge of the Circuit Court,"5th District, Position 8",,Over Votes,0
Clackamas,Precinct 373,Judge of the Circuit Court,"5th District, Position 8",,Over Votes,0
Clackamas,Precinct 374,Judge of the Circuit Court,"5th District, Position 8",,Over Votes,0
Clackamas,Precinct 400,Judge of the Circuit Court,"5th District, Position 8",,Over Votes,0
Clackamas,Precinct 403,Judge of the Circuit Court,"5th District, Position 8",,Over Votes,0
Clackamas,Precinct 404,Judge of the Circuit Court,"5th District, Position 8",,Over Votes,0
Clackamas,Precinct 405,Judge of the Circuit Court,"5th District, Position 8",,Over Votes,0
Clackamas,Precinct 406,Judge of the Circuit Court,"5th District, Position 8",,Over Votes,0
Clackamas,Precinct 410,Judge of the Circuit Court,"5th District, Position 8",,Over Votes,0
Clackamas,Precinct 411,Judge of the Circuit Court,"5th District, Position 8",,Over Votes,0
Clackamas,Precinct 412,Judge of the Circuit Court,"5th District, Position 8",,Over Votes,0
Clackamas,Precinct 413,Judge of the Circuit Court,"5th District, Position 8",,Over Votes,0
Clackamas,Precinct 414,Judge of the Circuit Court,"5th District, Position 8",,Over Votes,0
Clackamas,Precinct 415,Judge of the Circuit Court,"5th District, Position 8",,Over Votes,0
Clackamas,Precinct 416,Judge of the Circuit Court,"5th District, Position 8",,Over Votes,0
Clackamas,Precinct 417,Judge of the Circuit Court,"5th District, Position 8",,Over Votes,0
Clackamas,Precinct 418,Judge of the Circuit Court,"5th District, Position 8",,Over Votes,0
Clackamas,Precinct 419,Judge of the Circuit Court,"5th District, Position 8",,Over Votes,0
Clackamas,Precinct 420,Judge of the Circuit Court,"5th District, Position 8",,Over Votes,0
Clackamas,Precinct 421,Judge of the Circuit Court,"5th District, Position 8",,Over Votes,0
Clackamas,Precinct 422,Judge of the Circuit Court,"5th District, Position 8",,Over Votes,0
Clackamas,Precinct 500,Judge of the Circuit Court,"5th District, Position 8",,Over Votes,0
Clackamas,Precinct 501,Judge of the Circuit Court,"5th District, Position 8",,Over Votes,0
Clackamas,Precinct 502,Judge of the Circuit Court,"5th District, Position 8",,Over Votes,0
Clackamas,Precinct 503,Judge of the Circuit Court,"5th District, Position 8",,Over Votes,0
Clackamas,Precinct 504,Judge of the Circuit Court,"5th District, Position 8",,Over Votes,0
Clackamas,Precinct 506,Judge of the Circuit Court,"5th District, Position 8",,Over Votes,0
Clackamas,Precinct 510,Judge of the Circuit Court,"5th District, Position 8",,Over Votes,0
Clackamas,Precinct 511,Judge of the Circuit Court,"5th District, Position 8",,Over Votes,0
Clackamas,Precinct 512,Judge of the Circuit Court,"5th District, Position 8",,Over Votes,0
Clackamas,Precinct 513,Judge of the Circuit Court,"5th District, Position 8",,Over Votes,0
Clackamas,Precinct 514,Judge of the Circuit Court,"5th District, Position 8",,Over Votes,0
Clackamas,Precinct 515,Judge of the Circuit Court,"5th District, Position 8",,Over Votes,0
Clackamas,Precinct 516,Judge of the Circuit Court,"5th District, Position 8",,Over Votes,0
Clackamas,Precinct 517,Judge of the Circuit Court,"5th District, Position 8",,Over Votes,0
Clackamas,Precinct 518,Judge of the Circuit Court,"5th District, Position 8",,Over Votes,0
Clackamas,Precinct 600,Judge of the Circuit Court,"5th District, Position 8",,Over Votes,0
Clackamas,Precinct 602,Judge of the Circuit Court,"5th District, Position 8",,Over Votes,0
Clackamas,Precinct 604,Judge of the Circuit Court,"5th District, Position 8",,Over Votes,0
Clackamas,Precinct 606,Judge of the Circuit Court,"5th District, Position 8",,Over Votes,0
Clackamas,Precinct 608,Judge of the Circuit Court,"5th District, Position 8",,Over Votes,0
Clackamas,Precinct 614,Judge of the Circuit Court,"5th District, Position 8",,Over Votes,0
Clackamas,Precinct 616,Judge of the Circuit Court,"5th District, Position 8",,Over Votes,0
Clackamas,Precinct 618,Judge of the Circuit Court,"5th District, Position 8",,Over Votes,0
Clackamas,Precinct 620,Judge of the Circuit Court,"5th District, Position 8",,Over Votes,0
Clackamas,Precinct 622,Judge of the Circuit Court,"5th District, Position 8",,Over Votes,0
Clackamas,Precinct 626,Judge of the Circuit Court,"5th District, Position 8",,Over Votes,0
Clackamas,Precinct 628,Judge of the Circuit Court,"5th District, Position 8",,Over Votes,0
Clackamas,Precinct 630,Judge of the Circuit Court,"5th District, Position 8",,Over Votes,0
Clackamas,Precinct 100,Judge of the Circuit Court,"5th District, Position 8",,Under Votes,28
Clackamas,Precinct 101,Judge of the Circuit Court,"5th District, Position 8",,Under Votes,1467
Clackamas,Precinct 102,Judge of the Circuit Court,"5th District, Position 8",,Under Votes,403
Clackamas,Precinct 103,Judge of the Circuit Court,"5th District, Position 8",,Under Votes,862
Clackamas,Precinct 104,Judge of the Circuit Court,"5th District, Position 8",,Under Votes,4
Clackamas,Precinct 105,Judge of the Circuit Court,"5th District, Position 8",,Under Votes,1235
Clackamas,Precinct 106,Judge of the Circuit Court,"5th District, Position 8",,Under Votes,953
Clackamas,Precinct 107,Judge of the Circuit Court,"5th District, Position 8",,Under Votes,636
Clackamas,Precinct 108,Judge of the Circuit Court,"5th District, Position 8",,Under Votes,1388
Clackamas,Precinct 109,Judge of the Circuit Court,"5th District, Position 8",,Under Votes,0
Clackamas,Precinct 111,Judge of the Circuit Court,"5th District, Position 8",,Under Votes,1532
Clackamas,Precinct 112,Judge of the Circuit Court,"5th District, Position 8",,Under Votes,0
Clackamas,Precinct 113,Judge of the Circuit Court,"5th District, Position 8",,Under Votes,23
Clackamas,Precinct 114,Judge of the Circuit Court,"5th District, Position 8",,Under Votes,48
Clackamas,Precinct 115,Judge of the Circuit Court,"5th District, Position 8",,Under Votes,94
Clackamas,Precinct 116,Judge of the Circuit Court,"5th District, Position 8",,Under Votes,1
Clackamas,Precinct 122,Judge of the Circuit Court,"5th District, Position 8",,Under Votes,1336
Clackamas,Precinct 123,Judge of the Circuit Court,"5th District, Position 8",,Under Votes,841
Clackamas,Precinct 124,Judge of the Circuit Court,"5th District, Position 8",,Under Votes,1536
Clackamas,Precinct 125,Judge of the Circuit Court,"5th District, Position 8",,Under Votes,593
Clackamas,Precinct 127,Judge of the Circuit Court,"5th District, Position 8",,Under Votes,34
Clackamas,Precinct 131,Judge of the Circuit Court,"5th District, Position 8",,Under Votes,1632
Clackamas,Precinct 132,Judge of the Circuit Court,"5th District, Position 8",,Under Votes,1203
Clackamas,Precinct 133,Judge of the Circuit Court,"5th District, Position 8",,Under Votes,520
Clackamas,Precinct 134,Judge of the Circuit Court,"5th District, Position 8",,Under Votes,3
Clackamas,Precinct 135,Judge of the Circuit Court,"5th District, Position 8",,Under Votes,1444
Clackamas,Precinct 151,Judge of the Circuit Court,"5th District, Position 8",,Under Votes,781
Clackamas,Precinct 152,Judge of the Circuit Court,"5th District, Position 8",,Under Votes,1640
Clackamas,Precinct 153,Judge of the Circuit Court,"5th District, Position 8",,Under Votes,107
Clackamas,Precinct 154,Judge of the Circuit Court,"5th District, Position 8",,Under Votes,16
Clackamas,Precinct 155,Judge of the Circuit Court,"5th District, Position 8",,Under Votes,732
Clackamas,Precinct 156,Judge of the Circuit Court,"5th District, Position 8",,Under Votes,1402
Clackamas,Precinct 157,Judge of the Circuit Court,"5th District, Position 8",,Under Votes,28
Clackamas,Precinct 158,Judge of the Circuit Court,"5th District, Position 8",,Under Votes,1028
Clackamas,Precinct 159,Judge of the Circuit Court,"5th District, Position 8",,Under Votes,794
Clackamas,Precinct 160,Judge of the Circuit Court,"5th District, Position 8",,Under Votes,443
Clackamas,Precinct 161,Judge of the Circuit Court,"5th District, Position 8",,Under Votes,154
Clackamas,Precinct 162,Judge of the Circuit Court,"5th District, Position 8",,Under Votes,182
Clackamas,Precinct 201,Judge of the Circuit Court,"5th District, Position 8",,Under Votes,1201
Clackamas,Precinct 202,Judge of the Circuit Court,"5th District, Position 8",,Under Votes,1371
Clackamas,Precinct 203,Judge of the Circuit Court,"5th District, Position 8",,Under Votes,810
Clackamas,Precinct 204,Judge of the Circuit Court,"5th District, Position 8",,Under Votes,725
Clackamas,Precinct 251,Judge of the Circuit Court,"5th District, Position 8",,Under Votes,552
Clackamas,Precinct 279,Judge of the Circuit Court,"5th District, Position 8",,Under Votes,26
Clackamas,Precinct 280,Judge of the Circuit Court,"5th District, Position 8",,Under Votes,105
Clackamas,Precinct 281,Judge of the Circuit Court,"5th District, Position 8",,Under Votes,309
Clackamas,Precinct 282,Judge of the Circuit Court,"5th District, Position 8",,Under Votes,87
Clackamas,Precinct 283,Judge of the Circuit Court,"5th District, Position 8",,Under Votes,148
Clackamas,Precinct 284,Judge of the Circuit Court,"5th District, Position 8",,Under Votes,105
Clackamas,Precinct 285,Judge of the Circuit Court,"5th District, Position 8",,Under Votes,6
Clackamas,Precinct 286,Judge of the Circuit Court,"5th District, Position 8",,Under Votes,43
Clackamas,Precinct 320,Judge of the Circuit Court,"5th District, Position 8",,Under Votes,35
Clackamas,Precinct 321,Judge of the Circuit Court,"5th District, Position 8",,Under Votes,916
Clackamas,Precinct 322,Judge of the Circuit Court,"5th District, Position 8",,Under Votes,431
Clackamas,Precinct 323,Judge of the Circuit Court,"5th District, Position 8",,Under Votes,530
Clackamas,Precinct 324,Judge of the Circuit Court,"5th District, Position 8",,Under Votes,21
Clackamas,Precinct 330,Judge of the Circuit Court,"5th District, Position 8",,Under Votes,1658
Clackamas,Precinct 331,Judge of the Circuit Court,"5th District, Position 8",,Under Votes,876
Clackamas,Precinct 332,Judge of the Circuit Court,"5th District, Position 8",,Under Votes,251
Clackamas,Precinct 350,Judge of the Circuit Court,"5th District, Position 8",,Under Votes,1397
Clackamas,Precinct 355,Judge of the Circuit Court,"5th District, Position 8",,Under Votes,0
Clackamas,Precinct 357,Judge of the Circuit Court,"5th District, Position 8",,Under Votes,76
Clackamas,Precinct 358,Judge of the Circuit Court,"5th District, Position 8",,Under Votes,169
Clackamas,Precinct 359,Judge of the Circuit Court,"5th District, Position 8",,Under Votes,1133
Clackamas,Precinct 360,Judge of the Circuit Court,"5th District, Position 8",,Under Votes,458
Clackamas,Precinct 361,Judge of the Circuit Court,"5th District, Position 8",,Under Votes,3
Clackamas,Precinct 362,Judge of the Circuit Court,"5th District, Position 8",,Under Votes,331
Clackamas,Precinct 363,Judge of the Circuit Court,"5th District, Position 8",,Under Votes,903
Clackamas,Precinct 364,Judge of the Circuit Court,"5th District, Position 8",,Under Votes,104
Clackamas,Precinct 371,Judge of the Circuit Court,"5th District, Position 8",,Under Votes,104
Clackamas,Precinct 372,Judge of the Circuit Court,"5th District, Position 8",,Under Votes,12
Clackamas,Precinct 373,Judge of the Circuit Court,"5th District, Position 8",,Under Votes,1401
Clackamas,Precinct 374,Judge of the Circuit Court,"5th District, Position 8",,Under Votes,0
Clackamas,Precinct 400,Judge of the Circuit Court,"5th District, Position 8",,Under Votes,1764
Clackamas,Precinct 403,Judge of the Circuit Court,"5th District, Position 8",,Under Votes,485
Clackamas,Precinct 404,Judge of the Circuit Court,"5th District, Position 8",,Under Votes,1595
Clackamas,Precinct 405,Judge of the Circuit Court,"5th District, Position 8",,Under Votes,893
Clackamas,Precinct 406,Judge of the Circuit Court,"5th District, Position 8",,Under Votes,385
Clackamas,Precinct 410,Judge of the Circuit Court,"5th District, Position 8",,Under Votes,838
Clackamas,Precinct 411,Judge of the Circuit Court,"5th District, Position 8",,Under Votes,1107
Clackamas,Precinct 412,Judge of the Circuit Court,"5th District, Position 8",,Under Votes,673
Clackamas,Precinct 413,Judge of the Circuit Court,"5th District, Position 8",,Under Votes,41
Clackamas,Precinct 414,Judge of the Circuit Court,"5th District, Position 8",,Under Votes,228
Clackamas,Precinct 415,Judge of the Circuit Court,"5th District, Position 8",,Under Votes,186
Clackamas,Precinct 416,Judge of the Circuit Court,"5th District, Position 8",,Under Votes,715
Clackamas,Precinct 417,Judge of the Circuit Court,"5th District, Position 8",,Under Votes,392
Clackamas,Precinct 418,Judge of the Circuit Court,"5th District, Position 8",,Under Votes,412
Clackamas,Precinct 419,Judge of the Circuit Court,"5th District, Position 8",,Under Votes,563
Clackamas,Precinct 420,Judge of the Circuit Court,"5th District, Position 8",,Under Votes,539
Clackamas,Precinct 421,Judge of the Circuit Court,"5th District, Position 8",,Under Votes,536
Clackamas,Precinct 422,Judge of the Circuit Court,"5th District, Position 8",,Under Votes,1007
Clackamas,Precinct 500,Judge of the Circuit Court,"5th District, Position 8",,Under Votes,360
Clackamas,Precinct 501,Judge of the Circuit Court,"5th District, Position 8",,Under Votes,1195
Clackamas,Precinct 502,Judge of the Circuit Court,"5th District, Position 8",,Under Votes,1318
Clackamas,Precinct 503,Judge of the Circuit Court,"5th District, Position 8",,Under Votes,1196
Clackamas,Precinct 504,Judge of the Circuit Court,"5th District, Position 8",,Under Votes,1411
Clackamas,Precinct 506,Judge of the Circuit Court,"5th District, Position 8",,Under Votes,872
Clackamas,Precinct 510,Judge of the Circuit Court,"5th District, Position 8",,Under Votes,368
Clackamas,Precinct 511,Judge of the Circuit Court,"5th District, Position 8",,Under Votes,893
Clackamas,Precinct 512,Judge of the Circuit Court,"5th District, Position 8",,Under Votes,698
Clackamas,Precinct 513,Judge of the Circuit Court,"5th District, Position 8",,Under Votes,49
Clackamas,Precinct 514,Judge of the Circuit Court,"5th District, Position 8",,Under Votes,2164
Clackamas,Precinct 515,Judge of the Circuit Court,"5th District, Position 8",,Under Votes,653
Clackamas,Precinct 516,Judge of the Circuit Court,"5th District, Position 8",,Under Votes,899
Clackamas,Precinct 517,Judge of the Circuit Court,"5th District, Position 8",,Under Votes,821
Clackamas,Precinct 518,Judge of the Circuit Court,"5th District, Position 8",,Under Votes,893
Clackamas,Precinct 600,Judge of the Circuit Court,"5th District, Position 8",,Under Votes,1375
Clackamas,Precinct 602,Judge of the Circuit Court,"5th District, Position 8",,Under Votes,1337
Clackamas,Precinct 604,Judge of the Circuit Court,"5th District, Position 8",,Under Votes,2182
Clackamas,Precinct 606,Judge of the Circuit Court,"5th District, Position 8",,Under Votes,574
Clackamas,Precinct 608,Judge of the Circuit Court,"5th District, Position 8",,Under Votes,799
Clackamas,Precinct 614,Judge of the Circuit Court,"5th District, Position 8",,Under Votes,673
Clackamas,Precinct 616,Judge of the Circuit Court,"5th District, Position 8",,Under Votes,1165
Clackamas,Precinct 618,Judge of the Circuit Court,"5th District, Position 8",,Under Votes,165
Clackamas,Precinct 620,Judge of the Circuit Court,"5th District, Position 8",,Under Votes,65
Clackamas,Precinct 622,Judge of the Circuit Court,"5th District, Position 8",,Under Votes,655
Clackamas,Precinct 626,Judge of the Circuit Court,"5th District, Position 8",,Under Votes,1245
Clackamas,Precinct 628,Judge of the Circuit Court,"5th District, Position 8",,Under Votes,294
Clackamas,Precinct 630,Judge of the Circuit Court,"5th District, Position 8",,Under Votes,1707
Clackamas,Precinct 100,Judge of the Circuit Court,"5th District, Position 8",,Write-ins,0
Clackamas,Precinct 101,Judge of the Circuit Court,"5th District, Position 8",,Write-ins,9
Clackamas,Precinct 102,Judge of the Circuit Court,"5th District, Position 8",,Write-ins,1
Clackamas,Precinct 103,Judge of the Circuit Court,"5th District, Position 8",,Write-ins,4
Clackamas,Precinct 104,Judge of the Circuit Court,"5th District, Position 8",,Write-ins,0
Clackamas,Precinct 105,Judge of the Circuit Court,"5th District, Position 8",,Write-ins,7
Clackamas,Precinct 106,Judge of the Circuit Court,"5th District, Position 8",,Write-ins,11
Clackamas,Precinct 107,Judge of the Circuit Court,"5th District, Position 8",,Write-ins,5
Clackamas,Precinct 108,Judge of the Circuit Court,"5th District, Position 8",,Write-ins,20
Clackamas,Precinct 109,Judge of the Circuit Court,"5th District, Position 8",,Write-ins,0
Clackamas,Precinct 111,Judge of the Circuit Court,"5th District, Position 8",,Write-ins,18
Clackamas,Precinct 112,Judge of the Circuit Court,"5th District, Position 8",,Write-ins,0
Clackamas,Precinct 113,Judge of the Circuit Court,"5th District, Position 8",,Write-ins,0
Clackamas,Precinct 114,Judge of the Circuit Court,"5th District, Position 8",,Write-ins,0
Clackamas,Precinct 115,Judge of the Circuit Court,"5th District, Position 8",,Write-ins,0
Clackamas,Precinct 116,Judge of the Circuit Court,"5th District, Position 8",,Write-ins,0
Clackamas,Precinct 122,Judge of the Circuit Court,"5th District, Position 8",,Write-ins,17
Clackamas,Precinct 123,Judge of the Circuit Court,"5th District, Position 8",,Write-ins,6
Clackamas,Precinct 124,Judge of the Circuit Court,"5th District, Position 8",,Write-ins,28
Clackamas,Precinct 125,Judge of the Circuit Court,"5th District, Position 8",,Write-ins,7
Clackamas,Precinct 127,Judge of the Circuit Court,"5th District, Position 8",,Write-ins,1
Clackamas,Precinct 131,Judge of the Circuit Court,"5th District, Position 8",,Write-ins,15
Clackamas,Precinct 132,Judge of the Circuit Court,"5th District, Position 8",,Write-ins,15
Clackamas,Precinct 133,Judge of the Circuit Court,"5th District, Position 8",,Write-ins,2
Clackamas,Precinct 134,Judge of the Circuit Court,"5th District, Position 8",,Write-ins,0
Clackamas,Precinct 135,Judge of the Circuit Court,"5th District, Position 8",,Write-ins,11
Clackamas,Precinct 151,Judge of the Circuit Court,"5th District, Position 8",,Write-ins,4
Clackamas,Precinct 152,Judge of the Circuit Court,"5th District, Position 8",,Write-ins,13
Clackamas,Precinct 153,Judge of the Circuit Court,"5th District, Position 8",,Write-ins,1
Clackamas,Precinct 154,Judge of the Circuit Court,"5th District, Position 8",,Write-ins,0
Clackamas,Precinct 155,Judge of the Circuit Court,"5th District, Position 8",,Write-ins,7
Clackamas,Precinct 156,Judge of the Circuit Court,"5th District, Position 8",,Write-ins,3
Clackamas,Precinct 157,Judge of the Circuit Court,"5th District, Position 8",,Write-ins,1
Clackamas,Precinct 158,Judge of the Circuit Court,"5th District, Position 8",,Write-ins,4
Clackamas,Precinct 159,Judge of the Circuit Court,"5th District, Position 8",,Write-ins,7
Clackamas,Precinct 160,Judge of the Circuit Court,"5th District, Position 8",,Write-ins,1
Clackamas,Precinct 161,Judge of the Circuit Court,"5th District, Position 8",,Write-ins,1
Clackamas,Precinct 162,Judge of the Circuit Court,"5th District, Position 8",,Write-ins,0
Clackamas,Precinct 201,Judge of the Circuit Court,"5th District, Position 8",,Write-ins,5
Clackamas,Precinct 202,Judge of the Circuit Court,"5th District, Position 8",,Write-ins,14
Clackamas,Precinct 203,Judge of the Circuit Court,"5th District, Position 8",,Write-ins,1
Clackamas,Precinct 204,Judge of the Circuit Court,"5th District, Position 8",,Write-ins,3
Clackamas,Precinct 251,Judge of the Circuit Court,"5th District, Position 8",,Write-ins,2
Clackamas,Precinct 279,Judge of the Circuit Court,"5th District, Position 8",,Write-ins,0
Clackamas,Precinct 280,Judge of the Circuit Court,"5th District, Position 8",,Write-ins,2
Clackamas,Precinct 281,Judge of the Circuit Court,"5th District, Position 8",,Write-ins,4
Clackamas,Precinct 282,Judge of the Circuit Court,"5th District, Position 8",,Write-ins,1
Clackamas,Precinct 283,Judge of the Circuit Court,"5th District, Position 8",,Write-ins,0
Clackamas,Precinct 284,Judge of the Circuit Court,"5th District, Position 8",,Write-ins,1
Clackamas,Precinct 285,Judge of the Circuit Court,"5th District, Position 8",,Write-ins,0
Clackamas,Precinct 286,Judge of the Circuit Court,"5th District, Position 8",,Write-ins,0
Clackamas,Precinct 320,Judge of the Circuit Court,"5th District, Position 8",,Write-ins,0
Clackamas,Precinct 321,Judge of the Circuit Court,"5th District, Position 8",,Write-ins,3
Clackamas,Precinct 322,Judge of the Circuit Court,"5th District, Position 8",,Write-ins,5
Clackamas,Precinct 323,Judge of the Circuit Court,"5th District, Position 8",,Write-ins,9
Clackamas,Precinct 324,Judge of the Circuit Court,"5th District, Position 8",,Write-ins,0
Clackamas,Precinct 330,Judge of the Circuit Court,"5th District, Position 8",,Write-ins,21
Clackamas,Precinct 331,Judge of the Circuit Court,"5th District, Position 8",,Write-ins,2
Clackamas,Precinct 332,Judge of the Circuit Court,"5th District, Position 8",,Write-ins,1
Clackamas,Precinct 350,Judge of the Circuit Court,"5th District, Position 8",,Write-ins,14
Clackamas,Precinct 355,Judge of the Circuit Court,"5th District, Position 8",,Write-ins,0
Clackamas,Precinct 357,Judge of the Circuit Court,"5th District, Position 8",,Write-ins,4
Clackamas,Precinct 358,Judge of the Circuit Court,"5th District, Position 8",,Write-ins,1
Clackamas,Precinct 359,Judge of the Circuit Court,"5th District, Position 8",,Write-ins,5
Clackamas,Precinct 360,Judge of the Circuit Court,"5th District, Position 8",,Write-ins,5
Clackamas,Precinct 361,Judge of the Circuit Court,"5th District, Position 8",,Write-ins,0
Clackamas,Precinct 362,Judge of the Circuit Court,"5th District, Position 8",,Write-ins,4
Clackamas,Precinct 363,Judge of the Circuit Court,"5th District, Position 8",,Write-ins,11
Clackamas,Precinct 364,Judge of the Circuit Court,"5th District, Position 8",,Write-ins,1
Clackamas,Precinct 371,Judge of the Circuit Court,"5th District, Position 8",,Write-ins,1
Clackamas,Precinct 372,Judge of the Circuit Court,"5th District, Position 8",,Write-ins,0
Clackamas,Precinct 373,Judge of the Circuit Court,"5th District, Position 8",,Write-ins,24
Clackamas,Precinct 374,Judge of the Circuit Court,"5th District, Position 8",,Write-ins,0
Clackamas,Precinct 400,Judge of the Circuit Court,"5th District, Position 8",,Write-ins,21
Clackamas,Precinct 403,Judge of the Circuit Court,"5th District, Position 8",,Write-ins,4
Clackamas,Precinct 404,Judge of the Circuit Court,"5th District, Position 8",,Write-ins,17
Clackamas,Precinct 405,Judge of the Circuit Court,"5th District, Position 8",,Write-ins,10
Clackamas,Precinct 406,Judge of the Circuit Court,"5th District, Position 8",,Write-ins,9
Clackamas,Precinct 410,Judge of the Circuit Court,"5th District, Position 8",,Write-ins,12
Clackamas,Precinct 411,Judge of the Circuit Court,"5th District, Position 8",,Write-ins,10
Clackamas,Precinct 412,Judge of the Circuit Court,"5th District, Position 8",,Write-ins,11
Clackamas,Precinct 413,Judge of the Circuit Court,"5th District, Position 8",,Write-ins,0
Clackamas,Precinct 414,Judge of the Circuit Court,"5th District, Position 8",,Write-ins,0
Clackamas,Precinct 415,Judge of the Circuit Court,"5th District, Position 8",,Write-ins,0
Clackamas,Precinct 416,Judge of the Circuit Court,"5th District, Position 8",,Write-ins,10
Clackamas,Precinct 417,Judge of the Circuit Court,"5th District, Position 8",,Write-ins,6
Clackamas,Precinct 418,Judge of the Circuit Court,"5th District, Position 8",,Write-ins,8
Clackamas,Precinct 419,Judge of the Circuit Court,"5th District, Position 8",,Write-ins,8
Clackamas,Precinct 420,Judge of the Circuit Court,"5th District, Position 8",,Write-ins,5
Clackamas,Precinct 421,Judge of the Circuit Court,"5th District, Position 8",,Write-ins,8
Clackamas,Precinct 422,Judge of the Circuit Court,"5th District, Position 8",,Write-ins,15
Clackamas,Precinct 500,Judge of the Circuit Court,"5th District, Position 8",,Write-ins,2
Clackamas,Precinct 501,Judge of the Circuit Court,"5th District, Position 8",,Write-ins,7
Clackamas,Precinct 502,Judge of the Circuit Court,"5th District, Position 8",,Write-ins,12
Clackamas,Precinct 503,Judge of the Circuit Court,"5th District, Position 8",,Write-ins,13
Clackamas,Precinct 504,Judge of the Circuit Court,"5th District, Position 8",,Write-ins,20
Clackamas,Precinct 506,Judge of the Circuit Court,"5th District, Position 8",,Write-ins,6
Clackamas,Precinct 510,Judge of the Circuit Court,"5th District, Position 8",,Write-ins,11
Clackamas,Precinct 511,Judge of the Circuit Court,"5th District, Position 8",,Write-ins,10
Clackamas,Precinct 512,Judge of the Circuit Court,"5th District, Position 8",,Write-ins,3
Clackamas,Precinct 513,Judge of the Circuit Court,"5th District, Position 8",,Write-ins,0
Clackamas,Precinct 514,Judge of the Circuit Court,"5th District, Position 8",,Write-ins,16
Clackamas,Precinct 515,Judge of the Circuit Court,"5th District, Position 8",,Write-ins,14
Clackamas,Precinct 516,Judge of the Circuit Court,"5th District, Position 8",,Write-ins,12
Clackamas,Precinct 517,Judge of the Circuit Court,"5th District, Position 8",,Write-ins,7
Clackamas,Precinct 518,Judge of the Circuit Court,"5th District, Position 8",,Write-ins,14
Clackamas,Precinct 600,Judge of the Circuit Court,"5th District, Position 8",,Write-ins,17
Clackamas,Precinct 602,Judge of the Circuit Court,"5th District, Position 8",,Write-ins,4
Clackamas,Precinct 604,Judge of the Circuit Court,"5th District, Position 8",,Write-ins,35
Clackamas,Precinct 606,Judge of the Circuit Court,"5th District, Position 8",,Write-ins,7
Clackamas,Precinct 608,Judge of the Circuit Court,"5th District, Position 8",,Write-ins,6
Clackamas,Precinct 614,Judge of the Circuit Court,"5th District, Position 8",,Write-ins,4
Clackamas,Precinct 616,Judge of the Circuit Court,"5th District, Position 8",,Write-ins,7
Clackamas,Precinct 618,Judge of the Circuit Court,"5th District, Position 8",,Write-ins,2
Clackamas,Precinct 620,Judge of the Circuit Court,"5th District, Position 8",,Write-ins,0
Clackamas,Precinct 622,Judge of the Circuit Court,"5th District, Position 8",,Write-ins,8
Clackamas,Precinct 626,Judge of the Circuit Court,"5th District, Position 8",,Write-ins,7
Clackamas,Precinct 628,Judge of the Circuit Court,"5th District, Position 8",,Write-ins,3
Clackamas,Precinct 630,Judge of the Circuit Court,"5th District, Position 8",,Write-ins,22
Clackamas,Precinct 100,Judge of the Court of Appeals,Position 1,,Over Votes,0
Clackamas,Precinct 101,Judge of the Court of Appeals,Position 1,,Over Votes,0
Clackamas,Precinct 102,Judge of the Court of Appeals,Position 1,,Over Votes,0
Clackamas,Precinct 103,Judge of the Court of Appeals,Position 1,,Over Votes,0
Clackamas,Precinct 104,Judge of the Court of Appeals,Position 1,,Over Votes,0
Clackamas,Precinct 105,Judge of the Court of Appeals,Position 1,,Over Votes,0
Clackamas,Precinct 106,Judge of the Court of Appeals,Position 1,,Over Votes,0
Clackamas,Precinct 107,Judge of the Court of Appeals,Position 1,,Over Votes,0
Clackamas,Precinct 108,Judge of the Court of Appeals,Position 1,,Over Votes,0
Clackamas,Precinct 109,Judge of the Court of Appeals,Position 1,,Over Votes,0
Clackamas,Precinct 111,Judge of the Court of Appeals,Position 1,,Over Votes,0
Clackamas,Precinct 112,Judge of the Court of Appeals,Position 1,,Over Votes,0
Clackamas,Precinct 113,Judge of the Court of Appeals,Position 1,,Over Votes,0
Clackamas,Precinct 114,Judge of the Court of Appeals,Position 1,,Over Votes,0
Clackamas,Precinct 115,Judge of the Court of Appeals,Position 1,,Over Votes,0
Clackamas,Precinct 116,Judge of the Court of Appeals,Position 1,,Over Votes,0
Clackamas,Precinct 122,Judge of the Court of Appeals,Position 1,,Over Votes,0
Clackamas,Precinct 123,Judge of the Court of Appeals,Position 1,,Over Votes,0
Clackamas,Precinct 124,Judge of the Court of Appeals,Position 1,,Over Votes,0
Clackamas,Precinct 125,Judge of the Court of Appeals,Position 1,,Over Votes,0
Clackamas,Precinct 127,Judge of the Court of Appeals,Position 1,,Over Votes,0
Clackamas,Precinct 131,Judge of the Court of Appeals,Position 1,,Over Votes,0
Clackamas,Precinct 132,Judge of the Court of Appeals,Position 1,,Over Votes,0
Clackamas,Precinct 133,Judge of the Court of Appeals,Position 1,,Over Votes,0
Clackamas,Precinct 134,Judge of the Court of Appeals,Position 1,,Over Votes,0
Clackamas,Precinct 135,Judge of the Court of Appeals,Position 1,,Over Votes,0
Clackamas,Precinct 151,Judge of the Court of Appeals,Position 1,,Over Votes,0
Clackamas,Precinct 152,Judge of the Court of Appeals,Position 1,,Over Votes,0
Clackamas,Precinct 153,Judge of the Court of Appeals,Position 1,,Over Votes,0
Clackamas,Precinct 154,Judge of the Court of Appeals,Position 1,,Over Votes,0
Clackamas,Precinct 155,Judge of the Court of Appeals,Position 1,,Over Votes,0
Clackamas,Precinct 156,Judge of the Court of Appeals,Position 1,,Over Votes,0
Clackamas,Precinct 157,Judge of the Court of Appeals,Position 1,,Over Votes,0
Clackamas,Precinct 158,Judge of the Court of Appeals,Position 1,,Over Votes,0
Clackamas,Precinct 159,Judge of the Court of Appeals,Position 1,,Over Votes,0
Clackamas,Precinct 160,Judge of the Court of Appeals,Position 1,,Over Votes,0
Clackamas,Precinct 161,Judge of the Court of Appeals,Position 1,,Over Votes,0
Clackamas,Precinct 162,Judge of the Court of Appeals,Position 1,,Over Votes,0
Clackamas,Precinct 201,Judge of the Court of Appeals,Position 1,,Over Votes,0
Clackamas,Precinct 202,Judge of the Court of Appeals,Position 1,,Over Votes,0
Clackamas,Precinct 203,Judge of the Court of Appeals,Position 1,,Over Votes,0
Clackamas,Precinct 204,Judge of the Court of Appeals,Position 1,,Over Votes,0
Clackamas,Precinct 251,Judge of the Court of Appeals,Position 1,,Over Votes,0
Clackamas,Precinct 279,Judge of the Court of Appeals,Position 1,,Over Votes,0
Clackamas,Precinct 280,Judge of the Court of Appeals,Position 1,,Over Votes,0
Clackamas,Precinct 281,Judge of the Court of Appeals,Position 1,,Over Votes,0
Clackamas,Precinct 282,Judge of the Court of Appeals,Position 1,,Over Votes,0
Clackamas,Precinct 283,Judge of the Court of Appeals,Position 1,,Over Votes,0
Clackamas,Precinct 284,Judge of the Court of Appeals,Position 1,,Over Votes,0
Clackamas,Precinct 285,Judge of the Court of Appeals,Position 1,,Over Votes,0
Clackamas,Precinct 286,Judge of the Court of Appeals,Position 1,,Over Votes,0
Clackamas,Precinct 320,Judge of the Court of Appeals,Position 1,,Over Votes,0
Clackamas,Precinct 321,Judge of the Court of Appeals,Position 1,,Over Votes,0
Clackamas,Precinct 322,Judge of the Court of Appeals,Position 1,,Over Votes,0
Clackamas,Precinct 323,Judge of the Court of Appeals,Position 1,,Over Votes,0
Clackamas,Precinct 324,Judge of the Court of Appeals,Position 1,,Over Votes,0
Clackamas,Precinct 330,Judge of the Court of Appeals,Position 1,,Over Votes,0
Clackamas,Precinct 331,Judge of the Court of Appeals,Position 1,,Over Votes,0
Clackamas,Precinct 332,Judge of the Court of Appeals,Position 1,,Over Votes,0
Clackamas,Precinct 350,Judge of the Court of Appeals,Position 1,,Over Votes,0
Clackamas,Precinct 355,Judge of the Court of Appeals,Position 1,,Over Votes,0
Clackamas,Precinct 357,Judge of the Court of Appeals,Position 1,,Over Votes,0
Clackamas,Precinct 358,Judge of the Court of Appeals,Position 1,,Over Votes,0
Clackamas,Precinct 359,Judge of the Court of Appeals,Position 1,,Over Votes,0
Clackamas,Precinct 360,Judge of the Court of Appeals,Position 1,,Over Votes,0
Clackamas,Precinct 361,Judge of the Court of Appeals,Position 1,,Over Votes,0
Clackamas,Precinct 362,Judge of the Court of Appeals,Position 1,,Over Votes,0
Clackamas,Precinct 363,Judge of the Court of Appeals,Position 1,,Over Votes,0
Clackamas,Precinct 364,Judge of the Court of Appeals,Position 1,,Over Votes,0
Clackamas,Precinct 371,Judge of the Court of Appeals,Position 1,,Over Votes,0
Clackamas,Precinct 372,Judge of the Court of Appeals,Position 1,,Over Votes,0
Clackamas,Precinct 373,Judge of the Court of Appeals,Position 1,,Over Votes,0
Clackamas,Precinct 374,Judge of the Court of Appeals,Position 1,,Over Votes,0
Clackamas,Precinct 400,Judge of the Court of Appeals,Position 1,,Over Votes,0
Clackamas,Precinct 403,Judge of the Court of Appeals,Position 1,,Over Votes,0
Clackamas,Precinct 404,Judge of the Court of Appeals,Position 1,,Over Votes,0
Clackamas,Precinct 405,Judge of the Court of Appeals,Position 1,,Over Votes,0
Clackamas,Precinct 406,Judge of the Court of Appeals,Position 1,,Over Votes,0
Clackamas,Precinct 410,Judge of the Court of Appeals,Position 1,,Over Votes,0
Clackamas,Precinct 411,Judge of the Court of Appeals,Position 1,,Over Votes,0
Clackamas,Precinct 412,Judge of the Court of Appeals,Position 1,,Over Votes,0
Clackamas,Precinct 413,Judge of the Court of Appeals,Position 1,,Over Votes,0
Clackamas,Precinct 414,Judge of the Court of Appeals,Position 1,,Over Votes,0
Clackamas,Precinct 415,Judge of the Court of Appeals,Position 1,,Over Votes,0
Clackamas,Precinct 416,Judge of the Court of Appeals,Position 1,,Over Votes,0
Clackamas,Precinct 417,Judge of the Court of Appeals,Position 1,,Over Votes,0
Clackamas,Precinct 418,Judge of the Court of Appeals,Position 1,,Over Votes,0
Clackamas,Precinct 419,Judge of the Court of Appeals,Position 1,,Over Votes,0
Clackamas,Precinct 420,Judge of the Court of Appeals,Position 1,,Over Votes,0
Clackamas,Precinct 421,Judge of the Court of Appeals,Position 1,,Over Votes,0
Clackamas,Precinct 422,Judge of the Court of Appeals,Position 1,,Over Votes,0
Clackamas,Precinct 500,Judge of the Court of Appeals,Position 1,,Over Votes,0
Clackamas,Precinct 501,Judge of the Court of Appeals,Position 1,,Over Votes,0
Clackamas,Precinct 502,Judge of the Court of Appeals,Position 1,,Over Votes,0
Clackamas,Precinct 503,Judge of the Court of Appeals,Position 1,,Over Votes,0
Clackamas,Precinct 504,Judge of the Court of Appeals,Position 1,,Over Votes,0
Clackamas,Precinct 506,Judge of the Court of Appeals,Position 1,,Over Votes,0
Clackamas,Precinct 510,Judge of the Court of Appeals,Position 1,,Over Votes,0
Clackamas,Precinct 511,Judge of the Court of Appeals,Position 1,,Over Votes,0
Clackamas,Precinct 512,Judge of the Court of Appeals,Position 1,,Over Votes,0
Clackamas,Precinct 513,Judge of the Court of Appeals,Position 1,,Over Votes,0
Clackamas,Precinct 514,Judge of the Court of Appeals,Position 1,,Over Votes,0
Clackamas,Precinct 515,Judge of the Court of Appeals,Position 1,,Over Votes,0
Clackamas,Precinct 516,Judge of the Court of Appeals,Position 1,,Over Votes,0
Clackamas,Precinct 517,Judge of the Court of Appeals,Position 1,,Over Votes,0
Clackamas,Precinct 518,Judge of the Court of Appeals,Position 1,,Over Votes,0
Clackamas,Precinct 600,Judge of the Court of Appeals,Position 1,,Over Votes,0
Clackamas,Precinct 602,Judge of the Court of Appeals,Position 1,,Over Votes,0
Clackamas,Precinct 604,Judge of the Court of Appeals,Position 1,,Over Votes,0
Clackamas,Precinct 606,Judge of the Court of Appeals,Position 1,,Over Votes,0
Clackamas,Precinct 608,Judge of the Court of Appeals,Position 1,,Over Votes,0
Clackamas,Precinct 614,Judge of the Court of Appeals,Position 1,,Over Votes,0
Clackamas,Precinct 616,Judge of the Court of Appeals,Position 1,,Over Votes,1
Clackamas,Precinct 618,Judge of the Court of Appeals,Position 1,,Over Votes,0
Clackamas,Precinct 620,Judge of the Court of Appeals,Position 1,,Over Votes,0
Clackamas,Precinct 622,Judge of the Court of Appeals,Position 1,,Over Votes,0
Clackamas,Precinct 626,Judge of the Court of Appeals,Position 1,,Over Votes,0
Clackamas,Precinct 628,Judge of the Court of Appeals,Position 1,,Over Votes,0
Clackamas,Precinct 630,Judge of the Court of Appeals,Position 1,,Over Votes,0
Clackamas,Precinct 100,Judge of the Court of Appeals,Position 1,,Ryan T. O'Connor,17
Clackamas,Precinct 101,Judge of the Court of Appeals,Position 1,,Ryan T. O'Connor,1347
Clackamas,Precinct 102,Judge of the Court of Appeals,Position 1,,Ryan T. O'Connor,282
Clackamas,Precinct 103,Judge of the Court of Appeals,Position 1,,Ryan T. O'Connor,677
Clackamas,Precinct 104,Judge of the Court of Appeals,Position 1,,Ryan T. O'Connor,4
Clackamas,Precinct 105,Judge of the Court of Appeals,Position 1,,Ryan T. O'Connor,998
Clackamas,Precinct 106,Judge of the Court of Appeals,Position 1,,Ryan T. O'Connor,773
Clackamas,Precinct 107,Judge of the Court of Appeals,Position 1,,Ryan T. O'Connor,478
Clackamas,Precinct 108,Judge of the Court of Appeals,Position 1,,Ryan T. O'Connor,1057
Clackamas,Precinct 109,Judge of the Court of Appeals,Position 1,,Ryan T. O'Connor,0
Clackamas,Precinct 111,Judge of the Court of Appeals,Position 1,,Ryan T. O'Connor,1167
Clackamas,Precinct 112,Judge of the Court of Appeals,Position 1,,Ryan T. O'Connor,0
Clackamas,Precinct 113,Judge of the Court of Appeals,Position 1,,Ryan T. O'Connor,9
Clackamas,Precinct 114,Judge of the Court of Appeals,Position 1,,Ryan T. O'Connor,35
Clackamas,Precinct 115,Judge of the Court of Appeals,Position 1,,Ryan T. O'Connor,63
Clackamas,Precinct 116,Judge of the Court of Appeals,Position 1,,Ryan T. O'Connor,0
Clackamas,Precinct 122,Judge of the Court of Appeals,Position 1,,Ryan T. O'Connor,1128
Clackamas,Precinct 123,Judge of the Court of Appeals,Position 1,,Ryan T. O'Connor,651
Clackamas,Precinct 124,Judge of the Court of Appeals,Position 1,,Ryan T. O'Connor,1193
Clackamas,Precinct 125,Judge of the Court of Appeals,Position 1,,Ryan T. O'Connor,445
Clackamas,Precinct 127,Judge of the Court of Appeals,Position 1,,Ryan T. O'Connor,30
Clackamas,Precinct 131,Judge of the Court of Appeals,Position 1,,Ryan T. O'Connor,1620
Clackamas,Precinct 132,Judge of the Court of Appeals,Position 1,,Ryan T. O'Connor,1256
Clackamas,Precinct 133,Judge of the Court of Appeals,Position 1,,Ryan T. O'Connor,523
Clackamas,Precinct 134,Judge of the Court of Appeals,Position 1,,Ryan T. O'Connor,1
Clackamas,Precinct 135,Judge of the Court of Appeals,Position 1,,Ryan T. O'Connor,1485
Clackamas,Precinct 151,Judge of the Court of Appeals,Position 1,,Ryan T. O'Connor,763
Clackamas,Precinct 152,Judge of the Court of Appeals,Position 1,,Ryan T. O'Connor,1570
Clackamas,Precinct 153,Judge of the Court of Appeals,Position 1,,Ryan T. O'Connor,147
Clackamas,Precinct 154,Judge of the Court of Appeals,Position 1,,Ryan T. O'Connor,29
Clackamas,Precinct 155,Judge of the Court of Appeals,Position 1,,Ryan T. O'Connor,751
Clackamas,Precinct 156,Judge of the Court of Appeals,Position 1,,Ryan T. O'Connor,1451
Clackamas,Precinct 157,Judge of the Court of Appeals,Position 1,,Ryan T. O'Connor,23
Clackamas,Precinct 158,Judge of the Court of Appeals,Position 1,,Ryan T. O'Connor,1165
Clackamas,Precinct 159,Judge of the Court of Appeals,Position 1,,Ryan T. O'Connor,788
Clackamas,Precinct 160,Judge of the Court of Appeals,Position 1,,Ryan T. O'Connor,486
Clackamas,Precinct 161,Judge of the Court of Appeals,Position 1,,Ryan T. O'Connor,142
Clackamas,Precinct 162,Judge of the Court of Appeals,Position 1,,Ryan T. O'Connor,217
Clackamas,Precinct 201,Judge of the Court of Appeals,Position 1,,Ryan T. O'Connor,1269
Clackamas,Precinct 202,Judge of the Court of Appeals,Position 1,,Ryan T. O'Connor,1335
Clackamas,Precinct 203,Judge of the Court of Appeals,Position 1,,Ryan T. O'Connor,886
Clackamas,Precinct 204,Judge of the Court of Appeals,Position 1,,Ryan T. O'Connor,666
Clackamas,Precinct 251,Judge of the Court of Appeals,Position 1,,Ryan T. O'Connor,557
Clackamas,Precinct 279,Judge of the Court of Appeals,Position 1,,Ryan T. O'Connor,36
Clackamas,Precinct 280,Judge of the Court of Appeals,Position 1,,Ryan T. O'Connor,114
Clackamas,Precinct 281,Judge of the Court of Appeals,Position 1,,Ryan T. O'Connor,329
Clackamas,Precinct 282,Judge of the Court of Appeals,Position 1,,Ryan T. O'Connor,96
Clackamas,Precinct 283,Judge of the Court of Appeals,Position 1,,Ryan T. O'Connor,107
Clackamas,Precinct 284,Judge of the Court of Appeals,Position 1,,Ryan T. O'Connor,112
Clackamas,Precinct 285,Judge of the Court of Appeals,Position 1,,Ryan T. O'Connor,7
Clackamas,Precinct 286,Judge of the Court of Appeals,Position 1,,Ryan T. O'Connor,47
Clackamas,Precinct 320,Judge of the Court of Appeals,Position 1,,Ryan T. O'Connor,33
Clackamas,Precinct 321,Judge of the Court of Appeals,Position 1,,Ryan T. O'Connor,712
Clackamas,Precinct 322,Judge of the Court of Appeals,Position 1,,Ryan T. O'Connor,318
Clackamas,Precinct 323,Judge of the Court of Appeals,Position 1,,Ryan T. O'Connor,408
Clackamas,Precinct 324,Judge of the Court of Appeals,Position 1,,Ryan T. O'Connor,19
Clackamas,Precinct 330,Judge of the Court of Appeals,Position 1,,Ryan T. O'Connor,849
Clackamas,Precinct 331,Judge of the Court of Appeals,Position 1,,Ryan T. O'Connor,460
Clackamas,Precinct 332,Judge of the Court of Appeals,Position 1,,Ryan T. O'Connor,166
Clackamas,Precinct 350,Judge of the Court of Appeals,Position 1,,Ryan T. O'Connor,691
Clackamas,Precinct 355,Judge of the Court of Appeals,Position 1,,Ryan T. O'Connor,0
Clackamas,Precinct 357,Judge of the Court of Appeals,Position 1,,Ryan T. O'Connor,42
Clackamas,Precinct 358,Judge of the Court of Appeals,Position 1,,Ryan T. O'Connor,68
Clackamas,Precinct 359,Judge of the Court of Appeals,Position 1,,Ryan T. O'Connor,706
Clackamas,Precinct 360,Judge of the Court of Appeals,Position 1,,Ryan T. O'Connor,278
Clackamas,Precinct 361,Judge of the Court of Appeals,Position 1,,Ryan T. O'Connor,1
Clackamas,Precinct 362,Judge of the Court of Appeals,Position 1,,Ryan T. O'Connor,162
Clackamas,Precinct 363,Judge of the Court of Appeals,Position 1,,Ryan T. O'Connor,484
Clackamas,Precinct 364,Judge of the Court of Appeals,Position 1,,Ryan T. O'Connor,67
Clackamas,Precinct 371,Judge of the Court of Appeals,Position 1,,Ryan T. O'Connor,69
Clackamas,Precinct 372,Judge of the Court of Appeals,Position 1,,Ryan T. O'Connor,13
Clackamas,Precinct 373,Judge of the Court of Appeals,Position 1,,Ryan T. O'Connor,932
Clackamas,Precinct 374,Judge of the Court of Appeals,Position 1,,Ryan T. O'Connor,0
Clackamas,Precinct 400,Judge of the Court of Appeals,Position 1,,Ryan T. O'Connor,917
Clackamas,Precinct 403,Judge of the Court of Appeals,Position 1,,Ryan T. O'Connor,339
Clackamas,Precinct 404,Judge of the Court of Appeals,Position 1,,Ryan T. O'Connor,876
Clackamas,Precinct 405,Judge of the Court of Appeals,Position 1,,Ryan T. O'Connor,538
Clackamas,Precinct 406,Judge of the Court of Appeals,Position 1,,Ryan T. O'Connor,245
Clackamas,Precinct 410,Judge of the Court of Appeals,Position 1,,Ryan T. O'Connor,747
Clackamas,Precinct 411,Judge of the Court of Appeals,Position 1,,Ryan T. O'Connor,998
Clackamas,Precinct 412,Judge of the Court of Appeals,Position 1,,Ryan T. O'Connor,478
Clackamas,Precinct 413,Judge of the Court of Appeals,Position 1,,Ryan T. O'Connor,50
Clackamas,Precinct 414,Judge of the Court of Appeals,Position 1,,Ryan T. O'Connor,185
Clackamas,Precinct 415,Judge of the Court of Appeals,Position 1,,Ryan T. O'Connor,111
Clackamas,Precinct 416,Judge of the Court of Appeals,Position 1,,Ryan T. O'Connor,591
Clackamas,Precinct 417,Judge of the Court of Appeals,Position 1,,Ryan T. O'Connor,288
Clackamas,Precinct 418,Judge of the Court of Appeals,Position 1,,Ryan T. O'Connor,265
Clackamas,Precinct 419,Judge of the Court of Appeals,Position 1,,Ryan T. O'Connor,520
Clackamas,Precinct 420,Judge of the Court of Appeals,Position 1,,Ryan T. O'Connor,414
Clackamas,Precinct 421,Judge of the Court of Appeals,Position 1,,Ryan T. O'Connor,546
Clackamas,Precinct 422,Judge of the Court of Appeals,Position 1,,Ryan T. O'Connor,943
Clackamas,Precinct 500,Judge of the Court of Appeals,Position 1,,Ryan T. O'Connor,300
Clackamas,Precinct 501,Judge of the Court of Appeals,Position 1,,Ryan T. O'Connor,1244
Clackamas,Precinct 502,Judge of the Court of Appeals,Position 1,,Ryan T. O'Connor,1136
Clackamas,Precinct 503,Judge of the Court of Appeals,Position 1,,Ryan T. O'Connor,1045
Clackamas,Precinct 504,Judge of the Court of Appeals,Position 1,,Ryan T. O'Connor,1299
Clackamas,Precinct 506,Judge of the Court of Appeals,Position 1,,Ryan T. O'Connor,726
Clackamas,Precinct 510,Judge of the Court of Appeals,Position 1,,Ryan T. O'Connor,247
Clackamas,Precinct 511,Judge of the Court of Appeals,Position 1,,Ryan T. O'Connor,600
Clackamas,Precinct 512,Judge of the Court of Appeals,Position 1,,Ryan T. O'Connor,547
Clackamas,Precinct 513,Judge of the Court of Appeals,Position 1,,Ryan T. O'Connor,38
Clackamas,Precinct 514,Judge of the Court of Appeals,Position 1,,Ryan T. O'Connor,1309
Clackamas,Precinct 515,Judge of the Court of Appeals,Position 1,,Ryan T. O'Connor,337
Clackamas,Precinct 516,Judge of the Court of Appeals,Position 1,,Ryan T. O'Connor,615
Clackamas,Precinct 517,Judge of the Court of Appeals,Position 1,,Ryan T. O'Connor,517
Clackamas,Precinct 518,Judge of the Court of Appeals,Position 1,,Ryan T. O'Connor,572
Clackamas,Precinct 600,Judge of the Court of Appeals,Position 1,,Ryan T. O'Connor,1168
Clackamas,Precinct 602,Judge of the Court of Appeals,Position 1,,Ryan T. O'Connor,1032
Clackamas,Precinct 604,Judge of the Court of Appeals,Position 1,,Ryan T. O'Connor,1835
Clackamas,Precinct 606,Judge of the Court of Appeals,Position 1,,Ryan T. O'Connor,553
Clackamas,Precinct 608,Judge of the Court of Appeals,Position 1,,Ryan T. O'Connor,713
Clackamas,Precinct 614,Judge of the Court of Appeals,Position 1,,Ryan T. O'Connor,600
Clackamas,Precinct 616,Judge of the Court of Appeals,Position 1,,Ryan T. O'Connor,859
Clackamas,Precinct 618,Judge of the Court of Appeals,Position 1,,Ryan T. O'Connor,148
Clackamas,Precinct 620,Judge of the Court of Appeals,Position 1,,Ryan T. O'Connor,91
Clackamas,Precinct 622,Judge of the Court of Appeals,Position 1,,Ryan T. O'Connor,628
Clackamas,Precinct 626,Judge of the Court of Appeals,Position 1,,Ryan T. O'Connor,1056
Clackamas,Precinct 628,Judge of the Court of Appeals,Position 1,,Ryan T. O'Connor,230
Clackamas,Precinct 630,Judge of the Court of Appeals,Position 1,,Ryan T. O'Connor,1394
Clackamas,Precinct 100,Judge of the Court of Appeals,Position 1,,Under Votes,28
Clackamas,Precinct 101,Judge of the Court of Appeals,Position 1,,Under Votes,1383
Clackamas,Precinct 102,Judge of the Court of Appeals,Position 1,,Under Votes,390
Clackamas,Precinct 103,Judge of the Court of Appeals,Position 1,,Under Votes,824
Clackamas,Precinct 104,Judge of the Court of Appeals,Position 1,,Under Votes,4
Clackamas,Precinct 105,Judge of the Court of Appeals,Position 1,,Under Votes,1179
Clackamas,Precinct 106,Judge of the Court of Appeals,Position 1,,Under Votes,920
Clackamas,Precinct 107,Judge of the Court of Appeals,Position 1,,Under Votes,606
Clackamas,Precinct 108,Judge of the Court of Appeals,Position 1,,Under Votes,1328
Clackamas,Precinct 109,Judge of the Court of Appeals,Position 1,,Under Votes,0
Clackamas,Precinct 111,Judge of the Court of Appeals,Position 1,,Under Votes,1467
Clackamas,Precinct 112,Judge of the Court of Appeals,Position 1,,Under Votes,0
Clackamas,Precinct 113,Judge of the Court of Appeals,Position 1,,Under Votes,24
Clackamas,Precinct 114,Judge of the Court of Appeals,Position 1,,Under Votes,49
Clackamas,Precinct 115,Judge of the Court of Appeals,Position 1,,Under Votes,90
Clackamas,Precinct 116,Judge of the Court of Appeals,Position 1,,Under Votes,1
Clackamas,Precinct 122,Judge of the Court of Appeals,Position 1,,Under Votes,1281
Clackamas,Precinct 123,Judge of the Court of Appeals,Position 1,,Under Votes,803
Clackamas,Precinct 124,Judge of the Court of Appeals,Position 1,,Under Votes,1490
Clackamas,Precinct 125,Judge of the Court of Appeals,Position 1,,Under Votes,571
Clackamas,Precinct 127,Judge of the Court of Appeals,Position 1,,Under Votes,32
Clackamas,Precinct 131,Judge of the Court of Appeals,Position 1,,Under Votes,1587
Clackamas,Precinct 132,Judge of the Court of Appeals,Position 1,,Under Votes,1165
Clackamas,Precinct 133,Judge of the Court of Appeals,Position 1,,Under Votes,510
Clackamas,Precinct 134,Judge of the Court of Appeals,Position 1,,Under Votes,2
Clackamas,Precinct 135,Judge of the Court of Appeals,Position 1,,Under Votes,1392
Clackamas,Precinct 151,Judge of the Court of Appeals,Position 1,,Under Votes,741
Clackamas,Precinct 152,Judge of the Court of Appeals,Position 1,,Under Votes,1584
Clackamas,Precinct 153,Judge of the Court of Appeals,Position 1,,Under Votes,101
Clackamas,Precinct 154,Judge of the Court of Appeals,Position 1,,Under Votes,15
Clackamas,Precinct 155,Judge of the Court of Appeals,Position 1,,Under Votes,686
Clackamas,Precinct 156,Judge of the Court of Appeals,Position 1,,Under Votes,1331
Clackamas,Precinct 157,Judge of the Court of Appeals,Position 1,,Under Votes,27
Clackamas,Precinct 158,Judge of the Court of Appeals,Position 1,,Under Votes,968
Clackamas,Precinct 159,Judge of the Court of Appeals,Position 1,,Under Votes,756
Clackamas,Precinct 160,Judge of the Court of Appeals,Position 1,,Under Votes,426
Clackamas,Precinct 161,Judge of the Court of Appeals,Position 1,,Under Votes,150
Clackamas,Precinct 162,Judge of the Court of Appeals,Position 1,,Under Votes,165
Clackamas,Precinct 201,Judge of the Court of Appeals,Position 1,,Under Votes,1144
Clackamas,Precinct 202,Judge of the Court of Appeals,Position 1,,Under Votes,1322
Clackamas,Precinct 203,Judge of the Court of Appeals,Position 1,,Under Votes,773
Clackamas,Precinct 204,Judge of the Court of Appeals,Position 1,,Under Votes,706
Clackamas,Precinct 251,Judge of the Court of Appeals,Position 1,,Under Votes,520
Clackamas,Precinct 279,Judge of the Court of Appeals,Position 1,,Under Votes,25
Clackamas,Precinct 280,Judge of the Court of Appeals,Position 1,,Under Votes,91
Clackamas,Precinct 281,Judge of the Court of Appeals,Position 1,,Under Votes,295
Clackamas,Precinct 282,Judge of the Court of Appeals,Position 1,,Under Votes,86
Clackamas,Precinct 283,Judge of the Court of Appeals,Position 1,,Under Votes,141
Clackamas,Precinct 284,Judge of the Court of Appeals,Position 1,,Under Votes,104
Clackamas,Precinct 285,Judge of the Court of Appeals,Position 1,,Under Votes,6
Clackamas,Precinct 286,Judge of the Court of Appeals,Position 1,,Under Votes,39
Clackamas,Precinct 320,Judge of the Court of Appeals,Position 1,,Under Votes,32
Clackamas,Precinct 321,Judge of the Court of Appeals,Position 1,,Under Votes,890
Clackamas,Precinct 322,Judge of the Court of Appeals,Position 1,,Under Votes,416
Clackamas,Precinct 323,Judge of the Court of Appeals,Position 1,,Under Votes,501
Clackamas,Precinct 324,Judge of the Court of Appeals,Position 1,,Under Votes,21
Clackamas,Precinct 330,Judge of the Court of Appeals,Position 1,,Under Votes,1591
Clackamas,Precinct 331,Judge of the Court of Appeals,Position 1,,Under Votes,843
Clackamas,Precinct 332,Judge of the Court of Appeals,Position 1,,Under Votes,235
Clackamas,Precinct 350,Judge of the Court of Appeals,Position 1,,Under Votes,1311
Clackamas,Precinct 355,Judge of the Court of Appeals,Position 1,,Under Votes,0
Clackamas,Precinct 357,Judge of the Court of Appeals,Position 1,,Under Votes,75
Clackamas,Precinct 358,Judge of the Court of Appeals,Position 1,,Under Votes,159
Clackamas,Precinct 359,Judge of the Court of Appeals,Position 1,,Under Votes,1083
Clackamas,Precinct 360,Judge of the Court of Appeals,Position 1,,Under Votes,438
Clackamas,Precinct 361,Judge of the Court of Appeals,Position 1,,Under Votes,3
Clackamas,Precinct 362,Judge of the Court of Appeals,Position 1,,Under Votes,327
Clackamas,Precinct 363,Judge of the Court of Appeals,Position 1,,Under Votes,860
Clackamas,Precinct 364,Judge of the Court of Appeals,Position 1,,Under Votes,106
Clackamas,Precinct 371,Judge of the Court of Appeals,Position 1,,Under Votes,101
Clackamas,Precinct 372,Judge of the Court of Appeals,Position 1,,Under Votes,13
Clackamas,Precinct 373,Judge of the Court of Appeals,Position 1,,Under Votes,1354
Clackamas,Precinct 374,Judge of the Court of Appeals,Position 1,,Under Votes,0
Clackamas,Precinct 400,Judge of the Court of Appeals,Position 1,,Under Votes,1724
Clackamas,Precinct 403,Judge of the Court of Appeals,Position 1,,Under Votes,464
Clackamas,Precinct 404,Judge of the Court of Appeals,Position 1,,Under Votes,1550
Clackamas,Precinct 405,Judge of the Court of Appeals,Position 1,,Under Votes,852
Clackamas,Precinct 406,Judge of the Court of Appeals,Position 1,,Under Votes,378
Clackamas,Precinct 410,Judge of the Court of Appeals,Position 1,,Under Votes,800
Clackamas,Precinct 411,Judge of the Court of Appeals,Position 1,,Under Votes,1071
Clackamas,Precinct 412,Judge of the Court of Appeals,Position 1,,Under Votes,661
Clackamas,Precinct 413,Judge of the Court of Appeals,Position 1,,Under Votes,39
Clackamas,Precinct 414,Judge of the Court of Appeals,Position 1,,Under Votes,228
Clackamas,Precinct 415,Judge of the Court of Appeals,Position 1,,Under Votes,176
Clackamas,Precinct 416,Judge of the Court of Appeals,Position 1,,Under Votes,692
Clackamas,Precinct 417,Judge of the Court of Appeals,Position 1,,Under Votes,376
Clackamas,Precinct 418,Judge of the Court of Appeals,Position 1,,Under Votes,400
Clackamas,Precinct 419,Judge of the Court of Appeals,Position 1,,Under Votes,536
Clackamas,Precinct 420,Judge of the Court of Appeals,Position 1,,Under Votes,525
Clackamas,Precinct 421,Judge of the Court of Appeals,Position 1,,Under Votes,510
Clackamas,Precinct 422,Judge of the Court of Appeals,Position 1,,Under Votes,957
Clackamas,Precinct 500,Judge of the Court of Appeals,Position 1,,Under Votes,357
Clackamas,Precinct 501,Judge of the Court of Appeals,Position 1,,Under Votes,1131
Clackamas,Precinct 502,Judge of the Court of Appeals,Position 1,,Under Votes,1274
Clackamas,Precinct 503,Judge of the Court of Appeals,Position 1,,Under Votes,1144
Clackamas,Precinct 504,Judge of the Court of Appeals,Position 1,,Under Votes,1368
Clackamas,Precinct 506,Judge of the Court of Appeals,Position 1,,Under Votes,847
Clackamas,Precinct 510,Judge of the Court of Appeals,Position 1,,Under Votes,359
Clackamas,Precinct 511,Judge of the Court of Appeals,Position 1,,Under Votes,860
Clackamas,Precinct 512,Judge of the Court of Appeals,Position 1,,Under Votes,664
Clackamas,Precinct 513,Judge of the Court of Appeals,Position 1,,Under Votes,46
Clackamas,Precinct 514,Judge of the Court of Appeals,Position 1,,Under Votes,2076
Clackamas,Precinct 515,Judge of the Court of Appeals,Position 1,,Under Votes,642
Clackamas,Precinct 516,Judge of the Court of Appeals,Position 1,,Under Votes,870
Clackamas,Precinct 517,Judge of the Court of Appeals,Position 1,,Under Votes,779
Clackamas,Precinct 518,Judge of the Court of Appeals,Position 1,,Under Votes,868
Clackamas,Precinct 600,Judge of the Court of Appeals,Position 1,,Under Votes,1309
Clackamas,Precinct 602,Judge of the Court of Appeals,Position 1,,Under Votes,1283
Clackamas,Precinct 604,Judge of the Court of Appeals,Position 1,,Under Votes,2099
Clackamas,Precinct 606,Judge of the Court of Appeals,Position 1,,Under Votes,547
Clackamas,Precinct 608,Judge of the Court of Appeals,Position 1,,Under Votes,778
Clackamas,Precinct 614,Judge of the Court of Appeals,Position 1,,Under Votes,646
Clackamas,Precinct 616,Judge of the Court of Appeals,Position 1,,Under Votes,1135
Clackamas,Precinct 618,Judge of the Court of Appeals,Position 1,,Under Votes,162
Clackamas,Precinct 620,Judge of the Court of Appeals,Position 1,,Under Votes,59
Clackamas,Precinct 622,Judge of the Court of Appeals,Position 1,,Under Votes,630
Clackamas,Precinct 626,Judge of the Court of Appeals,Position 1,,Under Votes,1181
Clackamas,Precinct 628,Judge of the Court of Appeals,Position 1,,Under Votes,276
Clackamas,Precinct 630,Judge of the Court of Appeals,Position 1,,Under Votes,1648
Clackamas,Precinct 100,Judge of the Court of Appeals,Position 1,,Write-ins,0
Clackamas,Precinct 101,Judge of the Court of Appeals,Position 1,,Write-ins,30
Clackamas,Precinct 102,Judge of the Court of Appeals,Position 1,,Write-ins,4
Clackamas,Precinct 103,Judge of the Court of Appeals,Position 1,,Write-ins,7
Clackamas,Precinct 104,Judge of the Court of Appeals,Position 1,,Write-ins,0
Clackamas,Precinct 105,Judge of the Court of Appeals,Position 1,,Write-ins,17
Clackamas,Precinct 106,Judge of the Court of Appeals,Position 1,,Write-ins,18
Clackamas,Precinct 107,Judge of the Court of Appeals,Position 1,,Write-ins,11
Clackamas,Precinct 108,Judge of the Court of Appeals,Position 1,,Write-ins,45
Clackamas,Precinct 109,Judge of the Court of Appeals,Position 1,,Write-ins,0
Clackamas,Precinct 111,Judge of the Court of Appeals,Position 1,,Write-ins,51
Clackamas,Precinct 112,Judge of the Court of Appeals,Position 1,,Write-ins,0
Clackamas,Precinct 113,Judge of the Court of Appeals,Position 1,,Write-ins,0
Clackamas,Precinct 114,Judge of the Court of Appeals,Position 1,,Write-ins,0
Clackamas,Precinct 115,Judge of the Court of Appeals,Position 1,,Write-ins,1
Clackamas,Precinct 116,Judge of the Court of Appeals,Position 1,,Write-ins,0
Clackamas,Precinct 122,Judge of the Court of Appeals,Position 1,,Write-ins,30
Clackamas,Precinct 123,Judge of the Court of Appeals,Position 1,,Write-ins,16
Clackamas,Precinct 124,Judge of the Court of Appeals,Position 1,,Write-ins,32
Clackamas,Precinct 125,Judge of the Court of Appeals,Position 1,,Write-ins,11
Clackamas,Precinct 127,Judge of the Court of Appeals,Position 1,,Write-ins,0
Clackamas,Precinct 131,Judge of the Court of Appeals,Position 1,,Write-ins,21
Clackamas,Precinct 132,Judge of the Court of Appeals,Position 1,,Write-ins,16
Clackamas,Precinct 133,Judge of the Court of Appeals,Position 1,,Write-ins,1
Clackamas,Precinct 134,Judge of the Court of Appeals,Position 1,,Write-ins,0
Clackamas,Precinct 135,Judge of the Court of Appeals,Position 1,,Write-ins,18
Clackamas,Precinct 151,Judge of the Court of Appeals,Position 1,,Write-ins,5
Clackamas,Precinct 152,Judge of the Court of Appeals,Position 1,,Write-ins,8
Clackamas,Precinct 153,Judge of the Court of Appeals,Position 1,,Write-ins,1
Clackamas,Precinct 154,Judge of the Court of Appeals,Position 1,,Write-ins,0
Clackamas,Precinct 155,Judge of the Court of Appeals,Position 1,,Write-ins,5
Clackamas,Precinct 156,Judge of the Court of Appeals,Position 1,,Write-ins,7
Clackamas,Precinct 157,Judge of the Court of Appeals,Position 1,,Write-ins,0
Clackamas,Precinct 158,Judge of the Court of Appeals,Position 1,,Write-ins,4
Clackamas,Precinct 159,Judge of the Court of Appeals,Position 1,,Write-ins,6
Clackamas,Precinct 160,Judge of the Court of Appeals,Position 1,,Write-ins,3
Clackamas,Precinct 161,Judge of the Court of Appeals,Position 1,,Write-ins,1
Clackamas,Precinct 162,Judge of the Court of Appeals,Position 1,,Write-ins,0
Clackamas,Precinct 201,Judge of the Court of Appeals,Position 1,,Write-ins,13
Clackamas,Precinct 202,Judge of the Court of Appeals,Position 1,,Write-ins,16
Clackamas,Precinct 203,Judge of the Court of Appeals,Position 1,,Write-ins,3
Clackamas,Precinct 204,Judge of the Court of Appeals,Position 1,,Write-ins,5
Clackamas,Precinct 251,Judge of the Court of Appeals,Position 1,,Write-ins,4
Clackamas,Precinct 279,Judge of the Court of Appeals,Position 1,,Write-ins,0
Clackamas,Precinct 280,Judge of the Court of Appeals,Position 1,,Write-ins,4
Clackamas,Precinct 281,Judge of the Court of Appeals,Position 1,,Write-ins,6
Clackamas,Precinct 282,Judge of the Court of Appeals,Position 1,,Write-ins,2
Clackamas,Precinct 283,Judge of the Court of Appeals,Position 1,,Write-ins,0
Clackamas,Precinct 284,Judge of the Court of Appeals,Position 1,,Write-ins,1
Clackamas,Precinct 285,Judge of the Court of Appeals,Position 1,,Write-ins,0
Clackamas,Precinct 286,Judge of the Court of Appeals,Position 1,,Write-ins,0
Clackamas,Precinct 320,Judge of the Court of Appeals,Position 1,,Write-ins,0
Clackamas,Precinct 321,Judge of the Court of Appeals,Position 1,,Write-ins,8
Clackamas,Precinct 322,Judge of the Court of Appeals,Position 1,,Write-ins,7
Clackamas,Precinct 323,Judge of the Court of Appeals,Position 1,,Write-ins,11
Clackamas,Precinct 324,Judge of the Court of Appeals,Position 1,,Write-ins,0
Clackamas,Precinct 330,Judge of the Court of Appeals,Position 1,,Write-ins,55
Clackamas,Precinct 331,Judge of the Court of Appeals,Position 1,,Write-ins,20
Clackamas,Precinct 332,Judge of the Court of Appeals,Position 1,,Write-ins,8
Clackamas,Precinct 350,Judge of the Court of Appeals,Position 1,,Write-ins,52
Clackamas,Precinct 355,Judge of the Court of Appeals,Position 1,,Write-ins,0
Clackamas,Precinct 357,Judge of the Court of Appeals,Position 1,,Write-ins,3
Clackamas,Precinct 358,Judge of the Court of Appeals,Position 1,,Write-ins,5
Clackamas,Precinct 359,Judge of the Court of Appeals,Position 1,,Write-ins,20
Clackamas,Precinct 360,Judge of the Court of Appeals,Position 1,,Write-ins,8
Clackamas,Precinct 361,Judge of the Court of Appeals,Position 1,,Write-ins,0
Clackamas,Precinct 362,Judge of the Court of Appeals,Position 1,,Write-ins,7
Clackamas,Precinct 363,Judge of the Court of Appeals,Position 1,,Write-ins,24
Clackamas,Precinct 364,Judge of the Court of Appeals,Position 1,,Write-ins,1
Clackamas,Precinct 371,Judge of the Court of Appeals,Position 1,,Write-ins,2
Clackamas,Precinct 372,Judge of the Court of Appeals,Position 1,,Write-ins,0
Clackamas,Precinct 373,Judge of the Court of Appeals,Position 1,,Write-ins,37
Clackamas,Precinct 374,Judge of the Court of Appeals,Position 1,,Write-ins,0
Clackamas,Precinct 400,Judge of the Court of Appeals,Position 1,,Write-ins,23
Clackamas,Precinct 403,Judge of the Court of Appeals,Position 1,,Write-ins,8
Clackamas,Precinct 404,Judge of the Court of Appeals,Position 1,,Write-ins,20
Clackamas,Precinct 405,Judge of the Court of Appeals,Position 1,,Write-ins,13
Clackamas,Precinct 406,Judge of the Court of Appeals,Position 1,,Write-ins,7
Clackamas,Precinct 410,Judge of the Court of Appeals,Position 1,,Write-ins,20
Clackamas,Precinct 411,Judge of the Court of Appeals,Position 1,,Write-ins,13
Clackamas,Precinct 412,Judge of the Court of Appeals,Position 1,,Write-ins,12
Clackamas,Precinct 413,Judge of the Court of Appeals,Position 1,,Write-ins,0
Clackamas,Precinct 414,Judge of the Court of Appeals,Position 1,,Write-ins,1
Clackamas,Precinct 415,Judge of the Court of Appeals,Position 1,,Write-ins,0
Clackamas,Precinct 416,Judge of the Court of Appeals,Position 1,,Write-ins,17
Clackamas,Precinct 417,Judge of the Court of Appeals,Position 1,,Write-ins,6
Clackamas,Precinct 418,Judge of the Court of Appeals,Position 1,,Write-ins,13
Clackamas,Precinct 419,Judge of the Court of Appeals,Position 1,,Write-ins,3
Clackamas,Precinct 420,Judge of the Court of Appeals,Position 1,,Write-ins,13
Clackamas,Precinct 421,Judge of the Court of Appeals,Position 1,,Write-ins,5
Clackamas,Precinct 422,Judge of the Court of Appeals,Position 1,,Write-ins,22
Clackamas,Precinct 500,Judge of the Court of Appeals,Position 1,,Write-ins,2
Clackamas,Precinct 501,Judge of the Court of Appeals,Position 1,,Write-ins,15
Clackamas,Precinct 502,Judge of the Court of Appeals,Position 1,,Write-ins,16
Clackamas,Precinct 503,Judge of the Court of Appeals,Position 1,,Write-ins,18
Clackamas,Precinct 504,Judge of the Court of Appeals,Position 1,,Write-ins,25
Clackamas,Precinct 506,Judge of the Court of Appeals,Position 1,,Write-ins,7
Clackamas,Precinct 510,Judge of the Court of Appeals,Position 1,,Write-ins,7
Clackamas,Precinct 511,Judge of the Court of Appeals,Position 1,,Write-ins,22
Clackamas,Precinct 512,Judge of the Court of Appeals,Position 1,,Write-ins,13
Clackamas,Precinct 513,Judge of the Court of Appeals,Position 1,,Write-ins,0
Clackamas,Precinct 514,Judge of the Court of Appeals,Position 1,,Write-ins,44
Clackamas,Precinct 515,Judge of the Court of Appeals,Position 1,,Write-ins,19
Clackamas,Precinct 516,Judge of the Court of Appeals,Position 1,,Write-ins,23
Clackamas,Precinct 517,Judge of the Court of Appeals,Position 1,,Write-ins,24
Clackamas,Precinct 518,Judge of the Court of Appeals,Position 1,,Write-ins,38
Clackamas,Precinct 600,Judge of the Court of Appeals,Position 1,,Write-ins,27
Clackamas,Precinct 602,Judge of the Court of Appeals,Position 1,,Write-ins,31
Clackamas,Precinct 604,Judge of the Court of Appeals,Position 1,,Write-ins,53
Clackamas,Precinct 606,Judge of the Court of Appeals,Position 1,,Write-ins,10
Clackamas,Precinct 608,Judge of the Court of Appeals,Position 1,,Write-ins,16
Clackamas,Precinct 614,Judge of the Court of Appeals,Position 1,,Write-ins,11
Clackamas,Precinct 616,Judge of the Court of Appeals,Position 1,,Write-ins,16
Clackamas,Precinct 618,Judge of the Court of Appeals,Position 1,,Write-ins,0
Clackamas,Precinct 620,Judge of the Court of Appeals,Position 1,,Write-ins,1
Clackamas,Precinct 622,Judge of the Court of Appeals,Position 1,,Write-ins,10
Clackamas,Precinct 626,Judge of the Court of Appeals,Position 1,,Write-ins,13
Clackamas,Precinct 628,Judge of the Court of Appeals,Position 1,,Write-ins,3
Clackamas,Precinct 630,Judge of the Court of Appeals,Position 1,,Write-ins,28
Clackamas,Precinct 100,Judge of the Court of Appeals,Position 12,,Erin C. Lagesen,16
Clackamas,Precinct 101,Judge of the Court of Appeals,Position 12,,Erin C. Lagesen,1325
Clackamas,Precinct 102,Judge of the Court of Appeals,Position 12,,Erin C. Lagesen,285
Clackamas,Precinct 103,Judge of the Court of Appeals,Position 12,,Erin C. Lagesen,675
Clackamas,Precinct 104,Judge of the Court of Appeals,Position 12,,Erin C. Lagesen,4
Clackamas,Precinct 105,Judge of the Court of Appeals,Position 12,,Erin C. Lagesen,986
Clackamas,Precinct 106,Judge of the Court of Appeals,Position 12,,Erin C. Lagesen,755
Clackamas,Precinct 107,Judge of the Court of Appeals,Position 12,,Erin C. Lagesen,469
Clackamas,Precinct 108,Judge of the Court of Appeals,Position 12,,Erin C. Lagesen,1037
Clackamas,Precinct 109,Judge of the Court of Appeals,Position 12,,Erin C. Lagesen,0
Clackamas,Precinct 111,Judge of the Court of Appeals,Position 12,,Erin C. Lagesen,1154
Clackamas,Precinct 112,Judge of the Court of Appeals,Position 12,,Erin C. Lagesen,0
Clackamas,Precinct 113,Judge of the Court of Appeals,Position 12,,Erin C. Lagesen,9
Clackamas,Precinct 114,Judge of the Court of Appeals,Position 12,,Erin C. Lagesen,37
Clackamas,Precinct 115,Judge of the Court of Appeals,Position 12,,Erin C. Lagesen,62
Clackamas,Precinct 116,Judge of the Court of Appeals,Position 12,,Erin C. Lagesen,0
Clackamas,Precinct 122,Judge of the Court of Appeals,Position 12,,Erin C. Lagesen,1114
Clackamas,Precinct 123,Judge of the Court of Appeals,Position 12,,Erin C. Lagesen,637
Clackamas,Precinct 124,Judge of the Court of Appeals,Position 12,,Erin C. Lagesen,1171
Clackamas,Precinct 125,Judge of the Court of Appeals,Position 12,,Erin C. Lagesen,441
Clackamas,Precinct 127,Judge of the Court of Appeals,Position 12,,Erin C. Lagesen,29
Clackamas,Precinct 131,Judge of the Court of Appeals,Position 12,,Erin C. Lagesen,1621
Clackamas,Precinct 132,Judge of the Court of Appeals,Position 12,,Erin C. Lagesen,1253
Clackamas,Precinct 133,Judge of the Court of Appeals,Position 12,,Erin C. Lagesen,521
Clackamas,Precinct 134,Judge of the Court of Appeals,Position 12,,Erin C. Lagesen,0
Clackamas,Precinct 135,Judge of the Court of Appeals,Position 12,,Erin C. Lagesen,1478
Clackamas,Precinct 151,Judge of the Court of Appeals,Position 12,,Erin C. Lagesen,760
Clackamas,Precinct 152,Judge of the Court of Appeals,Position 12,,Erin C. Lagesen,1560
Clackamas,Precinct 153,Judge of the Court of Appeals,Position 12,,Erin C. Lagesen,147
Clackamas,Precinct 154,Judge of the Court of Appeals,Position 12,,Erin C. Lagesen,28
Clackamas,Precinct 155,Judge of the Court of Appeals,Position 12,,Erin C. Lagesen,742
Clackamas,Precinct 156,Judge of the Court of Appeals,Position 12,,Erin C. Lagesen,1437
Clackamas,Precinct 157,Judge of the Court of Appeals,Position 12,,Erin C. Lagesen,24
Clackamas,Precinct 158,Judge of the Court of Appeals,Position 12,,Erin C. Lagesen,1163
Clackamas,Precinct 159,Judge of the Court of Appeals,Position 12,,Erin C. Lagesen,791
Clackamas,Precinct 160,Judge of the Court of Appeals,Position 12,,Erin C. Lagesen,492
Clackamas,Precinct 161,Judge of the Court of Appeals,Position 12,,Erin C. Lagesen,145
Clackamas,Precinct 162,Judge of the Court of Appeals,Position 12,,Erin C. Lagesen,217
Clackamas,Precinct 201,Judge of the Court of Appeals,Position 12,,Erin C. Lagesen,1270
Clackamas,Precinct 202,Judge of the Court of Appeals,Position 12,,Erin C. Lagesen,1323
Clackamas,Precinct 203,Judge of the Court of Appeals,Position 12,,Erin C. Lagesen,882
Clackamas,Precinct 204,Judge of the Court of Appeals,Position 12,,Erin C. Lagesen,666
Clackamas,Precinct 251,Judge of the Court of Appeals,Position 12,,Erin C. Lagesen,551
Clackamas,Precinct 279,Judge of the Court of Appeals,Position 12,,Erin C. Lagesen,37
Clackamas,Precinct 280,Judge of the Court of Appeals,Position 12,,Erin C. Lagesen,112
Clackamas,Precinct 281,Judge of the Court of Appeals,Position 12,,Erin C. Lagesen,326
Clackamas,Precinct 282,Judge of the Court of Appeals,Position 12,,Erin C. Lagesen,99
Clackamas,Precinct 283,Judge of the Court of Appeals,Position 12,,Erin C. Lagesen,108
Clackamas,Precinct 284,Judge of the Court of Appeals,Position 12,,Erin C. Lagesen,114
Clackamas,Precinct 285,Judge of the Court of Appeals,Position 12,,Erin C. Lagesen,7
Clackamas,Precinct 286,Judge of the Court of Appeals,Position 12,,Erin C. Lagesen,47
Clackamas,Precinct 320,Judge of the Court of Appeals,Position 12,,Erin C. Lagesen,33
Clackamas,Precinct 321,Judge of the Court of Appeals,Position 12,,Erin C. Lagesen,707
Clackamas,Precinct 322,Judge of the Court of Appeals,Position 12,,Erin C. Lagesen,318
Clackamas,Precinct 323,Judge of the Court of Appeals,Position 12,,Erin C. Lagesen,403
Clackamas,Precinct 324,Judge of the Court of Appeals,Position 12,,Erin C. Lagesen,19
Clackamas,Precinct 330,Judge of the Court of Appeals,Position 12,,Erin C. Lagesen,828
Clackamas,Precinct 331,Judge of the Court of Appeals,Position 12,,Erin C. Lagesen,457
Clackamas,Precinct 332,Judge of the Court of Appeals,Position 12,,Erin C. Lagesen,164
Clackamas,Precinct 350,Judge of the Court of Appeals,Position 12,,Erin C. Lagesen,670
Clackamas,Precinct 355,Judge of the Court of Appeals,Position 12,,Erin C. Lagesen,0
Clackamas,Precinct 357,Judge of the Court of Appeals,Position 12,,Erin C. Lagesen,43
Clackamas,Precinct 358,Judge of the Court of Appeals,Position 12,,Erin C. Lagesen,66
Clackamas,Precinct 359,Judge of the Court of Appeals,Position 12,,Erin C. Lagesen,693
Clackamas,Precinct 360,Judge of the Court of Appeals,Position 12,,Erin C. Lagesen,274
Clackamas,Precinct 361,Judge of the Court of Appeals,Position 12,,Erin C. Lagesen,1
Clackamas,Precinct 362,Judge of the Court of Appeals,Position 12,,Erin C. Lagesen,160
Clackamas,Precinct 363,Judge of the Court of Appeals,Position 12,,Erin C. Lagesen,474
Clackamas,Precinct 364,Judge of the Court of Appeals,Position 12,,Erin C. Lagesen,67
Clackamas,Precinct 371,Judge of the Court of Appeals,Position 12,,Erin C. Lagesen,67
Clackamas,Precinct 372,Judge of the Court of Appeals,Position 12,,Erin C. Lagesen,14
Clackamas,Precinct 373,Judge of the Court of Appeals,Position 12,,Erin C. Lagesen,919
Clackamas,Precinct 374,Judge of the Court of Appeals,Position 12,,Erin C. Lagesen,0
Clackamas,Precinct 400,Judge of the Court of Appeals,Position 12,,Erin C. Lagesen,915
Clackamas,Precinct 403,Judge of the Court of Appeals,Position 12,,Erin C. Lagesen,333
Clackamas,Precinct 404,Judge of the Court of Appeals,Position 12,,Erin C. Lagesen,862
Clackamas,Precinct 405,Judge of the Court of Appeals,Position 12,,Erin C. Lagesen,527
Clackamas,Precinct 406,Judge of the Court of Appeals,Position 12,,Erin C. Lagesen,238
Clackamas,Precinct 410,Judge of the Court of Appeals,Position 12,,Erin C. Lagesen,739
Clackamas,Precinct 411,Judge of the Court of Appeals,Position 12,,Erin C. Lagesen,995
Clackamas,Precinct 412,Judge of the Court of Appeals,Position 12,,Erin C. Lagesen,470
Clackamas,Precinct 413,Judge of the Court of Appeals,Position 12,,Erin C. Lagesen,50
Clackamas,Precinct 414,Judge of the Court of Appeals,Position 12,,Erin C. Lagesen,186
Clackamas,Precinct 415,Judge of the Court of Appeals,Position 12,,Erin C. Lagesen,109
Clackamas,Precinct 416,Judge of the Court of Appeals,Position 12,,Erin C. Lagesen,593
Clackamas,Precinct 417,Judge of the Court of Appeals,Position 12,,Erin C. Lagesen,286
Clackamas,Precinct 418,Judge of the Court of Appeals,Position 12,,Erin C. Lagesen,262
Clackamas,Precinct 419,Judge of the Court of Appeals,Position 12,,Erin C. Lagesen,522
Clackamas,Precinct 420,Judge of the Court of Appeals,Position 12,,Erin C. Lagesen,416
Clackamas,Precinct 421,Judge of the Court of Appeals,Position 12,,Erin C. Lagesen,550
Clackamas,Precinct 422,Judge of the Court of Appeals,Position 12,,Erin C. Lagesen,936
Clackamas,Precinct 500,Judge of the Court of Appeals,Position 12,,Erin C. Lagesen,302
Clackamas,Precinct 501,Judge of the Court of Appeals,Position 12,,Erin C. Lagesen,1247
Clackamas,Precinct 502,Judge of the Court of Appeals,Position 12,,Erin C. Lagesen,1141
Clackamas,Precinct 503,Judge of the Court of Appeals,Position 12,,Erin C. Lagesen,1038
Clackamas,Precinct 504,Judge of the Court of Appeals,Position 12,,Erin C. Lagesen,1290
Clackamas,Precinct 506,Judge of the Court of Appeals,Position 12,,Erin C. Lagesen,735
Clackamas,Precinct 510,Judge of the Court of Appeals,Position 12,,Erin C. Lagesen,249
Clackamas,Precinct 511,Judge of the Court of Appeals,Position 12,,Erin C. Lagesen,591
Clackamas,Precinct 512,Judge of the Court of Appeals,Position 12,,Erin C. Lagesen,534
Clackamas,Precinct 513,Judge of the Court of Appeals,Position 12,,Erin C. Lagesen,38
Clackamas,Precinct 514,Judge of the Court of Appeals,Position 12,,Erin C. Lagesen,1287
Clackamas,Precinct 515,Judge of the Court of Appeals,Position 12,,Erin C. Lagesen,332
Clackamas,Precinct 516,Judge of the Court of Appeals,Position 12,,Erin C. Lagesen,604
Clackamas,Precinct 517,Judge of the Court of Appeals,Position 12,,Erin C. Lagesen,503
Clackamas,Precinct 518,Judge of the Court of Appeals,Position 12,,Erin C. Lagesen,559
Clackamas,Precinct 600,Judge of the Court of Appeals,Position 12,,Erin C. Lagesen,1164
Clackamas,Precinct 602,Judge of the Court of Appeals,Position 12,,Erin C. Lagesen,1023
Clackamas,Precinct 604,Judge of the Court of Appeals,Position 12,,Erin C. Lagesen,1808
Clackamas,Precinct 606,Judge of the Court of Appeals,Position 12,,Erin C. Lagesen,545
Clackamas,Precinct 608,Judge of the Court of Appeals,Position 12,,Erin C. Lagesen,702
Clackamas,Precinct 614,Judge of the Court of Appeals,Position 12,,Erin C. Lagesen,598
Clackamas,Precinct 616,Judge of the Court of Appeals,Position 12,,Erin C. Lagesen,849
Clackamas,Precinct 618,Judge of the Court of Appeals,Position 12,,Erin C. Lagesen,147
Clackamas,Precinct 620,Judge of the Court of Appeals,Position 12,,Erin C. Lagesen,92
Clackamas,Precinct 622,Judge of the Court of Appeals,Position 12,,Erin C. Lagesen,622
Clackamas,Precinct 626,Judge of the Court of Appeals,Position 12,,Erin C. Lagesen,1046
Clackamas,Precinct 628,Judge of the Court of Appeals,Position 12,,Erin C. Lagesen,226
Clackamas,Precinct 630,Judge of the Court of Appeals,Position 12,,Erin C. Lagesen,1402
Clackamas,Precinct 100,Judge of the Court of Appeals,Position 12,,Over Votes,0
Clackamas,Precinct 101,Judge of the Court of Appeals,Position 12,,Over Votes,0
Clackamas,Precinct 102,Judge of the Court of Appeals,Position 12,,Over Votes,0
Clackamas,Precinct 103,Judge of the Court of Appeals,Position 12,,Over Votes,0
Clackamas,Precinct 104,Judge of the Court of Appeals,Position 12,,Over Votes,0
Clackamas,Precinct 105,Judge of the Court of Appeals,Position 12,,Over Votes,0
Clackamas,Precinct 106,Judge of the Court of Appeals,Position 12,,Over Votes,0
Clackamas,Precinct 107,Judge of the Court of Appeals,Position 12,,Over Votes,0
Clackamas,Precinct 108,Judge of the Court of Appeals,Position 12,,Over Votes,0
Clackamas,Precinct 109,Judge of the Court of Appeals,Position 12,,Over Votes,0
Clackamas,Precinct 111,Judge of the Court of Appeals,Position 12,,Over Votes,0
Clackamas,Precinct 112,Judge of the Court of Appeals,Position 12,,Over Votes,0
Clackamas,Precinct 113,Judge of the Court of Appeals,Position 12,,Over Votes,0
Clackamas,Precinct 114,Judge of the Court of Appeals,Position 12,,Over Votes,0
Clackamas,Precinct 115,Judge of the Court of Appeals,Position 12,,Over Votes,0
Clackamas,Precinct 116,Judge of the Court of Appeals,Position 12,,Over Votes,0
Clackamas,Precinct 122,Judge of the Court of Appeals,Position 12,,Over Votes,0
Clackamas,Precinct 123,Judge of the Court of Appeals,Position 12,,Over Votes,0
Clackamas,Precinct 124,Judge of the Court of Appeals,Position 12,,Over Votes,0
Clackamas,Precinct 125,Judge of the Court of Appeals,Position 12,,Over Votes,0
Clackamas,Precinct 127,Judge of the Court of Appeals,Position 12,,Over Votes,0
Clackamas,Precinct 131,Judge of the Court of Appeals,Position 12,,Over Votes,0
Clackamas,Precinct 132,Judge of the Court of Appeals,Position 12,,Over Votes,0
Clackamas,Precinct 133,Judge of the Court of Appeals,Position 12,,Over Votes,0
Clackamas,Precinct 134,Judge of the Court of Appeals,Position 12,,Over Votes,0
Clackamas,Precinct 135,Judge of the Court of Appeals,Position 12,,Over Votes,0
Clackamas,Precinct 151,Judge of the Court of Appeals,Position 12,,Over Votes,0
Clackamas,Precinct 152,Judge of the Court of Appeals,Position 12,,Over Votes,0
Clackamas,Precinct 153,Judge of the Court of Appeals,Position 12,,Over Votes,0
Clackamas,Precinct 154,Judge of the Court of Appeals,Position 12,,Over Votes,0
Clackamas,Precinct 155,Judge of the Court of Appeals,Position 12,,Over Votes,0
Clackamas,Precinct 156,Judge of the Court of Appeals,Position 12,,Over Votes,0
Clackamas,Precinct 157,Judge of the Court of Appeals,Position 12,,Over Votes,0
Clackamas,Precinct 158,Judge of the Court of Appeals,Position 12,,Over Votes,0
Clackamas,Precinct 159,Judge of the Court of Appeals,Position 12,,Over Votes,0
Clackamas,Precinct 160,Judge of the Court of Appeals,Position 12,,Over Votes,0
Clackamas,Precinct 161,Judge of the Court of Appeals,Position 12,,Over Votes,0
Clackamas,Precinct 162,Judge of the Court of Appeals,Position 12,,Over Votes,0
Clackamas,Precinct 201,Judge of the Court of Appeals,Position 12,,Over Votes,0
Clackamas,Precinct 202,Judge of the Court of Appeals,Position 12,,Over Votes,0
Clackamas,Precinct 203,Judge of the Court of Appeals,Position 12,,Over Votes,0
Clackamas,Precinct 204,Judge of the Court of Appeals,Position 12,,Over Votes,0
Clackamas,Precinct 251,Judge of the Court of Appeals,Position 12,,Over Votes,0
Clackamas,Precinct 279,Judge of the Court of Appeals,Position 12,,Over Votes,0
Clackamas,Precinct 280,Judge of the Court of Appeals,Position 12,,Over Votes,0
Clackamas,Precinct 281,Judge of the Court of Appeals,Position 12,,Over Votes,0
Clackamas,Precinct 282,Judge of the Court of Appeals,Position 12,,Over Votes,0
Clackamas,Precinct 283,Judge of the Court of Appeals,Position 12,,Over Votes,0
Clackamas,Precinct 284,Judge of the Court of Appeals,Position 12,,Over Votes,0
Clackamas,Precinct 285,Judge of the Court of Appeals,Position 12,,Over Votes,0
Clackamas,Precinct 286,Judge of the Court of Appeals,Position 12,,Over Votes,0
Clackamas,Precinct 320,Judge of the Court of Appeals,Position 12,,Over Votes,0
Clackamas,Precinct 321,Judge of the Court of Appeals,Position 12,,Over Votes,0
Clackamas,Precinct 322,Judge of the Court of Appeals,Position 12,,Over Votes,0
Clackamas,Precinct 323,Judge of the Court of Appeals,Position 12,,Over Votes,0
Clackamas,Precinct 324,Judge of the Court of Appeals,Position 12,,Over Votes,0
Clackamas,Precinct 330,Judge of the Court of Appeals,Position 12,,Over Votes,0
Clackamas,Precinct 331,Judge of the Court of Appeals,Position 12,,Over Votes,0
Clackamas,Precinct 332,Judge of the Court of Appeals,Position 12,,Over Votes,0
Clackamas,Precinct 350,Judge of the Court of Appeals,Position 12,,Over Votes,0
Clackamas,Precinct 355,Judge of the Court of Appeals,Position 12,,Over Votes,0
Clackamas,Precinct 357,Judge of the Court of Appeals,Position 12,,Over Votes,0
Clackamas,Precinct 358,Judge of the Court of Appeals,Position 12,,Over Votes,0
Clackamas,Precinct 359,Judge of the Court of Appeals,Position 12,,Over Votes,0
Clackamas,Precinct 360,Judge of the Court of Appeals,Position 12,,Over Votes,0
Clackamas,Precinct 361,Judge of the Court of Appeals,Position 12,,Over Votes,0
Clackamas,Precinct 362,Judge of the Court of Appeals,Position 12,,Over Votes,0
Clackamas,Precinct 363,Judge of the Court of Appeals,Position 12,,Over Votes,0
Clackamas,Precinct 364,Judge of the Court of Appeals,Position 12,,Over Votes,0
Clackamas,Precinct 371,Judge of the Court of Appeals,Position 12,,Over Votes,0
Clackamas,Precinct 372,Judge of the Court of Appeals,Position 12,,Over Votes,0
Clackamas,Precinct 373,Judge of the Court of Appeals,Position 12,,Over Votes,0
Clackamas,Precinct 374,Judge of the Court of Appeals,Position 12,,Over Votes,0
Clackamas,Precinct 400,Judge of the Court of Appeals,Position 12,,Over Votes,0
Clackamas,Precinct 403,Judge of the Court of Appeals,Position 12,,Over Votes,0
Clackamas,Precinct 404,Judge of the Court of Appeals,Position 12,,Over Votes,0
Clackamas,Precinct 405,Judge of the Court of Appeals,Position 12,,Over Votes,0
Clackamas,Precinct 406,Judge of the Court of Appeals,Position 12,,Over Votes,0
Clackamas,Precinct 410,Judge of the Court of Appeals,Position 12,,Over Votes,0
Clackamas,Precinct 411,Judge of the Court of Appeals,Position 12,,Over Votes,0
Clackamas,Precinct 412,Judge of the Court of Appeals,Position 12,,Over Votes,0
Clackamas,Precinct 413,Judge of the Court of Appeals,Position 12,,Over Votes,0
Clackamas,Precinct 414,Judge of the Court of Appeals,Position 12,,Over Votes,0
Clackamas,Precinct 415,Judge of the Court of Appeals,Position 12,,Over Votes,0
Clackamas,Precinct 416,Judge of the Court of Appeals,Position 12,,Over Votes,0
Clackamas,Precinct 417,Judge of the Court of Appeals,Position 12,,Over Votes,0
Clackamas,Precinct 418,Judge of the Court of Appeals,Position 12,,Over Votes,0
Clackamas,Precinct 419,Judge of the Court of Appeals,Position 12,,Over Votes,0
Clackamas,Precinct 420,Judge of the Court of Appeals,Position 12,,Over Votes,0
Clackamas,Precinct 421,Judge of the Court of Appeals,Position 12,,Over Votes,0
Clackamas,Precinct 422,Judge of the Court of Appeals,Position 12,,Over Votes,0
Clackamas,Precinct 500,Judge of the Court of Appeals,Position 12,,Over Votes,0
Clackamas,Precinct 501,Judge of the Court of Appeals,Position 12,,Over Votes,0
Clackamas,Precinct 502,Judge of the Court of Appeals,Position 12,,Over Votes,0
Clackamas,Precinct 503,Judge of the Court of Appeals,Position 12,,Over Votes,0
Clackamas,Precinct 504,Judge of the Court of Appeals,Position 12,,Over Votes,0
Clackamas,Precinct 506,Judge of the Court of Appeals,Position 12,,Over Votes,0
Clackamas,Precinct 510,Judge of the Court of Appeals,Position 12,,Over Votes,0
Clackamas,Precinct 511,Judge of the Court of Appeals,Position 12,,Over Votes,0
Clackamas,Precinct 512,Judge of the Court of Appeals,Position 12,,Over Votes,0
Clackamas,Precinct 513,Judge of the Court of Appeals,Position 12,,Over Votes,0
Clackamas,Precinct 514,Judge of the Court of Appeals,Position 12,,Over Votes,0
Clackamas,Precinct 515,Judge of the Court of Appeals,Position 12,,Over Votes,0
Clackamas,Precinct 516,Judge of the Court of Appeals,Position 12,,Over Votes,0
Clackamas,Precinct 517,Judge of the Court of Appeals,Position 12,,Over Votes,0
Clackamas,Precinct 518,Judge of the Court of Appeals,Position 12,,Over Votes,0
Clackamas,Precinct 600,Judge of the Court of Appeals,Position 12,,Over Votes,0
Clackamas,Precinct 602,Judge of the Court of Appeals,Position 12,,Over Votes,0
Clackamas,Precinct 604,Judge of the Court of Appeals,Position 12,,Over Votes,0
Clackamas,Precinct 606,Judge of the Court of Appeals,Position 12,,Over Votes,0
Clackamas,Precinct 608,Judge of the Court of Appeals,Position 12,,Over Votes,0
Clackamas,Precinct 614,Judge of the Court of Appeals,Position 12,,Over Votes,0
Clackamas,Precinct 616,Judge of the Court of Appeals,Position 12,,Over Votes,0
Clackamas,Precinct 618,Judge of the Court of Appeals,Position 12,,Over Votes,0
Clackamas,Precinct 620,Judge of the Court of Appeals,Position 12,,Over Votes,0
Clackamas,Precinct 622,Judge of the Court of Appeals,Position 12,,Over Votes,0
Clackamas,Precinct 626,Judge of the Court of Appeals,Position 12,,Over Votes,0
Clackamas,Precinct 628,Judge of the Court of Appeals,Position 12,,Over Votes,0
Clackamas,Precinct 630,Judge of the Court of Appeals,Position 12,,Over Votes,0
Clackamas,Precinct 100,Judge of the Court of Appeals,Position 12,,Under Votes,29
Clackamas,Precinct 101,Judge of the Court of Appeals,Position 12,,Under Votes,1409
Clackamas,Precinct 102,Judge of the Court of Appeals,Position 12,,Under Votes,387
Clackamas,Precinct 103,Judge of the Court of Appeals,Position 12,,Under Votes,827
Clackamas,Precinct 104,Judge of the Court of Appeals,Position 12,,Under Votes,4
Clackamas,Precinct 105,Judge of the Court of Appeals,Position 12,,Under Votes,1195
Clackamas,Precinct 106,Judge of the Court of Appeals,Position 12,,Under Votes,939
Clackamas,Precinct 107,Judge of the Court of Appeals,Position 12,,Under Votes,614
Clackamas,Precinct 108,Judge of the Court of Appeals,Position 12,,Under Votes,1348
Clackamas,Precinct 109,Judge of the Court of Appeals,Position 12,,Under Votes,0
Clackamas,Precinct 111,Judge of the Court of Appeals,Position 12,,Under Votes,1492
Clackamas,Precinct 112,Judge of the Court of Appeals,Position 12,,Under Votes,0
Clackamas,Precinct 113,Judge of the Court of Appeals,Position 12,,Under Votes,24
Clackamas,Precinct 114,Judge of the Court of Appeals,Position 12,,Under Votes,47
Clackamas,Precinct 115,Judge of the Court of Appeals,Position 12,,Under Votes,91
Clackamas,Precinct 116,Judge of the Court of Appeals,Position 12,,Under Votes,1
Clackamas,Precinct 122,Judge of the Court of Appeals,Position 12,,Under Votes,1293
Clackamas,Precinct 123,Judge of the Court of Appeals,Position 12,,Under Votes,813
Clackamas,Precinct 124,Judge of the Court of Appeals,Position 12,,Under Votes,1512
Clackamas,Precinct 125,Judge of the Court of Appeals,Position 12,,Under Votes,575
Clackamas,Precinct 127,Judge of the Court of Appeals,Position 12,,Under Votes,33
Clackamas,Precinct 131,Judge of the Court of Appeals,Position 12,,Under Votes,1584
Clackamas,Precinct 132,Judge of the Court of Appeals,Position 12,,Under Votes,1165
Clackamas,Precinct 133,Judge of the Court of Appeals,Position 12,,Under Votes,511
Clackamas,Precinct 134,Judge of the Court of Appeals,Position 12,,Under Votes,3
Clackamas,Precinct 135,Judge of the Court of Appeals,Position 12,,Under Votes,1400
Clackamas,Precinct 151,Judge of the Court of Appeals,Position 12,,Under Votes,744
Clackamas,Precinct 152,Judge of the Court of Appeals,Position 12,,Under Votes,1589
Clackamas,Precinct 153,Judge of the Court of Appeals,Position 12,,Under Votes,101
Clackamas,Precinct 154,Judge of the Court of Appeals,Position 12,,Under Votes,16
Clackamas,Precinct 155,Judge of the Court of Appeals,Position 12,,Under Votes,692
Clackamas,Precinct 156,Judge of the Court of Appeals,Position 12,,Under Votes,1347
Clackamas,Precinct 157,Judge of the Court of Appeals,Position 12,,Under Votes,26
Clackamas,Precinct 158,Judge of the Court of Appeals,Position 12,,Under Votes,969
Clackamas,Precinct 159,Judge of the Court of Appeals,Position 12,,Under Votes,754
Clackamas,Precinct 160,Judge of the Court of Appeals,Position 12,,Under Votes,420
Clackamas,Precinct 161,Judge of the Court of Appeals,Position 12,,Under Votes,147
Clackamas,Precinct 162,Judge of the Court of Appeals,Position 12,,Under Votes,165
Clackamas,Precinct 201,Judge of the Court of Appeals,Position 12,,Under Votes,1145
Clackamas,Precinct 202,Judge of the Court of Appeals,Position 12,,Under Votes,1333
Clackamas,Precinct 203,Judge of the Court of Appeals,Position 12,,Under Votes,776
Clackamas,Precinct 204,Judge of the Court of Appeals,Position 12,,Under Votes,705
Clackamas,Precinct 251,Judge of the Court of Appeals,Position 12,,Under Votes,527
Clackamas,Precinct 279,Judge of the Court of Appeals,Position 12,,Under Votes,24
Clackamas,Precinct 280,Judge of the Court of Appeals,Position 12,,Under Votes,93
Clackamas,Precinct 281,Judge of the Court of Appeals,Position 12,,Under Votes,299
Clackamas,Precinct 282,Judge of the Court of Appeals,Position 12,,Under Votes,84
Clackamas,Precinct 283,Judge of the Court of Appeals,Position 12,,Under Votes,140
Clackamas,Precinct 284,Judge of the Court of Appeals,Position 12,,Under Votes,102
Clackamas,Precinct 285,Judge of the Court of Appeals,Position 12,,Under Votes,6
Clackamas,Precinct 286,Judge of the Court of Appeals,Position 12,,Under Votes,39
Clackamas,Precinct 320,Judge of the Court of Appeals,Position 12,,Under Votes,31
Clackamas,Precinct 321,Judge of the Court of Appeals,Position 12,,Under Votes,896
Clackamas,Precinct 322,Judge of the Court of Appeals,Position 12,,Under Votes,418
Clackamas,Precinct 323,Judge of the Court of Appeals,Position 12,,Under Votes,504
Clackamas,Precinct 324,Judge of the Court of Appeals,Position 12,,Under Votes,20
Clackamas,Precinct 330,Judge of the Court of Appeals,Position 12,,Under Votes,1616
Clackamas,Precinct 331,Judge of the Court of Appeals,Position 12,,Under Votes,846
Clackamas,Precinct 332,Judge of the Court of Appeals,Position 12,,Under Votes,238
Clackamas,Precinct 350,Judge of the Court of Appeals,Position 12,,Under Votes,1338
Clackamas,Precinct 355,Judge of the Court of Appeals,Position 12,,Under Votes,0
Clackamas,Precinct 357,Judge of the Court of Appeals,Position 12,,Under Votes,75
Clackamas,Precinct 358,Judge of the Court of Appeals,Position 12,,Under Votes,161
Clackamas,Precinct 359,Judge of the Court of Appeals,Position 12,,Under Votes,1097
Clackamas,Precinct 360,Judge of the Court of Appeals,Position 12,,Under Votes,443
Clackamas,Precinct 361,Judge of the Court of Appeals,Position 12,,Under Votes,3
Clackamas,Precinct 362,Judge of the Court of Appeals,Position 12,,Under Votes,329
Clackamas,Precinct 363,Judge of the Court of Appeals,Position 12,,Under Votes,875
Clackamas,Precinct 364,Judge of the Court of Appeals,Position 12,,Under Votes,106
Clackamas,Precinct 371,Judge of the Court of Appeals,Position 12,,Under Votes,104
Clackamas,Precinct 372,Judge of the Court of Appeals,Position 12,,Under Votes,12
Clackamas,Precinct 373,Judge of the Court of Appeals,Position 12,,Under Votes,1368
Clackamas,Precinct 374,Judge of the Court of Appeals,Position 12,,Under Votes,0
Clackamas,Precinct 400,Judge of the Court of Appeals,Position 12,,Under Votes,1723
Clackamas,Precinct 403,Judge of the Court of Appeals,Position 12,,Under Votes,471
Clackamas,Precinct 404,Judge of the Court of Appeals,Position 12,,Under Votes,1566
Clackamas,Precinct 405,Judge of the Court of Appeals,Position 12,,Under Votes,861
Clackamas,Precinct 406,Judge of the Court of Appeals,Position 12,,Under Votes,382
Clackamas,Precinct 410,Judge of the Court of Appeals,Position 12,,Under Votes,812
Clackamas,Precinct 411,Judge of the Court of Appeals,Position 12,,Under Votes,1075
Clackamas,Precinct 412,Judge of the Court of Appeals,Position 12,,Under Votes,669
Clackamas,Precinct 413,Judge of the Court of Appeals,Position 12,,Under Votes,39
Clackamas,Precinct 414,Judge of the Court of Appeals,Position 12,,Under Votes,227
Clackamas,Precinct 415,Judge of the Court of Appeals,Position 12,,Under Votes,178
Clackamas,Precinct 416,Judge of the Court of Appeals,Position 12,,Under Votes,692
Clackamas,Precinct 417,Judge of the Court of Appeals,Position 12,,Under Votes,378
Clackamas,Precinct 418,Judge of the Court of Appeals,Position 12,,Under Votes,405
Clackamas,Precinct 419,Judge of the Court of Appeals,Position 12,,Under Votes,532
Clackamas,Precinct 420,Judge of the Court of Appeals,Position 12,,Under Votes,525
Clackamas,Precinct 421,Judge of the Court of Appeals,Position 12,,Under Votes,506
Clackamas,Precinct 422,Judge of the Court of Appeals,Position 12,,Under Votes,964
Clackamas,Precinct 500,Judge of the Court of Appeals,Position 12,,Under Votes,355
Clackamas,Precinct 501,Judge of the Court of Appeals,Position 12,,Under Votes,1130
Clackamas,Precinct 502,Judge of the Court of Appeals,Position 12,,Under Votes,1266
Clackamas,Precinct 503,Judge of the Court of Appeals,Position 12,,Under Votes,1151
Clackamas,Precinct 504,Judge of the Court of Appeals,Position 12,,Under Votes,1377
Clackamas,Precinct 506,Judge of the Court of Appeals,Position 12,,Under Votes,840
Clackamas,Precinct 510,Judge of the Court of Appeals,Position 12,,Under Votes,356
Clackamas,Precinct 511,Judge of the Court of Appeals,Position 12,,Under Votes,867
Clackamas,Precinct 512,Judge of the Court of Appeals,Position 12,,Under Votes,679
Clackamas,Precinct 513,Judge of the Court of Appeals,Position 12,,Under Votes,46
Clackamas,Precinct 514,Judge of the Court of Appeals,Position 12,,Under Votes,2097
Clackamas,Precinct 515,Judge of the Court of Appeals,Position 12,,Under Votes,645
Clackamas,Precinct 516,Judge of the Court of Appeals,Position 12,,Under Votes,883
Clackamas,Precinct 517,Judge of the Court of Appeals,Position 12,,Under Votes,795
Clackamas,Precinct 518,Judge of the Court of Appeals,Position 12,,Under Votes,886
Clackamas,Precinct 600,Judge of the Court of Appeals,Position 12,,Under Votes,1315
Clackamas,Precinct 602,Judge of the Court of Appeals,Position 12,,Under Votes,1290
Clackamas,Precinct 604,Judge of the Court of Appeals,Position 12,,Under Votes,2126
Clackamas,Precinct 606,Judge of the Court of Appeals,Position 12,,Under Votes,553
Clackamas,Precinct 608,Judge of the Court of Appeals,Position 12,,Under Votes,788
Clackamas,Precinct 614,Judge of the Court of Appeals,Position 12,,Under Votes,648
Clackamas,Precinct 616,Judge of the Court of Appeals,Position 12,,Under Votes,1144
Clackamas,Precinct 618,Judge of the Court of Appeals,Position 12,,Under Votes,163
Clackamas,Precinct 620,Judge of the Court of Appeals,Position 12,,Under Votes,58
Clackamas,Precinct 622,Judge of the Court of Appeals,Position 12,,Under Votes,638
Clackamas,Precinct 626,Judge of the Court of Appeals,Position 12,,Under Votes,1190
Clackamas,Precinct 628,Judge of the Court of Appeals,Position 12,,Under Votes,280
Clackamas,Precinct 630,Judge of the Court of Appeals,Position 12,,Under Votes,1641
Clackamas,Precinct 100,Judge of the Court of Appeals,Position 12,,Write-ins,0
Clackamas,Precinct 101,Judge of the Court of Appeals,Position 12,,Write-ins,26
Clackamas,Precinct 102,Judge of the Court of Appeals,Position 12,,Write-ins,4
Clackamas,Precinct 103,Judge of the Court of Appeals,Position 12,,Write-ins,6
Clackamas,Precinct 104,Judge of the Court of Appeals,Position 12,,Write-ins,0
Clackamas,Precinct 105,Judge of the Court of Appeals,Position 12,,Write-ins,13
Clackamas,Precinct 106,Judge of the Court of Appeals,Position 12,,Write-ins,17
Clackamas,Precinct 107,Judge of the Court of Appeals,Position 12,,Write-ins,12
Clackamas,Precinct 108,Judge of the Court of Appeals,Position 12,,Write-ins,45
Clackamas,Precinct 109,Judge of the Court of Appeals,Position 12,,Write-ins,0
Clackamas,Precinct 111,Judge of the Court of Appeals,Position 12,,Write-ins,39
Clackamas,Precinct 112,Judge of the Court of Appeals,Position 12,,Write-ins,0
Clackamas,Precinct 113,Judge of the Court of Appeals,Position 12,,Write-ins,0
Clackamas,Precinct 114,Judge of the Court of Appeals,Position 12,,Write-ins,0
Clackamas,Precinct 115,Judge of the Court of Appeals,Position 12,,Write-ins,1
Clackamas,Precinct 116,Judge of the Court of Appeals,Position 12,,Write-ins,0
Clackamas,Precinct 122,Judge of the Court of Appeals,Position 12,,Write-ins,32
Clackamas,Precinct 123,Judge of the Court of Appeals,Position 12,,Write-ins,20
Clackamas,Precinct 124,Judge of the Court of Appeals,Position 12,,Write-ins,32
Clackamas,Precinct 125,Judge of the Court of Appeals,Position 12,,Write-ins,11
Clackamas,Precinct 127,Judge of the Court of Appeals,Position 12,,Write-ins,0
Clackamas,Precinct 131,Judge of the Court of Appeals,Position 12,,Write-ins,23
Clackamas,Precinct 132,Judge of the Court of Appeals,Position 12,,Write-ins,19
Clackamas,Precinct 133,Judge of the Court of Appeals,Position 12,,Write-ins,2
Clackamas,Precinct 134,Judge of the Court of Appeals,Position 12,,Write-ins,0
Clackamas,Precinct 135,Judge of the Court of Appeals,Position 12,,Write-ins,17
Clackamas,Precinct 151,Judge of the Court of Appeals,Position 12,,Write-ins,5
Clackamas,Precinct 152,Judge of the Court of Appeals,Position 12,,Write-ins,13
Clackamas,Precinct 153,Judge of the Court of Appeals,Position 12,,Write-ins,1
Clackamas,Precinct 154,Judge of the Court of Appeals,Position 12,,Write-ins,0
Clackamas,Precinct 155,Judge of the Court of Appeals,Position 12,,Write-ins,8
Clackamas,Precinct 156,Judge of the Court of Appeals,Position 12,,Write-ins,5
Clackamas,Precinct 157,Judge of the Court of Appeals,Position 12,,Write-ins,0
Clackamas,Precinct 158,Judge of the Court of Appeals,Position 12,,Write-ins,5
Clackamas,Precinct 159,Judge of the Court of Appeals,Position 12,,Write-ins,5
Clackamas,Precinct 160,Judge of the Court of Appeals,Position 12,,Write-ins,3
Clackamas,Precinct 161,Judge of the Court of Appeals,Position 12,,Write-ins,1
Clackamas,Precinct 162,Judge of the Court of Appeals,Position 12,,Write-ins,0
Clackamas,Precinct 201,Judge of the Court of Appeals,Position 12,,Write-ins,11
Clackamas,Precinct 202,Judge of the Court of Appeals,Position 12,,Write-ins,17
Clackamas,Precinct 203,Judge of the Court of Appeals,Position 12,,Write-ins,4
Clackamas,Precinct 204,Judge of the Court of Appeals,Position 12,,Write-ins,6
Clackamas,Precinct 251,Judge of the Court of Appeals,Position 12,,Write-ins,3
Clackamas,Precinct 279,Judge of the Court of Appeals,Position 12,,Write-ins,0
Clackamas,Precinct 280,Judge of the Court of Appeals,Position 12,,Write-ins,4
Clackamas,Precinct 281,Judge of the Court of Appeals,Position 12,,Write-ins,5
Clackamas,Precinct 282,Judge of the Court of Appeals,Position 12,,Write-ins,1
Clackamas,Precinct 283,Judge of the Court of Appeals,Position 12,,Write-ins,0
Clackamas,Precinct 284,Judge of the Court of Appeals,Position 12,,Write-ins,1
Clackamas,Precinct 285,Judge of the Court of Appeals,Position 12,,Write-ins,0
Clackamas,Precinct 286,Judge of the Court of Appeals,Position 12,,Write-ins,0
Clackamas,Precinct 320,Judge of the Court of Appeals,Position 12,,Write-ins,1
Clackamas,Precinct 321,Judge of the Court of Appeals,Position 12,,Write-ins,7
Clackamas,Precinct 322,Judge of the Court of Appeals,Position 12,,Write-ins,5
Clackamas,Precinct 323,Judge of the Court of Appeals,Position 12,,Write-ins,13
Clackamas,Precinct 324,Judge of the Court of Appeals,Position 12,,Write-ins,1
Clackamas,Precinct 330,Judge of the Court of Appeals,Position 12,,Write-ins,51
Clackamas,Precinct 331,Judge of the Court of Appeals,Position 12,,Write-ins,20
Clackamas,Precinct 332,Judge of the Court of Appeals,Position 12,,Write-ins,7
Clackamas,Precinct 350,Judge of the Court of Appeals,Position 12,,Write-ins,46
Clackamas,Precinct 355,Judge of the Court of Appeals,Position 12,,Write-ins,0
Clackamas,Precinct 357,Judge of the Court of Appeals,Position 12,,Write-ins,2
Clackamas,Precinct 358,Judge of the Court of Appeals,Position 12,,Write-ins,5
Clackamas,Precinct 359,Judge of the Court of Appeals,Position 12,,Write-ins,19
Clackamas,Precinct 360,Judge of the Court of Appeals,Position 12,,Write-ins,7
Clackamas,Precinct 361,Judge of the Court of Appeals,Position 12,,Write-ins,0
Clackamas,Precinct 362,Judge of the Court of Appeals,Position 12,,Write-ins,7
Clackamas,Precinct 363,Judge of the Court of Appeals,Position 12,,Write-ins,19
Clackamas,Precinct 364,Judge of the Court of Appeals,Position 12,,Write-ins,1
Clackamas,Precinct 371,Judge of the Court of Appeals,Position 12,,Write-ins,1
Clackamas,Precinct 372,Judge of the Court of Appeals,Position 12,,Write-ins,0
Clackamas,Precinct 373,Judge of the Court of Appeals,Position 12,,Write-ins,36
Clackamas,Precinct 374,Judge of the Court of Appeals,Position 12,,Write-ins,0
Clackamas,Precinct 400,Judge of the Court of Appeals,Position 12,,Write-ins,26
Clackamas,Precinct 403,Judge of the Court of Appeals,Position 12,,Write-ins,7
Clackamas,Precinct 404,Judge of the Court of Appeals,Position 12,,Write-ins,18
Clackamas,Precinct 405,Judge of the Court of Appeals,Position 12,,Write-ins,15
Clackamas,Precinct 406,Judge of the Court of Appeals,Position 12,,Write-ins,10
Clackamas,Precinct 410,Judge of the Court of Appeals,Position 12,,Write-ins,16
Clackamas,Precinct 411,Judge of the Court of Appeals,Position 12,,Write-ins,12
Clackamas,Precinct 412,Judge of the Court of Appeals,Position 12,,Write-ins,12
Clackamas,Precinct 413,Judge of the Court of Appeals,Position 12,,Write-ins,0
Clackamas,Precinct 414,Judge of the Court of Appeals,Position 12,,Write-ins,1
Clackamas,Precinct 415,Judge of the Court of Appeals,Position 12,,Write-ins,0
Clackamas,Precinct 416,Judge of the Court of Appeals,Position 12,,Write-ins,15
Clackamas,Precinct 417,Judge of the Court of Appeals,Position 12,,Write-ins,6
Clackamas,Precinct 418,Judge of the Court of Appeals,Position 12,,Write-ins,11
Clackamas,Precinct 419,Judge of the Court of Appeals,Position 12,,Write-ins,5
Clackamas,Precinct 420,Judge of the Court of Appeals,Position 12,,Write-ins,11
Clackamas,Precinct 421,Judge of the Court of Appeals,Position 12,,Write-ins,5
Clackamas,Precinct 422,Judge of the Court of Appeals,Position 12,,Write-ins,22
Clackamas,Precinct 500,Judge of the Court of Appeals,Position 12,,Write-ins,2
Clackamas,Precinct 501,Judge of the Court of Appeals,Position 12,,Write-ins,13
Clackamas,Precinct 502,Judge of the Court of Appeals,Position 12,,Write-ins,19
Clackamas,Precinct 503,Judge of the Court of Appeals,Position 12,,Write-ins,18
Clackamas,Precinct 504,Judge of the Court of Appeals,Position 12,,Write-ins,25
Clackamas,Precinct 506,Judge of the Court of Appeals,Position 12,,Write-ins,5
Clackamas,Precinct 510,Judge of the Court of Appeals,Position 12,,Write-ins,8
Clackamas,Precinct 511,Judge of the Court of Appeals,Position 12,,Write-ins,24
Clackamas,Precinct 512,Judge of the Court of Appeals,Position 12,,Write-ins,11
Clackamas,Precinct 513,Judge of the Court of Appeals,Position 12,,Write-ins,0
Clackamas,Precinct 514,Judge of the Court of Appeals,Position 12,,Write-ins,45
Clackamas,Precinct 515,Judge of the Court of Appeals,Position 12,,Write-ins,21
Clackamas,Precinct 516,Judge of the Court of Appeals,Position 12,,Write-ins,21
Clackamas,Precinct 517,Judge of the Court of Appeals,Position 12,,Write-ins,22
Clackamas,Precinct 518,Judge of the Court of Appeals,Position 12,,Write-ins,33
Clackamas,Precinct 600,Judge of the Court of Appeals,Position 12,,Write-ins,25
Clackamas,Precinct 602,Judge of the Court of Appeals,Position 12,,Write-ins,33
Clackamas,Precinct 604,Judge of the Court of Appeals,Position 12,,Write-ins,53
Clackamas,Precinct 606,Judge of the Court of Appeals,Position 12,,Write-ins,12
Clackamas,Precinct 608,Judge of the Court of Appeals,Position 12,,Write-ins,17
Clackamas,Precinct 614,Judge of the Court of Appeals,Position 12,,Write-ins,11
Clackamas,Precinct 616,Judge of the Court of Appeals,Position 12,,Write-ins,18
Clackamas,Precinct 618,Judge of the Court of Appeals,Position 12,,Write-ins,0
Clackamas,Precinct 620,Judge of the Court of Appeals,Position 12,,Write-ins,1
Clackamas,Precinct 622,Judge of the Court of Appeals,Position 12,,Write-ins,8
Clackamas,Precinct 626,Judge of the Court of Appeals,Position 12,,Write-ins,14
Clackamas,Precinct 628,Judge of the Court of Appeals,Position 12,,Write-ins,3
Clackamas,Precinct 630,Judge of the Court of Appeals,Position 12,,Write-ins,27
Clackamas,Precinct 100,Judge of the Court of Appeals,Position 13,,Doug Tookey,17
Clackamas,Precinct 101,Judge of the Court of Appeals,Position 13,,Doug Tookey,1308
Clackamas,Precinct 102,Judge of the Court of Appeals,Position 13,,Doug Tookey,281
Clackamas,Precinct 103,Judge of the Court of Appeals,Position 13,,Doug Tookey,672
Clackamas,Precinct 104,Judge of the Court of Appeals,Position 13,,Doug Tookey,4
Clackamas,Precinct 105,Judge of the Court of Appeals,Position 13,,Doug Tookey,973
Clackamas,Precinct 106,Judge of the Court of Appeals,Position 13,,Doug Tookey,761
Clackamas,Precinct 107,Judge of the Court of Appeals,Position 13,,Doug Tookey,469
Clackamas,Precinct 108,Judge of the Court of Appeals,Position 13,,Doug Tookey,1031
Clackamas,Precinct 109,Judge of the Court of Appeals,Position 13,,Doug Tookey,0
Clackamas,Precinct 111,Judge of the Court of Appeals,Position 13,,Doug Tookey,1136
Clackamas,Precinct 112,Judge of the Court of Appeals,Position 13,,Doug Tookey,0
Clackamas,Precinct 113,Judge of the Court of Appeals,Position 13,,Doug Tookey,9
Clackamas,Precinct 114,Judge of the Court of Appeals,Position 13,,Doug Tookey,36
Clackamas,Precinct 115,Judge of the Court of Appeals,Position 13,,Doug Tookey,61
Clackamas,Precinct 116,Judge of the Court of Appeals,Position 13,,Doug Tookey,0
Clackamas,Precinct 122,Judge of the Court of Appeals,Position 13,,Doug Tookey,1111
Clackamas,Precinct 123,Judge of the Court of Appeals,Position 13,,Doug Tookey,637
Clackamas,Precinct 124,Judge of the Court of Appeals,Position 13,,Doug Tookey,1170
Clackamas,Precinct 125,Judge of the Court of Appeals,Position 13,,Doug Tookey,441
Clackamas,Precinct 127,Judge of the Court of Appeals,Position 13,,Doug Tookey,29
Clackamas,Precinct 131,Judge of the Court of Appeals,Position 13,,Doug Tookey,1616
Clackamas,Precinct 132,Judge of the Court of Appeals,Position 13,,Doug Tookey,1231
Clackamas,Precinct 133,Judge of the Court of Appeals,Position 13,,Doug Tookey,513
Clackamas,Precinct 134,Judge of the Court of Appeals,Position 13,,Doug Tookey,0
Clackamas,Precinct 135,Judge of the Court of Appeals,Position 13,,Doug Tookey,1466
Clackamas,Precinct 151,Judge of the Court of Appeals,Position 13,,Doug Tookey,752
Clackamas,Precinct 152,Judge of the Court of Appeals,Position 13,,Doug Tookey,1535
Clackamas,Precinct 153,Judge of the Court of Appeals,Position 13,,Doug Tookey,145
Clackamas,Precinct 154,Judge of the Court of Appeals,Position 13,,Doug Tookey,29
Clackamas,Precinct 155,Judge of the Court of Appeals,Position 13,,Doug Tookey,742
Clackamas,Precinct 156,Judge of the Court of Appeals,Position 13,,Doug Tookey,1429
Clackamas,Precinct 157,Judge of the Court of Appeals,Position 13,,Doug Tookey,24
Clackamas,Precinct 158,Judge of the Court of Appeals,Position 13,,Doug Tookey,1144
Clackamas,Precinct 159,Judge of the Court of Appeals,Position 13,,Doug Tookey,777
Clackamas,Precinct 160,Judge of the Court of Appeals,Position 13,,Doug Tookey,480
Clackamas,Precinct 161,Judge of the Court of Appeals,Position 13,,Doug Tookey,136
Clackamas,Precinct 162,Judge of the Court of Appeals,Position 13,,Doug Tookey,218
Clackamas,Precinct 201,Judge of the Court of Appeals,Position 13,,Doug Tookey,1262
Clackamas,Precinct 202,Judge of the Court of Appeals,Position 13,,Doug Tookey,1315
Clackamas,Precinct 203,Judge of the Court of Appeals,Position 13,,Doug Tookey,875
Clackamas,Precinct 204,Judge of the Court of Appeals,Position 13,,Doug Tookey,661
Clackamas,Precinct 251,Judge of the Court of Appeals,Position 13,,Doug Tookey,547
Clackamas,Precinct 279,Judge of the Court of Appeals,Position 13,,Doug Tookey,36
Clackamas,Precinct 280,Judge of the Court of Appeals,Position 13,,Doug Tookey,113
Clackamas,Precinct 281,Judge of the Court of Appeals,Position 13,,Doug Tookey,327
Clackamas,Precinct 282,Judge of the Court of Appeals,Position 13,,Doug Tookey,96
Clackamas,Precinct 283,Judge of the Court of Appeals,Position 13,,Doug Tookey,106
Clackamas,Precinct 284,Judge of the Court of Appeals,Position 13,,Doug Tookey,109
Clackamas,Precinct 285,Judge of the Court of Appeals,Position 13,,Doug Tookey,7
Clackamas,Precinct 286,Judge of the Court of Appeals,Position 13,,Doug Tookey,45
Clackamas,Precinct 320,Judge of the Court of Appeals,Position 13,,Doug Tookey,32
Clackamas,Precinct 321,Judge of the Court of Appeals,Position 13,,Doug Tookey,709
Clackamas,Precinct 322,Judge of the Court of Appeals,Position 13,,Doug Tookey,312
Clackamas,Precinct 323,Judge of the Court of Appeals,Position 13,,Doug Tookey,405
Clackamas,Precinct 324,Judge of the Court of Appeals,Position 13,,Doug Tookey,18
Clackamas,Precinct 330,Judge of the Court of Appeals,Position 13,,Doug Tookey,825
Clackamas,Precinct 331,Judge of the Court of Appeals,Position 13,,Doug Tookey,450
Clackamas,Precinct 332,Judge of the Court of Appeals,Position 13,,Doug Tookey,167
Clackamas,Precinct 350,Judge of the Court of Appeals,Position 13,,Doug Tookey,667
Clackamas,Precinct 355,Judge of the Court of Appeals,Position 13,,Doug Tookey,0
Clackamas,Precinct 357,Judge of the Court of Appeals,Position 13,,Doug Tookey,42
Clackamas,Precinct 358,Judge of the Court of Appeals,Position 13,,Doug Tookey,67
Clackamas,Precinct 359,Judge of the Court of Appeals,Position 13,,Doug Tookey,682
Clackamas,Precinct 360,Judge of the Court of Appeals,Position 13,,Doug Tookey,271
Clackamas,Precinct 361,Judge of the Court of Appeals,Position 13,,Doug Tookey,1
Clackamas,Precinct 362,Judge of the Court of Appeals,Position 13,,Doug Tookey,164
Clackamas,Precinct 363,Judge of the Court of Appeals,Position 13,,Doug Tookey,476
Clackamas,Precinct 364,Judge of the Court of Appeals,Position 13,,Doug Tookey,67
Clackamas,Precinct 371,Judge of the Court of Appeals,Position 13,,Doug Tookey,69
Clackamas,Precinct 372,Judge of the Court of Appeals,Position 13,,Doug Tookey,13
Clackamas,Precinct 373,Judge of the Court of Appeals,Position 13,,Doug Tookey,911
Clackamas,Precinct 374,Judge of the Court of Appeals,Position 13,,Doug Tookey,0
Clackamas,Precinct 400,Judge of the Court of Appeals,Position 13,,Doug Tookey,905
Clackamas,Precinct 403,Judge of the Court of Appeals,Position 13,,Doug Tookey,331
Clackamas,Precinct 404,Judge of the Court of Appeals,Position 13,,Doug Tookey,860
Clackamas,Precinct 405,Judge of the Court of Appeals,Position 13,,Doug Tookey,529
Clackamas,Precinct 406,Judge of the Court of Appeals,Position 13,,Doug Tookey,238
Clackamas,Precinct 410,Judge of the Court of Appeals,Position 13,,Doug Tookey,743
Clackamas,Precinct 411,Judge of the Court of Appeals,Position 13,,Doug Tookey,982
Clackamas,Precinct 412,Judge of the Court of Appeals,Position 13,,Doug Tookey,473
Clackamas,Precinct 413,Judge of the Court of Appeals,Position 13,,Doug Tookey,50
Clackamas,Precinct 414,Judge of the Court of Appeals,Position 13,,Doug Tookey,183
Clackamas,Precinct 415,Judge of the Court of Appeals,Position 13,,Doug Tookey,110
Clackamas,Precinct 416,Judge of the Court of Appeals,Position 13,,Doug Tookey,582
Clackamas,Precinct 417,Judge of the Court of Appeals,Position 13,,Doug Tookey,281
Clackamas,Precinct 418,Judge of the Court of Appeals,Position 13,,Doug Tookey,267
Clackamas,Precinct 419,Judge of the Court of Appeals,Position 13,,Doug Tookey,515
Clackamas,Precinct 420,Judge of the Court of Appeals,Position 13,,Doug Tookey,406
Clackamas,Precinct 421,Judge of the Court of Appeals,Position 13,,Doug Tookey,529
Clackamas,Precinct 422,Judge of the Court of Appeals,Position 13,,Doug Tookey,925
Clackamas,Precinct 500,Judge of the Court of Appeals,Position 13,,Doug Tookey,299
Clackamas,Precinct 501,Judge of the Court of Appeals,Position 13,,Doug Tookey,1234
Clackamas,Precinct 502,Judge of the Court of Appeals,Position 13,,Doug Tookey,1122
Clackamas,Precinct 503,Judge of the Court of Appeals,Position 13,,Doug Tookey,1035
Clackamas,Precinct 504,Judge of the Court of Appeals,Position 13,,Doug Tookey,1279
Clackamas,Precinct 506,Judge of the Court of Appeals,Position 13,,Doug Tookey,718
Clackamas,Precinct 510,Judge of the Court of Appeals,Position 13,,Doug Tookey,243
Clackamas,Precinct 511,Judge of the Court of Appeals,Position 13,,Doug Tookey,590
Clackamas,Precinct 512,Judge of the Court of Appeals,Position 13,,Doug Tookey,531
Clackamas,Precinct 513,Judge of the Court of Appeals,Position 13,,Doug Tookey,37
Clackamas,Precinct 514,Judge of the Court of Appeals,Position 13,,Doug Tookey,1275
Clackamas,Precinct 515,Judge of the Court of Appeals,Position 13,,Doug Tookey,336
Clackamas,Precinct 516,Judge of the Court of Appeals,Position 13,,Doug Tookey,613
Clackamas,Precinct 517,Judge of the Court of Appeals,Position 13,,Doug Tookey,498
Clackamas,Precinct 518,Judge of the Court of Appeals,Position 13,,Doug Tookey,560
Clackamas,Precinct 600,Judge of the Court of Appeals,Position 13,,Doug Tookey,1139
Clackamas,Precinct 602,Judge of the Court of Appeals,Position 13,,Doug Tookey,1008
Clackamas,Precinct 604,Judge of the Court of Appeals,Position 13,,Doug Tookey,1802
Clackamas,Precinct 606,Judge of the Court of Appeals,Position 13,,Doug Tookey,541
Clackamas,Precinct 608,Judge of the Court of Appeals,Position 13,,Doug Tookey,705
Clackamas,Precinct 614,Judge of the Court of Appeals,Position 13,,Doug Tookey,590
Clackamas,Precinct 616,Judge of the Court of Appeals,Position 13,,Doug Tookey,844
Clackamas,Precinct 618,Judge of the Court of Appeals,Position 13,,Doug Tookey,143
Clackamas,Precinct 620,Judge of the Court of Appeals,Position 13,,Doug Tookey,89
Clackamas,Precinct 622,Judge of the Court of Appeals,Position 13,,Doug Tookey,619
Clackamas,Precinct 626,Judge of the Court of Appeals,Position 13,,Doug Tookey,1033
Clackamas,Precinct 628,Judge of the Court of Appeals,Position 13,,Doug Tookey,223
Clackamas,Precinct 630,Judge of the Court of Appeals,Position 13,,Doug Tookey,1382
Clackamas,Precinct 100,Judge of the Court of Appeals,Position 13,,Over Votes,0
Clackamas,Precinct 101,Judge of the Court of Appeals,Position 13,,Over Votes,0
Clackamas,Precinct 102,Judge of the Court of Appeals,Position 13,,Over Votes,0
Clackamas,Precinct 103,Judge of the Court of Appeals,Position 13,,Over Votes,0
Clackamas,Precinct 104,Judge of the Court of Appeals,Position 13,,Over Votes,0
Clackamas,Precinct 105,Judge of the Court of Appeals,Position 13,,Over Votes,0
Clackamas,Precinct 106,Judge of the Court of Appeals,Position 13,,Over Votes,0
Clackamas,Precinct 107,Judge of the Court of Appeals,Position 13,,Over Votes,0
Clackamas,Precinct 108,Judge of the Court of Appeals,Position 13,,Over Votes,0
Clackamas,Precinct 109,Judge of the Court of Appeals,Position 13,,Over Votes,0
Clackamas,Precinct 111,Judge of the Court of Appeals,Position 13,,Over Votes,0
Clackamas,Precinct 112,Judge of the Court of Appeals,Position 13,,Over Votes,0
Clackamas,Precinct 113,Judge of the Court of Appeals,Position 13,,Over Votes,0
Clackamas,Precinct 114,Judge of the Court of Appeals,Position 13,,Over Votes,0
Clackamas,Precinct 115,Judge of the Court of Appeals,Position 13,,Over Votes,0
Clackamas,Precinct 116,Judge of the Court of Appeals,Position 13,,Over Votes,0
Clackamas,Precinct 122,Judge of the Court of Appeals,Position 13,,Over Votes,0
Clackamas,Precinct 123,Judge of the Court of Appeals,Position 13,,Over Votes,0
Clackamas,Precinct 124,Judge of the Court of Appeals,Position 13,,Over Votes,0
Clackamas,Precinct 125,Judge of the Court of Appeals,Position 13,,Over Votes,0
Clackamas,Precinct 127,Judge of the Court of Appeals,Position 13,,Over Votes,0
Clackamas,Precinct 131,Judge of the Court of Appeals,Position 13,,Over Votes,0
Clackamas,Precinct 132,Judge of the Court of Appeals,Position 13,,Over Votes,0
Clackamas,Precinct 133,Judge of the Court of Appeals,Position 13,,Over Votes,0
Clackamas,Precinct 134,Judge of the Court of Appeals,Position 13,,Over Votes,0
Clackamas,Precinct 135,Judge of the Court of Appeals,Position 13,,Over Votes,0
Clackamas,Precinct 151,Judge of the Court of Appeals,Position 13,,Over Votes,0
Clackamas,Precinct 152,Judge of the Court of Appeals,Position 13,,Over Votes,0
Clackamas,Precinct 153,Judge of the Court of Appeals,Position 13,,Over Votes,0
Clackamas,Precinct 154,Judge of the Court of Appeals,Position 13,,Over Votes,0
Clackamas,Precinct 155,Judge of the Court of Appeals,Position 13,,Over Votes,0
Clackamas,Precinct 156,Judge of the Court of Appeals,Position 13,,Over Votes,0
Clackamas,Precinct 157,Judge of the Court of Appeals,Position 13,,Over Votes,0
Clackamas,Precinct 158,Judge of the Court of Appeals,Position 13,,Over Votes,0
Clackamas,Precinct 159,Judge of the Court of Appeals,Position 13,,Over Votes,0
Clackamas,Precinct 160,Judge of the Court of Appeals,Position 13,,Over Votes,0
Clackamas,Precinct 161,Judge of the Court of Appeals,Position 13,,Over Votes,0
Clackamas,Precinct 162,Judge of the Court of Appeals,Position 13,,Over Votes,0
Clackamas,Precinct 201,Judge of the Court of Appeals,Position 13,,Over Votes,0
Clackamas,Precinct 202,Judge of the Court of Appeals,Position 13,,Over Votes,0
Clackamas,Precinct 203,Judge of the Court of Appeals,Position 13,,Over Votes,0
Clackamas,Precinct 204,Judge of the Court of Appeals,Position 13,,Over Votes,0
Clackamas,Precinct 251,Judge of the Court of Appeals,Position 13,,Over Votes,0
Clackamas,Precinct 279,Judge of the Court of Appeals,Position 13,,Over Votes,0
Clackamas,Precinct 280,Judge of the Court of Appeals,Position 13,,Over Votes,0
Clackamas,Precinct 281,Judge of the Court of Appeals,Position 13,,Over Votes,0
Clackamas,Precinct 282,Judge of the Court of Appeals,Position 13,,Over Votes,0
Clackamas,Precinct 283,Judge of the Court of Appeals,Position 13,,Over Votes,0
Clackamas,Precinct 284,Judge of the Court of Appeals,Position 13,,Over Votes,0
Clackamas,Precinct 285,Judge of the Court of Appeals,Position 13,,Over Votes,0
Clackamas,Precinct 286,Judge of the Court of Appeals,Position 13,,Over Votes,0
Clackamas,Precinct 320,Judge of the Court of Appeals,Position 13,,Over Votes,0
Clackamas,Precinct 321,Judge of the Court of Appeals,Position 13,,Over Votes,0
Clackamas,Precinct 322,Judge of the Court of Appeals,Position 13,,Over Votes,0
Clackamas,Precinct 323,Judge of the Court of Appeals,Position 13,,Over Votes,0
Clackamas,Precinct 324,Judge of the Court of Appeals,Position 13,,Over Votes,0
Clackamas,Precinct 330,Judge of the Court of Appeals,Position 13,,Over Votes,0
Clackamas,Precinct 331,Judge of the Court of Appeals,Position 13,,Over Votes,0
Clackamas,Precinct 332,Judge of the Court of Appeals,Position 13,,Over Votes,0
Clackamas,Precinct 350,Judge of the Court of Appeals,Position 13,,Over Votes,0
Clackamas,Precinct 355,Judge of the Court of Appeals,Position 13,,Over Votes,0
Clackamas,Precinct 357,Judge of the Court of Appeals,Position 13,,Over Votes,0
Clackamas,Precinct 358,Judge of the Court of Appeals,Position 13,,Over Votes,0
Clackamas,Precinct 359,Judge of the Court of Appeals,Position 13,,Over Votes,0
Clackamas,Precinct 360,Judge of the Court of Appeals,Position 13,,Over Votes,0
Clackamas,Precinct 361,Judge of the Court of Appeals,Position 13,,Over Votes,0
Clackamas,Precinct 362,Judge of the Court of Appeals,Position 13,,Over Votes,0
Clackamas,Precinct 363,Judge of the Court of Appeals,Position 13,,Over Votes,0
Clackamas,Precinct 364,Judge of the Court of Appeals,Position 13,,Over Votes,0
Clackamas,Precinct 371,Judge of the Court of Appeals,Position 13,,Over Votes,0
Clackamas,Precinct 372,Judge of the Court of Appeals,Position 13,,Over Votes,0
Clackamas,Precinct 373,Judge of the Court of Appeals,Position 13,,Over Votes,0
Clackamas,Precinct 374,Judge of the Court of Appeals,Position 13,,Over Votes,0
Clackamas,Precinct 400,Judge of the Court of Appeals,Position 13,,Over Votes,0
Clackamas,Precinct 403,Judge of the Court of Appeals,Position 13,,Over Votes,0
Clackamas,Precinct 404,Judge of the Court of Appeals,Position 13,,Over Votes,0
Clackamas,Precinct 405,Judge of the Court of Appeals,Position 13,,Over Votes,0
Clackamas,Precinct 406,Judge of the Court of Appeals,Position 13,,Over Votes,0
Clackamas,Precinct 410,Judge of the Court of Appeals,Position 13,,Over Votes,0
Clackamas,Precinct 411,Judge of the Court of Appeals,Position 13,,Over Votes,0
Clackamas,Precinct 412,Judge of the Court of Appeals,Position 13,,Over Votes,0
Clackamas,Precinct 413,Judge of the Court of Appeals,Position 13,,Over Votes,0
Clackamas,Precinct 414,Judge of the Court of Appeals,Position 13,,Over Votes,0
Clackamas,Precinct 415,Judge of the Court of Appeals,Position 13,,Over Votes,0
Clackamas,Precinct 416,Judge of the Court of Appeals,Position 13,,Over Votes,0
Clackamas,Precinct 417,Judge of the Court of Appeals,Position 13,,Over Votes,0
Clackamas,Precinct 418,Judge of the Court of Appeals,Position 13,,Over Votes,0
Clackamas,Precinct 419,Judge of the Court of Appeals,Position 13,,Over Votes,0
Clackamas,Precinct 420,Judge of the Court of Appeals,Position 13,,Over Votes,0
Clackamas,Precinct 421,Judge of the Court of Appeals,Position 13,,Over Votes,0
Clackamas,Precinct 422,Judge of the Court of Appeals,Position 13,,Over Votes,0
Clackamas,Precinct 500,Judge of the Court of Appeals,Position 13,,Over Votes,0
Clackamas,Precinct 501,Judge of the Court of Appeals,Position 13,,Over Votes,0
Clackamas,Precinct 502,Judge of the Court of Appeals,Position 13,,Over Votes,0
Clackamas,Precinct 503,Judge of the Court of Appeals,Position 13,,Over Votes,0
Clackamas,Precinct 504,Judge of the Court of Appeals,Position 13,,Over Votes,0
Clackamas,Precinct 506,Judge of the Court of Appeals,Position 13,,Over Votes,0
Clackamas,Precinct 510,Judge of the Court of Appeals,Position 13,,Over Votes,0
Clackamas,Precinct 511,Judge of the Court of Appeals,Position 13,,Over Votes,0
Clackamas,Precinct 512,Judge of the Court of Appeals,Position 13,,Over Votes,0
Clackamas,Precinct 513,Judge of the Court of Appeals,Position 13,,Over Votes,0
Clackamas,Precinct 514,Judge of the Court of Appeals,Position 13,,Over Votes,0
Clackamas,Precinct 515,Judge of the Court of Appeals,Position 13,,Over Votes,0
Clackamas,Precinct 516,Judge of the Court of Appeals,Position 13,,Over Votes,0
Clackamas,Precinct 517,Judge of the Court of Appeals,Position 13,,Over Votes,0
Clackamas,Precinct 518,Judge of the Court of Appeals,Position 13,,Over Votes,0
Clackamas,Precinct 600,Judge of the Court of Appeals,Position 13,,Over Votes,0
Clackamas,Precinct 602,Judge of the Court of Appeals,Position 13,,Over Votes,0
Clackamas,Precinct 604,Judge of the Court of Appeals,Position 13,,Over Votes,0
Clackamas,Precinct 606,Judge of the Court of Appeals,Position 13,,Over Votes,0
Clackamas,Precinct 608,Judge of the Court of Appeals,Position 13,,Over Votes,0
Clackamas,Precinct 614,Judge of the Court of Appeals,Position 13,,Over Votes,0
Clackamas,Precinct 616,Judge of the Court of Appeals,Position 13,,Over Votes,0
Clackamas,Precinct 618,Judge of the Court of Appeals,Position 13,,Over Votes,0
Clackamas,Precinct 620,Judge of the Court of Appeals,Position 13,,Over Votes,0
Clackamas,Precinct 622,Judge of the Court of Appeals,Position 13,,Over Votes,0
Clackamas,Precinct 626,Judge of the Court of Appeals,Position 13,,Over Votes,0
Clackamas,Precinct 628,Judge of the Court of Appeals,Position 13,,Over Votes,0
Clackamas,Precinct 630,Judge of the Court of Appeals,Position 13,,Over Votes,0
Clackamas,Precinct 100,Judge of the Court of Appeals,Position 13,,Under Votes,28
Clackamas,Precinct 101,Judge of the Court of Appeals,Position 13,,Under Votes,1427
Clackamas,Precinct 102,Judge of the Court of Appeals,Position 13,,Under Votes,391
Clackamas,Precinct 103,Judge of the Court of Appeals,Position 13,,Under Votes,828
Clackamas,Precinct 104,Judge of the Court of Appeals,Position 13,,Under Votes,4
Clackamas,Precinct 105,Judge of the Court of Appeals,Position 13,,Under Votes,1209
Clackamas,Precinct 106,Judge of the Court of Appeals,Position 13,,Under Votes,933
Clackamas,Precinct 107,Judge of the Court of Appeals,Position 13,,Under Votes,614
Clackamas,Precinct 108,Judge of the Court of Appeals,Position 13,,Under Votes,1350
Clackamas,Precinct 109,Judge of the Court of Appeals,Position 13,,Under Votes,0
Clackamas,Precinct 111,Judge of the Court of Appeals,Position 13,,Under Votes,1503
Clackamas,Precinct 112,Judge of the Court of Appeals,Position 13,,Under Votes,0
Clackamas,Precinct 113,Judge of the Court of Appeals,Position 13,,Under Votes,24
Clackamas,Precinct 114,Judge of the Court of Appeals,Position 13,,Under Votes,48
Clackamas,Precinct 115,Judge of the Court of Appeals,Position 13,,Under Votes,92
Clackamas,Precinct 116,Judge of the Court of Appeals,Position 13,,Under Votes,1
Clackamas,Precinct 122,Judge of the Court of Appeals,Position 13,,Under Votes,1299
Clackamas,Precinct 123,Judge of the Court of Appeals,Position 13,,Under Votes,815
Clackamas,Precinct 124,Judge of the Court of Appeals,Position 13,,Under Votes,1515
Clackamas,Precinct 125,Judge of the Court of Appeals,Position 13,,Under Votes,576
Clackamas,Precinct 127,Judge of the Court of Appeals,Position 13,,Under Votes,33
Clackamas,Precinct 131,Judge of the Court of Appeals,Position 13,,Under Votes,1588
Clackamas,Precinct 132,Judge of the Court of Appeals,Position 13,,Under Votes,1187
Clackamas,Precinct 133,Judge of the Court of Appeals,Position 13,,Under Votes,520
Clackamas,Precinct 134,Judge of the Court of Appeals,Position 13,,Under Votes,3
Clackamas,Precinct 135,Judge of the Court of Appeals,Position 13,,Under Votes,1409
Clackamas,Precinct 151,Judge of the Court of Appeals,Position 13,,Under Votes,754
Clackamas,Precinct 152,Judge of the Court of Appeals,Position 13,,Under Votes,1613
Clackamas,Precinct 153,Judge of the Court of Appeals,Position 13,,Under Votes,103
Clackamas,Precinct 154,Judge of the Court of Appeals,Position 13,,Under Votes,15
Clackamas,Precinct 155,Judge of the Court of Appeals,Position 13,,Under Votes,696
Clackamas,Precinct 156,Judge of the Court of Appeals,Position 13,,Under Votes,1356
Clackamas,Precinct 157,Judge of the Court of Appeals,Position 13,,Under Votes,26
Clackamas,Precinct 158,Judge of the Court of Appeals,Position 13,,Under Votes,987
Clackamas,Precinct 159,Judge of the Court of Appeals,Position 13,,Under Votes,767
Clackamas,Precinct 160,Judge of the Court of Appeals,Position 13,,Under Votes,433
Clackamas,Precinct 161,Judge of the Court of Appeals,Position 13,,Under Votes,156
Clackamas,Precinct 162,Judge of the Court of Appeals,Position 13,,Under Votes,164
Clackamas,Precinct 201,Judge of the Court of Appeals,Position 13,,Under Votes,1152
Clackamas,Precinct 202,Judge of the Court of Appeals,Position 13,,Under Votes,1345
Clackamas,Precinct 203,Judge of the Court of Appeals,Position 13,,Under Votes,783
Clackamas,Precinct 204,Judge of the Court of Appeals,Position 13,,Under Votes,710
Clackamas,Precinct 251,Judge of the Court of Appeals,Position 13,,Under Votes,531
Clackamas,Precinct 279,Judge of the Court of Appeals,Position 13,,Under Votes,25
Clackamas,Precinct 280,Judge of the Court of Appeals,Position 13,,Under Votes,92
Clackamas,Precinct 281,Judge of the Court of Appeals,Position 13,,Under Votes,297
Clackamas,Precinct 282,Judge of the Court of Appeals,Position 13,,Under Votes,86
Clackamas,Precinct 283,Judge of the Court of Appeals,Position 13,,Under Votes,142
Clackamas,Precinct 284,Judge of the Court of Appeals,Position 13,,Under Votes,105
Clackamas,Precinct 285,Judge of the Court of Appeals,Position 13,,Under Votes,6
Clackamas,Precinct 286,Judge of the Court of Appeals,Position 13,,Under Votes,40
Clackamas,Precinct 320,Judge of the Court of Appeals,Position 13,,Under Votes,33
Clackamas,Precinct 321,Judge of the Court of Appeals,Position 13,,Under Votes,895
Clackamas,Precinct 322,Judge of the Court of Appeals,Position 13,,Under Votes,426
Clackamas,Precinct 323,Judge of the Court of Appeals,Position 13,,Under Votes,504
Clackamas,Precinct 324,Judge of the Court of Appeals,Position 13,,Under Votes,21
Clackamas,Precinct 330,Judge of the Court of Appeals,Position 13,,Under Votes,1625
Clackamas,Precinct 331,Judge of the Court of Appeals,Position 13,,Under Votes,854
Clackamas,Precinct 332,Judge of the Court of Appeals,Position 13,,Under Votes,234
Clackamas,Precinct 350,Judge of the Court of Appeals,Position 13,,Under Votes,1335
Clackamas,Precinct 355,Judge of the Court of Appeals,Position 13,,Under Votes,0
Clackamas,Precinct 357,Judge of the Court of Appeals,Position 13,,Under Votes,75
Clackamas,Precinct 358,Judge of the Court of Appeals,Position 13,,Under Votes,161
Clackamas,Precinct 359,Judge of the Court of Appeals,Position 13,,Under Votes,1108
Clackamas,Precinct 360,Judge of the Court of Appeals,Position 13,,Under Votes,444
Clackamas,Precinct 361,Judge of the Court of Appeals,Position 13,,Under Votes,3
Clackamas,Precinct 362,Judge of the Court of Appeals,Position 13,,Under Votes,325
Clackamas,Precinct 363,Judge of the Court of Appeals,Position 13,,Under Votes,873
Clackamas,Precinct 364,Judge of the Court of Appeals,Position 13,,Under Votes,106
Clackamas,Precinct 371,Judge of the Court of Appeals,Position 13,,Under Votes,101
Clackamas,Precinct 372,Judge of the Court of Appeals,Position 13,,Under Votes,13
Clackamas,Precinct 373,Judge of the Court of Appeals,Position 13,,Under Votes,1382
Clackamas,Precinct 374,Judge of the Court of Appeals,Position 13,,Under Votes,0
Clackamas,Precinct 400,Judge of the Court of Appeals,Position 13,,Under Votes,1736
Clackamas,Precinct 403,Judge of the Court of Appeals,Position 13,,Under Votes,473
Clackamas,Precinct 404,Judge of the Court of Appeals,Position 13,,Under Votes,1569
Clackamas,Precinct 405,Judge of the Court of Appeals,Position 13,,Under Votes,863
Clackamas,Precinct 406,Judge of the Court of Appeals,Position 13,,Under Votes,380
Clackamas,Precinct 410,Judge of the Court of Appeals,Position 13,,Under Votes,809
Clackamas,Precinct 411,Judge of the Court of Appeals,Position 13,,Under Votes,1087
Clackamas,Precinct 412,Judge of the Court of Appeals,Position 13,,Under Votes,664
Clackamas,Precinct 413,Judge of the Court of Appeals,Position 13,,Under Votes,39
Clackamas,Precinct 414,Judge of the Court of Appeals,Position 13,,Under Votes,231
Clackamas,Precinct 415,Judge of the Court of Appeals,Position 13,,Under Votes,177
Clackamas,Precinct 416,Judge of the Court of Appeals,Position 13,,Under Votes,702
Clackamas,Precinct 417,Judge of the Court of Appeals,Position 13,,Under Votes,379
Clackamas,Precinct 418,Judge of the Court of Appeals,Position 13,,Under Votes,401
Clackamas,Precinct 419,Judge of the Court of Appeals,Position 13,,Under Votes,540
Clackamas,Precinct 420,Judge of the Court of Appeals,Position 13,,Under Votes,534
Clackamas,Precinct 421,Judge of the Court of Appeals,Position 13,,Under Votes,526
Clackamas,Precinct 422,Judge of the Court of Appeals,Position 13,,Under Votes,971
Clackamas,Precinct 500,Judge of the Court of Appeals,Position 13,,Under Votes,358
Clackamas,Precinct 501,Judge of the Court of Appeals,Position 13,,Under Votes,1138
Clackamas,Precinct 502,Judge of the Court of Appeals,Position 13,,Under Votes,1288
Clackamas,Precinct 503,Judge of the Court of Appeals,Position 13,,Under Votes,1151
Clackamas,Precinct 504,Judge of the Court of Appeals,Position 13,,Under Votes,1388
Clackamas,Precinct 506,Judge of the Court of Appeals,Position 13,,Under Votes,855
Clackamas,Precinct 510,Judge of the Court of Appeals,Position 13,,Under Votes,362
Clackamas,Precinct 511,Judge of the Court of Appeals,Position 13,,Under Votes,870
Clackamas,Precinct 512,Judge of the Court of Appeals,Position 13,,Under Votes,682
Clackamas,Precinct 513,Judge of the Court of Appeals,Position 13,,Under Votes,47
Clackamas,Precinct 514,Judge of the Court of Appeals,Position 13,,Under Votes,2113
Clackamas,Precinct 515,Judge of the Court of Appeals,Position 13,,Under Votes,642
Clackamas,Precinct 516,Judge of the Court of Appeals,Position 13,,Under Votes,874
Clackamas,Precinct 517,Judge of the Court of Appeals,Position 13,,Under Votes,801
Clackamas,Precinct 518,Judge of the Court of Appeals,Position 13,,Under Votes,880
Clackamas,Precinct 600,Judge of the Court of Appeals,Position 13,,Under Votes,1334
Clackamas,Precinct 602,Judge of the Court of Appeals,Position 13,,Under Votes,1303
Clackamas,Precinct 604,Judge of the Court of Appeals,Position 13,,Under Votes,2132
Clackamas,Precinct 606,Judge of the Court of Appeals,Position 13,,Under Votes,558
Clackamas,Precinct 608,Judge of the Court of Appeals,Position 13,,Under Votes,786
Clackamas,Precinct 614,Judge of the Court of Appeals,Position 13,,Under Votes,656
Clackamas,Precinct 616,Judge of the Court of Appeals,Position 13,,Under Votes,1151
Clackamas,Precinct 618,Judge of the Court of Appeals,Position 13,,Under Votes,167
Clackamas,Precinct 620,Judge of the Court of Appeals,Position 13,,Under Votes,60
Clackamas,Precinct 622,Judge of the Court of Appeals,Position 13,,Under Votes,639
Clackamas,Precinct 626,Judge of the Court of Appeals,Position 13,,Under Votes,1203
Clackamas,Precinct 628,Judge of the Court of Appeals,Position 13,,Under Votes,281
Clackamas,Precinct 630,Judge of the Court of Appeals,Position 13,,Under Votes,1659
Clackamas,Precinct 100,Judge of the Court of Appeals,Position 13,,Write-ins,0
Clackamas,Precinct 101,Judge of the Court of Appeals,Position 13,,Write-ins,25
Clackamas,Precinct 102,Judge of the Court of Appeals,Position 13,,Write-ins,4
Clackamas,Precinct 103,Judge of the Court of Appeals,Position 13,,Write-ins,8
Clackamas,Precinct 104,Judge of the Court of Appeals,Position 13,,Write-ins,0
Clackamas,Precinct 105,Judge of the Court of Appeals,Position 13,,Write-ins,12
Clackamas,Precinct 106,Judge of the Court of Appeals,Position 13,,Write-ins,17
Clackamas,Precinct 107,Judge of the Court of Appeals,Position 13,,Write-ins,12
Clackamas,Precinct 108,Judge of the Court of Appeals,Position 13,,Write-ins,49
Clackamas,Precinct 109,Judge of the Court of Appeals,Position 13,,Write-ins,0
Clackamas,Precinct 111,Judge of the Court of Appeals,Position 13,,Write-ins,46
Clackamas,Precinct 112,Judge of the Court of Appeals,Position 13,,Write-ins,0
Clackamas,Precinct 113,Judge of the Court of Appeals,Position 13,,Write-ins,0
Clackamas,Precinct 114,Judge of the Court of Appeals,Position 13,,Write-ins,0
Clackamas,Precinct 115,Judge of the Court of Appeals,Position 13,,Write-ins,1
Clackamas,Precinct 116,Judge of the Court of Appeals,Position 13,,Write-ins,0
Clackamas,Precinct 122,Judge of the Court of Appeals,Position 13,,Write-ins,29
Clackamas,Precinct 123,Judge of the Court of Appeals,Position 13,,Write-ins,18
Clackamas,Precinct 124,Judge of the Court of Appeals,Position 13,,Write-ins,30
Clackamas,Precinct 125,Judge of the Court of Appeals,Position 13,,Write-ins,10
Clackamas,Precinct 127,Judge of the Court of Appeals,Position 13,,Write-ins,0
Clackamas,Precinct 131,Judge of the Court of Appeals,Position 13,,Write-ins,24
Clackamas,Precinct 132,Judge of the Court of Appeals,Position 13,,Write-ins,19
Clackamas,Precinct 133,Judge of the Court of Appeals,Position 13,,Write-ins,1
Clackamas,Precinct 134,Judge of the Court of Appeals,Position 13,,Write-ins,0
Clackamas,Precinct 135,Judge of the Court of Appeals,Position 13,,Write-ins,20
Clackamas,Precinct 151,Judge of the Court of Appeals,Position 13,,Write-ins,3
Clackamas,Precinct 152,Judge of the Court of Appeals,Position 13,,Write-ins,14
Clackamas,Precinct 153,Judge of the Court of Appeals,Position 13,,Write-ins,1
Clackamas,Precinct 154,Judge of the Court of Appeals,Position 13,,Write-ins,0
Clackamas,Precinct 155,Judge of the Court of Appeals,Position 13,,Write-ins,4
Clackamas,Precinct 156,Judge of the Court of Appeals,Position 13,,Write-ins,4
Clackamas,Precinct 157,Judge of the Court of Appeals,Position 13,,Write-ins,0
Clackamas,Precinct 158,Judge of the Court of Appeals,Position 13,,Write-ins,6
Clackamas,Precinct 159,Judge of the Court of Appeals,Position 13,,Write-ins,6
Clackamas,Precinct 160,Judge of the Court of Appeals,Position 13,,Write-ins,2
Clackamas,Precinct 161,Judge of the Court of Appeals,Position 13,,Write-ins,1
Clackamas,Precinct 162,Judge of the Court of Appeals,Position 13,,Write-ins,0
Clackamas,Precinct 201,Judge of the Court of Appeals,Position 13,,Write-ins,12
Clackamas,Precinct 202,Judge of the Court of Appeals,Position 13,,Write-ins,13
Clackamas,Precinct 203,Judge of the Court of Appeals,Position 13,,Write-ins,4
Clackamas,Precinct 204,Judge of the Court of Appeals,Position 13,,Write-ins,6
Clackamas,Precinct 251,Judge of the Court of Appeals,Position 13,,Write-ins,3
Clackamas,Precinct 279,Judge of the Court of Appeals,Position 13,,Write-ins,0
Clackamas,Precinct 280,Judge of the Court of Appeals,Position 13,,Write-ins,4
Clackamas,Precinct 281,Judge of the Court of Appeals,Position 13,,Write-ins,6
Clackamas,Precinct 282,Judge of the Court of Appeals,Position 13,,Write-ins,2
Clackamas,Precinct 283,Judge of the Court of Appeals,Position 13,,Write-ins,0
Clackamas,Precinct 284,Judge of the Court of Appeals,Position 13,,Write-ins,3
Clackamas,Precinct 285,Judge of the Court of Appeals,Position 13,,Write-ins,0
Clackamas,Precinct 286,Judge of the Court of Appeals,Position 13,,Write-ins,1
Clackamas,Precinct 320,Judge of the Court of Appeals,Position 13,,Write-ins,0
Clackamas,Precinct 321,Judge of the Court of Appeals,Position 13,,Write-ins,6
Clackamas,Precinct 322,Judge of the Court of Appeals,Position 13,,Write-ins,3
Clackamas,Precinct 323,Judge of the Court of Appeals,Position 13,,Write-ins,11
Clackamas,Precinct 324,Judge of the Court of Appeals,Position 13,,Write-ins,1
Clackamas,Precinct 330,Judge of the Court of Appeals,Position 13,,Write-ins,45
Clackamas,Precinct 331,Judge of the Court of Appeals,Position 13,,Write-ins,19
Clackamas,Precinct 332,Judge of the Court of Appeals,Position 13,,Write-ins,8
Clackamas,Precinct 350,Judge of the Court of Appeals,Position 13,,Write-ins,52
Clackamas,Precinct 355,Judge of the Court of Appeals,Position 13,,Write-ins,0
Clackamas,Precinct 357,Judge of the Court of Appeals,Position 13,,Write-ins,3
Clackamas,Precinct 358,Judge of the Court of Appeals,Position 13,,Write-ins,4
Clackamas,Precinct 359,Judge of the Court of Appeals,Position 13,,Write-ins,19
Clackamas,Precinct 360,Judge of the Court of Appeals,Position 13,,Write-ins,9
Clackamas,Precinct 361,Judge of the Court of Appeals,Position 13,,Write-ins,0
Clackamas,Precinct 362,Judge of the Court of Appeals,Position 13,,Write-ins,7
Clackamas,Precinct 363,Judge of the Court of Appeals,Position 13,,Write-ins,19
Clackamas,Precinct 364,Judge of the Court of Appeals,Position 13,,Write-ins,1
Clackamas,Precinct 371,Judge of the Court of Appeals,Position 13,,Write-ins,2
Clackamas,Precinct 372,Judge of the Court of Appeals,Position 13,,Write-ins,0
Clackamas,Precinct 373,Judge of the Court of Appeals,Position 13,,Write-ins,30
Clackamas,Precinct 374,Judge of the Court of Appeals,Position 13,,Write-ins,0
Clackamas,Precinct 400,Judge of the Court of Appeals,Position 13,,Write-ins,23
Clackamas,Precinct 403,Judge of the Court of Appeals,Position 13,,Write-ins,7
Clackamas,Precinct 404,Judge of the Court of Appeals,Position 13,,Write-ins,17
Clackamas,Precinct 405,Judge of the Court of Appeals,Position 13,,Write-ins,11
Clackamas,Precinct 406,Judge of the Court of Appeals,Position 13,,Write-ins,12
Clackamas,Precinct 410,Judge of the Court of Appeals,Position 13,,Write-ins,15
Clackamas,Precinct 411,Judge of the Court of Appeals,Position 13,,Write-ins,13
Clackamas,Precinct 412,Judge of the Court of Appeals,Position 13,,Write-ins,14
Clackamas,Precinct 413,Judge of the Court of Appeals,Position 13,,Write-ins,0
Clackamas,Precinct 414,Judge of the Court of Appeals,Position 13,,Write-ins,0
Clackamas,Precinct 415,Judge of the Court of Appeals,Position 13,,Write-ins,0
Clackamas,Precinct 416,Judge of the Court of Appeals,Position 13,,Write-ins,16
Clackamas,Precinct 417,Judge of the Court of Appeals,Position 13,,Write-ins,10
Clackamas,Precinct 418,Judge of the Court of Appeals,Position 13,,Write-ins,10
Clackamas,Precinct 419,Judge of the Court of Appeals,Position 13,,Write-ins,4
Clackamas,Precinct 420,Judge of the Court of Appeals,Position 13,,Write-ins,12
Clackamas,Precinct 421,Judge of the Court of Appeals,Position 13,,Write-ins,6
Clackamas,Precinct 422,Judge of the Court of Appeals,Position 13,,Write-ins,26
Clackamas,Precinct 500,Judge of the Court of Appeals,Position 13,,Write-ins,2
Clackamas,Precinct 501,Judge of the Court of Appeals,Position 13,,Write-ins,18
Clackamas,Precinct 502,Judge of the Court of Appeals,Position 13,,Write-ins,16
Clackamas,Precinct 503,Judge of the Court of Appeals,Position 13,,Write-ins,21
Clackamas,Precinct 504,Judge of the Court of Appeals,Position 13,,Write-ins,25
Clackamas,Precinct 506,Judge of the Court of Appeals,Position 13,,Write-ins,7
Clackamas,Precinct 510,Judge of the Court of Appeals,Position 13,,Write-ins,8
Clackamas,Precinct 511,Judge of the Court of Appeals,Position 13,,Write-ins,22
Clackamas,Precinct 512,Judge of the Court of Appeals,Position 13,,Write-ins,11
Clackamas,Precinct 513,Judge of the Court of Appeals,Position 13,,Write-ins,0
Clackamas,Precinct 514,Judge of the Court of Appeals,Position 13,,Write-ins,41
Clackamas,Precinct 515,Judge of the Court of Appeals,Position 13,,Write-ins,20
Clackamas,Precinct 516,Judge of the Court of Appeals,Position 13,,Write-ins,21
Clackamas,Precinct 517,Judge of the Court of Appeals,Position 13,,Write-ins,21
Clackamas,Precinct 518,Judge of the Court of Appeals,Position 13,,Write-ins,38
Clackamas,Precinct 600,Judge of the Court of Appeals,Position 13,,Write-ins,31
Clackamas,Precinct 602,Judge of the Court of Appeals,Position 13,,Write-ins,35
Clackamas,Precinct 604,Judge of the Court of Appeals,Position 13,,Write-ins,53
Clackamas,Precinct 606,Judge of the Court of Appeals,Position 13,,Write-ins,11
Clackamas,Precinct 608,Judge of the Court of Appeals,Position 13,,Write-ins,16
Clackamas,Precinct 614,Judge of the Court of Appeals,Position 13,,Write-ins,11
Clackamas,Precinct 616,Judge of the Court of Appeals,Position 13,,Write-ins,16
Clackamas,Precinct 618,Judge of the Court of Appeals,Position 13,,Write-ins,0
Clackamas,Precinct 620,Judge of the Court of Appeals,Position 13,,Write-ins,2
Clackamas,Precinct 622,Judge of the Court of Appeals,Position 13,,Write-ins,10
Clackamas,Precinct 626,Judge of the Court of Appeals,Position 13,,Write-ins,14
Clackamas,Precinct 628,Judge of the Court of Appeals,Position 13,,Write-ins,5
Clackamas,Precinct 630,Judge of the Court of Appeals,Position 13,,Write-ins,29
Clackamas,Precinct 100,Judge of the Court of Appeals,Position 9,,Jacqueline Kamins,18
Clackamas,Precinct 101,Judge of the Court of Appeals,Position 9,,Jacqueline Kamins,1339
Clackamas,Precinct 102,Judge of the Court of Appeals,Position 9,,Jacqueline Kamins,283
Clackamas,Precinct 103,Judge of the Court of Appeals,Position 9,,Jacqueline Kamins,687
Clackamas,Precinct 104,Judge of the Court of Appeals,Position 9,,Jacqueline Kamins,4
Clackamas,Precinct 105,Judge of the Court of Appeals,Position 9,,Jacqueline Kamins,986
Clackamas,Precinct 106,Judge of the Court of Appeals,Position 9,,Jacqueline Kamins,767
Clackamas,Precinct 107,Judge of the Court of Appeals,Position 9,,Jacqueline Kamins,470
Clackamas,Precinct 108,Judge of the Court of Appeals,Position 9,,Jacqueline Kamins,1056
Clackamas,Precinct 109,Judge of the Court of Appeals,Position 9,,Jacqueline Kamins,0
Clackamas,Precinct 111,Judge of the Court of Appeals,Position 9,,Jacqueline Kamins,1139
Clackamas,Precinct 112,Judge of the Court of Appeals,Position 9,,Jacqueline Kamins,0
Clackamas,Precinct 113,Judge of the Court of Appeals,Position 9,,Jacqueline Kamins,9
Clackamas,Precinct 114,Judge of the Court of Appeals,Position 9,,Jacqueline Kamins,37
Clackamas,Precinct 115,Judge of the Court of Appeals,Position 9,,Jacqueline Kamins,63
Clackamas,Precinct 116,Judge of the Court of Appeals,Position 9,,Jacqueline Kamins,0
Clackamas,Precinct 122,Judge of the Court of Appeals,Position 9,,Jacqueline Kamins,1117
Clackamas,Precinct 123,Judge of the Court of Appeals,Position 9,,Jacqueline Kamins,639
Clackamas,Precinct 124,Judge of the Court of Appeals,Position 9,,Jacqueline Kamins,1181
Clackamas,Precinct 125,Judge of the Court of Appeals,Position 9,,Jacqueline Kamins,444
Clackamas,Precinct 127,Judge of the Court of Appeals,Position 9,,Jacqueline Kamins,30
Clackamas,Precinct 131,Judge of the Court of Appeals,Position 9,,Jacqueline Kamins,1626
Clackamas,Precinct 132,Judge of the Court of Appeals,Position 9,,Jacqueline Kamins,1251
Clackamas,Precinct 133,Judge of the Court of Appeals,Position 9,,Jacqueline Kamins,527
Clackamas,Precinct 134,Judge of the Court of Appeals,Position 9,,Jacqueline Kamins,0
Clackamas,Precinct 135,Judge of the Court of Appeals,Position 9,,Jacqueline Kamins,1487
Clackamas,Precinct 151,Judge of the Court of Appeals,Position 9,,Jacqueline Kamins,760
Clackamas,Precinct 152,Judge of the Court of Appeals,Position 9,,Jacqueline Kamins,1575
Clackamas,Precinct 153,Judge of the Court of Appeals,Position 9,,Jacqueline Kamins,142
Clackamas,Precinct 154,Judge of the Court of Appeals,Position 9,,Jacqueline Kamins,28
Clackamas,Precinct 155,Judge of the Court of Appeals,Position 9,,Jacqueline Kamins,742
Clackamas,Precinct 156,Judge of the Court of Appeals,Position 9,,Jacqueline Kamins,1456
Clackamas,Precinct 157,Judge of the Court of Appeals,Position 9,,Jacqueline Kamins,24
Clackamas,Precinct 158,Judge of the Court of Appeals,Position 9,,Jacqueline Kamins,1157
Clackamas,Precinct 159,Judge of the Court of Appeals,Position 9,,Jacqueline Kamins,786
Clackamas,Precinct 160,Judge of the Court of Appeals,Position 9,,Jacqueline Kamins,490
Clackamas,Precinct 161,Judge of the Court of Appeals,Position 9,,Jacqueline Kamins,141
Clackamas,Precinct 162,Judge of the Court of Appeals,Position 9,,Jacqueline Kamins,215
Clackamas,Precinct 201,Judge of the Court of Appeals,Position 9,,Jacqueline Kamins,1276
Clackamas,Precinct 202,Judge of the Court of Appeals,Position 9,,Jacqueline Kamins,1329
Clackamas,Precinct 203,Judge of the Court of Appeals,Position 9,,Jacqueline Kamins,881
Clackamas,Precinct 204,Judge of the Court of Appeals,Position 9,,Jacqueline Kamins,672
Clackamas,Precinct 251,Judge of the Court of Appeals,Position 9,,Jacqueline Kamins,556
Clackamas,Precinct 279,Judge of the Court of Appeals,Position 9,,Jacqueline Kamins,36
Clackamas,Precinct 280,Judge of the Court of Appeals,Position 9,,Jacqueline Kamins,114
Clackamas,Precinct 281,Judge of the Court of Appeals,Position 9,,Jacqueline Kamins,326
Clackamas,Precinct 282,Judge of the Court of Appeals,Position 9,,Jacqueline Kamins,101
Clackamas,Precinct 283,Judge of the Court of Appeals,Position 9,,Jacqueline Kamins,109
Clackamas,Precinct 284,Judge of the Court of Appeals,Position 9,,Jacqueline Kamins,112
Clackamas,Precinct 285,Judge of the Court of Appeals,Position 9,,Jacqueline Kamins,7
Clackamas,Precinct 286,Judge of the Court of Appeals,Position 9,,Jacqueline Kamins,46
Clackamas,Precinct 320,Judge of the Court of Appeals,Position 9,,Jacqueline Kamins,33
Clackamas,Precinct 321,Judge of the Court of Appeals,Position 9,,Jacqueline Kamins,712
Clackamas,Precinct 322,Judge of the Court of Appeals,Position 9,,Jacqueline Kamins,322
Clackamas,Precinct 323,Judge of the Court of Appeals,Position 9,,Jacqueline Kamins,398
Clackamas,Precinct 324,Judge of the Court of Appeals,Position 9,,Jacqueline Kamins,20
Clackamas,Precinct 330,Judge of the Court of Appeals,Position 9,,Jacqueline Kamins,833
Clackamas,Precinct 331,Judge of the Court of Appeals,Position 9,,Jacqueline Kamins,454
Clackamas,Precinct 332,Judge of the Court of Appeals,Position 9,,Jacqueline Kamins,164
Clackamas,Precinct 350,Judge of the Court of Appeals,Position 9,,Jacqueline Kamins,681
Clackamas,Precinct 355,Judge of the Court of Appeals,Position 9,,Jacqueline Kamins,0
Clackamas,Precinct 357,Judge of the Court of Appeals,Position 9,,Jacqueline Kamins,42
Clackamas,Precinct 358,Judge of the Court of Appeals,Position 9,,Jacqueline Kamins,64
Clackamas,Precinct 359,Judge of the Court of Appeals,Position 9,,Jacqueline Kamins,698
Clackamas,Precinct 360,Judge of the Court of Appeals,Position 9,,Jacqueline Kamins,274
Clackamas,Precinct 361,Judge of the Court of Appeals,Position 9,,Jacqueline Kamins,1
Clackamas,Precinct 362,Judge of the Court of Appeals,Position 9,,Jacqueline Kamins,162
Clackamas,Precinct 363,Judge of the Court of Appeals,Position 9,,Jacqueline Kamins,481
Clackamas,Precinct 364,Judge of the Court of Appeals,Position 9,,Jacqueline Kamins,68
Clackamas,Precinct 371,Judge of the Court of Appeals,Position 9,,Jacqueline Kamins,69
Clackamas,Precinct 372,Judge of the Court of Appeals,Position 9,,Jacqueline Kamins,14
Clackamas,Precinct 373,Judge of the Court of Appeals,Position 9,,Jacqueline Kamins,942
Clackamas,Precinct 374,Judge of the Court of Appeals,Position 9,,Jacqueline Kamins,0
Clackamas,Precinct 400,Judge of the Court of Appeals,Position 9,,Jacqueline Kamins,908
Clackamas,Precinct 403,Judge of the Court of Appeals,Position 9,,Jacqueline Kamins,333
Clackamas,Precinct 404,Judge of the Court of Appeals,Position 9,,Jacqueline Kamins,860
Clackamas,Precinct 405,Judge of the Court of Appeals,Position 9,,Jacqueline Kamins,524
Clackamas,Precinct 406,Judge of the Court of Appeals,Position 9,,Jacqueline Kamins,240
Clackamas,Precinct 410,Judge of the Court of Appeals,Position 9,,Jacqueline Kamins,743
Clackamas,Precinct 411,Judge of the Court of Appeals,Position 9,,Jacqueline Kamins,997
Clackamas,Precinct 412,Judge of the Court of Appeals,Position 9,,Jacqueline Kamins,473
Clackamas,Precinct 413,Judge of the Court of Appeals,Position 9,,Jacqueline Kamins,50
Clackamas,Precinct 414,Judge of the Court of Appeals,Position 9,,Jacqueline Kamins,186
Clackamas,Precinct 415,Judge of the Court of Appeals,Position 9,,Jacqueline Kamins,110
Clackamas,Precinct 416,Judge of the Court of Appeals,Position 9,,Jacqueline Kamins,588
Clackamas,Precinct 417,Judge of the Court of Appeals,Position 9,,Jacqueline Kamins,287
Clackamas,Precinct 418,Judge of the Court of Appeals,Position 9,,Jacqueline Kamins,257
Clackamas,Precinct 419,Judge of the Court of Appeals,Position 9,,Jacqueline Kamins,524
Clackamas,Precinct 420,Judge of the Court of Appeals,Position 9,,Jacqueline Kamins,414
Clackamas,Precinct 421,Judge of the Court of Appeals,Position 9,,Jacqueline Kamins,546
Clackamas,Precinct 422,Judge of the Court of Appeals,Position 9,,Jacqueline Kamins,941
Clackamas,Precinct 500,Judge of the Court of Appeals,Position 9,,Jacqueline Kamins,306
Clackamas,Precinct 501,Judge of the Court of Appeals,Position 9,,Jacqueline Kamins,1250
Clackamas,Precinct 502,Judge of the Court of Appeals,Position 9,,Jacqueline Kamins,1145
Clackamas,Precinct 503,Judge of the Court of Appeals,Position 9,,Jacqueline Kamins,1048
Clackamas,Precinct 504,Judge of the Court of Appeals,Position 9,,Jacqueline Kamins,1288
Clackamas,Precinct 506,Judge of the Court of Appeals,Position 9,,Jacqueline Kamins,724
Clackamas,Precinct 510,Judge of the Court of Appeals,Position 9,,Jacqueline Kamins,246
Clackamas,Precinct 511,Judge of the Court of Appeals,Position 9,,Jacqueline Kamins,596
Clackamas,Precinct 512,Judge of the Court of Appeals,Position 9,,Jacqueline Kamins,539
Clackamas,Precinct 513,Judge of the Court of Appeals,Position 9,,Jacqueline Kamins,37
Clackamas,Precinct 514,Judge of the Court of Appeals,Position 9,,Jacqueline Kamins,1281
Clackamas,Precinct 515,Judge of the Court of Appeals,Position 9,,Jacqueline Kamins,323
Clackamas,Precinct 516,Judge of the Court of Appeals,Position 9,,Jacqueline Kamins,602
Clackamas,Precinct 517,Judge of the Court of Appeals,Position 9,,Jacqueline Kamins,503
Clackamas,Precinct 518,Judge of the Court of Appeals,Position 9,,Jacqueline Kamins,560
Clackamas,Precinct 600,Judge of the Court of Appeals,Position 9,,Jacqueline Kamins,1170
Clackamas,Precinct 602,Judge of the Court of Appeals,Position 9,,Jacqueline Kamins,1029
Clackamas,Precinct 604,Judge of the Court of Appeals,Position 9,,Jacqueline Kamins,1820
Clackamas,Precinct 606,Judge of the Court of Appeals,Position 9,,Jacqueline Kamins,546
Clackamas,Precinct 608,Judge of the Court of Appeals,Position 9,,Jacqueline Kamins,722
Clackamas,Precinct 614,Judge of the Court of Appeals,Position 9,,Jacqueline Kamins,604
Clackamas,Precinct 616,Judge of the Court of Appeals,Position 9,,Jacqueline Kamins,857
Clackamas,Precinct 618,Judge of the Court of Appeals,Position 9,,Jacqueline Kamins,146
Clackamas,Precinct 620,Judge of the Court of Appeals,Position 9,,Jacqueline Kamins,92
Clackamas,Precinct 622,Judge of the Court of Appeals,Position 9,,Jacqueline Kamins,625
Clackamas,Precinct 626,Judge of the Court of Appeals,Position 9,,Jacqueline Kamins,1068
Clackamas,Precinct 628,Judge of the Court of Appeals,Position 9,,Jacqueline Kamins,228
Clackamas,Precinct 630,Judge of the Court of Appeals,Position 9,,Jacqueline Kamins,1401
Clackamas,Precinct 100,Judge of the Court of Appeals,Position 9,,Over Votes,0
Clackamas,Precinct 101,Judge of the Court of Appeals,Position 9,,Over Votes,0
Clackamas,Precinct 102,Judge of the Court of Appeals,Position 9,,Over Votes,0
Clackamas,Precinct 103,Judge of the Court of Appeals,Position 9,,Over Votes,0
Clackamas,Precinct 104,Judge of the Court of Appeals,Position 9,,Over Votes,0
Clackamas,Precinct 105,Judge of the Court of Appeals,Position 9,,Over Votes,0
Clackamas,Precinct 106,Judge of the Court of Appeals,Position 9,,Over Votes,0
Clackamas,Precinct 107,Judge of the Court of Appeals,Position 9,,Over Votes,0
Clackamas,Precinct 108,Judge of the Court of Appeals,Position 9,,Over Votes,0
Clackamas,Precinct 109,Judge of the Court of Appeals,Position 9,,Over Votes,0
Clackamas,Precinct 111,Judge of the Court of Appeals,Position 9,,Over Votes,0
Clackamas,Precinct 112,Judge of the Court of Appeals,Position 9,,Over Votes,0
Clackamas,Precinct 113,Judge of the Court of Appeals,Position 9,,Over Votes,0
Clackamas,Precinct 114,Judge of the Court of Appeals,Position 9,,Over Votes,0
Clackamas,Precinct 115,Judge of the Court of Appeals,Position 9,,Over Votes,0
Clackamas,Precinct 116,Judge of the Court of Appeals,Position 9,,Over Votes,0
Clackamas,Precinct 122,Judge of the Court of Appeals,Position 9,,Over Votes,0
Clackamas,Precinct 123,Judge of the Court of Appeals,Position 9,,Over Votes,0
Clackamas,Precinct 124,Judge of the Court of Appeals,Position 9,,Over Votes,0
Clackamas,Precinct 125,Judge of the Court of Appeals,Position 9,,Over Votes,0
Clackamas,Precinct 127,Judge of the Court of Appeals,Position 9,,Over Votes,0
Clackamas,Precinct 131,Judge of the Court of Appeals,Position 9,,Over Votes,0
Clackamas,Precinct 132,Judge of the Court of Appeals,Position 9,,Over Votes,0
Clackamas,Precinct 133,Judge of the Court of Appeals,Position 9,,Over Votes,0
Clackamas,Precinct 134,Judge of the Court of Appeals,Position 9,,Over Votes,0
Clackamas,Precinct 135,Judge of the Court of Appeals,Position 9,,Over Votes,0
Clackamas,Precinct 151,Judge of the Court of Appeals,Position 9,,Over Votes,0
Clackamas,Precinct 152,Judge of the Court of Appeals,Position 9,,Over Votes,0
Clackamas,Precinct 153,Judge of the Court of Appeals,Position 9,,Over Votes,0
Clackamas,Precinct 154,Judge of the Court of Appeals,Position 9,,Over Votes,0
Clackamas,Precinct 155,Judge of the Court of Appeals,Position 9,,Over Votes,0
Clackamas,Precinct 156,Judge of the Court of Appeals,Position 9,,Over Votes,0
Clackamas,Precinct 157,Judge of the Court of Appeals,Position 9,,Over Votes,0
Clackamas,Precinct 158,Judge of the Court of Appeals,Position 9,,Over Votes,0
Clackamas,Precinct 159,Judge of the Court of Appeals,Position 9,,Over Votes,0
Clackamas,Precinct 160,Judge of the Court of Appeals,Position 9,,Over Votes,0
Clackamas,Precinct 161,Judge of the Court of Appeals,Position 9,,Over Votes,0
Clackamas,Precinct 162,Judge of the Court of Appeals,Position 9,,Over Votes,0
Clackamas,Precinct 201,Judge of the Court of Appeals,Position 9,,Over Votes,0
Clackamas,Precinct 202,Judge of the Court of Appeals,Position 9,,Over Votes,0
Clackamas,Precinct 203,Judge of the Court of Appeals,Position 9,,Over Votes,0
Clackamas,Precinct 204,Judge of the Court of Appeals,Position 9,,Over Votes,0
Clackamas,Precinct 251,Judge of the Court of Appeals,Position 9,,Over Votes,0
Clackamas,Precinct 279,Judge of the Court of Appeals,Position 9,,Over Votes,0
Clackamas,Precinct 280,Judge of the Court of Appeals,Position 9,,Over Votes,0
Clackamas,Precinct 281,Judge of the Court of Appeals,Position 9,,Over Votes,0
Clackamas,Precinct 282,Judge of the Court of Appeals,Position 9,,Over Votes,0
Clackamas,Precinct 283,Judge of the Court of Appeals,Position 9,,Over Votes,0
Clackamas,Precinct 284,Judge of the Court of Appeals,Position 9,,Over Votes,0
Clackamas,Precinct 285,Judge of the Court of Appeals,Position 9,,Over Votes,0
Clackamas,Precinct 286,Judge of the Court of Appeals,Position 9,,Over Votes,0
Clackamas,Precinct 320,Judge of the Court of Appeals,Position 9,,Over Votes,0
Clackamas,Precinct 321,Judge of the Court of Appeals,Position 9,,Over Votes,0
Clackamas,Precinct 322,Judge of the Court of Appeals,Position 9,,Over Votes,0
Clackamas,Precinct 323,Judge of the Court of Appeals,Position 9,,Over Votes,0
Clackamas,Precinct 324,Judge of the Court of Appeals,Position 9,,Over Votes,0
Clackamas,Precinct 330,Judge of the Court of Appeals,Position 9,,Over Votes,0
Clackamas,Precinct 331,Judge of the Court of Appeals,Position 9,,Over Votes,0
Clackamas,Precinct 332,Judge of the Court of Appeals,Position 9,,Over Votes,0
Clackamas,Precinct 350,Judge of the Court of Appeals,Position 9,,Over Votes,0
Clackamas,Precinct 355,Judge of the Court of Appeals,Position 9,,Over Votes,0
Clackamas,Precinct 357,Judge of the Court of Appeals,Position 9,,Over Votes,0
Clackamas,Precinct 358,Judge of the Court of Appeals,Position 9,,Over Votes,0
Clackamas,Precinct 359,Judge of the Court of Appeals,Position 9,,Over Votes,0
Clackamas,Precinct 360,Judge of the Court of Appeals,Position 9,,Over Votes,0
Clackamas,Precinct 361,Judge of the Court of Appeals,Position 9,,Over Votes,0
Clackamas,Precinct 362,Judge of the Court of Appeals,Position 9,,Over Votes,0
Clackamas,Precinct 363,Judge of the Court of Appeals,Position 9,,Over Votes,0
Clackamas,Precinct 364,Judge of the Court of Appeals,Position 9,,Over Votes,0
Clackamas,Precinct 371,Judge of the Court of Appeals,Position 9,,Over Votes,0
Clackamas,Precinct 372,Judge of the Court of Appeals,Position 9,,Over Votes,0
Clackamas,Precinct 373,Judge of the Court of Appeals,Position 9,,Over Votes,0
Clackamas,Precinct 374,Judge of the Court of Appeals,Position 9,,Over Votes,0
Clackamas,Precinct 400,Judge of the Court of Appeals,Position 9,,Over Votes,0
Clackamas,Precinct 403,Judge of the Court of Appeals,Position 9,,Over Votes,0
Clackamas,Precinct 404,Judge of the Court of Appeals,Position 9,,Over Votes,0
Clackamas,Precinct 405,Judge of the Court of Appeals,Position 9,,Over Votes,0
Clackamas,Precinct 406,Judge of the Court of Appeals,Position 9,,Over Votes,0
Clackamas,Precinct 410,Judge of the Court of Appeals,Position 9,,Over Votes,0
Clackamas,Precinct 411,Judge of the Court of Appeals,Position 9,,Over Votes,0
Clackamas,Precinct 412,Judge of the Court of Appeals,Position 9,,Over Votes,0
Clackamas,Precinct 413,Judge of the Court of Appeals,Position 9,,Over Votes,0
Clackamas,Precinct 414,Judge of the Court of Appeals,Position 9,,Over Votes,0
Clackamas,Precinct 415,Judge of the Court of Appeals,Position 9,,Over Votes,0
Clackamas,Precinct 416,Judge of the Court of Appeals,Position 9,,Over Votes,0
Clackamas,Precinct 417,Judge of the Court of Appeals,Position 9,,Over Votes,0
Clackamas,Precinct 418,Judge of the Court of Appeals,Position 9,,Over Votes,0
Clackamas,Precinct 419,Judge of the Court of Appeals,Position 9,,Over Votes,0
Clackamas,Precinct 420,Judge of the Court of Appeals,Position 9,,Over Votes,0
Clackamas,Precinct 421,Judge of the Court of Appeals,Position 9,,Over Votes,0
Clackamas,Precinct 422,Judge of the Court of Appeals,Position 9,,Over Votes,0
Clackamas,Precinct 500,Judge of the Court of Appeals,Position 9,,Over Votes,0
Clackamas,Precinct 501,Judge of the Court of Appeals,Position 9,,Over Votes,0
Clackamas,Precinct 502,Judge of the Court of Appeals,Position 9,,Over Votes,0
Clackamas,Precinct 503,Judge of the Court of Appeals,Position 9,,Over Votes,0
Clackamas,Precinct 504,Judge of the Court of Appeals,Position 9,,Over Votes,0
Clackamas,Precinct 506,Judge of the Court of Appeals,Position 9,,Over Votes,0
Clackamas,Precinct 510,Judge of the Court of Appeals,Position 9,,Over Votes,0
Clackamas,Precinct 511,Judge of the Court of Appeals,Position 9,,Over Votes,0
Clackamas,Precinct 512,Judge of the Court of Appeals,Position 9,,Over Votes,0
Clackamas,Precinct 513,Judge of the Court of Appeals,Position 9,,Over Votes,0
Clackamas,Precinct 514,Judge of the Court of Appeals,Position 9,,Over Votes,0
Clackamas,Precinct 515,Judge of the Court of Appeals,Position 9,,Over Votes,0
Clackamas,Precinct 516,Judge of the Court of Appeals,Position 9,,Over Votes,0
Clackamas,Precinct 517,Judge of the Court of Appeals,Position 9,,Over Votes,0
Clackamas,Precinct 518,Judge of the Court of Appeals,Position 9,,Over Votes,0
Clackamas,Precinct 600,Judge of the Court of Appeals,Position 9,,Over Votes,0
Clackamas,Precinct 602,Judge of the Court of Appeals,Position 9,,Over Votes,0
Clackamas,Precinct 604,Judge of the Court of Appeals,Position 9,,Over Votes,0
Clackamas,Precinct 606,Judge of the Court of Appeals,Position 9,,Over Votes,0
Clackamas,Precinct 608,Judge of the Court of Appeals,Position 9,,Over Votes,0
Clackamas,Precinct 614,Judge of the Court of Appeals,Position 9,,Over Votes,0
Clackamas,Precinct 616,Judge of the Court of Appeals,Position 9,,Over Votes,0
Clackamas,Precinct 618,Judge of the Court of Appeals,Position 9,,Over Votes,0
Clackamas,Precinct 620,Judge of the Court of Appeals,Position 9,,Over Votes,0
Clackamas,Precinct 622,Judge of the Court of Appeals,Position 9,,Over Votes,0
Clackamas,Precinct 626,Judge of the Court of Appeals,Position 9,,Over Votes,0
Clackamas,Precinct 628,Judge of the Court of Appeals,Position 9,,Over Votes,0
Clackamas,Precinct 630,Judge of the Court of Appeals,Position 9,,Over Votes,0
Clackamas,Precinct 100,Judge of the Court of Appeals,Position 9,,Under Votes,27
Clackamas,Precinct 101,Judge of the Court of Appeals,Position 9,,Under Votes,1391
Clackamas,Precinct 102,Judge of the Court of Appeals,Position 9,,Under Votes,390
Clackamas,Precinct 103,Judge of the Court of Appeals,Position 9,,Under Votes,815
Clackamas,Precinct 104,Judge of the Court of Appeals,Position 9,,Under Votes,4
Clackamas,Precinct 105,Judge of the Court of Appeals,Position 9,,Under Votes,1191
Clackamas,Precinct 106,Judge of the Court of Appeals,Position 9,,Under Votes,923
Clackamas,Precinct 107,Judge of the Court of Appeals,Position 9,,Under Votes,611
Clackamas,Precinct 108,Judge of the Court of Appeals,Position 9,,Under Votes,1330
Clackamas,Precinct 109,Judge of the Court of Appeals,Position 9,,Under Votes,0
Clackamas,Precinct 111,Judge of the Court of Appeals,Position 9,,Under Votes,1494
Clackamas,Precinct 112,Judge of the Court of Appeals,Position 9,,Under Votes,0
Clackamas,Precinct 113,Judge of the Court of Appeals,Position 9,,Under Votes,24
Clackamas,Precinct 114,Judge of the Court of Appeals,Position 9,,Under Votes,47
Clackamas,Precinct 115,Judge of the Court of Appeals,Position 9,,Under Votes,90
Clackamas,Precinct 116,Judge of the Court of Appeals,Position 9,,Under Votes,1
Clackamas,Precinct 122,Judge of the Court of Appeals,Position 9,,Under Votes,1289
Clackamas,Precinct 123,Judge of the Court of Appeals,Position 9,,Under Votes,813
Clackamas,Precinct 124,Judge of the Court of Appeals,Position 9,,Under Votes,1504
Clackamas,Precinct 125,Judge of the Court of Appeals,Position 9,,Under Votes,572
Clackamas,Precinct 127,Judge of the Court of Appeals,Position 9,,Under Votes,32
Clackamas,Precinct 131,Judge of the Court of Appeals,Position 9,,Under Votes,1578
Clackamas,Precinct 132,Judge of the Court of Appeals,Position 9,,Under Votes,1166
Clackamas,Precinct 133,Judge of the Court of Appeals,Position 9,,Under Votes,505
Clackamas,Precinct 134,Judge of the Court of Appeals,Position 9,,Under Votes,3
Clackamas,Precinct 135,Judge of the Court of Appeals,Position 9,,Under Votes,1389
Clackamas,Precinct 151,Judge of the Court of Appeals,Position 9,,Under Votes,743
Clackamas,Precinct 152,Judge of the Court of Appeals,Position 9,,Under Votes,1574
Clackamas,Precinct 153,Judge of the Court of Appeals,Position 9,,Under Votes,106
Clackamas,Precinct 154,Judge of the Court of Appeals,Position 9,,Under Votes,16
Clackamas,Precinct 155,Judge of the Court of Appeals,Position 9,,Under Votes,695
Clackamas,Precinct 156,Judge of the Court of Appeals,Position 9,,Under Votes,1328
Clackamas,Precinct 157,Judge of the Court of Appeals,Position 9,,Under Votes,26
Clackamas,Precinct 158,Judge of the Court of Appeals,Position 9,,Under Votes,976
Clackamas,Precinct 159,Judge of the Court of Appeals,Position 9,,Under Votes,758
Clackamas,Precinct 160,Judge of the Court of Appeals,Position 9,,Under Votes,421
Clackamas,Precinct 161,Judge of the Court of Appeals,Position 9,,Under Votes,151
Clackamas,Precinct 162,Judge of the Court of Appeals,Position 9,,Under Votes,167
Clackamas,Precinct 201,Judge of the Court of Appeals,Position 9,,Under Votes,1137
Clackamas,Precinct 202,Judge of the Court of Appeals,Position 9,,Under Votes,1326
Clackamas,Precinct 203,Judge of the Court of Appeals,Position 9,,Under Votes,776
Clackamas,Precinct 204,Judge of the Court of Appeals,Position 9,,Under Votes,699
Clackamas,Precinct 251,Judge of the Court of Appeals,Position 9,,Under Votes,522
Clackamas,Precinct 279,Judge of the Court of Appeals,Position 9,,Under Votes,25
Clackamas,Precinct 280,Judge of the Court of Appeals,Position 9,,Under Votes,91
Clackamas,Precinct 281,Judge of the Court of Appeals,Position 9,,Under Votes,298
Clackamas,Precinct 282,Judge of the Court of Appeals,Position 9,,Under Votes,82
Clackamas,Precinct 283,Judge of the Court of Appeals,Position 9,,Under Votes,139
Clackamas,Precinct 284,Judge of the Court of Appeals,Position 9,,Under Votes,104
Clackamas,Precinct 285,Judge of the Court of Appeals,Position 9,,Under Votes,6
Clackamas,Precinct 286,Judge of the Court of Appeals,Position 9,,Under Votes,40
Clackamas,Precinct 320,Judge of the Court of Appeals,Position 9,,Under Votes,32
Clackamas,Precinct 321,Judge of the Court of Appeals,Position 9,,Under Votes,889
Clackamas,Precinct 322,Judge of the Court of Appeals,Position 9,,Under Votes,413
Clackamas,Precinct 323,Judge of the Court of Appeals,Position 9,,Under Votes,507
Clackamas,Precinct 324,Judge of the Court of Appeals,Position 9,,Under Votes,20
Clackamas,Precinct 330,Judge of the Court of Appeals,Position 9,,Under Votes,1605
Clackamas,Precinct 331,Judge of the Court of Appeals,Position 9,,Under Votes,849
Clackamas,Precinct 332,Judge of the Court of Appeals,Position 9,,Under Votes,236
Clackamas,Precinct 350,Judge of the Court of Appeals,Position 9,,Under Votes,1321
Clackamas,Precinct 355,Judge of the Court of Appeals,Position 9,,Under Votes,0
Clackamas,Precinct 357,Judge of the Court of Appeals,Position 9,,Under Votes,75
Clackamas,Precinct 358,Judge of the Court of Appeals,Position 9,,Under Votes,163
Clackamas,Precinct 359,Judge of the Court of Appeals,Position 9,,Under Votes,1092
Clackamas,Precinct 360,Judge of the Court of Appeals,Position 9,,Under Votes,442
Clackamas,Precinct 361,Judge of the Court of Appeals,Position 9,,Under Votes,3
Clackamas,Precinct 362,Judge of the Court of Appeals,Position 9,,Under Votes,326
Clackamas,Precinct 363,Judge of the Court of Appeals,Position 9,,Under Votes,863
Clackamas,Precinct 364,Judge of the Court of Appeals,Position 9,,Under Votes,105
Clackamas,Precinct 371,Judge of the Court of Appeals,Position 9,,Under Votes,101
Clackamas,Precinct 372,Judge of the Court of Appeals,Position 9,,Under Votes,12
Clackamas,Precinct 373,Judge of the Court of Appeals,Position 9,,Under Votes,1346
Clackamas,Precinct 374,Judge of the Court of Appeals,Position 9,,Under Votes,0
Clackamas,Precinct 400,Judge of the Court of Appeals,Position 9,,Under Votes,1730
Clackamas,Precinct 403,Judge of the Court of Appeals,Position 9,,Under Votes,469
Clackamas,Precinct 404,Judge of the Court of Appeals,Position 9,,Under Votes,1566
Clackamas,Precinct 405,Judge of the Court of Appeals,Position 9,,Under Votes,860
Clackamas,Precinct 406,Judge of the Court of Appeals,Position 9,,Under Votes,381
Clackamas,Precinct 410,Judge of the Court of Appeals,Position 9,,Under Votes,805
Clackamas,Precinct 411,Judge of the Court of Appeals,Position 9,,Under Votes,1073
Clackamas,Precinct 412,Judge of the Court of Appeals,Position 9,,Under Votes,666
Clackamas,Precinct 413,Judge of the Court of Appeals,Position 9,,Under Votes,39
Clackamas,Precinct 414,Judge of the Court of Appeals,Position 9,,Under Votes,226
Clackamas,Precinct 415,Judge of the Court of Appeals,Position 9,,Under Votes,177
Clackamas,Precinct 416,Judge of the Court of Appeals,Position 9,,Under Votes,697
Clackamas,Precinct 417,Judge of the Court of Appeals,Position 9,,Under Votes,377
Clackamas,Precinct 418,Judge of the Court of Appeals,Position 9,,Under Votes,408
Clackamas,Precinct 419,Judge of the Court of Appeals,Position 9,,Under Votes,532
Clackamas,Precinct 420,Judge of the Court of Appeals,Position 9,,Under Votes,526
Clackamas,Precinct 421,Judge of the Court of Appeals,Position 9,,Under Votes,508
Clackamas,Precinct 422,Judge of the Court of Appeals,Position 9,,Under Votes,959
Clackamas,Precinct 500,Judge of the Court of Appeals,Position 9,,Under Votes,351
Clackamas,Precinct 501,Judge of the Court of Appeals,Position 9,,Under Votes,1124
Clackamas,Precinct 502,Judge of the Court of Appeals,Position 9,,Under Votes,1263
Clackamas,Precinct 503,Judge of the Court of Appeals,Position 9,,Under Votes,1141
Clackamas,Precinct 504,Judge of the Court of Appeals,Position 9,,Under Votes,1380
Clackamas,Precinct 506,Judge of the Court of Appeals,Position 9,,Under Votes,850
Clackamas,Precinct 510,Judge of the Court of Appeals,Position 9,,Under Votes,360
Clackamas,Precinct 511,Judge of the Court of Appeals,Position 9,,Under Votes,863
Clackamas,Precinct 512,Judge of the Court of Appeals,Position 9,,Under Votes,672
Clackamas,Precinct 513,Judge of the Court of Appeals,Position 9,,Under Votes,47
Clackamas,Precinct 514,Judge of the Court of Appeals,Position 9,,Under Votes,2103
Clackamas,Precinct 515,Judge of the Court of Appeals,Position 9,,Under Votes,652
Clackamas,Precinct 516,Judge of the Court of Appeals,Position 9,,Under Votes,884
Clackamas,Precinct 517,Judge of the Court of Appeals,Position 9,,Under Votes,791
Clackamas,Precinct 518,Judge of the Court of Appeals,Position 9,,Under Votes,880
Clackamas,Precinct 600,Judge of the Court of Appeals,Position 9,,Under Votes,1306
Clackamas,Precinct 602,Judge of the Court of Appeals,Position 9,,Under Votes,1284
Clackamas,Precinct 604,Judge of the Court of Appeals,Position 9,,Under Votes,2114
Clackamas,Precinct 606,Judge of the Court of Appeals,Position 9,,Under Votes,551
Clackamas,Precinct 608,Judge of the Court of Appeals,Position 9,,Under Votes,771
Clackamas,Precinct 614,Judge of the Court of Appeals,Position 9,,Under Votes,643
Clackamas,Precinct 616,Judge of the Court of Appeals,Position 9,,Under Votes,1136
Clackamas,Precinct 618,Judge of the Court of Appeals,Position 9,,Under Votes,164
Clackamas,Precinct 620,Judge of the Court of Appeals,Position 9,,Under Votes,58
Clackamas,Precinct 622,Judge of the Court of Appeals,Position 9,,Under Votes,634
Clackamas,Precinct 626,Judge of the Court of Appeals,Position 9,,Under Votes,1166
Clackamas,Precinct 628,Judge of the Court of Appeals,Position 9,,Under Votes,278
Clackamas,Precinct 630,Judge of the Court of Appeals,Position 9,,Under Votes,1640
Clackamas,Precinct 100,Judge of the Court of Appeals,Position 9,,Write-ins,0
Clackamas,Precinct 101,Judge of the Court of Appeals,Position 9,,Write-ins,30
Clackamas,Precinct 102,Judge of the Court of Appeals,Position 9,,Write-ins,3
Clackamas,Precinct 103,Judge of the Court of Appeals,Position 9,,Write-ins,6
Clackamas,Precinct 104,Judge of the Court of Appeals,Position 9,,Write-ins,0
Clackamas,Precinct 105,Judge of the Court of Appeals,Position 9,,Write-ins,17
Clackamas,Precinct 106,Judge of the Court of Appeals,Position 9,,Write-ins,21
Clackamas,Precinct 107,Judge of the Court of Appeals,Position 9,,Write-ins,14
Clackamas,Precinct 108,Judge of the Court of Appeals,Position 9,,Write-ins,44
Clackamas,Precinct 109,Judge of the Court of Appeals,Position 9,,Write-ins,0
Clackamas,Precinct 111,Judge of the Court of Appeals,Position 9,,Write-ins,52
Clackamas,Precinct 112,Judge of the Court of Appeals,Position 9,,Write-ins,0
Clackamas,Precinct 113,Judge of the Court of Appeals,Position 9,,Write-ins,0
Clackamas,Precinct 114,Judge of the Court of Appeals,Position 9,,Write-ins,0
Clackamas,Precinct 115,Judge of the Court of Appeals,Position 9,,Write-ins,1
Clackamas,Precinct 116,Judge of the Court of Appeals,Position 9,,Write-ins,0
Clackamas,Precinct 122,Judge of the Court of Appeals,Position 9,,Write-ins,33
Clackamas,Precinct 123,Judge of the Court of Appeals,Position 9,,Write-ins,18
Clackamas,Precinct 124,Judge of the Court of Appeals,Position 9,,Write-ins,30
Clackamas,Precinct 125,Judge of the Court of Appeals,Position 9,,Write-ins,11
Clackamas,Precinct 127,Judge of the Court of Appeals,Position 9,,Write-ins,0
Clackamas,Precinct 131,Judge of the Court of Appeals,Position 9,,Write-ins,24
Clackamas,Precinct 132,Judge of the Court of Appeals,Position 9,,Write-ins,20
Clackamas,Precinct 133,Judge of the Court of Appeals,Position 9,,Write-ins,2
Clackamas,Precinct 134,Judge of the Court of Appeals,Position 9,,Write-ins,0
Clackamas,Precinct 135,Judge of the Court of Appeals,Position 9,,Write-ins,19
Clackamas,Precinct 151,Judge of the Court of Appeals,Position 9,,Write-ins,6
Clackamas,Precinct 152,Judge of the Court of Appeals,Position 9,,Write-ins,13
Clackamas,Precinct 153,Judge of the Court of Appeals,Position 9,,Write-ins,1
Clackamas,Precinct 154,Judge of the Court of Appeals,Position 9,,Write-ins,0
Clackamas,Precinct 155,Judge of the Court of Appeals,Position 9,,Write-ins,5
Clackamas,Precinct 156,Judge of the Court of Appeals,Position 9,,Write-ins,5
Clackamas,Precinct 157,Judge of the Court of Appeals,Position 9,,Write-ins,0
Clackamas,Precinct 158,Judge of the Court of Appeals,Position 9,,Write-ins,4
Clackamas,Precinct 159,Judge of the Court of Appeals,Position 9,,Write-ins,6
Clackamas,Precinct 160,Judge of the Court of Appeals,Position 9,,Write-ins,4
Clackamas,Precinct 161,Judge of the Court of Appeals,Position 9,,Write-ins,1
Clackamas,Precinct 162,Judge of the Court of Appeals,Position 9,,Write-ins,0
Clackamas,Precinct 201,Judge of the Court of Appeals,Position 9,,Write-ins,13
Clackamas,Precinct 202,Judge of the Court of Appeals,Position 9,,Write-ins,18
Clackamas,Precinct 203,Judge of the Court of Appeals,Position 9,,Write-ins,5
Clackamas,Precinct 204,Judge of the Court of Appeals,Position 9,,Write-ins,6
Clackamas,Precinct 251,Judge of the Court of Appeals,Position 9,,Write-ins,3
Clackamas,Precinct 279,Judge of the Court of Appeals,Position 9,,Write-ins,0
Clackamas,Precinct 280,Judge of the Court of Appeals,Position 9,,Write-ins,4
Clackamas,Precinct 281,Judge of the Court of Appeals,Position 9,,Write-ins,6
Clackamas,Precinct 282,Judge of the Court of Appeals,Position 9,,Write-ins,1
Clackamas,Precinct 283,Judge of the Court of Appeals,Position 9,,Write-ins,0
Clackamas,Precinct 284,Judge of the Court of Appeals,Position 9,,Write-ins,1
Clackamas,Precinct 285,Judge of the Court of Appeals,Position 9,,Write-ins,0
Clackamas,Precinct 286,Judge of the Court of Appeals,Position 9,,Write-ins,0
Clackamas,Precinct 320,Judge of the Court of Appeals,Position 9,,Write-ins,0
Clackamas,Precinct 321,Judge of the Court of Appeals,Position 9,,Write-ins,9
Clackamas,Precinct 322,Judge of the Court of Appeals,Position 9,,Write-ins,6
Clackamas,Precinct 323,Judge of the Court of Appeals,Position 9,,Write-ins,15
Clackamas,Precinct 324,Judge of the Court of Appeals,Position 9,,Write-ins,0
Clackamas,Precinct 330,Judge of the Court of Appeals,Position 9,,Write-ins,57
Clackamas,Precinct 331,Judge of the Court of Appeals,Position 9,,Write-ins,20
Clackamas,Precinct 332,Judge of the Court of Appeals,Position 9,,Write-ins,9
Clackamas,Precinct 350,Judge of the Court of Appeals,Position 9,,Write-ins,52
Clackamas,Precinct 355,Judge of the Court of Appeals,Position 9,,Write-ins,0
Clackamas,Precinct 357,Judge of the Court of Appeals,Position 9,,Write-ins,3
Clackamas,Precinct 358,Judge of the Court of Appeals,Position 9,,Write-ins,5
Clackamas,Precinct 359,Judge of the Court of Appeals,Position 9,,Write-ins,19
Clackamas,Precinct 360,Judge of the Court of Appeals,Position 9,,Write-ins,8
Clackamas,Precinct 361,Judge of the Court of Appeals,Position 9,,Write-ins,0
Clackamas,Precinct 362,Judge of the Court of Appeals,Position 9,,Write-ins,8
Clackamas,Precinct 363,Judge of the Court of Appeals,Position 9,,Write-ins,24
Clackamas,Precinct 364,Judge of the Court of Appeals,Position 9,,Write-ins,1
Clackamas,Precinct 371,Judge of the Court of Appeals,Position 9,,Write-ins,2
Clackamas,Precinct 372,Judge of the Court of Appeals,Position 9,,Write-ins,0
Clackamas,Precinct 373,Judge of the Court of Appeals,Position 9,,Write-ins,35
Clackamas,Precinct 374,Judge of the Court of Appeals,Position 9,,Write-ins,0
Clackamas,Precinct 400,Judge of the Court of Appeals,Position 9,,Write-ins,26
Clackamas,Precinct 403,Judge of the Court of Appeals,Position 9,,Write-ins,9
Clackamas,Precinct 404,Judge of the Court of Appeals,Position 9,,Write-ins,20
Clackamas,Precinct 405,Judge of the Court of Appeals,Position 9,,Write-ins,19
Clackamas,Precinct 406,Judge of the Court of Appeals,Position 9,,Write-ins,9
Clackamas,Precinct 410,Judge of the Court of Appeals,Position 9,,Write-ins,19
Clackamas,Precinct 411,Judge of the Court of Appeals,Position 9,,Write-ins,12
Clackamas,Precinct 412,Judge of the Court of Appeals,Position 9,,Write-ins,12
Clackamas,Precinct 413,Judge of the Court of Appeals,Position 9,,Write-ins,0
Clackamas,Precinct 414,Judge of the Court of Appeals,Position 9,,Write-ins,2
Clackamas,Precinct 415,Judge of the Court of Appeals,Position 9,,Write-ins,0
Clackamas,Precinct 416,Judge of the Court of Appeals,Position 9,,Write-ins,15
Clackamas,Precinct 417,Judge of the Court of Appeals,Position 9,,Write-ins,6
Clackamas,Precinct 418,Judge of the Court of Appeals,Position 9,,Write-ins,13
Clackamas,Precinct 419,Judge of the Court of Appeals,Position 9,,Write-ins,3
Clackamas,Precinct 420,Judge of the Court of Appeals,Position 9,,Write-ins,12
Clackamas,Precinct 421,Judge of the Court of Appeals,Position 9,,Write-ins,7
Clackamas,Precinct 422,Judge of the Court of Appeals,Position 9,,Write-ins,22
Clackamas,Precinct 500,Judge of the Court of Appeals,Position 9,,Write-ins,2
Clackamas,Precinct 501,Judge of the Court of Appeals,Position 9,,Write-ins,16
Clackamas,Precinct 502,Judge of the Court of Appeals,Position 9,,Write-ins,18
Clackamas,Precinct 503,Judge of the Court of Appeals,Position 9,,Write-ins,18
Clackamas,Precinct 504,Judge of the Court of Appeals,Position 9,,Write-ins,24
Clackamas,Precinct 506,Judge of the Court of Appeals,Position 9,,Write-ins,6
Clackamas,Precinct 510,Judge of the Court of Appeals,Position 9,,Write-ins,7
Clackamas,Precinct 511,Judge of the Court of Appeals,Position 9,,Write-ins,23
Clackamas,Precinct 512,Judge of the Court of Appeals,Position 9,,Write-ins,13
Clackamas,Precinct 513,Judge of the Court of Appeals,Position 9,,Write-ins,0
Clackamas,Precinct 514,Judge of the Court of Appeals,Position 9,,Write-ins,45
Clackamas,Precinct 515,Judge of the Court of Appeals,Position 9,,Write-ins,23
Clackamas,Precinct 516,Judge of the Court of Appeals,Position 9,,Write-ins,22
Clackamas,Precinct 517,Judge of the Court of Appeals,Position 9,,Write-ins,26
Clackamas,Precinct 518,Judge of the Court of Appeals,Position 9,,Write-ins,38
Clackamas,Precinct 600,Judge of the Court of Appeals,Position 9,,Write-ins,28
Clackamas,Precinct 602,Judge of the Court of Appeals,Position 9,,Write-ins,33
Clackamas,Precinct 604,Judge of the Court of Appeals,Position 9,,Write-ins,53
Clackamas,Precinct 606,Judge of the Court of Appeals,Position 9,,Write-ins,13
Clackamas,Precinct 608,Judge of the Court of Appeals,Position 9,,Write-ins,14
Clackamas,Precinct 614,Judge of the Court of Appeals,Position 9,,Write-ins,10
Clackamas,Precinct 616,Judge of the Court of Appeals,Position 9,,Write-ins,18
Clackamas,Precinct 618,Judge of the Court of Appeals,Position 9,,Write-ins,0
Clackamas,Precinct 620,Judge of the Court of Appeals,Position 9,,Write-ins,1
Clackamas,Precinct 622,Judge of the Court of Appeals,Position 9,,Write-ins,9
Clackamas,Precinct 626,Judge of the Court of Appeals,Position 9,,Write-ins,16
Clackamas,Precinct 628,Judge of the Court of Appeals,Position 9,,Write-ins,3
Clackamas,Precinct 630,Judge of the Court of Appeals,Position 9,,Write-ins,29
Clackamas,Precinct 100,Judge of the Supreme Court,Position 4,,Christopher L. Garrett,17
Clackamas,Precinct 101,Judge of the Supreme Court,Position 4,,Christopher L. Garrett,1353
Clackamas,Precinct 102,Judge of the Supreme Court,Position 4,,Christopher L. Garrett,296
Clackamas,Precinct 103,Judge of the Supreme Court,Position 4,,Christopher L. Garrett,694
Clackamas,Precinct 104,Judge of the Supreme Court,Position 4,,Christopher L. Garrett,4
Clackamas,Precinct 105,Judge of the Supreme Court,Position 4,,Christopher L. Garrett,1017
Clackamas,Precinct 106,Judge of the Supreme Court,Position 4,,Christopher L. Garrett,784
Clackamas,Precinct 107,Judge of the Supreme Court,Position 4,,Christopher L. Garrett,485
Clackamas,Precinct 108,Judge of the Supreme Court,Position 4,,Christopher L. Garrett,1057
Clackamas,Precinct 109,Judge of the Supreme Court,Position 4,,Christopher L. Garrett,0
Clackamas,Precinct 111,Judge of the Supreme Court,Position 4,,Christopher L. Garrett,1181
Clackamas,Precinct 112,Judge of the Supreme Court,Position 4,,Christopher L. Garrett,0
Clackamas,Precinct 113,Judge of the Supreme Court,Position 4,,Christopher L. Garrett,9
Clackamas,Precinct 114,Judge of the Supreme Court,Position 4,,Christopher L. Garrett,38
Clackamas,Precinct 115,Judge of the Supreme Court,Position 4,,Christopher L. Garrett,65
Clackamas,Precinct 116,Judge of the Supreme Court,Position 4,,Christopher L. Garrett,0
Clackamas,Precinct 122,Judge of the Supreme Court,Position 4,,Christopher L. Garrett,1153
Clackamas,Precinct 123,Judge of the Supreme Court,Position 4,,Christopher L. Garrett,663
Clackamas,Precinct 124,Judge of the Supreme Court,Position 4,,Christopher L. Garrett,1199
Clackamas,Precinct 125,Judge of the Supreme Court,Position 4,,Christopher L. Garrett,456
Clackamas,Precinct 127,Judge of the Supreme Court,Position 4,,Christopher L. Garrett,29
Clackamas,Precinct 131,Judge of the Supreme Court,Position 4,,Christopher L. Garrett,1662
Clackamas,Precinct 132,Judge of the Supreme Court,Position 4,,Christopher L. Garrett,1289
Clackamas,Precinct 133,Judge of the Supreme Court,Position 4,,Christopher L. Garrett,532
Clackamas,Precinct 134,Judge of the Supreme Court,Position 4,,Christopher L. Garrett,1
Clackamas,Precinct 135,Judge of the Supreme Court,Position 4,,Christopher L. Garrett,1523
Clackamas,Precinct 151,Judge of the Supreme Court,Position 4,,Christopher L. Garrett,801
Clackamas,Precinct 152,Judge of the Supreme Court,Position 4,,Christopher L. Garrett,1607
Clackamas,Precinct 153,Judge of the Supreme Court,Position 4,,Christopher L. Garrett,149
Clackamas,Precinct 154,Judge of the Supreme Court,Position 4,,Christopher L. Garrett,29
Clackamas,Precinct 155,Judge of the Supreme Court,Position 4,,Christopher L. Garrett,761
Clackamas,Precinct 156,Judge of the Supreme Court,Position 4,,Christopher L. Garrett,1497
Clackamas,Precinct 157,Judge of the Supreme Court,Position 4,,Christopher L. Garrett,24
Clackamas,Precinct 158,Judge of the Supreme Court,Position 4,,Christopher L. Garrett,1183
Clackamas,Precinct 159,Judge of the Supreme Court,Position 4,,Christopher L. Garrett,799
Clackamas,Precinct 160,Judge of the Supreme Court,Position 4,,Christopher L. Garrett,499
Clackamas,Precinct 161,Judge of the Supreme Court,Position 4,,Christopher L. Garrett,142
Clackamas,Precinct 162,Judge of the Supreme Court,Position 4,,Christopher L. Garrett,218
Clackamas,Precinct 201,Judge of the Supreme Court,Position 4,,Christopher L. Garrett,1305
Clackamas,Precinct 202,Judge of the Supreme Court,Position 4,,Christopher L. Garrett,1359
Clackamas,Precinct 203,Judge of the Supreme Court,Position 4,,Christopher L. Garrett,902
Clackamas,Precinct 204,Judge of the Supreme Court,Position 4,,Christopher L. Garrett,678
Clackamas,Precinct 251,Judge of the Supreme Court,Position 4,,Christopher L. Garrett,567
Clackamas,Precinct 279,Judge of the Supreme Court,Position 4,,Christopher L. Garrett,36
Clackamas,Precinct 280,Judge of the Supreme Court,Position 4,,Christopher L. Garrett,115
Clackamas,Precinct 281,Judge of the Supreme Court,Position 4,,Christopher L. Garrett,336
Clackamas,Precinct 282,Judge of the Supreme Court,Position 4,,Christopher L. Garrett,98
Clackamas,Precinct 283,Judge of the Supreme Court,Position 4,,Christopher L. Garrett,109
Clackamas,Precinct 284,Judge of the Supreme Court,Position 4,,Christopher L. Garrett,115
Clackamas,Precinct 285,Judge of the Supreme Court,Position 4,,Christopher L. Garrett,7
Clackamas,Precinct 286,Judge of the Supreme Court,Position 4,,Christopher L. Garrett,48
Clackamas,Precinct 320,Judge of the Supreme Court,Position 4,,Christopher L. Garrett,34
Clackamas,Precinct 321,Judge of the Supreme Court,Position 4,,Christopher L. Garrett,733
Clackamas,Precinct 322,Judge of the Supreme Court,Position 4,,Christopher L. Garrett,322
Clackamas,Precinct 323,Judge of the Supreme Court,Position 4,,Christopher L. Garrett,419
Clackamas,Precinct 324,Judge of the Supreme Court,Position 4,,Christopher L. Garrett,19
Clackamas,Precinct 330,Judge of the Supreme Court,Position 4,,Christopher L. Garrett,845
Clackamas,Precinct 331,Judge of the Supreme Court,Position 4,,Christopher L. Garrett,460
Clackamas,Precinct 332,Judge of the Supreme Court,Position 4,,Christopher L. Garrett,166
Clackamas,Precinct 350,Judge of the Supreme Court,Position 4,,Christopher L. Garrett,700
Clackamas,Precinct 355,Judge of the Supreme Court,Position 4,,Christopher L. Garrett,0
Clackamas,Precinct 357,Judge of the Supreme Court,Position 4,,Christopher L. Garrett,44
Clackamas,Precinct 358,Judge of the Supreme Court,Position 4,,Christopher L. Garrett,69
Clackamas,Precinct 359,Judge of the Supreme Court,Position 4,,Christopher L. Garrett,721
Clackamas,Precinct 360,Judge of the Supreme Court,Position 4,,Christopher L. Garrett,282
Clackamas,Precinct 361,Judge of the Supreme Court,Position 4,,Christopher L. Garrett,1
Clackamas,Precinct 362,Judge of the Supreme Court,Position 4,,Christopher L. Garrett,164
Clackamas,Precinct 363,Judge of the Supreme Court,Position 4,,Christopher L. Garrett,502
Clackamas,Precinct 364,Judge of the Supreme Court,Position 4,,Christopher L. Garrett,67
Clackamas,Precinct 371,Judge of the Supreme Court,Position 4,,Christopher L. Garrett,69
Clackamas,Precinct 372,Judge of the Supreme Court,Position 4,,Christopher L. Garrett,14
Clackamas,Precinct 373,Judge of the Supreme Court,Position 4,,Christopher L. Garrett,956
Clackamas,Precinct 374,Judge of the Supreme Court,Position 4,,Christopher L. Garrett,0
Clackamas,Precinct 400,Judge of the Supreme Court,Position 4,,Christopher L. Garrett,958
Clackamas,Precinct 403,Judge of the Supreme Court,Position 4,,Christopher L. Garrett,335
Clackamas,Precinct 404,Judge of the Supreme Court,Position 4,,Christopher L. Garrett,887
Clackamas,Precinct 405,Judge of the Supreme Court,Position 4,,Christopher L. Garrett,549
Clackamas,Precinct 406,Judge of the Supreme Court,Position 4,,Christopher L. Garrett,250
Clackamas,Precinct 410,Judge of the Supreme Court,Position 4,,Christopher L. Garrett,759
Clackamas,Precinct 411,Judge of the Supreme Court,Position 4,,Christopher L. Garrett,1007
Clackamas,Precinct 412,Judge of the Supreme Court,Position 4,,Christopher L. Garrett,486
Clackamas,Precinct 413,Judge of the Supreme Court,Position 4,,Christopher L. Garrett,52
Clackamas,Precinct 414,Judge of the Supreme Court,Position 4,,Christopher L. Garrett,187
Clackamas,Precinct 415,Judge of the Supreme Court,Position 4,,Christopher L. Garrett,111
Clackamas,Precinct 416,Judge of the Supreme Court,Position 4,,Christopher L. Garrett,604
Clackamas,Precinct 417,Judge of the Supreme Court,Position 4,,Christopher L. Garrett,292
Clackamas,Precinct 418,Judge of the Supreme Court,Position 4,,Christopher L. Garrett,278
Clackamas,Precinct 419,Judge of the Supreme Court,Position 4,,Christopher L. Garrett,525
Clackamas,Precinct 420,Judge of the Supreme Court,Position 4,,Christopher L. Garrett,419
Clackamas,Precinct 421,Judge of the Supreme Court,Position 4,,Christopher L. Garrett,561
Clackamas,Precinct 422,Judge of the Supreme Court,Position 4,,Christopher L. Garrett,959
Clackamas,Precinct 500,Judge of the Supreme Court,Position 4,,Christopher L. Garrett,307
Clackamas,Precinct 501,Judge of the Supreme Court,Position 4,,Christopher L. Garrett,1288
Clackamas,Precinct 502,Judge of the Supreme Court,Position 4,,Christopher L. Garrett,1157
Clackamas,Precinct 503,Judge of the Supreme Court,Position 4,,Christopher L. Garrett,1067
Clackamas,Precinct 504,Judge of the Supreme Court,Position 4,,Christopher L. Garrett,1311
Clackamas,Precinct 506,Judge of the Supreme Court,Position 4,,Christopher L. Garrett,743
Clackamas,Precinct 510,Judge of the Supreme Court,Position 4,,Christopher L. Garrett,251
Clackamas,Precinct 511,Judge of the Supreme Court,Position 4,,Christopher L. Garrett,602
Clackamas,Precinct 512,Judge of the Supreme Court,Position 4,,Christopher L. Garrett,564
Clackamas,Precinct 513,Judge of the Supreme Court,Position 4,,Christopher L. Garrett,36
Clackamas,Precinct 514,Judge of the Supreme Court,Position 4,,Christopher L. Garrett,1333
Clackamas,Precinct 515,Judge of the Supreme Court,Position 4,,Christopher L. Garrett,351
Clackamas,Precinct 516,Judge of the Supreme Court,Position 4,,Christopher L. Garrett,634
Clackamas,Precinct 517,Judge of the Supreme Court,Position 4,,Christopher L. Garrett,519
Clackamas,Precinct 518,Judge of the Supreme Court,Position 4,,Christopher L. Garrett,583
Clackamas,Precinct 600,Judge of the Supreme Court,Position 4,,Christopher L. Garrett,1191
Clackamas,Precinct 602,Judge of the Supreme Court,Position 4,,Christopher L. Garrett,1046
Clackamas,Precinct 604,Judge of the Supreme Court,Position 4,,Christopher L. Garrett,1862
Clackamas,Precinct 606,Judge of the Supreme Court,Position 4,,Christopher L. Garrett,558
Clackamas,Precinct 608,Judge of the Supreme Court,Position 4,,Christopher L. Garrett,729
Clackamas,Precinct 614,Judge of the Supreme Court,Position 4,,Christopher L. Garrett,614
Clackamas,Precinct 616,Judge of the Supreme Court,Position 4,,Christopher L. Garrett,873
Clackamas,Precinct 618,Judge of the Supreme Court,Position 4,,Christopher L. Garrett,151
Clackamas,Precinct 620,Judge of the Supreme Court,Position 4,,Christopher L. Garrett,95
Clackamas,Precinct 622,Judge of the Supreme Court,Position 4,,Christopher L. Garrett,637
Clackamas,Precinct 626,Judge of the Supreme Court,Position 4,,Christopher L. Garrett,1076
Clackamas,Precinct 628,Judge of the Supreme Court,Position 4,,Christopher L. Garrett,238
Clackamas,Precinct 630,Judge of the Supreme Court,Position 4,,Christopher L. Garrett,1445
Clackamas,Precinct 100,Judge of the Supreme Court,Position 4,,Over Votes,0
Clackamas,Precinct 101,Judge of the Supreme Court,Position 4,,Over Votes,0
Clackamas,Precinct 102,Judge of the Supreme Court,Position 4,,Over Votes,0
Clackamas,Precinct 103,Judge of the Supreme Court,Position 4,,Over Votes,0
Clackamas,Precinct 104,Judge of the Supreme Court,Position 4,,Over Votes,0
Clackamas,Precinct 105,Judge of the Supreme Court,Position 4,,Over Votes,0
Clackamas,Precinct 106,Judge of the Supreme Court,Position 4,,Over Votes,0
Clackamas,Precinct 107,Judge of the Supreme Court,Position 4,,Over Votes,0
Clackamas,Precinct 108,Judge of the Supreme Court,Position 4,,Over Votes,0
Clackamas,Precinct 109,Judge of the Supreme Court,Position 4,,Over Votes,0
Clackamas,Precinct 111,Judge of the Supreme Court,Position 4,,Over Votes,0
Clackamas,Precinct 112,Judge of the Supreme Court,Position 4,,Over Votes,0
Clackamas,Precinct 113,Judge of the Supreme Court,Position 4,,Over Votes,0
Clackamas,Precinct 114,Judge of the Supreme Court,Position 4,,Over Votes,0
Clackamas,Precinct 115,Judge of the Supreme Court,Position 4,,Over Votes,0
Clackamas,Precinct 116,Judge of the Supreme Court,Position 4,,Over Votes,0
Clackamas,Precinct 122,Judge of the Supreme Court,Position 4,,Over Votes,0
Clackamas,Precinct 123,Judge of the Supreme Court,Position 4,,Over Votes,0
Clackamas,Precinct 124,Judge of the Supreme Court,Position 4,,Over Votes,0
Clackamas,Precinct 125,Judge of the Supreme Court,Position 4,,Over Votes,0
Clackamas,Precinct 127,Judge of the Supreme Court,Position 4,,Over Votes,0
Clackamas,Precinct 131,Judge of the Supreme Court,Position 4,,Over Votes,0
Clackamas,Precinct 132,Judge of the Supreme Court,Position 4,,Over Votes,0
Clackamas,Precinct 133,Judge of the Supreme Court,Position 4,,Over Votes,0
Clackamas,Precinct 134,Judge of the Supreme Court,Position 4,,Over Votes,0
Clackamas,Precinct 135,Judge of the Supreme Court,Position 4,,Over Votes,0
Clackamas,Precinct 151,Judge of the Supreme Court,Position 4,,Over Votes,0
Clackamas,Precinct 152,Judge of the Supreme Court,Position 4,,Over Votes,0
Clackamas,Precinct 153,Judge of the Supreme Court,Position 4,,Over Votes,0
Clackamas,Precinct 154,Judge of the Supreme Court,Position 4,,Over Votes,0
Clackamas,Precinct 155,Judge of the Supreme Court,Position 4,,Over Votes,0
Clackamas,Precinct 156,Judge of the Supreme Court,Position 4,,Over Votes,0
Clackamas,Precinct 157,Judge of the Supreme Court,Position 4,,Over Votes,0
Clackamas,Precinct 158,Judge of the Supreme Court,Position 4,,Over Votes,0
Clackamas,Precinct 159,Judge of the Supreme Court,Position 4,,Over Votes,0
Clackamas,Precinct 160,Judge of the Supreme Court,Position 4,,Over Votes,0
Clackamas,Precinct 161,Judge of the Supreme Court,Position 4,,Over Votes,0
Clackamas,Precinct 162,Judge of the Supreme Court,Position 4,,Over Votes,0
Clackamas,Precinct 201,Judge of the Supreme Court,Position 4,,Over Votes,0
Clackamas,Precinct 202,Judge of the Supreme Court,Position 4,,Over Votes,0
Clackamas,Precinct 203,Judge of the Supreme Court,Position 4,,Over Votes,0
Clackamas,Precinct 204,Judge of the Supreme Court,Position 4,,Over Votes,0
Clackamas,Precinct 251,Judge of the Supreme Court,Position 4,,Over Votes,0
Clackamas,Precinct 279,Judge of the Supreme Court,Position 4,,Over Votes,0
Clackamas,Precinct 280,Judge of the Supreme Court,Position 4,,Over Votes,0
Clackamas,Precinct 281,Judge of the Supreme Court,Position 4,,Over Votes,0
Clackamas,Precinct 282,Judge of the Supreme Court,Position 4,,Over Votes,0
Clackamas,Precinct 283,Judge of the Supreme Court,Position 4,,Over Votes,0
Clackamas,Precinct 284,Judge of the Supreme Court,Position 4,,Over Votes,0
Clackamas,Precinct 285,Judge of the Supreme Court,Position 4,,Over Votes,0
Clackamas,Precinct 286,Judge of the Supreme Court,Position 4,,Over Votes,0
Clackamas,Precinct 320,Judge of the Supreme Court,Position 4,,Over Votes,0
Clackamas,Precinct 321,Judge of the Supreme Court,Position 4,,Over Votes,0
Clackamas,Precinct 322,Judge of the Supreme Court,Position 4,,Over Votes,0
Clackamas,Precinct 323,Judge of the Supreme Court,Position 4,,Over Votes,0
Clackamas,Precinct 324,Judge of the Supreme Court,Position 4,,Over Votes,0
Clackamas,Precinct 330,Judge of the Supreme Court,Position 4,,Over Votes,0
Clackamas,Precinct 331,Judge of the Supreme Court,Position 4,,Over Votes,0
Clackamas,Precinct 332,Judge of the Supreme Court,Position 4,,Over Votes,0
Clackamas,Precinct 350,Judge of the Supreme Court,Position 4,,Over Votes,0
Clackamas,Precinct 355,Judge of the Supreme Court,Position 4,,Over Votes,0
Clackamas,Precinct 357,Judge of the Supreme Court,Position 4,,Over Votes,0
Clackamas,Precinct 358,Judge of the Supreme Court,Position 4,,Over Votes,0
Clackamas,Precinct 359,Judge of the Supreme Court,Position 4,,Over Votes,0
Clackamas,Precinct 360,Judge of the Supreme Court,Position 4,,Over Votes,0
Clackamas,Precinct 361,Judge of the Supreme Court,Position 4,,Over Votes,0
Clackamas,Precinct 362,Judge of the Supreme Court,Position 4,,Over Votes,0
Clackamas,Precinct 363,Judge of the Supreme Court,Position 4,,Over Votes,0
Clackamas,Precinct 364,Judge of the Supreme Court,Position 4,,Over Votes,0
Clackamas,Precinct 371,Judge of the Supreme Court,Position 4,,Over Votes,0
Clackamas,Precinct 372,Judge of the Supreme Court,Position 4,,Over Votes,0
Clackamas,Precinct 373,Judge of the Supreme Court,Position 4,,Over Votes,0
Clackamas,Precinct 374,Judge of the Supreme Court,Position 4,,Over Votes,0
Clackamas,Precinct 400,Judge of the Supreme Court,Position 4,,Over Votes,0
Clackamas,Precinct 403,Judge of the Supreme Court,Position 4,,Over Votes,0
Clackamas,Precinct 404,Judge of the Supreme Court,Position 4,,Over Votes,0
Clackamas,Precinct 405,Judge of the Supreme Court,Position 4,,Over Votes,0
Clackamas,Precinct 406,Judge of the Supreme Court,Position 4,,Over Votes,0
Clackamas,Precinct 410,Judge of the Supreme Court,Position 4,,Over Votes,0
Clackamas,Precinct 411,Judge of the Supreme Court,Position 4,,Over Votes,0
Clackamas,Precinct 412,Judge of the Supreme Court,Position 4,,Over Votes,0
Clackamas,Precinct 413,Judge of the Supreme Court,Position 4,,Over Votes,0
Clackamas,Precinct 414,Judge of the Supreme Court,Position 4,,Over Votes,0
Clackamas,Precinct 415,Judge of the Supreme Court,Position 4,,Over Votes,0
Clackamas,Precinct 416,Judge of the Supreme Court,Position 4,,Over Votes,0
Clackamas,Precinct 417,Judge of the Supreme Court,Position 4,,Over Votes,0
Clackamas,Precinct 418,Judge of the Supreme Court,Position 4,,Over Votes,0
Clackamas,Precinct 419,Judge of the Supreme Court,Position 4,,Over Votes,0
Clackamas,Precinct 420,Judge of the Supreme Court,Position 4,,Over Votes,0
Clackamas,Precinct 421,Judge of the Supreme Court,Position 4,,Over Votes,0
Clackamas,Precinct 422,Judge of the Supreme Court,Position 4,,Over Votes,0
Clackamas,Precinct 500,Judge of the Supreme Court,Position 4,,Over Votes,0
Clackamas,Precinct 501,Judge of the Supreme Court,Position 4,,Over Votes,0
Clackamas,Precinct 502,Judge of the Supreme Court,Position 4,,Over Votes,0
Clackamas,Precinct 503,Judge of the Supreme Court,Position 4,,Over Votes,0
Clackamas,Precinct 504,Judge of the Supreme Court,Position 4,,Over Votes,0
Clackamas,Precinct 506,Judge of the Supreme Court,Position 4,,Over Votes,0
Clackamas,Precinct 510,Judge of the Supreme Court,Position 4,,Over Votes,0
Clackamas,Precinct 511,Judge of the Supreme Court,Position 4,,Over Votes,0
Clackamas,Precinct 512,Judge of the Supreme Court,Position 4,,Over Votes,0
Clackamas,Precinct 513,Judge of the Supreme Court,Position 4,,Over Votes,0
Clackamas,Precinct 514,Judge of the Supreme Court,Position 4,,Over Votes,0
Clackamas,Precinct 515,Judge of the Supreme Court,Position 4,,Over Votes,0
Clackamas,Precinct 516,Judge of the Supreme Court,Position 4,,Over Votes,0
Clackamas,Precinct 517,Judge of the Supreme Court,Position 4,,Over Votes,0
Clackamas,Precinct 518,Judge of the Supreme Court,Position 4,,Over Votes,0
Clackamas,Precinct 600,Judge of the Supreme Court,Position 4,,Over Votes,0
Clackamas,Precinct 602,Judge of the Supreme Court,Position 4,,Over Votes,0
Clackamas,Precinct 604,Judge of the Supreme Court,Position 4,,Over Votes,0
Clackamas,Precinct 606,Judge of the Supreme Court,Position 4,,Over Votes,0
Clackamas,Precinct 608,Judge of the Supreme Court,Position 4,,Over Votes,0
Clackamas,Precinct 614,Judge of the Supreme Court,Position 4,,Over Votes,0
Clackamas,Precinct 616,Judge of the Supreme Court,Position 4,,Over Votes,0
Clackamas,Precinct 618,Judge of the Supreme Court,Position 4,,Over Votes,0
Clackamas,Precinct 620,Judge of the Supreme Court,Position 4,,Over Votes,0
Clackamas,Precinct 622,Judge of the Supreme Court,Position 4,,Over Votes,0
Clackamas,Precinct 626,Judge of the Supreme Court,Position 4,,Over Votes,0
Clackamas,Precinct 628,Judge of the Supreme Court,Position 4,,Over Votes,0
Clackamas,Precinct 630,Judge of the Supreme Court,Position 4,,Over Votes,0
Clackamas,Precinct 100,Judge of the Supreme Court,Position 4,,Under Votes,28
Clackamas,Precinct 101,Judge of the Supreme Court,Position 4,,Under Votes,1374
Clackamas,Precinct 102,Judge of the Supreme Court,Position 4,,Under Votes,377
Clackamas,Precinct 103,Judge of the Supreme Court,Position 4,,Under Votes,808
Clackamas,Precinct 104,Judge of the Supreme Court,Position 4,,Under Votes,4
Clackamas,Precinct 105,Judge of the Supreme Court,Position 4,,Under Votes,1161
Clackamas,Precinct 106,Judge of the Supreme Court,Position 4,,Under Votes,901
Clackamas,Precinct 107,Judge of the Supreme Court,Position 4,,Under Votes,594
Clackamas,Precinct 108,Judge of the Supreme Court,Position 4,,Under Votes,1324
Clackamas,Precinct 109,Judge of the Supreme Court,Position 4,,Under Votes,0
Clackamas,Precinct 111,Judge of the Supreme Court,Position 4,,Under Votes,1446
Clackamas,Precinct 112,Judge of the Supreme Court,Position 4,,Under Votes,0
Clackamas,Precinct 113,Judge of the Supreme Court,Position 4,,Under Votes,24
Clackamas,Precinct 114,Judge of the Supreme Court,Position 4,,Under Votes,46
Clackamas,Precinct 115,Judge of the Supreme Court,Position 4,,Under Votes,87
Clackamas,Precinct 116,Judge of the Supreme Court,Position 4,,Under Votes,1
Clackamas,Precinct 122,Judge of the Supreme Court,Position 4,,Under Votes,1252
Clackamas,Precinct 123,Judge of the Supreme Court,Position 4,,Under Votes,785
Clackamas,Precinct 124,Judge of the Supreme Court,Position 4,,Under Votes,1485
Clackamas,Precinct 125,Judge of the Supreme Court,Position 4,,Under Votes,558
Clackamas,Precinct 127,Judge of the Supreme Court,Position 4,,Under Votes,32
Clackamas,Precinct 131,Judge of the Supreme Court,Position 4,,Under Votes,1542
Clackamas,Precinct 132,Judge of the Supreme Court,Position 4,,Under Votes,1126
Clackamas,Precinct 133,Judge of the Supreme Court,Position 4,,Under Votes,499
Clackamas,Precinct 134,Judge of the Supreme Court,Position 4,,Under Votes,2
Clackamas,Precinct 135,Judge of the Supreme Court,Position 4,,Under Votes,1352
Clackamas,Precinct 151,Judge of the Supreme Court,Position 4,,Under Votes,703
Clackamas,Precinct 152,Judge of the Supreme Court,Position 4,,Under Votes,1541
Clackamas,Precinct 153,Judge of the Supreme Court,Position 4,,Under Votes,99
Clackamas,Precinct 154,Judge of the Supreme Court,Position 4,,Under Votes,15
Clackamas,Precinct 155,Judge of the Supreme Court,Position 4,,Under Votes,674
Clackamas,Precinct 156,Judge of the Supreme Court,Position 4,,Under Votes,1284
Clackamas,Precinct 157,Judge of the Supreme Court,Position 4,,Under Votes,26
Clackamas,Precinct 158,Judge of the Supreme Court,Position 4,,Under Votes,949
Clackamas,Precinct 159,Judge of the Supreme Court,Position 4,,Under Votes,742
Clackamas,Precinct 160,Judge of the Supreme Court,Position 4,,Under Votes,415
Clackamas,Precinct 161,Judge of the Supreme Court,Position 4,,Under Votes,149
Clackamas,Precinct 162,Judge of the Supreme Court,Position 4,,Under Votes,163
Clackamas,Precinct 201,Judge of the Supreme Court,Position 4,,Under Votes,1106
Clackamas,Precinct 202,Judge of the Supreme Court,Position 4,,Under Votes,1290
Clackamas,Precinct 203,Judge of the Supreme Court,Position 4,,Under Votes,755
Clackamas,Precinct 204,Judge of the Supreme Court,Position 4,,Under Votes,693
Clackamas,Precinct 251,Judge of the Supreme Court,Position 4,,Under Votes,511
Clackamas,Precinct 279,Judge of the Supreme Court,Position 4,,Under Votes,25
Clackamas,Precinct 280,Judge of the Supreme Court,Position 4,,Under Votes,90
Clackamas,Precinct 281,Judge of the Supreme Court,Position 4,,Under Votes,286
Clackamas,Precinct 282,Judge of the Supreme Court,Position 4,,Under Votes,84
Clackamas,Precinct 283,Judge of the Supreme Court,Position 4,,Under Votes,139
Clackamas,Precinct 284,Judge of the Supreme Court,Position 4,,Under Votes,101
Clackamas,Precinct 285,Judge of the Supreme Court,Position 4,,Under Votes,6
Clackamas,Precinct 286,Judge of the Supreme Court,Position 4,,Under Votes,38
Clackamas,Precinct 320,Judge of the Supreme Court,Position 4,,Under Votes,31
Clackamas,Precinct 321,Judge of the Supreme Court,Position 4,,Under Votes,868
Clackamas,Precinct 322,Judge of the Supreme Court,Position 4,,Under Votes,414
Clackamas,Precinct 323,Judge of the Supreme Court,Position 4,,Under Votes,491
Clackamas,Precinct 324,Judge of the Supreme Court,Position 4,,Under Votes,21
Clackamas,Precinct 330,Judge of the Supreme Court,Position 4,,Under Votes,1583
Clackamas,Precinct 331,Judge of the Supreme Court,Position 4,,Under Votes,835
Clackamas,Precinct 332,Judge of the Supreme Court,Position 4,,Under Votes,236
Clackamas,Precinct 350,Judge of the Supreme Court,Position 4,,Under Votes,1285
Clackamas,Precinct 355,Judge of the Supreme Court,Position 4,,Under Votes,0
Clackamas,Precinct 357,Judge of the Supreme Court,Position 4,,Under Votes,72
Clackamas,Precinct 358,Judge of the Supreme Court,Position 4,,Under Votes,156
Clackamas,Precinct 359,Judge of the Supreme Court,Position 4,,Under Votes,1065
Clackamas,Precinct 360,Judge of the Supreme Court,Position 4,,Under Votes,431
Clackamas,Precinct 361,Judge of the Supreme Court,Position 4,,Under Votes,3
Clackamas,Precinct 362,Judge of the Supreme Court,Position 4,,Under Votes,323
Clackamas,Precinct 363,Judge of the Supreme Court,Position 4,,Under Votes,841
Clackamas,Precinct 364,Judge of the Supreme Court,Position 4,,Under Votes,103
Clackamas,Precinct 371,Judge of the Supreme Court,Position 4,,Under Votes,99
Clackamas,Precinct 372,Judge of the Supreme Court,Position 4,,Under Votes,12
Clackamas,Precinct 373,Judge of the Supreme Court,Position 4,,Under Votes,1325
Clackamas,Precinct 374,Judge of the Supreme Court,Position 4,,Under Votes,0
Clackamas,Precinct 400,Judge of the Supreme Court,Position 4,,Under Votes,1675
Clackamas,Precinct 403,Judge of the Supreme Court,Position 4,,Under Votes,464
Clackamas,Precinct 404,Judge of the Supreme Court,Position 4,,Under Votes,1531
Clackamas,Precinct 405,Judge of the Supreme Court,Position 4,,Under Votes,836
Clackamas,Precinct 406,Judge of the Supreme Court,Position 4,,Under Votes,371
Clackamas,Precinct 410,Judge of the Supreme Court,Position 4,,Under Votes,792
Clackamas,Precinct 411,Judge of the Supreme Court,Position 4,,Under Votes,1057
Clackamas,Precinct 412,Judge of the Supreme Court,Position 4,,Under Votes,651
Clackamas,Precinct 413,Judge of the Supreme Court,Position 4,,Under Votes,37
Clackamas,Precinct 414,Judge of the Supreme Court,Position 4,,Under Votes,226
Clackamas,Precinct 415,Judge of the Supreme Court,Position 4,,Under Votes,172
Clackamas,Precinct 416,Judge of the Supreme Court,Position 4,,Under Votes,673
Clackamas,Precinct 417,Judge of the Supreme Court,Position 4,,Under Votes,366
Clackamas,Precinct 418,Judge of the Supreme Court,Position 4,,Under Votes,384
Clackamas,Precinct 419,Judge of the Supreme Court,Position 4,,Under Votes,531
Clackamas,Precinct 420,Judge of the Supreme Court,Position 4,,Under Votes,517
Clackamas,Precinct 421,Judge of the Supreme Court,Position 4,,Under Votes,492
Clackamas,Precinct 422,Judge of the Supreme Court,Position 4,,Under Votes,937
Clackamas,Precinct 500,Judge of the Supreme Court,Position 4,,Under Votes,348
Clackamas,Precinct 501,Judge of the Supreme Court,Position 4,,Under Votes,1089
Clackamas,Precinct 502,Judge of the Supreme Court,Position 4,,Under Votes,1252
Clackamas,Precinct 503,Judge of the Supreme Court,Position 4,,Under Votes,1123
Clackamas,Precinct 504,Judge of the Supreme Court,Position 4,,Under Votes,1353
Clackamas,Precinct 506,Judge of the Supreme Court,Position 4,,Under Votes,822
Clackamas,Precinct 510,Judge of the Supreme Court,Position 4,,Under Votes,355
Clackamas,Precinct 511,Judge of the Supreme Court,Position 4,,Under Votes,856
Clackamas,Precinct 512,Judge of the Supreme Court,Position 4,,Under Votes,641
Clackamas,Precinct 513,Judge of the Supreme Court,Position 4,,Under Votes,48
Clackamas,Precinct 514,Judge of the Supreme Court,Position 4,,Under Votes,2043
Clackamas,Precinct 515,Judge of the Supreme Court,Position 4,,Under Votes,623
Clackamas,Precinct 516,Judge of the Supreme Court,Position 4,,Under Votes,849
Clackamas,Precinct 517,Judge of the Supreme Court,Position 4,,Under Votes,772
Clackamas,Precinct 518,Judge of the Supreme Court,Position 4,,Under Votes,855
Clackamas,Precinct 600,Judge of the Supreme Court,Position 4,,Under Votes,1283
Clackamas,Precinct 602,Judge of the Supreme Court,Position 4,,Under Votes,1257
Clackamas,Precinct 604,Judge of the Supreme Court,Position 4,,Under Votes,2065
Clackamas,Precinct 606,Judge of the Supreme Court,Position 4,,Under Votes,544
Clackamas,Precinct 608,Judge of the Supreme Court,Position 4,,Under Votes,758
Clackamas,Precinct 614,Judge of the Supreme Court,Position 4,,Under Votes,635
Clackamas,Precinct 616,Judge of the Supreme Court,Position 4,,Under Votes,1113
Clackamas,Precinct 618,Judge of the Supreme Court,Position 4,,Under Votes,158
Clackamas,Precinct 620,Judge of the Supreme Court,Position 4,,Under Votes,54
Clackamas,Precinct 622,Judge of the Supreme Court,Position 4,,Under Votes,619
Clackamas,Precinct 626,Judge of the Supreme Court,Position 4,,Under Votes,1157
Clackamas,Precinct 628,Judge of the Supreme Court,Position 4,,Under Votes,268
Clackamas,Precinct 630,Judge of the Supreme Court,Position 4,,Under Votes,1590
Clackamas,Precinct 100,Judge of the Supreme Court,Position 4,,Write-ins,0
Clackamas,Precinct 101,Judge of the Supreme Court,Position 4,,Write-ins,33
Clackamas,Precinct 102,Judge of the Supreme Court,Position 4,,Write-ins,3
Clackamas,Precinct 103,Judge of the Supreme Court,Position 4,,Write-ins,6
Clackamas,Precinct 104,Judge of the Supreme Court,Position 4,,Write-ins,0
Clackamas,Precinct 105,Judge of the Supreme Court,Position 4,,Write-ins,16
Clackamas,Precinct 106,Judge of the Supreme Court,Position 4,,Write-ins,26
Clackamas,Precinct 107,Judge of the Supreme Court,Position 4,,Write-ins,16
Clackamas,Precinct 108,Judge of the Supreme Court,Position 4,,Write-ins,49
Clackamas,Precinct 109,Judge of the Supreme Court,Position 4,,Write-ins,0
Clackamas,Precinct 111,Judge of the Supreme Court,Position 4,,Write-ins,58
Clackamas,Precinct 112,Judge of the Supreme Court,Position 4,,Write-ins,0
Clackamas,Precinct 113,Judge of the Supreme Court,Position 4,,Write-ins,0
Clackamas,Precinct 114,Judge of the Supreme Court,Position 4,,Write-ins,0
Clackamas,Precinct 115,Judge of the Supreme Court,Position 4,,Write-ins,2
Clackamas,Precinct 116,Judge of the Supreme Court,Position 4,,Write-ins,0
Clackamas,Precinct 122,Judge of the Supreme Court,Position 4,,Write-ins,34
Clackamas,Precinct 123,Judge of the Supreme Court,Position 4,,Write-ins,22
Clackamas,Precinct 124,Judge of the Supreme Court,Position 4,,Write-ins,31
Clackamas,Precinct 125,Judge of the Supreme Court,Position 4,,Write-ins,13
Clackamas,Precinct 127,Judge of the Supreme Court,Position 4,,Write-ins,1
Clackamas,Precinct 131,Judge of the Supreme Court,Position 4,,Write-ins,24
Clackamas,Precinct 132,Judge of the Supreme Court,Position 4,,Write-ins,22
Clackamas,Precinct 133,Judge of the Supreme Court,Position 4,,Write-ins,3
Clackamas,Precinct 134,Judge of the Supreme Court,Position 4,,Write-ins,0
Clackamas,Precinct 135,Judge of the Supreme Court,Position 4,,Write-ins,20
Clackamas,Precinct 151,Judge of the Supreme Court,Position 4,,Write-ins,5
Clackamas,Precinct 152,Judge of the Supreme Court,Position 4,,Write-ins,14
Clackamas,Precinct 153,Judge of the Supreme Court,Position 4,,Write-ins,1
Clackamas,Precinct 154,Judge of the Supreme Court,Position 4,,Write-ins,0
Clackamas,Precinct 155,Judge of the Supreme Court,Position 4,,Write-ins,7
Clackamas,Precinct 156,Judge of the Supreme Court,Position 4,,Write-ins,8
Clackamas,Precinct 157,Judge of the Supreme Court,Position 4,,Write-ins,0
Clackamas,Precinct 158,Judge of the Supreme Court,Position 4,,Write-ins,5
Clackamas,Precinct 159,Judge of the Supreme Court,Position 4,,Write-ins,9
Clackamas,Precinct 160,Judge of the Supreme Court,Position 4,,Write-ins,1
Clackamas,Precinct 161,Judge of the Supreme Court,Position 4,,Write-ins,2
Clackamas,Precinct 162,Judge of the Supreme Court,Position 4,,Write-ins,1
Clackamas,Precinct 201,Judge of the Supreme Court,Position 4,,Write-ins,15
Clackamas,Precinct 202,Judge of the Supreme Court,Position 4,,Write-ins,24
Clackamas,Precinct 203,Judge of the Supreme Court,Position 4,,Write-ins,5
Clackamas,Precinct 204,Judge of the Supreme Court,Position 4,,Write-ins,6
Clackamas,Precinct 251,Judge of the Supreme Court,Position 4,,Write-ins,3
Clackamas,Precinct 279,Judge of the Supreme Court,Position 4,,Write-ins,0
Clackamas,Precinct 280,Judge of the Supreme Court,Position 4,,Write-ins,4
Clackamas,Precinct 281,Judge of the Supreme Court,Position 4,,Write-ins,8
Clackamas,Precinct 282,Judge of the Supreme Court,Position 4,,Write-ins,2
Clackamas,Precinct 283,Judge of the Supreme Court,Position 4,,Write-ins,0
Clackamas,Precinct 284,Judge of the Supreme Court,Position 4,,Write-ins,1
Clackamas,Precinct 285,Judge of the Supreme Court,Position 4,,Write-ins,0
Clackamas,Precinct 286,Judge of the Supreme Court,Position 4,,Write-ins,0
Clackamas,Precinct 320,Judge of the Supreme Court,Position 4,,Write-ins,0
Clackamas,Precinct 321,Judge of the Supreme Court,Position 4,,Write-ins,9
Clackamas,Precinct 322,Judge of the Supreme Court,Position 4,,Write-ins,5
Clackamas,Precinct 323,Judge of the Supreme Court,Position 4,,Write-ins,10
Clackamas,Precinct 324,Judge of the Supreme Court,Position 4,,Write-ins,0
Clackamas,Precinct 330,Judge of the Supreme Court,Position 4,,Write-ins,67
Clackamas,Precinct 331,Judge of the Supreme Court,Position 4,,Write-ins,28
Clackamas,Precinct 332,Judge of the Supreme Court,Position 4,,Write-ins,7
Clackamas,Precinct 350,Judge of the Supreme Court,Position 4,,Write-ins,69
Clackamas,Precinct 355,Judge of the Supreme Court,Position 4,,Write-ins,0
Clackamas,Precinct 357,Judge of the Supreme Court,Position 4,,Write-ins,4
Clackamas,Precinct 358,Judge of the Supreme Court,Position 4,,Write-ins,7
Clackamas,Precinct 359,Judge of the Supreme Court,Position 4,,Write-ins,23
Clackamas,Precinct 360,Judge of the Supreme Court,Position 4,,Write-ins,11
Clackamas,Precinct 361,Judge of the Supreme Court,Position 4,,Write-ins,0
Clackamas,Precinct 362,Judge of the Supreme Court,Position 4,,Write-ins,9
Clackamas,Precinct 363,Judge of the Supreme Court,Position 4,,Write-ins,25
Clackamas,Precinct 364,Judge of the Supreme Court,Position 4,,Write-ins,4
Clackamas,Precinct 371,Judge of the Supreme Court,Position 4,,Write-ins,4
Clackamas,Precinct 372,Judge of the Supreme Court,Position 4,,Write-ins,0
Clackamas,Precinct 373,Judge of the Supreme Court,Position 4,,Write-ins,42
Clackamas,Precinct 374,Judge of the Supreme Court,Position 4,,Write-ins,0
Clackamas,Precinct 400,Judge of the Supreme Court,Position 4,,Write-ins,31
Clackamas,Precinct 403,Judge of the Supreme Court,Position 4,,Write-ins,12
Clackamas,Precinct 404,Judge of the Supreme Court,Position 4,,Write-ins,28
Clackamas,Precinct 405,Judge of the Supreme Court,Position 4,,Write-ins,18
Clackamas,Precinct 406,Judge of the Supreme Court,Position 4,,Write-ins,9
Clackamas,Precinct 410,Judge of the Supreme Court,Position 4,,Write-ins,16
Clackamas,Precinct 411,Judge of the Supreme Court,Position 4,,Write-ins,18
Clackamas,Precinct 412,Judge of the Supreme Court,Position 4,,Write-ins,14
Clackamas,Precinct 413,Judge of the Supreme Court,Position 4,,Write-ins,0
Clackamas,Precinct 414,Judge of the Supreme Court,Position 4,,Write-ins,1
Clackamas,Precinct 415,Judge of the Supreme Court,Position 4,,Write-ins,4
Clackamas,Precinct 416,Judge of the Supreme Court,Position 4,,Write-ins,23
Clackamas,Precinct 417,Judge of the Supreme Court,Position 4,,Write-ins,12
Clackamas,Precinct 418,Judge of the Supreme Court,Position 4,,Write-ins,16
Clackamas,Precinct 419,Judge of the Supreme Court,Position 4,,Write-ins,3
Clackamas,Precinct 420,Judge of the Supreme Court,Position 4,,Write-ins,16
Clackamas,Precinct 421,Judge of the Supreme Court,Position 4,,Write-ins,8
Clackamas,Precinct 422,Judge of the Supreme Court,Position 4,,Write-ins,26
Clackamas,Precinct 500,Judge of the Supreme Court,Position 4,,Write-ins,4
Clackamas,Precinct 501,Judge of the Supreme Court,Position 4,,Write-ins,13
Clackamas,Precinct 502,Judge of the Supreme Court,Position 4,,Write-ins,17
Clackamas,Precinct 503,Judge of the Supreme Court,Position 4,,Write-ins,17
Clackamas,Precinct 504,Judge of the Supreme Court,Position 4,,Write-ins,28
Clackamas,Precinct 506,Judge of the Supreme Court,Position 4,,Write-ins,15
Clackamas,Precinct 510,Judge of the Supreme Court,Position 4,,Write-ins,7
Clackamas,Precinct 511,Judge of the Supreme Court,Position 4,,Write-ins,24
Clackamas,Precinct 512,Judge of the Supreme Court,Position 4,,Write-ins,19
Clackamas,Precinct 513,Judge of the Supreme Court,Position 4,,Write-ins,0
Clackamas,Precinct 514,Judge of the Supreme Court,Position 4,,Write-ins,53
Clackamas,Precinct 515,Judge of the Supreme Court,Position 4,,Write-ins,24
Clackamas,Precinct 516,Judge of the Supreme Court,Position 4,,Write-ins,25
Clackamas,Precinct 517,Judge of the Supreme Court,Position 4,,Write-ins,29
Clackamas,Precinct 518,Judge of the Supreme Court,Position 4,,Write-ins,40
Clackamas,Precinct 600,Judge of the Supreme Court,Position 4,,Write-ins,30
Clackamas,Precinct 602,Judge of the Supreme Court,Position 4,,Write-ins,43
Clackamas,Precinct 604,Judge of the Supreme Court,Position 4,,Write-ins,60
Clackamas,Precinct 606,Judge of the Supreme Court,Position 4,,Write-ins,8
Clackamas,Precinct 608,Judge of the Supreme Court,Position 4,,Write-ins,20
Clackamas,Precinct 614,Judge of the Supreme Court,Position 4,,Write-ins,8
Clackamas,Precinct 616,Judge of the Supreme Court,Position 4,,Write-ins,25
Clackamas,Precinct 618,Judge of the Supreme Court,Position 4,,Write-ins,1
Clackamas,Precinct 620,Judge of the Supreme Court,Position 4,,Write-ins,2
Clackamas,Precinct 622,Judge of the Supreme Court,Position 4,,Write-ins,12
Clackamas,Precinct 626,Judge of the Supreme Court,Position 4,,Write-ins,17
Clackamas,Precinct 628,Judge of the Supreme Court,Position 4,,Write-ins,3
Clackamas,Precinct 630,Judge of the Supreme Court,Position 4,,Write-ins,35
Clackamas,Precinct 100,Labor Commissioner,,,Chris Lynch,9
Clackamas,Precinct 101,Labor Commissioner,,,Chris Lynch,704
Clackamas,Precinct 102,Labor Commissioner,,,Chris Lynch,198
Clackamas,Precinct 103,Labor Commissioner,,,Chris Lynch,393
Clackamas,Precinct 104,Labor Commissioner,,,Chris Lynch,2
Clackamas,Precinct 105,Labor Commissioner,,,Chris Lynch,530
Clackamas,Precinct 106,Labor Commissioner,,,Chris Lynch,641
Clackamas,Precinct 107,Labor Commissioner,,,Chris Lynch,327
Clackamas,Precinct 108,Labor Commissioner,,,Chris Lynch,820
Clackamas,Precinct 109,Labor Commissioner,,,Chris Lynch,0
Clackamas,Precinct 111,Labor Commissioner,,,Chris Lynch,1027
Clackamas,Precinct 112,Labor Commissioner,,,Chris Lynch,0
Clackamas,Precinct 113,Labor Commissioner,,,Chris Lynch,8
Clackamas,Precinct 114,Labor Commissioner,,,Chris Lynch,18
Clackamas,Precinct 115,Labor Commissioner,,,Chris Lynch,23
Clackamas,Precinct 116,Labor Commissioner,,,Chris Lynch,0
Clackamas,Precinct 122,Labor Commissioner,,,Chris Lynch,674
Clackamas,Precinct 123,Labor Commissioner,,,Chris Lynch,436
Clackamas,Precinct 124,Labor Commissioner,,,Chris Lynch,829
Clackamas,Precinct 125,Labor Commissioner,,,Chris Lynch,241
Clackamas,Precinct 127,Labor Commissioner,,,Chris Lynch,20
Clackamas,Precinct 131,Labor Commissioner,,,Chris Lynch,759
Clackamas,Precinct 132,Labor Commissioner,,,Chris Lynch,576
Clackamas,Precinct 133,Labor Commissioner,,,Chris Lynch,190
Clackamas,Precinct 134,Labor Commissioner,,,Chris Lynch,1
Clackamas,Precinct 135,Labor Commissioner,,,Chris Lynch,541
Clackamas,Precinct 151,Labor Commissioner,,,Chris Lynch,301
Clackamas,Precinct 152,Labor Commissioner,,,Chris Lynch,589
Clackamas,Precinct 153,Labor Commissioner,,,Chris Lynch,52
Clackamas,Precinct 154,Labor Commissioner,,,Chris Lynch,8
Clackamas,Precinct 155,Labor Commissioner,,,Chris Lynch,261
Clackamas,Precinct 156,Labor Commissioner,,,Chris Lynch,451
Clackamas,Precinct 157,Labor Commissioner,,,Chris Lynch,18
Clackamas,Precinct 158,Labor Commissioner,,,Chris Lynch,385
Clackamas,Precinct 159,Labor Commissioner,,,Chris Lynch,314
Clackamas,Precinct 160,Labor Commissioner,,,Chris Lynch,214
Clackamas,Precinct 161,Labor Commissioner,,,Chris Lynch,55
Clackamas,Precinct 162,Labor Commissioner,,,Chris Lynch,91
Clackamas,Precinct 201,Labor Commissioner,,,Chris Lynch,593
Clackamas,Precinct 202,Labor Commissioner,,,Chris Lynch,642
Clackamas,Precinct 203,Labor Commissioner,,,Chris Lynch,386
Clackamas,Precinct 204,Labor Commissioner,,,Chris Lynch,375
Clackamas,Precinct 251,Labor Commissioner,,,Chris Lynch,277
Clackamas,Precinct 279,Labor Commissioner,,,Chris Lynch,14
Clackamas,Precinct 280,Labor Commissioner,,,Chris Lynch,35
Clackamas,Precinct 281,Labor Commissioner,,,Chris Lynch,138
Clackamas,Precinct 282,Labor Commissioner,,,Chris Lynch,29
Clackamas,Precinct 283,Labor Commissioner,,,Chris Lynch,59
Clackamas,Precinct 284,Labor Commissioner,,,Chris Lynch,40
Clackamas,Precinct 285,Labor Commissioner,,,Chris Lynch,3
Clackamas,Precinct 286,Labor Commissioner,,,Chris Lynch,19
Clackamas,Precinct 320,Labor Commissioner,,,Chris Lynch,24
Clackamas,Precinct 321,Labor Commissioner,,,Chris Lynch,441
Clackamas,Precinct 322,Labor Commissioner,,,Chris Lynch,238
Clackamas,Precinct 323,Labor Commissioner,,,Chris Lynch,292
Clackamas,Precinct 324,Labor Commissioner,,,Chris Lynch,15
Clackamas,Precinct 330,Labor Commissioner,,,Chris Lynch,982
Clackamas,Precinct 331,Labor Commissioner,,,Chris Lynch,478
Clackamas,Precinct 332,Labor Commissioner,,,Chris Lynch,128
Clackamas,Precinct 350,Labor Commissioner,,,Chris Lynch,865
Clackamas,Precinct 355,Labor Commissioner,,,Chris Lynch,0
Clackamas,Precinct 357,Labor Commissioner,,,Chris Lynch,51
Clackamas,Precinct 358,Labor Commissioner,,,Chris Lynch,78
Clackamas,Precinct 359,Labor Commissioner,,,Chris Lynch,672
Clackamas,Precinct 360,Labor Commissioner,,,Chris Lynch,277
Clackamas,Precinct 361,Labor Commissioner,,,Chris Lynch,2
Clackamas,Precinct 362,Labor Commissioner,,,Chris Lynch,186
Clackamas,Precinct 363,Labor Commissioner,,,Chris Lynch,453
Clackamas,Precinct 364,Labor Commissioner,,,Chris Lynch,65
Clackamas,Precinct 371,Labor Commissioner,,,Chris Lynch,42
Clackamas,Precinct 372,Labor Commissioner,,,Chris Lynch,9
Clackamas,Precinct 373,Labor Commissioner,,,Chris Lynch,637
Clackamas,Precinct 374,Labor Commissioner,,,Chris Lynch,0
Clackamas,Precinct 400,Labor Commissioner,,,Chris Lynch,850
Clackamas,Precinct 403,Labor Commissioner,,,Chris Lynch,283
Clackamas,Precinct 404,Labor Commissioner,,,Chris Lynch,814
Clackamas,Precinct 405,Labor Commissioner,,,Chris Lynch,445
Clackamas,Precinct 406,Labor Commissioner,,,Chris Lynch,248
Clackamas,Precinct 410,Labor Commissioner,,,Chris Lynch,445
Clackamas,Precinct 411,Labor Commissioner,,,Chris Lynch,549
Clackamas,Precinct 412,Labor Commissioner,,,Chris Lynch,373
Clackamas,Precinct 413,Labor Commissioner,,,Chris Lynch,29
Clackamas,Precinct 414,Labor Commissioner,,,Chris Lynch,149
Clackamas,Precinct 415,Labor Commissioner,,,Chris Lynch,94
Clackamas,Precinct 416,Labor Commissioner,,,Chris Lynch,307
Clackamas,Precinct 417,Labor Commissioner,,,Chris Lynch,235
Clackamas,Precinct 418,Labor Commissioner,,,Chris Lynch,245
Clackamas,Precinct 419,Labor Commissioner,,,Chris Lynch,252
Clackamas,Precinct 420,Labor Commissioner,,,Chris Lynch,254
Clackamas,Precinct 421,Labor Commissioner,,,Chris Lynch,274
Clackamas,Precinct 422,Labor Commissioner,,,Chris Lynch,493
Clackamas,Precinct 500,Labor Commissioner,,,Chris Lynch,134
Clackamas,Precinct 501,Labor Commissioner,,,Chris Lynch,383
Clackamas,Precinct 502,Labor Commissioner,,,Chris Lynch,538
Clackamas,Precinct 503,Labor Commissioner,,,Chris Lynch,537
Clackamas,Precinct 504,Labor Commissioner,,,Chris Lynch,710
Clackamas,Precinct 506,Labor Commissioner,,,Chris Lynch,427
Clackamas,Precinct 510,Labor Commissioner,,,Chris Lynch,191
Clackamas,Precinct 511,Labor Commissioner,,,Chris Lynch,500
Clackamas,Precinct 512,Labor Commissioner,,,Chris Lynch,414
Clackamas,Precinct 513,Labor Commissioner,,,Chris Lynch,30
Clackamas,Precinct 514,Labor Commissioner,,,Chris Lynch,1107
Clackamas,Precinct 515,Labor Commissioner,,,Chris Lynch,376
Clackamas,Precinct 516,Labor Commissioner,,,Chris Lynch,483
Clackamas,Precinct 517,Labor Commissioner,,,Chris Lynch,509
Clackamas,Precinct 518,Labor Commissioner,,,Chris Lynch,566
Clackamas,Precinct 600,Labor Commissioner,,,Chris Lynch,630
Clackamas,Precinct 602,Labor Commissioner,,,Chris Lynch,664
Clackamas,Precinct 604,Labor Commissioner,,,Chris Lynch,1223
Clackamas,Precinct 606,Labor Commissioner,,,Chris Lynch,349
Clackamas,Precinct 608,Labor Commissioner,,,Chris Lynch,421
Clackamas,Precinct 614,Labor Commissioner,,,Chris Lynch,341
Clackamas,Precinct 616,Labor Commissioner,,,Chris Lynch,524
Clackamas,Precinct 618,Labor Commissioner,,,Chris Lynch,62
Clackamas,Precinct 620,Labor Commissioner,,,Chris Lynch,53
Clackamas,Precinct 622,Labor Commissioner,,,Chris Lynch,266
Clackamas,Precinct 626,Labor Commissioner,,,Chris Lynch,439
Clackamas,Precinct 628,Labor Commissioner,,,Chris Lynch,148
Clackamas,Precinct 630,Labor Commissioner,,,Chris Lynch,653
Clackamas,Precinct 100,Labor Commissioner,,,Christina E. Stephenson,22
Clackamas,Precinct 101,Labor Commissioner,,,Christina E. Stephenson,1228
Clackamas,Precinct 102,Labor Commissioner,,,Christina E. Stephenson,248
Clackamas,Precinct 103,Labor Commissioner,,,Christina E. Stephenson,654
Clackamas,Precinct 104,Labor Commissioner,,,Christina E. Stephenson,2
Clackamas,Precinct 105,Labor Commissioner,,,Christina E. Stephenson,982
Clackamas,Precinct 106,Labor Commissioner,,,Christina E. Stephenson,614
Clackamas,Precinct 107,Labor Commissioner,,,Christina E. Stephenson,417
Clackamas,Precinct 108,Labor Commissioner,,,Christina E. Stephenson,868
Clackamas,Precinct 109,Labor Commissioner,,,Christina E. Stephenson,0
Clackamas,Precinct 111,Labor Commissioner,,,Christina E. Stephenson,793
Clackamas,Precinct 112,Labor Commissioner,,,Christina E. Stephenson,0
Clackamas,Precinct 113,Labor Commissioner,,,Christina E. Stephenson,13
Clackamas,Precinct 114,Labor Commissioner,,,Christina E. Stephenson,46
Clackamas,Precinct 115,Labor Commissioner,,,Christina E. Stephenson,88
Clackamas,Precinct 116,Labor Commissioner,,,Christina E. Stephenson,0
Clackamas,Precinct 122,Labor Commissioner,,,Christina E. Stephenson,971
Clackamas,Precinct 123,Labor Commissioner,,,Christina E. Stephenson,539
Clackamas,Precinct 124,Labor Commissioner,,,Christina E. Stephenson,1040
Clackamas,Precinct 125,Labor Commissioner,,,Christina E. Stephenson,428
Clackamas,Precinct 127,Labor Commissioner,,,Christina E. Stephenson,20
Clackamas,Precinct 131,Labor Commissioner,,,Christina E. Stephenson,1521
Clackamas,Precinct 132,Labor Commissioner,,,Christina E. Stephenson,1240
Clackamas,Precinct 133,Labor Commissioner,,,Christina E. Stephenson,563
Clackamas,Precinct 134,Labor Commissioner,,,Christina E. Stephenson,1
Clackamas,Precinct 135,Labor Commissioner,,,Christina E. Stephenson,1522
Clackamas,Precinct 151,Labor Commissioner,,,Christina E. Stephenson,778
Clackamas,Precinct 152,Labor Commissioner,,,Christina E. Stephenson,1600
Clackamas,Precinct 153,Labor Commissioner,,,Christina E. Stephenson,120
Clackamas,Precinct 154,Labor Commissioner,,,Christina E. Stephenson,26
Clackamas,Precinct 155,Labor Commissioner,,,Christina E. Stephenson,740
Clackamas,Precinct 156,Labor Commissioner,,,Christina E. Stephenson,1410
Clackamas,Precinct 157,Labor Commissioner,,,Christina E. Stephenson,19
Clackamas,Precinct 158,Labor Commissioner,,,Christina E. Stephenson,1176
Clackamas,Precinct 159,Labor Commissioner,,,Christina E. Stephenson,742
Clackamas,Precinct 160,Labor Commissioner,,,Christina E. Stephenson,438
Clackamas,Precinct 161,Labor Commissioner,,,Christina E. Stephenson,142
Clackamas,Precinct 162,Labor Commissioner,,,Christina E. Stephenson,204
Clackamas,Precinct 201,Labor Commissioner,,,Christina E. Stephenson,1190
Clackamas,Precinct 202,Labor Commissioner,,,Christina E. Stephenson,1276
Clackamas,Precinct 203,Labor Commissioner,,,Christina E. Stephenson,752
Clackamas,Precinct 204,Labor Commissioner,,,Christina E. Stephenson,606
Clackamas,Precinct 251,Labor Commissioner,,,Christina E. Stephenson,521
Clackamas,Precinct 279,Labor Commissioner,,,Christina E. Stephenson,29
Clackamas,Precinct 280,Labor Commissioner,,,Christina E. Stephenson,114
Clackamas,Precinct 281,Labor Commissioner,,,Christina E. Stephenson,329
Clackamas,Precinct 282,Labor Commissioner,,,Christina E. Stephenson,113
Clackamas,Precinct 283,Labor Commissioner,,,Christina E. Stephenson,122
Clackamas,Precinct 284,Labor Commissioner,,,Christina E. Stephenson,102
Clackamas,Precinct 285,Labor Commissioner,,,Christina E. Stephenson,3
Clackamas,Precinct 286,Labor Commissioner,,,Christina E. Stephenson,47
Clackamas,Precinct 320,Labor Commissioner,,,Christina E. Stephenson,22
Clackamas,Precinct 321,Labor Commissioner,,,Christina E. Stephenson,630
Clackamas,Precinct 322,Labor Commissioner,,,Christina E. Stephenson,272
Clackamas,Precinct 323,Labor Commissioner,,,Christina E. Stephenson,332
Clackamas,Precinct 324,Labor Commissioner,,,Christina E. Stephenson,18
Clackamas,Precinct 330,Labor Commissioner,,,Christina E. Stephenson,680
Clackamas,Precinct 331,Labor Commissioner,,,Christina E. Stephenson,368
Clackamas,Precinct 332,Labor Commissioner,,,Christina E. Stephenson,143
Clackamas,Precinct 350,Labor Commissioner,,,Christina E. Stephenson,510
Clackamas,Precinct 355,Labor Commissioner,,,Christina E. Stephenson,0
Clackamas,Precinct 357,Labor Commissioner,,,Christina E. Stephenson,31
Clackamas,Precinct 358,Labor Commissioner,,,Christina E. Stephenson,64
Clackamas,Precinct 359,Labor Commissioner,,,Christina E. Stephenson,541
Clackamas,Precinct 360,Labor Commissioner,,,Christina E. Stephenson,223
Clackamas,Precinct 361,Labor Commissioner,,,Christina E. Stephenson,2
Clackamas,Precinct 362,Labor Commissioner,,,Christina E. Stephenson,138
Clackamas,Precinct 363,Labor Commissioner,,,Christina E. Stephenson,438
Clackamas,Precinct 364,Labor Commissioner,,,Christina E. Stephenson,55
Clackamas,Precinct 371,Labor Commissioner,,,Christina E. Stephenson,64
Clackamas,Precinct 372,Labor Commissioner,,,Christina E. Stephenson,13
Clackamas,Precinct 373,Labor Commissioner,,,Christina E. Stephenson,960
Clackamas,Precinct 374,Labor Commissioner,,,Christina E. Stephenson,0
Clackamas,Precinct 400,Labor Commissioner,,,Christina E. Stephenson,857
Clackamas,Precinct 403,Labor Commissioner,,,Christina E. Stephenson,295
Clackamas,Precinct 404,Labor Commissioner,,,Christina E. Stephenson,717
Clackamas,Precinct 405,Labor Commissioner,,,Christina E. Stephenson,433
Clackamas,Precinct 406,Labor Commissioner,,,Christina E. Stephenson,159
Clackamas,Precinct 410,Labor Commissioner,,,Christina E. Stephenson,710
Clackamas,Precinct 411,Labor Commissioner,,,Christina E. Stephenson,934
Clackamas,Precinct 412,Labor Commissioner,,,Christina E. Stephenson,422
Clackamas,Precinct 413,Labor Commissioner,,,Christina E. Stephenson,38
Clackamas,Precinct 414,Labor Commissioner,,,Christina E. Stephenson,150
Clackamas,Precinct 415,Labor Commissioner,,,Christina E. Stephenson,112
Clackamas,Precinct 416,Labor Commissioner,,,Christina E. Stephenson,606
Clackamas,Precinct 417,Labor Commissioner,,,Christina E. Stephenson,268
Clackamas,Precinct 418,Labor Commissioner,,,Christina E. Stephenson,231
Clackamas,Precinct 419,Labor Commissioner,,,Christina E. Stephenson,541
Clackamas,Precinct 420,Labor Commissioner,,,Christina E. Stephenson,457
Clackamas,Precinct 421,Labor Commissioner,,,Christina E. Stephenson,509
Clackamas,Precinct 422,Labor Commissioner,,,Christina E. Stephenson,950
Clackamas,Precinct 500,Labor Commissioner,,,Christina E. Stephenson,358
Clackamas,Precinct 501,Labor Commissioner,,,Christina E. Stephenson,1512
Clackamas,Precinct 502,Labor Commissioner,,,Christina E. Stephenson,1270
Clackamas,Precinct 503,Labor Commissioner,,,Christina E. Stephenson,1102
Clackamas,Precinct 504,Labor Commissioner,,,Christina E. Stephenson,1276
Clackamas,Precinct 506,Labor Commissioner,,,Christina E. Stephenson,707
Clackamas,Precinct 510,Labor Commissioner,,,Christina E. Stephenson,228
Clackamas,Precinct 511,Labor Commissioner,,,Christina E. Stephenson,512
Clackamas,Precinct 512,Labor Commissioner,,,Christina E. Stephenson,478
Clackamas,Precinct 513,Labor Commissioner,,,Christina E. Stephenson,33
Clackamas,Precinct 514,Labor Commissioner,,,Christina E. Stephenson,1261
Clackamas,Precinct 515,Labor Commissioner,,,Christina E. Stephenson,284
Clackamas,Precinct 516,Labor Commissioner,,,Christina E. Stephenson,522
Clackamas,Precinct 517,Labor Commissioner,,,Christina E. Stephenson,408
Clackamas,Precinct 518,Labor Commissioner,,,Christina E. Stephenson,485
Clackamas,Precinct 600,Labor Commissioner,,,Christina E. Stephenson,1194
Clackamas,Precinct 602,Labor Commissioner,,,Christina E. Stephenson,1005
Clackamas,Precinct 604,Labor Commissioner,,,Christina E. Stephenson,1622
Clackamas,Precinct 606,Labor Commissioner,,,Christina E. Stephenson,481
Clackamas,Precinct 608,Labor Commissioner,,,Christina E. Stephenson,633
Clackamas,Precinct 614,Labor Commissioner,,,Christina E. Stephenson,570
Clackamas,Precinct 616,Labor Commissioner,,,Christina E. Stephenson,854
Clackamas,Precinct 618,Labor Commissioner,,,Christina E. Stephenson,151
Clackamas,Precinct 620,Labor Commissioner,,,Christina E. Stephenson,67
Clackamas,Precinct 622,Labor Commissioner,,,Christina E. Stephenson,664
Clackamas,Precinct 626,Labor Commissioner,,,Christina E. Stephenson,1322
Clackamas,Precinct 628,Labor Commissioner,,,Christina E. Stephenson,243
Clackamas,Precinct 630,Labor Commissioner,,,Christina E. Stephenson,1663
Clackamas,Precinct 100,Labor Commissioner,,,Over Votes,0
Clackamas,Precinct 101,Labor Commissioner,,,Over Votes,0
Clackamas,Precinct 102,Labor Commissioner,,,Over Votes,0
Clackamas,Precinct 103,Labor Commissioner,,,Over Votes,0
Clackamas,Precinct 104,Labor Commissioner,,,Over Votes,0
Clackamas,Precinct 105,Labor Commissioner,,,Over Votes,0
Clackamas,Precinct 106,Labor Commissioner,,,Over Votes,0
Clackamas,Precinct 107,Labor Commissioner,,,Over Votes,0
Clackamas,Precinct 108,Labor Commissioner,,,Over Votes,0
Clackamas,Precinct 109,Labor Commissioner,,,Over Votes,0
Clackamas,Precinct 111,Labor Commissioner,,,Over Votes,0
Clackamas,Precinct 112,Labor Commissioner,,,Over Votes,0
Clackamas,Precinct 113,Labor Commissioner,,,Over Votes,0
Clackamas,Precinct 114,Labor Commissioner,,,Over Votes,0
Clackamas,Precinct 115,Labor Commissioner,,,Over Votes,0
Clackamas,Precinct 116,Labor Commissioner,,,Over Votes,0
Clackamas,Precinct 122,Labor Commissioner,,,Over Votes,0
Clackamas,Precinct 123,Labor Commissioner,,,Over Votes,0
Clackamas,Precinct 124,Labor Commissioner,,,Over Votes,0
Clackamas,Precinct 125,Labor Commissioner,,,Over Votes,0
Clackamas,Precinct 127,Labor Commissioner,,,Over Votes,0
Clackamas,Precinct 131,Labor Commissioner,,,Over Votes,0
Clackamas,Precinct 132,Labor Commissioner,,,Over Votes,0
Clackamas,Precinct 133,Labor Commissioner,,,Over Votes,0
Clackamas,Precinct 134,Labor Commissioner,,,Over Votes,0
Clackamas,Precinct 135,Labor Commissioner,,,Over Votes,0
Clackamas,Precinct 151,Labor Commissioner,,,Over Votes,0
Clackamas,Precinct 152,Labor Commissioner,,,Over Votes,1
Clackamas,Precinct 153,Labor Commissioner,,,Over Votes,0
Clackamas,Precinct 154,Labor Commissioner,,,Over Votes,0
Clackamas,Precinct 155,Labor Commissioner,,,Over Votes,0
Clackamas,Precinct 156,Labor Commissioner,,,Over Votes,0
Clackamas,Precinct 157,Labor Commissioner,,,Over Votes,0
Clackamas,Precinct 158,Labor Commissioner,,,Over Votes,0
Clackamas,Precinct 159,Labor Commissioner,,,Over Votes,0
Clackamas,Precinct 160,Labor Commissioner,,,Over Votes,0
Clackamas,Precinct 161,Labor Commissioner,,,Over Votes,0
Clackamas,Precinct 162,Labor Commissioner,,,Over Votes,0
Clackamas,Precinct 201,Labor Commissioner,,,Over Votes,0
Clackamas,Precinct 202,Labor Commissioner,,,Over Votes,0
Clackamas,Precinct 203,Labor Commissioner,,,Over Votes,0
Clackamas,Precinct 204,Labor Commissioner,,,Over Votes,0
Clackamas,Precinct 251,Labor Commissioner,,,Over Votes,0
Clackamas,Precinct 279,Labor Commissioner,,,Over Votes,0
Clackamas,Precinct 280,Labor Commissioner,,,Over Votes,0
Clackamas,Precinct 281,Labor Commissioner,,,Over Votes,0
Clackamas,Precinct 282,Labor Commissioner,,,Over Votes,0
Clackamas,Precinct 283,Labor Commissioner,,,Over Votes,0
Clackamas,Precinct 284,Labor Commissioner,,,Over Votes,0
Clackamas,Precinct 285,Labor Commissioner,,,Over Votes,0
Clackamas,Precinct 286,Labor Commissioner,,,Over Votes,0
Clackamas,Precinct 320,Labor Commissioner,,,Over Votes,0
Clackamas,Precinct 321,Labor Commissioner,,,Over Votes,0
Clackamas,Precinct 322,Labor Commissioner,,,Over Votes,0
Clackamas,Precinct 323,Labor Commissioner,,,Over Votes,0
Clackamas,Precinct 324,Labor Commissioner,,,Over Votes,0
Clackamas,Precinct 330,Labor Commissioner,,,Over Votes,0
Clackamas,Precinct 331,Labor Commissioner,,,Over Votes,0
Clackamas,Precinct 332,Labor Commissioner,,,Over Votes,0
Clackamas,Precinct 350,Labor Commissioner,,,Over Votes,0
Clackamas,Precinct 355,Labor Commissioner,,,Over Votes,0
Clackamas,Precinct 357,Labor Commissioner,,,Over Votes,0
Clackamas,Precinct 358,Labor Commissioner,,,Over Votes,0
Clackamas,Precinct 359,Labor Commissioner,,,Over Votes,0
Clackamas,Precinct 360,Labor Commissioner,,,Over Votes,0
Clackamas,Precinct 361,Labor Commissioner,,,Over Votes,0
Clackamas,Precinct 362,Labor Commissioner,,,Over Votes,0
Clackamas,Precinct 363,Labor Commissioner,,,Over Votes,0
Clackamas,Precinct 364,Labor Commissioner,,,Over Votes,0
Clackamas,Precinct 371,Labor Commissioner,,,Over Votes,0
Clackamas,Precinct 372,Labor Commissioner,,,Over Votes,0
Clackamas,Precinct 373,Labor Commissioner,,,Over Votes,0
Clackamas,Precinct 374,Labor Commissioner,,,Over Votes,0
Clackamas,Precinct 400,Labor Commissioner,,,Over Votes,0
Clackamas,Precinct 403,Labor Commissioner,,,Over Votes,0
Clackamas,Precinct 404,Labor Commissioner,,,Over Votes,0
Clackamas,Precinct 405,Labor Commissioner,,,Over Votes,0
Clackamas,Precinct 406,Labor Commissioner,,,Over Votes,0
Clackamas,Precinct 410,Labor Commissioner,,,Over Votes,1
Clackamas,Precinct 411,Labor Commissioner,,,Over Votes,0
Clackamas,Precinct 412,Labor Commissioner,,,Over Votes,0
Clackamas,Precinct 413,Labor Commissioner,,,Over Votes,0
Clackamas,Precinct 414,Labor Commissioner,,,Over Votes,0
Clackamas,Precinct 415,Labor Commissioner,,,Over Votes,0
Clackamas,Precinct 416,Labor Commissioner,,,Over Votes,0
Clackamas,Precinct 417,Labor Commissioner,,,Over Votes,0
Clackamas,Precinct 418,Labor Commissioner,,,Over Votes,0
Clackamas,Precinct 419,Labor Commissioner,,,Over Votes,0
Clackamas,Precinct 420,Labor Commissioner,,,Over Votes,0
Clackamas,Precinct 421,Labor Commissioner,,,Over Votes,0
Clackamas,Precinct 422,Labor Commissioner,,,Over Votes,0
Clackamas,Precinct 500,Labor Commissioner,,,Over Votes,0
Clackamas,Precinct 501,Labor Commissioner,,,Over Votes,0
Clackamas,Precinct 502,Labor Commissioner,,,Over Votes,0
Clackamas,Precinct 503,Labor Commissioner,,,Over Votes,0
Clackamas,Precinct 504,Labor Commissioner,,,Over Votes,0
Clackamas,Precinct 506,Labor Commissioner,,,Over Votes,0
Clackamas,Precinct 510,Labor Commissioner,,,Over Votes,0
Clackamas,Precinct 511,Labor Commissioner,,,Over Votes,0
Clackamas,Precinct 512,Labor Commissioner,,,Over Votes,0
Clackamas,Precinct 513,Labor Commissioner,,,Over Votes,0
Clackamas,Precinct 514,Labor Commissioner,,,Over Votes,0
Clackamas,Precinct 515,Labor Commissioner,,,Over Votes,0
Clackamas,Precinct 516,Labor Commissioner,,,Over Votes,0
Clackamas,Precinct 517,Labor Commissioner,,,Over Votes,0
Clackamas,Precinct 518,Labor Commissioner,,,Over Votes,0
Clackamas,Precinct 600,Labor Commissioner,,,Over Votes,0
Clackamas,Precinct 602,Labor Commissioner,,,Over Votes,0
Clackamas,Precinct 604,Labor Commissioner,,,Over Votes,0
Clackamas,Precinct 606,Labor Commissioner,,,Over Votes,0
Clackamas,Precinct 608,Labor Commissioner,,,Over Votes,0
Clackamas,Precinct 614,Labor Commissioner,,,Over Votes,0
Clackamas,Precinct 616,Labor Commissioner,,,Over Votes,0
Clackamas,Precinct 618,Labor Commissioner,,,Over Votes,0
Clackamas,Precinct 620,Labor Commissioner,,,Over Votes,0
Clackamas,Precinct 622,Labor Commissioner,,,Over Votes,0
Clackamas,Precinct 626,Labor Commissioner,,,Over Votes,0
Clackamas,Precinct 628,Labor Commissioner,,,Over Votes,0
Clackamas,Precinct 630,Labor Commissioner,,,Over Votes,1
Clackamas,Precinct 100,Labor Commissioner,,,Under Votes,14
Clackamas,Precinct 101,Labor Commissioner,,,Under Votes,821
Clackamas,Precinct 102,Labor Commissioner,,,Under Votes,230
Clackamas,Precinct 103,Labor Commissioner,,,Under Votes,458
Clackamas,Precinct 104,Labor Commissioner,,,Under Votes,4
Clackamas,Precinct 105,Labor Commissioner,,,Under Votes,677
Clackamas,Precinct 106,Labor Commissioner,,,Under Votes,453
Clackamas,Precinct 107,Labor Commissioner,,,Under Votes,346
Clackamas,Precinct 108,Labor Commissioner,,,Under Votes,737
Clackamas,Precinct 109,Labor Commissioner,,,Under Votes,0
Clackamas,Precinct 111,Labor Commissioner,,,Under Votes,856
Clackamas,Precinct 112,Labor Commissioner,,,Under Votes,0
Clackamas,Precinct 113,Labor Commissioner,,,Under Votes,12
Clackamas,Precinct 114,Labor Commissioner,,,Under Votes,20
Clackamas,Precinct 115,Labor Commissioner,,,Under Votes,43
Clackamas,Precinct 116,Labor Commissioner,,,Under Votes,1
Clackamas,Precinct 122,Labor Commissioner,,,Under Votes,789
Clackamas,Precinct 123,Labor Commissioner,,,Under Votes,491
Clackamas,Precinct 124,Labor Commissioner,,,Under Votes,838
Clackamas,Precinct 125,Labor Commissioner,,,Under Votes,355
Clackamas,Precinct 127,Labor Commissioner,,,Under Votes,22
Clackamas,Precinct 131,Labor Commissioner,,,Under Votes,944
Clackamas,Precinct 132,Labor Commissioner,,,Under Votes,613
Clackamas,Precinct 133,Labor Commissioner,,,Under Votes,280
Clackamas,Precinct 134,Labor Commissioner,,,Under Votes,1
Clackamas,Precinct 135,Labor Commissioner,,,Under Votes,828
Clackamas,Precinct 151,Labor Commissioner,,,Under Votes,426
Clackamas,Precinct 152,Labor Commissioner,,,Under Votes,965
Clackamas,Precinct 153,Labor Commissioner,,,Under Votes,76
Clackamas,Precinct 154,Labor Commissioner,,,Under Votes,10
Clackamas,Precinct 155,Labor Commissioner,,,Under Votes,438
Clackamas,Precinct 156,Labor Commissioner,,,Under Votes,923
Clackamas,Precinct 157,Labor Commissioner,,,Under Votes,12
Clackamas,Precinct 158,Labor Commissioner,,,Under Votes,575
Clackamas,Precinct 159,Labor Commissioner,,,Under Votes,489
Clackamas,Precinct 160,Labor Commissioner,,,Under Votes,263
Clackamas,Precinct 161,Labor Commissioner,,,Under Votes,95
Clackamas,Precinct 162,Labor Commissioner,,,Under Votes,87
Clackamas,Precinct 201,Labor Commissioner,,,Under Votes,640
Clackamas,Precinct 202,Labor Commissioner,,,Under Votes,755
Clackamas,Precinct 203,Labor Commissioner,,,Under Votes,521
Clackamas,Precinct 204,Labor Commissioner,,,Under Votes,394
Clackamas,Precinct 251,Labor Commissioner,,,Under Votes,282
Clackamas,Precinct 279,Labor Commissioner,,,Under Votes,18
Clackamas,Precinct 280,Labor Commissioner,,,Under Votes,60
Clackamas,Precinct 281,Labor Commissioner,,,Under Votes,161
Clackamas,Precinct 282,Labor Commissioner,,,Under Votes,42
Clackamas,Precinct 283,Labor Commissioner,,,Under Votes,67
Clackamas,Precinct 284,Labor Commissioner,,,Under Votes,74
Clackamas,Precinct 285,Labor Commissioner,,,Under Votes,7
Clackamas,Precinct 286,Labor Commissioner,,,Under Votes,19
Clackamas,Precinct 320,Labor Commissioner,,,Under Votes,19
Clackamas,Precinct 321,Labor Commissioner,,,Under Votes,537
Clackamas,Precinct 322,Labor Commissioner,,,Under Votes,226
Clackamas,Precinct 323,Labor Commissioner,,,Under Votes,292
Clackamas,Precinct 324,Labor Commissioner,,,Under Votes,6
Clackamas,Precinct 330,Labor Commissioner,,,Under Votes,825
Clackamas,Precinct 331,Labor Commissioner,,,Under Votes,474
Clackamas,Precinct 332,Labor Commissioner,,,Under Votes,138
Clackamas,Precinct 350,Labor Commissioner,,,Under Votes,674
Clackamas,Precinct 355,Labor Commissioner,,,Under Votes,0
Clackamas,Precinct 357,Labor Commissioner,,,Under Votes,38
Clackamas,Precinct 358,Labor Commissioner,,,Under Votes,90
Clackamas,Precinct 359,Labor Commissioner,,,Under Votes,592
Clackamas,Precinct 360,Labor Commissioner,,,Under Votes,222
Clackamas,Precinct 361,Labor Commissioner,,,Under Votes,0
Clackamas,Precinct 362,Labor Commissioner,,,Under Votes,171
Clackamas,Precinct 363,Labor Commissioner,,,Under Votes,474
Clackamas,Precinct 364,Labor Commissioner,,,Under Votes,54
Clackamas,Precinct 371,Labor Commissioner,,,Under Votes,65
Clackamas,Precinct 372,Labor Commissioner,,,Under Votes,4
Clackamas,Precinct 373,Labor Commissioner,,,Under Votes,719
Clackamas,Precinct 374,Labor Commissioner,,,Under Votes,0
Clackamas,Precinct 400,Labor Commissioner,,,Under Votes,952
Clackamas,Precinct 403,Labor Commissioner,,,Under Votes,229
Clackamas,Precinct 404,Labor Commissioner,,,Under Votes,908
Clackamas,Precinct 405,Labor Commissioner,,,Under Votes,522
Clackamas,Precinct 406,Labor Commissioner,,,Under Votes,221
Clackamas,Precinct 410,Labor Commissioner,,,Under Votes,408
Clackamas,Precinct 411,Labor Commissioner,,,Under Votes,593
Clackamas,Precinct 412,Labor Commissioner,,,Under Votes,353
Clackamas,Precinct 413,Labor Commissioner,,,Under Votes,22
Clackamas,Precinct 414,Labor Commissioner,,,Under Votes,114
Clackamas,Precinct 415,Labor Commissioner,,,Under Votes,81
Clackamas,Precinct 416,Labor Commissioner,,,Under Votes,382
Clackamas,Precinct 417,Labor Commissioner,,,Under Votes,163
Clackamas,Precinct 418,Labor Commissioner,,,Under Votes,201
Clackamas,Precinct 419,Labor Commissioner,,,Under Votes,254
Clackamas,Precinct 420,Labor Commissioner,,,Under Votes,237
Clackamas,Precinct 421,Labor Commissioner,,,Under Votes,275
Clackamas,Precinct 422,Labor Commissioner,,,Under Votes,473
Clackamas,Precinct 500,Labor Commissioner,,,Under Votes,164
Clackamas,Precinct 501,Labor Commissioner,,,Under Votes,491
Clackamas,Precinct 502,Labor Commissioner,,,Under Votes,615
Clackamas,Precinct 503,Labor Commissioner,,,Under Votes,566
Clackamas,Precinct 504,Labor Commissioner,,,Under Votes,699
Clackamas,Precinct 506,Labor Commissioner,,,Under Votes,437
Clackamas,Precinct 510,Labor Commissioner,,,Under Votes,193
Clackamas,Precinct 511,Labor Commissioner,,,Under Votes,464
Clackamas,Precinct 512,Labor Commissioner,,,Under Votes,330
Clackamas,Precinct 513,Labor Commissioner,,,Under Votes,21
Clackamas,Precinct 514,Labor Commissioner,,,Under Votes,1051
Clackamas,Precinct 515,Labor Commissioner,,,Under Votes,333
Clackamas,Precinct 516,Labor Commissioner,,,Under Votes,498
Clackamas,Precinct 517,Labor Commissioner,,,Under Votes,401
Clackamas,Precinct 518,Labor Commissioner,,,Under Votes,424
Clackamas,Precinct 600,Labor Commissioner,,,Under Votes,674
Clackamas,Precinct 602,Labor Commissioner,,,Under Votes,675
Clackamas,Precinct 604,Labor Commissioner,,,Under Votes,1135
Clackamas,Precinct 606,Labor Commissioner,,,Under Votes,279
Clackamas,Precinct 608,Labor Commissioner,,,Under Votes,448
Clackamas,Precinct 614,Labor Commissioner,,,Under Votes,343
Clackamas,Precinct 616,Labor Commissioner,,,Under Votes,629
Clackamas,Precinct 618,Labor Commissioner,,,Under Votes,96
Clackamas,Precinct 620,Labor Commissioner,,,Under Votes,31
Clackamas,Precinct 622,Labor Commissioner,,,Under Votes,333
Clackamas,Precinct 626,Labor Commissioner,,,Under Votes,485
Clackamas,Precinct 628,Labor Commissioner,,,Under Votes,116
Clackamas,Precinct 630,Labor Commissioner,,,Under Votes,741
Clackamas,Precinct 100,Labor Commissioner,,,Write-ins,0
Clackamas,Precinct 101,Labor Commissioner,,,Write-ins,7
Clackamas,Precinct 102,Labor Commissioner,,,Write-ins,0
Clackamas,Precinct 103,Labor Commissioner,,,Write-ins,3
Clackamas,Precinct 104,Labor Commissioner,,,Write-ins,0
Clackamas,Precinct 105,Labor Commissioner,,,Write-ins,5
Clackamas,Precinct 106,Labor Commissioner,,,Write-ins,3
Clackamas,Precinct 107,Labor Commissioner,,,Write-ins,5
Clackamas,Precinct 108,Labor Commissioner,,,Write-ins,5
Clackamas,Precinct 109,Labor Commissioner,,,Write-ins,0
Clackamas,Precinct 111,Labor Commissioner,,,Write-ins,9
Clackamas,Precinct 112,Labor Commissioner,,,Write-ins,0
Clackamas,Precinct 113,Labor Commissioner,,,Write-ins,0
Clackamas,Precinct 114,Labor Commissioner,,,Write-ins,0
Clackamas,Precinct 115,Labor Commissioner,,,Write-ins,0
Clackamas,Precinct 116,Labor Commissioner,,,Write-ins,0
Clackamas,Precinct 122,Labor Commissioner,,,Write-ins,5
Clackamas,Precinct 123,Labor Commissioner,,,Write-ins,4
Clackamas,Precinct 124,Labor Commissioner,,,Write-ins,8
Clackamas,Precinct 125,Labor Commissioner,,,Write-ins,3
Clackamas,Precinct 127,Labor Commissioner,,,Write-ins,0
Clackamas,Precinct 131,Labor Commissioner,,,Write-ins,4
Clackamas,Precinct 132,Labor Commissioner,,,Write-ins,8
Clackamas,Precinct 133,Labor Commissioner,,,Write-ins,1
Clackamas,Precinct 134,Labor Commissioner,,,Write-ins,0
Clackamas,Precinct 135,Labor Commissioner,,,Write-ins,4
Clackamas,Precinct 151,Labor Commissioner,,,Write-ins,4
Clackamas,Precinct 152,Labor Commissioner,,,Write-ins,7
Clackamas,Precinct 153,Labor Commissioner,,,Write-ins,1
Clackamas,Precinct 154,Labor Commissioner,,,Write-ins,0
Clackamas,Precinct 155,Labor Commissioner,,,Write-ins,3
Clackamas,Precinct 156,Labor Commissioner,,,Write-ins,5
Clackamas,Precinct 157,Labor Commissioner,,,Write-ins,1
Clackamas,Precinct 158,Labor Commissioner,,,Write-ins,1
Clackamas,Precinct 159,Labor Commissioner,,,Write-ins,5
Clackamas,Precinct 160,Labor Commissioner,,,Write-ins,0
Clackamas,Precinct 161,Labor Commissioner,,,Write-ins,1
Clackamas,Precinct 162,Labor Commissioner,,,Write-ins,0
Clackamas,Precinct 201,Labor Commissioner,,,Write-ins,3
Clackamas,Precinct 202,Labor Commissioner,,,Write-ins,0
Clackamas,Precinct 203,Labor Commissioner,,,Write-ins,3
Clackamas,Precinct 204,Labor Commissioner,,,Write-ins,2
Clackamas,Precinct 251,Labor Commissioner,,,Write-ins,1
Clackamas,Precinct 279,Labor Commissioner,,,Write-ins,0
Clackamas,Precinct 280,Labor Commissioner,,,Write-ins,0
Clackamas,Precinct 281,Labor Commissioner,,,Write-ins,2
Clackamas,Precinct 282,Labor Commissioner,,,Write-ins,0
Clackamas,Precinct 283,Labor Commissioner,,,Write-ins,0
Clackamas,Precinct 284,Labor Commissioner,,,Write-ins,1
Clackamas,Precinct 285,Labor Commissioner,,,Write-ins,0
Clackamas,Precinct 286,Labor Commissioner,,,Write-ins,1
Clackamas,Precinct 320,Labor Commissioner,,,Write-ins,0
Clackamas,Precinct 321,Labor Commissioner,,,Write-ins,2
Clackamas,Precinct 322,Labor Commissioner,,,Write-ins,5
Clackamas,Precinct 323,Labor Commissioner,,,Write-ins,4
Clackamas,Precinct 324,Labor Commissioner,,,Write-ins,1
Clackamas,Precinct 330,Labor Commissioner,,,Write-ins,8
Clackamas,Precinct 331,Labor Commissioner,,,Write-ins,3
Clackamas,Precinct 332,Labor Commissioner,,,Write-ins,0
Clackamas,Precinct 350,Labor Commissioner,,,Write-ins,5
Clackamas,Precinct 355,Labor Commissioner,,,Write-ins,0
Clackamas,Precinct 357,Labor Commissioner,,,Write-ins,0
Clackamas,Precinct 358,Labor Commissioner,,,Write-ins,0
Clackamas,Precinct 359,Labor Commissioner,,,Write-ins,4
Clackamas,Precinct 360,Labor Commissioner,,,Write-ins,2
Clackamas,Precinct 361,Labor Commissioner,,,Write-ins,0
Clackamas,Precinct 362,Labor Commissioner,,,Write-ins,1
Clackamas,Precinct 363,Labor Commissioner,,,Write-ins,3
Clackamas,Precinct 364,Labor Commissioner,,,Write-ins,0
Clackamas,Precinct 371,Labor Commissioner,,,Write-ins,1
Clackamas,Precinct 372,Labor Commissioner,,,Write-ins,0
Clackamas,Precinct 373,Labor Commissioner,,,Write-ins,7
Clackamas,Precinct 374,Labor Commissioner,,,Write-ins,0
Clackamas,Precinct 400,Labor Commissioner,,,Write-ins,5
Clackamas,Precinct 403,Labor Commissioner,,,Write-ins,4
Clackamas,Precinct 404,Labor Commissioner,,,Write-ins,7
Clackamas,Precinct 405,Labor Commissioner,,,Write-ins,3
Clackamas,Precinct 406,Labor Commissioner,,,Write-ins,2
Clackamas,Precinct 410,Labor Commissioner,,,Write-ins,3
Clackamas,Precinct 411,Labor Commissioner,,,Write-ins,6
Clackamas,Precinct 412,Labor Commissioner,,,Write-ins,3
Clackamas,Precinct 413,Labor Commissioner,,,Write-ins,0
Clackamas,Precinct 414,Labor Commissioner,,,Write-ins,1
Clackamas,Precinct 415,Labor Commissioner,,,Write-ins,0
Clackamas,Precinct 416,Labor Commissioner,,,Write-ins,5
Clackamas,Precinct 417,Labor Commissioner,,,Write-ins,4
Clackamas,Precinct 418,Labor Commissioner,,,Write-ins,1
Clackamas,Precinct 419,Labor Commissioner,,,Write-ins,12
Clackamas,Precinct 420,Labor Commissioner,,,Write-ins,4
Clackamas,Precinct 421,Labor Commissioner,,,Write-ins,3
Clackamas,Precinct 422,Labor Commissioner,,,Write-ins,6
Clackamas,Precinct 500,Labor Commissioner,,,Write-ins,3
Clackamas,Precinct 501,Labor Commissioner,,,Write-ins,4
Clackamas,Precinct 502,Labor Commissioner,,,Write-ins,3
Clackamas,Precinct 503,Labor Commissioner,,,Write-ins,2
Clackamas,Precinct 504,Labor Commissioner,,,Write-ins,7
Clackamas,Precinct 506,Labor Commissioner,,,Write-ins,9
Clackamas,Precinct 510,Labor Commissioner,,,Write-ins,1
Clackamas,Precinct 511,Labor Commissioner,,,Write-ins,6
Clackamas,Precinct 512,Labor Commissioner,,,Write-ins,2
Clackamas,Precinct 513,Labor Commissioner,,,Write-ins,0
Clackamas,Precinct 514,Labor Commissioner,,,Write-ins,10
Clackamas,Precinct 515,Labor Commissioner,,,Write-ins,5
Clackamas,Precinct 516,Labor Commissioner,,,Write-ins,5
Clackamas,Precinct 517,Labor Commissioner,,,Write-ins,2
Clackamas,Precinct 518,Labor Commissioner,,,Write-ins,3
Clackamas,Precinct 600,Labor Commissioner,,,Write-ins,6
Clackamas,Precinct 602,Labor Commissioner,,,Write-ins,2
Clackamas,Precinct 604,Labor Commissioner,,,Write-ins,7
Clackamas,Precinct 606,Labor Commissioner,,,Write-ins,1
Clackamas,Precinct 608,Labor Commissioner,,,Write-ins,5
Clackamas,Precinct 614,Labor Commissioner,,,Write-ins,3
Clackamas,Precinct 616,Labor Commissioner,,,Write-ins,4
Clackamas,Precinct 618,Labor Commissioner,,,Write-ins,1
Clackamas,Precinct 620,Labor Commissioner,,,Write-ins,0
Clackamas,Precinct 622,Labor Commissioner,,,Write-ins,5
Clackamas,Precinct 626,Labor Commissioner,,,Write-ins,4
Clackamas,Precinct 628,Labor Commissioner,,,Write-ins,2
Clackamas,Precinct 630,Labor Commissioner,,,Write-ins,12
Clackamas,Precinct 283,Measure 26-263,,,No,8
Clackamas,Precinct 283,Measure 26-263,,,Over Votes,0
Clackamas,Precinct 283,Measure 26-263,,,Under Votes,0
Clackamas,Precinct 283,Measure 26-263,,,Yes,22
Clackamas,Precinct 201,Measure 3-632,,,No,1091
Clackamas,Precinct 202,Measure 3-632,,,No,991
Clackamas,Precinct 203,Measure 3-632,,,No,824
Clackamas,Precinct 204,Measure 3-632,,,No,478
Clackamas,Precinct 201,Measure 3-632,,,Over Votes,0
Clackamas,Precinct 202,Measure 3-632,,,Over Votes,0
Clackamas,Precinct 203,Measure 3-632,,,Over Votes,1
Clackamas,Precinct 204,Measure 3-632,,,Over Votes,0
Clackamas,Precinct 201,Measure 3-632,,,Under Votes,40
Clackamas,Precinct 202,Measure 3-632,,,Under Votes,39
Clackamas,Precinct 203,Measure 3-632,,,Under Votes,40
Clackamas,Precinct 204,Measure 3-632,,,Under Votes,16
Clackamas,Precinct 201,Measure 3-632,,,Yes,1295
Clackamas,Precinct 202,Measure 3-632,,,Yes,1643
Clackamas,Precinct 203,Measure 3-632,,,Yes,797
Clackamas,Precinct 204,Measure 3-632,,,Yes,883
Clackamas,Precinct 100,Measure 3-633,,,No,25
Clackamas,Precinct 101,Measure 3-633,,,No,1654
Clackamas,Precinct 102,Measure 3-633,,,No,415
Clackamas,Precinct 103,Measure 3-633,,,No,848
Clackamas,Precinct 104,Measure 3-633,,,No,2
Clackamas,Precinct 105,Measure 3-633,,,No,1355
Clackamas,Precinct 106,Measure 3-633,,,No,1042
Clackamas,Precinct 107,Measure 3-633,,,No,734
Clackamas,Precinct 108,Measure 3-633,,,No,1595
Clackamas,Precinct 109,Measure 3-633,,,No,0
Clackamas,Precinct 111,Measure 3-633,,,No,1920
Clackamas,Precinct 112,Measure 3-633,,,No,0
Clackamas,Precinct 113,Measure 3-633,,,No,18
Clackamas,Precinct 114,Measure 3-633,,,No,55
Clackamas,Precinct 115,Measure 3-633,,,No,97
Clackamas,Precinct 116,Measure 3-633,,,No,0
Clackamas,Precinct 122,Measure 3-633,,,No,1310
Clackamas,Precinct 123,Measure 3-633,,,No,828
Clackamas,Precinct 124,Measure 3-633,,,No,1576
Clackamas,Precinct 125,Measure 3-633,,,No,582
Clackamas,Precinct 127,Measure 3-633,,,No,42
Clackamas,Precinct 131,Measure 3-633,,,No,2026
Clackamas,Precinct 132,Measure 3-633,,,No,1447
Clackamas,Precinct 133,Measure 3-633,,,No,611
Clackamas,Precinct 134,Measure 3-633,,,No,2
Clackamas,Precinct 135,Measure 3-633,,,No,1671
Clackamas,Precinct 151,Measure 3-633,,,No,800
Clackamas,Precinct 152,Measure 3-633,,,No,1621
Clackamas,Precinct 153,Measure 3-633,,,No,144
Clackamas,Precinct 154,Measure 3-633,,,No,32
Clackamas,Precinct 155,Measure 3-633,,,No,802
Clackamas,Precinct 156,Measure 3-633,,,No,1161
Clackamas,Precinct 157,Measure 3-633,,,No,35
Clackamas,Precinct 158,Measure 3-633,,,No,1129
Clackamas,Precinct 159,Measure 3-633,,,No,927
Clackamas,Precinct 160,Measure 3-633,,,No,523
Clackamas,Precinct 161,Measure 3-633,,,No,172
Clackamas,Precinct 162,Measure 3-633,,,No,201
Clackamas,Precinct 201,Measure 3-633,,,No,1303
Clackamas,Precinct 202,Measure 3-633,,,No,1429
Clackamas,Precinct 203,Measure 3-633,,,No,746
Clackamas,Precinct 204,Measure 3-633,,,No,749
Clackamas,Precinct 251,Measure 3-633,,,No,654
Clackamas,Precinct 279,Measure 3-633,,,No,32
Clackamas,Precinct 280,Measure 3-633,,,No,117
Clackamas,Precinct 281,Measure 3-633,,,No,345
Clackamas,Precinct 282,Measure 3-633,,,No,107
Clackamas,Precinct 283,Measure 3-633,,,No,133
Clackamas,Precinct 284,Measure 3-633,,,No,109
Clackamas,Precinct 285,Measure 3-633,,,No,7
Clackamas,Precinct 286,Measure 3-633,,,No,47
Clackamas,Precinct 320,Measure 3-633,,,No,31
Clackamas,Precinct 321,Measure 3-633,,,No,1004
Clackamas,Precinct 322,Measure 3-633,,,No,449
Clackamas,Precinct 323,Measure 3-633,,,No,584
Clackamas,Precinct 324,Measure 3-633,,,No,31
Clackamas,Precinct 330,Measure 3-633,,,No,1695
Clackamas,Precinct 331,Measure 3-633,,,No,825
Clackamas,Precinct 332,Measure 3-633,,,No,203
Clackamas,Precinct 350,Measure 3-633,,,No,1457
Clackamas,Precinct 355,Measure 3-633,,,No,0
Clackamas,Precinct 357,Measure 3-633,,,No,82
Clackamas,Precinct 358,Measure 3-633,,,No,156
Clackamas,Precinct 359,Measure 3-633,,,No,1209
Clackamas,Precinct 360,Measure 3-633,,,No,471
Clackamas,Precinct 361,Measure 3-633,,,No,3
Clackamas,Precinct 362,Measure 3-633,,,No,349
Clackamas,Precinct 363,Measure 3-633,,,No,945
Clackamas,Precinct 364,Measure 3-633,,,No,117
Clackamas,Precinct 371,Measure 3-633,,,No,109
Clackamas,Precinct 372,Measure 3-633,,,No,19
Clackamas,Precinct 373,Measure 3-633,,,No,1587
Clackamas,Precinct 374,Measure 3-633,,,No,0
Clackamas,Precinct 400,Measure 3-633,,,No,1710
Clackamas,Precinct 403,Measure 3-633,,,No,529
Clackamas,Precinct 404,Measure 3-633,,,No,1666
Clackamas,Precinct 405,Measure 3-633,,,No,912
Clackamas,Precinct 406,Measure 3-633,,,No,441
Clackamas,Precinct 410,Measure 3-633,,,No,885
Clackamas,Precinct 411,Measure 3-633,,,No,1213
Clackamas,Precinct 412,Measure 3-633,,,No,748
Clackamas,Precinct 413,Measure 3-633,,,No,59
Clackamas,Precinct 414,Measure 3-633,,,No,244
Clackamas,Precinct 415,Measure 3-633,,,No,175
Clackamas,Precinct 416,Measure 3-633,,,No,777
Clackamas,Precinct 417,Measure 3-633,,,No,418
Clackamas,Precinct 418,Measure 3-633,,,No,464
Clackamas,Precinct 419,Measure 3-633,,,No,635
Clackamas,Precinct 420,Measure 3-633,,,No,560
Clackamas,Precinct 421,Measure 3-633,,,No,588
Clackamas,Precinct 422,Measure 3-633,,,No,1169
Clackamas,Precinct 500,Measure 3-633,,,No,360
Clackamas,Precinct 501,Measure 3-633,,,No,1103
Clackamas,Precinct 502,Measure 3-633,,,No,1383
Clackamas,Precinct 503,Measure 3-633,,,No,1265
Clackamas,Precinct 504,Measure 3-633,,,No,1567
Clackamas,Precinct 506,Measure 3-633,,,No,953
Clackamas,Precinct 510,Measure 3-633,,,No,411
Clackamas,Precinct 511,Measure 3-633,,,No,888
Clackamas,Precinct 512,Measure 3-633,,,No,767
Clackamas,Precinct 513,Measure 3-633,,,No,59
Clackamas,Precinct 514,Measure 3-633,,,No,2265
Clackamas,Precinct 515,Measure 3-633,,,No,692
Clackamas,Precinct 516,Measure 3-633,,,No,963
Clackamas,Precinct 517,Measure 3-633,,,No,939
Clackamas,Precinct 518,Measure 3-633,,,No,1018
Clackamas,Precinct 600,Measure 3-633,,,No,1640
Clackamas,Precinct 602,Measure 3-633,,,No,1469
Clackamas,Precinct 604,Measure 3-633,,,No,2585
Clackamas,Precinct 606,Measure 3-633,,,No,730
Clackamas,Precinct 608,Measure 3-633,,,No,929
Clackamas,Precinct 614,Measure 3-633,,,No,761
Clackamas,Precinct 616,Measure 3-633,,,No,1208
Clackamas,Precinct 618,Measure 3-633,,,No,170
Clackamas,Precinct 620,Measure 3-633,,,No,92
Clackamas,Precinct 622,Measure 3-633,,,No,769
Clackamas,Precinct 626,Measure 3-633,,,No,1302
Clackamas,Precinct 628,Measure 3-633,,,No,281
Clackamas,Precinct 630,Measure 3-633,,,No,1865
Clackamas,Precinct 100,Measure 3-633,,,Over Votes,0
Clackamas,Precinct 101,Measure 3-633,,,Over Votes,0
Clackamas,Precinct 102,Measure 3-633,,,Over Votes,0
Clackamas,Precinct 103,Measure 3-633,,,Over Votes,0
Clackamas,Precinct 104,Measure 3-633,,,Over Votes,0
Clackamas,Precinct 105,Measure 3-633,,,Over Votes,0
Clackamas,Precinct 106,Measure 3-633,,,Over Votes,0
Clackamas,Precinct 107,Measure 3-633,,,Over Votes,0
Clackamas,Precinct 108,Measure 3-633,,,Over Votes,0
Clackamas,Precinct 109,Measure 3-633,,,Over Votes,0
Clackamas,Precinct 111,Measure 3-633,,,Over Votes,2
Clackamas,Precinct 112,Measure 3-633,,,Over Votes,0
Clackamas,Precinct 113,Measure 3-633,,,Over Votes,0
Clackamas,Precinct 114,Measure 3-633,,,Over Votes,0
Clackamas,Precinct 115,Measure 3-633,,,Over Votes,0
Clackamas,Precinct 116,Measure 3-633,,,Over Votes,0
Clackamas,Precinct 122,Measure 3-633,,,Over Votes,0
Clackamas,Precinct 123,Measure 3-633,,,Over Votes,0
Clackamas,Precinct 124,Measure 3-633,,,Over Votes,1
Clackamas,Precinct 125,Measure 3-633,,,Over Votes,0
Clackamas,Precinct 127,Measure 3-633,,,Over Votes,0
Clackamas,Precinct 131,Measure 3-633,,,Over Votes,1
Clackamas,Precinct 132,Measure 3-633,,,Over Votes,1
Clackamas,Precinct 133,Measure 3-633,,,Over Votes,0
Clackamas,Precinct 134,Measure 3-633,,,Over Votes,0
Clackamas,Precinct 135,Measure 3-633,,,Over Votes,1
Clackamas,Precinct 151,Measure 3-633,,,Over Votes,0
Clackamas,Precinct 152,Measure 3-633,,,Over Votes,0
Clackamas,Precinct 153,Measure 3-633,,,Over Votes,0
Clackamas,Precinct 154,Measure 3-633,,,Over Votes,0
Clackamas,Precinct 155,Measure 3-633,,,Over Votes,0
Clackamas,Precinct 156,Measure 3-633,,,Over Votes,1
Clackamas,Precinct 157,Measure 3-633,,,Over Votes,0
Clackamas,Precinct 158,Measure 3-633,,,Over Votes,0
Clackamas,Precinct 159,Measure 3-633,,,Over Votes,0
Clackamas,Precinct 160,Measure 3-633,,,Over Votes,0
Clackamas,Precinct 161,Measure 3-633,,,Over Votes,0
Clackamas,Precinct 162,Measure 3-633,,,Over Votes,0
Clackamas,Precinct 201,Measure 3-633,,,Over Votes,0
Clackamas,Precinct 202,Measure 3-633,,,Over Votes,0
Clackamas,Precinct 203,Measure 3-633,,,Over Votes,0
Clackamas,Precinct 204,Measure 3-633,,,Over Votes,0
Clackamas,Precinct 251,Measure 3-633,,,Over Votes,0
Clackamas,Precinct 279,Measure 3-633,,,Over Votes,0
Clackamas,Precinct 280,Measure 3-633,,,Over Votes,0
Clackamas,Precinct 281,Measure 3-633,,,Over Votes,0
Clackamas,Precinct 282,Measure 3-633,,,Over Votes,0
Clackamas,Precinct 283,Measure 3-633,,,Over Votes,0
Clackamas,Precinct 284,Measure 3-633,,,Over Votes,0
Clackamas,Precinct 285,Measure 3-633,,,Over Votes,0
Clackamas,Precinct 286,Measure 3-633,,,Over Votes,0
Clackamas,Precinct 320,Measure 3-633,,,Over Votes,0
Clackamas,Precinct 321,Measure 3-633,,,Over Votes,0
Clackamas,Precinct 322,Measure 3-633,,,Over Votes,0
Clackamas,Precinct 323,Measure 3-633,,,Over Votes,0
Clackamas,Precinct 324,Measure 3-633,,,Over Votes,0
Clackamas,Precinct 330,Measure 3-633,,,Over Votes,1
Clackamas,Precinct 331,Measure 3-633,,,Over Votes,0
Clackamas,Precinct 332,Measure 3-633,,,Over Votes,0
Clackamas,Precinct 350,Measure 3-633,,,Over Votes,0
Clackamas,Precinct 355,Measure 3-633,,,Over Votes,0
Clackamas,Precinct 357,Measure 3-633,,,Over Votes,0
Clackamas,Precinct 358,Measure 3-633,,,Over Votes,0
Clackamas,Precinct 359,Measure 3-633,,,Over Votes,0
Clackamas,Precinct 360,Measure 3-633,,,Over Votes,0
Clackamas,Precinct 361,Measure 3-633,,,Over Votes,0
Clackamas,Precinct 362,Measure 3-633,,,Over Votes,0
Clackamas,Precinct 363,Measure 3-633,,,Over Votes,0
Clackamas,Precinct 364,Measure 3-633,,,Over Votes,0
Clackamas,Precinct 371,Measure 3-633,,,Over Votes,0
Clackamas,Precinct 372,Measure 3-633,,,Over Votes,0
Clackamas,Precinct 373,Measure 3-633,,,Over Votes,0
Clackamas,Precinct 374,Measure 3-633,,,Over Votes,0
Clackamas,Precinct 400,Measure 3-633,,,Over Votes,0
Clackamas,Precinct 403,Measure 3-633,,,Over Votes,0
Clackamas,Precinct 404,Measure 3-633,,,Over Votes,0
Clackamas,Precinct 405,Measure 3-633,,,Over Votes,1
Clackamas,Precinct 406,Measure 3-633,,,Over Votes,0
Clackamas,Precinct 410,Measure 3-633,,,Over Votes,0
Clackamas,Precinct 411,Measure 3-633,,,Over Votes,0
Clackamas,Precinct 412,Measure 3-633,,,Over Votes,0
Clackamas,Precinct 413,Measure 3-633,,,Over Votes,0
Clackamas,Precinct 414,Measure 3-633,,,Over Votes,0
Clackamas,Precinct 415,Measure 3-633,,,Over Votes,0
Clackamas,Precinct 416,Measure 3-633,,,Over Votes,0
Clackamas,Precinct 417,Measure 3-633,,,Over Votes,0
Clackamas,Precinct 418,Measure 3-633,,,Over Votes,0
Clackamas,Precinct 419,Measure 3-633,,,Over Votes,0
Clackamas,Precinct 420,Measure 3-633,,,Over Votes,0
Clackamas,Precinct 421,Measure 3-633,,,Over Votes,0
Clackamas,Precinct 422,Measure 3-633,,,Over Votes,0
Clackamas,Precinct 500,Measure 3-633,,,Over Votes,0
Clackamas,Precinct 501,Measure 3-633,,,Over Votes,1
Clackamas,Precinct 502,Measure 3-633,,,Over Votes,0
Clackamas,Precinct 503,Measure 3-633,,,Over Votes,0
Clackamas,Precinct 504,Measure 3-633,,,Over Votes,0
Clackamas,Precinct 506,Measure 3-633,,,Over Votes,0
Clackamas,Precinct 510,Measure 3-633,,,Over Votes,0
Clackamas,Precinct 511,Measure 3-633,,,Over Votes,0
Clackamas,Precinct 512,Measure 3-633,,,Over Votes,0
Clackamas,Precinct 513,Measure 3-633,,,Over Votes,0
Clackamas,Precinct 514,Measure 3-633,,,Over Votes,0
Clackamas,Precinct 515,Measure 3-633,,,Over Votes,0
Clackamas,Precinct 516,Measure 3-633,,,Over Votes,0
Clackamas,Precinct 517,Measure 3-633,,,Over Votes,0
Clackamas,Precinct 518,Measure 3-633,,,Over Votes,1
Clackamas,Precinct 600,Measure 3-633,,,Over Votes,0
Clackamas,Precinct 602,Measure 3-633,,,Over Votes,0
Clackamas,Precinct 604,Measure 3-633,,,Over Votes,1
Clackamas,Precinct 606,Measure 3-633,,,Over Votes,1
Clackamas,Precinct 608,Measure 3-633,,,Over Votes,0
Clackamas,Precinct 614,Measure 3-633,,,Over Votes,0
Clackamas,Precinct 616,Measure 3-633,,,Over Votes,0
Clackamas,Precinct 618,Measure 3-633,,,Over Votes,0
Clackamas,Precinct 620,Measure 3-633,,,Over Votes,0
Clackamas,Precinct 622,Measure 3-633,,,Over Votes,0
Clackamas,Precinct 626,Measure 3-633,,,Over Votes,1
Clackamas,Precinct 628,Measure 3-633,,,Over Votes,0
Clackamas,Precinct 630,Measure 3-633,,,Over Votes,0
Clackamas,Precinct 100,Measure 3-633,,,Under Votes,0
Clackamas,Precinct 101,Measure 3-633,,,Under Votes,51
Clackamas,Precinct 102,Measure 3-633,,,Under Votes,13
Clackamas,Precinct 103,Measure 3-633,,,Under Votes,42
Clackamas,Precinct 104,Measure 3-633,,,Under Votes,1
Clackamas,Precinct 105,Measure 3-633,,,Under Votes,42
Clackamas,Precinct 106,Measure 3-633,,,Under Votes,58
Clackamas,Precinct 107,Measure 3-633,,,Under Votes,30
Clackamas,Precinct 108,Measure 3-633,,,Under Votes,69
Clackamas,Precinct 109,Measure 3-633,,,Under Votes,0
Clackamas,Precinct 111,Measure 3-633,,,Under Votes,80
Clackamas,Precinct 112,Measure 3-633,,,Under Votes,0
Clackamas,Precinct 113,Measure 3-633,,,Under Votes,2
Clackamas,Precinct 114,Measure 3-633,,,Under Votes,1
Clackamas,Precinct 115,Measure 3-633,,,Under Votes,5
Clackamas,Precinct 116,Measure 3-633,,,Under Votes,1
Clackamas,Precinct 122,Measure 3-633,,,Under Votes,83
Clackamas,Precinct 123,Measure 3-633,,,Under Votes,49
Clackamas,Precinct 124,Measure 3-633,,,Under Votes,84
Clackamas,Precinct 125,Measure 3-633,,,Under Votes,53
Clackamas,Precinct 127,Measure 3-633,,,Under Votes,1
Clackamas,Precinct 131,Measure 3-633,,,Under Votes,79
Clackamas,Precinct 132,Measure 3-633,,,Under Votes,62
Clackamas,Precinct 133,Measure 3-633,,,Under Votes,35
Clackamas,Precinct 134,Measure 3-633,,,Under Votes,0
Clackamas,Precinct 135,Measure 3-633,,,Under Votes,61
Clackamas,Precinct 151,Measure 3-633,,,Under Votes,48
Clackamas,Precinct 152,Measure 3-633,,,Under Votes,108
Clackamas,Precinct 153,Measure 3-633,,,Under Votes,5
Clackamas,Precinct 154,Measure 3-633,,,Under Votes,2
Clackamas,Precinct 155,Measure 3-633,,,Under Votes,49
Clackamas,Precinct 156,Measure 3-633,,,Under Votes,162
Clackamas,Precinct 157,Measure 3-633,,,Under Votes,0
Clackamas,Precinct 158,Measure 3-633,,,Under Votes,85
Clackamas,Precinct 159,Measure 3-633,,,Under Votes,55
Clackamas,Precinct 160,Measure 3-633,,,Under Votes,34
Clackamas,Precinct 161,Measure 3-633,,,Under Votes,11
Clackamas,Precinct 162,Measure 3-633,,,Under Votes,14
Clackamas,Precinct 201,Measure 3-633,,,Under Votes,74
Clackamas,Precinct 202,Measure 3-633,,,Under Votes,94
Clackamas,Precinct 203,Measure 3-633,,,Under Votes,75
Clackamas,Precinct 204,Measure 3-633,,,Under Votes,49
Clackamas,Precinct 251,Measure 3-633,,,Under Votes,27
Clackamas,Precinct 279,Measure 3-633,,,Under Votes,2
Clackamas,Precinct 280,Measure 3-633,,,Under Votes,5
Clackamas,Precinct 281,Measure 3-633,,,Under Votes,13
Clackamas,Precinct 282,Measure 3-633,,,Under Votes,7
Clackamas,Precinct 283,Measure 3-633,,,Under Votes,9
Clackamas,Precinct 284,Measure 3-633,,,Under Votes,10
Clackamas,Precinct 285,Measure 3-633,,,Under Votes,0
Clackamas,Precinct 286,Measure 3-633,,,Under Votes,1
Clackamas,Precinct 320,Measure 3-633,,,Under Votes,3
Clackamas,Precinct 321,Measure 3-633,,,Under Votes,62
Clackamas,Precinct 322,Measure 3-633,,,Under Votes,22
Clackamas,Precinct 323,Measure 3-633,,,Under Votes,36
Clackamas,Precinct 324,Measure 3-633,,,Under Votes,2
Clackamas,Precinct 330,Measure 3-633,,,Under Votes,72
Clackamas,Precinct 331,Measure 3-633,,,Under Votes,41
Clackamas,Precinct 332,Measure 3-633,,,Under Votes,17
Clackamas,Precinct 350,Measure 3-633,,,Under Votes,39
Clackamas,Precinct 355,Measure 3-633,,,Under Votes,0
Clackamas,Precinct 357,Measure 3-633,,,Under Votes,6
Clackamas,Precinct 358,Measure 3-633,,,Under Votes,10
Clackamas,Precinct 359,Measure 3-633,,,Under Votes,51
Clackamas,Precinct 360,Measure 3-633,,,Under Votes,20
Clackamas,Precinct 361,Measure 3-633,,,Under Votes,0
Clackamas,Precinct 362,Measure 3-633,,,Under Votes,13
Clackamas,Precinct 363,Measure 3-633,,,Under Votes,30
Clackamas,Precinct 364,Measure 3-633,,,Under Votes,6
Clackamas,Precinct 371,Measure 3-633,,,Under Votes,5
Clackamas,Precinct 372,Measure 3-633,,,Under Votes,0
Clackamas,Precinct 373,Measure 3-633,,,Under Votes,83
Clackamas,Precinct 374,Measure 3-633,,,Under Votes,0
Clackamas,Precinct 400,Measure 3-633,,,Under Votes,57
Clackamas,Precinct 403,Measure 3-633,,,Under Votes,32
Clackamas,Precinct 404,Measure 3-633,,,Under Votes,80
Clackamas,Precinct 405,Measure 3-633,,,Under Votes,39
Clackamas,Precinct 406,Measure 3-633,,,Under Votes,10
Clackamas,Precinct 410,Measure 3-633,,,Under Votes,43
Clackamas,Precinct 411,Measure 3-633,,,Under Votes,46
Clackamas,Precinct 412,Measure 3-633,,,Under Votes,30
Clackamas,Precinct 413,Measure 3-633,,,Under Votes,2
Clackamas,Precinct 414,Measure 3-633,,,Under Votes,9
Clackamas,Precinct 415,Measure 3-633,,,Under Votes,9
Clackamas,Precinct 416,Measure 3-633,,,Under Votes,36
Clackamas,Precinct 417,Measure 3-633,,,Under Votes,10
Clackamas,Precinct 418,Measure 3-633,,,Under Votes,15
Clackamas,Precinct 419,Measure 3-633,,,Under Votes,29
Clackamas,Precinct 420,Measure 3-633,,,Under Votes,22
Clackamas,Precinct 421,Measure 3-633,,,Under Votes,31
Clackamas,Precinct 422,Measure 3-633,,,Under Votes,56
Clackamas,Precinct 500,Measure 3-633,,,Under Votes,17
Clackamas,Precinct 501,Measure 3-633,,,Under Votes,83
Clackamas,Precinct 502,Measure 3-633,,,Under Votes,79
Clackamas,Precinct 503,Measure 3-633,,,Under Votes,52
Clackamas,Precinct 504,Measure 3-633,,,Under Votes,71
Clackamas,Precinct 506,Measure 3-633,,,Under Votes,31
Clackamas,Precinct 510,Measure 3-633,,,Under Votes,6
Clackamas,Precinct 511,Measure 3-633,,,Under Votes,44
Clackamas,Precinct 512,Measure 3-633,,,Under Votes,41
Clackamas,Precinct 513,Measure 3-633,,,Under Votes,3
Clackamas,Precinct 514,Measure 3-633,,,Under Votes,93
Clackamas,Precinct 515,Measure 3-633,,,Under Votes,20
Clackamas,Precinct 516,Measure 3-633,,,Under Votes,42
Clackamas,Precinct 517,Measure 3-633,,,Under Votes,45
Clackamas,Precinct 518,Measure 3-633,,,Under Votes,36
Clackamas,Precinct 600,Measure 3-633,,,Under Votes,60
Clackamas,Precinct 602,Measure 3-633,,,Under Votes,53
Clackamas,Precinct 604,Measure 3-633,,,Under Votes,94
Clackamas,Precinct 606,Measure 3-633,,,Under Votes,28
Clackamas,Precinct 608,Measure 3-633,,,Under Votes,41
Clackamas,Precinct 614,Measure 3-633,,,Under Votes,48
Clackamas,Precinct 616,Measure 3-633,,,Under Votes,59
Clackamas,Precinct 618,Measure 3-633,,,Under Votes,8
Clackamas,Precinct 620,Measure 3-633,,,Under Votes,4
Clackamas,Precinct 622,Measure 3-633,,,Under Votes,29
Clackamas,Precinct 626,Measure 3-633,,,Under Votes,64
Clackamas,Precinct 628,Measure 3-633,,,Under Votes,14
Clackamas,Precinct 630,Measure 3-633,,,Under Votes,77
Clackamas,Precinct 100,Measure 3-633,,,Yes,20
Clackamas,Precinct 101,Measure 3-633,,,Yes,1055
Clackamas,Precinct 102,Measure 3-633,,,Yes,248
Clackamas,Precinct 103,Measure 3-633,,,Yes,618
Clackamas,Precinct 104,Measure 3-633,,,Yes,5
Clackamas,Precinct 105,Measure 3-633,,,Yes,797
Clackamas,Precinct 106,Measure 3-633,,,Yes,611
Clackamas,Precinct 107,Measure 3-633,,,Yes,331
Clackamas,Precinct 108,Measure 3-633,,,Yes,766
Clackamas,Precinct 109,Measure 3-633,,,Yes,0
Clackamas,Precinct 111,Measure 3-633,,,Yes,683
Clackamas,Precinct 112,Measure 3-633,,,Yes,0
Clackamas,Precinct 113,Measure 3-633,,,Yes,13
Clackamas,Precinct 114,Measure 3-633,,,Yes,28
Clackamas,Precinct 115,Measure 3-633,,,Yes,52
Clackamas,Precinct 116,Measure 3-633,,,Yes,0
Clackamas,Precinct 122,Measure 3-633,,,Yes,1046
Clackamas,Precinct 123,Measure 3-633,,,Yes,593
Clackamas,Precinct 124,Measure 3-633,,,Yes,1054
Clackamas,Precinct 125,Measure 3-633,,,Yes,392
Clackamas,Precinct 127,Measure 3-633,,,Yes,19
Clackamas,Precinct 131,Measure 3-633,,,Yes,1122
Clackamas,Precinct 132,Measure 3-633,,,Yes,927
Clackamas,Precinct 133,Measure 3-633,,,Yes,388
Clackamas,Precinct 134,Measure 3-633,,,Yes,1
Clackamas,Precinct 135,Measure 3-633,,,Yes,1162
Clackamas,Precinct 151,Measure 3-633,,,Yes,661
Clackamas,Precinct 152,Measure 3-633,,,Yes,1433
Clackamas,Precinct 153,Measure 3-633,,,Yes,100
Clackamas,Precinct 154,Measure 3-633,,,Yes,10
Clackamas,Precinct 155,Measure 3-633,,,Yes,591
Clackamas,Precinct 156,Measure 3-633,,,Yes,1465
Clackamas,Precinct 157,Measure 3-633,,,Yes,15
Clackamas,Precinct 158,Measure 3-633,,,Yes,923
Clackamas,Precinct 159,Measure 3-633,,,Yes,568
Clackamas,Precinct 160,Measure 3-633,,,Yes,358
Clackamas,Precinct 161,Measure 3-633,,,Yes,110
Clackamas,Precinct 162,Measure 3-633,,,Yes,167
Clackamas,Precinct 201,Measure 3-633,,,Yes,1049
Clackamas,Precinct 202,Measure 3-633,,,Yes,1150
Clackamas,Precinct 203,Measure 3-633,,,Yes,841
Clackamas,Precinct 204,Measure 3-633,,,Yes,579
Clackamas,Precinct 251,Measure 3-633,,,Yes,400
Clackamas,Precinct 279,Measure 3-633,,,Yes,27
Clackamas,Precinct 280,Measure 3-633,,,Yes,87
Clackamas,Precinct 281,Measure 3-633,,,Yes,272
Clackamas,Precinct 282,Measure 3-633,,,Yes,70
Clackamas,Precinct 283,Measure 3-633,,,Yes,106
Clackamas,Precinct 284,Measure 3-633,,,Yes,98
Clackamas,Precinct 285,Measure 3-633,,,Yes,6
Clackamas,Precinct 286,Measure 3-633,,,Yes,38
Clackamas,Precinct 320,Measure 3-633,,,Yes,31
Clackamas,Precinct 321,Measure 3-633,,,Yes,544
Clackamas,Precinct 322,Measure 3-633,,,Yes,270
Clackamas,Precinct 323,Measure 3-633,,,Yes,300
Clackamas,Precinct 324,Measure 3-633,,,Yes,7
Clackamas,Precinct 330,Measure 3-633,,,Yes,727
Clackamas,Precinct 331,Measure 3-633,,,Yes,457
Clackamas,Precinct 332,Measure 3-633,,,Yes,189
Clackamas,Precinct 350,Measure 3-633,,,Yes,558
Clackamas,Precinct 355,Measure 3-633,,,Yes,0
Clackamas,Precinct 357,Measure 3-633,,,Yes,32
Clackamas,Precinct 358,Measure 3-633,,,Yes,66
Clackamas,Precinct 359,Measure 3-633,,,Yes,549
Clackamas,Precinct 360,Measure 3-633,,,Yes,233
Clackamas,Precinct 361,Measure 3-633,,,Yes,1
Clackamas,Precinct 362,Measure 3-633,,,Yes,134
Clackamas,Precinct 363,Measure 3-633,,,Yes,393
Clackamas,Precinct 364,Measure 3-633,,,Yes,51
Clackamas,Precinct 371,Measure 3-633,,,Yes,58
Clackamas,Precinct 372,Measure 3-633,,,Yes,7
Clackamas,Precinct 373,Measure 3-633,,,Yes,653
Clackamas,Precinct 374,Measure 3-633,,,Yes,0
Clackamas,Precinct 400,Measure 3-633,,,Yes,897
Clackamas,Precinct 403,Measure 3-633,,,Yes,250
Clackamas,Precinct 404,Measure 3-633,,,Yes,700
Clackamas,Precinct 405,Measure 3-633,,,Yes,451
Clackamas,Precinct 406,Measure 3-633,,,Yes,179
Clackamas,Precinct 410,Measure 3-633,,,Yes,639
Clackamas,Precinct 411,Measure 3-633,,,Yes,823
Clackamas,Precinct 412,Measure 3-633,,,Yes,373
Clackamas,Precinct 413,Measure 3-633,,,Yes,28
Clackamas,Precinct 414,Measure 3-633,,,Yes,161
Clackamas,Precinct 415,Measure 3-633,,,Yes,103
Clackamas,Precinct 416,Measure 3-633,,,Yes,487
Clackamas,Precinct 417,Measure 3-633,,,Yes,242
Clackamas,Precinct 418,Measure 3-633,,,Yes,199
Clackamas,Precinct 419,Measure 3-633,,,Yes,395
Clackamas,Precinct 420,Measure 3-633,,,Yes,370
Clackamas,Precinct 421,Measure 3-633,,,Yes,442
Clackamas,Precinct 422,Measure 3-633,,,Yes,697
Clackamas,Precinct 500,Measure 3-633,,,Yes,282
Clackamas,Precinct 501,Measure 3-633,,,Yes,1203
Clackamas,Precinct 502,Measure 3-633,,,Yes,964
Clackamas,Precinct 503,Measure 3-633,,,Yes,890
Clackamas,Precinct 504,Measure 3-633,,,Yes,1054
Clackamas,Precinct 506,Measure 3-633,,,Yes,596
Clackamas,Precinct 510,Measure 3-633,,,Yes,196
Clackamas,Precinct 511,Measure 3-633,,,Yes,550
Clackamas,Precinct 512,Measure 3-633,,,Yes,416
Clackamas,Precinct 513,Measure 3-633,,,Yes,22
Clackamas,Precinct 514,Measure 3-633,,,Yes,1071
Clackamas,Precinct 515,Measure 3-633,,,Yes,286
Clackamas,Precinct 516,Measure 3-633,,,Yes,503
Clackamas,Precinct 517,Measure 3-633,,,Yes,336
Clackamas,Precinct 518,Measure 3-633,,,Yes,423
Clackamas,Precinct 600,Measure 3-633,,,Yes,804
Clackamas,Precinct 602,Measure 3-633,,,Yes,824
Clackamas,Precinct 604,Measure 3-633,,,Yes,1307
Clackamas,Precinct 606,Measure 3-633,,,Yes,351
Clackamas,Precinct 608,Measure 3-633,,,Yes,537
Clackamas,Precinct 614,Measure 3-633,,,Yes,448
Clackamas,Precinct 616,Measure 3-633,,,Yes,744
Clackamas,Precinct 618,Measure 3-633,,,Yes,132
Clackamas,Precinct 620,Measure 3-633,,,Yes,55
Clackamas,Precinct 622,Measure 3-633,,,Yes,470
Clackamas,Precinct 626,Measure 3-633,,,Yes,883
Clackamas,Precinct 628,Measure 3-633,,,Yes,214
Clackamas,Precinct 630,Measure 3-633,,,Yes,1128
Clackamas,Precinct 107,Measure 3-634,,,No,470
Clackamas,Precinct 108,Measure 3-634,,,No,1056
Clackamas,Precinct 109,Measure 3-634,,,No,0
Clackamas,Precinct 363,Measure 3-634,,,No,492
Clackamas,Precinct 364,Measure 3-634,,,No,80
Clackamas,Precinct 371,Measure 3-634,,,No,78
Clackamas,Precinct 372,Measure 3-634,,,No,10
Clackamas,Precinct 403,Measure 3-634,,,No,251
Clackamas,Precinct 404,Measure 3-634,,,No,703
Clackamas,Precinct 405,Measure 3-634,,,No,24
Clackamas,Precinct 107,Measure 3-634,,,Over Votes,0
Clackamas,Precinct 108,Measure 3-634,,,Over Votes,4
Clackamas,Precinct 109,Measure 3-634,,,Over Votes,0
Clackamas,Precinct 363,Measure 3-634,,,Over Votes,1
Clackamas,Precinct 364,Measure 3-634,,,Over Votes,0
Clackamas,Precinct 371,Measure 3-634,,,Over Votes,0
Clackamas,Precinct 372,Measure 3-634,,,Over Votes,0
Clackamas,Precinct 403,Measure 3-634,,,Over Votes,0
Clackamas,Precinct 404,Measure 3-634,,,Over Votes,0
Clackamas,Precinct 405,Measure 3-634,,,Over Votes,0
Clackamas,Precinct 107,Measure 3-634,,,Under Votes,16
Clackamas,Precinct 108,Measure 3-634,,,Under Votes,42
Clackamas,Precinct 109,Measure 3-634,,,Under Votes,0
Clackamas,Precinct 363,Measure 3-634,,,Under Votes,27
Clackamas,Precinct 364,Measure 3-634,,,Under Votes,5
Clackamas,Precinct 371,Measure 3-634,,,Under Votes,2
Clackamas,Precinct 372,Measure 3-634,,,Under Votes,0
Clackamas,Precinct 403,Measure 3-634,,,Under Votes,14
Clackamas,Precinct 404,Measure 3-634,,,Under Votes,47
Clackamas,Precinct 405,Measure 3-634,,,Under Votes,1
Clackamas,Precinct 107,Measure 3-634,,,Yes,609
Clackamas,Precinct 108,Measure 3-634,,,Yes,1328
Clackamas,Precinct 109,Measure 3-634,,,Yes,0
Clackamas,Precinct 363,Measure 3-634,,,Yes,597
Clackamas,Precinct 364,Measure 3-634,,,Yes,89
Clackamas,Precinct 371,Measure 3-634,,,Yes,92
Clackamas,Precinct 372,Measure 3-634,,,Yes,16
Clackamas,Precinct 403,Measure 3-634,,,Yes,325
Clackamas,Precinct 404,Measure 3-634,,,Yes,708
Clackamas,Precinct 405,Measure 3-634,,,Yes,11
Clackamas,Precinct 151,Measure 3-635,,,No,507
Clackamas,Precinct 152,Measure 3-635,,,No,817
Clackamas,Precinct 153,Measure 3-635,,,No,98
Clackamas,Precinct 154,Measure 3-635,,,No,29
Clackamas,Precinct 155,Measure 3-635,,,No,539
Clackamas,Precinct 156,Measure 3-635,,,No,580
Clackamas,Precinct 157,Measure 3-635,,,No,22
Clackamas,Precinct 158,Measure 3-635,,,No,694
Clackamas,Precinct 159,Measure 3-635,,,No,595
Clackamas,Precinct 160,Measure 3-635,,,No,326
Clackamas,Precinct 161,Measure 3-635,,,No,115
Clackamas,Precinct 151,Measure 3-635,,,Over Votes,0
Clackamas,Precinct 152,Measure 3-635,,,Over Votes,0
Clackamas,Precinct 153,Measure 3-635,,,Over Votes,0
Clackamas,Precinct 154,Measure 3-635,,,Over Votes,0
Clackamas,Precinct 155,Measure 3-635,,,Over Votes,0
Clackamas,Precinct 156,Measure 3-635,,,Over Votes,0
Clackamas,Precinct 157,Measure 3-635,,,Over Votes,0
Clackamas,Precinct 158,Measure 3-635,,,Over Votes,0
Clackamas,Precinct 159,Measure 3-635,,,Over Votes,0
Clackamas,Precinct 160,Measure 3-635,,,Over Votes,0
Clackamas,Precinct 161,Measure 3-635,,,Over Votes,0
Clackamas,Precinct 151,Measure 3-635,,,Under Votes,30
Clackamas,Precinct 152,Measure 3-635,,,Under Votes,28
Clackamas,Precinct 153,Measure 3-635,,,Under Votes,4
Clackamas,Precinct 154,Measure 3-635,,,Under Votes,3
Clackamas,Precinct 155,Measure 3-635,,,Under Votes,36
Clackamas,Precinct 156,Measure 3-635,,,Under Votes,50
Clackamas,Precinct 157,Measure 3-635,,,Under Votes,0
Clackamas,Precinct 158,Measure 3-635,,,Under Votes,55
Clackamas,Precinct 159,Measure 3-635,,,Under Votes,30
Clackamas,Precinct 160,Measure 3-635,,,Under Votes,20
Clackamas,Precinct 161,Measure 3-635,,,Under Votes,6
Clackamas,Precinct 151,Measure 3-635,,,Yes,972
Clackamas,Precinct 152,Measure 3-635,,,Yes,2317
Clackamas,Precinct 153,Measure 3-635,,,Yes,147
Clackamas,Precinct 154,Measure 3-635,,,Yes,12
Clackamas,Precinct 155,Measure 3-635,,,Yes,867
Clackamas,Precinct 156,Measure 3-635,,,Yes,2159
Clackamas,Precinct 157,Measure 3-635,,,Yes,28
Clackamas,Precinct 158,Measure 3-635,,,Yes,1388
Clackamas,Precinct 159,Measure 3-635,,,Yes,925
Clackamas,Precinct 160,Measure 3-635,,,Yes,569
Clackamas,Precinct 161,Measure 3-635,,,Yes,172
Clackamas,Precinct 122,Measure 3-636,,,No,1190
Clackamas,Precinct 123,Measure 3-636,,,No,733
Clackamas,Precinct 124,Measure 3-636,,,No,1282
Clackamas,Precinct 125,Measure 3-636,,,No,444
Clackamas,Precinct 127,Measure 3-636,,,No,35
Clackamas,Precinct 203,Measure 3-636,,,No,748
Clackamas,Precinct 330,Measure 3-636,,,No,337
Clackamas,Precinct 331,Measure 3-636,,,No,680
Clackamas,Precinct 332,Measure 3-636,,,No,219
Clackamas,Precinct 510,Measure 3-636,,,No,40
Clackamas,Precinct 511,Measure 3-636,,,No,901
Clackamas,Precinct 515,Measure 3-636,,,No,240
Clackamas,Precinct 516,Measure 3-636,,,No,539
Clackamas,Precinct 122,Measure 3-636,,,Over Votes,1
Clackamas,Precinct 123,Measure 3-636,,,Over Votes,0
Clackamas,Precinct 124,Measure 3-636,,,Over Votes,0
Clackamas,Precinct 125,Measure 3-636,,,Over Votes,0
Clackamas,Precinct 127,Measure 3-636,,,Over Votes,0
Clackamas,Precinct 203,Measure 3-636,,,Over Votes,0
Clackamas,Precinct 330,Measure 3-636,,,Over Votes,0
Clackamas,Precinct 331,Measure 3-636,,,Over Votes,0
Clackamas,Precinct 332,Measure 3-636,,,Over Votes,0
Clackamas,Precinct 510,Measure 3-636,,,Over Votes,0
Clackamas,Precinct 511,Measure 3-636,,,Over Votes,0
Clackamas,Precinct 515,Measure 3-636,,,Over Votes,0
Clackamas,Precinct 516,Measure 3-636,,,Over Votes,0
Clackamas,Precinct 122,Measure 3-636,,,Under Votes,20
Clackamas,Precinct 123,Measure 3-636,,,Under Votes,21
Clackamas,Precinct 124,Measure 3-636,,,Under Votes,36
Clackamas,Precinct 125,Measure 3-636,,,Under Votes,15
Clackamas,Precinct 127,Measure 3-636,,,Under Votes,0
Clackamas,Precinct 203,Measure 3-636,,,Under Votes,102
Clackamas,Precinct 330,Measure 3-636,,,Under Votes,8
Clackamas,Precinct 331,Measure 3-636,,,Under Votes,22
Clackamas,Precinct 332,Measure 3-636,,,Under Votes,12
Clackamas,Precinct 510,Measure 3-636,,,Under Votes,2
Clackamas,Precinct 511,Measure 3-636,,,Under Votes,36
Clackamas,Precinct 515,Measure 3-636,,,Under Votes,6
Clackamas,Precinct 516,Measure 3-636,,,Under Votes,11
Clackamas,Precinct 122,Measure 3-636,,,Yes,1228
Clackamas,Precinct 123,Measure 3-636,,,Yes,716
Clackamas,Precinct 124,Measure 3-636,,,Yes,1397
Clackamas,Precinct 125,Measure 3-636,,,Yes,568
Clackamas,Precinct 127,Measure 3-636,,,Yes,27
Clackamas,Precinct 203,Measure 3-636,,,Yes,812
Clackamas,Precinct 330,Measure 3-636,,,Yes,304
Clackamas,Precinct 331,Measure 3-636,,,Yes,472
Clackamas,Precinct 332,Measure 3-636,,,Yes,178
Clackamas,Precinct 510,Measure 3-636,,,Yes,18
Clackamas,Precinct 511,Measure 3-636,,,Yes,452
Clackamas,Precinct 515,Measure 3-636,,,Yes,137
Clackamas,Precinct 516,Measure 3-636,,,Yes,435
Clackamas,Precinct 284,Measure 3-637,,,No,138
Clackamas,Precinct 285,Measure 3-637,,,No,4
Clackamas,Precinct 284,Measure 3-637,,,Over Votes,0
Clackamas,Precinct 285,Measure 3-637,,,Over Votes,0
Clackamas,Precinct 284,Measure 3-637,,,Under Votes,1
Clackamas,Precinct 285,Measure 3-637,,,Under Votes,0
Clackamas,Precinct 284,Measure 3-637,,,Yes,78
Clackamas,Precinct 285,Measure 3-637,,,Yes,9
Clackamas,Precinct 323,Measure 36-239,,,No,131
Clackamas,Precinct 323,Measure 36-239,,,Over Votes,0
Clackamas,Precinct 323,Measure 36-239,,,Under Votes,10
Clackamas,Precinct 323,Measure 36-239,,,Yes,55
Clackamas,Precinct 100,Registered Voters,,,,41
Clackamas,Precinct 101,Registered Voters,,,,2424
Clackamas,Precinct 102,Registered Voters,,,,478
Clackamas,Precinct 103,Registered Voters,,,,1126
Clackamas,Precinct 104,Registered Voters,,,,9
Clackamas,Precinct 105,Registered Voters,,,,1691
Clackamas,Precinct 106,Registered Voters,,,,866
Clackamas,Precinct 107,Registered Voters,,,,590
Clackamas,Precinct 108,Registered Voters,,,,1414
Clackamas,Precinct 109,Registered Voters,,,,0
Clackamas,Precinct 111,Registered Voters,,,,1196
Clackamas,Precinct 112,Registered Voters,,,,0
Clackamas,Precinct 113,Registered Voters,,,,21
Clackamas,Precinct 114,Registered Voters,,,,83
Clackamas,Precinct 115,Registered Voters,,,,133
Clackamas,Precinct 116,Registered Voters,,,,3
Clackamas,Precinct 122,Registered Voters,,,,1236
Clackamas,Precinct 123,Registered Voters,,,,636
Clackamas,Precinct 124,Registered Voters,,,,1148
Clackamas,Precinct 125,Registered Voters,,,,468
Clackamas,Precinct 127,Registered Voters,,,,16
Clackamas,Precinct 131,Registered Voters,,,,2656
Clackamas,Precinct 132,Registered Voters,,,,1913
Clackamas,Precinct 133,Registered Voters,,,,965
Clackamas,Precinct 134,Registered Voters,,,,4
Clackamas,Precinct 135,Registered Voters,,,,2491
Clackamas,Precinct 151,Registered Voters,,,,1155
Clackamas,Precinct 152,Registered Voters,,,,2481
Clackamas,Precinct 153,Registered Voters,,,,184
Clackamas,Precinct 154,Registered Voters,,,,50
Clackamas,Precinct 155,Registered Voters,,,,1304
Clackamas,Precinct 156,Registered Voters,,,,2317
Clackamas,Precinct 157,Registered Voters,,,,36
Clackamas,Precinct 158,Registered Voters,,,,2066
Clackamas,Precinct 159,Registered Voters,,,,1275
Clackamas,Precinct 160,Registered Voters,,,,850
Clackamas,Precinct 161,Registered Voters,,,,256
Clackamas,Precinct 162,Registered Voters,,,,315
Clackamas,Precinct 201,Registered Voters,,,,1766
Clackamas,Precinct 202,Registered Voters,,,,1937
Clackamas,Precinct 203,Registered Voters,,,,883
Clackamas,Precinct 204,Registered Voters,,,,913
Clackamas,Precinct 251,Registered Voters,,,,825
Clackamas,Precinct 279,Registered Voters,,,,54
Clackamas,Precinct 280,Registered Voters,,,,210
Clackamas,Precinct 281,Registered Voters,,,,546
Clackamas,Precinct 282,Registered Voters,,,,195
Clackamas,Precinct 283,Registered Voters,,,,185
Clackamas,Precinct 284,Registered Voters,,,,150
Clackamas,Precinct 285,Registered Voters,,,,8
Clackamas,Precinct 286,Registered Voters,,,,86
Clackamas,Precinct 320,Registered Voters,,,,40
Clackamas,Precinct 321,Registered Voters,,,,1032
Clackamas,Precinct 322,Registered Voters,,,,373
Clackamas,Precinct 323,Registered Voters,,,,504
Clackamas,Precinct 324,Registered Voters,,,,17
Clackamas,Precinct 330,Registered Voters,,,,842
Clackamas,Precinct 331,Registered Voters,,,,439
Clackamas,Precinct 332,Registered Voters,,,,199
Clackamas,Precinct 350,Registered Voters,,,,698
Clackamas,Precinct 355,Registered Voters,,,,0
Clackamas,Precinct 357,Registered Voters,,,,61
Clackamas,Precinct 358,Registered Voters,,,,112
Clackamas,Precinct 359,Registered Voters,,,,893
Clackamas,Precinct 360,Registered Voters,,,,313
Clackamas,Precinct 361,Registered Voters,,,,5
Clackamas,Precinct 362,Registered Voters,,,,218
Clackamas,Precinct 363,Registered Voters,,,,584
Clackamas,Precinct 364,Registered Voters,,,,75
Clackamas,Precinct 371,Registered Voters,,,,94
Clackamas,Precinct 372,Registered Voters,,,,9
Clackamas,Precinct 373,Registered Voters,,,,1502
Clackamas,Precinct 374,Registered Voters,,,,0
Clackamas,Precinct 400,Registered Voters,,,,1294
Clackamas,Precinct 403,Registered Voters,,,,474
Clackamas,Precinct 404,Registered Voters,,,,1081
Clackamas,Precinct 405,Registered Voters,,,,664
Clackamas,Precinct 406,Registered Voters,,,,228
Clackamas,Precinct 410,Registered Voters,,,,1504
Clackamas,Precinct 411,Registered Voters,,,,1707
Clackamas,Precinct 412,Registered Voters,,,,748
Clackamas,Precinct 413,Registered Voters,,,,99
Clackamas,Precinct 414,Registered Voters,,,,308
Clackamas,Precinct 415,Registered Voters,,,,164
Clackamas,Precinct 416,Registered Voters,,,,1056
Clackamas,Precinct 417,Registered Voters,,,,461
Clackamas,Precinct 418,Registered Voters,,,,392
Clackamas,Precinct 419,Registered Voters,,,,962
Clackamas,Precinct 420,Registered Voters,,,,837
Clackamas,Precinct 421,Registered Voters,,,,1340
Clackamas,Precinct 422,Registered Voters,,,,2134
Clackamas,Precinct 500,Registered Voters,,,,674
Clackamas,Precinct 501,Registered Voters,,,,2331
Clackamas,Precinct 502,Registered Voters,,,,2341
Clackamas,Precinct 503,Registered Voters,,,,1774
Clackamas,Precinct 504,Registered Voters,,,,2315
Clackamas,Precinct 506,Registered Voters,,,,1239
Clackamas,Precinct 510,Registered Voters,,,,334
Clackamas,Precinct 511,Registered Voters,,,,667
Clackamas,Precinct 512,Registered Voters,,,,725
Clackamas,Precinct 513,Registered Voters,,,,53
Clackamas,Precinct 514,Registered Voters,,,,1703
Clackamas,Precinct 515,Registered Voters,,,,401
Clackamas,Precinct 516,Registered Voters,,,,639
Clackamas,Precinct 517,Registered Voters,,,,513
Clackamas,Precinct 518,Registered Voters,,,,614
Clackamas,Precinct 600,Registered Voters,,,,2169
Clackamas,Precinct 602,Registered Voters,,,,1555
Clackamas,Precinct 604,Registered Voters,,,,2484
Clackamas,Precinct 606,Registered Voters,,,,960
Clackamas,Precinct 608,Registered Voters,,,,1138
Clackamas,Precinct 614,Registered Voters,,,,1047
Clackamas,Precinct 616,Registered Voters,,,,1645
Clackamas,Precinct 618,Registered Voters,,,,261
Clackamas,Precinct 620,Registered Voters,,,,126
Clackamas,Precinct 622,Registered Voters,,,,1345
Clackamas,Precinct 626,Registered Voters,,,,2545
Clackamas,Precinct 628,Registered Voters,,,,460
Clackamas,Precinct 630,Registered Voters,,,,3080
Clackamas,Precinct 111,State House,18,D,Over Votes,0
Clackamas,Precinct 127,State House,18,D,Over Votes,0
Clackamas,Precinct 330,State House,18,D,Over Votes,0
Clackamas,Precinct 331,State House,18,D,Over Votes,0
Clackamas,Precinct 350,State House,18,D,Over Votes,0
Clackamas,Precinct 357,State House,18,D,Over Votes,0
Clackamas,Precinct 358,State House,18,D,Over Votes,0
Clackamas,Precinct 361,State House,18,D,Over Votes,0
Clackamas,Precinct 362,State House,18,D,Over Votes,0
Clackamas,Precinct 515,State House,18,D,Over Votes,0
Clackamas,Precinct 517,State House,18,D,Over Votes,0
Clackamas,Precinct 111,State House,18,D,Under Votes,457
Clackamas,Precinct 127,State House,18,D,Under Votes,8
Clackamas,Precinct 330,State House,18,D,Under Votes,469
Clackamas,Precinct 331,State House,18,D,Under Votes,266
Clackamas,Precinct 350,State House,18,D,Under Votes,355
Clackamas,Precinct 357,State House,18,D,Under Votes,37
Clackamas,Precinct 358,State House,18,D,Under Votes,57
Clackamas,Precinct 361,State House,18,D,Under Votes,0
Clackamas,Precinct 362,State House,18,D,Under Votes,116
Clackamas,Precinct 515,State House,18,D,Under Votes,232
Clackamas,Precinct 517,State House,18,D,Under Votes,265
Clackamas,Precinct 111,State House,18,D,Write-ins,37
Clackamas,Precinct 127,State House,18,D,Write-ins,2
Clackamas,Precinct 330,State House,18,D,Write-ins,37
Clackamas,Precinct 331,State House,18,D,Write-ins,16
Clackamas,Precinct 350,State House,18,D,Write-ins,18
Clackamas,Precinct 357,State House,18,D,Write-ins,3
Clackamas,Precinct 358,State House,18,D,Write-ins,2
Clackamas,Precinct 361,State House,18,D,Write-ins,0
Clackamas,Precinct 362,State House,18,D,Write-ins,4
Clackamas,Precinct 515,State House,18,D,Write-ins,13
Clackamas,Precinct 517,State House,18,D,Write-ins,22
Clackamas,Precinct 111,State House,18,R,Amanda Staehely,462
Clackamas,Precinct 127,State House,18,R,Amanda Staehely,15
Clackamas,Precinct 330,State House,18,R,Amanda Staehely,536
Clackamas,Precinct 331,State House,18,R,Amanda Staehely,376
Clackamas,Precinct 350,State House,18,R,Amanda Staehely,356
Clackamas,Precinct 357,State House,18,R,Amanda Staehely,6
Clackamas,Precinct 358,State House,18,R,Amanda Staehely,32
Clackamas,Precinct 361,State House,18,R,Amanda Staehely,2
Clackamas,Precinct 362,State House,18,R,Amanda Staehely,43
Clackamas,Precinct 515,State House,18,R,Amanda Staehely,211
Clackamas,Precinct 517,State House,18,R,Amanda Staehely,161
Clackamas,Precinct 111,State House,18,R,Ben Fisher,156
Clackamas,Precinct 127,State House,18,R,Ben Fisher,6
Clackamas,Precinct 330,State House,18,R,Ben Fisher,148
Clackamas,Precinct 331,State House,18,R,Ben Fisher,52
Clackamas,Precinct 350,State House,18,R,Ben Fisher,163
Clackamas,Precinct 357,State House,18,R,Ben Fisher,20
Clackamas,Precinct 358,State House,18,R,Ben Fisher,28
Clackamas,Precinct 361,State House,18,R,Ben Fisher,0
Clackamas,Precinct 362,State House,18,R,Ben Fisher,56
Clackamas,Precinct 515,State House,18,R,Ben Fisher,58
Clackamas,Precinct 517,State House,18,R,Ben Fisher,95
Clackamas,Precinct 111,State House,18,R,Bryan Starr,368
Clackamas,Precinct 127,State House,18,R,Bryan Starr,9
Clackamas,Precinct 330,State House,18,R,Bryan Starr,387
Clackamas,Precinct 331,State House,18,R,Bryan Starr,129
Clackamas,Precinct 350,State House,18,R,Bryan Starr,333
Clackamas,Precinct 357,State House,18,R,Bryan Starr,17
Clackamas,Precinct 358,State House,18,R,Bryan Starr,25
Clackamas,Precinct 361,State House,18,R,Bryan Starr,0
Clackamas,Precinct 362,State House,18,R,Bryan Starr,58
Clackamas,Precinct 515,State House,18,R,Bryan Starr,120
Clackamas,Precinct 517,State House,18,R,Bryan Starr,225
Clackamas,Precinct 111,State House,18,R,Joseph Steininger,103
Clackamas,Precinct 127,State House,18,R,Joseph Steininger,1
Clackamas,Precinct 330,State House,18,R,Joseph Steininger,78
Clackamas,Precinct 331,State House,18,R,Joseph Steininger,34
Clackamas,Precinct 350,State House,18,R,Joseph Steininger,105
Clackamas,Precinct 357,State House,18,R,Joseph Steininger,0
Clackamas,Precinct 358,State House,18,R,Joseph Steininger,5
Clackamas,Precinct 361,State House,18,R,Joseph Steininger,0
Clackamas,Precinct 362,State House,18,R,Joseph Steininger,25
Clackamas,Precinct 515,State House,18,R,Joseph Steininger,44
Clackamas,Precinct 517,State House,18,R,Joseph Steininger,55
Clackamas,Precinct 111,State House,18,R,Matthew S. Lawson,44
Clackamas,Precinct 127,State House,18,R,Matthew S. Lawson,3
Clackamas,Precinct 330,State House,18,R,Matthew S. Lawson,45
Clackamas,Precinct 331,State House,18,R,Matthew S. Lawson,9
Clackamas,Precinct 350,State House,18,R,Matthew S. Lawson,26
Clackamas,Precinct 357,State House,18,R,Matthew S. Lawson,2
Clackamas,Precinct 358,State House,18,R,Matthew S. Lawson,1
Clackamas,Precinct 361,State House,18,R,Matthew S. Lawson,0
Clackamas,Precinct 362,State House,18,R,Matthew S. Lawson,3
Clackamas,Precinct 515,State House,18,R,Matthew S. Lawson,14
Clackamas,Precinct 517,State House,18,R,Matthew S. Lawson,18
Clackamas,Precinct 111,State House,18,R,Over Votes,0
Clackamas,Precinct 127,State House,18,R,Over Votes,0
Clackamas,Precinct 330,State House,18,R,Over Votes,0
Clackamas,Precinct 331,State House,18,R,Over Votes,0
Clackamas,Precinct 350,State House,18,R,Over Votes,0
Clackamas,Precinct 357,State House,18,R,Over Votes,0
Clackamas,Precinct 358,State House,18,R,Over Votes,0
Clackamas,Precinct 361,State House,18,R,Over Votes,0
Clackamas,Precinct 362,State House,18,R,Over Votes,0
Clackamas,Precinct 515,State House,18,R,Over Votes,0
Clackamas,Precinct 517,State House,18,R,Over Votes,0
Clackamas,Precinct 111,State House,18,R,Under Votes,225
Clackamas,Precinct 127,State House,18,R,Under Votes,3
Clackamas,Precinct 330,State House,18,R,Under Votes,244
Clackamas,Precinct 331,State House,18,R,Under Votes,117
Clackamas,Precinct 350,State House,18,R,Under Votes,202
Clackamas,Precinct 357,State House,18,R,Under Votes,11
Clackamas,Precinct 358,State House,18,R,Under Votes,36
Clackamas,Precinct 361,State House,18,R,Under Votes,0
Clackamas,Precinct 362,State House,18,R,Under Votes,75
Clackamas,Precinct 515,State House,18,R,Under Votes,74
Clackamas,Precinct 517,State House,18,R,Under Votes,126
Clackamas,Precinct 111,State House,18,R,Write-ins,5
Clackamas,Precinct 127,State House,18,R,Write-ins,0
Clackamas,Precinct 330,State House,18,R,Write-ins,5
Clackamas,Precinct 331,State House,18,R,Write-ins,2
Clackamas,Precinct 350,State House,18,R,Write-ins,2
Clackamas,Precinct 357,State House,18,R,Write-ins,0
Clackamas,Precinct 358,State House,18,R,Write-ins,0
Clackamas,Precinct 361,State House,18,R,Write-ins,0
Clackamas,Precinct 362,State House,18,R,Write-ins,0
Clackamas,Precinct 515,State House,18,R,Write-ins,1
Clackamas,Precinct 517,State House,18,R,Write-ins,1
Clackamas,Precinct 201,State House,26,D,Over Votes,0
Clackamas,Precinct 202,State House,26,D,Over Votes,0
Clackamas,Precinct 203,State House,26,D,Over Votes,0
Clackamas,Precinct 204,State House,26,D,Over Votes,0
Clackamas,Precinct 323,State House,26,D,Over Votes,0
Clackamas,Precinct 332,State House,26,D,Over Votes,0
Clackamas,Precinct 201,State House,26,D,Sue R. Rieke Smith,789
Clackamas,Precinct 202,State House,26,D,Sue R. Rieke Smith,775
Clackamas,Precinct 203,State House,26,D,Sue R. Rieke Smith,511
Clackamas,Precinct 204,State House,26,D,Sue R. Rieke Smith,343
Clackamas,Precinct 323,State House,26,D,Sue R. Rieke Smith,205
Clackamas,Precinct 332,State House,26,D,Sue R. Rieke Smith,83
Clackamas,Precinct 201,State House,26,D,Under Votes,220
Clackamas,Precinct 202,State House,26,D,Under Votes,283
Clackamas,Precinct 203,State House,26,D,Under Votes,178
Clackamas,Precinct 204,State House,26,D,Under Votes,136
Clackamas,Precinct 323,State House,26,D,Under Votes,73
Clackamas,Precinct 332,State House,26,D,Under Votes,39
Clackamas,Precinct 201,State House,26,D,Write-ins,5
Clackamas,Precinct 202,State House,26,D,Write-ins,5
Clackamas,Precinct 203,State House,26,D,Write-ins,0
Clackamas,Precinct 204,State House,26,D,Write-ins,7
Clackamas,Precinct 323,State House,26,D,Write-ins,3
Clackamas,Precinct 332,State House,26,D,Write-ins,1
Clackamas,Precinct 201,State House,26,R,Over Votes,0
Clackamas,Precinct 202,State House,26,R,Over Votes,0
Clackamas,Precinct 203,State House,26,R,Over Votes,0
Clackamas,Precinct 204,State House,26,R,Over Votes,0
Clackamas,Precinct 323,State House,26,R,Over Votes,0
Clackamas,Precinct 332,State House,26,R,Over Votes,0
Clackamas,Precinct 201,State House,26,R,Stephanie Carkin,353
Clackamas,Precinct 202,State House,26,R,Stephanie Carkin,439
Clackamas,Precinct 203,State House,26,R,Stephanie Carkin,365
Clackamas,Precinct 204,State House,26,R,Stephanie Carkin,263
Clackamas,Precinct 323,State House,26,R,Stephanie Carkin,218
Clackamas,Precinct 332,State House,26,R,Stephanie Carkin,87
Clackamas,Precinct 201,State House,26,R,Under Votes,290
Clackamas,Precinct 202,State House,26,R,Under Votes,381
Clackamas,Precinct 203,State House,26,R,Under Votes,273
Clackamas,Precinct 204,State House,26,R,Under Votes,197
Clackamas,Precinct 323,State House,26,R,Under Votes,199
Clackamas,Precinct 332,State House,26,R,Under Votes,110
Clackamas,Precinct 201,State House,26,R,Write-ins,10
Clackamas,Precinct 202,State House,26,R,Write-ins,9
Clackamas,Precinct 203,State House,26,R,Write-ins,7
Clackamas,Precinct 204,State House,26,R,Write-ins,7
Clackamas,Precinct 323,State House,26,R,Write-ins,4
Clackamas,Precinct 332,State House,26,R,Write-ins,1
Clackamas,Precinct 131,State House,37,D,Jules Walters,1077
Clackamas,Precinct 132,State House,37,D,Jules Walters,871
Clackamas,Precinct 133,State House,37,D,Jules Walters,387
Clackamas,Precinct 135,State House,37,D,Jules Walters,1150
Clackamas,Precinct 153,State House,37,D,Jules Walters,82
Clackamas,Precinct 154,State House,37,D,Jules Walters,16
Clackamas,Precinct 157,State House,37,D,Jules Walters,9
Clackamas,Precinct 160,State House,37,D,Jules Walters,340
Clackamas,Precinct 251,State House,37,D,Jules Walters,334
Clackamas,Precinct 279,State House,37,D,Jules Walters,28
Clackamas,Precinct 281,State House,37,D,Jules Walters,210
Clackamas,Precinct 284,State House,37,D,Jules Walters,78
Clackamas,Precinct 285,State House,37,D,Jules Walters,2
Clackamas,Precinct 321,State House,37,D,Jules Walters,411
Clackamas,Precinct 322,State House,37,D,Jules Walters,158
Clackamas,Precinct 324,State House,37,D,Jules Walters,9
Clackamas,Precinct 131,State House,37,D,Over Votes,0
Clackamas,Precinct 132,State House,37,D,Over Votes,0
Clackamas,Precinct 133,State House,37,D,Over Votes,0
Clackamas,Precinct 135,State House,37,D,Over Votes,0
Clackamas,Precinct 153,State House,37,D,Over Votes,0
Clackamas,Precinct 154,State House,37,D,Over Votes,0
Clackamas,Precinct 157,State House,37,D,Over Votes,0
Clackamas,Precinct 160,State House,37,D,Over Votes,0
Clackamas,Precinct 251,State House,37,D,Over Votes,0
Clackamas,Precinct 279,State House,37,D,Over Votes,0
Clackamas,Precinct 281,State House,37,D,Over Votes,0
Clackamas,Precinct 284,State House,37,D,Over Votes,0
Clackamas,Precinct 285,State House,37,D,Over Votes,0
Clackamas,Precinct 321,State House,37,D,Over Votes,0
Clackamas,Precinct 322,State House,37,D,Over Votes,0
Clackamas,Precinct 324,State House,37,D,Over Votes,0
Clackamas,Precinct 131,State House,37,D,Under Votes,311
Clackamas,Precinct 132,State House,37,D,Under Votes,227
Clackamas,Precinct 133,State House,37,D,Under Votes,122
Clackamas,Precinct 135,State House,37,D,Under Votes,329
Clackamas,Precinct 153,State House,37,D,Under Votes,26
Clackamas,Precinct 154,State House,37,D,Under Votes,9
Clackamas,Precinct 157,State House,37,D,Under Votes,6
Clackamas,Precinct 160,State House,37,D,Under Votes,123
Clackamas,Precinct 251,State House,37,D,Under Votes,108
Clackamas,Precinct 279,State House,37,D,Under Votes,5
Clackamas,Precinct 281,State House,37,D,Under Votes,78
Clackamas,Precinct 284,State House,37,D,Under Votes,34
Clackamas,Precinct 285,State House,37,D,Under Votes,3
Clackamas,Precinct 321,State House,37,D,Under Votes,147
Clackamas,Precinct 322,State House,37,D,Under Votes,58
Clackamas,Precinct 324,State House,37,D,Under Votes,5
Clackamas,Precinct 131,State House,37,D,Write-ins,4
Clackamas,Precinct 132,State House,37,D,Write-ins,2
Clackamas,Precinct 133,State House,37,D,Write-ins,7
Clackamas,Precinct 135,State House,37,D,Write-ins,11
Clackamas,Precinct 153,State House,37,D,Write-ins,1
Clackamas,Precinct 154,State House,37,D,Write-ins,0
Clackamas,Precinct 157,State House,37,D,Write-ins,0
Clackamas,Precinct 160,State House,37,D,Write-ins,3
Clackamas,Precinct 251,State House,37,D,Write-ins,1
Clackamas,Precinct 279,State House,37,D,Write-ins,0
Clackamas,Precinct 281,State House,37,D,Write-ins,9
Clackamas,Precinct 284,State House,37,D,Write-ins,2
Clackamas,Precinct 285,State House,37,D,Write-ins,0
Clackamas,Precinct 321,State House,37,D,Write-ins,5
Clackamas,Precinct 322,State House,37,D,Write-ins,1
Clackamas,Precinct 324,State House,37,D,Write-ins,0
Clackamas,Precinct 131,State House,37,R,Chad Parker,512
Clackamas,Precinct 132,State House,37,R,Chad Parker,344
Clackamas,Precinct 133,State House,37,R,Chad Parker,124
Clackamas,Precinct 135,State House,37,R,Chad Parker,374
Clackamas,Precinct 153,State House,37,R,Chad Parker,39
Clackamas,Precinct 154,State House,37,R,Chad Parker,8
Clackamas,Precinct 157,State House,37,R,Chad Parker,7
Clackamas,Precinct 160,State House,37,R,Chad Parker,110
Clackamas,Precinct 251,State House,37,R,Chad Parker,172
Clackamas,Precinct 279,State House,37,R,Chad Parker,10
Clackamas,Precinct 281,State House,37,R,Chad Parker,108
Clackamas,Precinct 284,State House,37,R,Chad Parker,22
Clackamas,Precinct 285,State House,37,R,Chad Parker,1
Clackamas,Precinct 321,State House,37,R,Chad Parker,299
Clackamas,Precinct 322,State House,37,R,Chad Parker,142
Clackamas,Precinct 324,State House,37,R,Chad Parker,10
Clackamas,Precinct 131,State House,37,R,Over Votes,0
Clackamas,Precinct 132,State House,37,R,Over Votes,0
Clackamas,Precinct 133,State House,37,R,Over Votes,0
Clackamas,Precinct 135,State House,37,R,Over Votes,0
Clackamas,Precinct 153,State House,37,R,Over Votes,0
Clackamas,Precinct 154,State House,37,R,Over Votes,0
Clackamas,Precinct 157,State House,37,R,Over Votes,0
Clackamas,Precinct 160,State House,37,R,Over Votes,0
Clackamas,Precinct 251,State House,37,R,Over Votes,0
Clackamas,Precinct 279,State House,37,R,Over Votes,0
Clackamas,Precinct 281,State House,37,R,Over Votes,0
Clackamas,Precinct 284,State House,37,R,Over Votes,0
Clackamas,Precinct 285,State House,37,R,Over Votes,0
Clackamas,Precinct 321,State House,37,R,Over Votes,0
Clackamas,Precinct 322,State House,37,R,Over Votes,0
Clackamas,Precinct 324,State House,37,R,Over Votes,0
Clackamas,Precinct 131,State House,37,R,Under Votes,494
Clackamas,Precinct 132,State House,37,R,Under Votes,328
Clackamas,Precinct 133,State House,37,R,Under Votes,129
Clackamas,Precinct 135,State House,37,R,Under Votes,351
Clackamas,Precinct 153,State House,37,R,Under Votes,40
Clackamas,Precinct 154,State House,37,R,Under Votes,3
Clackamas,Precinct 157,State House,37,R,Under Votes,9
Clackamas,Precinct 160,State House,37,R,Under Votes,97
Clackamas,Precinct 251,State House,37,R,Under Votes,178
Clackamas,Precinct 279,State House,37,R,Under Votes,6
Clackamas,Precinct 281,State House,37,R,Under Votes,56
Clackamas,Precinct 284,State House,37,R,Under Votes,15
Clackamas,Precinct 285,State House,37,R,Under Votes,2
Clackamas,Precinct 321,State House,37,R,Under Votes,382
Clackamas,Precinct 322,State House,37,R,Under Votes,199
Clackamas,Precinct 324,State House,37,R,Under Votes,8
Clackamas,Precinct 131,State House,37,R,Write-ins,6
Clackamas,Precinct 132,State House,37,R,Write-ins,6
Clackamas,Precinct 133,State House,37,R,Write-ins,3
Clackamas,Precinct 135,State House,37,R,Write-ins,2
Clackamas,Precinct 153,State House,37,R,Write-ins,0
Clackamas,Precinct 154,State House,37,R,Write-ins,0
Clackamas,Precinct 157,State House,37,R,Write-ins,0
Clackamas,Precinct 160,State House,37,R,Write-ins,0
Clackamas,Precinct 251,State House,37,R,Write-ins,3
Clackamas,Precinct 279,State House,37,R,Write-ins,0
Clackamas,Precinct 281,State House,37,R,Write-ins,3
Clackamas,Precinct 284,State House,37,R,Write-ins,0
Clackamas,Precinct 285,State House,37,R,Write-ins,0
Clackamas,Precinct 321,State House,37,R,Write-ins,2
Clackamas,Precinct 322,State House,37,R,Write-ins,2
Clackamas,Precinct 324,State House,37,R,Write-ins,0
Clackamas,Precinct 116,State House,38,D,Daniel Loc Nguyen,1
Clackamas,Precinct 134,State House,38,D,Daniel Loc Nguyen,2
Clackamas,Precinct 151,State House,38,D,Daniel Loc Nguyen,495
Clackamas,Precinct 152,State House,38,D,Daniel Loc Nguyen,1003
Clackamas,Precinct 155,State House,38,D,Daniel Loc Nguyen,467
Clackamas,Precinct 156,State House,38,D,Daniel Loc Nguyen,1078
Clackamas,Precinct 158,State House,38,D,Daniel Loc Nguyen,732
Clackamas,Precinct 159,State House,38,D,Daniel Loc Nguyen,500
Clackamas,Precinct 161,State House,38,D,Daniel Loc Nguyen,96
Clackamas,Precinct 162,State House,38,D,Daniel Loc Nguyen,126
Clackamas,Precinct 280,State House,38,D,Daniel Loc Nguyen,75
Clackamas,Precinct 282,State House,38,D,Daniel Loc Nguyen,54
Clackamas,Precinct 283,State House,38,D,Daniel Loc Nguyen,84
Clackamas,Precinct 286,State House,38,D,Daniel Loc Nguyen,18
Clackamas,Precinct 320,State House,38,D,Daniel Loc Nguyen,22
Clackamas,Precinct 116,State House,38,D,John (Waz) Wasielewski,0
Clackamas,Precinct 134,State House,38,D,John (Waz) Wasielewski,0
Clackamas,Precinct 151,State House,38,D,John (Waz) Wasielewski,197
Clackamas,Precinct 152,State House,38,D,John (Waz) Wasielewski,336
Clackamas,Precinct 155,State House,38,D,John (Waz) Wasielewski,156
Clackamas,Precinct 156,State House,38,D,John (Waz) Wasielewski,301
Clackamas,Precinct 158,State House,38,D,John (Waz) Wasielewski,322
Clackamas,Precinct 159,State House,38,D,John (Waz) Wasielewski,150
Clackamas,Precinct 161,State House,38,D,John (Waz) Wasielewski,37
Clackamas,Precinct 162,State House,38,D,John (Waz) Wasielewski,50
Clackamas,Precinct 280,State House,38,D,John (Waz) Wasielewski,28
Clackamas,Precinct 282,State House,38,D,John (Waz) Wasielewski,39
Clackamas,Precinct 283,State House,38,D,John (Waz) Wasielewski,17
Clackamas,Precinct 286,State House,38,D,John (Waz) Wasielewski,23
Clackamas,Precinct 320,State House,38,D,John (Waz) Wasielewski,1
Clackamas,Precinct 116,State House,38,D,Over Votes,0
Clackamas,Precinct 134,State House,38,D,Over Votes,0
Clackamas,Precinct 151,State House,38,D,Over Votes,0
Clackamas,Precinct 152,State House,38,D,Over Votes,1
Clackamas,Precinct 155,State House,38,D,Over Votes,0
Clackamas,Precinct 156,State House,38,D,Over Votes,3
Clackamas,Precinct 158,State House,38,D,Over Votes,0
Clackamas,Precinct 159,State House,38,D,Over Votes,0
Clackamas,Precinct 161,State House,38,D,Over Votes,0
Clackamas,Precinct 162,State House,38,D,Over Votes,0
Clackamas,Precinct 280,State House,38,D,Over Votes,0
Clackamas,Precinct 282,State House,38,D,Over Votes,0
Clackamas,Precinct 283,State House,38,D,Over Votes,0
Clackamas,Precinct 286,State House,38,D,Over Votes,0
Clackamas,Precinct 320,State House,38,D,Over Votes,0
Clackamas,Precinct 116,State House,38,D,Under Votes,0
Clackamas,Precinct 134,State House,38,D,Under Votes,0
Clackamas,Precinct 151,State House,38,D,Under Votes,50
Clackamas,Precinct 152,State House,38,D,Under Votes,156
Clackamas,Precinct 155,State House,38,D,Under Votes,67
Clackamas,Precinct 156,State House,38,D,Under Votes,150
Clackamas,Precinct 158,State House,38,D,Under Votes,75
Clackamas,Precinct 159,State House,38,D,Under Votes,63
Clackamas,Precinct 161,State House,38,D,Under Votes,11
Clackamas,Precinct 162,State House,38,D,Under Votes,21
Clackamas,Precinct 280,State House,38,D,Under Votes,15
Clackamas,Precinct 282,State House,38,D,Under Votes,7
Clackamas,Precinct 283,State House,38,D,Under Votes,10
Clackamas,Precinct 286,State House,38,D,Under Votes,4
Clackamas,Precinct 320,State House,38,D,Under Votes,5
Clackamas,Precinct 116,State House,38,D,Write-ins,0
Clackamas,Precinct 134,State House,38,D,Write-ins,0
Clackamas,Precinct 151,State House,38,D,Write-ins,0
Clackamas,Precinct 152,State House,38,D,Write-ins,0
Clackamas,Precinct 155,State House,38,D,Write-ins,0
Clackamas,Precinct 156,State House,38,D,Write-ins,1
Clackamas,Precinct 158,State House,38,D,Write-ins,1
Clackamas,Precinct 159,State House,38,D,Write-ins,1
Clackamas,Precinct 161,State House,38,D,Write-ins,1
Clackamas,Precinct 162,State House,38,D,Write-ins,0
Clackamas,Precinct 280,State House,38,D,Write-ins,1
Clackamas,Precinct 282,State House,38,D,Write-ins,0
Clackamas,Precinct 283,State House,38,D,Write-ins,0
Clackamas,Precinct 286,State House,38,D,Write-ins,0
Clackamas,Precinct 320,State House,38,D,Write-ins,0
Clackamas,Precinct 116,State House,38,R,Over Votes,0
Clackamas,Precinct 134,State House,38,R,Over Votes,0
Clackamas,Precinct 151,State House,38,R,Over Votes,0
Clackamas,Precinct 152,State House,38,R,Over Votes,0
Clackamas,Precinct 155,State House,38,R,Over Votes,0
Clackamas,Precinct 156,State House,38,R,Over Votes,0
Clackamas,Precinct 158,State House,38,R,Over Votes,0
Clackamas,Precinct 159,State House,38,R,Over Votes,0
Clackamas,Precinct 161,State House,38,R,Over Votes,0
Clackamas,Precinct 162,State House,38,R,Over Votes,0
Clackamas,Precinct 280,State House,38,R,Over Votes,0
Clackamas,Precinct 282,State House,38,R,Over Votes,0
Clackamas,Precinct 283,State House,38,R,Over Votes,0
Clackamas,Precinct 286,State House,38,R,Over Votes,0
Clackamas,Precinct 320,State House,38,R,Over Votes,0
Clackamas,Precinct 116,State House,38,R,Under Votes,0
Clackamas,Precinct 134,State House,38,R,Under Votes,1
Clackamas,Precinct 151,State House,38,R,Under Votes,382
Clackamas,Precinct 152,State House,38,R,Under Votes,823
Clackamas,Precinct 155,State House,38,R,Under Votes,332
Clackamas,Precinct 156,State House,38,R,Under Votes,602
Clackamas,Precinct 158,State House,38,R,Under Votes,466
Clackamas,Precinct 159,State House,38,R,Under Votes,413
Clackamas,Precinct 161,State House,38,R,Under Votes,70
Clackamas,Precinct 162,State House,38,R,Under Votes,82
Clackamas,Precinct 280,State House,38,R,Under Votes,47
Clackamas,Precinct 282,State House,38,R,Under Votes,36
Clackamas,Precinct 283,State House,38,R,Under Votes,82
Clackamas,Precinct 286,State House,38,R,Under Votes,22
Clackamas,Precinct 320,State House,38,R,Under Votes,26
Clackamas,Precinct 116,State House,38,R,Write-ins,0
Clackamas,Precinct 134,State House,38,R,Write-ins,0
Clackamas,Precinct 151,State House,38,R,Write-ins,18
Clackamas,Precinct 152,State House,38,R,Write-ins,35
Clackamas,Precinct 155,State House,38,R,Write-ins,18
Clackamas,Precinct 156,State House,38,R,Write-ins,14
Clackamas,Precinct 158,State House,38,R,Write-ins,19
Clackamas,Precinct 159,State House,38,R,Write-ins,17
Clackamas,Precinct 161,State House,38,R,Write-ins,2
Clackamas,Precinct 162,State House,38,R,Write-ins,3
Clackamas,Precinct 280,State House,38,R,Write-ins,0
Clackamas,Precinct 282,State House,38,R,Write-ins,3
Clackamas,Precinct 283,State House,38,R,Write-ins,1
Clackamas,Precinct 286,State House,38,R,Write-ins,0
Clackamas,Precinct 320,State House,38,R,Write-ins,0
Clackamas,Precinct 100,State House,39,D,April Dobson,14
Clackamas,Precinct 101,State House,39,D,April Dobson,756
Clackamas,Precinct 103,State House,39,D,April Dobson,409
Clackamas,Precinct 105,State House,39,D,April Dobson,622
Clackamas,Precinct 113,State House,39,D,April Dobson,5
Clackamas,Precinct 114,State House,39,D,April Dobson,28
Clackamas,Precinct 410,State House,39,D,April Dobson,453
Clackamas,Precinct 411,State House,39,D,April Dobson,625
Clackamas,Precinct 413,State House,39,D,April Dobson,35
Clackamas,Precinct 414,State House,39,D,April Dobson,97
Clackamas,Precinct 416,State House,39,D,April Dobson,374
Clackamas,Precinct 417,State House,39,D,April Dobson,149
Clackamas,Precinct 419,State House,39,D,April Dobson,363
Clackamas,Precinct 421,State House,39,D,April Dobson,367
Clackamas,Precinct 422,State House,39,D,April Dobson,625
Clackamas,Precinct 628,State House,39,D,April Dobson,178
Clackamas,Precinct 100,State House,39,D,Over Votes,0
Clackamas,Precinct 101,State House,39,D,Over Votes,0
Clackamas,Precinct 103,State House,39,D,Over Votes,0
Clackamas,Precinct 105,State House,39,D,Over Votes,0
Clackamas,Precinct 113,State House,39,D,Over Votes,0
Clackamas,Precinct 114,State House,39,D,Over Votes,0
Clackamas,Precinct 410,State House,39,D,Over Votes,0
Clackamas,Precinct 411,State House,39,D,Over Votes,0
Clackamas,Precinct 413,State House,39,D,Over Votes,0
Clackamas,Precinct 414,State House,39,D,Over Votes,0
Clackamas,Precinct 416,State House,39,D,Over Votes,0
Clackamas,Precinct 417,State House,39,D,Over Votes,0
Clackamas,Precinct 419,State House,39,D,Over Votes,0
Clackamas,Precinct 421,State House,39,D,Over Votes,0
Clackamas,Precinct 422,State House,39,D,Over Votes,0
Clackamas,Precinct 628,State House,39,D,Over Votes,0
Clackamas,Precinct 100,State House,39,D,Under Votes,7
Clackamas,Precinct 101,State House,39,D,Under Votes,294
Clackamas,Precinct 103,State House,39,D,Under Votes,174
Clackamas,Precinct 105,State House,39,D,Under Votes,216
Clackamas,Precinct 113,State House,39,D,Under Votes,4
Clackamas,Precinct 114,State House,39,D,Under Votes,14
Clackamas,Precinct 410,State House,39,D,Under Votes,185
Clackamas,Precinct 411,State House,39,D,Under Votes,253
Clackamas,Precinct 413,State House,39,D,Under Votes,6
Clackamas,Precinct 414,State House,39,D,Under Votes,47
Clackamas,Precinct 416,State House,39,D,Under Votes,116
Clackamas,Precinct 417,State House,39,D,Under Votes,69
Clackamas,Precinct 419,State House,39,D,Under Votes,141
Clackamas,Precinct 421,State House,39,D,Under Votes,140
Clackamas,Precinct 422,State House,39,D,Under Votes,290
Clackamas,Precinct 628,State House,39,D,Under Votes,69
Clackamas,Precinct 100,State House,39,D,Write-ins,0
Clackamas,Precinct 101,State House,39,D,Write-ins,0
Clackamas,Precinct 103,State House,39,D,Write-ins,0
Clackamas,Precinct 105,State House,39,D,Write-ins,0
Clackamas,Precinct 113,State House,39,D,Write-ins,0
Clackamas,Precinct 114,State House,39,D,Write-ins,0
Clackamas,Precinct 410,State House,39,D,Write-ins,0
Clackamas,Precinct 411,State House,39,D,Write-ins,5
Clackamas,Precinct 413,State House,39,D,Write-ins,0
Clackamas,Precinct 414,State House,39,D,Write-ins,0
Clackamas,Precinct 416,State House,39,D,Write-ins,2
Clackamas,Precinct 417,State House,39,D,Write-ins,0
Clackamas,Precinct 419,State House,39,D,Write-ins,0
Clackamas,Precinct 421,State House,39,D,Write-ins,4
Clackamas,Precinct 422,State House,39,D,Write-ins,4
Clackamas,Precinct 628,State House,39,D,Write-ins,0
Clackamas,Precinct 100,State House,39,R,Over Votes,0
Clackamas,Precinct 101,State House,39,R,Over Votes,0
Clackamas,Precinct 103,State House,39,R,Over Votes,0
Clackamas,Precinct 105,State House,39,R,Over Votes,0
Clackamas,Precinct 113,State House,39,R,Over Votes,0
Clackamas,Precinct 114,State House,39,R,Over Votes,0
Clackamas,Precinct 410,State House,39,R,Over Votes,0
Clackamas,Precinct 411,State House,39,R,Over Votes,0
Clackamas,Precinct 413,State House,39,R,Over Votes,0
Clackamas,Precinct 414,State House,39,R,Over Votes,0
Clackamas,Precinct 416,State House,39,R,Over Votes,0
Clackamas,Precinct 417,State House,39,R,Over Votes,0
Clackamas,Precinct 419,State House,39,R,Over Votes,0
Clackamas,Precinct 421,State House,39,R,Over Votes,0
Clackamas,Precinct 422,State House,39,R,Over Votes,0
Clackamas,Precinct 628,State House,39,R,Over Votes,0
Clackamas,Precinct 100,State House,39,R,Under Votes,12
Clackamas,Precinct 101,State House,39,R,Under Votes,834
Clackamas,Precinct 103,State House,39,R,Under Votes,483
Clackamas,Precinct 105,State House,39,R,Under Votes,743
Clackamas,Precinct 113,State House,39,R,Under Votes,10
Clackamas,Precinct 114,State House,39,R,Under Votes,23
Clackamas,Precinct 410,State House,39,R,Under Votes,491
Clackamas,Precinct 411,State House,39,R,Under Votes,647
Clackamas,Precinct 413,State House,39,R,Under Votes,25
Clackamas,Precinct 414,State House,39,R,Under Votes,184
Clackamas,Precinct 416,State House,39,R,Under Votes,372
Clackamas,Precinct 417,State House,39,R,Under Votes,276
Clackamas,Precinct 419,State House,39,R,Under Votes,253
Clackamas,Precinct 421,State House,39,R,Under Votes,295
Clackamas,Precinct 422,State House,39,R,Under Votes,457
Clackamas,Precinct 628,State House,39,R,Under Votes,141
Clackamas,Precinct 100,State House,39,R,Write-ins,0
Clackamas,Precinct 101,State House,39,R,Write-ins,49
Clackamas,Precinct 103,State House,39,R,Write-ins,23
Clackamas,Precinct 105,State House,39,R,Write-ins,23
Clackamas,Precinct 113,State House,39,R,Write-ins,0
Clackamas,Precinct 114,State House,39,R,Write-ins,0
Clackamas,Precinct 410,State House,39,R,Write-ins,27
Clackamas,Precinct 411,State House,39,R,Write-ins,36
Clackamas,Precinct 413,State House,39,R,Write-ins,1
Clackamas,Precinct 414,State House,39,R,Write-ins,5
Clackamas,Precinct 416,State House,39,R,Write-ins,22
Clackamas,Precinct 417,State House,39,R,Write-ins,16
Clackamas,Precinct 419,State House,39,R,Write-ins,28
Clackamas,Precinct 421,State House,39,R,Write-ins,6
Clackamas,Precinct 422,State House,39,R,Write-ins,31
Clackamas,Precinct 628,State House,39,R,Write-ins,7
Clackamas,Precinct 503,State House,40,D,Charles Gallia,319
Clackamas,Precinct 504,State House,40,D,Charles Gallia,337
Clackamas,Precinct 506,State House,40,D,Charles Gallia,191
Clackamas,Precinct 510,State House,40,D,Charles Gallia,70
Clackamas,Precinct 513,State House,40,D,Charles Gallia,9
Clackamas,Precinct 600,State House,40,D,Charles Gallia,230
Clackamas,Precinct 602,State House,40,D,Charles Gallia,213
Clackamas,Precinct 604,State House,40,D,Charles Gallia,333
Clackamas,Precinct 606,State House,40,D,Charles Gallia,94
Clackamas,Precinct 608,State House,40,D,Charles Gallia,144
Clackamas,Precinct 614,State House,40,D,Charles Gallia,101
Clackamas,Precinct 616,State House,40,D,Charles Gallia,200
Clackamas,Precinct 618,State House,40,D,Charles Gallia,37
Clackamas,Precinct 620,State House,40,D,Charles Gallia,8
Clackamas,Precinct 503,State House,40,D,Michael W. Sugar,610
Clackamas,Precinct 504,State House,40,D,Michael W. Sugar,783
Clackamas,Precinct 506,State House,40,D,Michael W. Sugar,327
Clackamas,Precinct 510,State House,40,D,Michael W. Sugar,88
Clackamas,Precinct 513,State House,40,D,Michael W. Sugar,14
Clackamas,Precinct 600,State House,40,D,Michael W. Sugar,760
Clackamas,Precinct 602,State House,40,D,Michael W. Sugar,604
Clackamas,Precinct 604,State House,40,D,Michael W. Sugar,924
Clackamas,Precinct 606,State House,40,D,Michael W. Sugar,274
Clackamas,Precinct 608,State House,40,D,Michael W. Sugar,357
Clackamas,Precinct 614,State House,40,D,Michael W. Sugar,362
Clackamas,Precinct 616,State House,40,D,Michael W. Sugar,540
Clackamas,Precinct 618,State House,40,D,Michael W. Sugar,79
Clackamas,Precinct 620,State House,40,D,Michael W. Sugar,56
Clackamas,Precinct 503,State House,40,D,Over Votes,1
Clackamas,Precinct 504,State House,40,D,Over Votes,0
Clackamas,Precinct 506,State House,40,D,Over Votes,0
Clackamas,Precinct 510,State House,40,D,Over Votes,0
Clackamas,Precinct 513,State House,40,D,Over Votes,0
Clackamas,Precinct 600,State House,40,D,Over Votes,0
Clackamas,Precinct 602,State House,40,D,Over Votes,0
Clackamas,Precinct 604,State House,40,D,Over Votes,0
Clackamas,Precinct 606,State House,40,D,Over Votes,0
Clackamas,Precinct 608,State House,40,D,Over Votes,0
Clackamas,Precinct 614,State House,40,D,Over Votes,0
Clackamas,Precinct 616,State House,40,D,Over Votes,0
Clackamas,Precinct 618,State House,40,D,Over Votes,0
Clackamas,Precinct 620,State House,40,D,Over Votes,0
Clackamas,Precinct 503,State House,40,D,Under Votes,136
Clackamas,Precinct 504,State House,40,D,Under Votes,145
Clackamas,Precinct 506,State House,40,D,Under Votes,113
Clackamas,Precinct 510,State House,40,D,Under Votes,34
Clackamas,Precinct 513,State House,40,D,Under Votes,7
Clackamas,Precinct 600,State House,40,D,Under Votes,117
Clackamas,Precinct 602,State House,40,D,Under Votes,104
Clackamas,Precinct 604,State House,40,D,Under Votes,196
Clackamas,Precinct 606,State House,40,D,Under Votes,45
Clackamas,Precinct 608,State House,40,D,Under Votes,68
Clackamas,Precinct 614,State House,40,D,Under Votes,65
Clackamas,Precinct 616,State House,40,D,Under Votes,123
Clackamas,Precinct 618,State House,40,D,Under Votes,18
Clackamas,Precinct 620,State House,40,D,Under Votes,5
Clackamas,Precinct 503,State House,40,D,Write-ins,2
Clackamas,Precinct 504,State House,40,D,Write-ins,5
Clackamas,Precinct 506,State House,40,D,Write-ins,5
Clackamas,Precinct 510,State House,40,D,Write-ins,2
Clackamas,Precinct 513,State House,40,D,Write-ins,0
Clackamas,Precinct 600,State House,40,D,Write-ins,3
Clackamas,Precinct 602,State House,40,D,Write-ins,4
Clackamas,Precinct 604,State House,40,D,Write-ins,4
Clackamas,Precinct 606,State House,40,D,Write-ins,2
Clackamas,Precinct 608,State House,40,D,Write-ins,4
Clackamas,Precinct 614,State House,40,D,Write-ins,5
Clackamas,Precinct 616,State House,40,D,Write-ins,2
Clackamas,Precinct 618,State House,40,D,Write-ins,0
Clackamas,Precinct 620,State House,40,D,Write-ins,1
Clackamas,Precinct 503,State House,40,R,Adam Baker,236
Clackamas,Precinct 504,State House,40,R,Adam Baker,306
Clackamas,Precinct 506,State House,40,R,Adam Baker,247
Clackamas,Precinct 510,State House,40,R,Adam Baker,110
Clackamas,Precinct 513,State House,40,R,Adam Baker,16
Clackamas,Precinct 600,State House,40,R,Adam Baker,313
Clackamas,Precinct 602,State House,40,R,Adam Baker,330
Clackamas,Precinct 604,State House,40,R,Adam Baker,603
Clackamas,Precinct 606,State House,40,R,Adam Baker,142
Clackamas,Precinct 608,State House,40,R,Adam Baker,245
Clackamas,Precinct 614,State House,40,R,Adam Baker,158
Clackamas,Precinct 616,State House,40,R,Adam Baker,268
Clackamas,Precinct 618,State House,40,R,Adam Baker,29
Clackamas,Precinct 620,State House,40,R,Adam Baker,12
Clackamas,Precinct 503,State House,40,R,Over Votes,0
Clackamas,Precinct 504,State House,40,R,Over Votes,0
Clackamas,Precinct 506,State House,40,R,Over Votes,0
Clackamas,Precinct 510,State House,40,R,Over Votes,0
Clackamas,Precinct 513,State House,40,R,Over Votes,0
Clackamas,Precinct 600,State House,40,R,Over Votes,0
Clackamas,Precinct 602,State House,40,R,Over Votes,0
Clackamas,Precinct 604,State House,40,R,Over Votes,1
Clackamas,Precinct 606,State House,40,R,Over Votes,0
Clackamas,Precinct 608,State House,40,R,Over Votes,0
Clackamas,Precinct 614,State House,40,R,Over Votes,0
Clackamas,Precinct 616,State House,40,R,Over Votes,0
Clackamas,Precinct 618,State House,40,R,Over Votes,0
Clackamas,Precinct 620,State House,40,R,Over Votes,0
Clackamas,Precinct 503,State House,40,R,Sue Leslie,278
Clackamas,Precinct 504,State House,40,R,Sue Leslie,305
Clackamas,Precinct 506,State House,40,R,Sue Leslie,189
Clackamas,Precinct 510,State House,40,R,Sue Leslie,89
Clackamas,Precinct 513,State House,40,R,Sue Leslie,14
Clackamas,Precinct 600,State House,40,R,Sue Leslie,245
Clackamas,Precinct 602,State House,40,R,Sue Leslie,326
Clackamas,Precinct 604,State House,40,R,Sue Leslie,679
Clackamas,Precinct 606,State House,40,R,Sue Leslie,122
Clackamas,Precinct 608,State House,40,R,Sue Leslie,189
Clackamas,Precinct 614,State House,40,R,Sue Leslie,147
Clackamas,Precinct 616,State House,40,R,Sue Leslie,205
Clackamas,Precinct 618,State House,40,R,Sue Leslie,40
Clackamas,Precinct 620,State House,40,R,Sue Leslie,19
Clackamas,Precinct 503,State House,40,R,Under Votes,118
Clackamas,Precinct 504,State House,40,R,Under Votes,159
Clackamas,Precinct 506,State House,40,R,Under Votes,126
Clackamas,Precinct 510,State House,40,R,Under Votes,67
Clackamas,Precinct 513,State House,40,R,Under Votes,6
Clackamas,Precinct 600,State House,40,R,Under Votes,169
Clackamas,Precinct 602,State House,40,R,Under Votes,168
Clackamas,Precinct 604,State House,40,R,Under Votes,307
Clackamas,Precinct 606,State House,40,R,Under Votes,90
Clackamas,Precinct 608,State House,40,R,Under Votes,117
Clackamas,Precinct 614,State House,40,R,Under Votes,93
Clackamas,Precinct 616,State House,40,R,Under Votes,165
Clackamas,Precinct 618,State House,40,R,Under Votes,30
Clackamas,Precinct 620,State House,40,R,Under Votes,8
Clackamas,Precinct 503,State House,40,R,Write-ins,0
Clackamas,Precinct 504,State House,40,R,Write-ins,3
Clackamas,Precinct 506,State House,40,R,Write-ins,2
Clackamas,Precinct 510,State House,40,R,Write-ins,5
Clackamas,Precinct 513,State House,40,R,Write-ins,0
Clackamas,Precinct 600,State House,40,R,Write-ins,1
Clackamas,Precinct 602,State House,40,R,Write-ins,6
Clackamas,Precinct 604,State House,40,R,Write-ins,8
Clackamas,Precinct 606,State House,40,R,Write-ins,1
Clackamas,Precinct 608,State House,40,R,Write-ins,2
Clackamas,Precinct 614,State House,40,R,Write-ins,4
Clackamas,Precinct 616,State House,40,R,Write-ins,3
Clackamas,Precinct 618,State House,40,R,Write-ins,0
Clackamas,Precinct 620,State House,40,R,Write-ins,0
Clackamas,Precinct 115,State House,41,D,Mark Gamba,58
Clackamas,Precinct 420,State House,41,D,Mark Gamba,339
Clackamas,Precinct 500,State House,41,D,Mark Gamba,272
Clackamas,Precinct 501,State House,41,D,Mark Gamba,1275
Clackamas,Precinct 502,State House,41,D,Mark Gamba,1009
Clackamas,Precinct 622,State House,41,D,Mark Gamba,587
Clackamas,Precinct 626,State House,41,D,Mark Gamba,1146
Clackamas,Precinct 630,State House,41,D,Mark Gamba,1420
Clackamas,Precinct 115,State House,41,D,Over Votes,0
Clackamas,Precinct 420,State House,41,D,Over Votes,0
Clackamas,Precinct 500,State House,41,D,Over Votes,0
Clackamas,Precinct 501,State House,41,D,Over Votes,0
Clackamas,Precinct 502,State House,41,D,Over Votes,0
Clackamas,Precinct 622,State House,41,D,Over Votes,0
Clackamas,Precinct 626,State House,41,D,Over Votes,0
Clackamas,Precinct 630,State House,41,D,Over Votes,0
Clackamas,Precinct 115,State House,41,D,Priyesh Krishnan,4
Clackamas,Precinct 420,State House,41,D,Priyesh Krishnan,32
Clackamas,Precinct 500,State House,41,D,Priyesh Krishnan,23
Clackamas,Precinct 501,State House,41,D,Priyesh Krishnan,64
Clackamas,Precinct 502,State House,41,D,Priyesh Krishnan,94
Clackamas,Precinct 622,State House,41,D,Priyesh Krishnan,40
Clackamas,Precinct 626,State House,41,D,Priyesh Krishnan,75
Clackamas,Precinct 630,State House,41,D,Priyesh Krishnan,110
Clackamas,Precinct 115,State House,41,D,Under Votes,12
Clackamas,Precinct 420,State House,41,D,Under Votes,84
Clackamas,Precinct 500,State House,41,D,Under Votes,38
Clackamas,Precinct 501,State House,41,D,Under Votes,121
Clackamas,Precinct 502,State House,41,D,Under Votes,178
Clackamas,Precinct 622,State House,41,D,Under Votes,75
Clackamas,Precinct 626,State House,41,D,Under Votes,129
Clackamas,Precinct 630,State House,41,D,Under Votes,192
Clackamas,Precinct 115,State House,41,D,Write-ins,0
Clackamas,Precinct 420,State House,41,D,Write-ins,0
Clackamas,Precinct 500,State House,41,D,Write-ins,1
Clackamas,Precinct 501,State House,41,D,Write-ins,2
Clackamas,Precinct 502,State House,41,D,Write-ins,7
Clackamas,Precinct 622,State House,41,D,Write-ins,1
Clackamas,Precinct 626,State House,41,D,Write-ins,2
Clackamas,Precinct 630,State House,41,D,Write-ins,7
Clackamas,Precinct 115,State House,41,R,Elvis Clark,14
Clackamas,Precinct 420,State House,41,R,Elvis Clark,101
Clackamas,Precinct 500,State House,41,R,Elvis Clark,68
Clackamas,Precinct 501,State House,41,R,Elvis Clark,153
Clackamas,Precinct 502,State House,41,R,Elvis Clark,241
Clackamas,Precinct 622,State House,41,R,Elvis Clark,120
Clackamas,Precinct 626,State House,41,R,Elvis Clark,166
Clackamas,Precinct 630,State House,41,R,Elvis Clark,352
Clackamas,Precinct 115,State House,41,R,Over Votes,0
Clackamas,Precinct 420,State House,41,R,Over Votes,0
Clackamas,Precinct 500,State House,41,R,Over Votes,0
Clackamas,Precinct 501,State House,41,R,Over Votes,0
Clackamas,Precinct 502,State House,41,R,Over Votes,0
Clackamas,Precinct 622,State House,41,R,Over Votes,0
Clackamas,Precinct 626,State House,41,R,Over Votes,0
Clackamas,Precinct 630,State House,41,R,Over Votes,0
Clackamas,Precinct 115,State House,41,R,Under Votes,20
Clackamas,Precinct 420,State House,41,R,Under Votes,143
Clackamas,Precinct 500,State House,41,R,Under Votes,94
Clackamas,Precinct 501,State House,41,R,Under Votes,245
Clackamas,Precinct 502,State House,41,R,Under Votes,341
Clackamas,Precinct 622,State House,41,R,Under Votes,144
Clackamas,Precinct 626,State House,41,R,Under Votes,183
Clackamas,Precinct 630,State House,41,R,Under Votes,302
Clackamas,Precinct 115,State House,41,R,Write-ins,0
Clackamas,Precinct 420,State House,41,R,Write-ins,1
Clackamas,Precinct 500,State House,41,R,Write-ins,0
Clackamas,Precinct 501,State House,41,R,Write-ins,5
Clackamas,Precinct 502,State House,41,R,Write-ins,8
Clackamas,Precinct 622,State House,41,R,Write-ins,3
Clackamas,Precinct 626,State House,41,R,Write-ins,4
Clackamas,Precinct 630,State House,41,R,Write-ins,13
Clackamas,Precinct 102,State House,48,D,Lamar Wise,134
Clackamas,Precinct 104,State House,48,D,Lamar Wise,2
Clackamas,Precinct 112,State House,48,D,Lamar Wise,0
Clackamas,Precinct 400,State House,48,D,Lamar Wise,423
Clackamas,Precinct 405,State House,48,D,Lamar Wise,208
Clackamas,Precinct 412,State House,48,D,Lamar Wise,250
Clackamas,Precinct 102,State House,48,D,Over Votes,0
Clackamas,Precinct 104,State House,48,D,Over Votes,0
Clackamas,Precinct 112,State House,48,D,Over Votes,0
Clackamas,Precinct 400,State House,48,D,Over Votes,0
Clackamas,Precinct 405,State House,48,D,Over Votes,0
Clackamas,Precinct 412,State House,48,D,Over Votes,0
Clackamas,Precinct 102,State House,48,D,Under Votes,74
Clackamas,Precinct 104,State House,48,D,Under Votes,3
Clackamas,Precinct 112,State House,48,D,Under Votes,0
Clackamas,Precinct 400,State House,48,D,Under Votes,312
Clackamas,Precinct 405,State House,48,D,Under Votes,143
Clackamas,Precinct 412,State House,48,D,Under Votes,154
Clackamas,Precinct 102,State House,48,D,Write-ins,2
Clackamas,Precinct 104,State House,48,D,Write-ins,0
Clackamas,Precinct 112,State House,48,D,Write-ins,0
Clackamas,Precinct 400,State House,48,D,Write-ins,12
Clackamas,Precinct 405,State House,48,D,Write-ins,4
Clackamas,Precinct 412,State House,48,D,Write-ins,1
Clackamas,Precinct 102,State House,48,R,Andrew Morrison,114
Clackamas,Precinct 104,State House,48,R,Andrew Morrison,2
Clackamas,Precinct 112,State House,48,R,Andrew Morrison,0
Clackamas,Precinct 400,State House,48,R,Andrew Morrison,570
Clackamas,Precinct 405,State House,48,R,Andrew Morrison,308
Clackamas,Precinct 412,State House,48,R,Andrew Morrison,225
Clackamas,Precinct 102,State House,48,R,Over Votes,0
Clackamas,Precinct 104,State House,48,R,Over Votes,0
Clackamas,Precinct 112,State House,48,R,Over Votes,0
Clackamas,Precinct 400,State House,48,R,Over Votes,0
Clackamas,Precinct 405,State House,48,R,Over Votes,0
Clackamas,Precinct 412,State House,48,R,Over Votes,0
Clackamas,Precinct 102,State House,48,R,Under Votes,158
Clackamas,Precinct 104,State House,48,R,Under Votes,1
Clackamas,Precinct 112,State House,48,R,Under Votes,0
Clackamas,Precinct 400,State House,48,R,Under Votes,712
Clackamas,Precinct 405,State House,48,R,Under Votes,384
Clackamas,Precinct 412,State House,48,R,Under Votes,229
Clackamas,Precinct 102,State House,48,R,Write-ins,0
Clackamas,Precinct 104,State House,48,R,Write-ins,0
Clackamas,Precinct 112,State House,48,R,Write-ins,0
Clackamas,Precinct 400,State House,48,R,Write-ins,8
Clackamas,Precinct 405,State House,48,R,Write-ins,3
Clackamas,Precinct 412,State House,48,R,Write-ins,2
Clackamas,Precinct 106,State House,51,D,Darla Mead,246
Clackamas,Precinct 107,State House,51,D,Darla Mead,181
Clackamas,Precinct 108,State House,51,D,Darla Mead,366
Clackamas,Precinct 122,State House,51,D,Darla Mead,430
Clackamas,Precinct 123,State House,51,D,Darla Mead,228
Clackamas,Precinct 124,State House,51,D,Darla Mead,453
Clackamas,Precinct 125,State House,51,D,Darla Mead,212
Clackamas,Precinct 359,State House,51,D,Darla Mead,273
Clackamas,Precinct 360,State House,51,D,Darla Mead,97
Clackamas,Precinct 363,State House,51,D,Darla Mead,182
Clackamas,Precinct 372,State House,51,D,Darla Mead,2
Clackamas,Precinct 403,State House,51,D,Darla Mead,143
Clackamas,Precinct 415,State House,51,D,Darla Mead,69
Clackamas,Precinct 418,State House,51,D,Darla Mead,134
Clackamas,Precinct 511,State House,51,D,Darla Mead,230
Clackamas,Precinct 512,State House,51,D,Darla Mead,226
Clackamas,Precinct 514,State House,51,D,Darla Mead,577
Clackamas,Precinct 516,State House,51,D,Darla Mead,280
Clackamas,Precinct 518,State House,51,D,Darla Mead,226
Clackamas,Precinct 106,State House,51,D,Joseph Richards,91
Clackamas,Precinct 107,State House,51,D,Joseph Richards,58
Clackamas,Precinct 108,State House,51,D,Joseph Richards,133
Clackamas,Precinct 122,State House,51,D,Joseph Richards,185
Clackamas,Precinct 123,State House,51,D,Joseph Richards,84
Clackamas,Precinct 124,State House,51,D,Joseph Richards,199
Clackamas,Precinct 125,State House,51,D,Joseph Richards,55
Clackamas,Precinct 359,State House,51,D,Joseph Richards,112
Clackamas,Precinct 360,State House,51,D,Joseph Richards,47
Clackamas,Precinct 363,State House,51,D,Joseph Richards,92
Clackamas,Precinct 372,State House,51,D,Joseph Richards,2
Clackamas,Precinct 403,State House,51,D,Joseph Richards,71
Clackamas,Precinct 415,State House,51,D,Joseph Richards,20
Clackamas,Precinct 418,State House,51,D,Joseph Richards,48
Clackamas,Precinct 511,State House,51,D,Joseph Richards,104
Clackamas,Precinct 512,State House,51,D,Joseph Richards,99
Clackamas,Precinct 514,State House,51,D,Joseph Richards,235
Clackamas,Precinct 516,State House,51,D,Joseph Richards,83
Clackamas,Precinct 518,State House,51,D,Joseph Richards,69
Clackamas,Precinct 106,State House,51,D,Over Votes,0
Clackamas,Precinct 107,State House,51,D,Over Votes,0
Clackamas,Precinct 108,State House,51,D,Over Votes,0
Clackamas,Precinct 122,State House,51,D,Over Votes,0
Clackamas,Precinct 123,State House,51,D,Over Votes,0
Clackamas,Precinct 124,State House,51,D,Over Votes,0
Clackamas,Precinct 125,State House,51,D,Over Votes,0
Clackamas,Precinct 359,State House,51,D,Over Votes,0
Clackamas,Precinct 360,State House,51,D,Over Votes,0
Clackamas,Precinct 363,State House,51,D,Over Votes,1
Clackamas,Precinct 372,State House,51,D,Over Votes,0
Clackamas,Precinct 403,State House,51,D,Over Votes,0
Clackamas,Precinct 415,State House,51,D,Over Votes,0
Clackamas,Precinct 418,State House,51,D,Over Votes,1
Clackamas,Precinct 511,State House,51,D,Over Votes,0
Clackamas,Precinct 512,State House,51,D,Over Votes,0
Clackamas,Precinct 514,State House,51,D,Over Votes,0
Clackamas,Precinct 516,State House,51,D,Over Votes,0
Clackamas,Precinct 518,State House,51,D,Over Votes,0
Clackamas,Precinct 106,State House,51,D,Under Votes,65
Clackamas,Precinct 107,State House,51,D,Under Votes,47
Clackamas,Precinct 108,State House,51,D,Under Votes,133
Clackamas,Precinct 122,State House,51,D,Under Votes,166
Clackamas,Precinct 123,State House,51,D,Under Votes,88
Clackamas,Precinct 124,State House,51,D,Under Votes,156
Clackamas,Precinct 125,State House,51,D,Under Votes,50
Clackamas,Precinct 359,State House,51,D,Under Votes,99
Clackamas,Precinct 360,State House,51,D,Under Votes,23
Clackamas,Precinct 363,State House,51,D,Under Votes,62
Clackamas,Precinct 372,State House,51,D,Under Votes,0
Clackamas,Precinct 403,State House,51,D,Under Votes,52
Clackamas,Precinct 415,State House,51,D,Under Votes,19
Clackamas,Precinct 418,State House,51,D,Under Votes,42
Clackamas,Precinct 511,State House,51,D,Under Votes,77
Clackamas,Precinct 512,State House,51,D,Under Votes,55
Clackamas,Precinct 514,State House,51,D,Under Votes,186
Clackamas,Precinct 516,State House,51,D,Under Votes,75
Clackamas,Precinct 518,State House,51,D,Under Votes,50
Clackamas,Precinct 106,State House,51,D,Write-ins,4
Clackamas,Precinct 107,State House,51,D,Write-ins,2
Clackamas,Precinct 108,State House,51,D,Write-ins,7
Clackamas,Precinct 122,State House,51,D,Write-ins,5
Clackamas,Precinct 123,State House,51,D,Write-ins,1
Clackamas,Precinct 124,State House,51,D,Write-ins,7
Clackamas,Precinct 125,State House,51,D,Write-ins,2
Clackamas,Precinct 359,State House,51,D,Write-ins,2
Clackamas,Precinct 360,State House,51,D,Write-ins,2
Clackamas,Precinct 363,State House,51,D,Write-ins,1
Clackamas,Precinct 372,State House,51,D,Write-ins,0
Clackamas,Precinct 403,State House,51,D,Write-ins,4
Clackamas,Precinct 415,State House,51,D,Write-ins,0
Clackamas,Precinct 418,State House,51,D,Write-ins,1
Clackamas,Precinct 511,State House,51,D,Write-ins,2
Clackamas,Precinct 512,State House,51,D,Write-ins,5
Clackamas,Precinct 514,State House,51,D,Write-ins,11
Clackamas,Precinct 516,State House,51,D,Write-ins,4
Clackamas,Precinct 518,State House,51,D,Write-ins,3
Clackamas,Precinct 106,State House,51,R,Dana Hindman-Allen,175
Clackamas,Precinct 107,State House,51,R,Dana Hindman-Allen,128
Clackamas,Precinct 108,State House,51,R,Dana Hindman-Allen,266
Clackamas,Precinct 122,State House,51,R,Dana Hindman-Allen,180
Clackamas,Precinct 123,State House,51,R,Dana Hindman-Allen,113
Clackamas,Precinct 124,State House,51,R,Dana Hindman-Allen,185
Clackamas,Precinct 125,State House,51,R,Dana Hindman-Allen,74
Clackamas,Precinct 359,State House,51,R,Dana Hindman-Allen,163
Clackamas,Precinct 360,State House,51,R,Dana Hindman-Allen,89
Clackamas,Precinct 363,State House,51,R,Dana Hindman-Allen,168
Clackamas,Precinct 372,State House,51,R,Dana Hindman-Allen,1
Clackamas,Precinct 403,State House,51,R,Dana Hindman-Allen,93
Clackamas,Precinct 415,State House,51,R,Dana Hindman-Allen,17
Clackamas,Precinct 418,State House,51,R,Dana Hindman-Allen,67
Clackamas,Precinct 511,State House,51,R,Dana Hindman-Allen,151
Clackamas,Precinct 512,State House,51,R,Dana Hindman-Allen,112
Clackamas,Precinct 514,State House,51,R,Dana Hindman-Allen,355
Clackamas,Precinct 516,State House,51,R,Dana Hindman-Allen,126
Clackamas,Precinct 518,State House,51,R,Dana Hindman-Allen,180
Clackamas,Precinct 106,State House,51,R,Matt Bunch,481
Clackamas,Precinct 107,State House,51,R,Matt Bunch,238
Clackamas,Precinct 108,State House,51,R,Matt Bunch,576
Clackamas,Precinct 122,State House,51,R,Matt Bunch,611
Clackamas,Precinct 123,State House,51,R,Matt Bunch,417
Clackamas,Precinct 124,State House,51,R,Matt Bunch,765
Clackamas,Precinct 125,State House,51,R,Matt Bunch,261
Clackamas,Precinct 359,State House,51,R,Matt Bunch,477
Clackamas,Precinct 360,State House,51,R,Matt Bunch,202
Clackamas,Precinct 363,State House,51,R,Matt Bunch,361
Clackamas,Precinct 372,State House,51,R,Matt Bunch,11
Clackamas,Precinct 403,State House,51,R,Matt Bunch,159
Clackamas,Precinct 415,State House,51,R,Matt Bunch,60
Clackamas,Precinct 418,State House,51,R,Matt Bunch,186
Clackamas,Precinct 511,State House,51,R,Matt Bunch,422
Clackamas,Precinct 512,State House,51,R,Matt Bunch,319
Clackamas,Precinct 514,State House,51,R,Matt Bunch,917
Clackamas,Precinct 516,State House,51,R,Matt Bunch,455
Clackamas,Precinct 518,State House,51,R,Matt Bunch,441
Clackamas,Precinct 106,State House,51,R,Over Votes,0
Clackamas,Precinct 107,State House,51,R,Over Votes,0
Clackamas,Precinct 108,State House,51,R,Over Votes,0
Clackamas,Precinct 122,State House,51,R,Over Votes,0
Clackamas,Precinct 123,State House,51,R,Over Votes,0
Clackamas,Precinct 124,State House,51,R,Over Votes,0
Clackamas,Precinct 125,State House,51,R,Over Votes,0
Clackamas,Precinct 359,State House,51,R,Over Votes,0
Clackamas,Precinct 360,State House,51,R,Over Votes,0
Clackamas,Precinct 363,State House,51,R,Over Votes,1
Clackamas,Precinct 372,State House,51,R,Over Votes,0
Clackamas,Precinct 403,State House,51,R,Over Votes,0
Clackamas,Precinct 415,State House,51,R,Over Votes,0
Clackamas,Precinct 418,State House,51,R,Over Votes,0
Clackamas,Precinct 511,State House,51,R,Over Votes,0
Clackamas,Precinct 512,State House,51,R,Over Votes,0
Clackamas,Precinct 514,State House,51,R,Over Votes,0
Clackamas,Precinct 516,State House,51,R,Over Votes,0
Clackamas,Precinct 518,State House,51,R,Over Votes,0
Clackamas,Precinct 106,State House,51,R,Under Votes,174
Clackamas,Precinct 107,State House,51,R,Under Votes,128
Clackamas,Precinct 108,State House,51,R,Under Votes,220
Clackamas,Precinct 122,State House,51,R,Under Votes,211
Clackamas,Precinct 123,State House,51,R,Under Votes,122
Clackamas,Precinct 124,State House,51,R,Under Votes,203
Clackamas,Precinct 125,State House,51,R,Under Votes,90
Clackamas,Precinct 359,State House,51,R,Under Votes,225
Clackamas,Precinct 360,State House,51,R,Under Votes,81
Clackamas,Precinct 363,State House,51,R,Under Votes,163
Clackamas,Precinct 372,State House,51,R,Under Votes,0
Clackamas,Precinct 403,State House,51,R,Under Votes,74
Clackamas,Precinct 415,State House,51,R,Under Votes,27
Clackamas,Precinct 418,State House,51,R,Under Votes,58
Clackamas,Precinct 511,State House,51,R,Under Votes,119
Clackamas,Precinct 512,State House,51,R,Under Votes,127
Clackamas,Precinct 514,State House,51,R,Under Votes,354
Clackamas,Precinct 516,State House,51,R,Under Votes,106
Clackamas,Precinct 518,State House,51,R,Under Votes,163
Clackamas,Precinct 106,State House,51,R,Write-ins,2
Clackamas,Precinct 107,State House,51,R,Write-ins,0
Clackamas,Precinct 108,State House,51,R,Write-ins,7
Clackamas,Precinct 122,State House,51,R,Write-ins,2
Clackamas,Precinct 123,State House,51,R,Write-ins,3
Clackamas,Precinct 124,State House,51,R,Write-ins,7
Clackamas,Precinct 125,State House,51,R,Write-ins,0
Clackamas,Precinct 359,State House,51,R,Write-ins,4
Clackamas,Precinct 360,State House,51,R,Write-ins,0
Clackamas,Precinct 363,State House,51,R,Write-ins,4
Clackamas,Precinct 372,State House,51,R,Write-ins,2
Clackamas,Precinct 403,State House,51,R,Write-ins,1
Clackamas,Precinct 415,State House,51,R,Write-ins,0
Clackamas,Precinct 418,State House,51,R,Write-ins,0
Clackamas,Precinct 511,State House,51,R,Write-ins,4
Clackamas,Precinct 512,State House,51,R,Write-ins,2
Clackamas,Precinct 514,State House,51,R,Write-ins,4
Clackamas,Precinct 516,State House,51,R,Write-ins,1
Clackamas,Precinct 518,State House,51,R,Write-ins,0
Clackamas,Precinct 109,State House,52,D,Bernard R. Seeger Walden,0
Clackamas,Precinct 364,State House,52,D,Bernard R. Seeger Walden,4
Clackamas,Precinct 371,State House,52,D,Bernard R. Seeger Walden,2
Clackamas,Precinct 373,State House,52,D,Bernard R. Seeger Walden,45
Clackamas,Precinct 374,State House,52,D,Bernard R. Seeger Walden,0
Clackamas,Precinct 404,State House,52,D,Bernard R. Seeger Walden,33
Clackamas,Precinct 406,State House,52,D,Bernard R. Seeger Walden,13
Clackamas,Precinct 109,State House,52,D,David Osborn,0
Clackamas,Precinct 364,State House,52,D,David Osborn,8
Clackamas,Precinct 371,State House,52,D,David Osborn,19
Clackamas,Precinct 373,State House,52,D,David Osborn,256
Clackamas,Precinct 374,State House,52,D,David Osborn,0
Clackamas,Precinct 404,State House,52,D,David Osborn,136
Clackamas,Precinct 406,State House,52,D,David Osborn,25
Clackamas,Precinct 109,State House,52,D,Hank Sanders,0
Clackamas,Precinct 364,State House,52,D,Hank Sanders,14
Clackamas,Precinct 371,State House,52,D,Hank Sanders,14
Clackamas,Precinct 373,State House,52,D,Hank Sanders,365
Clackamas,Precinct 374,State House,52,D,Hank Sanders,0
Clackamas,Precinct 404,State House,52,D,Hank Sanders,245
Clackamas,Precinct 406,State House,52,D,Hank Sanders,42
Clackamas,Precinct 109,State House,52,D,Nick Poublon,0
Clackamas,Precinct 364,State House,52,D,Nick Poublon,7
Clackamas,Precinct 371,State House,52,D,Nick Poublon,9
Clackamas,Precinct 373,State House,52,D,Nick Poublon,121
Clackamas,Precinct 374,State House,52,D,Nick Poublon,0
Clackamas,Precinct 404,State House,52,D,Nick Poublon,78
Clackamas,Precinct 406,State House,52,D,Nick Poublon,14
Clackamas,Precinct 109,State House,52,D,Over Votes,0
Clackamas,Precinct 364,State House,52,D,Over Votes,0
Clackamas,Precinct 371,State House,52,D,Over Votes,0
Clackamas,Precinct 373,State House,52,D,Over Votes,1
Clackamas,Precinct 374,State House,52,D,Over Votes,0
Clackamas,Precinct 404,State House,52,D,Over Votes,0
Clackamas,Precinct 406,State House,52,D,Over Votes,0
Clackamas,Precinct 109,State House,52,D,Under Votes,0
Clackamas,Precinct 364,State House,52,D,Under Votes,10
Clackamas,Precinct 371,State House,52,D,Under Votes,8
Clackamas,Precinct 373,State House,52,D,Under Votes,105
Clackamas,Precinct 374,State House,52,D,Under Votes,0
Clackamas,Precinct 404,State House,52,D,Under Votes,119
Clackamas,Precinct 406,State House,52,D,Under Votes,24
Clackamas,Precinct 109,State House,52,D,Write-ins,0
Clackamas,Precinct 364,State House,52,D,Write-ins,0
Clackamas,Precinct 371,State House,52,D,Write-ins,0
Clackamas,Precinct 373,State House,52,D,Write-ins,7
Clackamas,Precinct 374,State House,52,D,Write-ins,0
Clackamas,Precinct 404,State House,52,D,Write-ins,9
Clackamas,Precinct 406,State House,52,D,Write-ins,0
Clackamas,Precinct 109,State House,52,R,Darcy Lapier,0
Clackamas,Precinct 364,State House,52,R,Darcy Lapier,14
Clackamas,Precinct 371,State House,52,R,Darcy Lapier,9
Clackamas,Precinct 373,State House,52,R,Darcy Lapier,126
Clackamas,Precinct 374,State House,52,R,Darcy Lapier,0
Clackamas,Precinct 404,State House,52,R,Darcy Lapier,190
Clackamas,Precinct 406,State House,52,R,Darcy Lapier,66
Clackamas,Precinct 109,State House,52,R,Over Votes,0
Clackamas,Precinct 364,State House,52,R,Over Votes,0
Clackamas,Precinct 371,State House,52,R,Over Votes,0
Clackamas,Precinct 373,State House,52,R,Over Votes,0
Clackamas,Precinct 374,State House,52,R,Over Votes,0
Clackamas,Precinct 404,State House,52,R,Over Votes,0
Clackamas,Precinct 406,State House,52,R,Over Votes,0
Clackamas,Precinct 109,State House,52,R,Robert M. Fleming,0
Clackamas,Precinct 364,State House,52,R,Robert M. Fleming,14
Clackamas,Precinct 371,State House,52,R,Robert M. Fleming,16
Clackamas,Precinct 373,State House,52,R,Robert M. Fleming,63
Clackamas,Precinct 374,State House,52,R,Robert M. Fleming,0
Clackamas,Precinct 404,State House,52,R,Robert M. Fleming,133
Clackamas,Precinct 406,State House,52,R,Robert M. Fleming,42
Clackamas,Precinct 109,State House,52,R,Scott C. Hege,0
Clackamas,Precinct 364,State House,52,R,Scott C. Hege,38
Clackamas,Precinct 371,State House,52,R,Scott C. Hege,34
Clackamas,Precinct 373,State House,52,R,Scott C. Hege,330
Clackamas,Precinct 374,State House,52,R,Scott C. Hege,0
Clackamas,Precinct 404,State House,52,R,Scott C. Hege,558
Clackamas,Precinct 406,State House,52,R,Scott C. Hege,145
Clackamas,Precinct 109,State House,52,R,Under Votes,0
Clackamas,Precinct 364,State House,52,R,Under Votes,17
Clackamas,Precinct 371,State House,52,R,Under Votes,18
Clackamas,Precinct 373,State House,52,R,Under Votes,239
Clackamas,Precinct 374,State House,52,R,Under Votes,0
Clackamas,Precinct 404,State House,52,R,Under Votes,368
Clackamas,Precinct 406,State House,52,R,Under Votes,85
Clackamas,Precinct 109,State House,52,R,Write-ins,0
Clackamas,Precinct 364,State House,52,R,Write-ins,0
Clackamas,Precinct 371,State House,52,R,Write-ins,2
Clackamas,Precinct 373,State House,52,R,Write-ins,7
Clackamas,Precinct 374,State House,52,R,Write-ins,0
Clackamas,Precinct 404,State House,52,R,Write-ins,1
Clackamas,Precinct 406,State House,52,R,Write-ins,2
Clackamas,Precinct 355,State House,57,D,Over Votes,0
Clackamas,Precinct 355,State House,57,D,Under Votes,0
Clackamas,Precinct 355,State House,57,D,Write-ins,0
Clackamas,Precinct 355,State House,57,R,Greg Smith,0
Clackamas,Precinct 355,State House,57,R,Jim E. Doherty,0
Clackamas,Precinct 355,State House,57,R,Over Votes,0
Clackamas,Precinct 355,State House,57,R,Under Votes,0
Clackamas,Precinct 355,State House,57,R,Write-ins,0
Clackamas,Precinct 201,State Senate,13,D,Courtney Neron Misslin,827
Clackamas,Precinct 202,State Senate,13,D,Courtney Neron Misslin,836
Clackamas,Precinct 203,State Senate,13,D,Courtney Neron Misslin,550
Clackamas,Precinct 204,State Senate,13,D,Courtney Neron Misslin,367
Clackamas,Precinct 323,State Senate,13,D,Courtney Neron Misslin,220
Clackamas,Precinct 332,State Senate,13,D,Courtney Neron Misslin,87
Clackamas,Precinct 201,State Senate,13,D,Over Votes,0
Clackamas,Precinct 202,State Senate,13,D,Over Votes,0
Clackamas,Precinct 203,State Senate,13,D,Over Votes,0
Clackamas,Precinct 204,State Senate,13,D,Over Votes,0
Clackamas,Precinct 323,State Senate,13,D,Over Votes,0
Clackamas,Precinct 332,State Senate,13,D,Over Votes,0
Clackamas,Precinct 201,State Senate,13,D,Under Votes,182
Clackamas,Precinct 202,State Senate,13,D,Under Votes,226
Clackamas,Precinct 203,State Senate,13,D,Under Votes,139
Clackamas,Precinct 204,State Senate,13,D,Under Votes,114
Clackamas,Precinct 323,State Senate,13,D,Under Votes,59
Clackamas,Precinct 332,State Senate,13,D,Under Votes,36
Clackamas,Precinct 201,State Senate,13,D,Write-ins,5
Clackamas,Precinct 202,State Senate,13,D,Write-ins,1
Clackamas,Precinct 203,State Senate,13,D,Write-ins,0
Clackamas,Precinct 204,State Senate,13,D,Write-ins,5
Clackamas,Precinct 323,State Senate,13,D,Write-ins,2
Clackamas,Precinct 332,State Senate,13,D,Write-ins,0
Clackamas,Precinct 201,State Senate,13,R,Glenn Lancaster,378
Clackamas,Precinct 202,State Senate,13,R,Glenn Lancaster,469
Clackamas,Precinct 203,State Senate,13,R,Glenn Lancaster,399
Clackamas,Precinct 204,State Senate,13,R,Glenn Lancaster,282
Clackamas,Precinct 323,State Senate,13,R,Glenn Lancaster,237
Clackamas,Precinct 332,State Senate,13,R,Glenn Lancaster,92
Clackamas,Precinct 201,State Senate,13,R,Over Votes,0
Clackamas,Precinct 202,State Senate,13,R,Over Votes,0
Clackamas,Precinct 203,State Senate,13,R,Over Votes,0
Clackamas,Precinct 204,State Senate,13,R,Over Votes,0
Clackamas,Precinct 323,State Senate,13,R,Over Votes,0
Clackamas,Precinct 332,State Senate,13,R,Over Votes,0
Clackamas,Precinct 201,State Senate,13,R,Under Votes,270
Clackamas,Precinct 202,State Senate,13,R,Under Votes,350
Clackamas,Precinct 203,State Senate,13,R,Under Votes,243
Clackamas,Precinct 204,State Senate,13,R,Under Votes,183
Clackamas,Precinct 323,State Senate,13,R,Under Votes,182
Clackamas,Precinct 332,State Senate,13,R,Under Votes,105
Clackamas,Precinct 201,State Senate,13,R,Write-ins,5
Clackamas,Precinct 202,State Senate,13,R,Write-ins,10
Clackamas,Precinct 203,State Senate,13,R,Write-ins,3
Clackamas,Precinct 204,State Senate,13,R,Write-ins,2
Clackamas,Precinct 323,State Senate,13,R,Write-ins,2
Clackamas,Precinct 332,State Senate,13,R,Write-ins,1
Clackamas,Precinct 116,State Senate,19,D,Over Votes,0
Clackamas,Precinct 131,State Senate,19,D,Over Votes,0
Clackamas,Precinct 132,State Senate,19,D,Over Votes,0
Clackamas,Precinct 133,State Senate,19,D,Over Votes,0
Clackamas,Precinct 134,State Senate,19,D,Over Votes,0
Clackamas,Precinct 135,State Senate,19,D,Over Votes,0
Clackamas,Precinct 151,State Senate,19,D,Over Votes,0
Clackamas,Precinct 152,State Senate,19,D,Over Votes,0
Clackamas,Precinct 153,State Senate,19,D,Over Votes,0
Clackamas,Precinct 154,State Senate,19,D,Over Votes,0
Clackamas,Precinct 155,State Senate,19,D,Over Votes,0
Clackamas,Precinct 156,State Senate,19,D,Over Votes,0
Clackamas,Precinct 157,State Senate,19,D,Over Votes,0
Clackamas,Precinct 158,State Senate,19,D,Over Votes,0
Clackamas,Precinct 159,State Senate,19,D,Over Votes,0
Clackamas,Precinct 160,State Senate,19,D,Over Votes,0
Clackamas,Precinct 161,State Senate,19,D,Over Votes,0
Clackamas,Precinct 162,State Senate,19,D,Over Votes,0
Clackamas,Precinct 251,State Senate,19,D,Over Votes,0
Clackamas,Precinct 279,State Senate,19,D,Over Votes,0
Clackamas,Precinct 280,State Senate,19,D,Over Votes,0
Clackamas,Precinct 281,State Senate,19,D,Over Votes,0
Clackamas,Precinct 282,State Senate,19,D,Over Votes,0
Clackamas,Precinct 283,State Senate,19,D,Over Votes,0
Clackamas,Precinct 284,State Senate,19,D,Over Votes,0
Clackamas,Precinct 285,State Senate,19,D,Over Votes,0
Clackamas,Precinct 286,State Senate,19,D,Over Votes,0
Clackamas,Precinct 320,State Senate,19,D,Over Votes,0
Clackamas,Precinct 321,State Senate,19,D,Over Votes,0
Clackamas,Precinct 322,State Senate,19,D,Over Votes,0
Clackamas,Precinct 324,State Senate,19,D,Over Votes,0
Clackamas,Precinct 116,State Senate,19,D,Rob Wagner,1
Clackamas,Precinct 131,State Senate,19,D,Rob Wagner,1062
Clackamas,Precinct 132,State Senate,19,D,Rob Wagner,854
Clackamas,Precinct 133,State Senate,19,D,Rob Wagner,383
Clackamas,Precinct 134,State Senate,19,D,Rob Wagner,1
Clackamas,Precinct 135,State Senate,19,D,Rob Wagner,1138
Clackamas,Precinct 151,State Senate,19,D,Rob Wagner,580
Clackamas,Precinct 152,State Senate,19,D,Rob Wagner,1124
Clackamas,Precinct 153,State Senate,19,D,Rob Wagner,87
Clackamas,Precinct 154,State Senate,19,D,Rob Wagner,18
Clackamas,Precinct 155,State Senate,19,D,Rob Wagner,512
Clackamas,Precinct 156,State Senate,19,D,Rob Wagner,1162
Clackamas,Precinct 157,State Senate,19,D,Rob Wagner,10
Clackamas,Precinct 158,State Senate,19,D,Rob Wagner,906
Clackamas,Precinct 159,State Senate,19,D,Rob Wagner,547
Clackamas,Precinct 160,State Senate,19,D,Rob Wagner,360
Clackamas,Precinct 161,State Senate,19,D,Rob Wagner,111
Clackamas,Precinct 162,State Senate,19,D,Rob Wagner,154
Clackamas,Precinct 251,State Senate,19,D,Rob Wagner,337
Clackamas,Precinct 279,State Senate,19,D,Rob Wagner,30
Clackamas,Precinct 280,State Senate,19,D,Rob Wagner,84
Clackamas,Precinct 281,State Senate,19,D,Rob Wagner,221
Clackamas,Precinct 282,State Senate,19,D,Rob Wagner,74
Clackamas,Precinct 283,State Senate,19,D,Rob Wagner,88
Clackamas,Precinct 284,State Senate,19,D,Rob Wagner,85
Clackamas,Precinct 285,State Senate,19,D,Rob Wagner,2
Clackamas,Precinct 286,State Senate,19,D,Rob Wagner,30
Clackamas,Precinct 320,State Senate,19,D,Rob Wagner,20
Clackamas,Precinct 321,State Senate,19,D,Rob Wagner,417
Clackamas,Precinct 322,State Senate,19,D,Rob Wagner,155
Clackamas,Precinct 324,State Senate,19,D,Rob Wagner,9
Clackamas,Precinct 116,State Senate,19,D,Under Votes,0
Clackamas,Precinct 131,State Senate,19,D,Under Votes,327
Clackamas,Precinct 132,State Senate,19,D,Under Votes,242
Clackamas,Precinct 133,State Senate,19,D,Under Votes,127
Clackamas,Precinct 134,State Senate,19,D,Under Votes,1
Clackamas,Precinct 135,State Senate,19,D,Under Votes,344
Clackamas,Precinct 151,State Senate,19,D,Under Votes,157
Clackamas,Precinct 152,State Senate,19,D,Under Votes,370
Clackamas,Precinct 153,State Senate,19,D,Under Votes,21
Clackamas,Precinct 154,State Senate,19,D,Under Votes,7
Clackamas,Precinct 155,State Senate,19,D,Under Votes,177
Clackamas,Precinct 156,State Senate,19,D,Under Votes,365
Clackamas,Precinct 157,State Senate,19,D,Under Votes,5
Clackamas,Precinct 158,State Senate,19,D,Under Votes,220
Clackamas,Precinct 159,State Senate,19,D,Under Votes,161
Clackamas,Precinct 160,State Senate,19,D,Under Votes,105
Clackamas,Precinct 161,State Senate,19,D,Under Votes,34
Clackamas,Precinct 162,State Senate,19,D,Under Votes,43
Clackamas,Precinct 251,State Senate,19,D,Under Votes,106
Clackamas,Precinct 279,State Senate,19,D,Under Votes,3
Clackamas,Precinct 280,State Senate,19,D,Under Votes,33
Clackamas,Precinct 281,State Senate,19,D,Under Votes,73
Clackamas,Precinct 282,State Senate,19,D,Under Votes,26
Clackamas,Precinct 283,State Senate,19,D,Under Votes,23
Clackamas,Precinct 284,State Senate,19,D,Under Votes,29
Clackamas,Precinct 285,State Senate,19,D,Under Votes,3
Clackamas,Precinct 286,State Senate,19,D,Under Votes,15
Clackamas,Precinct 320,State Senate,19,D,Under Votes,8
Clackamas,Precinct 321,State Senate,19,D,Under Votes,140
Clackamas,Precinct 322,State Senate,19,D,Under Votes,61
Clackamas,Precinct 324,State Senate,19,D,Under Votes,5
Clackamas,Precinct 116,State Senate,19,D,Write-ins,0
Clackamas,Precinct 131,State Senate,19,D,Write-ins,3
Clackamas,Precinct 132,State Senate,19,D,Write-ins,4
Clackamas,Precinct 133,State Senate,19,D,Write-ins,6
Clackamas,Precinct 134,State Senate,19,D,Write-ins,0
Clackamas,Precinct 135,State Senate,19,D,Write-ins,8
Clackamas,Precinct 151,State Senate,19,D,Write-ins,5
Clackamas,Precinct 152,State Senate,19,D,Write-ins,2
Clackamas,Precinct 153,State Senate,19,D,Write-ins,1
Clackamas,Precinct 154,State Senate,19,D,Write-ins,0
Clackamas,Precinct 155,State Senate,19,D,Write-ins,1
Clackamas,Precinct 156,State Senate,19,D,Write-ins,6
Clackamas,Precinct 157,State Senate,19,D,Write-ins,0
Clackamas,Precinct 158,State Senate,19,D,Write-ins,4
Clackamas,Precinct 159,State Senate,19,D,Write-ins,6
Clackamas,Precinct 160,State Senate,19,D,Write-ins,1
Clackamas,Precinct 161,State Senate,19,D,Write-ins,0
Clackamas,Precinct 162,State Senate,19,D,Write-ins,0
Clackamas,Precinct 251,State Senate,19,D,Write-ins,0
Clackamas,Precinct 279,State Senate,19,D,Write-ins,0
Clackamas,Precinct 280,State Senate,19,D,Write-ins,2
Clackamas,Precinct 281,State Senate,19,D,Write-ins,3
Clackamas,Precinct 282,State Senate,19,D,Write-ins,0
Clackamas,Precinct 283,State Senate,19,D,Write-ins,0
Clackamas,Precinct 284,State Senate,19,D,Write-ins,0
Clackamas,Precinct 285,State Senate,19,D,Write-ins,0
Clackamas,Precinct 286,State Senate,19,D,Write-ins,0
Clackamas,Precinct 320,State Senate,19,D,Write-ins,0
Clackamas,Precinct 321,State Senate,19,D,Write-ins,6
Clackamas,Precinct 322,State Senate,19,D,Write-ins,1
Clackamas,Precinct 324,State Senate,19,D,Write-ins,0
Clackamas,Precinct 116,State Senate,19,R,Mary Dirksen,0
Clackamas,Precinct 131,State Senate,19,R,Mary Dirksen,519
Clackamas,Precinct 132,State Senate,19,R,Mary Dirksen,371
Clackamas,Precinct 133,State Senate,19,R,Mary Dirksen,124
Clackamas,Precinct 134,State Senate,19,R,Mary Dirksen,0
Clackamas,Precinct 135,State Senate,19,R,Mary Dirksen,385
Clackamas,Precinct 151,State Senate,19,R,Mary Dirksen,210
Clackamas,Precinct 152,State Senate,19,R,Mary Dirksen,400
Clackamas,Precinct 153,State Senate,19,R,Mary Dirksen,41
Clackamas,Precinct 154,State Senate,19,R,Mary Dirksen,8
Clackamas,Precinct 155,State Senate,19,R,Mary Dirksen,162
Clackamas,Precinct 156,State Senate,19,R,Mary Dirksen,305
Clackamas,Precinct 157,State Senate,19,R,Mary Dirksen,7
Clackamas,Precinct 158,State Senate,19,R,Mary Dirksen,223
Clackamas,Precinct 159,State Senate,19,R,Mary Dirksen,225
Clackamas,Precinct 160,State Senate,19,R,Mary Dirksen,109
Clackamas,Precinct 161,State Senate,19,R,Mary Dirksen,24
Clackamas,Precinct 162,State Senate,19,R,Mary Dirksen,50
Clackamas,Precinct 251,State Senate,19,R,Mary Dirksen,185
Clackamas,Precinct 279,State Senate,19,R,Mary Dirksen,10
Clackamas,Precinct 280,State Senate,19,R,Mary Dirksen,25
Clackamas,Precinct 281,State Senate,19,R,Mary Dirksen,104
Clackamas,Precinct 282,State Senate,19,R,Mary Dirksen,14
Clackamas,Precinct 283,State Senate,19,R,Mary Dirksen,35
Clackamas,Precinct 284,State Senate,19,R,Mary Dirksen,21
Clackamas,Precinct 285,State Senate,19,R,Mary Dirksen,1
Clackamas,Precinct 286,State Senate,19,R,Mary Dirksen,12
Clackamas,Precinct 320,State Senate,19,R,Mary Dirksen,12
Clackamas,Precinct 321,State Senate,19,R,Mary Dirksen,308
Clackamas,Precinct 322,State Senate,19,R,Mary Dirksen,156
Clackamas,Precinct 324,State Senate,19,R,Mary Dirksen,9
Clackamas,Precinct 116,State Senate,19,R,Over Votes,0
Clackamas,Precinct 131,State Senate,19,R,Over Votes,0
Clackamas,Precinct 132,State Senate,19,R,Over Votes,0
Clackamas,Precinct 133,State Senate,19,R,Over Votes,0
Clackamas,Precinct 134,State Senate,19,R,Over Votes,0
Clackamas,Precinct 135,State Senate,19,R,Over Votes,0
Clackamas,Precinct 151,State Senate,19,R,Over Votes,0
Clackamas,Precinct 152,State Senate,19,R,Over Votes,1
Clackamas,Precinct 153,State Senate,19,R,Over Votes,0
Clackamas,Precinct 154,State Senate,19,R,Over Votes,0
Clackamas,Precinct 155,State Senate,19,R,Over Votes,0
Clackamas,Precinct 156,State Senate,19,R,Over Votes,0
Clackamas,Precinct 157,State Senate,19,R,Over Votes,0
Clackamas,Precinct 158,State Senate,19,R,Over Votes,0
Clackamas,Precinct 159,State Senate,19,R,Over Votes,0
Clackamas,Precinct 160,State Senate,19,R,Over Votes,0
Clackamas,Precinct 161,State Senate,19,R,Over Votes,0
Clackamas,Precinct 162,State Senate,19,R,Over Votes,0
Clackamas,Precinct 251,State Senate,19,R,Over Votes,0
Clackamas,Precinct 279,State Senate,19,R,Over Votes,0
Clackamas,Precinct 280,State Senate,19,R,Over Votes,0
Clackamas,Precinct 281,State Senate,19,R,Over Votes,0
Clackamas,Precinct 282,State Senate,19,R,Over Votes,0
Clackamas,Precinct 283,State Senate,19,R,Over Votes,0
Clackamas,Precinct 284,State Senate,19,R,Over Votes,0
Clackamas,Precinct 285,State Senate,19,R,Over Votes,0
Clackamas,Precinct 286,State Senate,19,R,Over Votes,0
Clackamas,Precinct 320,State Senate,19,R,Over Votes,0
Clackamas,Precinct 321,State Senate,19,R,Over Votes,0
Clackamas,Precinct 322,State Senate,19,R,Over Votes,0
Clackamas,Precinct 324,State Senate,19,R,Over Votes,0
Clackamas,Precinct 116,State Senate,19,R,Under Votes,0
Clackamas,Precinct 131,State Senate,19,R,Under Votes,483
Clackamas,Precinct 132,State Senate,19,R,Under Votes,303
Clackamas,Precinct 133,State Senate,19,R,Under Votes,128
Clackamas,Precinct 134,State Senate,19,R,Under Votes,1
Clackamas,Precinct 135,State Senate,19,R,Under Votes,337
Clackamas,Precinct 151,State Senate,19,R,Under Votes,187
Clackamas,Precinct 152,State Senate,19,R,Under Votes,449
Clackamas,Precinct 153,State Senate,19,R,Under Votes,38
Clackamas,Precinct 154,State Senate,19,R,Under Votes,3
Clackamas,Precinct 155,State Senate,19,R,Under Votes,186
Clackamas,Precinct 156,State Senate,19,R,Under Votes,305
Clackamas,Precinct 157,State Senate,19,R,Under Votes,9
Clackamas,Precinct 158,State Senate,19,R,Under Votes,261
Clackamas,Precinct 159,State Senate,19,R,Under Votes,203
Clackamas,Precinct 160,State Senate,19,R,Under Votes,98
Clackamas,Precinct 161,State Senate,19,R,Under Votes,48
Clackamas,Precinct 162,State Senate,19,R,Under Votes,33
Clackamas,Precinct 251,State Senate,19,R,Under Votes,166
Clackamas,Precinct 279,State Senate,19,R,Under Votes,6
Clackamas,Precinct 280,State Senate,19,R,Under Votes,22
Clackamas,Precinct 281,State Senate,19,R,Under Votes,59
Clackamas,Precinct 282,State Senate,19,R,Under Votes,24
Clackamas,Precinct 283,State Senate,19,R,Under Votes,48
Clackamas,Precinct 284,State Senate,19,R,Under Votes,16
Clackamas,Precinct 285,State Senate,19,R,Under Votes,2
Clackamas,Precinct 286,State Senate,19,R,Under Votes,10
Clackamas,Precinct 320,State Senate,19,R,Under Votes,14
Clackamas,Precinct 321,State Senate,19,R,Under Votes,373
Clackamas,Precinct 322,State Senate,19,R,Under Votes,185
Clackamas,Precinct 324,State Senate,19,R,Under Votes,8
Clackamas,Precinct 116,State Senate,19,R,Write-ins,0
Clackamas,Precinct 131,State Senate,19,R,Write-ins,10
Clackamas,Precinct 132,State Senate,19,R,Write-ins,4
Clackamas,Precinct 133,State Senate,19,R,Write-ins,4
Clackamas,Precinct 134,State Senate,19,R,Write-ins,0
Clackamas,Precinct 135,State Senate,19,R,Write-ins,5
Clackamas,Precinct 151,State Senate,19,R,Write-ins,3
Clackamas,Precinct 152,State Senate,19,R,Write-ins,8
Clackamas,Precinct 153,State Senate,19,R,Write-ins,0
Clackamas,Precinct 154,State Senate,19,R,Write-ins,0
Clackamas,Precinct 155,State Senate,19,R,Write-ins,2
Clackamas,Precinct 156,State Senate,19,R,Write-ins,6
Clackamas,Precinct 157,State Senate,19,R,Write-ins,0
Clackamas,Precinct 158,State Senate,19,R,Write-ins,1
Clackamas,Precinct 159,State Senate,19,R,Write-ins,2
Clackamas,Precinct 160,State Senate,19,R,Write-ins,0
Clackamas,Precinct 161,State Senate,19,R,Write-ins,0
Clackamas,Precinct 162,State Senate,19,R,Write-ins,2
Clackamas,Precinct 251,State Senate,19,R,Write-ins,2
Clackamas,Precinct 279,State Senate,19,R,Write-ins,0
Clackamas,Precinct 280,State Senate,19,R,Write-ins,0
Clackamas,Precinct 281,State Senate,19,R,Write-ins,4
Clackamas,Precinct 282,State Senate,19,R,Write-ins,1
Clackamas,Precinct 283,State Senate,19,R,Write-ins,0
Clackamas,Precinct 284,State Senate,19,R,Write-ins,0
Clackamas,Precinct 285,State Senate,19,R,Write-ins,0
Clackamas,Precinct 286,State Senate,19,R,Write-ins,0
Clackamas,Precinct 320,State Senate,19,R,Write-ins,0
Clackamas,Precinct 321,State Senate,19,R,Write-ins,2
Clackamas,Precinct 322,State Senate,19,R,Write-ins,2
Clackamas,Precinct 324,State Senate,19,R,Write-ins,1
Clackamas,Precinct 100,State Senate,20,D,Mark Meek,15
Clackamas,Precinct 101,State Senate,20,D,Mark Meek,771
Clackamas,Precinct 103,State Senate,20,D,Mark Meek,415
Clackamas,Precinct 105,State Senate,20,D,Mark Meek,636
Clackamas,Precinct 113,State Senate,20,D,Mark Meek,5
Clackamas,Precinct 114,State Senate,20,D,Mark Meek,28
Clackamas,Precinct 410,State Senate,20,D,Mark Meek,458
Clackamas,Precinct 411,State Senate,20,D,Mark Meek,636
Clackamas,Precinct 413,State Senate,20,D,Mark Meek,34
Clackamas,Precinct 414,State Senate,20,D,Mark Meek,108
Clackamas,Precinct 416,State Senate,20,D,Mark Meek,368
Clackamas,Precinct 417,State Senate,20,D,Mark Meek,163
Clackamas,Precinct 419,State Senate,20,D,Mark Meek,375
Clackamas,Precinct 421,State Senate,20,D,Mark Meek,379
Clackamas,Precinct 422,State Senate,20,D,Mark Meek,627
Clackamas,Precinct 503,State Senate,20,D,Mark Meek,793
Clackamas,Precinct 504,State Senate,20,D,Mark Meek,974
Clackamas,Precinct 506,State Senate,20,D,Mark Meek,479
Clackamas,Precinct 510,State Senate,20,D,Mark Meek,143
Clackamas,Precinct 513,State Senate,20,D,Mark Meek,24
Clackamas,Precinct 600,State Senate,20,D,Mark Meek,861
Clackamas,Precinct 602,State Senate,20,D,Mark Meek,712
Clackamas,Precinct 604,State Senate,20,D,Mark Meek,1124
Clackamas,Precinct 606,State Senate,20,D,Mark Meek,332
Clackamas,Precinct 608,State Senate,20,D,Mark Meek,448
Clackamas,Precinct 614,State Senate,20,D,Mark Meek,408
Clackamas,Precinct 616,State Senate,20,D,Mark Meek,636
Clackamas,Precinct 618,State Senate,20,D,Mark Meek,94
Clackamas,Precinct 620,State Senate,20,D,Mark Meek,55
Clackamas,Precinct 628,State Senate,20,D,Mark Meek,179
Clackamas,Precinct 100,State Senate,20,D,Over Votes,0
Clackamas,Precinct 101,State Senate,20,D,Over Votes,0
Clackamas,Precinct 103,State Senate,20,D,Over Votes,0
Clackamas,Precinct 105,State Senate,20,D,Over Votes,0
Clackamas,Precinct 113,State Senate,20,D,Over Votes,0
Clackamas,Precinct 114,State Senate,20,D,Over Votes,0
Clackamas,Precinct 410,State Senate,20,D,Over Votes,0
Clackamas,Precinct 411,State Senate,20,D,Over Votes,0
Clackamas,Precinct 413,State Senate,20,D,Over Votes,0
Clackamas,Precinct 414,State Senate,20,D,Over Votes,0
Clackamas,Precinct 416,State Senate,20,D,Over Votes,0
Clackamas,Precinct 417,State Senate,20,D,Over Votes,0
Clackamas,Precinct 419,State Senate,20,D,Over Votes,0
Clackamas,Precinct 421,State Senate,20,D,Over Votes,0
Clackamas,Precinct 422,State Senate,20,D,Over Votes,0
Clackamas,Precinct 503,State Senate,20,D,Over Votes,0
Clackamas,Precinct 504,State Senate,20,D,Over Votes,0
Clackamas,Precinct 506,State Senate,20,D,Over Votes,0
Clackamas,Precinct 510,State Senate,20,D,Over Votes,0
Clackamas,Precinct 513,State Senate,20,D,Over Votes,0
Clackamas,Precinct 600,State Senate,20,D,Over Votes,0
Clackamas,Precinct 602,State Senate,20,D,Over Votes,0
Clackamas,Precinct 604,State Senate,20,D,Over Votes,0
Clackamas,Precinct 606,State Senate,20,D,Over Votes,0
Clackamas,Precinct 608,State Senate,20,D,Over Votes,0
Clackamas,Precinct 614,State Senate,20,D,Over Votes,0
Clackamas,Precinct 616,State Senate,20,D,Over Votes,0
Clackamas,Precinct 618,State Senate,20,D,Over Votes,0
Clackamas,Precinct 620,State Senate,20,D,Over Votes,0
Clackamas,Precinct 628,State Senate,20,D,Over Votes,0
Clackamas,Precinct 100,State Senate,20,D,Under Votes,6
Clackamas,Precinct 101,State Senate,20,D,Under Votes,276
Clackamas,Precinct 103,State Senate,20,D,Under Votes,163
Clackamas,Precinct 105,State Senate,20,D,Under Votes,200
Clackamas,Precinct 113,State Senate,20,D,Under Votes,4
Clackamas,Precinct 114,State Senate,20,D,Under Votes,14
Clackamas,Precinct 410,State Senate,20,D,Under Votes,177
Clackamas,Precinct 411,State Senate,20,D,Under Votes,242
Clackamas,Precinct 413,State Senate,20,D,Under Votes,6
Clackamas,Precinct 414,State Senate,20,D,Under Votes,36
Clackamas,Precinct 416,State Senate,20,D,Under Votes,122
Clackamas,Precinct 417,State Senate,20,D,Under Votes,53
Clackamas,Precinct 419,State Senate,20,D,Under Votes,127
Clackamas,Precinct 421,State Senate,20,D,Under Votes,126
Clackamas,Precinct 422,State Senate,20,D,Under Votes,282
Clackamas,Precinct 503,State Senate,20,D,Under Votes,271
Clackamas,Precinct 504,State Senate,20,D,Under Votes,289
Clackamas,Precinct 506,State Senate,20,D,Under Votes,152
Clackamas,Precinct 510,State Senate,20,D,Under Votes,49
Clackamas,Precinct 513,State Senate,20,D,Under Votes,6
Clackamas,Precinct 600,State Senate,20,D,Under Votes,242
Clackamas,Precinct 602,State Senate,20,D,Under Votes,208
Clackamas,Precinct 604,State Senate,20,D,Under Votes,321
Clackamas,Precinct 606,State Senate,20,D,Under Votes,79
Clackamas,Precinct 608,State Senate,20,D,Under Votes,121
Clackamas,Precinct 614,State Senate,20,D,Under Votes,120
Clackamas,Precinct 616,State Senate,20,D,Under Votes,226
Clackamas,Precinct 618,State Senate,20,D,Under Votes,40
Clackamas,Precinct 620,State Senate,20,D,Under Votes,14
Clackamas,Precinct 628,State Senate,20,D,Under Votes,67
Clackamas,Precinct 100,State Senate,20,D,Write-ins,0
Clackamas,Precinct 101,State Senate,20,D,Write-ins,3
Clackamas,Precinct 103,State Senate,20,D,Write-ins,5
Clackamas,Precinct 105,State Senate,20,D,Write-ins,2
Clackamas,Precinct 113,State Senate,20,D,Write-ins,0
Clackamas,Precinct 114,State Senate,20,D,Write-ins,0
Clackamas,Precinct 410,State Senate,20,D,Write-ins,3
Clackamas,Precinct 411,State Senate,20,D,Write-ins,5
Clackamas,Precinct 413,State Senate,20,D,Write-ins,1
Clackamas,Precinct 414,State Senate,20,D,Write-ins,0
Clackamas,Precinct 416,State Senate,20,D,Write-ins,2
Clackamas,Precinct 417,State Senate,20,D,Write-ins,2
Clackamas,Precinct 419,State Senate,20,D,Write-ins,2
Clackamas,Precinct 421,State Senate,20,D,Write-ins,6
Clackamas,Precinct 422,State Senate,20,D,Write-ins,10
Clackamas,Precinct 503,State Senate,20,D,Write-ins,4
Clackamas,Precinct 504,State Senate,20,D,Write-ins,7
Clackamas,Precinct 506,State Senate,20,D,Write-ins,5
Clackamas,Precinct 510,State Senate,20,D,Write-ins,2
Clackamas,Precinct 513,State Senate,20,D,Write-ins,0
Clackamas,Precinct 600,State Senate,20,D,Write-ins,7
Clackamas,Precinct 602,State Senate,20,D,Write-ins,5
Clackamas,Precinct 604,State Senate,20,D,Write-ins,12
Clackamas,Precinct 606,State Senate,20,D,Write-ins,4
Clackamas,Precinct 608,State Senate,20,D,Write-ins,4
Clackamas,Precinct 614,State Senate,20,D,Write-ins,5
Clackamas,Precinct 616,State Senate,20,D,Write-ins,3
Clackamas,Precinct 618,State Senate,20,D,Write-ins,0
Clackamas,Precinct 620,State Senate,20,D,Write-ins,1
Clackamas,Precinct 628,State Senate,20,D,Write-ins,1
Clackamas,Precinct 100,State Senate,20,R,Michele Stroh,5
Clackamas,Precinct 101,State Senate,20,R,Michele Stroh,460
Clackamas,Precinct 103,State Senate,20,R,Michele Stroh,241
Clackamas,Precinct 105,State Senate,20,R,Michele Stroh,356
Clackamas,Precinct 113,State Senate,20,R,Michele Stroh,1
Clackamas,Precinct 114,State Senate,20,R,Michele Stroh,10
Clackamas,Precinct 410,State Senate,20,R,Michele Stroh,253
Clackamas,Precinct 411,State Senate,20,R,Michele Stroh,327
Clackamas,Precinct 413,State Senate,20,R,Michele Stroh,15
Clackamas,Precinct 414,State Senate,20,R,Michele Stroh,102
Clackamas,Precinct 416,State Senate,20,R,Michele Stroh,175
Clackamas,Precinct 417,State Senate,20,R,Michele Stroh,155
Clackamas,Precinct 419,State Senate,20,R,Michele Stroh,133
Clackamas,Precinct 421,State Senate,20,R,Michele Stroh,159
Clackamas,Precinct 422,State Senate,20,R,Michele Stroh,266
Clackamas,Precinct 503,State Senate,20,R,Michele Stroh,330
Clackamas,Precinct 504,State Senate,20,R,Michele Stroh,419
Clackamas,Precinct 506,State Senate,20,R,Michele Stroh,291
Clackamas,Precinct 510,State Senate,20,R,Michele Stroh,148
Clackamas,Precinct 513,State Senate,20,R,Michele Stroh,23
Clackamas,Precinct 600,State Senate,20,R,Michele Stroh,426
Clackamas,Precinct 602,State Senate,20,R,Michele Stroh,493
Clackamas,Precinct 604,State Senate,20,R,Michele Stroh,934
Clackamas,Precinct 606,State Senate,20,R,Michele Stroh,218
Clackamas,Precinct 608,State Senate,20,R,Michele Stroh,340
Clackamas,Precinct 614,State Senate,20,R,Michele Stroh,200
Clackamas,Precinct 616,State Senate,20,R,Michele Stroh,312
Clackamas,Precinct 618,State Senate,20,R,Michele Stroh,46
Clackamas,Precinct 620,State Senate,20,R,Michele Stroh,24
Clackamas,Precinct 628,State Senate,20,R,Michele Stroh,59
Clackamas,Precinct 100,State Senate,20,R,Over Votes,0
Clackamas,Precinct 101,State Senate,20,R,Over Votes,0
Clackamas,Precinct 103,State Senate,20,R,Over Votes,0
Clackamas,Precinct 105,State Senate,20,R,Over Votes,0
Clackamas,Precinct 113,State Senate,20,R,Over Votes,0
Clackamas,Precinct 114,State Senate,20,R,Over Votes,0
Clackamas,Precinct 410,State Senate,20,R,Over Votes,0
Clackamas,Precinct 411,State Senate,20,R,Over Votes,0
Clackamas,Precinct 413,State Senate,20,R,Over Votes,0
Clackamas,Precinct 414,State Senate,20,R,Over Votes,0
Clackamas,Precinct 416,State Senate,20,R,Over Votes,0
Clackamas,Precinct 417,State Senate,20,R,Over Votes,0
Clackamas,Precinct 419,State Senate,20,R,Over Votes,0
Clackamas,Precinct 421,State Senate,20,R,Over Votes,0
Clackamas,Precinct 422,State Senate,20,R,Over Votes,0
Clackamas,Precinct 503,State Senate,20,R,Over Votes,0
Clackamas,Precinct 504,State Senate,20,R,Over Votes,0
Clackamas,Precinct 506,State Senate,20,R,Over Votes,0
Clackamas,Precinct 510,State Senate,20,R,Over Votes,0
Clackamas,Precinct 513,State Senate,20,R,Over Votes,0
Clackamas,Precinct 600,State Senate,20,R,Over Votes,0
Clackamas,Precinct 602,State Senate,20,R,Over Votes,0
Clackamas,Precinct 604,State Senate,20,R,Over Votes,0
Clackamas,Precinct 606,State Senate,20,R,Over Votes,0
Clackamas,Precinct 608,State Senate,20,R,Over Votes,0
Clackamas,Precinct 614,State Senate,20,R,Over Votes,0
Clackamas,Precinct 616,State Senate,20,R,Over Votes,0
Clackamas,Precinct 618,State Senate,20,R,Over Votes,0
Clackamas,Precinct 620,State Senate,20,R,Over Votes,0
Clackamas,Precinct 628,State Senate,20,R,Over Votes,0
Clackamas,Precinct 100,State Senate,20,R,Under Votes,7
Clackamas,Precinct 101,State Senate,20,R,Under Votes,412
Clackamas,Precinct 103,State Senate,20,R,Under Votes,259
Clackamas,Precinct 105,State Senate,20,R,Under Votes,406
Clackamas,Precinct 113,State Senate,20,R,Under Votes,9
Clackamas,Precinct 114,State Senate,20,R,Under Votes,13
Clackamas,Precinct 410,State Senate,20,R,Under Votes,256
Clackamas,Precinct 411,State Senate,20,R,Under Votes,352
Clackamas,Precinct 413,State Senate,20,R,Under Votes,11
Clackamas,Precinct 414,State Senate,20,R,Under Votes,86
Clackamas,Precinct 416,State Senate,20,R,Under Votes,214
Clackamas,Precinct 417,State Senate,20,R,Under Votes,133
Clackamas,Precinct 419,State Senate,20,R,Under Votes,144
Clackamas,Precinct 421,State Senate,20,R,Under Votes,140
Clackamas,Precinct 422,State Senate,20,R,Under Votes,217
Clackamas,Precinct 503,State Senate,20,R,Under Votes,298
Clackamas,Precinct 504,State Senate,20,R,Under Votes,342
Clackamas,Precinct 506,State Senate,20,R,Under Votes,267
Clackamas,Precinct 510,State Senate,20,R,Under Votes,118
Clackamas,Precinct 513,State Senate,20,R,Under Votes,12
Clackamas,Precinct 600,State Senate,20,R,Under Votes,297
Clackamas,Precinct 602,State Senate,20,R,Under Votes,329
Clackamas,Precinct 604,State Senate,20,R,Under Votes,639
Clackamas,Precinct 606,State Senate,20,R,Under Votes,136
Clackamas,Precinct 608,State Senate,20,R,Under Votes,209
Clackamas,Precinct 614,State Senate,20,R,Under Votes,197
Clackamas,Precinct 616,State Senate,20,R,Under Votes,321
Clackamas,Precinct 618,State Senate,20,R,Under Votes,53
Clackamas,Precinct 620,State Senate,20,R,Under Votes,15
Clackamas,Precinct 628,State Senate,20,R,Under Votes,87
Clackamas,Precinct 100,State Senate,20,R,Write-ins,0
Clackamas,Precinct 101,State Senate,20,R,Write-ins,11
Clackamas,Precinct 103,State Senate,20,R,Write-ins,6
Clackamas,Precinct 105,State Senate,20,R,Write-ins,4
Clackamas,Precinct 113,State Senate,20,R,Write-ins,0
Clackamas,Precinct 114,State Senate,20,R,Write-ins,0
Clackamas,Precinct 410,State Senate,20,R,Write-ins,9
Clackamas,Precinct 411,State Senate,20,R,Write-ins,4
Clackamas,Precinct 413,State Senate,20,R,Write-ins,0
Clackamas,Precinct 414,State Senate,20,R,Write-ins,1
Clackamas,Precinct 416,State Senate,20,R,Write-ins,5
Clackamas,Precinct 417,State Senate,20,R,Write-ins,4
Clackamas,Precinct 419,State Senate,20,R,Write-ins,4
Clackamas,Precinct 421,State Senate,20,R,Write-ins,2
Clackamas,Precinct 422,State Senate,20,R,Write-ins,5
Clackamas,Precinct 503,State Senate,20,R,Write-ins,4
Clackamas,Precinct 504,State Senate,20,R,Write-ins,12
Clackamas,Precinct 506,State Senate,20,R,Write-ins,6
Clackamas,Precinct 510,State Senate,20,R,Write-ins,5
Clackamas,Precinct 513,State Senate,20,R,Write-ins,1
Clackamas,Precinct 600,State Senate,20,R,Write-ins,5
Clackamas,Precinct 602,State Senate,20,R,Write-ins,8
Clackamas,Precinct 604,State Senate,20,R,Write-ins,25
Clackamas,Precinct 606,State Senate,20,R,Write-ins,1
Clackamas,Precinct 608,State Senate,20,R,Write-ins,4
Clackamas,Precinct 614,State Senate,20,R,Write-ins,5
Clackamas,Precinct 616,State Senate,20,R,Write-ins,8
Clackamas,Precinct 618,State Senate,20,R,Write-ins,0
Clackamas,Precinct 620,State Senate,20,R,Write-ins,0
Clackamas,Precinct 628,State Senate,20,R,Write-ins,2
Clackamas,Precinct 102,State Senate,24,D,Kayse Jama,138
Clackamas,Precinct 104,State Senate,24,D,Kayse Jama,2
Clackamas,Precinct 112,State Senate,24,D,Kayse Jama,0
Clackamas,Precinct 400,State Senate,24,D,Kayse Jama,431
Clackamas,Precinct 405,State Senate,24,D,Kayse Jama,223
Clackamas,Precinct 412,State Senate,24,D,Kayse Jama,258
Clackamas,Precinct 102,State Senate,24,D,Over Votes,0
Clackamas,Precinct 104,State Senate,24,D,Over Votes,0
Clackamas,Precinct 112,State Senate,24,D,Over Votes,0
Clackamas,Precinct 400,State Senate,24,D,Over Votes,0
Clackamas,Precinct 405,State Senate,24,D,Over Votes,0
Clackamas,Precinct 412,State Senate,24,D,Over Votes,0
Clackamas,Precinct 102,State Senate,24,D,Under Votes,72
Clackamas,Precinct 104,State Senate,24,D,Under Votes,3
Clackamas,Precinct 112,State Senate,24,D,Under Votes,0
Clackamas,Precinct 400,State Senate,24,D,Under Votes,311
Clackamas,Precinct 405,State Senate,24,D,Under Votes,131
Clackamas,Precinct 412,State Senate,24,D,Under Votes,146
Clackamas,Precinct 102,State Senate,24,D,Write-ins,0
Clackamas,Precinct 104,State Senate,24,D,Write-ins,0
Clackamas,Precinct 112,State Senate,24,D,Write-ins,0
Clackamas,Precinct 400,State Senate,24,D,Write-ins,5
Clackamas,Precinct 405,State Senate,24,D,Write-ins,1
Clackamas,Precinct 412,State Senate,24,D,Write-ins,1
Clackamas,Precinct 102,State Senate,24,R,Over Votes,0
Clackamas,Precinct 104,State Senate,24,R,Over Votes,0
Clackamas,Precinct 112,State Senate,24,R,Over Votes,0
Clackamas,Precinct 400,State Senate,24,R,Over Votes,0
Clackamas,Precinct 405,State Senate,24,R,Over Votes,0
Clackamas,Precinct 412,State Senate,24,R,Over Votes,0
Clackamas,Precinct 102,State Senate,24,R,Under Votes,261
Clackamas,Precinct 104,State Senate,24,R,Under Votes,3
Clackamas,Precinct 112,State Senate,24,R,Under Votes,0
Clackamas,Precinct 400,State Senate,24,R,Under Votes,1227
Clackamas,Precinct 405,State Senate,24,R,Under Votes,659
Clackamas,Precinct 412,State Senate,24,R,Under Votes,415
Clackamas,Precinct 102,State Senate,24,R,Write-ins,11
Clackamas,Precinct 104,State Senate,24,R,Write-ins,0
Clackamas,Precinct 112,State Senate,24,R,Write-ins,0
Clackamas,Precinct 400,State Senate,24,R,Write-ins,63
Clackamas,Precinct 405,State Senate,24,R,Write-ins,36
Clackamas,Precinct 412,State Senate,24,R,Write-ins,41
Clackamas,Precinct 106,State Senate,26,D,Matthew Favro,38
Clackamas,Precinct 107,State Senate,26,D,Matthew Favro,21
Clackamas,Precinct 108,State Senate,26,D,Matthew Favro,49
Clackamas,Precinct 109,State Senate,26,D,Matthew Favro,0
Clackamas,Precinct 122,State Senate,26,D,Matthew Favro,55
Clackamas,Precinct 123,State Senate,26,D,Matthew Favro,30
Clackamas,Precinct 124,State Senate,26,D,Matthew Favro,51
Clackamas,Precinct 125,State Senate,26,D,Matthew Favro,18
Clackamas,Precinct 359,State Senate,26,D,Matthew Favro,49
Clackamas,Precinct 360,State Senate,26,D,Matthew Favro,11
Clackamas,Precinct 363,State Senate,26,D,Matthew Favro,21
Clackamas,Precinct 364,State Senate,26,D,Matthew Favro,8
Clackamas,Precinct 371,State Senate,26,D,Matthew Favro,4
Clackamas,Precinct 372,State Senate,26,D,Matthew Favro,0
Clackamas,Precinct 373,State Senate,26,D,Matthew Favro,65
Clackamas,Precinct 374,State Senate,26,D,Matthew Favro,0
Clackamas,Precinct 403,State Senate,26,D,Matthew Favro,21
Clackamas,Precinct 404,State Senate,26,D,Matthew Favro,62
Clackamas,Precinct 406,State Senate,26,D,Matthew Favro,12
Clackamas,Precinct 415,State Senate,26,D,Matthew Favro,2
Clackamas,Precinct 418,State Senate,26,D,Matthew Favro,22
Clackamas,Precinct 511,State Senate,26,D,Matthew Favro,37
Clackamas,Precinct 512,State Senate,26,D,Matthew Favro,35
Clackamas,Precinct 514,State Senate,26,D,Matthew Favro,63
Clackamas,Precinct 516,State Senate,26,D,Matthew Favro,26
Clackamas,Precinct 518,State Senate,26,D,Matthew Favro,26
Clackamas,Precinct 106,State Senate,26,D,Nicole Bassett,302
Clackamas,Precinct 107,State Senate,26,D,Nicole Bassett,217
Clackamas,Precinct 108,State Senate,26,D,Nicole Bassett,448
Clackamas,Precinct 109,State Senate,26,D,Nicole Bassett,0
Clackamas,Precinct 122,State Senate,26,D,Nicole Bassett,556
Clackamas,Precinct 123,State Senate,26,D,Nicole Bassett,279
Clackamas,Precinct 124,State Senate,26,D,Nicole Bassett,589
Clackamas,Precinct 125,State Senate,26,D,Nicole Bassett,241
Clackamas,Precinct 359,State Senate,26,D,Nicole Bassett,340
Clackamas,Precinct 360,State Senate,26,D,Nicole Bassett,132
Clackamas,Precinct 363,State Senate,26,D,Nicole Bassett,249
Clackamas,Precinct 364,State Senate,26,D,Nicole Bassett,27
Clackamas,Precinct 371,State Senate,26,D,Nicole Bassett,40
Clackamas,Precinct 372,State Senate,26,D,Nicole Bassett,4
Clackamas,Precinct 373,State Senate,26,D,Nicole Bassett,694
Clackamas,Precinct 374,State Senate,26,D,Nicole Bassett,0
Clackamas,Precinct 403,State Senate,26,D,Nicole Bassett,197
Clackamas,Precinct 404,State Senate,26,D,Nicole Bassett,412
Clackamas,Precinct 406,State Senate,26,D,Nicole Bassett,78
Clackamas,Precinct 415,State Senate,26,D,Nicole Bassett,88
Clackamas,Precinct 418,State Senate,26,D,Nicole Bassett,164
Clackamas,Precinct 511,State Senate,26,D,Nicole Bassett,291
Clackamas,Precinct 512,State Senate,26,D,Nicole Bassett,284
Clackamas,Precinct 514,State Senate,26,D,Nicole Bassett,730
Clackamas,Precinct 516,State Senate,26,D,Nicole Bassett,327
Clackamas,Precinct 518,State Senate,26,D,Nicole Bassett,260
Clackamas,Precinct 106,State Senate,26,D,Over Votes,0
Clackamas,Precinct 107,State Senate,26,D,Over Votes,0
Clackamas,Precinct 108,State Senate,26,D,Over Votes,0
Clackamas,Precinct 109,State Senate,26,D,Over Votes,0
Clackamas,Precinct 122,State Senate,26,D,Over Votes,0
Clackamas,Precinct 123,State Senate,26,D,Over Votes,0
Clackamas,Precinct 124,State Senate,26,D,Over Votes,0
Clackamas,Precinct 125,State Senate,26,D,Over Votes,0
Clackamas,Precinct 359,State Senate,26,D,Over Votes,0
Clackamas,Precinct 360,State Senate,26,D,Over Votes,0
Clackamas,Precinct 363,State Senate,26,D,Over Votes,0
Clackamas,Precinct 364,State Senate,26,D,Over Votes,0
Clackamas,Precinct 371,State Senate,26,D,Over Votes,0
Clackamas,Precinct 372,State Senate,26,D,Over Votes,0
Clackamas,Precinct 373,State Senate,26,D,Over Votes,0
Clackamas,Precinct 374,State Senate,26,D,Over Votes,0
Clackamas,Precinct 403,State Senate,26,D,Over Votes,0
Clackamas,Precinct 404,State Senate,26,D,Over Votes,0
Clackamas,Precinct 406,State Senate,26,D,Over Votes,0
Clackamas,Precinct 415,State Senate,26,D,Over Votes,0
Clackamas,Precinct 418,State Senate,26,D,Over Votes,0
Clackamas,Precinct 511,State Senate,26,D,Over Votes,0
Clackamas,Precinct 512,State Senate,26,D,Over Votes,1
Clackamas,Precinct 514,State Senate,26,D,Over Votes,0
Clackamas,Precinct 516,State Senate,26,D,Over Votes,0
Clackamas,Precinct 518,State Senate,26,D,Over Votes,0
Clackamas,Precinct 106,State Senate,26,D,Under Votes,62
Clackamas,Precinct 107,State Senate,26,D,Under Votes,48
Clackamas,Precinct 108,State Senate,26,D,Under Votes,130
Clackamas,Precinct 109,State Senate,26,D,Under Votes,0
Clackamas,Precinct 122,State Senate,26,D,Under Votes,169
Clackamas,Precinct 123,State Senate,26,D,Under Votes,91
Clackamas,Precinct 124,State Senate,26,D,Under Votes,167
Clackamas,Precinct 125,State Senate,26,D,Under Votes,59
Clackamas,Precinct 359,State Senate,26,D,Under Votes,95
Clackamas,Precinct 360,State Senate,26,D,Under Votes,23
Clackamas,Precinct 363,State Senate,26,D,Under Votes,67
Clackamas,Precinct 364,State Senate,26,D,Under Votes,8
Clackamas,Precinct 371,State Senate,26,D,Under Votes,8
Clackamas,Precinct 372,State Senate,26,D,Under Votes,0
Clackamas,Precinct 373,State Senate,26,D,Under Votes,135
Clackamas,Precinct 374,State Senate,26,D,Under Votes,0
Clackamas,Precinct 403,State Senate,26,D,Under Votes,47
Clackamas,Precinct 404,State Senate,26,D,Under Votes,136
Clackamas,Precinct 406,State Senate,26,D,Under Votes,27
Clackamas,Precinct 415,State Senate,26,D,Under Votes,18
Clackamas,Precinct 418,State Senate,26,D,Under Votes,38
Clackamas,Precinct 511,State Senate,26,D,Under Votes,83
Clackamas,Precinct 512,State Senate,26,D,Under Votes,58
Clackamas,Precinct 514,State Senate,26,D,Under Votes,203
Clackamas,Precinct 516,State Senate,26,D,Under Votes,84
Clackamas,Precinct 518,State Senate,26,D,Under Votes,57
Clackamas,Precinct 106,State Senate,26,D,Write-ins,4
Clackamas,Precinct 107,State Senate,26,D,Write-ins,2
Clackamas,Precinct 108,State Senate,26,D,Write-ins,12
Clackamas,Precinct 109,State Senate,26,D,Write-ins,0
Clackamas,Precinct 122,State Senate,26,D,Write-ins,6
Clackamas,Precinct 123,State Senate,26,D,Write-ins,1
Clackamas,Precinct 124,State Senate,26,D,Write-ins,8
Clackamas,Precinct 125,State Senate,26,D,Write-ins,1
Clackamas,Precinct 359,State Senate,26,D,Write-ins,2
Clackamas,Precinct 360,State Senate,26,D,Write-ins,3
Clackamas,Precinct 363,State Senate,26,D,Write-ins,1
Clackamas,Precinct 364,State Senate,26,D,Write-ins,0
Clackamas,Precinct 371,State Senate,26,D,Write-ins,0
Clackamas,Precinct 372,State Senate,26,D,Write-ins,0
Clackamas,Precinct 373,State Senate,26,D,Write-ins,6
Clackamas,Precinct 374,State Senate,26,D,Write-ins,0
Clackamas,Precinct 403,State Senate,26,D,Write-ins,5
Clackamas,Precinct 404,State Senate,26,D,Write-ins,10
Clackamas,Precinct 406,State Senate,26,D,Write-ins,1
Clackamas,Precinct 415,State Senate,26,D,Write-ins,0
Clackamas,Precinct 418,State Senate,26,D,Write-ins,2
Clackamas,Precinct 511,State Senate,26,D,Write-ins,2
Clackamas,Precinct 512,State Senate,26,D,Write-ins,7
Clackamas,Precinct 514,State Senate,26,D,Write-ins,13
Clackamas,Precinct 516,State Senate,26,D,Write-ins,5
Clackamas,Precinct 518,State Senate,26,D,Write-ins,5
Clackamas,Precinct 106,State Senate,26,R,Jeff Helfrich,518
Clackamas,Precinct 107,State Senate,26,R,Jeff Helfrich,298
Clackamas,Precinct 108,State Senate,26,R,Jeff Helfrich,682
Clackamas,Precinct 109,State Senate,26,R,Jeff Helfrich,0
Clackamas,Precinct 122,State Senate,26,R,Jeff Helfrich,604
Clackamas,Precinct 123,State Senate,26,R,Jeff Helfrich,389
Clackamas,Precinct 124,State Senate,26,R,Jeff Helfrich,655
Clackamas,Precinct 125,State Senate,26,R,Jeff Helfrich,242
Clackamas,Precinct 359,State Senate,26,R,Jeff Helfrich,472
Clackamas,Precinct 360,State Senate,26,R,Jeff Helfrich,223
Clackamas,Precinct 363,State Senate,26,R,Jeff Helfrich,416
Clackamas,Precinct 364,State Senate,26,R,Jeff Helfrich,59
Clackamas,Precinct 371,State Senate,26,R,Jeff Helfrich,46
Clackamas,Precinct 372,State Senate,26,R,Jeff Helfrich,10
Clackamas,Precinct 373,State Senate,26,R,Jeff Helfrich,513
Clackamas,Precinct 374,State Senate,26,R,Jeff Helfrich,0
Clackamas,Precinct 403,State Senate,26,R,Jeff Helfrich,197
Clackamas,Precinct 404,State Senate,26,R,Jeff Helfrich,765
Clackamas,Precinct 406,State Senate,26,R,Jeff Helfrich,228
Clackamas,Precinct 415,State Senate,26,R,Jeff Helfrich,61
Clackamas,Precinct 418,State Senate,26,R,Jeff Helfrich,177
Clackamas,Precinct 511,State Senate,26,R,Jeff Helfrich,405
Clackamas,Precinct 512,State Senate,26,R,Jeff Helfrich,316
Clackamas,Precinct 514,State Senate,26,R,Jeff Helfrich,898
Clackamas,Precinct 516,State Senate,26,R,Jeff Helfrich,403
Clackamas,Precinct 518,State Senate,26,R,Jeff Helfrich,443
Clackamas,Precinct 106,State Senate,26,R,Over Votes,0
Clackamas,Precinct 107,State Senate,26,R,Over Votes,0
Clackamas,Precinct 108,State Senate,26,R,Over Votes,0
Clackamas,Precinct 109,State Senate,26,R,Over Votes,0
Clackamas,Precinct 122,State Senate,26,R,Over Votes,0
Clackamas,Precinct 123,State Senate,26,R,Over Votes,0
Clackamas,Precinct 124,State Senate,26,R,Over Votes,0
Clackamas,Precinct 125,State Senate,26,R,Over Votes,0
Clackamas,Precinct 359,State Senate,26,R,Over Votes,0
Clackamas,Precinct 360,State Senate,26,R,Over Votes,0
Clackamas,Precinct 363,State Senate,26,R,Over Votes,0
Clackamas,Precinct 364,State Senate,26,R,Over Votes,0
Clackamas,Precinct 371,State Senate,26,R,Over Votes,0
Clackamas,Precinct 372,State Senate,26,R,Over Votes,0
Clackamas,Precinct 373,State Senate,26,R,Over Votes,0
Clackamas,Precinct 374,State Senate,26,R,Over Votes,0
Clackamas,Precinct 403,State Senate,26,R,Over Votes,0
Clackamas,Precinct 404,State Senate,26,R,Over Votes,0
Clackamas,Precinct 406,State Senate,26,R,Over Votes,0
Clackamas,Precinct 415,State Senate,26,R,Over Votes,0
Clackamas,Precinct 418,State Senate,26,R,Over Votes,0
Clackamas,Precinct 511,State Senate,26,R,Over Votes,0
Clackamas,Precinct 512,State Senate,26,R,Over Votes,0
Clackamas,Precinct 514,State Senate,26,R,Over Votes,0
Clackamas,Precinct 516,State Senate,26,R,Over Votes,0
Clackamas,Precinct 518,State Senate,26,R,Over Votes,0
Clackamas,Precinct 106,State Senate,26,R,Under Votes,309
Clackamas,Precinct 107,State Senate,26,R,Under Votes,191
Clackamas,Precinct 108,State Senate,26,R,Under Votes,379
Clackamas,Precinct 109,State Senate,26,R,Under Votes,0
Clackamas,Precinct 122,State Senate,26,R,Under Votes,395
Clackamas,Precinct 123,State Senate,26,R,Under Votes,263
Clackamas,Precinct 124,State Senate,26,R,Under Votes,497
Clackamas,Precinct 125,State Senate,26,R,Under Votes,176
Clackamas,Precinct 359,State Senate,26,R,Under Votes,389
Clackamas,Precinct 360,State Senate,26,R,Under Votes,147
Clackamas,Precinct 363,State Senate,26,R,Under Votes,278
Clackamas,Precinct 364,State Senate,26,R,Under Votes,23
Clackamas,Precinct 371,State Senate,26,R,Under Votes,33
Clackamas,Precinct 372,State Senate,26,R,Under Votes,4
Clackamas,Precinct 373,State Senate,26,R,Under Votes,243
Clackamas,Precinct 374,State Senate,26,R,Under Votes,0
Clackamas,Precinct 403,State Senate,26,R,Under Votes,125
Clackamas,Precinct 404,State Senate,26,R,Under Votes,475
Clackamas,Precinct 406,State Senate,26,R,Under Votes,110
Clackamas,Precinct 415,State Senate,26,R,Under Votes,43
Clackamas,Precinct 418,State Senate,26,R,Under Votes,131
Clackamas,Precinct 511,State Senate,26,R,Under Votes,287
Clackamas,Precinct 512,State Senate,26,R,Under Votes,242
Clackamas,Precinct 514,State Senate,26,R,Under Votes,723
Clackamas,Precinct 516,State Senate,26,R,Under Votes,280
Clackamas,Precinct 518,State Senate,26,R,Under Votes,339
Clackamas,Precinct 106,State Senate,26,R,Write-ins,5
Clackamas,Precinct 107,State Senate,26,R,Write-ins,5
Clackamas,Precinct 108,State Senate,26,R,Write-ins,8
Clackamas,Precinct 109,State Senate,26,R,Write-ins,0
Clackamas,Precinct 122,State Senate,26,R,Write-ins,5
Clackamas,Precinct 123,State Senate,26,R,Write-ins,3
Clackamas,Precinct 124,State Senate,26,R,Write-ins,8
Clackamas,Precinct 125,State Senate,26,R,Write-ins,7
Clackamas,Precinct 359,State Senate,26,R,Write-ins,8
Clackamas,Precinct 360,State Senate,26,R,Write-ins,2
Clackamas,Precinct 363,State Senate,26,R,Write-ins,3
Clackamas,Precinct 364,State Senate,26,R,Write-ins,1
Clackamas,Precinct 371,State Senate,26,R,Write-ins,0
Clackamas,Precinct 372,State Senate,26,R,Write-ins,0
Clackamas,Precinct 373,State Senate,26,R,Write-ins,9
Clackamas,Precinct 374,State Senate,26,R,Write-ins,0
Clackamas,Precinct 403,State Senate,26,R,Write-ins,5
Clackamas,Precinct 404,State Senate,26,R,Write-ins,10
Clackamas,Precinct 406,State Senate,26,R,Write-ins,2
Clackamas,Precinct 415,State Senate,26,R,Write-ins,0
Clackamas,Precinct 418,State Senate,26,R,Write-ins,3
Clackamas,Precinct 511,State Senate,26,R,Write-ins,4
Clackamas,Precinct 512,State Senate,26,R,Write-ins,2
Clackamas,Precinct 514,State Senate,26,R,Write-ins,9
Clackamas,Precinct 516,State Senate,26,R,Write-ins,5
Clackamas,Precinct 518,State Senate,26,R,Write-ins,2
Clackamas,Precinct 355,U.S. House,2,D,Chris Beck,0
Clackamas,Precinct 355,U.S. House,2,D,Dawn Rasmussen,0
Clackamas,Precinct 355,U.S. House,2,D,Mary Doyle,0
Clackamas,Precinct 355,U.S. House,2,D,Over Votes,0
Clackamas,Precinct 355,U.S. House,2,D,Patty Snow,0
Clackamas,Precinct 355,U.S. House,2,D,Peter Quince,0
Clackamas,Precinct 355,U.S. House,2,D,Rebecca Mueller,0
Clackamas,Precinct 355,U.S. House,2,D,Under Votes,0
Clackamas,Precinct 355,U.S. House,2,D,Write-ins,0
Clackamas,Precinct 355,U.S. House,2,R,Andrea Carr,0
Clackamas,Precinct 355,U.S. House,2,R,Cliff Bentz,0
Clackamas,Precinct 355,U.S. House,2,R,Over Votes,0
Clackamas,Precinct 355,U.S. House,2,R,Peter J. Larson,0
Clackamas,Precinct 355,U.S. House,2,R,Under Votes,0
Clackamas,Precinct 355,U.S. House,2,R,Write-ins,0
Clackamas,Precinct 101,U.S. House,3,D,Andrew Castilleja,27
Clackamas,Precinct 102,U.S. House,3,D,Andrew Castilleja,7
Clackamas,Precinct 105,U.S. House,3,D,Andrew Castilleja,22
Clackamas,Precinct 106,U.S. House,3,D,Andrew Castilleja,16
Clackamas,Precinct 107,U.S. House,3,D,Andrew Castilleja,12
Clackamas,Precinct 108,U.S. House,3,D,Andrew Castilleja,24
Clackamas,Precinct 109,U.S. House,3,D,Andrew Castilleja,0
Clackamas,Precinct 112,U.S. House,3,D,Andrew Castilleja,0
Clackamas,Precinct 113,U.S. House,3,D,Andrew Castilleja,0
Clackamas,Precinct 357,U.S. House,3,D,Andrew Castilleja,2
Clackamas,Precinct 359,U.S. House,3,D,Andrew Castilleja,26
Clackamas,Precinct 362,U.S. House,3,D,Andrew Castilleja,5
Clackamas,Precinct 363,U.S. House,3,D,Andrew Castilleja,10
Clackamas,Precinct 364,U.S. House,3,D,Andrew Castilleja,1
Clackamas,Precinct 371,U.S. House,3,D,Andrew Castilleja,3
Clackamas,Precinct 372,U.S. House,3,D,Andrew Castilleja,0
Clackamas,Precinct 373,U.S. House,3,D,Andrew Castilleja,19
Clackamas,Precinct 400,U.S. House,3,D,Andrew Castilleja,18
Clackamas,Precinct 403,U.S. House,3,D,Andrew Castilleja,13
Clackamas,Precinct 404,U.S. House,3,D,Andrew Castilleja,23
Clackamas,Precinct 405,U.S. House,3,D,Andrew Castilleja,14
Clackamas,Precinct 406,U.S. House,3,D,Andrew Castilleja,4
Clackamas,Precinct 412,U.S. House,3,D,Andrew Castilleja,17
Clackamas,Precinct 413,U.S. House,3,D,Andrew Castilleja,3
Clackamas,Precinct 416,U.S. House,3,D,Andrew Castilleja,6
Clackamas,Precinct 101,U.S. House,3,D,Jessica Salas,70
Clackamas,Precinct 102,U.S. House,3,D,Jessica Salas,11
Clackamas,Precinct 105,U.S. House,3,D,Jessica Salas,51
Clackamas,Precinct 106,U.S. House,3,D,Jessica Salas,39
Clackamas,Precinct 107,U.S. House,3,D,Jessica Salas,22
Clackamas,Precinct 108,U.S. House,3,D,Jessica Salas,38
Clackamas,Precinct 109,U.S. House,3,D,Jessica Salas,0
Clackamas,Precinct 112,U.S. House,3,D,Jessica Salas,0
Clackamas,Precinct 113,U.S. House,3,D,Jessica Salas,0
Clackamas,Precinct 357,U.S. House,3,D,Jessica Salas,1
Clackamas,Precinct 359,U.S. House,3,D,Jessica Salas,39
Clackamas,Precinct 362,U.S. House,3,D,Jessica Salas,9
Clackamas,Precinct 363,U.S. House,3,D,Jessica Salas,14
Clackamas,Precinct 364,U.S. House,3,D,Jessica Salas,3
Clackamas,Precinct 371,U.S. House,3,D,Jessica Salas,6
Clackamas,Precinct 372,U.S. House,3,D,Jessica Salas,0
Clackamas,Precinct 373,U.S. House,3,D,Jessica Salas,74
Clackamas,Precinct 400,U.S. House,3,D,Jessica Salas,34
Clackamas,Precinct 403,U.S. House,3,D,Jessica Salas,20
Clackamas,Precinct 404,U.S. House,3,D,Jessica Salas,48
Clackamas,Precinct 405,U.S. House,3,D,Jessica Salas,20
Clackamas,Precinct 406,U.S. House,3,D,Jessica Salas,17
Clackamas,Precinct 412,U.S. House,3,D,Jessica Salas,16
Clackamas,Precinct 413,U.S. House,3,D,Jessica Salas,1
Clackamas,Precinct 416,U.S. House,3,D,Jessica Salas,26
Clackamas,Precinct 101,U.S. House,3,D,Maxine E. Dexter,832
Clackamas,Precinct 102,U.S. House,3,D,Maxine E. Dexter,164
Clackamas,Precinct 105,U.S. House,3,D,Maxine E. Dexter,679
Clackamas,Precinct 106,U.S. House,3,D,Maxine E. Dexter,305
Clackamas,Precinct 107,U.S. House,3,D,Maxine E. Dexter,222
Clackamas,Precinct 108,U.S. House,3,D,Maxine E. Dexter,476
Clackamas,Precinct 109,U.S. House,3,D,Maxine E. Dexter,0
Clackamas,Precinct 112,U.S. House,3,D,Maxine E. Dexter,0
Clackamas,Precinct 113,U.S. House,3,D,Maxine E. Dexter,9
Clackamas,Precinct 357,U.S. House,3,D,Maxine E. Dexter,32
Clackamas,Precinct 359,U.S. House,3,D,Maxine E. Dexter,356
Clackamas,Precinct 362,U.S. House,3,D,Maxine E. Dexter,85
Clackamas,Precinct 363,U.S. House,3,D,Maxine E. Dexter,258
Clackamas,Precinct 364,U.S. House,3,D,Maxine E. Dexter,31
Clackamas,Precinct 371,U.S. House,3,D,Maxine E. Dexter,38
Clackamas,Precinct 372,U.S. House,3,D,Maxine E. Dexter,4
Clackamas,Precinct 373,U.S. House,3,D,Maxine E. Dexter,715
Clackamas,Precinct 400,U.S. House,3,D,Maxine E. Dexter,583
Clackamas,Precinct 403,U.S. House,3,D,Maxine E. Dexter,207
Clackamas,Precinct 404,U.S. House,3,D,Maxine E. Dexter,437
Clackamas,Precinct 405,U.S. House,3,D,Maxine E. Dexter,251
Clackamas,Precinct 406,U.S. House,3,D,Maxine E. Dexter,84
Clackamas,Precinct 412,U.S. House,3,D,Maxine E. Dexter,318
Clackamas,Precinct 413,U.S. House,3,D,Maxine E. Dexter,31
Clackamas,Precinct 416,U.S. House,3,D,Maxine E. Dexter,420
Clackamas,Precinct 101,U.S. House,3,D,Over Votes,1
Clackamas,Precinct 102,U.S. House,3,D,Over Votes,0
Clackamas,Precinct 105,U.S. House,3,D,Over Votes,0
Clackamas,Precinct 106,U.S. House,3,D,Over Votes,0
Clackamas,Precinct 107,U.S. House,3,D,Over Votes,0
Clackamas,Precinct 108,U.S. House,3,D,Over Votes,0
Clackamas,Precinct 109,U.S. House,3,D,Over Votes,0
Clackamas,Precinct 112,U.S. House,3,D,Over Votes,0
Clackamas,Precinct 113,U.S. House,3,D,Over Votes,0
Clackamas,Precinct 357,U.S. House,3,D,Over Votes,0
Clackamas,Precinct 359,U.S. House,3,D,Over Votes,0
Clackamas,Precinct 362,U.S. House,3,D,Over Votes,0
Clackamas,Precinct 363,U.S. House,3,D,Over Votes,0
Clackamas,Precinct 364,U.S. House,3,D,Over Votes,0
Clackamas,Precinct 371,U.S. House,3,D,Over Votes,0
Clackamas,Precinct 372,U.S. House,3,D,Over Votes,0
Clackamas,Precinct 373,U.S. House,3,D,Over Votes,0
Clackamas,Precinct 400,U.S. House,3,D,Over Votes,0
Clackamas,Precinct 403,U.S. House,3,D,Over Votes,0
Clackamas,Precinct 404,U.S. House,3,D,Over Votes,0
Clackamas,Precinct 405,U.S. House,3,D,Over Votes,0
Clackamas,Precinct 406,U.S. House,3,D,Over Votes,0
Clackamas,Precinct 412,U.S. House,3,D,Over Votes,1
Clackamas,Precinct 413,U.S. House,3,D,Over Votes,0
Clackamas,Precinct 416,U.S. House,3,D,Over Votes,0
Clackamas,Precinct 101,U.S. House,3,D,Under Votes,118
Clackamas,Precinct 102,U.S. House,3,D,Under Votes,26
Clackamas,Precinct 105,U.S. House,3,D,Under Votes,89
Clackamas,Precinct 106,U.S. House,3,D,Under Votes,43
Clackamas,Precinct 107,U.S. House,3,D,Under Votes,30
Clackamas,Precinct 108,U.S. House,3,D,Under Votes,98
Clackamas,Precinct 109,U.S. House,3,D,Under Votes,0
Clackamas,Precinct 112,U.S. House,3,D,Under Votes,0
Clackamas,Precinct 113,U.S. House,3,D,Under Votes,0
Clackamas,Precinct 357,U.S. House,3,D,Under Votes,5
Clackamas,Precinct 359,U.S. House,3,D,Under Votes,65
Clackamas,Precinct 362,U.S. House,3,D,Under Votes,19
Clackamas,Precinct 363,U.S. House,3,D,Under Votes,55
Clackamas,Precinct 364,U.S. House,3,D,Under Votes,8
Clackamas,Precinct 371,U.S. House,3,D,Under Votes,5
Clackamas,Precinct 372,U.S. House,3,D,Under Votes,0
Clackamas,Precinct 373,U.S. House,3,D,Under Votes,93
Clackamas,Precinct 400,U.S. House,3,D,Under Votes,106
Clackamas,Precinct 403,U.S. House,3,D,Under Votes,27
Clackamas,Precinct 404,U.S. House,3,D,Under Votes,105
Clackamas,Precinct 405,U.S. House,3,D,Under Votes,65
Clackamas,Precinct 406,U.S. House,3,D,Under Votes,14
Clackamas,Precinct 412,U.S. House,3,D,Under Votes,50
Clackamas,Precinct 413,U.S. House,3,D,Under Votes,6
Clackamas,Precinct 416,U.S. House,3,D,Under Votes,40
Clackamas,Precinct 101,U.S. House,3,D,Write-ins,5
Clackamas,Precinct 102,U.S. House,3,D,Write-ins,2
Clackamas,Precinct 105,U.S. House,3,D,Write-ins,3
Clackamas,Precinct 106,U.S. House,3,D,Write-ins,3
Clackamas,Precinct 107,U.S. House,3,D,Write-ins,2
Clackamas,Precinct 108,U.S. House,3,D,Write-ins,3
Clackamas,Precinct 109,U.S. House,3,D,Write-ins,0
Clackamas,Precinct 112,U.S. House,3,D,Write-ins,0
Clackamas,Precinct 113,U.S. House,3,D,Write-ins,0
Clackamas,Precinct 357,U.S. House,3,D,Write-ins,0
Clackamas,Precinct 359,U.S. House,3,D,Write-ins,2
Clackamas,Precinct 362,U.S. House,3,D,Write-ins,2
Clackamas,Precinct 363,U.S. House,3,D,Write-ins,1
Clackamas,Precinct 364,U.S. House,3,D,Write-ins,0
Clackamas,Precinct 371,U.S. House,3,D,Write-ins,0
Clackamas,Precinct 372,U.S. House,3,D,Write-ins,0
Clackamas,Precinct 373,U.S. House,3,D,Write-ins,3
Clackamas,Precinct 400,U.S. House,3,D,Write-ins,6
Clackamas,Precinct 403,U.S. House,3,D,Write-ins,4
Clackamas,Precinct 404,U.S. House,3,D,Write-ins,8
Clackamas,Precinct 405,U.S. House,3,D,Write-ins,5
Clackamas,Precinct 406,U.S. House,3,D,Write-ins,0
Clackamas,Precinct 412,U.S. House,3,D,Write-ins,4
Clackamas,Precinct 413,U.S. House,3,D,Write-ins,0
Clackamas,Precinct 416,U.S. House,3,D,Write-ins,2
Clackamas,Precinct 101,U.S. House,3,R,Loran Ayles,336
Clackamas,Precinct 102,U.S. House,3,R,Loran Ayles,97
Clackamas,Precinct 105,U.S. House,3,R,Loran Ayles,260
Clackamas,Precinct 106,U.S. House,3,R,Loran Ayles,356
Clackamas,Precinct 107,U.S. House,3,R,Loran Ayles,200
Clackamas,Precinct 108,U.S. House,3,R,Loran Ayles,439
Clackamas,Precinct 109,U.S. House,3,R,Loran Ayles,0
Clackamas,Precinct 112,U.S. House,3,R,Loran Ayles,0
Clackamas,Precinct 113,U.S. House,3,R,Loran Ayles,0
Clackamas,Precinct 357,U.S. House,3,R,Loran Ayles,15
Clackamas,Precinct 359,U.S. House,3,R,Loran Ayles,321
Clackamas,Precinct 362,U.S. House,3,R,Loran Ayles,86
Clackamas,Precinct 363,U.S. House,3,R,Loran Ayles,238
Clackamas,Precinct 364,U.S. House,3,R,Loran Ayles,35
Clackamas,Precinct 371,U.S. House,3,R,Loran Ayles,32
Clackamas,Precinct 372,U.S. House,3,R,Loran Ayles,4
Clackamas,Precinct 373,U.S. House,3,R,Loran Ayles,287
Clackamas,Precinct 400,U.S. House,3,R,Loran Ayles,384
Clackamas,Precinct 403,U.S. House,3,R,Loran Ayles,128
Clackamas,Precinct 404,U.S. House,3,R,Loran Ayles,414
Clackamas,Precinct 405,U.S. House,3,R,Loran Ayles,235
Clackamas,Precinct 406,U.S. House,3,R,Loran Ayles,122
Clackamas,Precinct 412,U.S. House,3,R,Loran Ayles,143
Clackamas,Precinct 413,U.S. House,3,R,Loran Ayles,13
Clackamas,Precinct 416,U.S. House,3,R,Loran Ayles,132
Clackamas,Precinct 101,U.S. House,3,R,Over Votes,0
Clackamas,Precinct 102,U.S. House,3,R,Over Votes,0
Clackamas,Precinct 105,U.S. House,3,R,Over Votes,0
Clackamas,Precinct 106,U.S. House,3,R,Over Votes,0
Clackamas,Precinct 107,U.S. House,3,R,Over Votes,0
Clackamas,Precinct 108,U.S. House,3,R,Over Votes,0
Clackamas,Precinct 109,U.S. House,3,R,Over Votes,0
Clackamas,Precinct 112,U.S. House,3,R,Over Votes,0
Clackamas,Precinct 113,U.S. House,3,R,Over Votes,0
Clackamas,Precinct 357,U.S. House,3,R,Over Votes,0
Clackamas,Precinct 359,U.S. House,3,R,Over Votes,0
Clackamas,Precinct 362,U.S. House,3,R,Over Votes,0
Clackamas,Precinct 363,U.S. House,3,R,Over Votes,0
Clackamas,Precinct 364,U.S. House,3,R,Over Votes,0
Clackamas,Precinct 371,U.S. House,3,R,Over Votes,0
Clackamas,Precinct 372,U.S. House,3,R,Over Votes,0
Clackamas,Precinct 373,U.S. House,3,R,Over Votes,0
Clackamas,Precinct 400,U.S. House,3,R,Over Votes,0
Clackamas,Precinct 403,U.S. House,3,R,Over Votes,0
Clackamas,Precinct 404,U.S. House,3,R,Over Votes,0
Clackamas,Precinct 405,U.S. House,3,R,Over Votes,0
Clackamas,Precinct 406,U.S. House,3,R,Over Votes,0
Clackamas,Precinct 412,U.S. House,3,R,Over Votes,0
Clackamas,Precinct 413,U.S. House,3,R,Over Votes,0
Clackamas,Precinct 416,U.S. House,3,R,Over Votes,0
Clackamas,Precinct 101,U.S. House,3,R,Under Votes,532
Clackamas,Precinct 102,U.S. House,3,R,Under Votes,173
Clackamas,Precinct 105,U.S. House,3,R,Under Votes,502
Clackamas,Precinct 106,U.S. House,3,R,Under Votes,462
Clackamas,Precinct 107,U.S. House,3,R,Under Votes,293
Clackamas,Precinct 108,U.S. House,3,R,Under Votes,618
Clackamas,Precinct 109,U.S. House,3,R,Under Votes,0
Clackamas,Precinct 112,U.S. House,3,R,Under Votes,0
Clackamas,Precinct 113,U.S. House,3,R,Under Votes,10
Clackamas,Precinct 357,U.S. House,3,R,Under Votes,41
Clackamas,Precinct 359,U.S. House,3,R,Under Votes,542
Clackamas,Precinct 362,U.S. House,3,R,Under Votes,174
Clackamas,Precinct 363,U.S. House,3,R,Under Votes,458
Clackamas,Precinct 364,U.S. House,3,R,Under Votes,48
Clackamas,Precinct 371,U.S. House,3,R,Under Votes,47
Clackamas,Precinct 372,U.S. House,3,R,Under Votes,10
Clackamas,Precinct 373,U.S. House,3,R,Under Votes,465
Clackamas,Precinct 400,U.S. House,3,R,Under Votes,897
Clackamas,Precinct 403,U.S. House,3,R,Under Votes,196
Clackamas,Precinct 404,U.S. House,3,R,Under Votes,823
Clackamas,Precinct 405,U.S. House,3,R,Under Votes,455
Clackamas,Precinct 406,U.S. House,3,R,Under Votes,213
Clackamas,Precinct 412,U.S. House,3,R,Under Votes,305
Clackamas,Precinct 413,U.S. House,3,R,Under Votes,13
Clackamas,Precinct 416,U.S. House,3,R,Under Votes,256
Clackamas,Precinct 101,U.S. House,3,R,Write-ins,15
Clackamas,Precinct 102,U.S. House,3,R,Write-ins,2
Clackamas,Precinct 105,U.S. House,3,R,Write-ins,4
Clackamas,Precinct 106,U.S. House,3,R,Write-ins,14
Clackamas,Precinct 107,U.S. House,3,R,Write-ins,1
Clackamas,Precinct 108,U.S. House,3,R,Write-ins,12
Clackamas,Precinct 109,U.S. House,3,R,Write-ins,0
Clackamas,Precinct 112,U.S. House,3,R,Write-ins,0
Clackamas,Precinct 113,U.S. House,3,R,Write-ins,0
Clackamas,Precinct 357,U.S. House,3,R,Write-ins,0
Clackamas,Precinct 359,U.S. House,3,R,Write-ins,6
Clackamas,Precinct 362,U.S. House,3,R,Write-ins,0
Clackamas,Precinct 363,U.S. House,3,R,Write-ins,1
Clackamas,Precinct 364,U.S. House,3,R,Write-ins,0
Clackamas,Precinct 371,U.S. House,3,R,Write-ins,0
Clackamas,Precinct 372,U.S. House,3,R,Write-ins,0
Clackamas,Precinct 373,U.S. House,3,R,Write-ins,13
Clackamas,Precinct 400,U.S. House,3,R,Write-ins,9
Clackamas,Precinct 403,U.S. House,3,R,Write-ins,3
Clackamas,Precinct 404,U.S. House,3,R,Write-ins,13
Clackamas,Precinct 405,U.S. House,3,R,Write-ins,5
Clackamas,Precinct 406,U.S. House,3,R,Write-ins,6
Clackamas,Precinct 412,U.S. House,3,R,Write-ins,8
Clackamas,Precinct 413,U.S. House,3,R,Write-ins,0
Clackamas,Precinct 416,U.S. House,3,R,Write-ins,6
Clackamas,Precinct 100,U.S. House,5,D,Janelle S. Bynum,19
Clackamas,Precinct 103,U.S. House,5,D,Janelle S. Bynum,451
Clackamas,Precinct 104,U.S. House,5,D,Janelle S. Bynum,3
Clackamas,Precinct 111,U.S. House,5,D,Janelle S. Bynum,272
Clackamas,Precinct 114,U.S. House,5,D,Janelle S. Bynum,30
Clackamas,Precinct 115,U.S. House,5,D,Janelle S. Bynum,60
Clackamas,Precinct 116,U.S. House,5,D,Janelle S. Bynum,1
Clackamas,Precinct 122,U.S. House,5,D,Janelle S. Bynum,546
Clackamas,Precinct 123,U.S. House,5,D,Janelle S. Bynum,265
Clackamas,Precinct 124,U.S. House,5,D,Janelle S. Bynum,607
Clackamas,Precinct 125,U.S. House,5,D,Janelle S. Bynum,226
Clackamas,Precinct 127,U.S. House,5,D,Janelle S. Bynum,6
Clackamas,Precinct 131,U.S. House,5,D,Janelle S. Bynum,1147
Clackamas,Precinct 132,U.S. House,5,D,Janelle S. Bynum,901
Clackamas,Precinct 133,U.S. House,5,D,Janelle S. Bynum,388
Clackamas,Precinct 134,U.S. House,5,D,Janelle S. Bynum,2
Clackamas,Precinct 135,U.S. House,5,D,Janelle S. Bynum,1218
Clackamas,Precinct 151,U.S. House,5,D,Janelle S. Bynum,602
Clackamas,Precinct 152,U.S. House,5,D,Janelle S. Bynum,1234
Clackamas,Precinct 153,U.S. House,5,D,Janelle S. Bynum,92
Clackamas,Precinct 155,U.S. House,5,D,Janelle S. Bynum,553
Clackamas,Precinct 156,U.S. House,5,D,Janelle S. Bynum,1267
Clackamas,Precinct 157,U.S. House,5,D,Janelle S. Bynum,12
Clackamas,Precinct 158,U.S. House,5,D,Janelle S. Bynum,925
Clackamas,Precinct 159,U.S. House,5,D,Janelle S. Bynum,597
Clackamas,Precinct 282,U.S. House,5,D,Janelle S. Bynum,83
Clackamas,Precinct 283,U.S. House,5,D,Janelle S. Bynum,93
Clackamas,Precinct 285,U.S. House,5,D,Janelle S. Bynum,4
Clackamas,Precinct 320,U.S. House,5,D,Janelle S. Bynum,22
Clackamas,Precinct 321,U.S. House,5,D,Janelle S. Bynum,448
Clackamas,Precinct 322,U.S. House,5,D,Janelle S. Bynum,181
Clackamas,Precinct 330,U.S. House,5,D,Janelle S. Bynum,334
Clackamas,Precinct 331,U.S. House,5,D,Janelle S. Bynum,186
Clackamas,Precinct 350,U.S. House,5,D,Janelle S. Bynum,236
Clackamas,Precinct 358,U.S. House,5,D,Janelle S. Bynum,40
Clackamas,Precinct 360,U.S. House,5,D,Janelle S. Bynum,124
Clackamas,Precinct 361,U.S. House,5,D,Janelle S. Bynum,0
Clackamas,Precinct 374,U.S. House,5,D,Janelle S. Bynum,0
Clackamas,Precinct 410,U.S. House,5,D,Janelle S. Bynum,474
Clackamas,Precinct 411,U.S. House,5,D,Janelle S. Bynum,706
Clackamas,Precinct 414,U.S. House,5,D,Janelle S. Bynum,100
Clackamas,Precinct 415,U.S. House,5,D,Janelle S. Bynum,83
Clackamas,Precinct 417,U.S. House,5,D,Janelle S. Bynum,154
Clackamas,Precinct 418,U.S. House,5,D,Janelle S. Bynum,155
Clackamas,Precinct 419,U.S. House,5,D,Janelle S. Bynum,398
Clackamas,Precinct 420,U.S. House,5,D,Janelle S. Bynum,331
Clackamas,Precinct 421,U.S. House,5,D,Janelle S. Bynum,382
Clackamas,Precinct 422,U.S. House,5,D,Janelle S. Bynum,614
Clackamas,Precinct 500,U.S. House,5,D,Janelle S. Bynum,254
Clackamas,Precinct 501,U.S. House,5,D,Janelle S. Bynum,1146
Clackamas,Precinct 502,U.S. House,5,D,Janelle S. Bynum,1001
Clackamas,Precinct 503,U.S. House,5,D,Janelle S. Bynum,833
Clackamas,Precinct 504,U.S. House,5,D,Janelle S. Bynum,945
Clackamas,Precinct 506,U.S. House,5,D,Janelle S. Bynum,468
Clackamas,Precinct 510,U.S. House,5,D,Janelle S. Bynum,140
Clackamas,Precinct 511,U.S. House,5,D,Janelle S. Bynum,332
Clackamas,Precinct 512,U.S. House,5,D,Janelle S. Bynum,272
Clackamas,Precinct 513,U.S. House,5,D,Janelle S. Bynum,19
Clackamas,Precinct 514,U.S. House,5,D,Janelle S. Bynum,731
Clackamas,Precinct 515,U.S. House,5,D,Janelle S. Bynum,169
Clackamas,Precinct 516,U.S. House,5,D,Janelle S. Bynum,330
Clackamas,Precinct 517,U.S. House,5,D,Janelle S. Bynum,202
Clackamas,Precinct 518,U.S. House,5,D,Janelle S. Bynum,249
Clackamas,Precinct 600,U.S. House,5,D,Janelle S. Bynum,791
Clackamas,Precinct 602,U.S. House,5,D,Janelle S. Bynum,652
Clackamas,Precinct 604,U.S. House,5,D,Janelle S. Bynum,1059
Clackamas,Precinct 606,U.S. House,5,D,Janelle S. Bynum,277
Clackamas,Precinct 608,U.S. House,5,D,Janelle S. Bynum,417
Clackamas,Precinct 614,U.S. House,5,D,Janelle S. Bynum,383
Clackamas,Precinct 616,U.S. House,5,D,Janelle S. Bynum,617
Clackamas,Precinct 618,U.S. House,5,D,Janelle S. Bynum,106
Clackamas,Precinct 620,U.S. House,5,D,Janelle S. Bynum,51
Clackamas,Precinct 622,U.S. House,5,D,Janelle S. Bynum,497
Clackamas,Precinct 626,U.S. House,5,D,Janelle S. Bynum,1037
Clackamas,Precinct 628,U.S. House,5,D,Janelle S. Bynum,183
Clackamas,Precinct 630,U.S. House,5,D,Janelle S. Bynum,1333
Clackamas,Precinct 100,U.S. House,5,D,Over Votes,0
Clackamas,Precinct 103,U.S. House,5,D,Over Votes,0
Clackamas,Precinct 104,U.S. House,5,D,Over Votes,0
Clackamas,Precinct 111,U.S. House,5,D,Over Votes,0
Clackamas,Precinct 114,U.S. House,5,D,Over Votes,0
Clackamas,Precinct 115,U.S. House,5,D,Over Votes,0
Clackamas,Precinct 116,U.S. House,5,D,Over Votes,0
Clackamas,Precinct 122,U.S. House,5,D,Over Votes,0
Clackamas,Precinct 123,U.S. House,5,D,Over Votes,0
Clackamas,Precinct 124,U.S. House,5,D,Over Votes,0
Clackamas,Precinct 125,U.S. House,5,D,Over Votes,0
Clackamas,Precinct 127,U.S. House,5,D,Over Votes,0
Clackamas,Precinct 131,U.S. House,5,D,Over Votes,0
Clackamas,Precinct 132,U.S. House,5,D,Over Votes,2
Clackamas,Precinct 133,U.S. House,5,D,Over Votes,1
Clackamas,Precinct 134,U.S. House,5,D,Over Votes,0
Clackamas,Precinct 135,U.S. House,5,D,Over Votes,2
Clackamas,Precinct 151,U.S. House,5,D,Over Votes,0
Clackamas,Precinct 152,U.S. House,5,D,Over Votes,1
Clackamas,Precinct 153,U.S. House,5,D,Over Votes,0
Clackamas,Precinct 155,U.S. House,5,D,Over Votes,0
Clackamas,Precinct 156,U.S. House,5,D,Over Votes,0
Clackamas,Precinct 157,U.S. House,5,D,Over Votes,0
Clackamas,Precinct 158,U.S. House,5,D,Over Votes,0
Clackamas,Precinct 159,U.S. House,5,D,Over Votes,0
Clackamas,Precinct 282,U.S. House,5,D,Over Votes,0
Clackamas,Precinct 283,U.S. House,5,D,Over Votes,0
Clackamas,Precinct 285,U.S. House,5,D,Over Votes,0
Clackamas,Precinct 320,U.S. House,5,D,Over Votes,0
Clackamas,Precinct 321,U.S. House,5,D,Over Votes,0
Clackamas,Precinct 322,U.S. House,5,D,Over Votes,1
Clackamas,Precinct 330,U.S. House,5,D,Over Votes,0
Clackamas,Precinct 331,U.S. House,5,D,Over Votes,0
Clackamas,Precinct 350,U.S. House,5,D,Over Votes,0
Clackamas,Precinct 358,U.S. House,5,D,Over Votes,0
Clackamas,Precinct 360,U.S. House,5,D,Over Votes,0
Clackamas,Precinct 361,U.S. House,5,D,Over Votes,0
Clackamas,Precinct 374,U.S. House,5,D,Over Votes,0
Clackamas,Precinct 410,U.S. House,5,D,Over Votes,0
Clackamas,Precinct 411,U.S. House,5,D,Over Votes,0
Clackamas,Precinct 414,U.S. House,5,D,Over Votes,0
Clackamas,Precinct 415,U.S. House,5,D,Over Votes,0
Clackamas,Precinct 417,U.S. House,5,D,Over Votes,0
Clackamas,Precinct 418,U.S. House,5,D,Over Votes,0
Clackamas,Precinct 419,U.S. House,5,D,Over Votes,0
Clackamas,Precinct 420,U.S. House,5,D,Over Votes,0
Clackamas,Precinct 421,U.S. House,5,D,Over Votes,0
Clackamas,Precinct 422,U.S. House,5,D,Over Votes,0
Clackamas,Precinct 500,U.S. House,5,D,Over Votes,0
Clackamas,Precinct 501,U.S. House,5,D,Over Votes,0
Clackamas,Precinct 502,U.S. House,5,D,Over Votes,0
Clackamas,Precinct 503,U.S. House,5,D,Over Votes,0
Clackamas,Precinct 504,U.S. House,5,D,Over Votes,0
Clackamas,Precinct 506,U.S. House,5,D,Over Votes,0
Clackamas,Precinct 510,U.S. House,5,D,Over Votes,0
Clackamas,Precinct 511,U.S. House,5,D,Over Votes,0
Clackamas,Precinct 512,U.S. House,5,D,Over Votes,0
Clackamas,Precinct 513,U.S. House,5,D,Over Votes,0
Clackamas,Precinct 514,U.S. House,5,D,Over Votes,0
Clackamas,Precinct 515,U.S. House,5,D,Over Votes,0
Clackamas,Precinct 516,U.S. House,5,D,Over Votes,0
Clackamas,Precinct 517,U.S. House,5,D,Over Votes,0
Clackamas,Precinct 518,U.S. House,5,D,Over Votes,0
Clackamas,Precinct 600,U.S. House,5,D,Over Votes,0
Clackamas,Precinct 602,U.S. House,5,D,Over Votes,0
Clackamas,Precinct 604,U.S. House,5,D,Over Votes,0
Clackamas,Precinct 606,U.S. House,5,D,Over Votes,0
Clackamas,Precinct 608,U.S. House,5,D,Over Votes,0
Clackamas,Precinct 614,U.S. House,5,D,Over Votes,0
Clackamas,Precinct 616,U.S. House,5,D,Over Votes,0
Clackamas,Precinct 618,U.S. House,5,D,Over Votes,0
Clackamas,Precinct 620,U.S. House,5,D,Over Votes,0
Clackamas,Precinct 622,U.S. House,5,D,Over Votes,0
Clackamas,Precinct 626,U.S. House,5,D,Over Votes,0
Clackamas,Precinct 628,U.S. House,5,D,Over Votes,0
Clackamas,Precinct 630,U.S. House,5,D,Over Votes,0
Clackamas,Precinct 100,U.S. House,5,D,Under Votes,1
Clackamas,Precinct 103,U.S. House,5,D,Under Votes,45
Clackamas,Precinct 104,U.S. House,5,D,Under Votes,0
Clackamas,Precinct 111,U.S. House,5,D,Under Votes,62
Clackamas,Precinct 114,U.S. House,5,D,Under Votes,2
Clackamas,Precinct 115,U.S. House,5,D,Under Votes,5
Clackamas,Precinct 116,U.S. House,5,D,Under Votes,0
Clackamas,Precinct 122,U.S. House,5,D,Under Votes,93
Clackamas,Precinct 123,U.S. House,5,D,Under Votes,45
Clackamas,Precinct 124,U.S. House,5,D,Under Votes,75
Clackamas,Precinct 125,U.S. House,5,D,Under Votes,41
Clackamas,Precinct 127,U.S. House,5,D,Under Votes,0
Clackamas,Precinct 131,U.S. House,5,D,Under Votes,75
Clackamas,Precinct 132,U.S. House,5,D,Under Votes,59
Clackamas,Precinct 133,U.S. House,5,D,Under Votes,31
Clackamas,Precinct 134,U.S. House,5,D,Under Votes,0
Clackamas,Precinct 135,U.S. House,5,D,Under Votes,87
Clackamas,Precinct 151,U.S. House,5,D,Under Votes,52
Clackamas,Precinct 152,U.S. House,5,D,Under Votes,106
Clackamas,Precinct 153,U.S. House,5,D,Under Votes,8
Clackamas,Precinct 155,U.S. House,5,D,Under Votes,47
Clackamas,Precinct 156,U.S. House,5,D,Under Votes,122
Clackamas,Precinct 157,U.S. House,5,D,Under Votes,2
Clackamas,Precinct 158,U.S. House,5,D,Under Votes,65
Clackamas,Precinct 159,U.S. House,5,D,Under Votes,49
Clackamas,Precinct 282,U.S. House,5,D,Under Votes,6
Clackamas,Precinct 283,U.S. House,5,D,Under Votes,13
Clackamas,Precinct 285,U.S. House,5,D,Under Votes,1
Clackamas,Precinct 320,U.S. House,5,D,Under Votes,5
Clackamas,Precinct 321,U.S. House,5,D,Under Votes,34
Clackamas,Precinct 322,U.S. House,5,D,Under Votes,21
Clackamas,Precinct 330,U.S. House,5,D,Under Votes,51
Clackamas,Precinct 331,U.S. House,5,D,Under Votes,45
Clackamas,Precinct 350,U.S. House,5,D,Under Votes,49
Clackamas,Precinct 358,U.S. House,5,D,Under Votes,9
Clackamas,Precinct 360,U.S. House,5,D,Under Votes,13
Clackamas,Precinct 361,U.S. House,5,D,Under Votes,0
Clackamas,Precinct 374,U.S. House,5,D,Under Votes,0
Clackamas,Precinct 410,U.S. House,5,D,Under Votes,34
Clackamas,Precinct 411,U.S. House,5,D,Under Votes,49
Clackamas,Precinct 414,U.S. House,5,D,Under Votes,11
Clackamas,Precinct 415,U.S. House,5,D,Under Votes,3
Clackamas,Precinct 417,U.S. House,5,D,Under Votes,22
Clackamas,Precinct 418,U.S. House,5,D,Under Votes,23
Clackamas,Precinct 419,U.S. House,5,D,Under Votes,28
Clackamas,Precinct 420,U.S. House,5,D,Under Votes,32
Clackamas,Precinct 421,U.S. House,5,D,Under Votes,39
Clackamas,Precinct 422,U.S. House,5,D,Under Votes,66
Clackamas,Precinct 500,U.S. House,5,D,Under Votes,12
Clackamas,Precinct 501,U.S. House,5,D,Under Votes,51
Clackamas,Precinct 502,U.S. House,5,D,Under Votes,81
Clackamas,Precinct 503,U.S. House,5,D,Under Votes,66
Clackamas,Precinct 504,U.S. House,5,D,Under Votes,90
Clackamas,Precinct 506,U.S. House,5,D,Under Votes,54
Clackamas,Precinct 510,U.S. House,5,D,Under Votes,21
Clackamas,Precinct 511,U.S. House,5,D,Under Votes,43
Clackamas,Precinct 512,U.S. House,5,D,Under Votes,35
Clackamas,Precinct 513,U.S. House,5,D,Under Votes,2
Clackamas,Precinct 514,U.S. House,5,D,Under Votes,91
Clackamas,Precinct 515,U.S. House,5,D,Under Votes,36
Clackamas,Precinct 516,U.S. House,5,D,Under Votes,41
Clackamas,Precinct 517,U.S. House,5,D,Under Votes,34
Clackamas,Precinct 518,U.S. House,5,D,Under Votes,30
Clackamas,Precinct 600,U.S. House,5,D,Under Votes,95
Clackamas,Precinct 602,U.S. House,5,D,Under Votes,62
Clackamas,Precinct 604,U.S. House,5,D,Under Votes,113
Clackamas,Precinct 606,U.S. House,5,D,Under Votes,27
Clackamas,Precinct 608,U.S. House,5,D,Under Votes,42
Clackamas,Precinct 614,U.S. House,5,D,Under Votes,38
Clackamas,Precinct 616,U.S. House,5,D,Under Votes,85
Clackamas,Precinct 618,U.S. House,5,D,Under Votes,11
Clackamas,Precinct 620,U.S. House,5,D,Under Votes,6
Clackamas,Precinct 622,U.S. House,5,D,Under Votes,41
Clackamas,Precinct 626,U.S. House,5,D,Under Votes,60
Clackamas,Precinct 628,U.S. House,5,D,Under Votes,14
Clackamas,Precinct 630,U.S. House,5,D,Under Votes,88
Clackamas,Precinct 100,U.S. House,5,D,Write-ins,0
Clackamas,Precinct 103,U.S. House,5,D,Write-ins,5
Clackamas,Precinct 104,U.S. House,5,D,Write-ins,0
Clackamas,Precinct 111,U.S. House,5,D,Write-ins,7
Clackamas,Precinct 114,U.S. House,5,D,Write-ins,0
Clackamas,Precinct 115,U.S. House,5,D,Write-ins,0
Clackamas,Precinct 116,U.S. House,5,D,Write-ins,0
Clackamas,Precinct 122,U.S. House,5,D,Write-ins,4
Clackamas,Precinct 123,U.S. House,5,D,Write-ins,6
Clackamas,Precinct 124,U.S. House,5,D,Write-ins,6
Clackamas,Precinct 125,U.S. House,5,D,Write-ins,0
Clackamas,Precinct 127,U.S. House,5,D,Write-ins,1
Clackamas,Precinct 131,U.S. House,5,D,Write-ins,3
Clackamas,Precinct 132,U.S. House,5,D,Write-ins,3
Clackamas,Precinct 133,U.S. House,5,D,Write-ins,1
Clackamas,Precinct 134,U.S. House,5,D,Write-ins,0
Clackamas,Precinct 135,U.S. House,5,D,Write-ins,0
Clackamas,Precinct 151,U.S. House,5,D,Write-ins,2
Clackamas,Precinct 152,U.S. House,5,D,Write-ins,0
Clackamas,Precinct 153,U.S. House,5,D,Write-ins,0
Clackamas,Precinct 155,U.S. House,5,D,Write-ins,2
Clackamas,Precinct 156,U.S. House,5,D,Write-ins,2
Clackamas,Precinct 157,U.S. House,5,D,Write-ins,0
Clackamas,Precinct 158,U.S. House,5,D,Write-ins,3
Clackamas,Precinct 159,U.S. House,5,D,Write-ins,1
Clackamas,Precinct 282,U.S. House,5,D,Write-ins,0
Clackamas,Precinct 283,U.S. House,5,D,Write-ins,0
Clackamas,Precinct 285,U.S. House,5,D,Write-ins,0
Clackamas,Precinct 320,U.S. House,5,D,Write-ins,0
Clackamas,Precinct 321,U.S. House,5,D,Write-ins,4
Clackamas,Precinct 322,U.S. House,5,D,Write-ins,0
Clackamas,Precinct 330,U.S. House,5,D,Write-ins,3
Clackamas,Precinct 331,U.S. House,5,D,Write-ins,2
Clackamas,Precinct 350,U.S. House,5,D,Write-ins,4
Clackamas,Precinct 358,U.S. House,5,D,Write-ins,1
Clackamas,Precinct 360,U.S. House,5,D,Write-ins,1
Clackamas,Precinct 361,U.S. House,5,D,Write-ins,0
Clackamas,Precinct 374,U.S. House,5,D,Write-ins,0
Clackamas,Precinct 410,U.S. House,5,D,Write-ins,0
Clackamas,Precinct 411,U.S. House,5,D,Write-ins,2
Clackamas,Precinct 414,U.S. House,5,D,Write-ins,1
Clackamas,Precinct 415,U.S. House,5,D,Write-ins,0
Clackamas,Precinct 417,U.S. House,5,D,Write-ins,3
Clackamas,Precinct 418,U.S. House,5,D,Write-ins,3
Clackamas,Precinct 419,U.S. House,5,D,Write-ins,1
Clackamas,Precinct 420,U.S. House,5,D,Write-ins,0
Clackamas,Precinct 421,U.S. House,5,D,Write-ins,4
Clackamas,Precinct 422,U.S. House,5,D,Write-ins,6
Clackamas,Precinct 500,U.S. House,5,D,Write-ins,0
Clackamas,Precinct 501,U.S. House,5,D,Write-ins,4
Clackamas,Precinct 502,U.S. House,5,D,Write-ins,6
Clackamas,Precinct 503,U.S. House,5,D,Write-ins,3
Clackamas,Precinct 504,U.S. House,5,D,Write-ins,7
Clackamas,Precinct 506,U.S. House,5,D,Write-ins,5
Clackamas,Precinct 510,U.S. House,5,D,Write-ins,3
Clackamas,Precinct 511,U.S. House,5,D,Write-ins,1
Clackamas,Precinct 512,U.S. House,5,D,Write-ins,7
Clackamas,Precinct 513,U.S. House,5,D,Write-ins,1
Clackamas,Precinct 514,U.S. House,5,D,Write-ins,7
Clackamas,Precinct 515,U.S. House,5,D,Write-ins,1
Clackamas,Precinct 516,U.S. House,5,D,Write-ins,3
Clackamas,Precinct 517,U.S. House,5,D,Write-ins,5
Clackamas,Precinct 518,U.S. House,5,D,Write-ins,5
Clackamas,Precinct 600,U.S. House,5,D,Write-ins,5
Clackamas,Precinct 602,U.S. House,5,D,Write-ins,7
Clackamas,Precinct 604,U.S. House,5,D,Write-ins,4
Clackamas,Precinct 606,U.S. House,5,D,Write-ins,4
Clackamas,Precinct 608,U.S. House,5,D,Write-ins,4
Clackamas,Precinct 614,U.S. House,5,D,Write-ins,6
Clackamas,Precinct 616,U.S. House,5,D,Write-ins,0
Clackamas,Precinct 618,U.S. House,5,D,Write-ins,0
Clackamas,Precinct 620,U.S. House,5,D,Write-ins,1
Clackamas,Precinct 622,U.S. House,5,D,Write-ins,3
Clackamas,Precinct 626,U.S. House,5,D,Write-ins,3
Clackamas,Precinct 628,U.S. House,5,D,Write-ins,3
Clackamas,Precinct 630,U.S. House,5,D,Write-ins,8
Clackamas,Precinct 100,U.S. House,5,D,Zeva Rosenbaum,1
Clackamas,Precinct 103,U.S. House,5,D,Zeva Rosenbaum,85
Clackamas,Precinct 104,U.S. House,5,D,Zeva Rosenbaum,2
Clackamas,Precinct 111,U.S. House,5,D,Zeva Rosenbaum,153
Clackamas,Precinct 114,U.S. House,5,D,Zeva Rosenbaum,10
Clackamas,Precinct 115,U.S. House,5,D,Zeva Rosenbaum,9
Clackamas,Precinct 116,U.S. House,5,D,Zeva Rosenbaum,0
Clackamas,Precinct 122,U.S. House,5,D,Zeva Rosenbaum,143
Clackamas,Precinct 123,U.S. House,5,D,Zeva Rosenbaum,85
Clackamas,Precinct 124,U.S. House,5,D,Zeva Rosenbaum,127
Clackamas,Precinct 125,U.S. House,5,D,Zeva Rosenbaum,52
Clackamas,Precinct 127,U.S. House,5,D,Zeva Rosenbaum,3
Clackamas,Precinct 131,U.S. House,5,D,Zeva Rosenbaum,171
Clackamas,Precinct 132,U.S. House,5,D,Zeva Rosenbaum,136
Clackamas,Precinct 133,U.S. House,5,D,Zeva Rosenbaum,95
Clackamas,Precinct 134,U.S. House,5,D,Zeva Rosenbaum,0
Clackamas,Precinct 135,U.S. House,5,D,Zeva Rosenbaum,185
Clackamas,Precinct 151,U.S. House,5,D,Zeva Rosenbaum,90
Clackamas,Precinct 152,U.S. House,5,D,Zeva Rosenbaum,157
Clackamas,Precinct 153,U.S. House,5,D,Zeva Rosenbaum,9
Clackamas,Precinct 155,U.S. House,5,D,Zeva Rosenbaum,91
Clackamas,Precinct 156,U.S. House,5,D,Zeva Rosenbaum,147
Clackamas,Precinct 157,U.S. House,5,D,Zeva Rosenbaum,1
Clackamas,Precinct 158,U.S. House,5,D,Zeva Rosenbaum,142
Clackamas,Precinct 159,U.S. House,5,D,Zeva Rosenbaum,75
Clackamas,Precinct 282,U.S. House,5,D,Zeva Rosenbaum,12
Clackamas,Precinct 283,U.S. House,5,D,Zeva Rosenbaum,6
Clackamas,Precinct 285,U.S. House,5,D,Zeva Rosenbaum,0
Clackamas,Precinct 320,U.S. House,5,D,Zeva Rosenbaum,1
Clackamas,Precinct 321,U.S. House,5,D,Zeva Rosenbaum,79
Clackamas,Precinct 322,U.S. House,5,D,Zeva Rosenbaum,15
Clackamas,Precinct 330,U.S. House,5,D,Zeva Rosenbaum,118
Clackamas,Precinct 331,U.S. House,5,D,Zeva Rosenbaum,49
Clackamas,Precinct 350,U.S. House,5,D,Zeva Rosenbaum,86
Clackamas,Precinct 358,U.S. House,5,D,Zeva Rosenbaum,9
Clackamas,Precinct 360,U.S. House,5,D,Zeva Rosenbaum,31
Clackamas,Precinct 361,U.S. House,5,D,Zeva Rosenbaum,0
Clackamas,Precinct 374,U.S. House,5,D,Zeva Rosenbaum,0
Clackamas,Precinct 410,U.S. House,5,D,Zeva Rosenbaum,131
Clackamas,Precinct 411,U.S. House,5,D,Zeva Rosenbaum,127
Clackamas,Precinct 414,U.S. House,5,D,Zeva Rosenbaum,32
Clackamas,Precinct 415,U.S. House,5,D,Zeva Rosenbaum,22
Clackamas,Precinct 417,U.S. House,5,D,Zeva Rosenbaum,41
Clackamas,Precinct 418,U.S. House,5,D,Zeva Rosenbaum,46
Clackamas,Precinct 419,U.S. House,5,D,Zeva Rosenbaum,77
Clackamas,Precinct 420,U.S. House,5,D,Zeva Rosenbaum,93
Clackamas,Precinct 421,U.S. House,5,D,Zeva Rosenbaum,88
Clackamas,Precinct 422,U.S. House,5,D,Zeva Rosenbaum,237
Clackamas,Precinct 500,U.S. House,5,D,Zeva Rosenbaum,68
Clackamas,Precinct 501,U.S. House,5,D,Zeva Rosenbaum,263
Clackamas,Precinct 502,U.S. House,5,D,Zeva Rosenbaum,202
Clackamas,Precinct 503,U.S. House,5,D,Zeva Rosenbaum,169
Clackamas,Precinct 504,U.S. House,5,D,Zeva Rosenbaum,229
Clackamas,Precinct 506,U.S. House,5,D,Zeva Rosenbaum,110
Clackamas,Precinct 510,U.S. House,5,D,Zeva Rosenbaum,34
Clackamas,Precinct 511,U.S. House,5,D,Zeva Rosenbaum,39
Clackamas,Precinct 512,U.S. House,5,D,Zeva Rosenbaum,75
Clackamas,Precinct 513,U.S. House,5,D,Zeva Rosenbaum,8
Clackamas,Precinct 514,U.S. House,5,D,Zeva Rosenbaum,184
Clackamas,Precinct 515,U.S. House,5,D,Zeva Rosenbaum,39
Clackamas,Precinct 516,U.S. House,5,D,Zeva Rosenbaum,74
Clackamas,Precinct 517,U.S. House,5,D,Zeva Rosenbaum,46
Clackamas,Precinct 518,U.S. House,5,D,Zeva Rosenbaum,66
Clackamas,Precinct 600,U.S. House,5,D,Zeva Rosenbaum,219
Clackamas,Precinct 602,U.S. House,5,D,Zeva Rosenbaum,209
Clackamas,Precinct 604,U.S. House,5,D,Zeva Rosenbaum,283
Clackamas,Precinct 606,U.S. House,5,D,Zeva Rosenbaum,107
Clackamas,Precinct 608,U.S. House,5,D,Zeva Rosenbaum,110
Clackamas,Precinct 614,U.S. House,5,D,Zeva Rosenbaum,106
Clackamas,Precinct 616,U.S. House,5,D,Zeva Rosenbaum,165
Clackamas,Precinct 618,U.S. House,5,D,Zeva Rosenbaum,17
Clackamas,Precinct 620,U.S. House,5,D,Zeva Rosenbaum,12
Clackamas,Precinct 622,U.S. House,5,D,Zeva Rosenbaum,162
Clackamas,Precinct 626,U.S. House,5,D,Zeva Rosenbaum,254
Clackamas,Precinct 628,U.S. House,5,D,Zeva Rosenbaum,47
Clackamas,Precinct 630,U.S. House,5,D,Zeva Rosenbaum,303
Clackamas,Precinct 100,U.S. House,5,R,Jonathan Lockwood,2
Clackamas,Precinct 103,U.S. House,5,R,Jonathan Lockwood,139
Clackamas,Precinct 104,U.S. House,5,R,Jonathan Lockwood,2
Clackamas,Precinct 111,U.S. House,5,R,Jonathan Lockwood,516
Clackamas,Precinct 114,U.S. House,5,R,Jonathan Lockwood,5
Clackamas,Precinct 115,U.S. House,5,R,Jonathan Lockwood,9
Clackamas,Precinct 116,U.S. House,5,R,Jonathan Lockwood,0
Clackamas,Precinct 122,U.S. House,5,R,Jonathan Lockwood,354
Clackamas,Precinct 123,U.S. House,5,R,Jonathan Lockwood,207
Clackamas,Precinct 124,U.S. House,5,R,Jonathan Lockwood,344
Clackamas,Precinct 125,U.S. House,5,R,Jonathan Lockwood,129
Clackamas,Precinct 127,U.S. House,5,R,Jonathan Lockwood,8
Clackamas,Precinct 131,U.S. House,5,R,Jonathan Lockwood,312
Clackamas,Precinct 132,U.S. House,5,R,Jonathan Lockwood,182
Clackamas,Precinct 133,U.S. House,5,R,Jonathan Lockwood,74
Clackamas,Precinct 134,U.S. House,5,R,Jonathan Lockwood,0
Clackamas,Precinct 135,U.S. House,5,R,Jonathan Lockwood,175
Clackamas,Precinct 151,U.S. House,5,R,Jonathan Lockwood,101
Clackamas,Precinct 152,U.S. House,5,R,Jonathan Lockwood,206
Clackamas,Precinct 153,U.S. House,5,R,Jonathan Lockwood,25
Clackamas,Precinct 155,U.S. House,5,R,Jonathan Lockwood,80
Clackamas,Precinct 156,U.S. House,5,R,Jonathan Lockwood,129
Clackamas,Precinct 157,U.S. House,5,R,Jonathan Lockwood,6
Clackamas,Precinct 158,U.S. House,5,R,Jonathan Lockwood,140
Clackamas,Precinct 159,U.S. House,5,R,Jonathan Lockwood,108
Clackamas,Precinct 282,U.S. House,5,R,Jonathan Lockwood,12
Clackamas,Precinct 283,U.S. House,5,R,Jonathan Lockwood,21
Clackamas,Precinct 285,U.S. House,5,R,Jonathan Lockwood,1
Clackamas,Precinct 320,U.S. House,5,R,Jonathan Lockwood,8
Clackamas,Precinct 321,U.S. House,5,R,Jonathan Lockwood,162
Clackamas,Precinct 322,U.S. House,5,R,Jonathan Lockwood,89
Clackamas,Precinct 330,U.S. House,5,R,Jonathan Lockwood,498
Clackamas,Precinct 331,U.S. House,5,R,Jonathan Lockwood,204
Clackamas,Precinct 350,U.S. House,5,R,Jonathan Lockwood,445
Clackamas,Precinct 358,U.S. House,5,R,Jonathan Lockwood,34
Clackamas,Precinct 360,U.S. House,5,R,Jonathan Lockwood,122
Clackamas,Precinct 361,U.S. House,5,R,Jonathan Lockwood,2
Clackamas,Precinct 374,U.S. House,5,R,Jonathan Lockwood,0
Clackamas,Precinct 410,U.S. House,5,R,Jonathan Lockwood,167
Clackamas,Precinct 411,U.S. House,5,R,Jonathan Lockwood,218
Clackamas,Precinct 414,U.S. House,5,R,Jonathan Lockwood,57
Clackamas,Precinct 415,U.S. House,5,R,Jonathan Lockwood,29
Clackamas,Precinct 417,U.S. House,5,R,Jonathan Lockwood,89
Clackamas,Precinct 418,U.S. House,5,R,Jonathan Lockwood,101
Clackamas,Precinct 419,U.S. House,5,R,Jonathan Lockwood,86
Clackamas,Precinct 420,U.S. House,5,R,Jonathan Lockwood,78
Clackamas,Precinct 421,U.S. House,5,R,Jonathan Lockwood,99
Clackamas,Precinct 422,U.S. House,5,R,Jonathan Lockwood,161
Clackamas,Precinct 500,U.S. House,5,R,Jonathan Lockwood,53
Clackamas,Precinct 501,U.S. House,5,R,Jonathan Lockwood,130
Clackamas,Precinct 502,U.S. House,5,R,Jonathan Lockwood,199
Clackamas,Precinct 503,U.S. House,5,R,Jonathan Lockwood,218
Clackamas,Precinct 504,U.S. House,5,R,Jonathan Lockwood,269
Clackamas,Precinct 506,U.S. House,5,R,Jonathan Lockwood,171
Clackamas,Precinct 510,U.S. House,5,R,Jonathan Lockwood,88
Clackamas,Precinct 511,U.S. House,5,R,Jonathan Lockwood,269
Clackamas,Precinct 512,U.S. House,5,R,Jonathan Lockwood,202
Clackamas,Precinct 513,U.S. House,5,R,Jonathan Lockwood,15
Clackamas,Precinct 514,U.S. House,5,R,Jonathan Lockwood,508
Clackamas,Precinct 515,U.S. House,5,R,Jonathan Lockwood,187
Clackamas,Precinct 516,U.S. House,5,R,Jonathan Lockwood,196
Clackamas,Precinct 517,U.S. House,5,R,Jonathan Lockwood,266
Clackamas,Precinct 518,U.S. House,5,R,Jonathan Lockwood,278
Clackamas,Precinct 600,U.S. House,5,R,Jonathan Lockwood,252
Clackamas,Precinct 602,U.S. House,5,R,Jonathan Lockwood,284
Clackamas,Precinct 604,U.S. House,5,R,Jonathan Lockwood,535
Clackamas,Precinct 606,U.S. House,5,R,Jonathan Lockwood,124
Clackamas,Precinct 608,U.S. House,5,R,Jonathan Lockwood,190
Clackamas,Precinct 614,U.S. House,5,R,Jonathan Lockwood,135
Clackamas,Precinct 616,U.S. House,5,R,Jonathan Lockwood,215
Clackamas,Precinct 618,U.S. House,5,R,Jonathan Lockwood,36
Clackamas,Precinct 620,U.S. House,5,R,Jonathan Lockwood,18
Clackamas,Precinct 622,U.S. House,5,R,Jonathan Lockwood,71
Clackamas,Precinct 626,U.S. House,5,R,Jonathan Lockwood,123
Clackamas,Precinct 628,U.S. House,5,R,Jonathan Lockwood,44
Clackamas,Precinct 630,U.S. House,5,R,Jonathan Lockwood,218
Clackamas,Precinct 100,U.S. House,5,R,Over Votes,0
Clackamas,Precinct 103,U.S. House,5,R,Over Votes,0
Clackamas,Precinct 104,U.S. House,5,R,Over Votes,0
Clackamas,Precinct 111,U.S. House,5,R,Over Votes,0
Clackamas,Precinct 114,U.S. House,5,R,Over Votes,0
Clackamas,Precinct 115,U.S. House,5,R,Over Votes,0
Clackamas,Precinct 116,U.S. House,5,R,Over Votes,0
Clackamas,Precinct 122,U.S. House,5,R,Over Votes,0
Clackamas,Precinct 123,U.S. House,5,R,Over Votes,0
Clackamas,Precinct 124,U.S. House,5,R,Over Votes,0
Clackamas,Precinct 125,U.S. House,5,R,Over Votes,0
Clackamas,Precinct 127,U.S. House,5,R,Over Votes,0
Clackamas,Precinct 131,U.S. House,5,R,Over Votes,0
Clackamas,Precinct 132,U.S. House,5,R,Over Votes,0
Clackamas,Precinct 133,U.S. House,5,R,Over Votes,0
Clackamas,Precinct 134,U.S. House,5,R,Over Votes,0
Clackamas,Precinct 135,U.S. House,5,R,Over Votes,1
Clackamas,Precinct 151,U.S. House,5,R,Over Votes,0
Clackamas,Precinct 152,U.S. House,5,R,Over Votes,0
Clackamas,Precinct 153,U.S. House,5,R,Over Votes,0
Clackamas,Precinct 155,U.S. House,5,R,Over Votes,0
Clackamas,Precinct 156,U.S. House,5,R,Over Votes,0
Clackamas,Precinct 157,U.S. House,5,R,Over Votes,0
Clackamas,Precinct 158,U.S. House,5,R,Over Votes,0
Clackamas,Precinct 159,U.S. House,5,R,Over Votes,0
Clackamas,Precinct 282,U.S. House,5,R,Over Votes,0
Clackamas,Precinct 283,U.S. House,5,R,Over Votes,0
Clackamas,Precinct 285,U.S. House,5,R,Over Votes,0
Clackamas,Precinct 320,U.S. House,5,R,Over Votes,0
Clackamas,Precinct 321,U.S. House,5,R,Over Votes,0
Clackamas,Precinct 322,U.S. House,5,R,Over Votes,0
Clackamas,Precinct 330,U.S. House,5,R,Over Votes,0
Clackamas,Precinct 331,U.S. House,5,R,Over Votes,0
Clackamas,Precinct 350,U.S. House,5,R,Over Votes,0
Clackamas,Precinct 358,U.S. House,5,R,Over Votes,0
Clackamas,Precinct 360,U.S. House,5,R,Over Votes,0
Clackamas,Precinct 361,U.S. House,5,R,Over Votes,0
Clackamas,Precinct 374,U.S. House,5,R,Over Votes,0
Clackamas,Precinct 410,U.S. House,5,R,Over Votes,0
Clackamas,Precinct 411,U.S. House,5,R,Over Votes,0
Clackamas,Precinct 414,U.S. House,5,R,Over Votes,0
Clackamas,Precinct 415,U.S. House,5,R,Over Votes,0
Clackamas,Precinct 417,U.S. House,5,R,Over Votes,0
Clackamas,Precinct 418,U.S. House,5,R,Over Votes,0
Clackamas,Precinct 419,U.S. House,5,R,Over Votes,1
Clackamas,Precinct 420,U.S. House,5,R,Over Votes,0
Clackamas,Precinct 421,U.S. House,5,R,Over Votes,0
Clackamas,Precinct 422,U.S. House,5,R,Over Votes,0
Clackamas,Precinct 500,U.S. House,5,R,Over Votes,0
Clackamas,Precinct 501,U.S. House,5,R,Over Votes,0
Clackamas,Precinct 502,U.S. House,5,R,Over Votes,0
Clackamas,Precinct 503,U.S. House,5,R,Over Votes,0
Clackamas,Precinct 504,U.S. House,5,R,Over Votes,0
Clackamas,Precinct 506,U.S. House,5,R,Over Votes,0
Clackamas,Precinct 510,U.S. House,5,R,Over Votes,0
Clackamas,Precinct 511,U.S. House,5,R,Over Votes,0
Clackamas,Precinct 512,U.S. House,5,R,Over Votes,0
Clackamas,Precinct 513,U.S. House,5,R,Over Votes,0
Clackamas,Precinct 514,U.S. House,5,R,Over Votes,0
Clackamas,Precinct 515,U.S. House,5,R,Over Votes,0
Clackamas,Precinct 516,U.S. House,5,R,Over Votes,0
Clackamas,Precinct 517,U.S. House,5,R,Over Votes,0
Clackamas,Precinct 518,U.S. House,5,R,Over Votes,0
Clackamas,Precinct 600,U.S. House,5,R,Over Votes,0
Clackamas,Precinct 602,U.S. House,5,R,Over Votes,0
Clackamas,Precinct 604,U.S. House,5,R,Over Votes,0
Clackamas,Precinct 606,U.S. House,5,R,Over Votes,0
Clackamas,Precinct 608,U.S. House,5,R,Over Votes,0
Clackamas,Precinct 614,U.S. House,5,R,Over Votes,0
Clackamas,Precinct 616,U.S. House,5,R,Over Votes,0
Clackamas,Precinct 618,U.S. House,5,R,Over Votes,0
Clackamas,Precinct 620,U.S. House,5,R,Over Votes,0
Clackamas,Precinct 622,U.S. House,5,R,Over Votes,0
Clackamas,Precinct 626,U.S. House,5,R,Over Votes,0
Clackamas,Precinct 628,U.S. House,5,R,Over Votes,0
Clackamas,Precinct 630,U.S. House,5,R,Over Votes,0
Clackamas,Precinct 100,U.S. House,5,R,Patti Adair,4
Clackamas,Precinct 103,U.S. House,5,R,Patti Adair,225
Clackamas,Precinct 104,U.S. House,5,R,Patti Adair,0
Clackamas,Precinct 111,U.S. House,5,R,Patti Adair,519
Clackamas,Precinct 114,U.S. House,5,R,Patti Adair,12
Clackamas,Precinct 115,U.S. House,5,R,Patti Adair,17
Clackamas,Precinct 116,U.S. House,5,R,Patti Adair,0
Clackamas,Precinct 122,U.S. House,5,R,Patti Adair,363
Clackamas,Precinct 123,U.S. House,5,R,Patti Adair,264
Clackamas,Precinct 124,U.S. House,5,R,Patti Adair,509
Clackamas,Precinct 125,U.S. House,5,R,Patti Adair,168
Clackamas,Precinct 127,U.S. House,5,R,Patti Adair,17
Clackamas,Precinct 131,U.S. House,5,R,Patti Adair,387
Clackamas,Precinct 132,U.S. House,5,R,Patti Adair,330
Clackamas,Precinct 133,U.S. House,5,R,Patti Adair,117
Clackamas,Precinct 134,U.S. House,5,R,Patti Adair,0
Clackamas,Precinct 135,U.S. House,5,R,Patti Adair,345
Clackamas,Precinct 151,U.S. House,5,R,Patti Adair,173
Clackamas,Precinct 152,U.S. House,5,R,Patti Adair,365
Clackamas,Precinct 153,U.S. House,5,R,Patti Adair,30
Clackamas,Precinct 155,U.S. House,5,R,Patti Adair,148
Clackamas,Precinct 156,U.S. House,5,R,Patti Adair,294
Clackamas,Precinct 157,U.S. House,5,R,Patti Adair,7
Clackamas,Precinct 158,U.S. House,5,R,Patti Adair,205
Clackamas,Precinct 159,U.S. House,5,R,Patti Adair,188
Clackamas,Precinct 282,U.S. House,5,R,Patti Adair,14
Clackamas,Precinct 283,U.S. House,5,R,Patti Adair,39
Clackamas,Precinct 285,U.S. House,5,R,Patti Adair,1
Clackamas,Precinct 320,U.S. House,5,R,Patti Adair,9
Clackamas,Precinct 321,U.S. House,5,R,Patti Adair,314
Clackamas,Precinct 322,U.S. House,5,R,Patti Adair,168
Clackamas,Precinct 330,U.S. House,5,R,Patti Adair,547
Clackamas,Precinct 331,U.S. House,5,R,Patti Adair,315
Clackamas,Precinct 350,U.S. House,5,R,Patti Adair,460
Clackamas,Precinct 358,U.S. House,5,R,Patti Adair,52
Clackamas,Precinct 360,U.S. House,5,R,Patti Adair,153
Clackamas,Precinct 361,U.S. House,5,R,Patti Adair,0
Clackamas,Precinct 374,U.S. House,5,R,Patti Adair,0
Clackamas,Precinct 410,U.S. House,5,R,Patti Adair,218
Clackamas,Precinct 411,U.S. House,5,R,Patti Adair,295
Clackamas,Precinct 414,U.S. House,5,R,Patti Adair,91
Clackamas,Precinct 415,U.S. House,5,R,Patti Adair,45
Clackamas,Precinct 417,U.S. House,5,R,Patti Adair,139
Clackamas,Precinct 418,U.S. House,5,R,Patti Adair,142
Clackamas,Precinct 419,U.S. House,5,R,Patti Adair,117
Clackamas,Precinct 420,U.S. House,5,R,Patti Adair,111
Clackamas,Precinct 421,U.S. House,5,R,Patti Adair,120
Clackamas,Precinct 422,U.S. House,5,R,Patti Adair,199
Clackamas,Precinct 500,U.S. House,5,R,Patti Adair,72
Clackamas,Precinct 501,U.S. House,5,R,Patti Adair,150
Clackamas,Precinct 502,U.S. House,5,R,Patti Adair,211
Clackamas,Precinct 503,U.S. House,5,R,Patti Adair,257
Clackamas,Precinct 504,U.S. House,5,R,Patti Adair,317
Clackamas,Precinct 506,U.S. House,5,R,Patti Adair,249
Clackamas,Precinct 510,U.S. House,5,R,Patti Adair,109
Clackamas,Precinct 511,U.S. House,5,R,Patti Adair,259
Clackamas,Precinct 512,U.S. House,5,R,Patti Adair,226
Clackamas,Precinct 513,U.S. House,5,R,Patti Adair,11
Clackamas,Precinct 514,U.S. House,5,R,Patti Adair,691
Clackamas,Precinct 515,U.S. House,5,R,Patti Adair,209
Clackamas,Precinct 516,U.S. House,5,R,Patti Adair,302
Clackamas,Precinct 517,U.S. House,5,R,Patti Adair,262
Clackamas,Precinct 518,U.S. House,5,R,Patti Adair,289
Clackamas,Precinct 600,U.S. House,5,R,Patti Adair,278
Clackamas,Precinct 602,U.S. House,5,R,Patti Adair,322
Clackamas,Precinct 604,U.S. House,5,R,Patti Adair,699
Clackamas,Precinct 606,U.S. House,5,R,Patti Adair,132
Clackamas,Precinct 608,U.S. House,5,R,Patti Adair,234
Clackamas,Precinct 614,U.S. House,5,R,Patti Adair,156
Clackamas,Precinct 616,U.S. House,5,R,Patti Adair,251
Clackamas,Precinct 618,U.S. House,5,R,Patti Adair,33
Clackamas,Precinct 620,U.S. House,5,R,Patti Adair,18
Clackamas,Precinct 622,U.S. House,5,R,Patti Adair,122
Clackamas,Precinct 626,U.S. House,5,R,Patti Adair,155
Clackamas,Precinct 628,U.S. House,5,R,Patti Adair,68
Clackamas,Precinct 630,U.S. House,5,R,Patti Adair,288
Clackamas,Precinct 100,U.S. House,5,R,Under Votes,6
Clackamas,Precinct 103,U.S. House,5,R,Under Votes,140
Clackamas,Precinct 104,U.S. House,5,R,Under Votes,1
Clackamas,Precinct 111,U.S. House,5,R,Under Votes,320
Clackamas,Precinct 114,U.S. House,5,R,Under Votes,6
Clackamas,Precinct 115,U.S. House,5,R,Under Votes,8
Clackamas,Precinct 116,U.S. House,5,R,Under Votes,0
Clackamas,Precinct 122,U.S. House,5,R,Under Votes,284
Clackamas,Precinct 123,U.S. House,5,R,Under Votes,180
Clackamas,Precinct 124,U.S. House,5,R,Under Votes,297
Clackamas,Precinct 125,U.S. House,5,R,Under Votes,128
Clackamas,Precinct 127,U.S. House,5,R,Under Votes,12
Clackamas,Precinct 131,U.S. House,5,R,Under Votes,307
Clackamas,Precinct 132,U.S. House,5,R,Under Votes,163
Clackamas,Precinct 133,U.S. House,5,R,Under Votes,60
Clackamas,Precinct 134,U.S. House,5,R,Under Votes,1
Clackamas,Precinct 135,U.S. House,5,R,Under Votes,200
Clackamas,Precinct 151,U.S. House,5,R,Under Votes,126
Clackamas,Precinct 152,U.S. House,5,R,Under Votes,280
Clackamas,Precinct 153,U.S. House,5,R,Under Votes,22
Clackamas,Precinct 155,U.S. House,5,R,Under Votes,120
Clackamas,Precinct 156,U.S. House,5,R,Under Votes,190
Clackamas,Precinct 157,U.S. House,5,R,Under Votes,3
Clackamas,Precinct 158,U.S. House,5,R,Under Votes,138
Clackamas,Precinct 159,U.S. House,5,R,Under Votes,133
Clackamas,Precinct 282,U.S. House,5,R,Under Votes,11
Clackamas,Precinct 283,U.S. House,5,R,Under Votes,23
Clackamas,Precinct 285,U.S. House,5,R,Under Votes,1
Clackamas,Precinct 320,U.S. House,5,R,Under Votes,9
Clackamas,Precinct 321,U.S. House,5,R,Under Votes,204
Clackamas,Precinct 322,U.S. House,5,R,Under Votes,85
Clackamas,Precinct 330,U.S. House,5,R,Under Votes,386
Clackamas,Precinct 331,U.S. House,5,R,Under Votes,197
Clackamas,Precinct 350,U.S. House,5,R,Under Votes,280
Clackamas,Precinct 358,U.S. House,5,R,Under Votes,41
Clackamas,Precinct 360,U.S. House,5,R,Under Votes,98
Clackamas,Precinct 361,U.S. House,5,R,Under Votes,0
Clackamas,Precinct 374,U.S. House,5,R,Under Votes,0
Clackamas,Precinct 410,U.S. House,5,R,Under Votes,131
Clackamas,Precinct 411,U.S. House,5,R,Under Votes,168
Clackamas,Precinct 414,U.S. House,5,R,Under Votes,39
Clackamas,Precinct 415,U.S. House,5,R,Under Votes,30
Clackamas,Precinct 417,U.S. House,5,R,Under Votes,62
Clackamas,Precinct 418,U.S. House,5,R,Under Votes,68
Clackamas,Precinct 419,U.S. House,5,R,Under Votes,74
Clackamas,Precinct 420,U.S. House,5,R,Under Votes,54
Clackamas,Precinct 421,U.S. House,5,R,Under Votes,79
Clackamas,Precinct 422,U.S. House,5,R,Under Votes,125
Clackamas,Precinct 500,U.S. House,5,R,Under Votes,37
Clackamas,Precinct 501,U.S. House,5,R,Under Votes,115
Clackamas,Precinct 502,U.S. House,5,R,Under Votes,177
Clackamas,Precinct 503,U.S. House,5,R,Under Votes,156
Clackamas,Precinct 504,U.S. House,5,R,Under Votes,182
Clackamas,Precinct 506,U.S. House,5,R,Under Votes,144
Clackamas,Precinct 510,U.S. House,5,R,Under Votes,67
Clackamas,Precinct 511,U.S. House,5,R,Under Votes,163
Clackamas,Precinct 512,U.S. House,5,R,Under Votes,127
Clackamas,Precinct 513,U.S. House,5,R,Under Votes,9
Clackamas,Precinct 514,U.S. House,5,R,Under Votes,423
Clackamas,Precinct 515,U.S. House,5,R,Under Votes,124
Clackamas,Precinct 516,U.S. House,5,R,Under Votes,188
Clackamas,Precinct 517,U.S. House,5,R,Under Votes,151
Clackamas,Precinct 518,U.S. House,5,R,Under Votes,213
Clackamas,Precinct 600,U.S. House,5,R,Under Votes,198
Clackamas,Precinct 602,U.S. House,5,R,Under Votes,219
Clackamas,Precinct 604,U.S. House,5,R,Under Votes,353
Clackamas,Precinct 606,U.S. House,5,R,Under Votes,97
Clackamas,Precinct 608,U.S. House,5,R,Under Votes,127
Clackamas,Precinct 614,U.S. House,5,R,Under Votes,105
Clackamas,Precinct 616,U.S. House,5,R,Under Votes,167
Clackamas,Precinct 618,U.S. House,5,R,Under Votes,30
Clackamas,Precinct 620,U.S. House,5,R,Under Votes,3
Clackamas,Precinct 622,U.S. House,5,R,Under Votes,70
Clackamas,Precinct 626,U.S. House,5,R,Under Votes,73
Clackamas,Precinct 628,U.S. House,5,R,Under Votes,36
Clackamas,Precinct 630,U.S. House,5,R,Under Votes,153
Clackamas,Precinct 100,U.S. House,5,R,Write-ins,0
Clackamas,Precinct 103,U.S. House,5,R,Write-ins,2
Clackamas,Precinct 104,U.S. House,5,R,Write-ins,0
Clackamas,Precinct 111,U.S. House,5,R,Write-ins,9
Clackamas,Precinct 114,U.S. House,5,R,Write-ins,0
Clackamas,Precinct 115,U.S. House,5,R,Write-ins,0
Clackamas,Precinct 116,U.S. House,5,R,Write-ins,0
Clackamas,Precinct 122,U.S. House,5,R,Write-ins,3
Clackamas,Precinct 123,U.S. House,5,R,Write-ins,4
Clackamas,Precinct 124,U.S. House,5,R,Write-ins,10
Clackamas,Precinct 125,U.S. House,5,R,Write-ins,0
Clackamas,Precinct 127,U.S. House,5,R,Write-ins,0
Clackamas,Precinct 131,U.S. House,5,R,Write-ins,6
Clackamas,Precinct 132,U.S. House,5,R,Write-ins,3
Clackamas,Precinct 133,U.S. House,5,R,Write-ins,5
Clackamas,Precinct 134,U.S. House,5,R,Write-ins,0
Clackamas,Precinct 135,U.S. House,5,R,Write-ins,6
Clackamas,Precinct 151,U.S. House,5,R,Write-ins,0
Clackamas,Precinct 152,U.S. House,5,R,Write-ins,8
Clackamas,Precinct 153,U.S. House,5,R,Write-ins,2
Clackamas,Precinct 155,U.S. House,5,R,Write-ins,2
Clackamas,Precinct 156,U.S. House,5,R,Write-ins,3
Clackamas,Precinct 157,U.S. House,5,R,Write-ins,0
Clackamas,Precinct 158,U.S. House,5,R,Write-ins,2
Clackamas,Precinct 159,U.S. House,5,R,Write-ins,1
Clackamas,Precinct 282,U.S. House,5,R,Write-ins,2
Clackamas,Precinct 283,U.S. House,5,R,Write-ins,0
Clackamas,Precinct 285,U.S. House,5,R,Write-ins,0
Clackamas,Precinct 320,U.S. House,5,R,Write-ins,0
Clackamas,Precinct 321,U.S. House,5,R,Write-ins,3
Clackamas,Precinct 322,U.S. House,5,R,Write-ins,2
Clackamas,Precinct 330,U.S. House,5,R,Write-ins,12
Clackamas,Precinct 331,U.S. House,5,R,Write-ins,4
Clackamas,Precinct 350,U.S. House,5,R,Write-ins,2
Clackamas,Precinct 358,U.S. House,5,R,Write-ins,0
Clackamas,Precinct 360,U.S. House,5,R,Write-ins,0
Clackamas,Precinct 361,U.S. House,5,R,Write-ins,0
Clackamas,Precinct 374,U.S. House,5,R,Write-ins,0
Clackamas,Precinct 410,U.S. House,5,R,Write-ins,5
Clackamas,Precinct 411,U.S. House,5,R,Write-ins,2
Clackamas,Precinct 414,U.S. House,5,R,Write-ins,2
Clackamas,Precinct 415,U.S. House,5,R,Write-ins,0
Clackamas,Precinct 417,U.S. House,5,R,Write-ins,2
Clackamas,Precinct 418,U.S. House,5,R,Write-ins,0
Clackamas,Precinct 419,U.S. House,5,R,Write-ins,3
Clackamas,Precinct 420,U.S. House,5,R,Write-ins,2
Clackamas,Precinct 421,U.S. House,5,R,Write-ins,3
Clackamas,Precinct 422,U.S. House,5,R,Write-ins,3
Clackamas,Precinct 500,U.S. House,5,R,Write-ins,0
Clackamas,Precinct 501,U.S. House,5,R,Write-ins,8
Clackamas,Precinct 502,U.S. House,5,R,Write-ins,4
Clackamas,Precinct 503,U.S. House,5,R,Write-ins,1
Clackamas,Precinct 504,U.S. House,5,R,Write-ins,6
Clackamas,Precinct 506,U.S. House,5,R,Write-ins,3
Clackamas,Precinct 510,U.S. House,5,R,Write-ins,7
Clackamas,Precinct 511,U.S. House,5,R,Write-ins,5
Clackamas,Precinct 512,U.S. House,5,R,Write-ins,5
Clackamas,Precinct 513,U.S. House,5,R,Write-ins,1
Clackamas,Precinct 514,U.S. House,5,R,Write-ins,8
Clackamas,Precinct 515,U.S. House,5,R,Write-ins,2
Clackamas,Precinct 516,U.S. House,5,R,Write-ins,2
Clackamas,Precinct 517,U.S. House,5,R,Write-ins,2
Clackamas,Precinct 518,U.S. House,5,R,Write-ins,4
Clackamas,Precinct 600,U.S. House,5,R,Write-ins,1
Clackamas,Precinct 602,U.S. House,5,R,Write-ins,6
Clackamas,Precinct 604,U.S. House,5,R,Write-ins,12
Clackamas,Precinct 606,U.S. House,5,R,Write-ins,2
Clackamas,Precinct 608,U.S. House,5,R,Write-ins,2
Clackamas,Precinct 614,U.S. House,5,R,Write-ins,6
Clackamas,Precinct 616,U.S. House,5,R,Write-ins,9
Clackamas,Precinct 618,U.S. House,5,R,Write-ins,0
Clackamas,Precinct 620,U.S. House,5,R,Write-ins,0
Clackamas,Precinct 622,U.S. House,5,R,Write-ins,4
Clackamas,Precinct 626,U.S. House,5,R,Write-ins,2
Clackamas,Precinct 628,U.S. House,5,R,Write-ins,0
Clackamas,Precinct 630,U.S. House,5,R,Write-ins,8
Clackamas,Precinct 154,U.S. House,6,D,Andrea Salinas,19
Clackamas,Precinct 160,U.S. House,6,D,Andrea Salinas,382
Clackamas,Precinct 161,U.S. House,6,D,Andrea Salinas,125
Clackamas,Precinct 162,U.S. House,6,D,Andrea Salinas,160
Clackamas,Precinct 201,U.S. House,6,D,Andrea Salinas,865
Clackamas,Precinct 202,U.S. House,6,D,Andrea Salinas,886
Clackamas,Precinct 203,U.S. House,6,D,Andrea Salinas,574
Clackamas,Precinct 204,U.S. House,6,D,Andrea Salinas,394
Clackamas,Precinct 251,U.S. House,6,D,Andrea Salinas,368
Clackamas,Precinct 279,U.S. House,6,D,Andrea Salinas,30
Clackamas,Precinct 280,U.S. House,6,D,Andrea Salinas,100
Clackamas,Precinct 281,U.S. House,6,D,Andrea Salinas,250
Clackamas,Precinct 284,U.S. House,6,D,Andrea Salinas,95
Clackamas,Precinct 286,U.S. House,6,D,Andrea Salinas,36
Clackamas,Precinct 323,U.S. House,6,D,Andrea Salinas,226
Clackamas,Precinct 324,U.S. House,6,D,Andrea Salinas,11
Clackamas,Precinct 332,U.S. House,6,D,Andrea Salinas,100
Clackamas,Precinct 154,U.S. House,6,D,Over Votes,0
Clackamas,Precinct 160,U.S. House,6,D,Over Votes,0
Clackamas,Precinct 161,U.S. House,6,D,Over Votes,0
Clackamas,Precinct 162,U.S. House,6,D,Over Votes,0
Clackamas,Precinct 201,U.S. House,6,D,Over Votes,0
Clackamas,Precinct 202,U.S. House,6,D,Over Votes,0
Clackamas,Precinct 203,U.S. House,6,D,Over Votes,0
Clackamas,Precinct 204,U.S. House,6,D,Over Votes,0
Clackamas,Precinct 251,U.S. House,6,D,Over Votes,0
Clackamas,Precinct 279,U.S. House,6,D,Over Votes,0
Clackamas,Precinct 280,U.S. House,6,D,Over Votes,0
Clackamas,Precinct 281,U.S. House,6,D,Over Votes,0
Clackamas,Precinct 284,U.S. House,6,D,Over Votes,0
Clackamas,Precinct 286,U.S. House,6,D,Over Votes,0
Clackamas,Precinct 323,U.S. House,6,D,Over Votes,0
Clackamas,Precinct 324,U.S. House,6,D,Over Votes,0
Clackamas,Precinct 332,U.S. House,6,D,Over Votes,0
Clackamas,Precinct 154,U.S. House,6,D,Under Votes,6
Clackamas,Precinct 160,U.S. House,6,D,Under Votes,86
Clackamas,Precinct 161,U.S. House,6,D,Under Votes,20
Clackamas,Precinct 162,U.S. House,6,D,Under Votes,35
Clackamas,Precinct 201,U.S. House,6,D,Under Votes,145
Clackamas,Precinct 202,U.S. House,6,D,Under Votes,170
Clackamas,Precinct 203,U.S. House,6,D,Under Votes,116
Clackamas,Precinct 204,U.S. House,6,D,Under Votes,87
Clackamas,Precinct 251,U.S. House,6,D,Under Votes,75
Clackamas,Precinct 279,U.S. House,6,D,Under Votes,3
Clackamas,Precinct 280,U.S. House,6,D,Under Votes,18
Clackamas,Precinct 281,U.S. House,6,D,Under Votes,47
Clackamas,Precinct 284,U.S. House,6,D,Under Votes,19
Clackamas,Precinct 286,U.S. House,6,D,Under Votes,9
Clackamas,Precinct 323,U.S. House,6,D,Under Votes,55
Clackamas,Precinct 324,U.S. House,6,D,Under Votes,3
Clackamas,Precinct 332,U.S. House,6,D,Under Votes,23
Clackamas,Precinct 154,U.S. House,6,D,Write-ins,0
Clackamas,Precinct 160,U.S. House,6,D,Write-ins,0
Clackamas,Precinct 161,U.S. House,6,D,Write-ins,0
Clackamas,Precinct 162,U.S. House,6,D,Write-ins,2
Clackamas,Precinct 201,U.S. House,6,D,Write-ins,5
Clackamas,Precinct 202,U.S. House,6,D,Write-ins,11
Clackamas,Precinct 203,U.S. House,6,D,Write-ins,0
Clackamas,Precinct 204,U.S. House,6,D,Write-ins,5
Clackamas,Precinct 251,U.S. House,6,D,Write-ins,1
Clackamas,Precinct 279,U.S. House,6,D,Write-ins,0
Clackamas,Precinct 280,U.S. House,6,D,Write-ins,1
Clackamas,Precinct 281,U.S. House,6,D,Write-ins,1
Clackamas,Precinct 284,U.S. House,6,D,Write-ins,0
Clackamas,Precinct 286,U.S. House,6,D,Write-ins,0
Clackamas,Precinct 323,U.S. House,6,D,Write-ins,0
Clackamas,Precinct 324,U.S. House,6,D,Write-ins,0
Clackamas,Precinct 332,U.S. House,6,D,Write-ins,0
Clackamas,Precinct 154,U.S. House,6,R,David Russ,8
Clackamas,Precinct 160,U.S. House,6,R,David Russ,89
Clackamas,Precinct 161,U.S. House,6,R,David Russ,21
Clackamas,Precinct 162,U.S. House,6,R,David Russ,48
Clackamas,Precinct 201,U.S. House,6,R,David Russ,317
Clackamas,Precinct 202,U.S. House,6,R,David Russ,391
Clackamas,Precinct 203,U.S. House,6,R,David Russ,321
Clackamas,Precinct 204,U.S. House,6,R,David Russ,240
Clackamas,Precinct 251,U.S. House,6,R,David Russ,163
Clackamas,Precinct 279,U.S. House,6,R,David Russ,6
Clackamas,Precinct 280,U.S. House,6,R,David Russ,23
Clackamas,Precinct 281,U.S. House,6,R,David Russ,84
Clackamas,Precinct 284,U.S. House,6,R,David Russ,20
Clackamas,Precinct 286,U.S. House,6,R,David Russ,9
Clackamas,Precinct 323,U.S. House,6,R,David Russ,199
Clackamas,Precinct 324,U.S. House,6,R,David Russ,8
Clackamas,Precinct 332,U.S. House,6,R,David Russ,82
Clackamas,Precinct 154,U.S. House,6,R,Over Votes,0
Clackamas,Precinct 160,U.S. House,6,R,Over Votes,0
Clackamas,Precinct 161,U.S. House,6,R,Over Votes,0
Clackamas,Precinct 162,U.S. House,6,R,Over Votes,0
Clackamas,Precinct 201,U.S. House,6,R,Over Votes,0
Clackamas,Precinct 202,U.S. House,6,R,Over Votes,0
Clackamas,Precinct 203,U.S. House,6,R,Over Votes,0
Clackamas,Precinct 204,U.S. House,6,R,Over Votes,0
Clackamas,Precinct 251,U.S. House,6,R,Over Votes,0
Clackamas,Precinct 279,U.S. House,6,R,Over Votes,0
Clackamas,Precinct 280,U.S. House,6,R,Over Votes,0
Clackamas,Precinct 281,U.S. House,6,R,Over Votes,0
Clackamas,Precinct 284,U.S. House,6,R,Over Votes,0
Clackamas,Precinct 286,U.S. House,6,R,Over Votes,0
Clackamas,Precinct 323,U.S. House,6,R,Over Votes,0
Clackamas,Precinct 324,U.S. House,6,R,Over Votes,0
Clackamas,Precinct 332,U.S. House,6,R,Over Votes,0
Clackamas,Precinct 154,U.S. House,6,R,Under Votes,3
Clackamas,Precinct 160,U.S. House,6,R,Under Votes,118
Clackamas,Precinct 161,U.S. House,6,R,Under Votes,51
Clackamas,Precinct 162,U.S. House,6,R,Under Votes,35
Clackamas,Precinct 201,U.S. House,6,R,Under Votes,332
Clackamas,Precinct 202,U.S. House,6,R,Under Votes,431
Clackamas,Precinct 203,U.S. House,6,R,Under Votes,320
Clackamas,Precinct 204,U.S. House,6,R,Under Votes,225
Clackamas,Precinct 251,U.S. House,6,R,Under Votes,185
Clackamas,Precinct 279,U.S. House,6,R,Under Votes,10
Clackamas,Precinct 280,U.S. House,6,R,Under Votes,24
Clackamas,Precinct 281,U.S. House,6,R,Under Votes,74
Clackamas,Precinct 284,U.S. House,6,R,Under Votes,17
Clackamas,Precinct 286,U.S. House,6,R,Under Votes,13
Clackamas,Precinct 323,U.S. House,6,R,Under Votes,219
Clackamas,Precinct 324,U.S. House,6,R,Under Votes,10
Clackamas,Precinct 332,U.S. House,6,R,Under Votes,114
Clackamas,Precinct 154,U.S. House,6,R,Write-ins,0
Clackamas,Precinct 160,U.S. House,6,R,Write-ins,0
Clackamas,Precinct 161,U.S. House,6,R,Write-ins,0
Clackamas,Precinct 162,U.S. House,6,R,Write-ins,2
Clackamas,Precinct 201,U.S. House,6,R,Write-ins,4
Clackamas,Precinct 202,U.S. House,6,R,Write-ins,7
Clackamas,Precinct 203,U.S. House,6,R,Write-ins,4
Clackamas,Precinct 204,U.S. House,6,R,Write-ins,2
Clackamas,Precinct 251,U.S. House,6,R,Write-ins,5
Clackamas,Precinct 279,U.S. House,6,R,Write-ins,0
Clackamas,Precinct 280,U.S. House,6,R,Write-ins,0
Clackamas,Precinct 281,U.S. House,6,R,Write-ins,9
Clackamas,Precinct 284,U.S. House,6,R,Write-ins,0
Clackamas,Precinct 286,U.S. House,6,R,Write-ins,0
Clackamas,Precinct 323,U.S. House,6,R,Write-ins,3
Clackamas,Precinct 324,U.S. House,6,R,Write-ins,0
Clackamas,Precinct 332,U.S. House,6,R,Write-ins,2
Clackamas,Precinct 100,U.S. Senate,,D,Jeff Merkley,19
Clackamas,Precinct 101,U.S. Senate,,D,Jeff Merkley,930
Clackamas,Precinct 102,U.S. Senate,,D,Jeff Merkley,174
Clackamas,Precinct 103,U.S. Senate,,D,Jeff Merkley,523
Clackamas,Precinct 104,U.S. Senate,,D,Jeff Merkley,4
Clackamas,Precinct 105,U.S. Senate,,D,Jeff Merkley,757
Clackamas,Precinct 106,U.S. Senate,,D,Jeff Merkley,344
Clackamas,Precinct 107,U.S. Senate,,D,Jeff Merkley,251
Clackamas,Precinct 108,U.S. Senate,,D,Jeff Merkley,533
Clackamas,Precinct 109,U.S. Senate,,D,Jeff Merkley,0
Clackamas,Precinct 111,U.S. Senate,,D,Jeff Merkley,393
Clackamas,Precinct 112,U.S. Senate,,D,Jeff Merkley,0
Clackamas,Precinct 113,U.S. Senate,,D,Jeff Merkley,9
Clackamas,Precinct 114,U.S. Senate,,D,Jeff Merkley,40
Clackamas,Precinct 115,U.S. Senate,,D,Jeff Merkley,69
Clackamas,Precinct 116,U.S. Senate,,D,Jeff Merkley,1
Clackamas,Precinct 122,U.S. Senate,,D,Jeff Merkley,643
Clackamas,Precinct 123,U.S. Senate,,D,Jeff Merkley,327
Clackamas,Precinct 124,U.S. Senate,,D,Jeff Merkley,702
Clackamas,Precinct 125,U.S. Senate,,D,Jeff Merkley,273
Clackamas,Precinct 127,U.S. Senate,,D,Jeff Merkley,7
Clackamas,Precinct 131,U.S. Senate,,D,Jeff Merkley,1301
Clackamas,Precinct 132,U.S. Senate,,D,Jeff Merkley,1015
Clackamas,Precinct 133,U.S. Senate,,D,Jeff Merkley,464
Clackamas,Precinct 134,U.S. Senate,,D,Jeff Merkley,2
Clackamas,Precinct 135,U.S. Senate,,D,Jeff Merkley,1382
Clackamas,Precinct 151,U.S. Senate,,D,Jeff Merkley,701
Clackamas,Precinct 152,U.S. Senate,,D,Jeff Merkley,1374
Clackamas,Precinct 153,U.S. Senate,,D,Jeff Merkley,95
Clackamas,Precinct 154,U.S. Senate,,D,Jeff Merkley,22
Clackamas,Precinct 155,U.S. Senate,,D,Jeff Merkley,638
Clackamas,Precinct 156,U.S. Senate,,D,Jeff Merkley,1426
Clackamas,Precinct 157,U.S. Senate,,D,Jeff Merkley,14
Clackamas,Precinct 158,U.S. Senate,,D,Jeff Merkley,1061
Clackamas,Precinct 159,U.S. Senate,,D,Jeff Merkley,674
Clackamas,Precinct 160,U.S. Senate,,D,Jeff Merkley,432
Clackamas,Precinct 161,U.S. Senate,,D,Jeff Merkley,135
Clackamas,Precinct 162,U.S. Senate,,D,Jeff Merkley,175
Clackamas,Precinct 201,U.S. Senate,,D,Jeff Merkley,929
Clackamas,Precinct 202,U.S. Senate,,D,Jeff Merkley,959
Clackamas,Precinct 203,U.S. Senate,,D,Jeff Merkley,633
Clackamas,Precinct 204,U.S. Senate,,D,Jeff Merkley,437
Clackamas,Precinct 251,U.S. Senate,,D,Jeff Merkley,403
Clackamas,Precinct 279,U.S. Senate,,D,Jeff Merkley,30
Clackamas,Precinct 280,U.S. Senate,,D,Jeff Merkley,108
Clackamas,Precinct 281,U.S. Senate,,D,Jeff Merkley,269
Clackamas,Precinct 282,U.S. Senate,,D,Jeff Merkley,90
Clackamas,Precinct 283,U.S. Senate,,D,Jeff Merkley,103
Clackamas,Precinct 284,U.S. Senate,,D,Jeff Merkley,99
Clackamas,Precinct 285,U.S. Senate,,D,Jeff Merkley,4
Clackamas,Precinct 286,U.S. Senate,,D,Jeff Merkley,42
Clackamas,Precinct 320,U.S. Senate,,D,Jeff Merkley,24
Clackamas,Precinct 321,U.S. Senate,,D,Jeff Merkley,515
Clackamas,Precinct 322,U.S. Senate,,D,Jeff Merkley,197
Clackamas,Precinct 323,U.S. Senate,,D,Jeff Merkley,253
Clackamas,Precinct 324,U.S. Senate,,D,Jeff Merkley,14
Clackamas,Precinct 330,U.S. Senate,,D,Jeff Merkley,411
Clackamas,Precinct 331,U.S. Senate,,D,Jeff Merkley,220
Clackamas,Precinct 332,U.S. Senate,,D,Jeff Merkley,103
Clackamas,Precinct 350,U.S. Senate,,D,Jeff Merkley,291
Clackamas,Precinct 355,U.S. Senate,,D,Jeff Merkley,0
Clackamas,Precinct 357,U.S. Senate,,D,Jeff Merkley,34
Clackamas,Precinct 358,U.S. Senate,,D,Jeff Merkley,47
Clackamas,Precinct 359,U.S. Senate,,D,Jeff Merkley,418
Clackamas,Precinct 360,U.S. Senate,,D,Jeff Merkley,144
Clackamas,Precinct 361,U.S. Senate,,D,Jeff Merkley,0
Clackamas,Precinct 362,U.S. Senate,,D,Jeff Merkley,95
Clackamas,Precinct 363,U.S. Senate,,D,Jeff Merkley,281
Clackamas,Precinct 364,U.S. Senate,,D,Jeff Merkley,27
Clackamas,Precinct 371,U.S. Senate,,D,Jeff Merkley,45
Clackamas,Precinct 372,U.S. Senate,,D,Jeff Merkley,4
Clackamas,Precinct 373,U.S. Senate,,D,Jeff Merkley,795
Clackamas,Precinct 374,U.S. Senate,,D,Jeff Merkley,0
Clackamas,Precinct 400,U.S. Senate,,D,Jeff Merkley,636
Clackamas,Precinct 403,U.S. Senate,,D,Jeff Merkley,223
Clackamas,Precinct 404,U.S. Senate,,D,Jeff Merkley,492
Clackamas,Precinct 405,U.S. Senate,,D,Jeff Merkley,286
Clackamas,Precinct 406,U.S. Senate,,D,Jeff Merkley,98
Clackamas,Precinct 410,U.S. Senate,,D,Jeff Merkley,566
Clackamas,Precinct 411,U.S. Senate,,D,Jeff Merkley,794
Clackamas,Precinct 412,U.S. Senate,,D,Jeff Merkley,361
Clackamas,Precinct 413,U.S. Senate,,D,Jeff Merkley,36
Clackamas,Precinct 414,U.S. Senate,,D,Jeff Merkley,129
Clackamas,Precinct 415,U.S. Senate,,D,Jeff Merkley,98
Clackamas,Precinct 416,U.S. Senate,,D,Jeff Merkley,453
Clackamas,Precinct 417,U.S. Senate,,D,Jeff Merkley,188
Clackamas,Precinct 418,U.S. Senate,,D,Jeff Merkley,189
Clackamas,Precinct 419,U.S. Senate,,D,Jeff Merkley,459
Clackamas,Precinct 420,U.S. Senate,,D,Jeff Merkley,407
Clackamas,Precinct 421,U.S. Senate,,D,Jeff Merkley,457
Clackamas,Precinct 422,U.S. Senate,,D,Jeff Merkley,805
Clackamas,Precinct 500,U.S. Senate,,D,Jeff Merkley,307
Clackamas,Precinct 501,U.S. Senate,,D,Jeff Merkley,1363
Clackamas,Precinct 502,U.S. Senate,,D,Jeff Merkley,1176
Clackamas,Precinct 503,U.S. Senate,,D,Jeff Merkley,954
Clackamas,Precinct 504,U.S. Senate,,D,Jeff Merkley,1124
Clackamas,Precinct 506,U.S. Senate,,D,Jeff Merkley,552
Clackamas,Precinct 510,U.S. Senate,,D,Jeff Merkley,165
Clackamas,Precinct 511,U.S. Senate,,D,Jeff Merkley,359
Clackamas,Precinct 512,U.S. Senate,,D,Jeff Merkley,326
Clackamas,Precinct 513,U.S. Senate,,D,Jeff Merkley,27
Clackamas,Precinct 514,U.S. Senate,,D,Jeff Merkley,860
Clackamas,Precinct 515,U.S. Senate,,D,Jeff Merkley,204
Clackamas,Precinct 516,U.S. Senate,,D,Jeff Merkley,396
Clackamas,Precinct 517,U.S. Senate,,D,Jeff Merkley,230
Clackamas,Precinct 518,U.S. Senate,,D,Jeff Merkley,300
Clackamas,Precinct 600,U.S. Senate,,D,Jeff Merkley,972
Clackamas,Precinct 602,U.S. Senate,,D,Jeff Merkley,813
Clackamas,Precinct 604,U.S. Senate,,D,Jeff Merkley,1297
Clackamas,Precinct 606,U.S. Senate,,D,Jeff Merkley,357
Clackamas,Precinct 608,U.S. Senate,,D,Jeff Merkley,517
Clackamas,Precinct 614,U.S. Senate,,D,Jeff Merkley,465
Clackamas,Precinct 616,U.S. Senate,,D,Jeff Merkley,758
Clackamas,Precinct 618,U.S. Senate,,D,Jeff Merkley,122
Clackamas,Precinct 620,U.S. Senate,,D,Jeff Merkley,63
Clackamas,Precinct 622,U.S. Senate,,D,Jeff Merkley,629
Clackamas,Precinct 626,U.S. Senate,,D,Jeff Merkley,1262
Clackamas,Precinct 628,U.S. Senate,,D,Jeff Merkley,217
Clackamas,Precinct 630,U.S. Senate,,D,Jeff Merkley,1576
Clackamas,Precinct 100,U.S. Senate,,D,Over Votes,0
Clackamas,Precinct 101,U.S. Senate,,D,Over Votes,0
Clackamas,Precinct 102,U.S. Senate,,D,Over Votes,0
Clackamas,Precinct 103,U.S. Senate,,D,Over Votes,0
Clackamas,Precinct 104,U.S. Senate,,D,Over Votes,0
Clackamas,Precinct 105,U.S. Senate,,D,Over Votes,0
Clackamas,Precinct 106,U.S. Senate,,D,Over Votes,0
Clackamas,Precinct 107,U.S. Senate,,D,Over Votes,0
Clackamas,Precinct 108,U.S. Senate,,D,Over Votes,0
Clackamas,Precinct 109,U.S. Senate,,D,Over Votes,0
Clackamas,Precinct 111,U.S. Senate,,D,Over Votes,0
Clackamas,Precinct 112,U.S. Senate,,D,Over Votes,0
Clackamas,Precinct 113,U.S. Senate,,D,Over Votes,0
Clackamas,Precinct 114,U.S. Senate,,D,Over Votes,0
Clackamas,Precinct 115,U.S. Senate,,D,Over Votes,0
Clackamas,Precinct 116,U.S. Senate,,D,Over Votes,0
Clackamas,Precinct 122,U.S. Senate,,D,Over Votes,0
Clackamas,Precinct 123,U.S. Senate,,D,Over Votes,0
Clackamas,Precinct 124,U.S. Senate,,D,Over Votes,0
Clackamas,Precinct 125,U.S. Senate,,D,Over Votes,0
Clackamas,Precinct 127,U.S. Senate,,D,Over Votes,0
Clackamas,Precinct 131,U.S. Senate,,D,Over Votes,0
Clackamas,Precinct 132,U.S. Senate,,D,Over Votes,0
Clackamas,Precinct 133,U.S. Senate,,D,Over Votes,0
Clackamas,Precinct 134,U.S. Senate,,D,Over Votes,0
Clackamas,Precinct 135,U.S. Senate,,D,Over Votes,0
Clackamas,Precinct 151,U.S. Senate,,D,Over Votes,0
Clackamas,Precinct 152,U.S. Senate,,D,Over Votes,0
Clackamas,Precinct 153,U.S. Senate,,D,Over Votes,0
Clackamas,Precinct 154,U.S. Senate,,D,Over Votes,0
Clackamas,Precinct 155,U.S. Senate,,D,Over Votes,0
Clackamas,Precinct 156,U.S. Senate,,D,Over Votes,0
Clackamas,Precinct 157,U.S. Senate,,D,Over Votes,0
Clackamas,Precinct 158,U.S. Senate,,D,Over Votes,0
Clackamas,Precinct 159,U.S. Senate,,D,Over Votes,0
Clackamas,Precinct 160,U.S. Senate,,D,Over Votes,0
Clackamas,Precinct 161,U.S. Senate,,D,Over Votes,0
Clackamas,Precinct 162,U.S. Senate,,D,Over Votes,0
Clackamas,Precinct 201,U.S. Senate,,D,Over Votes,0
Clackamas,Precinct 202,U.S. Senate,,D,Over Votes,0
Clackamas,Precinct 203,U.S. Senate,,D,Over Votes,0
Clackamas,Precinct 204,U.S. Senate,,D,Over Votes,0
Clackamas,Precinct 251,U.S. Senate,,D,Over Votes,0
Clackamas,Precinct 279,U.S. Senate,,D,Over Votes,0
Clackamas,Precinct 280,U.S. Senate,,D,Over Votes,0
Clackamas,Precinct 281,U.S. Senate,,D,Over Votes,0
Clackamas,Precinct 282,U.S. Senate,,D,Over Votes,0
Clackamas,Precinct 283,U.S. Senate,,D,Over Votes,0
Clackamas,Precinct 284,U.S. Senate,,D,Over Votes,0
Clackamas,Precinct 285,U.S. Senate,,D,Over Votes,0
Clackamas,Precinct 286,U.S. Senate,,D,Over Votes,0
Clackamas,Precinct 320,U.S. Senate,,D,Over Votes,0
Clackamas,Precinct 321,U.S. Senate,,D,Over Votes,0
Clackamas,Precinct 322,U.S. Senate,,D,Over Votes,0
Clackamas,Precinct 323,U.S. Senate,,D,Over Votes,0
Clackamas,Precinct 324,U.S. Senate,,D,Over Votes,0
Clackamas,Precinct 330,U.S. Senate,,D,Over Votes,0
Clackamas,Precinct 331,U.S. Senate,,D,Over Votes,0
Clackamas,Precinct 332,U.S. Senate,,D,Over Votes,0
Clackamas,Precinct 350,U.S. Senate,,D,Over Votes,0
Clackamas,Precinct 355,U.S. Senate,,D,Over Votes,0
Clackamas,Precinct 357,U.S. Senate,,D,Over Votes,0
Clackamas,Precinct 358,U.S. Senate,,D,Over Votes,0
Clackamas,Precinct 359,U.S. Senate,,D,Over Votes,0
Clackamas,Precinct 360,U.S. Senate,,D,Over Votes,0
Clackamas,Precinct 361,U.S. Senate,,D,Over Votes,0
Clackamas,Precinct 362,U.S. Senate,,D,Over Votes,0
Clackamas,Precinct 363,U.S. Senate,,D,Over Votes,0
Clackamas,Precinct 364,U.S. Senate,,D,Over Votes,0
Clackamas,Precinct 371,U.S. Senate,,D,Over Votes,0
Clackamas,Precinct 372,U.S. Senate,,D,Over Votes,0
Clackamas,Precinct 373,U.S. Senate,,D,Over Votes,0
Clackamas,Precinct 374,U.S. Senate,,D,Over Votes,0
Clackamas,Precinct 400,U.S. Senate,,D,Over Votes,0
Clackamas,Precinct 403,U.S. Senate,,D,Over Votes,0
Clackamas,Precinct 404,U.S. Senate,,D,Over Votes,0
Clackamas,Precinct 405,U.S. Senate,,D,Over Votes,0
Clackamas,Precinct 406,U.S. Senate,,D,Over Votes,0
Clackamas,Precinct 410,U.S. Senate,,D,Over Votes,0
Clackamas,Precinct 411,U.S. Senate,,D,Over Votes,0
Clackamas,Precinct 412,U.S. Senate,,D,Over Votes,0
Clackamas,Precinct 413,U.S. Senate,,D,Over Votes,0
Clackamas,Precinct 414,U.S. Senate,,D,Over Votes,0
Clackamas,Precinct 415,U.S. Senate,,D,Over Votes,0
Clackamas,Precinct 416,U.S. Senate,,D,Over Votes,0
Clackamas,Precinct 417,U.S. Senate,,D,Over Votes,0
Clackamas,Precinct 418,U.S. Senate,,D,Over Votes,0
Clackamas,Precinct 419,U.S. Senate,,D,Over Votes,0
Clackamas,Precinct 420,U.S. Senate,,D,Over Votes,0
Clackamas,Precinct 421,U.S. Senate,,D,Over Votes,0
Clackamas,Precinct 422,U.S. Senate,,D,Over Votes,0
Clackamas,Precinct 500,U.S. Senate,,D,Over Votes,0
Clackamas,Precinct 501,U.S. Senate,,D,Over Votes,0
Clackamas,Precinct 502,U.S. Senate,,D,Over Votes,0
Clackamas,Precinct 503,U.S. Senate,,D,Over Votes,0
Clackamas,Precinct 504,U.S. Senate,,D,Over Votes,0
Clackamas,Precinct 506,U.S. Senate,,D,Over Votes,0
Clackamas,Precinct 510,U.S. Senate,,D,Over Votes,0
Clackamas,Precinct 511,U.S. Senate,,D,Over Votes,0
Clackamas,Precinct 512,U.S. Senate,,D,Over Votes,0
Clackamas,Precinct 513,U.S. Senate,,D,Over Votes,0
Clackamas,Precinct 514,U.S. Senate,,D,Over Votes,0
Clackamas,Precinct 515,U.S. Senate,,D,Over Votes,0
Clackamas,Precinct 516,U.S. Senate,,D,Over Votes,0
Clackamas,Precinct 517,U.S. Senate,,D,Over Votes,0
Clackamas,Precinct 518,U.S. Senate,,D,Over Votes,0
Clackamas,Precinct 600,U.S. Senate,,D,Over Votes,0
Clackamas,Precinct 602,U.S. Senate,,D,Over Votes,0
Clackamas,Precinct 604,U.S. Senate,,D,Over Votes,0
Clackamas,Precinct 606,U.S. Senate,,D,Over Votes,0
Clackamas,Precinct 608,U.S. Senate,,D,Over Votes,0
Clackamas,Precinct 614,U.S. Senate,,D,Over Votes,0
Clackamas,Precinct 616,U.S. Senate,,D,Over Votes,0
Clackamas,Precinct 618,U.S. Senate,,D,Over Votes,0
Clackamas,Precinct 620,U.S. Senate,,D,Over Votes,0
Clackamas,Precinct 622,U.S. Senate,,D,Over Votes,0
Clackamas,Precinct 626,U.S. Senate,,D,Over Votes,0
Clackamas,Precinct 628,U.S. Senate,,D,Over Votes,0
Clackamas,Precinct 630,U.S. Senate,,D,Over Votes,0
Clackamas,Precinct 100,U.S. Senate,,D,Paul Damian Wells,1
Clackamas,Precinct 101,U.S. Senate,,D,Paul Damian Wells,65
Clackamas,Precinct 102,U.S. Senate,,D,Paul Damian Wells,22
Clackamas,Precinct 103,U.S. Senate,,D,Paul Damian Wells,27
Clackamas,Precinct 104,U.S. Senate,,D,Paul Damian Wells,1
Clackamas,Precinct 105,U.S. Senate,,D,Paul Damian Wells,43
Clackamas,Precinct 106,U.S. Senate,,D,Paul Damian Wells,34
Clackamas,Precinct 107,U.S. Senate,,D,Paul Damian Wells,19
Clackamas,Precinct 108,U.S. Senate,,D,Paul Damian Wells,59
Clackamas,Precinct 109,U.S. Senate,,D,Paul Damian Wells,0
Clackamas,Precinct 111,U.S. Senate,,D,Paul Damian Wells,54
Clackamas,Precinct 112,U.S. Senate,,D,Paul Damian Wells,0
Clackamas,Precinct 113,U.S. Senate,,D,Paul Damian Wells,0
Clackamas,Precinct 114,U.S. Senate,,D,Paul Damian Wells,1
Clackamas,Precinct 115,U.S. Senate,,D,Paul Damian Wells,1
Clackamas,Precinct 116,U.S. Senate,,D,Paul Damian Wells,0
Clackamas,Precinct 122,U.S. Senate,,D,Paul Damian Wells,66
Clackamas,Precinct 123,U.S. Senate,,D,Paul Damian Wells,35
Clackamas,Precinct 124,U.S. Senate,,D,Paul Damian Wells,56
Clackamas,Precinct 125,U.S. Senate,,D,Paul Damian Wells,18
Clackamas,Precinct 127,U.S. Senate,,D,Paul Damian Wells,3
Clackamas,Precinct 131,U.S. Senate,,D,Paul Damian Wells,61
Clackamas,Precinct 132,U.S. Senate,,D,Paul Damian Wells,54
Clackamas,Precinct 133,U.S. Senate,,D,Paul Damian Wells,27
Clackamas,Precinct 134,U.S. Senate,,D,Paul Damian Wells,0
Clackamas,Precinct 135,U.S. Senate,,D,Paul Damian Wells,55
Clackamas,Precinct 151,U.S. Senate,,D,Paul Damian Wells,22
Clackamas,Precinct 152,U.S. Senate,,D,Paul Damian Wells,57
Clackamas,Precinct 153,U.S. Senate,,D,Paul Damian Wells,7
Clackamas,Precinct 154,U.S. Senate,,D,Paul Damian Wells,2
Clackamas,Precinct 155,U.S. Senate,,D,Paul Damian Wells,30
Clackamas,Precinct 156,U.S. Senate,,D,Paul Damian Wells,53
Clackamas,Precinct 157,U.S. Senate,,D,Paul Damian Wells,0
Clackamas,Precinct 158,U.S. Senate,,D,Paul Damian Wells,49
Clackamas,Precinct 159,U.S. Senate,,D,Paul Damian Wells,24
Clackamas,Precinct 160,U.S. Senate,,D,Paul Damian Wells,11
Clackamas,Precinct 161,U.S. Senate,,D,Paul Damian Wells,7
Clackamas,Precinct 162,U.S. Senate,,D,Paul Damian Wells,10
Clackamas,Precinct 201,U.S. Senate,,D,Paul Damian Wells,39
Clackamas,Precinct 202,U.S. Senate,,D,Paul Damian Wells,58
Clackamas,Precinct 203,U.S. Senate,,D,Paul Damian Wells,26
Clackamas,Precinct 204,U.S. Senate,,D,Paul Damian Wells,20
Clackamas,Precinct 251,U.S. Senate,,D,Paul Damian Wells,19
Clackamas,Precinct 279,U.S. Senate,,D,Paul Damian Wells,3
Clackamas,Precinct 280,U.S. Senate,,D,Paul Damian Wells,6
Clackamas,Precinct 281,U.S. Senate,,D,Paul Damian Wells,14
Clackamas,Precinct 282,U.S. Senate,,D,Paul Damian Wells,8
Clackamas,Precinct 283,U.S. Senate,,D,Paul Damian Wells,2
Clackamas,Precinct 284,U.S. Senate,,D,Paul Damian Wells,3
Clackamas,Precinct 285,U.S. Senate,,D,Paul Damian Wells,0
Clackamas,Precinct 286,U.S. Senate,,D,Paul Damian Wells,3
Clackamas,Precinct 320,U.S. Senate,,D,Paul Damian Wells,0
Clackamas,Precinct 321,U.S. Senate,,D,Paul Damian Wells,25
Clackamas,Precinct 322,U.S. Senate,,D,Paul Damian Wells,9
Clackamas,Precinct 323,U.S. Senate,,D,Paul Damian Wells,16
Clackamas,Precinct 324,U.S. Senate,,D,Paul Damian Wells,0
Clackamas,Precinct 330,U.S. Senate,,D,Paul Damian Wells,66
Clackamas,Precinct 331,U.S. Senate,,D,Paul Damian Wells,35
Clackamas,Precinct 332,U.S. Senate,,D,Paul Damian Wells,13
Clackamas,Precinct 350,U.S. Senate,,D,Paul Damian Wells,46
Clackamas,Precinct 355,U.S. Senate,,D,Paul Damian Wells,0
Clackamas,Precinct 357,U.S. Senate,,D,Paul Damian Wells,3
Clackamas,Precinct 358,U.S. Senate,,D,Paul Damian Wells,7
Clackamas,Precinct 359,U.S. Senate,,D,Paul Damian Wells,37
Clackamas,Precinct 360,U.S. Senate,,D,Paul Damian Wells,15
Clackamas,Precinct 361,U.S. Senate,,D,Paul Damian Wells,0
Clackamas,Precinct 362,U.S. Senate,,D,Paul Damian Wells,13
Clackamas,Precinct 363,U.S. Senate,,D,Paul Damian Wells,30
Clackamas,Precinct 364,U.S. Senate,,D,Paul Damian Wells,11
Clackamas,Precinct 371,U.S. Senate,,D,Paul Damian Wells,2
Clackamas,Precinct 372,U.S. Senate,,D,Paul Damian Wells,0
Clackamas,Precinct 373,U.S. Senate,,D,Paul Damian Wells,69
Clackamas,Precinct 374,U.S. Senate,,D,Paul Damian Wells,0
Clackamas,Precinct 400,U.S. Senate,,D,Paul Damian Wells,56
Clackamas,Precinct 403,U.S. Senate,,D,Paul Damian Wells,30
Clackamas,Precinct 404,U.S. Senate,,D,Paul Damian Wells,53
Clackamas,Precinct 405,U.S. Senate,,D,Paul Damian Wells,33
Clackamas,Precinct 406,U.S. Senate,,D,Paul Damian Wells,14
Clackamas,Precinct 410,U.S. Senate,,D,Paul Damian Wells,46
Clackamas,Precinct 411,U.S. Senate,,D,Paul Damian Wells,58
Clackamas,Precinct 412,U.S. Senate,,D,Paul Damian Wells,18
Clackamas,Precinct 413,U.S. Senate,,D,Paul Damian Wells,1
Clackamas,Precinct 414,U.S. Senate,,D,Paul Damian Wells,9
Clackamas,Precinct 415,U.S. Senate,,D,Paul Damian Wells,9
Clackamas,Precinct 416,U.S. Senate,,D,Paul Damian Wells,25
Clackamas,Precinct 417,U.S. Senate,,D,Paul Damian Wells,17
Clackamas,Precinct 418,U.S. Senate,,D,Paul Damian Wells,22
Clackamas,Precinct 419,U.S. Senate,,D,Paul Damian Wells,31
Clackamas,Precinct 420,U.S. Senate,,D,Paul Damian Wells,26
Clackamas,Precinct 421,U.S. Senate,,D,Paul Damian Wells,33
Clackamas,Precinct 422,U.S. Senate,,D,Paul Damian Wells,66
Clackamas,Precinct 500,U.S. Senate,,D,Paul Damian Wells,18
Clackamas,Precinct 501,U.S. Senate,,D,Paul Damian Wells,74
Clackamas,Precinct 502,U.S. Senate,,D,Paul Damian Wells,61
Clackamas,Precinct 503,U.S. Senate,,D,Paul Damian Wells,77
Clackamas,Precinct 504,U.S. Senate,,D,Paul Damian Wells,101
Clackamas,Precinct 506,U.S. Senate,,D,Paul Damian Wells,51
Clackamas,Precinct 510,U.S. Senate,,D,Paul Damian Wells,20
Clackamas,Precinct 511,U.S. Senate,,D,Paul Damian Wells,26
Clackamas,Precinct 512,U.S. Senate,,D,Paul Damian Wells,40
Clackamas,Precinct 513,U.S. Senate,,D,Paul Damian Wells,2
Clackamas,Precinct 514,U.S. Senate,,D,Paul Damian Wells,80
Clackamas,Precinct 515,U.S. Senate,,D,Paul Damian Wells,20
Clackamas,Precinct 516,U.S. Senate,,D,Paul Damian Wells,28
Clackamas,Precinct 517,U.S. Senate,,D,Paul Damian Wells,26
Clackamas,Precinct 518,U.S. Senate,,D,Paul Damian Wells,28
Clackamas,Precinct 600,U.S. Senate,,D,Paul Damian Wells,74
Clackamas,Precinct 602,U.S. Senate,,D,Paul Damian Wells,71
Clackamas,Precinct 604,U.S. Senate,,D,Paul Damian Wells,94
Clackamas,Precinct 606,U.S. Senate,,D,Paul Damian Wells,35
Clackamas,Precinct 608,U.S. Senate,,D,Paul Damian Wells,31
Clackamas,Precinct 614,U.S. Senate,,D,Paul Damian Wells,35
Clackamas,Precinct 616,U.S. Senate,,D,Paul Damian Wells,57
Clackamas,Precinct 618,U.S. Senate,,D,Paul Damian Wells,7
Clackamas,Precinct 620,U.S. Senate,,D,Paul Damian Wells,4
Clackamas,Precinct 622,U.S. Senate,,D,Paul Damian Wells,46
Clackamas,Precinct 626,U.S. Senate,,D,Paul Damian Wells,68
Clackamas,Precinct 628,U.S. Senate,,D,Paul Damian Wells,18
Clackamas,Precinct 630,U.S. Senate,,D,Paul Damian Wells,101
Clackamas,Precinct 100,U.S. Senate,,D,Under Votes,1
Clackamas,Precinct 101,U.S. Senate,,D,Under Votes,53
Clackamas,Precinct 102,U.S. Senate,,D,Under Votes,11
Clackamas,Precinct 103,U.S. Senate,,D,Under Votes,32
Clackamas,Precinct 104,U.S. Senate,,D,Under Votes,0
Clackamas,Precinct 105,U.S. Senate,,D,Under Votes,41
Clackamas,Precinct 106,U.S. Senate,,D,Under Votes,22
Clackamas,Precinct 107,U.S. Senate,,D,Under Votes,15
Clackamas,Precinct 108,U.S. Senate,,D,Under Votes,40
Clackamas,Precinct 109,U.S. Senate,,D,Under Votes,0
Clackamas,Precinct 111,U.S. Senate,,D,Under Votes,39
Clackamas,Precinct 112,U.S. Senate,,D,Under Votes,0
Clackamas,Precinct 113,U.S. Senate,,D,Under Votes,0
Clackamas,Precinct 114,U.S. Senate,,D,Under Votes,1
Clackamas,Precinct 115,U.S. Senate,,D,Under Votes,4
Clackamas,Precinct 116,U.S. Senate,,D,Under Votes,0
Clackamas,Precinct 122,U.S. Senate,,D,Under Votes,71
Clackamas,Precinct 123,U.S. Senate,,D,Under Votes,35
Clackamas,Precinct 124,U.S. Senate,,D,Under Votes,50
Clackamas,Precinct 125,U.S. Senate,,D,Under Votes,28
Clackamas,Precinct 127,U.S. Senate,,D,Under Votes,0
Clackamas,Precinct 131,U.S. Senate,,D,Under Votes,30
Clackamas,Precinct 132,U.S. Senate,,D,Under Votes,30
Clackamas,Precinct 133,U.S. Senate,,D,Under Votes,22
Clackamas,Precinct 134,U.S. Senate,,D,Under Votes,0
Clackamas,Precinct 135,U.S. Senate,,D,Under Votes,54
Clackamas,Precinct 151,U.S. Senate,,D,Under Votes,22
Clackamas,Precinct 152,U.S. Senate,,D,Under Votes,67
Clackamas,Precinct 153,U.S. Senate,,D,Under Votes,7
Clackamas,Precinct 154,U.S. Senate,,D,Under Votes,1
Clackamas,Precinct 155,U.S. Senate,,D,Under Votes,23
Clackamas,Precinct 156,U.S. Senate,,D,Under Votes,58
Clackamas,Precinct 157,U.S. Senate,,D,Under Votes,1
Clackamas,Precinct 158,U.S. Senate,,D,Under Votes,24
Clackamas,Precinct 159,U.S. Senate,,D,Under Votes,23
Clackamas,Precinct 160,U.S. Senate,,D,Under Votes,25
Clackamas,Precinct 161,U.S. Senate,,D,Under Votes,3
Clackamas,Precinct 162,U.S. Senate,,D,Under Votes,11
Clackamas,Precinct 201,U.S. Senate,,D,Under Votes,40
Clackamas,Precinct 202,U.S. Senate,,D,Under Votes,47
Clackamas,Precinct 203,U.S. Senate,,D,Under Votes,31
Clackamas,Precinct 204,U.S. Senate,,D,Under Votes,28
Clackamas,Precinct 251,U.S. Senate,,D,Under Votes,21
Clackamas,Precinct 279,U.S. Senate,,D,Under Votes,0
Clackamas,Precinct 280,U.S. Senate,,D,Under Votes,4
Clackamas,Precinct 281,U.S. Senate,,D,Under Votes,14
Clackamas,Precinct 282,U.S. Senate,,D,Under Votes,3
Clackamas,Precinct 283,U.S. Senate,,D,Under Votes,7
Clackamas,Precinct 284,U.S. Senate,,D,Under Votes,12
Clackamas,Precinct 285,U.S. Senate,,D,Under Votes,1
Clackamas,Precinct 286,U.S. Senate,,D,Under Votes,0
Clackamas,Precinct 320,U.S. Senate,,D,Under Votes,3
Clackamas,Precinct 321,U.S. Senate,,D,Under Votes,20
Clackamas,Precinct 322,U.S. Senate,,D,Under Votes,12
Clackamas,Precinct 323,U.S. Senate,,D,Under Votes,11
Clackamas,Precinct 324,U.S. Senate,,D,Under Votes,0
Clackamas,Precinct 330,U.S. Senate,,D,Under Votes,26
Clackamas,Precinct 331,U.S. Senate,,D,Under Votes,26
Clackamas,Precinct 332,U.S. Senate,,D,Under Votes,7
Clackamas,Precinct 350,U.S. Senate,,D,Under Votes,33
Clackamas,Precinct 355,U.S. Senate,,D,Under Votes,0
Clackamas,Precinct 357,U.S. Senate,,D,Under Votes,1
Clackamas,Precinct 358,U.S. Senate,,D,Under Votes,4
Clackamas,Precinct 359,U.S. Senate,,D,Under Votes,31
Clackamas,Precinct 360,U.S. Senate,,D,Under Votes,9
Clackamas,Precinct 361,U.S. Senate,,D,Under Votes,0
Clackamas,Precinct 362,U.S. Senate,,D,Under Votes,8
Clackamas,Precinct 363,U.S. Senate,,D,Under Votes,27
Clackamas,Precinct 364,U.S. Senate,,D,Under Votes,5
Clackamas,Precinct 371,U.S. Senate,,D,Under Votes,5
Clackamas,Precinct 372,U.S. Senate,,D,Under Votes,0
Clackamas,Precinct 373,U.S. Senate,,D,Under Votes,35
Clackamas,Precinct 374,U.S. Senate,,D,Under Votes,0
Clackamas,Precinct 400,U.S. Senate,,D,Under Votes,44
Clackamas,Precinct 403,U.S. Senate,,D,Under Votes,14
Clackamas,Precinct 404,U.S. Senate,,D,Under Votes,65
Clackamas,Precinct 405,U.S. Senate,,D,Under Votes,30
Clackamas,Precinct 406,U.S. Senate,,D,Under Votes,7
Clackamas,Precinct 410,U.S. Senate,,D,Under Votes,25
Clackamas,Precinct 411,U.S. Senate,,D,Under Votes,28
Clackamas,Precinct 412,U.S. Senate,,D,Under Votes,22
Clackamas,Precinct 413,U.S. Senate,,D,Under Votes,4
Clackamas,Precinct 414,U.S. Senate,,D,Under Votes,5
Clackamas,Precinct 415,U.S. Senate,,D,Under Votes,1
Clackamas,Precinct 416,U.S. Senate,,D,Under Votes,14
Clackamas,Precinct 417,U.S. Senate,,D,Under Votes,12
Clackamas,Precinct 418,U.S. Senate,,D,Under Votes,14
Clackamas,Precinct 419,U.S. Senate,,D,Under Votes,14
Clackamas,Precinct 420,U.S. Senate,,D,Under Votes,23
Clackamas,Precinct 421,U.S. Senate,,D,Under Votes,20
Clackamas,Precinct 422,U.S. Senate,,D,Under Votes,45
Clackamas,Precinct 500,U.S. Senate,,D,Under Votes,9
Clackamas,Precinct 501,U.S. Senate,,D,Under Votes,26
Clackamas,Precinct 502,U.S. Senate,,D,Under Votes,48
Clackamas,Precinct 503,U.S. Senate,,D,Under Votes,38
Clackamas,Precinct 504,U.S. Senate,,D,Under Votes,40
Clackamas,Precinct 506,U.S. Senate,,D,Under Votes,32
Clackamas,Precinct 510,U.S. Senate,,D,Under Votes,11
Clackamas,Precinct 511,U.S. Senate,,D,Under Votes,29
Clackamas,Precinct 512,U.S. Senate,,D,Under Votes,14
Clackamas,Precinct 513,U.S. Senate,,D,Under Votes,1
Clackamas,Precinct 514,U.S. Senate,,D,Under Votes,66
Clackamas,Precinct 515,U.S. Senate,,D,Under Votes,19
Clackamas,Precinct 516,U.S. Senate,,D,Under Votes,22
Clackamas,Precinct 517,U.S. Senate,,D,Under Votes,24
Clackamas,Precinct 518,U.S. Senate,,D,Under Votes,19
Clackamas,Precinct 600,U.S. Senate,,D,Under Votes,57
Clackamas,Precinct 602,U.S. Senate,,D,Under Votes,41
Clackamas,Precinct 604,U.S. Senate,,D,Under Votes,63
Clackamas,Precinct 606,U.S. Senate,,D,Under Votes,21
Clackamas,Precinct 608,U.S. Senate,,D,Under Votes,19
Clackamas,Precinct 614,U.S. Senate,,D,Under Votes,25
Clackamas,Precinct 616,U.S. Senate,,D,Under Votes,51
Clackamas,Precinct 618,U.S. Senate,,D,Under Votes,5
Clackamas,Precinct 620,U.S. Senate,,D,Under Votes,2
Clackamas,Precinct 622,U.S. Senate,,D,Under Votes,25
Clackamas,Precinct 626,U.S. Senate,,D,Under Votes,21
Clackamas,Precinct 628,U.S. Senate,,D,Under Votes,10
Clackamas,Precinct 630,U.S. Senate,,D,Under Votes,47
Clackamas,Precinct 100,U.S. Senate,,D,Write-ins,0
Clackamas,Precinct 101,U.S. Senate,,D,Write-ins,5
Clackamas,Precinct 102,U.S. Senate,,D,Write-ins,3
Clackamas,Precinct 103,U.S. Senate,,D,Write-ins,4
Clackamas,Precinct 104,U.S. Senate,,D,Write-ins,0
Clackamas,Precinct 105,U.S. Senate,,D,Write-ins,3
Clackamas,Precinct 106,U.S. Senate,,D,Write-ins,6
Clackamas,Precinct 107,U.S. Senate,,D,Write-ins,3
Clackamas,Precinct 108,U.S. Senate,,D,Write-ins,7
Clackamas,Precinct 109,U.S. Senate,,D,Write-ins,0
Clackamas,Precinct 111,U.S. Senate,,D,Write-ins,8
Clackamas,Precinct 112,U.S. Senate,,D,Write-ins,0
Clackamas,Precinct 113,U.S. Senate,,D,Write-ins,0
Clackamas,Precinct 114,U.S. Senate,,D,Write-ins,0
Clackamas,Precinct 115,U.S. Senate,,D,Write-ins,0
Clackamas,Precinct 116,U.S. Senate,,D,Write-ins,0
Clackamas,Precinct 122,U.S. Senate,,D,Write-ins,6
Clackamas,Precinct 123,U.S. Senate,,D,Write-ins,4
Clackamas,Precinct 124,U.S. Senate,,D,Write-ins,7
Clackamas,Precinct 125,U.S. Senate,,D,Write-ins,0
Clackamas,Precinct 127,U.S. Senate,,D,Write-ins,0
Clackamas,Precinct 131,U.S. Senate,,D,Write-ins,4
Clackamas,Precinct 132,U.S. Senate,,D,Write-ins,2
Clackamas,Precinct 133,U.S. Senate,,D,Write-ins,3
Clackamas,Precinct 134,U.S. Senate,,D,Write-ins,0
Clackamas,Precinct 135,U.S. Senate,,D,Write-ins,1
Clackamas,Precinct 151,U.S. Senate,,D,Write-ins,1
Clackamas,Precinct 152,U.S. Senate,,D,Write-ins,0
Clackamas,Precinct 153,U.S. Senate,,D,Write-ins,0
Clackamas,Precinct 154,U.S. Senate,,D,Write-ins,0
Clackamas,Precinct 155,U.S. Senate,,D,Write-ins,2
Clackamas,Precinct 156,U.S. Senate,,D,Write-ins,1
Clackamas,Precinct 157,U.S. Senate,,D,Write-ins,0
Clackamas,Precinct 158,U.S. Senate,,D,Write-ins,1
Clackamas,Precinct 159,U.S. Senate,,D,Write-ins,1
Clackamas,Precinct 160,U.S. Senate,,D,Write-ins,0
Clackamas,Precinct 161,U.S. Senate,,D,Write-ins,0
Clackamas,Precinct 162,U.S. Senate,,D,Write-ins,1
Clackamas,Precinct 201,U.S. Senate,,D,Write-ins,7
Clackamas,Precinct 202,U.S. Senate,,D,Write-ins,3
Clackamas,Precinct 203,U.S. Senate,,D,Write-ins,0
Clackamas,Precinct 204,U.S. Senate,,D,Write-ins,1
Clackamas,Precinct 251,U.S. Senate,,D,Write-ins,1
Clackamas,Precinct 279,U.S. Senate,,D,Write-ins,0
Clackamas,Precinct 280,U.S. Senate,,D,Write-ins,1
Clackamas,Precinct 281,U.S. Senate,,D,Write-ins,1
Clackamas,Precinct 282,U.S. Senate,,D,Write-ins,0
Clackamas,Precinct 283,U.S. Senate,,D,Write-ins,0
Clackamas,Precinct 284,U.S. Senate,,D,Write-ins,0
Clackamas,Precinct 285,U.S. Senate,,D,Write-ins,0
Clackamas,Precinct 286,U.S. Senate,,D,Write-ins,0
Clackamas,Precinct 320,U.S. Senate,,D,Write-ins,1
Clackamas,Precinct 321,U.S. Senate,,D,Write-ins,5
Clackamas,Precinct 322,U.S. Senate,,D,Write-ins,0
Clackamas,Precinct 323,U.S. Senate,,D,Write-ins,1
Clackamas,Precinct 324,U.S. Senate,,D,Write-ins,0
Clackamas,Precinct 330,U.S. Senate,,D,Write-ins,3
Clackamas,Precinct 331,U.S. Senate,,D,Write-ins,1
Clackamas,Precinct 332,U.S. Senate,,D,Write-ins,0
Clackamas,Precinct 350,U.S. Senate,,D,Write-ins,5
Clackamas,Precinct 355,U.S. Senate,,D,Write-ins,0
Clackamas,Precinct 357,U.S. Senate,,D,Write-ins,2
Clackamas,Precinct 358,U.S. Senate,,D,Write-ins,1
Clackamas,Precinct 359,U.S. Senate,,D,Write-ins,2
Clackamas,Precinct 360,U.S. Senate,,D,Write-ins,1
Clackamas,Precinct 361,U.S. Senate,,D,Write-ins,0
Clackamas,Precinct 362,U.S. Senate,,D,Write-ins,4
Clackamas,Precinct 363,U.S. Senate,,D,Write-ins,0
Clackamas,Precinct 364,U.S. Senate,,D,Write-ins,0
Clackamas,Precinct 371,U.S. Senate,,D,Write-ins,0
Clackamas,Precinct 372,U.S. Senate,,D,Write-ins,0
Clackamas,Precinct 373,U.S. Senate,,D,Write-ins,5
Clackamas,Precinct 374,U.S. Senate,,D,Write-ins,0
Clackamas,Precinct 400,U.S. Senate,,D,Write-ins,11
Clackamas,Precinct 403,U.S. Senate,,D,Write-ins,4
Clackamas,Precinct 404,U.S. Senate,,D,Write-ins,11
Clackamas,Precinct 405,U.S. Senate,,D,Write-ins,6
Clackamas,Precinct 406,U.S. Senate,,D,Write-ins,0
Clackamas,Precinct 410,U.S. Senate,,D,Write-ins,2
Clackamas,Precinct 411,U.S. Senate,,D,Write-ins,4
Clackamas,Precinct 412,U.S. Senate,,D,Write-ins,5
Clackamas,Precinct 413,U.S. Senate,,D,Write-ins,0
Clackamas,Precinct 414,U.S. Senate,,D,Write-ins,1
Clackamas,Precinct 415,U.S. Senate,,D,Write-ins,0
Clackamas,Precinct 416,U.S. Senate,,D,Write-ins,2
Clackamas,Precinct 417,U.S. Senate,,D,Write-ins,3
Clackamas,Precinct 418,U.S. Senate,,D,Write-ins,2
Clackamas,Precinct 419,U.S. Senate,,D,Write-ins,0
Clackamas,Precinct 420,U.S. Senate,,D,Write-ins,0
Clackamas,Precinct 421,U.S. Senate,,D,Write-ins,3
Clackamas,Precinct 422,U.S. Senate,,D,Write-ins,7
Clackamas,Precinct 500,U.S. Senate,,D,Write-ins,0
Clackamas,Precinct 501,U.S. Senate,,D,Write-ins,1
Clackamas,Precinct 502,U.S. Senate,,D,Write-ins,5
Clackamas,Precinct 503,U.S. Senate,,D,Write-ins,2
Clackamas,Precinct 504,U.S. Senate,,D,Write-ins,6
Clackamas,Precinct 506,U.S. Senate,,D,Write-ins,2
Clackamas,Precinct 510,U.S. Senate,,D,Write-ins,2
Clackamas,Precinct 511,U.S. Senate,,D,Write-ins,1
Clackamas,Precinct 512,U.S. Senate,,D,Write-ins,9
Clackamas,Precinct 513,U.S. Senate,,D,Write-ins,0
Clackamas,Precinct 514,U.S. Senate,,D,Write-ins,7
Clackamas,Precinct 515,U.S. Senate,,D,Write-ins,2
Clackamas,Precinct 516,U.S. Senate,,D,Write-ins,2
Clackamas,Precinct 517,U.S. Senate,,D,Write-ins,7
Clackamas,Precinct 518,U.S. Senate,,D,Write-ins,3
Clackamas,Precinct 600,U.S. Senate,,D,Write-ins,7
Clackamas,Precinct 602,U.S. Senate,,D,Write-ins,5
Clackamas,Precinct 604,U.S. Senate,,D,Write-ins,5
Clackamas,Precinct 606,U.S. Senate,,D,Write-ins,2
Clackamas,Precinct 608,U.S. Senate,,D,Write-ins,6
Clackamas,Precinct 614,U.S. Senate,,D,Write-ins,8
Clackamas,Precinct 616,U.S. Senate,,D,Write-ins,1
Clackamas,Precinct 618,U.S. Senate,,D,Write-ins,0
Clackamas,Precinct 620,U.S. Senate,,D,Write-ins,1
Clackamas,Precinct 622,U.S. Senate,,D,Write-ins,3
Clackamas,Precinct 626,U.S. Senate,,D,Write-ins,3
Clackamas,Precinct 628,U.S. Senate,,D,Write-ins,2
Clackamas,Precinct 630,U.S. Senate,,D,Write-ins,8
Clackamas,Precinct 100,U.S. Senate,,R,Brent Barker,1
Clackamas,Precinct 101,U.S. Senate,,R,Brent Barker,189
Clackamas,Precinct 102,U.S. Senate,,R,Brent Barker,59
Clackamas,Precinct 103,U.S. Senate,,R,Brent Barker,123
Clackamas,Precinct 104,U.S. Senate,,R,Brent Barker,2
Clackamas,Precinct 105,U.S. Senate,,R,Brent Barker,184
Clackamas,Precinct 106,U.S. Senate,,R,Brent Barker,201
Clackamas,Precinct 107,U.S. Senate,,R,Brent Barker,135
Clackamas,Precinct 108,U.S. Senate,,R,Brent Barker,246
Clackamas,Precinct 109,U.S. Senate,,R,Brent Barker,0
Clackamas,Precinct 111,U.S. Senate,,R,Brent Barker,333
Clackamas,Precinct 112,U.S. Senate,,R,Brent Barker,0
Clackamas,Precinct 113,U.S. Senate,,R,Brent Barker,0
Clackamas,Precinct 114,U.S. Senate,,R,Brent Barker,7
Clackamas,Precinct 115,U.S. Senate,,R,Brent Barker,12
Clackamas,Precinct 116,U.S. Senate,,R,Brent Barker,0
Clackamas,Precinct 122,U.S. Senate,,R,Brent Barker,172
Clackamas,Precinct 123,U.S. Senate,,R,Brent Barker,130
Clackamas,Precinct 124,U.S. Senate,,R,Brent Barker,233
Clackamas,Precinct 125,U.S. Senate,,R,Brent Barker,68
Clackamas,Precinct 127,U.S. Senate,,R,Brent Barker,6
Clackamas,Precinct 131,U.S. Senate,,R,Brent Barker,216
Clackamas,Precinct 132,U.S. Senate,,R,Brent Barker,152
Clackamas,Precinct 133,U.S. Senate,,R,Brent Barker,51
Clackamas,Precinct 134,U.S. Senate,,R,Brent Barker,0
Clackamas,Precinct 135,U.S. Senate,,R,Brent Barker,188
Clackamas,Precinct 151,U.S. Senate,,R,Brent Barker,88
Clackamas,Precinct 152,U.S. Senate,,R,Brent Barker,233
Clackamas,Precinct 153,U.S. Senate,,R,Brent Barker,22
Clackamas,Precinct 154,U.S. Senate,,R,Brent Barker,3
Clackamas,Precinct 155,U.S. Senate,,R,Brent Barker,73
Clackamas,Precinct 156,U.S. Senate,,R,Brent Barker,128
Clackamas,Precinct 157,U.S. Senate,,R,Brent Barker,4
Clackamas,Precinct 158,U.S. Senate,,R,Brent Barker,92
Clackamas,Precinct 159,U.S. Senate,,R,Brent Barker,88
Clackamas,Precinct 160,U.S. Senate,,R,Brent Barker,52
Clackamas,Precinct 161,U.S. Senate,,R,Brent Barker,24
Clackamas,Precinct 162,U.S. Senate,,R,Brent Barker,25
Clackamas,Precinct 201,U.S. Senate,,R,Brent Barker,128
Clackamas,Precinct 202,U.S. Senate,,R,Brent Barker,189
Clackamas,Precinct 203,U.S. Senate,,R,Brent Barker,163
Clackamas,Precinct 204,U.S. Senate,,R,Brent Barker,106
Clackamas,Precinct 251,U.S. Senate,,R,Brent Barker,88
Clackamas,Precinct 279,U.S. Senate,,R,Brent Barker,0
Clackamas,Precinct 280,U.S. Senate,,R,Brent Barker,8
Clackamas,Precinct 281,U.S. Senate,,R,Brent Barker,23
Clackamas,Precinct 282,U.S. Senate,,R,Brent Barker,6
Clackamas,Precinct 283,U.S. Senate,,R,Brent Barker,20
Clackamas,Precinct 284,U.S. Senate,,R,Brent Barker,6
Clackamas,Precinct 285,U.S. Senate,,R,Brent Barker,0
Clackamas,Precinct 286,U.S. Senate,,R,Brent Barker,6
Clackamas,Precinct 320,U.S. Senate,,R,Brent Barker,4
Clackamas,Precinct 321,U.S. Senate,,R,Brent Barker,154
Clackamas,Precinct 322,U.S. Senate,,R,Brent Barker,88
Clackamas,Precinct 323,U.S. Senate,,R,Brent Barker,105
Clackamas,Precinct 324,U.S. Senate,,R,Brent Barker,0
Clackamas,Precinct 330,U.S. Senate,,R,Brent Barker,276
Clackamas,Precinct 331,U.S. Senate,,R,Brent Barker,134
Clackamas,Precinct 332,U.S. Senate,,R,Brent Barker,34
Clackamas,Precinct 350,U.S. Senate,,R,Brent Barker,233
Clackamas,Precinct 355,U.S. Senate,,R,Brent Barker,0
Clackamas,Precinct 357,U.S. Senate,,R,Brent Barker,19
Clackamas,Precinct 358,U.S. Senate,,R,Brent Barker,16
Clackamas,Precinct 359,U.S. Senate,,R,Brent Barker,191
Clackamas,Precinct 360,U.S. Senate,,R,Brent Barker,98
Clackamas,Precinct 361,U.S. Senate,,R,Brent Barker,0
Clackamas,Precinct 362,U.S. Senate,,R,Brent Barker,50
Clackamas,Precinct 363,U.S. Senate,,R,Brent Barker,137
Clackamas,Precinct 364,U.S. Senate,,R,Brent Barker,27
Clackamas,Precinct 371,U.S. Senate,,R,Brent Barker,12
Clackamas,Precinct 372,U.S. Senate,,R,Brent Barker,1
Clackamas,Precinct 373,U.S. Senate,,R,Brent Barker,142
Clackamas,Precinct 374,U.S. Senate,,R,Brent Barker,0
Clackamas,Precinct 400,U.S. Senate,,R,Brent Barker,284
Clackamas,Precinct 403,U.S. Senate,,R,Brent Barker,71
Clackamas,Precinct 404,U.S. Senate,,R,Brent Barker,252
Clackamas,Precinct 405,U.S. Senate,,R,Brent Barker,167
Clackamas,Precinct 406,U.S. Senate,,R,Brent Barker,71
Clackamas,Precinct 410,U.S. Senate,,R,Brent Barker,120
Clackamas,Precinct 411,U.S. Senate,,R,Brent Barker,157
Clackamas,Precinct 412,U.S. Senate,,R,Brent Barker,89
Clackamas,Precinct 413,U.S. Senate,,R,Brent Barker,3
Clackamas,Precinct 414,U.S. Senate,,R,Brent Barker,43
Clackamas,Precinct 415,U.S. Senate,,R,Brent Barker,20
Clackamas,Precinct 416,U.S. Senate,,R,Brent Barker,69
Clackamas,Precinct 417,U.S. Senate,,R,Brent Barker,67
Clackamas,Precinct 418,U.S. Senate,,R,Brent Barker,75
Clackamas,Precinct 419,U.S. Senate,,R,Brent Barker,69
Clackamas,Precinct 420,U.S. Senate,,R,Brent Barker,50
Clackamas,Precinct 421,U.S. Senate,,R,Brent Barker,56
Clackamas,Precinct 422,U.S. Senate,,R,Brent Barker,111
Clackamas,Precinct 500,U.S. Senate,,R,Brent Barker,24
Clackamas,Precinct 501,U.S. Senate,,R,Brent Barker,95
Clackamas,Precinct 502,U.S. Senate,,R,Brent Barker,132
Clackamas,Precinct 503,U.S. Senate,,R,Brent Barker,142
Clackamas,Precinct 504,U.S. Senate,,R,Brent Barker,197
Clackamas,Precinct 506,U.S. Senate,,R,Brent Barker,136
Clackamas,Precinct 510,U.S. Senate,,R,Brent Barker,62
Clackamas,Precinct 511,U.S. Senate,,R,Brent Barker,157
Clackamas,Precinct 512,U.S. Senate,,R,Brent Barker,121
Clackamas,Precinct 513,U.S. Senate,,R,Brent Barker,10
Clackamas,Precinct 514,U.S. Senate,,R,Brent Barker,372
Clackamas,Precinct 515,U.S. Senate,,R,Brent Barker,106
Clackamas,Precinct 516,U.S. Senate,,R,Brent Barker,126
Clackamas,Precinct 517,U.S. Senate,,R,Brent Barker,154
Clackamas,Precinct 518,U.S. Senate,,R,Brent Barker,170
Clackamas,Precinct 600,U.S. Senate,,R,Brent Barker,155
Clackamas,Precinct 602,U.S. Senate,,R,Brent Barker,168
Clackamas,Precinct 604,U.S. Senate,,R,Brent Barker,364
Clackamas,Precinct 606,U.S. Senate,,R,Brent Barker,79
Clackamas,Precinct 608,U.S. Senate,,R,Brent Barker,112
Clackamas,Precinct 614,U.S. Senate,,R,Brent Barker,90
Clackamas,Precinct 616,U.S. Senate,,R,Brent Barker,140
Clackamas,Precinct 618,U.S. Senate,,R,Brent Barker,24
Clackamas,Precinct 620,U.S. Senate,,R,Brent Barker,14
Clackamas,Precinct 622,U.S. Senate,,R,Brent Barker,46
Clackamas,Precinct 626,U.S. Senate,,R,Brent Barker,89
Clackamas,Precinct 628,U.S. Senate,,R,Brent Barker,34
Clackamas,Precinct 630,U.S. Senate,,R,Brent Barker,115
Clackamas,Precinct 100,U.S. Senate,,R,David A. Burch,0
Clackamas,Precinct 101,U.S. Senate,,R,David A. Burch,9
Clackamas,Precinct 102,U.S. Senate,,R,David A. Burch,6
Clackamas,Precinct 103,U.S. Senate,,R,David A. Burch,10
Clackamas,Precinct 104,U.S. Senate,,R,David A. Burch,0
Clackamas,Precinct 105,U.S. Senate,,R,David A. Burch,12
Clackamas,Precinct 106,U.S. Senate,,R,David A. Burch,20
Clackamas,Precinct 107,U.S. Senate,,R,David A. Burch,12
Clackamas,Precinct 108,U.S. Senate,,R,David A. Burch,24
Clackamas,Precinct 109,U.S. Senate,,R,David A. Burch,0
Clackamas,Precinct 111,U.S. Senate,,R,David A. Burch,33
Clackamas,Precinct 112,U.S. Senate,,R,David A. Burch,0
Clackamas,Precinct 113,U.S. Senate,,R,David A. Burch,0
Clackamas,Precinct 114,U.S. Senate,,R,David A. Burch,0
Clackamas,Precinct 115,U.S. Senate,,R,David A. Burch,0
Clackamas,Precinct 116,U.S. Senate,,R,David A. Burch,0
Clackamas,Precinct 122,U.S. Senate,,R,David A. Burch,20
Clackamas,Precinct 123,U.S. Senate,,R,David A. Burch,15
Clackamas,Precinct 124,U.S. Senate,,R,David A. Burch,33
Clackamas,Precinct 125,U.S. Senate,,R,David A. Burch,11
Clackamas,Precinct 127,U.S. Senate,,R,David A. Burch,2
Clackamas,Precinct 131,U.S. Senate,,R,David A. Burch,15
Clackamas,Precinct 132,U.S. Senate,,R,David A. Burch,8
Clackamas,Precinct 133,U.S. Senate,,R,David A. Burch,1
Clackamas,Precinct 134,U.S. Senate,,R,David A. Burch,0
Clackamas,Precinct 135,U.S. Senate,,R,David A. Burch,15
Clackamas,Precinct 151,U.S. Senate,,R,David A. Burch,6
Clackamas,Precinct 152,U.S. Senate,,R,David A. Burch,18
Clackamas,Precinct 153,U.S. Senate,,R,David A. Burch,0
Clackamas,Precinct 154,U.S. Senate,,R,David A. Burch,0
Clackamas,Precinct 155,U.S. Senate,,R,David A. Burch,10
Clackamas,Precinct 156,U.S. Senate,,R,David A. Burch,13
Clackamas,Precinct 157,U.S. Senate,,R,David A. Burch,0
Clackamas,Precinct 158,U.S. Senate,,R,David A. Burch,13
Clackamas,Precinct 159,U.S. Senate,,R,David A. Burch,8
Clackamas,Precinct 160,U.S. Senate,,R,David A. Burch,6
Clackamas,Precinct 161,U.S. Senate,,R,David A. Burch,0
Clackamas,Precinct 162,U.S. Senate,,R,David A. Burch,1
Clackamas,Precinct 201,U.S. Senate,,R,David A. Burch,8
Clackamas,Precinct 202,U.S. Senate,,R,David A. Burch,10
Clackamas,Precinct 203,U.S. Senate,,R,David A. Burch,12
Clackamas,Precinct 204,U.S. Senate,,R,David A. Burch,8
Clackamas,Precinct 251,U.S. Senate,,R,David A. Burch,7
Clackamas,Precinct 279,U.S. Senate,,R,David A. Burch,0
Clackamas,Precinct 280,U.S. Senate,,R,David A. Burch,0
Clackamas,Precinct 281,U.S. Senate,,R,David A. Burch,4
Clackamas,Precinct 282,U.S. Senate,,R,David A. Burch,1
Clackamas,Precinct 283,U.S. Senate,,R,David A. Burch,0
Clackamas,Precinct 284,U.S. Senate,,R,David A. Burch,0
Clackamas,Precinct 285,U.S. Senate,,R,David A. Burch,0
Clackamas,Precinct 286,U.S. Senate,,R,David A. Burch,2
Clackamas,Precinct 320,U.S. Senate,,R,David A. Burch,0
Clackamas,Precinct 321,U.S. Senate,,R,David A. Burch,12
Clackamas,Precinct 322,U.S. Senate,,R,David A. Burch,2
Clackamas,Precinct 323,U.S. Senate,,R,David A. Burch,4
Clackamas,Precinct 324,U.S. Senate,,R,David A. Burch,0
Clackamas,Precinct 330,U.S. Senate,,R,David A. Burch,28
Clackamas,Precinct 331,U.S. Senate,,R,David A. Burch,11
Clackamas,Precinct 332,U.S. Senate,,R,David A. Burch,3
Clackamas,Precinct 350,U.S. Senate,,R,David A. Burch,28
Clackamas,Precinct 355,U.S. Senate,,R,David A. Burch,0
Clackamas,Precinct 357,U.S. Senate,,R,David A. Burch,0
Clackamas,Precinct 358,U.S. Senate,,R,David A. Burch,2
Clackamas,Precinct 359,U.S. Senate,,R,David A. Burch,23
Clackamas,Precinct 360,U.S. Senate,,R,David A. Burch,4
Clackamas,Precinct 361,U.S. Senate,,R,David A. Burch,0
Clackamas,Precinct 362,U.S. Senate,,R,David A. Burch,6
Clackamas,Precinct 363,U.S. Senate,,R,David A. Burch,12
Clackamas,Precinct 364,U.S. Senate,,R,David A. Burch,3
Clackamas,Precinct 371,U.S. Senate,,R,David A. Burch,3
Clackamas,Precinct 372,U.S. Senate,,R,David A. Burch,0
Clackamas,Precinct 373,U.S. Senate,,R,David A. Burch,13
Clackamas,Precinct 374,U.S. Senate,,R,David A. Burch,0
Clackamas,Precinct 400,U.S. Senate,,R,David A. Burch,18
Clackamas,Precinct 403,U.S. Senate,,R,David A. Burch,12
Clackamas,Precinct 404,U.S. Senate,,R,David A. Burch,24
Clackamas,Precinct 405,U.S. Senate,,R,David A. Burch,7
Clackamas,Precinct 406,U.S. Senate,,R,David A. Burch,3
Clackamas,Precinct 410,U.S. Senate,,R,David A. Burch,13
Clackamas,Precinct 411,U.S. Senate,,R,David A. Burch,16
Clackamas,Precinct 412,U.S. Senate,,R,David A. Burch,11
Clackamas,Precinct 413,U.S. Senate,,R,David A. Burch,1
Clackamas,Precinct 414,U.S. Senate,,R,David A. Burch,7
Clackamas,Precinct 415,U.S. Senate,,R,David A. Burch,2
Clackamas,Precinct 416,U.S. Senate,,R,David A. Burch,4
Clackamas,Precinct 417,U.S. Senate,,R,David A. Burch,8
Clackamas,Precinct 418,U.S. Senate,,R,David A. Burch,5
Clackamas,Precinct 419,U.S. Senate,,R,David A. Burch,7
Clackamas,Precinct 420,U.S. Senate,,R,David A. Burch,5
Clackamas,Precinct 421,U.S. Senate,,R,David A. Burch,9
Clackamas,Precinct 422,U.S. Senate,,R,David A. Burch,10
Clackamas,Precinct 500,U.S. Senate,,R,David A. Burch,2
Clackamas,Precinct 501,U.S. Senate,,R,David A. Burch,4
Clackamas,Precinct 502,U.S. Senate,,R,David A. Burch,15
Clackamas,Precinct 503,U.S. Senate,,R,David A. Burch,11
Clackamas,Precinct 504,U.S. Senate,,R,David A. Burch,16
Clackamas,Precinct 506,U.S. Senate,,R,David A. Burch,10
Clackamas,Precinct 510,U.S. Senate,,R,David A. Burch,5
Clackamas,Precinct 511,U.S. Senate,,R,David A. Burch,16
Clackamas,Precinct 512,U.S. Senate,,R,David A. Burch,16
Clackamas,Precinct 513,U.S. Senate,,R,David A. Burch,1
Clackamas,Precinct 514,U.S. Senate,,R,David A. Burch,29
Clackamas,Precinct 515,U.S. Senate,,R,David A. Burch,10
Clackamas,Precinct 516,U.S. Senate,,R,David A. Burch,17
Clackamas,Precinct 517,U.S. Senate,,R,David A. Burch,7
Clackamas,Precinct 518,U.S. Senate,,R,David A. Burch,20
Clackamas,Precinct 600,U.S. Senate,,R,David A. Burch,13
Clackamas,Precinct 602,U.S. Senate,,R,David A. Burch,14
Clackamas,Precinct 604,U.S. Senate,,R,David A. Burch,12
Clackamas,Precinct 606,U.S. Senate,,R,David A. Burch,6
Clackamas,Precinct 608,U.S. Senate,,R,David A. Burch,17
Clackamas,Precinct 614,U.S. Senate,,R,David A. Burch,9
Clackamas,Precinct 616,U.S. Senate,,R,David A. Burch,13
Clackamas,Precinct 618,U.S. Senate,,R,David A. Burch,0
Clackamas,Precinct 620,U.S. Senate,,R,David A. Burch,1
Clackamas,Precinct 622,U.S. Senate,,R,David A. Burch,4
Clackamas,Precinct 626,U.S. Senate,,R,David A. Burch,7
Clackamas,Precinct 628,U.S. Senate,,R,David A. Burch,0
Clackamas,Precinct 630,U.S. Senate,,R,David A. Burch,23
Clackamas,Precinct 100,U.S. Senate,,R,David Brock Smith,2
Clackamas,Precinct 101,U.S. Senate,,R,David Brock Smith,187
Clackamas,Precinct 102,U.S. Senate,,R,David Brock Smith,56
Clackamas,Precinct 103,U.S. Senate,,R,David Brock Smith,98
Clackamas,Precinct 104,U.S. Senate,,R,David Brock Smith,0
Clackamas,Precinct 105,U.S. Senate,,R,David Brock Smith,170
Clackamas,Precinct 106,U.S. Senate,,R,David Brock Smith,168
Clackamas,Precinct 107,U.S. Senate,,R,David Brock Smith,68
Clackamas,Precinct 108,U.S. Senate,,R,David Brock Smith,234
Clackamas,Precinct 109,U.S. Senate,,R,David Brock Smith,0
Clackamas,Precinct 111,U.S. Senate,,R,David Brock Smith,247
Clackamas,Precinct 112,U.S. Senate,,R,David Brock Smith,0
Clackamas,Precinct 113,U.S. Senate,,R,David Brock Smith,1
Clackamas,Precinct 114,U.S. Senate,,R,David Brock Smith,5
Clackamas,Precinct 115,U.S. Senate,,R,David Brock Smith,7
Clackamas,Precinct 116,U.S. Senate,,R,David Brock Smith,0
Clackamas,Precinct 122,U.S. Senate,,R,David Brock Smith,213
Clackamas,Precinct 123,U.S. Senate,,R,David Brock Smith,140
Clackamas,Precinct 124,U.S. Senate,,R,David Brock Smith,256
Clackamas,Precinct 125,U.S. Senate,,R,David Brock Smith,87
Clackamas,Precinct 127,U.S. Senate,,R,David Brock Smith,9
Clackamas,Precinct 131,U.S. Senate,,R,David Brock Smith,213
Clackamas,Precinct 132,U.S. Senate,,R,David Brock Smith,130
Clackamas,Precinct 133,U.S. Senate,,R,David Brock Smith,62
Clackamas,Precinct 134,U.S. Senate,,R,David Brock Smith,0
Clackamas,Precinct 135,U.S. Senate,,R,David Brock Smith,160
Clackamas,Precinct 151,U.S. Senate,,R,David Brock Smith,84
Clackamas,Precinct 152,U.S. Senate,,R,David Brock Smith,166
Clackamas,Precinct 153,U.S. Senate,,R,David Brock Smith,19
Clackamas,Precinct 154,U.S. Senate,,R,David Brock Smith,3
Clackamas,Precinct 155,U.S. Senate,,R,David Brock Smith,70
Clackamas,Precinct 156,U.S. Senate,,R,David Brock Smith,145
Clackamas,Precinct 157,U.S. Senate,,R,David Brock Smith,2
Clackamas,Precinct 158,U.S. Senate,,R,David Brock Smith,103
Clackamas,Precinct 159,U.S. Senate,,R,David Brock Smith,89
Clackamas,Precinct 160,U.S. Senate,,R,David Brock Smith,30
Clackamas,Precinct 161,U.S. Senate,,R,David Brock Smith,14
Clackamas,Precinct 162,U.S. Senate,,R,David Brock Smith,24
Clackamas,Precinct 201,U.S. Senate,,R,David Brock Smith,175
Clackamas,Precinct 202,U.S. Senate,,R,David Brock Smith,160
Clackamas,Precinct 203,U.S. Senate,,R,David Brock Smith,123
Clackamas,Precinct 204,U.S. Senate,,R,David Brock Smith,125
Clackamas,Precinct 251,U.S. Senate,,R,David Brock Smith,73
Clackamas,Precinct 279,U.S. Senate,,R,David Brock Smith,3
Clackamas,Precinct 280,U.S. Senate,,R,David Brock Smith,12
Clackamas,Precinct 281,U.S. Senate,,R,David Brock Smith,46
Clackamas,Precinct 282,U.S. Senate,,R,David Brock Smith,7
Clackamas,Precinct 283,U.S. Senate,,R,David Brock Smith,20
Clackamas,Precinct 284,U.S. Senate,,R,David Brock Smith,12
Clackamas,Precinct 285,U.S. Senate,,R,David Brock Smith,0
Clackamas,Precinct 286,U.S. Senate,,R,David Brock Smith,1
Clackamas,Precinct 320,U.S. Senate,,R,David Brock Smith,8
Clackamas,Precinct 321,U.S. Senate,,R,David Brock Smith,152
Clackamas,Precinct 322,U.S. Senate,,R,David Brock Smith,69
Clackamas,Precinct 323,U.S. Senate,,R,David Brock Smith,113
Clackamas,Precinct 324,U.S. Senate,,R,David Brock Smith,4
Clackamas,Precinct 330,U.S. Senate,,R,David Brock Smith,306
Clackamas,Precinct 331,U.S. Senate,,R,David Brock Smith,193
Clackamas,Precinct 332,U.S. Senate,,R,David Brock Smith,64
Clackamas,Precinct 350,U.S. Senate,,R,David Brock Smith,275
Clackamas,Precinct 355,U.S. Senate,,R,David Brock Smith,0
Clackamas,Precinct 357,U.S. Senate,,R,David Brock Smith,12
Clackamas,Precinct 358,U.S. Senate,,R,David Brock Smith,35
Clackamas,Precinct 359,U.S. Senate,,R,David Brock Smith,184
Clackamas,Precinct 360,U.S. Senate,,R,David Brock Smith,90
Clackamas,Precinct 361,U.S. Senate,,R,David Brock Smith,2
Clackamas,Precinct 362,U.S. Senate,,R,David Brock Smith,49
Clackamas,Precinct 363,U.S. Senate,,R,David Brock Smith,155
Clackamas,Precinct 364,U.S. Senate,,R,David Brock Smith,19
Clackamas,Precinct 371,U.S. Senate,,R,David Brock Smith,16
Clackamas,Precinct 372,U.S. Senate,,R,David Brock Smith,6
Clackamas,Precinct 373,U.S. Senate,,R,David Brock Smith,164
Clackamas,Precinct 374,U.S. Senate,,R,David Brock Smith,0
Clackamas,Precinct 400,U.S. Senate,,R,David Brock Smith,303
Clackamas,Precinct 403,U.S. Senate,,R,David Brock Smith,57
Clackamas,Precinct 404,U.S. Senate,,R,David Brock Smith,258
Clackamas,Precinct 405,U.S. Senate,,R,David Brock Smith,115
Clackamas,Precinct 406,U.S. Senate,,R,David Brock Smith,85
Clackamas,Precinct 410,U.S. Senate,,R,David Brock Smith,99
Clackamas,Precinct 411,U.S. Senate,,R,David Brock Smith,138
Clackamas,Precinct 412,U.S. Senate,,R,David Brock Smith,116
Clackamas,Precinct 413,U.S. Senate,,R,David Brock Smith,3
Clackamas,Precinct 414,U.S. Senate,,R,David Brock Smith,43
Clackamas,Precinct 415,U.S. Senate,,R,David Brock Smith,39
Clackamas,Precinct 416,U.S. Senate,,R,David Brock Smith,93
Clackamas,Precinct 417,U.S. Senate,,R,David Brock Smith,75
Clackamas,Precinct 418,U.S. Senate,,R,David Brock Smith,83
Clackamas,Precinct 419,U.S. Senate,,R,David Brock Smith,60
Clackamas,Precinct 420,U.S. Senate,,R,David Brock Smith,59
Clackamas,Precinct 421,U.S. Senate,,R,David Brock Smith,66
Clackamas,Precinct 422,U.S. Senate,,R,David Brock Smith,91
Clackamas,Precinct 500,U.S. Senate,,R,David Brock Smith,46
Clackamas,Precinct 501,U.S. Senate,,R,David Brock Smith,73
Clackamas,Precinct 502,U.S. Senate,,R,David Brock Smith,115
Clackamas,Precinct 503,U.S. Senate,,R,David Brock Smith,142
Clackamas,Precinct 504,U.S. Senate,,R,David Brock Smith,150
Clackamas,Precinct 506,U.S. Senate,,R,David Brock Smith,129
Clackamas,Precinct 510,U.S. Senate,,R,David Brock Smith,42
Clackamas,Precinct 511,U.S. Senate,,R,David Brock Smith,154
Clackamas,Precinct 512,U.S. Senate,,R,David Brock Smith,132
Clackamas,Precinct 513,U.S. Senate,,R,David Brock Smith,4
Clackamas,Precinct 514,U.S. Senate,,R,David Brock Smith,354
Clackamas,Precinct 515,U.S. Senate,,R,David Brock Smith,109
Clackamas,Precinct 516,U.S. Senate,,R,David Brock Smith,158
Clackamas,Precinct 517,U.S. Senate,,R,David Brock Smith,149
Clackamas,Precinct 518,U.S. Senate,,R,David Brock Smith,159
Clackamas,Precinct 600,U.S. Senate,,R,David Brock Smith,145
Clackamas,Precinct 602,U.S. Senate,,R,David Brock Smith,171
Clackamas,Precinct 604,U.S. Senate,,R,David Brock Smith,310
Clackamas,Precinct 606,U.S. Senate,,R,David Brock Smith,64
Clackamas,Precinct 608,U.S. Senate,,R,David Brock Smith,111
Clackamas,Precinct 614,U.S. Senate,,R,David Brock Smith,72
Clackamas,Precinct 616,U.S. Senate,,R,David Brock Smith,151
Clackamas,Precinct 618,U.S. Senate,,R,David Brock Smith,13
Clackamas,Precinct 620,U.S. Senate,,R,David Brock Smith,6
Clackamas,Precinct 622,U.S. Senate,,R,David Brock Smith,49
Clackamas,Precinct 626,U.S. Senate,,R,David Brock Smith,84
Clackamas,Precinct 628,U.S. Senate,,R,David Brock Smith,27
Clackamas,Precinct 630,U.S. Senate,,R,David Brock Smith,152
Clackamas,Precinct 100,U.S. Senate,,R,Deborah C. Brown,2
Clackamas,Precinct 101,U.S. Senate,,R,Deborah C. Brown,28
Clackamas,Precinct 102,U.S. Senate,,R,Deborah C. Brown,4
Clackamas,Precinct 103,U.S. Senate,,R,Deborah C. Brown,8
Clackamas,Precinct 104,U.S. Senate,,R,Deborah C. Brown,0
Clackamas,Precinct 105,U.S. Senate,,R,Deborah C. Brown,21
Clackamas,Precinct 106,U.S. Senate,,R,Deborah C. Brown,35
Clackamas,Precinct 107,U.S. Senate,,R,Deborah C. Brown,17
Clackamas,Precinct 108,U.S. Senate,,R,Deborah C. Brown,33
Clackamas,Precinct 109,U.S. Senate,,R,Deborah C. Brown,0
Clackamas,Precinct 111,U.S. Senate,,R,Deborah C. Brown,42
Clackamas,Precinct 112,U.S. Senate,,R,Deborah C. Brown,0
Clackamas,Precinct 113,U.S. Senate,,R,Deborah C. Brown,0
Clackamas,Precinct 114,U.S. Senate,,R,Deborah C. Brown,1
Clackamas,Precinct 115,U.S. Senate,,R,Deborah C. Brown,0
Clackamas,Precinct 116,U.S. Senate,,R,Deborah C. Brown,0
Clackamas,Precinct 122,U.S. Senate,,R,Deborah C. Brown,28
Clackamas,Precinct 123,U.S. Senate,,R,Deborah C. Brown,22
Clackamas,Precinct 124,U.S. Senate,,R,Deborah C. Brown,39
Clackamas,Precinct 125,U.S. Senate,,R,Deborah C. Brown,19
Clackamas,Precinct 127,U.S. Senate,,R,Deborah C. Brown,0
Clackamas,Precinct 131,U.S. Senate,,R,Deborah C. Brown,33
Clackamas,Precinct 132,U.S. Senate,,R,Deborah C. Brown,17
Clackamas,Precinct 133,U.S. Senate,,R,Deborah C. Brown,10
Clackamas,Precinct 134,U.S. Senate,,R,Deborah C. Brown,0
Clackamas,Precinct 135,U.S. Senate,,R,Deborah C. Brown,17
Clackamas,Precinct 151,U.S. Senate,,R,Deborah C. Brown,16
Clackamas,Precinct 152,U.S. Senate,,R,Deborah C. Brown,14
Clackamas,Precinct 153,U.S. Senate,,R,Deborah C. Brown,0
Clackamas,Precinct 154,U.S. Senate,,R,Deborah C. Brown,1
Clackamas,Precinct 155,U.S. Senate,,R,Deborah C. Brown,6
Clackamas,Precinct 156,U.S. Senate,,R,Deborah C. Brown,13
Clackamas,Precinct 157,U.S. Senate,,R,Deborah C. Brown,1
Clackamas,Precinct 158,U.S. Senate,,R,Deborah C. Brown,22
Clackamas,Precinct 159,U.S. Senate,,R,Deborah C. Brown,14
Clackamas,Precinct 160,U.S. Senate,,R,Deborah C. Brown,11
Clackamas,Precinct 161,U.S. Senate,,R,Deborah C. Brown,3
Clackamas,Precinct 162,U.S. Senate,,R,Deborah C. Brown,3
Clackamas,Precinct 201,U.S. Senate,,R,Deborah C. Brown,15
Clackamas,Precinct 202,U.S. Senate,,R,Deborah C. Brown,27
Clackamas,Precinct 203,U.S. Senate,,R,Deborah C. Brown,15
Clackamas,Precinct 204,U.S. Senate,,R,Deborah C. Brown,11
Clackamas,Precinct 251,U.S. Senate,,R,Deborah C. Brown,4
Clackamas,Precinct 279,U.S. Senate,,R,Deborah C. Brown,1
Clackamas,Precinct 280,U.S. Senate,,R,Deborah C. Brown,2
Clackamas,Precinct 281,U.S. Senate,,R,Deborah C. Brown,8
Clackamas,Precinct 282,U.S. Senate,,R,Deborah C. Brown,0
Clackamas,Precinct 283,U.S. Senate,,R,Deborah C. Brown,2
Clackamas,Precinct 284,U.S. Senate,,R,Deborah C. Brown,0
Clackamas,Precinct 285,U.S. Senate,,R,Deborah C. Brown,1
Clackamas,Precinct 286,U.S. Senate,,R,Deborah C. Brown,0
Clackamas,Precinct 320,U.S. Senate,,R,Deborah C. Brown,0
Clackamas,Precinct 321,U.S. Senate,,R,Deborah C. Brown,9
Clackamas,Precinct 322,U.S. Senate,,R,Deborah C. Brown,13
Clackamas,Precinct 323,U.S. Senate,,R,Deborah C. Brown,15
Clackamas,Precinct 324,U.S. Senate,,R,Deborah C. Brown,0
Clackamas,Precinct 330,U.S. Senate,,R,Deborah C. Brown,34
Clackamas,Precinct 331,U.S. Senate,,R,Deborah C. Brown,23
Clackamas,Precinct 332,U.S. Senate,,R,Deborah C. Brown,7
Clackamas,Precinct 350,U.S. Senate,,R,Deborah C. Brown,39
Clackamas,Precinct 355,U.S. Senate,,R,Deborah C. Brown,0
Clackamas,Precinct 357,U.S. Senate,,R,Deborah C. Brown,1
Clackamas,Precinct 358,U.S. Senate,,R,Deborah C. Brown,2
Clackamas,Precinct 359,U.S. Senate,,R,Deborah C. Brown,27
Clackamas,Precinct 360,U.S. Senate,,R,Deborah C. Brown,10
Clackamas,Precinct 361,U.S. Senate,,R,Deborah C. Brown,0
Clackamas,Precinct 362,U.S. Senate,,R,Deborah C. Brown,9
Clackamas,Precinct 363,U.S. Senate,,R,Deborah C. Brown,13
Clackamas,Precinct 364,U.S. Senate,,R,Deborah C. Brown,2
Clackamas,Precinct 371,U.S. Senate,,R,Deborah C. Brown,1
Clackamas,Precinct 372,U.S. Senate,,R,Deborah C. Brown,1
Clackamas,Precinct 373,U.S. Senate,,R,Deborah C. Brown,24
Clackamas,Precinct 374,U.S. Senate,,R,Deborah C. Brown,0
Clackamas,Precinct 400,U.S. Senate,,R,Deborah C. Brown,26
Clackamas,Precinct 403,U.S. Senate,,R,Deborah C. Brown,12
Clackamas,Precinct 404,U.S. Senate,,R,Deborah C. Brown,27
Clackamas,Precinct 405,U.S. Senate,,R,Deborah C. Brown,22
Clackamas,Precinct 406,U.S. Senate,,R,Deborah C. Brown,7
Clackamas,Precinct 410,U.S. Senate,,R,Deborah C. Brown,14
Clackamas,Precinct 411,U.S. Senate,,R,Deborah C. Brown,18
Clackamas,Precinct 412,U.S. Senate,,R,Deborah C. Brown,15
Clackamas,Precinct 413,U.S. Senate,,R,Deborah C. Brown,1
Clackamas,Precinct 414,U.S. Senate,,R,Deborah C. Brown,7
Clackamas,Precinct 415,U.S. Senate,,R,Deborah C. Brown,2
Clackamas,Precinct 416,U.S. Senate,,R,Deborah C. Brown,9
Clackamas,Precinct 417,U.S. Senate,,R,Deborah C. Brown,5
Clackamas,Precinct 418,U.S. Senate,,R,Deborah C. Brown,2
Clackamas,Precinct 419,U.S. Senate,,R,Deborah C. Brown,7
Clackamas,Precinct 420,U.S. Senate,,R,Deborah C. Brown,8
Clackamas,Precinct 421,U.S. Senate,,R,Deborah C. Brown,15
Clackamas,Precinct 422,U.S. Senate,,R,Deborah C. Brown,18
Clackamas,Precinct 500,U.S. Senate,,R,Deborah C. Brown,4
Clackamas,Precinct 501,U.S. Senate,,R,Deborah C. Brown,13
Clackamas,Precinct 502,U.S. Senate,,R,Deborah C. Brown,23
Clackamas,Precinct 503,U.S. Senate,,R,Deborah C. Brown,19
Clackamas,Precinct 504,U.S. Senate,,R,Deborah C. Brown,20
Clackamas,Precinct 506,U.S. Senate,,R,Deborah C. Brown,24
Clackamas,Precinct 510,U.S. Senate,,R,Deborah C. Brown,11
Clackamas,Precinct 511,U.S. Senate,,R,Deborah C. Brown,20
Clackamas,Precinct 512,U.S. Senate,,R,Deborah C. Brown,12
Clackamas,Precinct 513,U.S. Senate,,R,Deborah C. Brown,0
Clackamas,Precinct 514,U.S. Senate,,R,Deborah C. Brown,46
Clackamas,Precinct 515,U.S. Senate,,R,Deborah C. Brown,12
Clackamas,Precinct 516,U.S. Senate,,R,Deborah C. Brown,14
Clackamas,Precinct 517,U.S. Senate,,R,Deborah C. Brown,17
Clackamas,Precinct 518,U.S. Senate,,R,Deborah C. Brown,19
Clackamas,Precinct 600,U.S. Senate,,R,Deborah C. Brown,19
Clackamas,Precinct 602,U.S. Senate,,R,Deborah C. Brown,9
Clackamas,Precinct 604,U.S. Senate,,R,Deborah C. Brown,44
Clackamas,Precinct 606,U.S. Senate,,R,Deborah C. Brown,14
Clackamas,Precinct 608,U.S. Senate,,R,Deborah C. Brown,12
Clackamas,Precinct 614,U.S. Senate,,R,Deborah C. Brown,17
Clackamas,Precinct 616,U.S. Senate,,R,Deborah C. Brown,13
Clackamas,Precinct 618,U.S. Senate,,R,Deborah C. Brown,1
Clackamas,Precinct 620,U.S. Senate,,R,Deborah C. Brown,1
Clackamas,Precinct 622,U.S. Senate,,R,Deborah C. Brown,6
Clackamas,Precinct 626,U.S. Senate,,R,Deborah C. Brown,12
Clackamas,Precinct 628,U.S. Senate,,R,Deborah C. Brown,8
Clackamas,Precinct 630,U.S. Senate,,R,Deborah C. Brown,24
Clackamas,Precinct 100,U.S. Senate,,R,Jo Rae Perkins,2
Clackamas,Precinct 101,U.S. Senate,,R,Jo Rae Perkins,201
Clackamas,Precinct 102,U.S. Senate,,R,Jo Rae Perkins,61
Clackamas,Precinct 103,U.S. Senate,,R,Jo Rae Perkins,104
Clackamas,Precinct 104,U.S. Senate,,R,Jo Rae Perkins,0
Clackamas,Precinct 105,U.S. Senate,,R,Jo Rae Perkins,153
Clackamas,Precinct 106,U.S. Senate,,R,Jo Rae Perkins,178
Clackamas,Precinct 107,U.S. Senate,,R,Jo Rae Perkins,110
Clackamas,Precinct 108,U.S. Senate,,R,Jo Rae Perkins,214
Clackamas,Precinct 109,U.S. Senate,,R,Jo Rae Perkins,0
Clackamas,Precinct 111,U.S. Senate,,R,Jo Rae Perkins,361
Clackamas,Precinct 112,U.S. Senate,,R,Jo Rae Perkins,0
Clackamas,Precinct 113,U.S. Senate,,R,Jo Rae Perkins,4
Clackamas,Precinct 114,U.S. Senate,,R,Jo Rae Perkins,2
Clackamas,Precinct 115,U.S. Senate,,R,Jo Rae Perkins,2
Clackamas,Precinct 116,U.S. Senate,,R,Jo Rae Perkins,0
Clackamas,Precinct 122,U.S. Senate,,R,Jo Rae Perkins,248
Clackamas,Precinct 123,U.S. Senate,,R,Jo Rae Perkins,155
Clackamas,Precinct 124,U.S. Senate,,R,Jo Rae Perkins,260
Clackamas,Precinct 125,U.S. Senate,,R,Jo Rae Perkins,99
Clackamas,Precinct 127,U.S. Senate,,R,Jo Rae Perkins,8
Clackamas,Precinct 131,U.S. Senate,,R,Jo Rae Perkins,195
Clackamas,Precinct 132,U.S. Senate,,R,Jo Rae Perkins,170
Clackamas,Precinct 133,U.S. Senate,,R,Jo Rae Perkins,48
Clackamas,Precinct 134,U.S. Senate,,R,Jo Rae Perkins,0
Clackamas,Precinct 135,U.S. Senate,,R,Jo Rae Perkins,132
Clackamas,Precinct 151,U.S. Senate,,R,Jo Rae Perkins,49
Clackamas,Precinct 152,U.S. Senate,,R,Jo Rae Perkins,109
Clackamas,Precinct 153,U.S. Senate,,R,Jo Rae Perkins,13
Clackamas,Precinct 154,U.S. Senate,,R,Jo Rae Perkins,0
Clackamas,Precinct 155,U.S. Senate,,R,Jo Rae Perkins,52
Clackamas,Precinct 156,U.S. Senate,,R,Jo Rae Perkins,76
Clackamas,Precinct 157,U.S. Senate,,R,Jo Rae Perkins,2
Clackamas,Precinct 158,U.S. Senate,,R,Jo Rae Perkins,66
Clackamas,Precinct 159,U.S. Senate,,R,Jo Rae Perkins,70
Clackamas,Precinct 160,U.S. Senate,,R,Jo Rae Perkins,41
Clackamas,Precinct 161,U.S. Senate,,R,Jo Rae Perkins,4
Clackamas,Precinct 162,U.S. Senate,,R,Jo Rae Perkins,19
Clackamas,Precinct 201,U.S. Senate,,R,Jo Rae Perkins,133
Clackamas,Precinct 202,U.S. Senate,,R,Jo Rae Perkins,150
Clackamas,Precinct 203,U.S. Senate,,R,Jo Rae Perkins,105
Clackamas,Precinct 204,U.S. Senate,,R,Jo Rae Perkins,98
Clackamas,Precinct 251,U.S. Senate,,R,Jo Rae Perkins,69
Clackamas,Precinct 279,U.S. Senate,,R,Jo Rae Perkins,4
Clackamas,Precinct 280,U.S. Senate,,R,Jo Rae Perkins,12
Clackamas,Precinct 281,U.S. Senate,,R,Jo Rae Perkins,28
Clackamas,Precinct 282,U.S. Senate,,R,Jo Rae Perkins,7
Clackamas,Precinct 283,U.S. Senate,,R,Jo Rae Perkins,14
Clackamas,Precinct 284,U.S. Senate,,R,Jo Rae Perkins,4
Clackamas,Precinct 285,U.S. Senate,,R,Jo Rae Perkins,0
Clackamas,Precinct 286,U.S. Senate,,R,Jo Rae Perkins,5
Clackamas,Precinct 320,U.S. Senate,,R,Jo Rae Perkins,1
Clackamas,Precinct 321,U.S. Senate,,R,Jo Rae Perkins,160
Clackamas,Precinct 322,U.S. Senate,,R,Jo Rae Perkins,57
Clackamas,Precinct 323,U.S. Senate,,R,Jo Rae Perkins,67
Clackamas,Precinct 324,U.S. Senate,,R,Jo Rae Perkins,8
Clackamas,Precinct 330,U.S. Senate,,R,Jo Rae Perkins,373
Clackamas,Precinct 331,U.S. Senate,,R,Jo Rae Perkins,147
Clackamas,Precinct 332,U.S. Senate,,R,Jo Rae Perkins,45
Clackamas,Precinct 350,U.S. Senate,,R,Jo Rae Perkins,299
Clackamas,Precinct 355,U.S. Senate,,R,Jo Rae Perkins,0
Clackamas,Precinct 357,U.S. Senate,,R,Jo Rae Perkins,15
Clackamas,Precinct 358,U.S. Senate,,R,Jo Rae Perkins,21
Clackamas,Precinct 359,U.S. Senate,,R,Jo Rae Perkins,190
Clackamas,Precinct 360,U.S. Senate,,R,Jo Rae Perkins,73
Clackamas,Precinct 361,U.S. Senate,,R,Jo Rae Perkins,0
Clackamas,Precinct 362,U.S. Senate,,R,Jo Rae Perkins,55
Clackamas,Precinct 363,U.S. Senate,,R,Jo Rae Perkins,153
Clackamas,Precinct 364,U.S. Senate,,R,Jo Rae Perkins,16
Clackamas,Precinct 371,U.S. Senate,,R,Jo Rae Perkins,18
Clackamas,Precinct 372,U.S. Senate,,R,Jo Rae Perkins,1
Clackamas,Precinct 373,U.S. Senate,,R,Jo Rae Perkins,138
Clackamas,Precinct 374,U.S. Senate,,R,Jo Rae Perkins,0
Clackamas,Precinct 400,U.S. Senate,,R,Jo Rae Perkins,259
Clackamas,Precinct 403,U.S. Senate,,R,Jo Rae Perkins,73
Clackamas,Precinct 404,U.S. Senate,,R,Jo Rae Perkins,239
Clackamas,Precinct 405,U.S. Senate,,R,Jo Rae Perkins,132
Clackamas,Precinct 406,U.S. Senate,,R,Jo Rae Perkins,87
Clackamas,Precinct 410,U.S. Senate,,R,Jo Rae Perkins,113
Clackamas,Precinct 411,U.S. Senate,,R,Jo Rae Perkins,151
Clackamas,Precinct 412,U.S. Senate,,R,Jo Rae Perkins,96
Clackamas,Precinct 413,U.S. Senate,,R,Jo Rae Perkins,12
Clackamas,Precinct 414,U.S. Senate,,R,Jo Rae Perkins,45
Clackamas,Precinct 415,U.S. Senate,,R,Jo Rae Perkins,15
Clackamas,Precinct 416,U.S. Senate,,R,Jo Rae Perkins,96
Clackamas,Precinct 417,U.S. Senate,,R,Jo Rae Perkins,68
Clackamas,Precinct 418,U.S. Senate,,R,Jo Rae Perkins,58
Clackamas,Precinct 419,U.S. Senate,,R,Jo Rae Perkins,57
Clackamas,Precinct 420,U.S. Senate,,R,Jo Rae Perkins,47
Clackamas,Precinct 421,U.S. Senate,,R,Jo Rae Perkins,60
Clackamas,Precinct 422,U.S. Senate,,R,Jo Rae Perkins,107
Clackamas,Precinct 500,U.S. Senate,,R,Jo Rae Perkins,38
Clackamas,Precinct 501,U.S. Senate,,R,Jo Rae Perkins,76
Clackamas,Precinct 502,U.S. Senate,,R,Jo Rae Perkins,99
Clackamas,Precinct 503,U.S. Senate,,R,Jo Rae Perkins,142
Clackamas,Precinct 504,U.S. Senate,,R,Jo Rae Perkins,163
Clackamas,Precinct 506,U.S. Senate,,R,Jo Rae Perkins,106
Clackamas,Precinct 510,U.S. Senate,,R,Jo Rae Perkins,60
Clackamas,Precinct 511,U.S. Senate,,R,Jo Rae Perkins,166
Clackamas,Precinct 512,U.S. Senate,,R,Jo Rae Perkins,127
Clackamas,Precinct 513,U.S. Senate,,R,Jo Rae Perkins,9
Clackamas,Precinct 514,U.S. Senate,,R,Jo Rae Perkins,344
Clackamas,Precinct 515,U.S. Senate,,R,Jo Rae Perkins,147
Clackamas,Precinct 516,U.S. Senate,,R,Jo Rae Perkins,161
Clackamas,Precinct 517,U.S. Senate,,R,Jo Rae Perkins,135
Clackamas,Precinct 518,U.S. Senate,,R,Jo Rae Perkins,183
Clackamas,Precinct 600,U.S. Senate,,R,Jo Rae Perkins,167
Clackamas,Precinct 602,U.S. Senate,,R,Jo Rae Perkins,196
Clackamas,Precinct 604,U.S. Senate,,R,Jo Rae Perkins,416
Clackamas,Precinct 606,U.S. Senate,,R,Jo Rae Perkins,70
Clackamas,Precinct 608,U.S. Senate,,R,Jo Rae Perkins,134
Clackamas,Precinct 614,U.S. Senate,,R,Jo Rae Perkins,89
Clackamas,Precinct 616,U.S. Senate,,R,Jo Rae Perkins,130
Clackamas,Precinct 618,U.S. Senate,,R,Jo Rae Perkins,28
Clackamas,Precinct 620,U.S. Senate,,R,Jo Rae Perkins,9
Clackamas,Precinct 622,U.S. Senate,,R,Jo Rae Perkins,59
Clackamas,Precinct 626,U.S. Senate,,R,Jo Rae Perkins,73
Clackamas,Precinct 628,U.S. Senate,,R,Jo Rae Perkins,26
Clackamas,Precinct 630,U.S. Senate,,R,Jo Rae Perkins,144
Clackamas,Precinct 100,U.S. Senate,,R,Over Votes,0
Clackamas,Precinct 101,U.S. Senate,,R,Over Votes,0
Clackamas,Precinct 102,U.S. Senate,,R,Over Votes,0
Clackamas,Precinct 103,U.S. Senate,,R,Over Votes,0
Clackamas,Precinct 104,U.S. Senate,,R,Over Votes,0
Clackamas,Precinct 105,U.S. Senate,,R,Over Votes,0
Clackamas,Precinct 106,U.S. Senate,,R,Over Votes,0
Clackamas,Precinct 107,U.S. Senate,,R,Over Votes,0
Clackamas,Precinct 108,U.S. Senate,,R,Over Votes,0
Clackamas,Precinct 109,U.S. Senate,,R,Over Votes,0
Clackamas,Precinct 111,U.S. Senate,,R,Over Votes,0
Clackamas,Precinct 112,U.S. Senate,,R,Over Votes,0
Clackamas,Precinct 113,U.S. Senate,,R,Over Votes,0
Clackamas,Precinct 114,U.S. Senate,,R,Over Votes,0
Clackamas,Precinct 115,U.S. Senate,,R,Over Votes,0
Clackamas,Precinct 116,U.S. Senate,,R,Over Votes,0
Clackamas,Precinct 122,U.S. Senate,,R,Over Votes,0
Clackamas,Precinct 123,U.S. Senate,,R,Over Votes,1
Clackamas,Precinct 124,U.S. Senate,,R,Over Votes,0
Clackamas,Precinct 125,U.S. Senate,,R,Over Votes,0
Clackamas,Precinct 127,U.S. Senate,,R,Over Votes,0
Clackamas,Precinct 131,U.S. Senate,,R,Over Votes,0
Clackamas,Precinct 132,U.S. Senate,,R,Over Votes,0
Clackamas,Precinct 133,U.S. Senate,,R,Over Votes,0
Clackamas,Precinct 134,U.S. Senate,,R,Over Votes,0
Clackamas,Precinct 135,U.S. Senate,,R,Over Votes,3
Clackamas,Precinct 151,U.S. Senate,,R,Over Votes,0
Clackamas,Precinct 152,U.S. Senate,,R,Over Votes,0
Clackamas,Precinct 153,U.S. Senate,,R,Over Votes,0
Clackamas,Precinct 154,U.S. Senate,,R,Over Votes,0
Clackamas,Precinct 155,U.S. Senate,,R,Over Votes,0
Clackamas,Precinct 156,U.S. Senate,,R,Over Votes,0
Clackamas,Precinct 157,U.S. Senate,,R,Over Votes,0
Clackamas,Precinct 158,U.S. Senate,,R,Over Votes,0
Clackamas,Precinct 159,U.S. Senate,,R,Over Votes,0
Clackamas,Precinct 160,U.S. Senate,,R,Over Votes,0
Clackamas,Precinct 161,U.S. Senate,,R,Over Votes,0
Clackamas,Precinct 162,U.S. Senate,,R,Over Votes,0
Clackamas,Precinct 201,U.S. Senate,,R,Over Votes,0
Clackamas,Precinct 202,U.S. Senate,,R,Over Votes,0
Clackamas,Precinct 203,U.S. Senate,,R,Over Votes,0
Clackamas,Precinct 204,U.S. Senate,,R,Over Votes,1
Clackamas,Precinct 251,U.S. Senate,,R,Over Votes,0
Clackamas,Precinct 279,U.S. Senate,,R,Over Votes,0
Clackamas,Precinct 280,U.S. Senate,,R,Over Votes,0
Clackamas,Precinct 281,U.S. Senate,,R,Over Votes,0
Clackamas,Precinct 282,U.S. Senate,,R,Over Votes,0
Clackamas,Precinct 283,U.S. Senate,,R,Over Votes,0
Clackamas,Precinct 284,U.S. Senate,,R,Over Votes,0
Clackamas,Precinct 285,U.S. Senate,,R,Over Votes,0
Clackamas,Precinct 286,U.S. Senate,,R,Over Votes,0
Clackamas,Precinct 320,U.S. Senate,,R,Over Votes,0
Clackamas,Precinct 321,U.S. Senate,,R,Over Votes,1
Clackamas,Precinct 322,U.S. Senate,,R,Over Votes,0
Clackamas,Precinct 323,U.S. Senate,,R,Over Votes,0
Clackamas,Precinct 324,U.S. Senate,,R,Over Votes,0
Clackamas,Precinct 330,U.S. Senate,,R,Over Votes,0
Clackamas,Precinct 331,U.S. Senate,,R,Over Votes,0
Clackamas,Precinct 332,U.S. Senate,,R,Over Votes,0
Clackamas,Precinct 350,U.S. Senate,,R,Over Votes,0
Clackamas,Precinct 355,U.S. Senate,,R,Over Votes,0
Clackamas,Precinct 357,U.S. Senate,,R,Over Votes,0
Clackamas,Precinct 358,U.S. Senate,,R,Over Votes,0
Clackamas,Precinct 359,U.S. Senate,,R,Over Votes,0
Clackamas,Precinct 360,U.S. Senate,,R,Over Votes,0
Clackamas,Precinct 361,U.S. Senate,,R,Over Votes,0
Clackamas,Precinct 362,U.S. Senate,,R,Over Votes,0
Clackamas,Precinct 363,U.S. Senate,,R,Over Votes,0
Clackamas,Precinct 364,U.S. Senate,,R,Over Votes,0
Clackamas,Precinct 371,U.S. Senate,,R,Over Votes,0
Clackamas,Precinct 372,U.S. Senate,,R,Over Votes,0
Clackamas,Precinct 373,U.S. Senate,,R,Over Votes,0
Clackamas,Precinct 374,U.S. Senate,,R,Over Votes,0
Clackamas,Precinct 400,U.S. Senate,,R,Over Votes,0
Clackamas,Precinct 403,U.S. Senate,,R,Over Votes,0
Clackamas,Precinct 404,U.S. Senate,,R,Over Votes,0
Clackamas,Precinct 405,U.S. Senate,,R,Over Votes,0
Clackamas,Precinct 406,U.S. Senate,,R,Over Votes,0
Clackamas,Precinct 410,U.S. Senate,,R,Over Votes,0
Clackamas,Precinct 411,U.S. Senate,,R,Over Votes,0
Clackamas,Precinct 412,U.S. Senate,,R,Over Votes,0
Clackamas,Precinct 413,U.S. Senate,,R,Over Votes,0
Clackamas,Precinct 414,U.S. Senate,,R,Over Votes,0
Clackamas,Precinct 415,U.S. Senate,,R,Over Votes,0
Clackamas,Precinct 416,U.S. Senate,,R,Over Votes,0
Clackamas,Precinct 417,U.S. Senate,,R,Over Votes,0
Clackamas,Precinct 418,U.S. Senate,,R,Over Votes,0
Clackamas,Precinct 419,U.S. Senate,,R,Over Votes,0
Clackamas,Precinct 420,U.S. Senate,,R,Over Votes,0
Clackamas,Precinct 421,U.S. Senate,,R,Over Votes,0
Clackamas,Precinct 422,U.S. Senate,,R,Over Votes,0
Clackamas,Precinct 500,U.S. Senate,,R,Over Votes,0
Clackamas,Precinct 501,U.S. Senate,,R,Over Votes,0
Clackamas,Precinct 502,U.S. Senate,,R,Over Votes,0
Clackamas,Precinct 503,U.S. Senate,,R,Over Votes,0
Clackamas,Precinct 504,U.S. Senate,,R,Over Votes,0
Clackamas,Precinct 506,U.S. Senate,,R,Over Votes,0
Clackamas,Precinct 510,U.S. Senate,,R,Over Votes,0
Clackamas,Precinct 511,U.S. Senate,,R,Over Votes,0
Clackamas,Precinct 512,U.S. Senate,,R,Over Votes,0
Clackamas,Precinct 513,U.S. Senate,,R,Over Votes,0
Clackamas,Precinct 514,U.S. Senate,,R,Over Votes,0
Clackamas,Precinct 515,U.S. Senate,,R,Over Votes,0
Clackamas,Precinct 516,U.S. Senate,,R,Over Votes,1
Clackamas,Precinct 517,U.S. Senate,,R,Over Votes,0
Clackamas,Precinct 518,U.S. Senate,,R,Over Votes,0
Clackamas,Precinct 600,U.S. Senate,,R,Over Votes,0
Clackamas,Precinct 602,U.S. Senate,,R,Over Votes,0
Clackamas,Precinct 604,U.S. Senate,,R,Over Votes,0
Clackamas,Precinct 606,U.S. Senate,,R,Over Votes,0
Clackamas,Precinct 608,U.S. Senate,,R,Over Votes,0
Clackamas,Precinct 614,U.S. Senate,,R,Over Votes,0
Clackamas,Precinct 616,U.S. Senate,,R,Over Votes,0
Clackamas,Precinct 618,U.S. Senate,,R,Over Votes,0
Clackamas,Precinct 620,U.S. Senate,,R,Over Votes,0
Clackamas,Precinct 622,U.S. Senate,,R,Over Votes,1
Clackamas,Precinct 626,U.S. Senate,,R,Over Votes,0
Clackamas,Precinct 628,U.S. Senate,,R,Over Votes,0
Clackamas,Precinct 630,U.S. Senate,,R,Over Votes,0
Clackamas,Precinct 100,U.S. Senate,,R,Russell McAlmond,0
Clackamas,Precinct 101,U.S. Senate,,R,Russell McAlmond,81
Clackamas,Precinct 102,U.S. Senate,,R,Russell McAlmond,31
Clackamas,Precinct 103,U.S. Senate,,R,Russell McAlmond,58
Clackamas,Precinct 104,U.S. Senate,,R,Russell McAlmond,0
Clackamas,Precinct 105,U.S. Senate,,R,Russell McAlmond,67
Clackamas,Precinct 106,U.S. Senate,,R,Russell McAlmond,84
Clackamas,Precinct 107,U.S. Senate,,R,Russell McAlmond,41
Clackamas,Precinct 108,U.S. Senate,,R,Russell McAlmond,109
Clackamas,Precinct 109,U.S. Senate,,R,Russell McAlmond,0
Clackamas,Precinct 111,U.S. Senate,,R,Russell McAlmond,130
Clackamas,Precinct 112,U.S. Senate,,R,Russell McAlmond,0
Clackamas,Precinct 113,U.S. Senate,,R,Russell McAlmond,1
Clackamas,Precinct 114,U.S. Senate,,R,Russell McAlmond,5
Clackamas,Precinct 115,U.S. Senate,,R,Russell McAlmond,8
Clackamas,Precinct 116,U.S. Senate,,R,Russell McAlmond,0
Clackamas,Precinct 122,U.S. Senate,,R,Russell McAlmond,112
Clackamas,Precinct 123,U.S. Senate,,R,Russell McAlmond,57
Clackamas,Precinct 124,U.S. Senate,,R,Russell McAlmond,118
Clackamas,Precinct 125,U.S. Senate,,R,Russell McAlmond,47
Clackamas,Precinct 127,U.S. Senate,,R,Russell McAlmond,5
Clackamas,Precinct 131,U.S. Senate,,R,Russell McAlmond,110
Clackamas,Precinct 132,U.S. Senate,,R,Russell McAlmond,78
Clackamas,Precinct 133,U.S. Senate,,R,Russell McAlmond,24
Clackamas,Precinct 134,U.S. Senate,,R,Russell McAlmond,1
Clackamas,Precinct 135,U.S. Senate,,R,Russell McAlmond,64
Clackamas,Precinct 151,U.S. Senate,,R,Russell McAlmond,47
Clackamas,Precinct 152,U.S. Senate,,R,Russell McAlmond,100
Clackamas,Precinct 153,U.S. Senate,,R,Russell McAlmond,9
Clackamas,Precinct 154,U.S. Senate,,R,Russell McAlmond,3
Clackamas,Precinct 155,U.S. Senate,,R,Russell McAlmond,50
Clackamas,Precinct 156,U.S. Senate,,R,Russell McAlmond,70
Clackamas,Precinct 157,U.S. Senate,,R,Russell McAlmond,4
Clackamas,Precinct 158,U.S. Senate,,R,Russell McAlmond,68
Clackamas,Precinct 159,U.S. Senate,,R,Russell McAlmond,47
Clackamas,Precinct 160,U.S. Senate,,R,Russell McAlmond,23
Clackamas,Precinct 161,U.S. Senate,,R,Russell McAlmond,4
Clackamas,Precinct 162,U.S. Senate,,R,Russell McAlmond,4
Clackamas,Precinct 201,U.S. Senate,,R,Russell McAlmond,64
Clackamas,Precinct 202,U.S. Senate,,R,Russell McAlmond,100
Clackamas,Precinct 203,U.S. Senate,,R,Russell McAlmond,64
Clackamas,Precinct 204,U.S. Senate,,R,Russell McAlmond,32
Clackamas,Precinct 251,U.S. Senate,,R,Russell McAlmond,41
Clackamas,Precinct 279,U.S. Senate,,R,Russell McAlmond,5
Clackamas,Precinct 280,U.S. Senate,,R,Russell McAlmond,5
Clackamas,Precinct 281,U.S. Senate,,R,Russell McAlmond,17
Clackamas,Precinct 282,U.S. Senate,,R,Russell McAlmond,4
Clackamas,Precinct 283,U.S. Senate,,R,Russell McAlmond,11
Clackamas,Precinct 284,U.S. Senate,,R,Russell McAlmond,4
Clackamas,Precinct 285,U.S. Senate,,R,Russell McAlmond,0
Clackamas,Precinct 286,U.S. Senate,,R,Russell McAlmond,4
Clackamas,Precinct 320,U.S. Senate,,R,Russell McAlmond,7
Clackamas,Precinct 321,U.S. Senate,,R,Russell McAlmond,38
Clackamas,Precinct 322,U.S. Senate,,R,Russell McAlmond,47
Clackamas,Precinct 323,U.S. Senate,,R,Russell McAlmond,44
Clackamas,Precinct 324,U.S. Senate,,R,Russell McAlmond,1
Clackamas,Precinct 330,U.S. Senate,,R,Russell McAlmond,140
Clackamas,Precinct 331,U.S. Senate,,R,Russell McAlmond,61
Clackamas,Precinct 332,U.S. Senate,,R,Russell McAlmond,15
Clackamas,Precinct 350,U.S. Senate,,R,Russell McAlmond,118
Clackamas,Precinct 355,U.S. Senate,,R,Russell McAlmond,0
Clackamas,Precinct 357,U.S. Senate,,R,Russell McAlmond,1
Clackamas,Precinct 358,U.S. Senate,,R,Russell McAlmond,12
Clackamas,Precinct 359,U.S. Senate,,R,Russell McAlmond,80
Clackamas,Precinct 360,U.S. Senate,,R,Russell McAlmond,33
Clackamas,Precinct 361,U.S. Senate,,R,Russell McAlmond,0
Clackamas,Precinct 362,U.S. Senate,,R,Russell McAlmond,25
Clackamas,Precinct 363,U.S. Senate,,R,Russell McAlmond,64
Clackamas,Precinct 364,U.S. Senate,,R,Russell McAlmond,1
Clackamas,Precinct 371,U.S. Senate,,R,Russell McAlmond,6
Clackamas,Precinct 372,U.S. Senate,,R,Russell McAlmond,2
Clackamas,Precinct 373,U.S. Senate,,R,Russell McAlmond,89
Clackamas,Precinct 374,U.S. Senate,,R,Russell McAlmond,0
Clackamas,Precinct 400,U.S. Senate,,R,Russell McAlmond,119
Clackamas,Precinct 403,U.S. Senate,,R,Russell McAlmond,39
Clackamas,Precinct 404,U.S. Senate,,R,Russell McAlmond,147
Clackamas,Precinct 405,U.S. Senate,,R,Russell McAlmond,80
Clackamas,Precinct 406,U.S. Senate,,R,Russell McAlmond,22
Clackamas,Precinct 410,U.S. Senate,,R,Russell McAlmond,52
Clackamas,Precinct 411,U.S. Senate,,R,Russell McAlmond,73
Clackamas,Precinct 412,U.S. Senate,,R,Russell McAlmond,43
Clackamas,Precinct 413,U.S. Senate,,R,Russell McAlmond,0
Clackamas,Precinct 414,U.S. Senate,,R,Russell McAlmond,14
Clackamas,Precinct 415,U.S. Senate,,R,Russell McAlmond,7
Clackamas,Precinct 416,U.S. Senate,,R,Russell McAlmond,35
Clackamas,Precinct 417,U.S. Senate,,R,Russell McAlmond,20
Clackamas,Precinct 418,U.S. Senate,,R,Russell McAlmond,38
Clackamas,Precinct 419,U.S. Senate,,R,Russell McAlmond,26
Clackamas,Precinct 420,U.S. Senate,,R,Russell McAlmond,32
Clackamas,Precinct 421,U.S. Senate,,R,Russell McAlmond,26
Clackamas,Precinct 422,U.S. Senate,,R,Russell McAlmond,61
Clackamas,Precinct 500,U.S. Senate,,R,Russell McAlmond,17
Clackamas,Precinct 501,U.S. Senate,,R,Russell McAlmond,43
Clackamas,Precinct 502,U.S. Senate,,R,Russell McAlmond,76
Clackamas,Precinct 503,U.S. Senate,,R,Russell McAlmond,50
Clackamas,Precinct 504,U.S. Senate,,R,Russell McAlmond,77
Clackamas,Precinct 506,U.S. Senate,,R,Russell McAlmond,52
Clackamas,Precinct 510,U.S. Senate,,R,Russell McAlmond,23
Clackamas,Precinct 511,U.S. Senate,,R,Russell McAlmond,61
Clackamas,Precinct 512,U.S. Senate,,R,Russell McAlmond,50
Clackamas,Precinct 513,U.S. Senate,,R,Russell McAlmond,4
Clackamas,Precinct 514,U.S. Senate,,R,Russell McAlmond,168
Clackamas,Precinct 515,U.S. Senate,,R,Russell McAlmond,48
Clackamas,Precinct 516,U.S. Senate,,R,Russell McAlmond,67
Clackamas,Precinct 517,U.S. Senate,,R,Russell McAlmond,86
Clackamas,Precinct 518,U.S. Senate,,R,Russell McAlmond,70
Clackamas,Precinct 600,U.S. Senate,,R,Russell McAlmond,82
Clackamas,Precinct 602,U.S. Senate,,R,Russell McAlmond,93
Clackamas,Precinct 604,U.S. Senate,,R,Russell McAlmond,159
Clackamas,Precinct 606,U.S. Senate,,R,Russell McAlmond,42
Clackamas,Precinct 608,U.S. Senate,,R,Russell McAlmond,58
Clackamas,Precinct 614,U.S. Senate,,R,Russell McAlmond,47
Clackamas,Precinct 616,U.S. Senate,,R,Russell McAlmond,62
Clackamas,Precinct 618,U.S. Senate,,R,Russell McAlmond,8
Clackamas,Precinct 620,U.S. Senate,,R,Russell McAlmond,5
Clackamas,Precinct 622,U.S. Senate,,R,Russell McAlmond,29
Clackamas,Precinct 626,U.S. Senate,,R,Russell McAlmond,37
Clackamas,Precinct 628,U.S. Senate,,R,Russell McAlmond,23
Clackamas,Precinct 630,U.S. Senate,,R,Russell McAlmond,79
Clackamas,Precinct 100,U.S. Senate,,R,Timothy Skelton,0
Clackamas,Precinct 101,U.S. Senate,,R,Timothy Skelton,12
Clackamas,Precinct 102,U.S. Senate,,R,Timothy Skelton,1
Clackamas,Precinct 103,U.S. Senate,,R,Timothy Skelton,2
Clackamas,Precinct 104,U.S. Senate,,R,Timothy Skelton,0
Clackamas,Precinct 105,U.S. Senate,,R,Timothy Skelton,2
Clackamas,Precinct 106,U.S. Senate,,R,Timothy Skelton,12
Clackamas,Precinct 107,U.S. Senate,,R,Timothy Skelton,21
Clackamas,Precinct 108,U.S. Senate,,R,Timothy Skelton,40
Clackamas,Precinct 109,U.S. Senate,,R,Timothy Skelton,0
Clackamas,Precinct 111,U.S. Senate,,R,Timothy Skelton,14
Clackamas,Precinct 112,U.S. Senate,,R,Timothy Skelton,0
Clackamas,Precinct 113,U.S. Senate,,R,Timothy Skelton,0
Clackamas,Precinct 114,U.S. Senate,,R,Timothy Skelton,1
Clackamas,Precinct 115,U.S. Senate,,R,Timothy Skelton,0
Clackamas,Precinct 116,U.S. Senate,,R,Timothy Skelton,0
Clackamas,Precinct 122,U.S. Senate,,R,Timothy Skelton,11
Clackamas,Precinct 123,U.S. Senate,,R,Timothy Skelton,10
Clackamas,Precinct 124,U.S. Senate,,R,Timothy Skelton,11
Clackamas,Precinct 125,U.S. Senate,,R,Timothy Skelton,3
Clackamas,Precinct 127,U.S. Senate,,R,Timothy Skelton,2
Clackamas,Precinct 131,U.S. Senate,,R,Timothy Skelton,8
Clackamas,Precinct 132,U.S. Senate,,R,Timothy Skelton,9
Clackamas,Precinct 133,U.S. Senate,,R,Timothy Skelton,3
Clackamas,Precinct 134,U.S. Senate,,R,Timothy Skelton,0
Clackamas,Precinct 135,U.S. Senate,,R,Timothy Skelton,6
Clackamas,Precinct 151,U.S. Senate,,R,Timothy Skelton,4
Clackamas,Precinct 152,U.S. Senate,,R,Timothy Skelton,8
Clackamas,Precinct 153,U.S. Senate,,R,Timothy Skelton,0
Clackamas,Precinct 154,U.S. Senate,,R,Timothy Skelton,0
Clackamas,Precinct 155,U.S. Senate,,R,Timothy Skelton,1
Clackamas,Precinct 156,U.S. Senate,,R,Timothy Skelton,3
Clackamas,Precinct 157,U.S. Senate,,R,Timothy Skelton,0
Clackamas,Precinct 158,U.S. Senate,,R,Timothy Skelton,3
Clackamas,Precinct 159,U.S. Senate,,R,Timothy Skelton,7
Clackamas,Precinct 160,U.S. Senate,,R,Timothy Skelton,4
Clackamas,Precinct 161,U.S. Senate,,R,Timothy Skelton,2
Clackamas,Precinct 162,U.S. Senate,,R,Timothy Skelton,0
Clackamas,Precinct 201,U.S. Senate,,R,Timothy Skelton,5
Clackamas,Precinct 202,U.S. Senate,,R,Timothy Skelton,17
Clackamas,Precinct 203,U.S. Senate,,R,Timothy Skelton,6
Clackamas,Precinct 204,U.S. Senate,,R,Timothy Skelton,3
Clackamas,Precinct 251,U.S. Senate,,R,Timothy Skelton,5
Clackamas,Precinct 279,U.S. Senate,,R,Timothy Skelton,0
Clackamas,Precinct 280,U.S. Senate,,R,Timothy Skelton,0
Clackamas,Precinct 281,U.S. Senate,,R,Timothy Skelton,5
Clackamas,Precinct 282,U.S. Senate,,R,Timothy Skelton,1
Clackamas,Precinct 283,U.S. Senate,,R,Timothy Skelton,1
Clackamas,Precinct 284,U.S. Senate,,R,Timothy Skelton,0
Clackamas,Precinct 285,U.S. Senate,,R,Timothy Skelton,0
Clackamas,Precinct 286,U.S. Senate,,R,Timothy Skelton,0
Clackamas,Precinct 320,U.S. Senate,,R,Timothy Skelton,0
Clackamas,Precinct 321,U.S. Senate,,R,Timothy Skelton,3
Clackamas,Precinct 322,U.S. Senate,,R,Timothy Skelton,0
Clackamas,Precinct 323,U.S. Senate,,R,Timothy Skelton,3
Clackamas,Precinct 324,U.S. Senate,,R,Timothy Skelton,0
Clackamas,Precinct 330,U.S. Senate,,R,Timothy Skelton,19
Clackamas,Precinct 331,U.S. Senate,,R,Timothy Skelton,7
Clackamas,Precinct 332,U.S. Senate,,R,Timothy Skelton,0
Clackamas,Precinct 350,U.S. Senate,,R,Timothy Skelton,14
Clackamas,Precinct 355,U.S. Senate,,R,Timothy Skelton,0
Clackamas,Precinct 357,U.S. Senate,,R,Timothy Skelton,0
Clackamas,Precinct 358,U.S. Senate,,R,Timothy Skelton,1
Clackamas,Precinct 359,U.S. Senate,,R,Timothy Skelton,11
Clackamas,Precinct 360,U.S. Senate,,R,Timothy Skelton,3
Clackamas,Precinct 361,U.S. Senate,,R,Timothy Skelton,0
Clackamas,Precinct 362,U.S. Senate,,R,Timothy Skelton,8
Clackamas,Precinct 363,U.S. Senate,,R,Timothy Skelton,28
Clackamas,Precinct 364,U.S. Senate,,R,Timothy Skelton,0
Clackamas,Precinct 371,U.S. Senate,,R,Timothy Skelton,4
Clackamas,Precinct 372,U.S. Senate,,R,Timothy Skelton,0
Clackamas,Precinct 373,U.S. Senate,,R,Timothy Skelton,13
Clackamas,Precinct 374,U.S. Senate,,R,Timothy Skelton,0
Clackamas,Precinct 400,U.S. Senate,,R,Timothy Skelton,16
Clackamas,Precinct 403,U.S. Senate,,R,Timothy Skelton,8
Clackamas,Precinct 404,U.S. Senate,,R,Timothy Skelton,30
Clackamas,Precinct 405,U.S. Senate,,R,Timothy Skelton,13
Clackamas,Precinct 406,U.S. Senate,,R,Timothy Skelton,5
Clackamas,Precinct 410,U.S. Senate,,R,Timothy Skelton,4
Clackamas,Precinct 411,U.S. Senate,,R,Timothy Skelton,5
Clackamas,Precinct 412,U.S. Senate,,R,Timothy Skelton,7
Clackamas,Precinct 413,U.S. Senate,,R,Timothy Skelton,0
Clackamas,Precinct 414,U.S. Senate,,R,Timothy Skelton,2
Clackamas,Precinct 415,U.S. Senate,,R,Timothy Skelton,0
Clackamas,Precinct 416,U.S. Senate,,R,Timothy Skelton,4
Clackamas,Precinct 417,U.S. Senate,,R,Timothy Skelton,10
Clackamas,Precinct 418,U.S. Senate,,R,Timothy Skelton,4
Clackamas,Precinct 419,U.S. Senate,,R,Timothy Skelton,3
Clackamas,Precinct 420,U.S. Senate,,R,Timothy Skelton,5
Clackamas,Precinct 421,U.S. Senate,,R,Timothy Skelton,8
Clackamas,Precinct 422,U.S. Senate,,R,Timothy Skelton,14
Clackamas,Precinct 500,U.S. Senate,,R,Timothy Skelton,4
Clackamas,Precinct 501,U.S. Senate,,R,Timothy Skelton,3
Clackamas,Precinct 502,U.S. Senate,,R,Timothy Skelton,12
Clackamas,Precinct 503,U.S. Senate,,R,Timothy Skelton,9
Clackamas,Precinct 504,U.S. Senate,,R,Timothy Skelton,17
Clackamas,Precinct 506,U.S. Senate,,R,Timothy Skelton,5
Clackamas,Precinct 510,U.S. Senate,,R,Timothy Skelton,8
Clackamas,Precinct 511,U.S. Senate,,R,Timothy Skelton,6
Clackamas,Precinct 512,U.S. Senate,,R,Timothy Skelton,12
Clackamas,Precinct 513,U.S. Senate,,R,Timothy Skelton,2
Clackamas,Precinct 514,U.S. Senate,,R,Timothy Skelton,19
Clackamas,Precinct 515,U.S. Senate,,R,Timothy Skelton,6
Clackamas,Precinct 516,U.S. Senate,,R,Timothy Skelton,8
Clackamas,Precinct 517,U.S. Senate,,R,Timothy Skelton,10
Clackamas,Precinct 518,U.S. Senate,,R,Timothy Skelton,11
Clackamas,Precinct 600,U.S. Senate,,R,Timothy Skelton,11
Clackamas,Precinct 602,U.S. Senate,,R,Timothy Skelton,6
Clackamas,Precinct 604,U.S. Senate,,R,Timothy Skelton,18
Clackamas,Precinct 606,U.S. Senate,,R,Timothy Skelton,7
Clackamas,Precinct 608,U.S. Senate,,R,Timothy Skelton,5
Clackamas,Precinct 614,U.S. Senate,,R,Timothy Skelton,6
Clackamas,Precinct 616,U.S. Senate,,R,Timothy Skelton,11
Clackamas,Precinct 618,U.S. Senate,,R,Timothy Skelton,5
Clackamas,Precinct 620,U.S. Senate,,R,Timothy Skelton,0
Clackamas,Precinct 622,U.S. Senate,,R,Timothy Skelton,6
Clackamas,Precinct 626,U.S. Senate,,R,Timothy Skelton,4
Clackamas,Precinct 628,U.S. Senate,,R,Timothy Skelton,2
Clackamas,Precinct 630,U.S. Senate,,R,Timothy Skelton,10
Clackamas,Precinct 100,U.S. Senate,,R,Under Votes,5
Clackamas,Precinct 101,U.S. Senate,,R,Under Votes,169
Clackamas,Precinct 102,U.S. Senate,,R,Under Votes,51
Clackamas,Precinct 103,U.S. Senate,,R,Under Votes,100
Clackamas,Precinct 104,U.S. Senate,,R,Under Votes,1
Clackamas,Precinct 105,U.S. Senate,,R,Under Votes,150
Clackamas,Precinct 106,U.S. Senate,,R,Under Votes,130
Clackamas,Precinct 107,U.S. Senate,,R,Under Votes,88
Clackamas,Precinct 108,U.S. Senate,,R,Under Votes,157
Clackamas,Precinct 109,U.S. Senate,,R,Under Votes,0
Clackamas,Precinct 111,U.S. Senate,,R,Under Votes,195
Clackamas,Precinct 112,U.S. Senate,,R,Under Votes,0
Clackamas,Precinct 113,U.S. Senate,,R,Under Votes,4
Clackamas,Precinct 114,U.S. Senate,,R,Under Votes,2
Clackamas,Precinct 115,U.S. Senate,,R,Under Votes,5
Clackamas,Precinct 116,U.S. Senate,,R,Under Votes,0
Clackamas,Precinct 122,U.S. Senate,,R,Under Votes,196
Clackamas,Precinct 123,U.S. Senate,,R,Under Votes,120
Clackamas,Precinct 124,U.S. Senate,,R,Under Votes,196
Clackamas,Precinct 125,U.S. Senate,,R,Under Votes,88
Clackamas,Precinct 127,U.S. Senate,,R,Under Votes,5
Clackamas,Precinct 131,U.S. Senate,,R,Under Votes,217
Clackamas,Precinct 132,U.S. Senate,,R,Under Votes,108
Clackamas,Precinct 133,U.S. Senate,,R,Under Votes,53
Clackamas,Precinct 134,U.S. Senate,,R,Under Votes,0
Clackamas,Precinct 135,U.S. Senate,,R,Under Votes,134
Clackamas,Precinct 151,U.S. Senate,,R,Under Votes,103
Clackamas,Precinct 152,U.S. Senate,,R,Under Votes,204
Clackamas,Precinct 153,U.S. Senate,,R,Under Votes,15
Clackamas,Precinct 154,U.S. Senate,,R,Under Votes,1
Clackamas,Precinct 155,U.S. Senate,,R,Under Votes,86
Clackamas,Precinct 156,U.S. Senate,,R,Under Votes,164
Clackamas,Precinct 157,U.S. Senate,,R,Under Votes,3
Clackamas,Precinct 158,U.S. Senate,,R,Under Votes,115
Clackamas,Precinct 159,U.S. Senate,,R,Under Votes,106
Clackamas,Precinct 160,U.S. Senate,,R,Under Votes,39
Clackamas,Precinct 161,U.S. Senate,,R,Under Votes,21
Clackamas,Precinct 162,U.S. Senate,,R,Under Votes,8
Clackamas,Precinct 201,U.S. Senate,,R,Under Votes,121
Clackamas,Precinct 202,U.S. Senate,,R,Under Votes,165
Clackamas,Precinct 203,U.S. Senate,,R,Under Votes,148
Clackamas,Precinct 204,U.S. Senate,,R,Under Votes,81
Clackamas,Precinct 251,U.S. Senate,,R,Under Votes,64
Clackamas,Precinct 279,U.S. Senate,,R,Under Votes,3
Clackamas,Precinct 280,U.S. Senate,,R,Under Votes,8
Clackamas,Precinct 281,U.S. Senate,,R,Under Votes,32
Clackamas,Precinct 282,U.S. Senate,,R,Under Votes,12
Clackamas,Precinct 283,U.S. Senate,,R,Under Votes,14
Clackamas,Precinct 284,U.S. Senate,,R,Under Votes,9
Clackamas,Precinct 285,U.S. Senate,,R,Under Votes,2
Clackamas,Precinct 286,U.S. Senate,,R,Under Votes,4
Clackamas,Precinct 320,U.S. Senate,,R,Under Votes,6
Clackamas,Precinct 321,U.S. Senate,,R,Under Votes,148
Clackamas,Precinct 322,U.S. Senate,,R,Under Votes,65
Clackamas,Precinct 323,U.S. Senate,,R,Under Votes,67
Clackamas,Precinct 324,U.S. Senate,,R,Under Votes,3
Clackamas,Precinct 330,U.S. Senate,,R,Under Votes,259
Clackamas,Precinct 331,U.S. Senate,,R,Under Votes,139
Clackamas,Precinct 332,U.S. Senate,,R,Under Votes,30
Clackamas,Precinct 350,U.S. Senate,,R,Under Votes,180
Clackamas,Precinct 355,U.S. Senate,,R,Under Votes,0
Clackamas,Precinct 357,U.S. Senate,,R,Under Votes,8
Clackamas,Precinct 358,U.S. Senate,,R,Under Votes,38
Clackamas,Precinct 359,U.S. Senate,,R,Under Votes,159
Clackamas,Precinct 360,U.S. Senate,,R,Under Votes,61
Clackamas,Precinct 361,U.S. Senate,,R,Under Votes,0
Clackamas,Precinct 362,U.S. Senate,,R,Under Votes,58
Clackamas,Precinct 363,U.S. Senate,,R,Under Votes,130
Clackamas,Precinct 364,U.S. Senate,,R,Under Votes,15
Clackamas,Precinct 371,U.S. Senate,,R,Under Votes,17
Clackamas,Precinct 372,U.S. Senate,,R,Under Votes,3
Clackamas,Precinct 373,U.S. Senate,,R,Under Votes,176
Clackamas,Precinct 374,U.S. Senate,,R,Under Votes,0
Clackamas,Precinct 400,U.S. Senate,,R,Under Votes,259
Clackamas,Precinct 403,U.S. Senate,,R,Under Votes,52
Clackamas,Precinct 404,U.S. Senate,,R,Under Votes,273
Clackamas,Precinct 405,U.S. Senate,,R,Under Votes,155
Clackamas,Precinct 406,U.S. Senate,,R,Under Votes,58
Clackamas,Precinct 410,U.S. Senate,,R,Under Votes,100
Clackamas,Precinct 411,U.S. Senate,,R,Under Votes,121
Clackamas,Precinct 412,U.S. Senate,,R,Under Votes,74
Clackamas,Precinct 413,U.S. Senate,,R,Under Votes,6
Clackamas,Precinct 414,U.S. Senate,,R,Under Votes,27
Clackamas,Precinct 415,U.S. Senate,,R,Under Votes,19
Clackamas,Precinct 416,U.S. Senate,,R,Under Votes,80
Clackamas,Precinct 417,U.S. Senate,,R,Under Votes,36
Clackamas,Precinct 418,U.S. Senate,,R,Under Votes,46
Clackamas,Precinct 419,U.S. Senate,,R,Under Votes,50
Clackamas,Precinct 420,U.S. Senate,,R,Under Votes,36
Clackamas,Precinct 421,U.S. Senate,,R,Under Votes,59
Clackamas,Precinct 422,U.S. Senate,,R,Under Votes,71
Clackamas,Precinct 500,U.S. Senate,,R,Under Votes,26
Clackamas,Precinct 501,U.S. Senate,,R,Under Votes,89
Clackamas,Precinct 502,U.S. Senate,,R,Under Votes,113
Clackamas,Precinct 503,U.S. Senate,,R,Under Votes,111
Clackamas,Precinct 504,U.S. Senate,,R,Under Votes,128
Clackamas,Precinct 506,U.S. Senate,,R,Under Votes,100
Clackamas,Precinct 510,U.S. Senate,,R,Under Votes,55
Clackamas,Precinct 511,U.S. Senate,,R,Under Votes,109
Clackamas,Precinct 512,U.S. Senate,,R,Under Votes,88
Clackamas,Precinct 513,U.S. Senate,,R,Under Votes,5
Clackamas,Precinct 514,U.S. Senate,,R,Under Votes,280
Clackamas,Precinct 515,U.S. Senate,,R,Under Votes,82
Clackamas,Precinct 516,U.S. Senate,,R,Under Votes,131
Clackamas,Precinct 517,U.S. Senate,,R,Under Votes,117
Clackamas,Precinct 518,U.S. Senate,,R,Under Votes,151
Clackamas,Precinct 600,U.S. Senate,,R,Under Votes,132
Clackamas,Precinct 602,U.S. Senate,,R,Under Votes,165
Clackamas,Precinct 604,U.S. Senate,,R,Under Votes,263
Clackamas,Precinct 606,U.S. Senate,,R,Under Votes,70
Clackamas,Precinct 608,U.S. Senate,,R,Under Votes,102
Clackamas,Precinct 614,U.S. Senate,,R,Under Votes,68
Clackamas,Precinct 616,U.S. Senate,,R,Under Votes,115
Clackamas,Precinct 618,U.S. Senate,,R,Under Votes,20
Clackamas,Precinct 620,U.S. Senate,,R,Under Votes,3
Clackamas,Precinct 622,U.S. Senate,,R,Under Votes,62
Clackamas,Precinct 626,U.S. Senate,,R,Under Votes,43
Clackamas,Precinct 628,U.S. Senate,,R,Under Votes,28
Clackamas,Precinct 630,U.S. Senate,,R,Under Votes,113
Clackamas,Precinct 100,U.S. Senate,,R,Write-ins,0
Clackamas,Precinct 101,U.S. Senate,,R,Write-ins,7
Clackamas,Precinct 102,U.S. Senate,,R,Write-ins,3
Clackamas,Precinct 103,U.S. Senate,,R,Write-ins,3
Clackamas,Precinct 104,U.S. Senate,,R,Write-ins,0
Clackamas,Precinct 105,U.S. Senate,,R,Write-ins,7
Clackamas,Precinct 106,U.S. Senate,,R,Write-ins,4
Clackamas,Precinct 107,U.S. Senate,,R,Write-ins,2
Clackamas,Precinct 108,U.S. Senate,,R,Write-ins,12
Clackamas,Precinct 109,U.S. Senate,,R,Write-ins,0
Clackamas,Precinct 111,U.S. Senate,,R,Write-ins,9
Clackamas,Precinct 112,U.S. Senate,,R,Write-ins,0
Clackamas,Precinct 113,U.S. Senate,,R,Write-ins,0
Clackamas,Precinct 114,U.S. Senate,,R,Write-ins,0
Clackamas,Precinct 115,U.S. Senate,,R,Write-ins,0
Clackamas,Precinct 116,U.S. Senate,,R,Write-ins,0
Clackamas,Precinct 122,U.S. Senate,,R,Write-ins,4
Clackamas,Precinct 123,U.S. Senate,,R,Write-ins,5
Clackamas,Precinct 124,U.S. Senate,,R,Write-ins,14
Clackamas,Precinct 125,U.S. Senate,,R,Write-ins,3
Clackamas,Precinct 127,U.S. Senate,,R,Write-ins,0
Clackamas,Precinct 131,U.S. Senate,,R,Write-ins,5
Clackamas,Precinct 132,U.S. Senate,,R,Write-ins,6
Clackamas,Precinct 133,U.S. Senate,,R,Write-ins,4
Clackamas,Precinct 134,U.S. Senate,,R,Write-ins,0
Clackamas,Precinct 135,U.S. Senate,,R,Write-ins,8
Clackamas,Precinct 151,U.S. Senate,,R,Write-ins,3
Clackamas,Precinct 152,U.S. Senate,,R,Write-ins,7
Clackamas,Precinct 153,U.S. Senate,,R,Write-ins,1
Clackamas,Precinct 154,U.S. Senate,,R,Write-ins,0
Clackamas,Precinct 155,U.S. Senate,,R,Write-ins,2
Clackamas,Precinct 156,U.S. Senate,,R,Write-ins,4
Clackamas,Precinct 157,U.S. Senate,,R,Write-ins,0
Clackamas,Precinct 158,U.S. Senate,,R,Write-ins,3
Clackamas,Precinct 159,U.S. Senate,,R,Write-ins,1
Clackamas,Precinct 160,U.S. Senate,,R,Write-ins,1
Clackamas,Precinct 161,U.S. Senate,,R,Write-ins,0
Clackamas,Precinct 162,U.S. Senate,,R,Write-ins,1
Clackamas,Precinct 201,U.S. Senate,,R,Write-ins,4
Clackamas,Precinct 202,U.S. Senate,,R,Write-ins,11
Clackamas,Precinct 203,U.S. Senate,,R,Write-ins,9
Clackamas,Precinct 204,U.S. Senate,,R,Write-ins,2
Clackamas,Precinct 251,U.S. Senate,,R,Write-ins,2
Clackamas,Precinct 279,U.S. Senate,,R,Write-ins,0
Clackamas,Precinct 280,U.S. Senate,,R,Write-ins,0
Clackamas,Precinct 281,U.S. Senate,,R,Write-ins,4
Clackamas,Precinct 282,U.S. Senate,,R,Write-ins,1
Clackamas,Precinct 283,U.S. Senate,,R,Write-ins,1
Clackamas,Precinct 284,U.S. Senate,,R,Write-ins,2
Clackamas,Precinct 285,U.S. Senate,,R,Write-ins,0
Clackamas,Precinct 286,U.S. Senate,,R,Write-ins,0
Clackamas,Precinct 320,U.S. Senate,,R,Write-ins,0
Clackamas,Precinct 321,U.S. Senate,,R,Write-ins,6
Clackamas,Precinct 322,U.S. Senate,,R,Write-ins,3
Clackamas,Precinct 323,U.S. Senate,,R,Write-ins,3
Clackamas,Precinct 324,U.S. Senate,,R,Write-ins,2
Clackamas,Precinct 330,U.S. Senate,,R,Write-ins,8
Clackamas,Precinct 331,U.S. Senate,,R,Write-ins,5
Clackamas,Precinct 332,U.S. Senate,,R,Write-ins,0
Clackamas,Precinct 350,U.S. Senate,,R,Write-ins,1
Clackamas,Precinct 355,U.S. Senate,,R,Write-ins,0
Clackamas,Precinct 357,U.S. Senate,,R,Write-ins,0
Clackamas,Precinct 358,U.S. Senate,,R,Write-ins,0
Clackamas,Precinct 359,U.S. Senate,,R,Write-ins,4
Clackamas,Precinct 360,U.S. Senate,,R,Write-ins,1
Clackamas,Precinct 361,U.S. Senate,,R,Write-ins,0
Clackamas,Precinct 362,U.S. Senate,,R,Write-ins,0
Clackamas,Precinct 363,U.S. Senate,,R,Write-ins,5
Clackamas,Precinct 364,U.S. Senate,,R,Write-ins,0
Clackamas,Precinct 371,U.S. Senate,,R,Write-ins,2
Clackamas,Precinct 372,U.S. Senate,,R,Write-ins,0
Clackamas,Precinct 373,U.S. Senate,,R,Write-ins,6
Clackamas,Precinct 374,U.S. Senate,,R,Write-ins,0
Clackamas,Precinct 400,U.S. Senate,,R,Write-ins,6
Clackamas,Precinct 403,U.S. Senate,,R,Write-ins,3
Clackamas,Precinct 404,U.S. Senate,,R,Write-ins,0
Clackamas,Precinct 405,U.S. Senate,,R,Write-ins,4
Clackamas,Precinct 406,U.S. Senate,,R,Write-ins,3
Clackamas,Precinct 410,U.S. Senate,,R,Write-ins,6
Clackamas,Precinct 411,U.S. Senate,,R,Write-ins,4
Clackamas,Precinct 412,U.S. Senate,,R,Write-ins,5
Clackamas,Precinct 413,U.S. Senate,,R,Write-ins,0
Clackamas,Precinct 414,U.S. Senate,,R,Write-ins,1
Clackamas,Precinct 415,U.S. Senate,,R,Write-ins,0
Clackamas,Precinct 416,U.S. Senate,,R,Write-ins,4
Clackamas,Precinct 417,U.S. Senate,,R,Write-ins,3
Clackamas,Precinct 418,U.S. Senate,,R,Write-ins,0
Clackamas,Precinct 419,U.S. Senate,,R,Write-ins,2
Clackamas,Precinct 420,U.S. Senate,,R,Write-ins,3
Clackamas,Precinct 421,U.S. Senate,,R,Write-ins,2
Clackamas,Precinct 422,U.S. Senate,,R,Write-ins,5
Clackamas,Precinct 500,U.S. Senate,,R,Write-ins,1
Clackamas,Precinct 501,U.S. Senate,,R,Write-ins,7
Clackamas,Precinct 502,U.S. Senate,,R,Write-ins,6
Clackamas,Precinct 503,U.S. Senate,,R,Write-ins,6
Clackamas,Precinct 504,U.S. Senate,,R,Write-ins,6
Clackamas,Precinct 506,U.S. Senate,,R,Write-ins,5
Clackamas,Precinct 510,U.S. Senate,,R,Write-ins,5
Clackamas,Precinct 511,U.S. Senate,,R,Write-ins,7
Clackamas,Precinct 512,U.S. Senate,,R,Write-ins,2
Clackamas,Precinct 513,U.S. Senate,,R,Write-ins,1
Clackamas,Precinct 514,U.S. Senate,,R,Write-ins,18
Clackamas,Precinct 515,U.S. Senate,,R,Write-ins,2
Clackamas,Precinct 516,U.S. Senate,,R,Write-ins,5
Clackamas,Precinct 517,U.S. Senate,,R,Write-ins,6
Clackamas,Precinct 518,U.S. Senate,,R,Write-ins,1
Clackamas,Precinct 600,U.S. Senate,,R,Write-ins,5
Clackamas,Precinct 602,U.S. Senate,,R,Write-ins,9
Clackamas,Precinct 604,U.S. Senate,,R,Write-ins,13
Clackamas,Precinct 606,U.S. Senate,,R,Write-ins,3
Clackamas,Precinct 608,U.S. Senate,,R,Write-ins,2
Clackamas,Precinct 614,U.S. Senate,,R,Write-ins,4
Clackamas,Precinct 616,U.S. Senate,,R,Write-ins,7
Clackamas,Precinct 618,U.S. Senate,,R,Write-ins,0
Clackamas,Precinct 620,U.S. Senate,,R,Write-ins,0
Clackamas,Precinct 622,U.S. Senate,,R,Write-ins,5
Clackamas,Precinct 626,U.S. Senate,,R,Write-ins,4
Clackamas,Precinct 628,U.S. Senate,,R,Write-ins,0
Clackamas,Precinct 630,U.S. Senate,,R,Write-ins,7
