county,precinct,office,district,party,candidate,votes
Josephine,Precinct 1,County Clerk,,,Darius Englen,304
Josephine,Precinct 10,County Clerk,,,Darius Englen,29
Josephine,Precinct 11,County Clerk,,,Darius Englen,30
Josephine,Precinct 12,County Clerk,,,Darius Englen,28
Josephine,Precinct 13,County Clerk,,,Darius Englen,26
Josephine,Precinct 14,County Clerk,,,Darius Englen,6
Josephine,Precinct 15,County Clerk,,,Darius Englen,147
Josephine,Precinct 16,County Clerk,,,Darius Englen,35
Josephine,Precinct 17,County Clerk,,,Darius Englen,161
Josephine,Precinct 18,County Clerk,,,Darius Englen,175
Josephine,Precinct 19,County Clerk,,,Darius Englen,193
Josephine,Precinct 2,County Clerk,,,Darius Englen,489
Josephine,Precinct 20,County Clerk,,,Darius Englen,24
Josephine,Precinct 21,County Clerk,,,Darius Englen,345
Josephine,Precinct 22,County Clerk,,,Darius Englen,154
Josephine,Precinct 23,County Clerk,,,Darius Englen,33
Josephine,Precinct 24,County Clerk,,,Darius Englen,74
Josephine,Precinct 25,County Clerk,,,Darius Englen,112
Josephine,Precinct 26,County Clerk,,,Darius Englen,71
Josephine,Precinct 27,County Clerk,,,Darius Englen,45
Josephine,Precinct 28,County Clerk,,,Darius Englen,47
Josephine,Precinct 29,County Clerk,,,Darius Englen,5
Josephine,Precinct 3,County Clerk,,,Darius Englen,132
Josephine,Precinct 30,County Clerk,,,Darius Englen,105
Josephine,Precinct 31,County Clerk,,,Darius Englen,224
Josephine,Precinct 32,County Clerk,,,Darius Englen,29
Josephine,Precinct 33,County Clerk,,,Darius Englen,86
Josephine,Precinct 34,County Clerk,,,Darius Englen,39
Josephine,Precinct 35,County Clerk,,,Darius Englen,87
Josephine,Precinct 36,County Clerk,,,Darius Englen,283
Josephine,Precinct 37,County Clerk,,,Darius Englen,96
Josephine,Precinct 38,County Clerk,,,Darius Englen,234
Josephine,Precinct 39,County Clerk,,,Darius Englen,159
Josephine,Precinct 4,County Clerk,,,Darius Englen,89
Josephine,Precinct 40,County Clerk,,,Darius Englen,68
Josephine,Precinct 41,County Clerk,,,Darius Englen,11
Josephine,Precinct 42,County Clerk,,,Darius Englen,210
Josephine,Precinct 43,County Clerk,,,Darius Englen,152
Josephine,Precinct 44,County Clerk,,,Darius Englen,16
Josephine,Precinct 45,County Clerk,,,Darius Englen,24
Josephine,Precinct 46,County Clerk,,,Darius Englen,43
Josephine,Precinct 47,County Clerk,,,Darius Englen,14
Josephine,Precinct 5,County Clerk,,,Darius Englen,122
Josephine,Precinct 6,County Clerk,,,Darius Englen,89
Josephine,Precinct 7,County Clerk,,,Darius Englen,174
Josephine,Precinct 8,County Clerk,,,Darius Englen,280
Josephine,Precinct 9,County Clerk,,,Darius Englen,11
Josephine,Precinct 1,County Clerk,,,Kris Kirby,168
Josephine,Precinct 10,County Clerk,,,Kris Kirby,16
Josephine,Precinct 11,County Clerk,,,Kris Kirby,12
Josephine,Precinct 12,County Clerk,,,Kris Kirby,23
Josephine,Precinct 13,County Clerk,,,Kris Kirby,10
Josephine,Precinct 14,County Clerk,,,Kris Kirby,11
Josephine,Precinct 15,County Clerk,,,Kris Kirby,59
Josephine,Precinct 16,County Clerk,,,Kris Kirby,26
Josephine,Precinct 17,County Clerk,,,Kris Kirby,96
Josephine,Precinct 18,County Clerk,,,Kris Kirby,74
Josephine,Precinct 19,County Clerk,,,Kris Kirby,91
Josephine,Precinct 2,County Clerk,,,Kris Kirby,270
Josephine,Precinct 20,County Clerk,,,Kris Kirby,17
Josephine,Precinct 21,County Clerk,,,Kris Kirby,160
Josephine,Precinct 22,County Clerk,,,Kris Kirby,59
Josephine,Precinct 23,County Clerk,,,Kris Kirby,22
Josephine,Precinct 24,County Clerk,,,Kris Kirby,26
Josephine,Precinct 25,County Clerk,,,Kris Kirby,56
Josephine,Precinct 26,County Clerk,,,Kris Kirby,39
Josephine,Precinct 27,County Clerk,,,Kris Kirby,42
Josephine,Precinct 28,County Clerk,,,Kris Kirby,50
Josephine,Precinct 29,County Clerk,,,Kris Kirby,10
Josephine,Precinct 3,County Clerk,,,Kris Kirby,81
Josephine,Precinct 30,County Clerk,,,Kris Kirby,70
Josephine,Precinct 31,County Clerk,,,Kris Kirby,168
Josephine,Precinct 32,County Clerk,,,Kris Kirby,14
Josephine,Precinct 33,County Clerk,,,Kris Kirby,44
Josephine,Precinct 34,County Clerk,,,Kris Kirby,27
Josephine,Precinct 35,County Clerk,,,Kris Kirby,38
Josephine,Precinct 36,County Clerk,,,Kris Kirby,98
Josephine,Precinct 37,County Clerk,,,Kris Kirby,103
Josephine,Precinct 38,County Clerk,,,Kris Kirby,176
Josephine,Precinct 39,County Clerk,,,Kris Kirby,85
Josephine,Precinct 4,County Clerk,,,Kris Kirby,59
Josephine,Precinct 40,County Clerk,,,Kris Kirby,26
Josephine,Precinct 41,County Clerk,,,Kris Kirby,5
Josephine,Precinct 42,County Clerk,,,Kris Kirby,145
Josephine,Precinct 43,County Clerk,,,Kris Kirby,82
Josephine,Precinct 44,County Clerk,,,Kris Kirby,13
Josephine,Precinct 45,County Clerk,,,Kris Kirby,1
Josephine,Precinct 46,County Clerk,,,Kris Kirby,20
Josephine,Precinct 47,County Clerk,,,Kris Kirby,6
Josephine,Precinct 5,County Clerk,,,Kris Kirby,79
Josephine,Precinct 6,County Clerk,,,Kris Kirby,44
Josephine,Precinct 7,County Clerk,,,Kris Kirby,114
Josephine,Precinct 8,County Clerk,,,Kris Kirby,159
Josephine,Precinct 9,County Clerk,,,Kris Kirby,13
Josephine,Precinct 1,County Clerk,,,Over Votes,0
Josephine,Precinct 10,County Clerk,,,Over Votes,0
Josephine,Precinct 11,County Clerk,,,Over Votes,0
Josephine,Precinct 12,County Clerk,,,Over Votes,0
Josephine,Precinct 13,County Clerk,,,Over Votes,0
Josephine,Precinct 14,County Clerk,,,Over Votes,0
Josephine,Precinct 15,County Clerk,,,Over Votes,0
Josephine,Precinct 16,County Clerk,,,Over Votes,0
Josephine,Precinct 17,County Clerk,,,Over Votes,0
Josephine,Precinct 18,County Clerk,,,Over Votes,0
Josephine,Precinct 19,County Clerk,,,Over Votes,0
Josephine,Precinct 2,County Clerk,,,Over Votes,1
Josephine,Precinct 20,County Clerk,,,Over Votes,0
Josephine,Precinct 21,County Clerk,,,Over Votes,0
Josephine,Precinct 22,County Clerk,,,Over Votes,0
Josephine,Precinct 23,County Clerk,,,Over Votes,0
Josephine,Precinct 24,County Clerk,,,Over Votes,0
Josephine,Precinct 25,County Clerk,,,Over Votes,0
Josephine,Precinct 26,County Clerk,,,Over Votes,0
Josephine,Precinct 27,County Clerk,,,Over Votes,0
Josephine,Precinct 28,County Clerk,,,Over Votes,0
Josephine,Precinct 29,County Clerk,,,Over Votes,0
Josephine,Precinct 3,County Clerk,,,Over Votes,0
Josephine,Precinct 30,County Clerk,,,Over Votes,0
Josephine,Precinct 31,County Clerk,,,Over Votes,0
Josephine,Precinct 32,County Clerk,,,Over Votes,0
Josephine,Precinct 33,County Clerk,,,Over Votes,0
Josephine,Precinct 34,County Clerk,,,Over Votes,0
Josephine,Precinct 35,County Clerk,,,Over Votes,0
Josephine,Precinct 36,County Clerk,,,Over Votes,0
Josephine,Precinct 37,County Clerk,,,Over Votes,0
Josephine,Precinct 38,County Clerk,,,Over Votes,0
Josephine,Precinct 39,County Clerk,,,Over Votes,0
Josephine,Precinct 4,County Clerk,,,Over Votes,0
Josephine,Precinct 40,County Clerk,,,Over Votes,0
Josephine,Precinct 41,County Clerk,,,Over Votes,0
Josephine,Precinct 42,County Clerk,,,Over Votes,0
Josephine,Precinct 43,County Clerk,,,Over Votes,0
Josephine,Precinct 44,County Clerk,,,Over Votes,0
Josephine,Precinct 45,County Clerk,,,Over Votes,0
Josephine,Precinct 46,County Clerk,,,Over Votes,0
Josephine,Precinct 47,County Clerk,,,Over Votes,0
Josephine,Precinct 5,County Clerk,,,Over Votes,0
Josephine,Precinct 6,County Clerk,,,Over Votes,0
Josephine,Precinct 7,County Clerk,,,Over Votes,0
Josephine,Precinct 8,County Clerk,,,Over Votes,1
Josephine,Precinct 9,County Clerk,,,Over Votes,0
Josephine,Precinct 1,County Clerk,,,Rhiannon Henkels,1242
Josephine,Precinct 10,County Clerk,,,Rhiannon Henkels,88
Josephine,Precinct 11,County Clerk,,,Rhiannon Henkels,85
Josephine,Precinct 12,County Clerk,,,Rhiannon Henkels,76
Josephine,Precinct 13,County Clerk,,,Rhiannon Henkels,78
Josephine,Precinct 14,County Clerk,,,Rhiannon Henkels,24
Josephine,Precinct 15,County Clerk,,,Rhiannon Henkels,425
Josephine,Precinct 16,County Clerk,,,Rhiannon Henkels,72
Josephine,Precinct 17,County Clerk,,,Rhiannon Henkels,456
Josephine,Precinct 18,County Clerk,,,Rhiannon Henkels,480
Josephine,Precinct 19,County Clerk,,,Rhiannon Henkels,517
Josephine,Precinct 2,County Clerk,,,Rhiannon Henkels,1326
Josephine,Precinct 20,County Clerk,,,Rhiannon Henkels,62
Josephine,Precinct 21,County Clerk,,,Rhiannon Henkels,748
Josephine,Precinct 22,County Clerk,,,Rhiannon Henkels,378
Josephine,Precinct 23,County Clerk,,,Rhiannon Henkels,89
Josephine,Precinct 24,County Clerk,,,Rhiannon Henkels,207
Josephine,Precinct 25,County Clerk,,,Rhiannon Henkels,306
Josephine,Precinct 26,County Clerk,,,Rhiannon Henkels,192
Josephine,Precinct 27,County Clerk,,,Rhiannon Henkels,102
Josephine,Precinct 28,County Clerk,,,Rhiannon Henkels,88
Josephine,Precinct 29,County Clerk,,,Rhiannon Henkels,19
Josephine,Precinct 3,County Clerk,,,Rhiannon Henkels,485
Josephine,Precinct 30,County Clerk,,,Rhiannon Henkels,255
Josephine,Precinct 31,County Clerk,,,Rhiannon Henkels,804
Josephine,Precinct 32,County Clerk,,,Rhiannon Henkels,53
Josephine,Precinct 33,County Clerk,,,Rhiannon Henkels,176
Josephine,Precinct 34,County Clerk,,,Rhiannon Henkels,91
Josephine,Precinct 35,County Clerk,,,Rhiannon Henkels,214
Josephine,Precinct 36,County Clerk,,,Rhiannon Henkels,564
Josephine,Precinct 37,County Clerk,,,Rhiannon Henkels,282
Josephine,Precinct 38,County Clerk,,,Rhiannon Henkels,733
Josephine,Precinct 39,County Clerk,,,Rhiannon Henkels,421
Josephine,Precinct 4,County Clerk,,,Rhiannon Henkels,303
Josephine,Precinct 40,County Clerk,,,Rhiannon Henkels,213
Josephine,Precinct 41,County Clerk,,,Rhiannon Henkels,26
Josephine,Precinct 42,County Clerk,,,Rhiannon Henkels,465
Josephine,Precinct 43,County Clerk,,,Rhiannon Henkels,312
Josephine,Precinct 44,County Clerk,,,Rhiannon Henkels,50
Josephine,Precinct 45,County Clerk,,,Rhiannon Henkels,28
Josephine,Precinct 46,County Clerk,,,Rhiannon Henkels,59
Josephine,Precinct 47,County Clerk,,,Rhiannon Henkels,53
Josephine,Precinct 5,County Clerk,,,Rhiannon Henkels,386
Josephine,Precinct 6,County Clerk,,,Rhiannon Henkels,315
Josephine,Precinct 7,County Clerk,,,Rhiannon Henkels,463
Josephine,Precinct 8,County Clerk,,,Rhiannon Henkels,920
Josephine,Precinct 9,County Clerk,,,Rhiannon Henkels,34
Josephine,Precinct 1,County Clerk,,,Under Votes,358
Josephine,Precinct 10,County Clerk,,,Under Votes,16
Josephine,Precinct 11,County Clerk,,,Under Votes,20
Josephine,Precinct 12,County Clerk,,,Under Votes,35
Josephine,Precinct 13,County Clerk,,,Under Votes,17
Josephine,Precinct 14,County Clerk,,,Under Votes,9
Josephine,Precinct 15,County Clerk,,,Under Votes,154
Josephine,Precinct 16,County Clerk,,,Under Votes,38
Josephine,Precinct 17,County Clerk,,,Under Votes,126
Josephine,Precinct 18,County Clerk,,,Under Votes,171
Josephine,Precinct 19,County Clerk,,,Under Votes,193
Josephine,Precinct 2,County Clerk,,,Under Votes,505
Josephine,Precinct 20,County Clerk,,,Under Votes,15
Josephine,Precinct 21,County Clerk,,,Under Votes,289
Josephine,Precinct 22,County Clerk,,,Under Votes,104
Josephine,Precinct 23,County Clerk,,,Under Votes,40
Josephine,Precinct 24,County Clerk,,,Under Votes,53
Josephine,Precinct 25,County Clerk,,,Under Votes,111
Josephine,Precinct 26,County Clerk,,,Under Votes,74
Josephine,Precinct 27,County Clerk,,,Under Votes,57
Josephine,Precinct 28,County Clerk,,,Under Votes,67
Josephine,Precinct 29,County Clerk,,,Under Votes,6
Josephine,Precinct 3,County Clerk,,,Under Votes,137
Josephine,Precinct 30,County Clerk,,,Under Votes,130
Josephine,Precinct 31,County Clerk,,,Under Votes,283
Josephine,Precinct 32,County Clerk,,,Under Votes,28
Josephine,Precinct 33,County Clerk,,,Under Votes,65
Josephine,Precinct 34,County Clerk,,,Under Votes,35
Josephine,Precinct 35,County Clerk,,,Under Votes,107
Josephine,Precinct 36,County Clerk,,,Under Votes,210
Josephine,Precinct 37,County Clerk,,,Under Votes,131
Josephine,Precinct 38,County Clerk,,,Under Votes,302
Josephine,Precinct 39,County Clerk,,,Under Votes,153
Josephine,Precinct 4,County Clerk,,,Under Votes,106
Josephine,Precinct 40,County Clerk,,,Under Votes,99
Josephine,Precinct 41,County Clerk,,,Under Votes,14
Josephine,Precinct 42,County Clerk,,,Under Votes,210
Josephine,Precinct 43,County Clerk,,,Under Votes,139
Josephine,Precinct 44,County Clerk,,,Under Votes,17
Josephine,Precinct 45,County Clerk,,,Under Votes,21
Josephine,Precinct 46,County Clerk,,,Under Votes,26
Josephine,Precinct 47,County Clerk,,,Under Votes,18
Josephine,Precinct 5,County Clerk,,,Under Votes,143
Josephine,Precinct 6,County Clerk,,,Under Votes,106
Josephine,Precinct 7,County Clerk,,,Under Votes,197
Josephine,Precinct 8,County Clerk,,,Under Votes,305
Josephine,Precinct 9,County Clerk,,,Under Votes,21
Josephine,Precinct 1,County Clerk,,,Write-ins,3
Josephine,Precinct 10,County Clerk,,,Write-ins,0
Josephine,Precinct 11,County Clerk,,,Write-ins,0
Josephine,Precinct 12,County Clerk,,,Write-ins,0
Josephine,Precinct 13,County Clerk,,,Write-ins,1
Josephine,Precinct 14,County Clerk,,,Write-ins,0
Josephine,Precinct 15,County Clerk,,,Write-ins,1
Josephine,Precinct 16,County Clerk,,,Write-ins,0
Josephine,Precinct 17,County Clerk,,,Write-ins,1
Josephine,Precinct 18,County Clerk,,,Write-ins,2
Josephine,Precinct 19,County Clerk,,,Write-ins,1
Josephine,Precinct 2,County Clerk,,,Write-ins,0
Josephine,Precinct 20,County Clerk,,,Write-ins,0
Josephine,Precinct 21,County Clerk,,,Write-ins,0
Josephine,Precinct 22,County Clerk,,,Write-ins,1
Josephine,Precinct 23,County Clerk,,,Write-ins,0
Josephine,Precinct 24,County Clerk,,,Write-ins,0
Josephine,Precinct 25,County Clerk,,,Write-ins,1
Josephine,Precinct 26,County Clerk,,,Write-ins,0
Josephine,Precinct 27,County Clerk,,,Write-ins,3
Josephine,Precinct 28,County Clerk,,,Write-ins,0
Josephine,Precinct 29,County Clerk,,,Write-ins,0
Josephine,Precinct 3,County Clerk,,,Write-ins,1
Josephine,Precinct 30,County Clerk,,,Write-ins,0
Josephine,Precinct 31,County Clerk,,,Write-ins,5
Josephine,Precinct 32,County Clerk,,,Write-ins,0
Josephine,Precinct 33,County Clerk,,,Write-ins,0
Josephine,Precinct 34,County Clerk,,,Write-ins,1
Josephine,Precinct 35,County Clerk,,,Write-ins,0
Josephine,Precinct 36,County Clerk,,,Write-ins,0
Josephine,Precinct 37,County Clerk,,,Write-ins,0
Josephine,Precinct 38,County Clerk,,,Write-ins,2
Josephine,Precinct 39,County Clerk,,,Write-ins,2
Josephine,Precinct 4,County Clerk,,,Write-ins,4
Josephine,Precinct 40,County Clerk,,,Write-ins,0
Josephine,Precinct 41,County Clerk,,,Write-ins,0
Josephine,Precinct 42,County Clerk,,,Write-ins,1
Josephine,Precinct 43,County Clerk,,,Write-ins,0
Josephine,Precinct 44,County Clerk,,,Write-ins,0
Josephine,Precinct 45,County Clerk,,,Write-ins,1
Josephine,Precinct 46,County Clerk,,,Write-ins,0
Josephine,Precinct 47,County Clerk,,,Write-ins,0
Josephine,Precinct 5,County Clerk,,,Write-ins,2
Josephine,Precinct 6,County Clerk,,,Write-ins,0
Josephine,Precinct 7,County Clerk,,,Write-ins,3
Josephine,Precinct 8,County Clerk,,,Write-ins,1
Josephine,Precinct 9,County Clerk,,,Write-ins,0
Josephine,Precinct 1,County Commissioner,Position 1,,Alicia Louise Dove,82
Josephine,Precinct 10,County Commissioner,Position 1,,Alicia Louise Dove,6
Josephine,Precinct 11,County Commissioner,Position 1,,Alicia Louise Dove,9
Josephine,Precinct 12,County Commissioner,Position 1,,Alicia Louise Dove,6
Josephine,Precinct 13,County Commissioner,Position 1,,Alicia Louise Dove,7
Josephine,Precinct 14,County Commissioner,Position 1,,Alicia Louise Dove,2
Josephine,Precinct 15,County Commissioner,Position 1,,Alicia Louise Dove,16
Josephine,Precinct 16,County Commissioner,Position 1,,Alicia Louise Dove,6
Josephine,Precinct 17,County Commissioner,Position 1,,Alicia Louise Dove,29
Josephine,Precinct 18,County Commissioner,Position 1,,Alicia Louise Dove,26
Josephine,Precinct 19,County Commissioner,Position 1,,Alicia Louise Dove,28
Josephine,Precinct 2,County Commissioner,Position 1,,Alicia Louise Dove,96
Josephine,Precinct 20,County Commissioner,Position 1,,Alicia Louise Dove,5
Josephine,Precinct 21,County Commissioner,Position 1,,Alicia Louise Dove,46
Josephine,Precinct 22,County Commissioner,Position 1,,Alicia Louise Dove,17
Josephine,Precinct 23,County Commissioner,Position 1,,Alicia Louise Dove,3
Josephine,Precinct 24,County Commissioner,Position 1,,Alicia Louise Dove,3
Josephine,Precinct 25,County Commissioner,Position 1,,Alicia Louise Dove,16
Josephine,Precinct 26,County Commissioner,Position 1,,Alicia Louise Dove,29
Josephine,Precinct 27,County Commissioner,Position 1,,Alicia Louise Dove,6
Josephine,Precinct 28,County Commissioner,Position 1,,Alicia Louise Dove,12
Josephine,Precinct 29,County Commissioner,Position 1,,Alicia Louise Dove,1
Josephine,Precinct 3,County Commissioner,Position 1,,Alicia Louise Dove,26
Josephine,Precinct 30,County Commissioner,Position 1,,Alicia Louise Dove,44
Josephine,Precinct 31,County Commissioner,Position 1,,Alicia Louise Dove,66
Josephine,Precinct 32,County Commissioner,Position 1,,Alicia Louise Dove,9
Josephine,Precinct 33,County Commissioner,Position 1,,Alicia Louise Dove,22
Josephine,Precinct 34,County Commissioner,Position 1,,Alicia Louise Dove,5
Josephine,Precinct 35,County Commissioner,Position 1,,Alicia Louise Dove,14
Josephine,Precinct 36,County Commissioner,Position 1,,Alicia Louise Dove,52
Josephine,Precinct 37,County Commissioner,Position 1,,Alicia Louise Dove,26
Josephine,Precinct 38,County Commissioner,Position 1,,Alicia Louise Dove,39
Josephine,Precinct 39,County Commissioner,Position 1,,Alicia Louise Dove,30
Josephine,Precinct 4,County Commissioner,Position 1,,Alicia Louise Dove,24
Josephine,Precinct 40,County Commissioner,Position 1,,Alicia Louise Dove,17
Josephine,Precinct 41,County Commissioner,Position 1,,Alicia Louise Dove,2
Josephine,Precinct 42,County Commissioner,Position 1,,Alicia Louise Dove,49
Josephine,Precinct 43,County Commissioner,Position 1,,Alicia Louise Dove,25
Josephine,Precinct 44,County Commissioner,Position 1,,Alicia Louise Dove,5
Josephine,Precinct 45,County Commissioner,Position 1,,Alicia Louise Dove,1
Josephine,Precinct 46,County Commissioner,Position 1,,Alicia Louise Dove,5
Josephine,Precinct 47,County Commissioner,Position 1,,Alicia Louise Dove,6
Josephine,Precinct 5,County Commissioner,Position 1,,Alicia Louise Dove,28
Josephine,Precinct 6,County Commissioner,Position 1,,Alicia Louise Dove,20
Josephine,Precinct 7,County Commissioner,Position 1,,Alicia Louise Dove,48
Josephine,Precinct 8,County Commissioner,Position 1,,Alicia Louise Dove,54
Josephine,Precinct 9,County Commissioner,Position 1,,Alicia Louise Dove,2
Josephine,Precinct 1,County Commissioner,Position 1,,Colene Martin,1079
Josephine,Precinct 10,County Commissioner,Position 1,,Colene Martin,74
Josephine,Precinct 11,County Commissioner,Position 1,,Colene Martin,62
Josephine,Precinct 12,County Commissioner,Position 1,,Colene Martin,58
Josephine,Precinct 13,County Commissioner,Position 1,,Colene Martin,52
Josephine,Precinct 14,County Commissioner,Position 1,,Colene Martin,20
Josephine,Precinct 15,County Commissioner,Position 1,,Colene Martin,338
Josephine,Precinct 16,County Commissioner,Position 1,,Colene Martin,63
Josephine,Precinct 17,County Commissioner,Position 1,,Colene Martin,400
Josephine,Precinct 18,County Commissioner,Position 1,,Colene Martin,392
Josephine,Precinct 19,County Commissioner,Position 1,,Colene Martin,421
Josephine,Precinct 2,County Commissioner,Position 1,,Colene Martin,1094
Josephine,Precinct 20,County Commissioner,Position 1,,Colene Martin,40
Josephine,Precinct 21,County Commissioner,Position 1,,Colene Martin,574
Josephine,Precinct 22,County Commissioner,Position 1,,Colene Martin,281
Josephine,Precinct 23,County Commissioner,Position 1,,Colene Martin,66
Josephine,Precinct 24,County Commissioner,Position 1,,Colene Martin,185
Josephine,Precinct 25,County Commissioner,Position 1,,Colene Martin,242
Josephine,Precinct 26,County Commissioner,Position 1,,Colene Martin,127
Josephine,Precinct 27,County Commissioner,Position 1,,Colene Martin,73
Josephine,Precinct 28,County Commissioner,Position 1,,Colene Martin,73
Josephine,Precinct 29,County Commissioner,Position 1,,Colene Martin,11
Josephine,Precinct 3,County Commissioner,Position 1,,Colene Martin,382
Josephine,Precinct 30,County Commissioner,Position 1,,Colene Martin,144
Josephine,Precinct 31,County Commissioner,Position 1,,Colene Martin,550
Josephine,Precinct 32,County Commissioner,Position 1,,Colene Martin,36
Josephine,Precinct 33,County Commissioner,Position 1,,Colene Martin,135
Josephine,Precinct 34,County Commissioner,Position 1,,Colene Martin,58
Josephine,Precinct 35,County Commissioner,Position 1,,Colene Martin,183
Josephine,Precinct 36,County Commissioner,Position 1,,Colene Martin,474
Josephine,Precinct 37,County Commissioner,Position 1,,Colene Martin,200
Josephine,Precinct 38,County Commissioner,Position 1,,Colene Martin,562
Josephine,Precinct 39,County Commissioner,Position 1,,Colene Martin,337
Josephine,Precinct 4,County Commissioner,Position 1,,Colene Martin,250
Josephine,Precinct 40,County Commissioner,Position 1,,Colene Martin,197
Josephine,Precinct 41,County Commissioner,Position 1,,Colene Martin,23
Josephine,Precinct 42,County Commissioner,Position 1,,Colene Martin,377
Josephine,Precinct 43,County Commissioner,Position 1,,Colene Martin,244
Josephine,Precinct 44,County Commissioner,Position 1,,Colene Martin,45
Josephine,Precinct 45,County Commissioner,Position 1,,Colene Martin,26
Josephine,Precinct 46,County Commissioner,Position 1,,Colene Martin,54
Josephine,Precinct 47,County Commissioner,Position 1,,Colene Martin,37
Josephine,Precinct 5,County Commissioner,Position 1,,Colene Martin,298
Josephine,Precinct 6,County Commissioner,Position 1,,Colene Martin,270
Josephine,Precinct 7,County Commissioner,Position 1,,Colene Martin,389
Josephine,Precinct 8,County Commissioner,Position 1,,Colene Martin,688
Josephine,Precinct 9,County Commissioner,Position 1,,Colene Martin,36
Josephine,Precinct 1,County Commissioner,Position 1,,Corey Wilson,106
Josephine,Precinct 10,County Commissioner,Position 1,,Corey Wilson,4
Josephine,Precinct 11,County Commissioner,Position 1,,Corey Wilson,14
Josephine,Precinct 12,County Commissioner,Position 1,,Corey Wilson,10
Josephine,Precinct 13,County Commissioner,Position 1,,Corey Wilson,13
Josephine,Precinct 14,County Commissioner,Position 1,,Corey Wilson,4
Josephine,Precinct 15,County Commissioner,Position 1,,Corey Wilson,60
Josephine,Precinct 16,County Commissioner,Position 1,,Corey Wilson,2
Josephine,Precinct 17,County Commissioner,Position 1,,Corey Wilson,44
Josephine,Precinct 18,County Commissioner,Position 1,,Corey Wilson,61
Josephine,Precinct 19,County Commissioner,Position 1,,Corey Wilson,58
Josephine,Precinct 2,County Commissioner,Position 1,,Corey Wilson,160
Josephine,Precinct 20,County Commissioner,Position 1,,Corey Wilson,18
Josephine,Precinct 21,County Commissioner,Position 1,,Corey Wilson,115
Josephine,Precinct 22,County Commissioner,Position 1,,Corey Wilson,62
Josephine,Precinct 23,County Commissioner,Position 1,,Corey Wilson,10
Josephine,Precinct 24,County Commissioner,Position 1,,Corey Wilson,23
Josephine,Precinct 25,County Commissioner,Position 1,,Corey Wilson,40
Josephine,Precinct 26,County Commissioner,Position 1,,Corey Wilson,33
Josephine,Precinct 27,County Commissioner,Position 1,,Corey Wilson,16
Josephine,Precinct 28,County Commissioner,Position 1,,Corey Wilson,20
Josephine,Precinct 29,County Commissioner,Position 1,,Corey Wilson,6
Josephine,Precinct 3,County Commissioner,Position 1,,Corey Wilson,55
Josephine,Precinct 30,County Commissioner,Position 1,,Corey Wilson,38
Josephine,Precinct 31,County Commissioner,Position 1,,Corey Wilson,96
Josephine,Precinct 32,County Commissioner,Position 1,,Corey Wilson,12
Josephine,Precinct 33,County Commissioner,Position 1,,Corey Wilson,23
Josephine,Precinct 34,County Commissioner,Position 1,,Corey Wilson,12
Josephine,Precinct 35,County Commissioner,Position 1,,Corey Wilson,37
Josephine,Precinct 36,County Commissioner,Position 1,,Corey Wilson,61
Josephine,Precinct 37,County Commissioner,Position 1,,Corey Wilson,48
Josephine,Precinct 38,County Commissioner,Position 1,,Corey Wilson,111
Josephine,Precinct 39,County Commissioner,Position 1,,Corey Wilson,61
Josephine,Precinct 4,County Commissioner,Position 1,,Corey Wilson,29
Josephine,Precinct 40,County Commissioner,Position 1,,Corey Wilson,15
Josephine,Precinct 41,County Commissioner,Position 1,,Corey Wilson,8
Josephine,Precinct 42,County Commissioner,Position 1,,Corey Wilson,84
Josephine,Precinct 43,County Commissioner,Position 1,,Corey Wilson,46
Josephine,Precinct 44,County Commissioner,Position 1,,Corey Wilson,6
Josephine,Precinct 45,County Commissioner,Position 1,,Corey Wilson,5
Josephine,Precinct 46,County Commissioner,Position 1,,Corey Wilson,14
Josephine,Precinct 47,County Commissioner,Position 1,,Corey Wilson,6
Josephine,Precinct 5,County Commissioner,Position 1,,Corey Wilson,79
Josephine,Precinct 6,County Commissioner,Position 1,,Corey Wilson,47
Josephine,Precinct 7,County Commissioner,Position 1,,Corey Wilson,91
Josephine,Precinct 8,County Commissioner,Position 1,,Corey Wilson,103
Josephine,Precinct 9,County Commissioner,Position 1,,Corey Wilson,3
Josephine,Precinct 1,County Commissioner,Position 1,,John West,360
Josephine,Precinct 10,County Commissioner,Position 1,,John West,44
Josephine,Precinct 11,County Commissioner,Position 1,,John West,36
Josephine,Precinct 12,County Commissioner,Position 1,,John West,42
Josephine,Precinct 13,County Commissioner,Position 1,,John West,37
Josephine,Precinct 14,County Commissioner,Position 1,,John West,12
Josephine,Precinct 15,County Commissioner,Position 1,,John West,197
Josephine,Precinct 16,County Commissioner,Position 1,,John West,68
Josephine,Precinct 17,County Commissioner,Position 1,,John West,193
Josephine,Precinct 18,County Commissioner,Position 1,,John West,243
Josephine,Precinct 19,County Commissioner,Position 1,,John West,306
Josephine,Precinct 2,County Commissioner,Position 1,,John West,640
Josephine,Precinct 20,County Commissioner,Position 1,,John West,34
Josephine,Precinct 21,County Commissioner,Position 1,,John West,457
Josephine,Precinct 22,County Commissioner,Position 1,,John West,207
Josephine,Precinct 23,County Commissioner,Position 1,,John West,58
Josephine,Precinct 24,County Commissioner,Position 1,,John West,82
Josephine,Precinct 25,County Commissioner,Position 1,,John West,156
Josephine,Precinct 26,County Commissioner,Position 1,,John West,96
Josephine,Precinct 27,County Commissioner,Position 1,,John West,86
Josephine,Precinct 28,County Commissioner,Position 1,,John West,78
Josephine,Precinct 29,County Commissioner,Position 1,,John West,12
Josephine,Precinct 3,County Commissioner,Position 1,,John West,191
Josephine,Precinct 30,County Commissioner,Position 1,,John West,157
Josephine,Precinct 31,County Commissioner,Position 1,,John West,375
Josephine,Precinct 32,County Commissioner,Position 1,,John West,41
Josephine,Precinct 33,County Commissioner,Position 1,,John West,119
Josephine,Precinct 34,County Commissioner,Position 1,,John West,56
Josephine,Precinct 35,County Commissioner,Position 1,,John West,134
Josephine,Precinct 36,County Commissioner,Position 1,,John West,360
Josephine,Precinct 37,County Commissioner,Position 1,,John West,182
Josephine,Precinct 38,County Commissioner,Position 1,,John West,430
Josephine,Precinct 39,County Commissioner,Position 1,,John West,239
Josephine,Precinct 4,County Commissioner,Position 1,,John West,124
Josephine,Precinct 40,County Commissioner,Position 1,,John West,87
Josephine,Precinct 41,County Commissioner,Position 1,,John West,11
Josephine,Precinct 42,County Commissioner,Position 1,,John West,300
Josephine,Precinct 43,County Commissioner,Position 1,,John West,226
Josephine,Precinct 44,County Commissioner,Position 1,,John West,14
Josephine,Precinct 45,County Commissioner,Position 1,,John West,27
Josephine,Precinct 46,County Commissioner,Position 1,,John West,44
Josephine,Precinct 47,County Commissioner,Position 1,,John West,27
Josephine,Precinct 5,County Commissioner,Position 1,,John West,173
Josephine,Precinct 6,County Commissioner,Position 1,,John West,115
Josephine,Precinct 7,County Commissioner,Position 1,,John West,171
Josephine,Precinct 8,County Commissioner,Position 1,,John West,404
Josephine,Precinct 9,County Commissioner,Position 1,,John West,19
Josephine,Precinct 1,County Commissioner,Position 1,,Konnor Kirkpatrick,48
Josephine,Precinct 10,County Commissioner,Position 1,,Konnor Kirkpatrick,3
Josephine,Precinct 11,County Commissioner,Position 1,,Konnor Kirkpatrick,1
Josephine,Precinct 12,County Commissioner,Position 1,,Konnor Kirkpatrick,3
Josephine,Precinct 13,County Commissioner,Position 1,,Konnor Kirkpatrick,6
Josephine,Precinct 14,County Commissioner,Position 1,,Konnor Kirkpatrick,2
Josephine,Precinct 15,County Commissioner,Position 1,,Konnor Kirkpatrick,24
Josephine,Precinct 16,County Commissioner,Position 1,,Konnor Kirkpatrick,5
Josephine,Precinct 17,County Commissioner,Position 1,,Konnor Kirkpatrick,27
Josephine,Precinct 18,County Commissioner,Position 1,,Konnor Kirkpatrick,22
Josephine,Precinct 19,County Commissioner,Position 1,,Konnor Kirkpatrick,14
Josephine,Precinct 2,County Commissioner,Position 1,,Konnor Kirkpatrick,73
Josephine,Precinct 20,County Commissioner,Position 1,,Konnor Kirkpatrick,0
Josephine,Precinct 21,County Commissioner,Position 1,,Konnor Kirkpatrick,48
Josephine,Precinct 22,County Commissioner,Position 1,,Konnor Kirkpatrick,11
Josephine,Precinct 23,County Commissioner,Position 1,,Konnor Kirkpatrick,1
Josephine,Precinct 24,County Commissioner,Position 1,,Konnor Kirkpatrick,7
Josephine,Precinct 25,County Commissioner,Position 1,,Konnor Kirkpatrick,11
Josephine,Precinct 26,County Commissioner,Position 1,,Konnor Kirkpatrick,13
Josephine,Precinct 27,County Commissioner,Position 1,,Konnor Kirkpatrick,8
Josephine,Precinct 28,County Commissioner,Position 1,,Konnor Kirkpatrick,8
Josephine,Precinct 29,County Commissioner,Position 1,,Konnor Kirkpatrick,3
Josephine,Precinct 3,County Commissioner,Position 1,,Konnor Kirkpatrick,22
Josephine,Precinct 30,County Commissioner,Position 1,,Konnor Kirkpatrick,19
Josephine,Precinct 31,County Commissioner,Position 1,,Konnor Kirkpatrick,43
Josephine,Precinct 32,County Commissioner,Position 1,,Konnor Kirkpatrick,6
Josephine,Precinct 33,County Commissioner,Position 1,,Konnor Kirkpatrick,9
Josephine,Precinct 34,County Commissioner,Position 1,,Konnor Kirkpatrick,10
Josephine,Precinct 35,County Commissioner,Position 1,,Konnor Kirkpatrick,5
Josephine,Precinct 36,County Commissioner,Position 1,,Konnor Kirkpatrick,18
Josephine,Precinct 37,County Commissioner,Position 1,,Konnor Kirkpatrick,21
Josephine,Precinct 38,County Commissioner,Position 1,,Konnor Kirkpatrick,42
Josephine,Precinct 39,County Commissioner,Position 1,,Konnor Kirkpatrick,20
Josephine,Precinct 4,County Commissioner,Position 1,,Konnor Kirkpatrick,23
Josephine,Precinct 40,County Commissioner,Position 1,,Konnor Kirkpatrick,12
Josephine,Precinct 41,County Commissioner,Position 1,,Konnor Kirkpatrick,1
Josephine,Precinct 42,County Commissioner,Position 1,,Konnor Kirkpatrick,27
Josephine,Precinct 43,County Commissioner,Position 1,,Konnor Kirkpatrick,18
Josephine,Precinct 44,County Commissioner,Position 1,,Konnor Kirkpatrick,1
Josephine,Precinct 45,County Commissioner,Position 1,,Konnor Kirkpatrick,1
Josephine,Precinct 46,County Commissioner,Position 1,,Konnor Kirkpatrick,5
Josephine,Precinct 47,County Commissioner,Position 1,,Konnor Kirkpatrick,0
Josephine,Precinct 5,County Commissioner,Position 1,,Konnor Kirkpatrick,17
Josephine,Precinct 6,County Commissioner,Position 1,,Konnor Kirkpatrick,3
Josephine,Precinct 7,County Commissioner,Position 1,,Konnor Kirkpatrick,43
Josephine,Precinct 8,County Commissioner,Position 1,,Konnor Kirkpatrick,49
Josephine,Precinct 9,County Commissioner,Position 1,,Konnor Kirkpatrick,6
Josephine,Precinct 1,County Commissioner,Position 1,,Over Votes,1
Josephine,Precinct 10,County Commissioner,Position 1,,Over Votes,0
Josephine,Precinct 11,County Commissioner,Position 1,,Over Votes,0
Josephine,Precinct 12,County Commissioner,Position 1,,Over Votes,1
Josephine,Precinct 13,County Commissioner,Position 1,,Over Votes,0
Josephine,Precinct 14,County Commissioner,Position 1,,Over Votes,0
Josephine,Precinct 15,County Commissioner,Position 1,,Over Votes,0
Josephine,Precinct 16,County Commissioner,Position 1,,Over Votes,0
Josephine,Precinct 17,County Commissioner,Position 1,,Over Votes,0
Josephine,Precinct 18,County Commissioner,Position 1,,Over Votes,0
Josephine,Precinct 19,County Commissioner,Position 1,,Over Votes,0
Josephine,Precinct 2,County Commissioner,Position 1,,Over Votes,0
Josephine,Precinct 20,County Commissioner,Position 1,,Over Votes,0
Josephine,Precinct 21,County Commissioner,Position 1,,Over Votes,1
Josephine,Precinct 22,County Commissioner,Position 1,,Over Votes,0
Josephine,Precinct 23,County Commissioner,Position 1,,Over Votes,0
Josephine,Precinct 24,County Commissioner,Position 1,,Over Votes,0
Josephine,Precinct 25,County Commissioner,Position 1,,Over Votes,0
Josephine,Precinct 26,County Commissioner,Position 1,,Over Votes,0
Josephine,Precinct 27,County Commissioner,Position 1,,Over Votes,0
Josephine,Precinct 28,County Commissioner,Position 1,,Over Votes,0
Josephine,Precinct 29,County Commissioner,Position 1,,Over Votes,0
Josephine,Precinct 3,County Commissioner,Position 1,,Over Votes,0
Josephine,Precinct 30,County Commissioner,Position 1,,Over Votes,0
Josephine,Precinct 31,County Commissioner,Position 1,,Over Votes,1
Josephine,Precinct 32,County Commissioner,Position 1,,Over Votes,0
Josephine,Precinct 33,County Commissioner,Position 1,,Over Votes,0
Josephine,Precinct 34,County Commissioner,Position 1,,Over Votes,0
Josephine,Precinct 35,County Commissioner,Position 1,,Over Votes,0
Josephine,Precinct 36,County Commissioner,Position 1,,Over Votes,0
Josephine,Precinct 37,County Commissioner,Position 1,,Over Votes,0
Josephine,Precinct 38,County Commissioner,Position 1,,Over Votes,0
Josephine,Precinct 39,County Commissioner,Position 1,,Over Votes,0
Josephine,Precinct 4,County Commissioner,Position 1,,Over Votes,0
Josephine,Precinct 40,County Commissioner,Position 1,,Over Votes,0
Josephine,Precinct 41,County Commissioner,Position 1,,Over Votes,0
Josephine,Precinct 42,County Commissioner,Position 1,,Over Votes,0
Josephine,Precinct 43,County Commissioner,Position 1,,Over Votes,0
Josephine,Precinct 44,County Commissioner,Position 1,,Over Votes,0
Josephine,Precinct 45,County Commissioner,Position 1,,Over Votes,0
Josephine,Precinct 46,County Commissioner,Position 1,,Over Votes,0
Josephine,Precinct 47,County Commissioner,Position 1,,Over Votes,0
Josephine,Precinct 5,County Commissioner,Position 1,,Over Votes,0
Josephine,Precinct 6,County Commissioner,Position 1,,Over Votes,0
Josephine,Precinct 7,County Commissioner,Position 1,,Over Votes,0
Josephine,Precinct 8,County Commissioner,Position 1,,Over Votes,0
Josephine,Precinct 9,County Commissioner,Position 1,,Over Votes,0
Josephine,Precinct 1,County Commissioner,Position 1,,Tracy Thompson,201
Josephine,Precinct 10,County Commissioner,Position 1,,Tracy Thompson,11
Josephine,Precinct 11,County Commissioner,Position 1,,Tracy Thompson,18
Josephine,Precinct 12,County Commissioner,Position 1,,Tracy Thompson,12
Josephine,Precinct 13,County Commissioner,Position 1,,Tracy Thompson,9
Josephine,Precinct 14,County Commissioner,Position 1,,Tracy Thompson,3
Josephine,Precinct 15,County Commissioner,Position 1,,Tracy Thompson,65
Josephine,Precinct 16,County Commissioner,Position 1,,Tracy Thompson,8
Josephine,Precinct 17,County Commissioner,Position 1,,Tracy Thompson,87
Josephine,Precinct 18,County Commissioner,Position 1,,Tracy Thompson,56
Josephine,Precinct 19,County Commissioner,Position 1,,Tracy Thompson,65
Josephine,Precinct 2,County Commissioner,Position 1,,Tracy Thompson,206
Josephine,Precinct 20,County Commissioner,Position 1,,Tracy Thompson,10
Josephine,Precinct 21,County Commissioner,Position 1,,Tracy Thompson,129
Josephine,Precinct 22,County Commissioner,Position 1,,Tracy Thompson,47
Josephine,Precinct 23,County Commissioner,Position 1,,Tracy Thompson,15
Josephine,Precinct 24,County Commissioner,Position 1,,Tracy Thompson,36
Josephine,Precinct 25,County Commissioner,Position 1,,Tracy Thompson,55
Josephine,Precinct 26,County Commissioner,Position 1,,Tracy Thompson,27
Josephine,Precinct 27,County Commissioner,Position 1,,Tracy Thompson,27
Josephine,Precinct 28,County Commissioner,Position 1,,Tracy Thompson,21
Josephine,Precinct 29,County Commissioner,Position 1,,Tracy Thompson,2
Josephine,Precinct 3,County Commissioner,Position 1,,Tracy Thompson,77
Josephine,Precinct 30,County Commissioner,Position 1,,Tracy Thompson,64
Josephine,Precinct 31,County Commissioner,Position 1,,Tracy Thompson,145
Josephine,Precinct 32,County Commissioner,Position 1,,Tracy Thompson,6
Josephine,Precinct 33,County Commissioner,Position 1,,Tracy Thompson,30
Josephine,Precinct 34,County Commissioner,Position 1,,Tracy Thompson,23
Josephine,Precinct 35,County Commissioner,Position 1,,Tracy Thompson,25
Josephine,Precinct 36,County Commissioner,Position 1,,Tracy Thompson,91
Josephine,Precinct 37,County Commissioner,Position 1,,Tracy Thompson,50
Josephine,Precinct 38,County Commissioner,Position 1,,Tracy Thompson,101
Josephine,Precinct 39,County Commissioner,Position 1,,Tracy Thompson,48
Josephine,Precinct 4,County Commissioner,Position 1,,Tracy Thompson,47
Josephine,Precinct 40,County Commissioner,Position 1,,Tracy Thompson,28
Josephine,Precinct 41,County Commissioner,Position 1,,Tracy Thompson,5
Josephine,Precinct 42,County Commissioner,Position 1,,Tracy Thompson,87
Josephine,Precinct 43,County Commissioner,Position 1,,Tracy Thompson,55
Josephine,Precinct 44,County Commissioner,Position 1,,Tracy Thompson,12
Josephine,Precinct 45,County Commissioner,Position 1,,Tracy Thompson,8
Josephine,Precinct 46,County Commissioner,Position 1,,Tracy Thompson,11
Josephine,Precinct 47,County Commissioner,Position 1,,Tracy Thompson,10
Josephine,Precinct 5,County Commissioner,Position 1,,Tracy Thompson,63
Josephine,Precinct 6,County Commissioner,Position 1,,Tracy Thompson,49
Josephine,Precinct 7,County Commissioner,Position 1,,Tracy Thompson,84
Josephine,Precinct 8,County Commissioner,Position 1,,Tracy Thompson,162
Josephine,Precinct 9,County Commissioner,Position 1,,Tracy Thompson,5
Josephine,Precinct 1,County Commissioner,Position 1,,Under Votes,193
Josephine,Precinct 10,County Commissioner,Position 1,,Under Votes,7
Josephine,Precinct 11,County Commissioner,Position 1,,Under Votes,7
Josephine,Precinct 12,County Commissioner,Position 1,,Under Votes,29
Josephine,Precinct 13,County Commissioner,Position 1,,Under Votes,8
Josephine,Precinct 14,County Commissioner,Position 1,,Under Votes,7
Josephine,Precinct 15,County Commissioner,Position 1,,Under Votes,85
Josephine,Precinct 16,County Commissioner,Position 1,,Under Votes,19
Josephine,Precinct 17,County Commissioner,Position 1,,Under Votes,60
Josephine,Precinct 18,County Commissioner,Position 1,,Under Votes,100
Josephine,Precinct 19,County Commissioner,Position 1,,Under Votes,99
Josephine,Precinct 2,County Commissioner,Position 1,,Under Votes,321
Josephine,Precinct 20,County Commissioner,Position 1,,Under Votes,11
Josephine,Precinct 21,County Commissioner,Position 1,,Under Votes,171
Josephine,Precinct 22,County Commissioner,Position 1,,Under Votes,71
Josephine,Precinct 23,County Commissioner,Position 1,,Under Votes,31
Josephine,Precinct 24,County Commissioner,Position 1,,Under Votes,24
Josephine,Precinct 25,County Commissioner,Position 1,,Under Votes,66
Josephine,Precinct 26,County Commissioner,Position 1,,Under Votes,49
Josephine,Precinct 27,County Commissioner,Position 1,,Under Votes,33
Josephine,Precinct 28,County Commissioner,Position 1,,Under Votes,40
Josephine,Precinct 29,County Commissioner,Position 1,,Under Votes,5
Josephine,Precinct 3,County Commissioner,Position 1,,Under Votes,82
Josephine,Precinct 30,County Commissioner,Position 1,,Under Votes,94
Josephine,Precinct 31,County Commissioner,Position 1,,Under Votes,201
Josephine,Precinct 32,County Commissioner,Position 1,,Under Votes,14
Josephine,Precinct 33,County Commissioner,Position 1,,Under Votes,33
Josephine,Precinct 34,County Commissioner,Position 1,,Under Votes,27
Josephine,Precinct 35,County Commissioner,Position 1,,Under Votes,48
Josephine,Precinct 36,County Commissioner,Position 1,,Under Votes,97
Josephine,Precinct 37,County Commissioner,Position 1,,Under Votes,85
Josephine,Precinct 38,County Commissioner,Position 1,,Under Votes,160
Josephine,Precinct 39,County Commissioner,Position 1,,Under Votes,85
Josephine,Precinct 4,County Commissioner,Position 1,,Under Votes,59
Josephine,Precinct 40,County Commissioner,Position 1,,Under Votes,49
Josephine,Precinct 41,County Commissioner,Position 1,,Under Votes,6
Josephine,Precinct 42,County Commissioner,Position 1,,Under Votes,105
Josephine,Precinct 43,County Commissioner,Position 1,,Under Votes,71
Josephine,Precinct 44,County Commissioner,Position 1,,Under Votes,13
Josephine,Precinct 45,County Commissioner,Position 1,,Under Votes,7
Josephine,Precinct 46,County Commissioner,Position 1,,Under Votes,15
Josephine,Precinct 47,County Commissioner,Position 1,,Under Votes,5
Josephine,Precinct 5,County Commissioner,Position 1,,Under Votes,71
Josephine,Precinct 6,County Commissioner,Position 1,,Under Votes,49
Josephine,Precinct 7,County Commissioner,Position 1,,Under Votes,123
Josephine,Precinct 8,County Commissioner,Position 1,,Under Votes,203
Josephine,Precinct 9,County Commissioner,Position 1,,Under Votes,8
Josephine,Precinct 1,County Commissioner,Position 1,,Write-ins,5
Josephine,Precinct 10,County Commissioner,Position 1,,Write-ins,0
Josephine,Precinct 11,County Commissioner,Position 1,,Write-ins,0
Josephine,Precinct 12,County Commissioner,Position 1,,Write-ins,1
Josephine,Precinct 13,County Commissioner,Position 1,,Write-ins,0
Josephine,Precinct 14,County Commissioner,Position 1,,Write-ins,0
Josephine,Precinct 15,County Commissioner,Position 1,,Write-ins,1
Josephine,Precinct 16,County Commissioner,Position 1,,Write-ins,0
Josephine,Precinct 17,County Commissioner,Position 1,,Write-ins,0
Josephine,Precinct 18,County Commissioner,Position 1,,Write-ins,2
Josephine,Precinct 19,County Commissioner,Position 1,,Write-ins,4
Josephine,Precinct 2,County Commissioner,Position 1,,Write-ins,1
Josephine,Precinct 20,County Commissioner,Position 1,,Write-ins,0
Josephine,Precinct 21,County Commissioner,Position 1,,Write-ins,1
Josephine,Precinct 22,County Commissioner,Position 1,,Write-ins,0
Josephine,Precinct 23,County Commissioner,Position 1,,Write-ins,0
Josephine,Precinct 24,County Commissioner,Position 1,,Write-ins,0
Josephine,Precinct 25,County Commissioner,Position 1,,Write-ins,0
Josephine,Precinct 26,County Commissioner,Position 1,,Write-ins,2
Josephine,Precinct 27,County Commissioner,Position 1,,Write-ins,0
Josephine,Precinct 28,County Commissioner,Position 1,,Write-ins,0
Josephine,Precinct 29,County Commissioner,Position 1,,Write-ins,0
Josephine,Precinct 3,County Commissioner,Position 1,,Write-ins,1
Josephine,Precinct 30,County Commissioner,Position 1,,Write-ins,0
Josephine,Precinct 31,County Commissioner,Position 1,,Write-ins,7
Josephine,Precinct 32,County Commissioner,Position 1,,Write-ins,0
Josephine,Precinct 33,County Commissioner,Position 1,,Write-ins,0
Josephine,Precinct 34,County Commissioner,Position 1,,Write-ins,2
Josephine,Precinct 35,County Commissioner,Position 1,,Write-ins,0
Josephine,Precinct 36,County Commissioner,Position 1,,Write-ins,2
Josephine,Precinct 37,County Commissioner,Position 1,,Write-ins,0
Josephine,Precinct 38,County Commissioner,Position 1,,Write-ins,2
Josephine,Precinct 39,County Commissioner,Position 1,,Write-ins,0
Josephine,Precinct 4,County Commissioner,Position 1,,Write-ins,5
Josephine,Precinct 40,County Commissioner,Position 1,,Write-ins,1
Josephine,Precinct 41,County Commissioner,Position 1,,Write-ins,0
Josephine,Precinct 42,County Commissioner,Position 1,,Write-ins,2
Josephine,Precinct 43,County Commissioner,Position 1,,Write-ins,0
Josephine,Precinct 44,County Commissioner,Position 1,,Write-ins,0
Josephine,Precinct 45,County Commissioner,Position 1,,Write-ins,0
Josephine,Precinct 46,County Commissioner,Position 1,,Write-ins,0
Josephine,Precinct 47,County Commissioner,Position 1,,Write-ins,0
Josephine,Precinct 5,County Commissioner,Position 1,,Write-ins,3
Josephine,Precinct 6,County Commissioner,Position 1,,Write-ins,1
Josephine,Precinct 7,County Commissioner,Position 1,,Write-ins,2
Josephine,Precinct 8,County Commissioner,Position 1,,Write-ins,3
Josephine,Precinct 9,County Commissioner,Position 1,,Write-ins,0
Josephine,Precinct 1,County Commissioner,Position 2,,Chad Hansen,456
Josephine,Precinct 10,County Commissioner,Position 2,,Chad Hansen,58
Josephine,Precinct 11,County Commissioner,Position 2,,Chad Hansen,43
Josephine,Precinct 12,County Commissioner,Position 2,,Chad Hansen,40
Josephine,Precinct 13,County Commissioner,Position 2,,Chad Hansen,50
Josephine,Precinct 14,County Commissioner,Position 2,,Chad Hansen,17
Josephine,Precinct 15,County Commissioner,Position 2,,Chad Hansen,269
Josephine,Precinct 16,County Commissioner,Position 2,,Chad Hansen,59
Josephine,Precinct 17,County Commissioner,Position 2,,Chad Hansen,251
Josephine,Precinct 18,County Commissioner,Position 2,,Chad Hansen,289
Josephine,Precinct 19,County Commissioner,Position 2,,Chad Hansen,387
Josephine,Precinct 2,County Commissioner,Position 2,,Chad Hansen,767
Josephine,Precinct 20,County Commissioner,Position 2,,Chad Hansen,25
Josephine,Precinct 21,County Commissioner,Position 2,,Chad Hansen,501
Josephine,Precinct 22,County Commissioner,Position 2,,Chad Hansen,231
Josephine,Precinct 23,County Commissioner,Position 2,,Chad Hansen,55
Josephine,Precinct 24,County Commissioner,Position 2,,Chad Hansen,120
Josephine,Precinct 25,County Commissioner,Position 2,,Chad Hansen,184
Josephine,Precinct 26,County Commissioner,Position 2,,Chad Hansen,104
Josephine,Precinct 27,County Commissioner,Position 2,,Chad Hansen,79
Josephine,Precinct 28,County Commissioner,Position 2,,Chad Hansen,86
Josephine,Precinct 29,County Commissioner,Position 2,,Chad Hansen,11
Josephine,Precinct 3,County Commissioner,Position 2,,Chad Hansen,217
Josephine,Precinct 30,County Commissioner,Position 2,,Chad Hansen,176
Josephine,Precinct 31,County Commissioner,Position 2,,Chad Hansen,380
Josephine,Precinct 32,County Commissioner,Position 2,,Chad Hansen,40
Josephine,Precinct 33,County Commissioner,Position 2,,Chad Hansen,116
Josephine,Precinct 34,County Commissioner,Position 2,,Chad Hansen,53
Josephine,Precinct 35,County Commissioner,Position 2,,Chad Hansen,163
Josephine,Precinct 36,County Commissioner,Position 2,,Chad Hansen,389
Josephine,Precinct 37,County Commissioner,Position 2,,Chad Hansen,159
Josephine,Precinct 38,County Commissioner,Position 2,,Chad Hansen,432
Josephine,Precinct 39,County Commissioner,Position 2,,Chad Hansen,250
Josephine,Precinct 4,County Commissioner,Position 2,,Chad Hansen,131
Josephine,Precinct 40,County Commissioner,Position 2,,Chad Hansen,100
Josephine,Precinct 41,County Commissioner,Position 2,,Chad Hansen,13
Josephine,Precinct 42,County Commissioner,Position 2,,Chad Hansen,336
Josephine,Precinct 43,County Commissioner,Position 2,,Chad Hansen,199
Josephine,Precinct 44,County Commissioner,Position 2,,Chad Hansen,24
Josephine,Precinct 45,County Commissioner,Position 2,,Chad Hansen,28
Josephine,Precinct 46,County Commissioner,Position 2,,Chad Hansen,44
Josephine,Precinct 47,County Commissioner,Position 2,,Chad Hansen,26
Josephine,Precinct 5,County Commissioner,Position 2,,Chad Hansen,193
Josephine,Precinct 6,County Commissioner,Position 2,,Chad Hansen,140
Josephine,Precinct 7,County Commissioner,Position 2,,Chad Hansen,254
Josephine,Precinct 8,County Commissioner,Position 2,,Chad Hansen,470
Josephine,Precinct 9,County Commissioner,Position 2,,Chad Hansen,31
Josephine,Precinct 1,County Commissioner,Position 2,,Indra Nicholas,350
Josephine,Precinct 10,County Commissioner,Position 2,,Indra Nicholas,15
Josephine,Precinct 11,County Commissioner,Position 2,,Indra Nicholas,19
Josephine,Precinct 12,County Commissioner,Position 2,,Indra Nicholas,14
Josephine,Precinct 13,County Commissioner,Position 2,,Indra Nicholas,14
Josephine,Precinct 14,County Commissioner,Position 2,,Indra Nicholas,6
Josephine,Precinct 15,County Commissioner,Position 2,,Indra Nicholas,96
Josephine,Precinct 16,County Commissioner,Position 2,,Indra Nicholas,24
Josephine,Precinct 17,County Commissioner,Position 2,,Indra Nicholas,146
Josephine,Precinct 18,County Commissioner,Position 2,,Indra Nicholas,95
Josephine,Precinct 19,County Commissioner,Position 2,,Indra Nicholas,119
Josephine,Precinct 2,County Commissioner,Position 2,,Indra Nicholas,327
Josephine,Precinct 20,County Commissioner,Position 2,,Indra Nicholas,21
Josephine,Precinct 21,County Commissioner,Position 2,,Indra Nicholas,188
Josephine,Precinct 22,County Commissioner,Position 2,,Indra Nicholas,82
Josephine,Precinct 23,County Commissioner,Position 2,,Indra Nicholas,22
Josephine,Precinct 24,County Commissioner,Position 2,,Indra Nicholas,45
Josephine,Precinct 25,County Commissioner,Position 2,,Indra Nicholas,73
Josephine,Precinct 26,County Commissioner,Position 2,,Indra Nicholas,63
Josephine,Precinct 27,County Commissioner,Position 2,,Indra Nicholas,28
Josephine,Precinct 28,County Commissioner,Position 2,,Indra Nicholas,21
Josephine,Precinct 29,County Commissioner,Position 2,,Indra Nicholas,2
Josephine,Precinct 3,County Commissioner,Position 2,,Indra Nicholas,124
Josephine,Precinct 30,County Commissioner,Position 2,,Indra Nicholas,74
Josephine,Precinct 31,County Commissioner,Position 2,,Indra Nicholas,191
Josephine,Precinct 32,County Commissioner,Position 2,,Indra Nicholas,20
Josephine,Precinct 33,County Commissioner,Position 2,,Indra Nicholas,31
Josephine,Precinct 34,County Commissioner,Position 2,,Indra Nicholas,30
Josephine,Precinct 35,County Commissioner,Position 2,,Indra Nicholas,57
Josephine,Precinct 36,County Commissioner,Position 2,,Indra Nicholas,126
Josephine,Precinct 37,County Commissioner,Position 2,,Indra Nicholas,84
Josephine,Precinct 38,County Commissioner,Position 2,,Indra Nicholas,166
Josephine,Precinct 39,County Commissioner,Position 2,,Indra Nicholas,129
Josephine,Precinct 4,County Commissioner,Position 2,,Indra Nicholas,91
Josephine,Precinct 40,County Commissioner,Position 2,,Indra Nicholas,42
Josephine,Precinct 41,County Commissioner,Position 2,,Indra Nicholas,5
Josephine,Precinct 42,County Commissioner,Position 2,,Indra Nicholas,149
Josephine,Precinct 43,County Commissioner,Position 2,,Indra Nicholas,89
Josephine,Precinct 44,County Commissioner,Position 2,,Indra Nicholas,9
Josephine,Precinct 45,County Commissioner,Position 2,,Indra Nicholas,8
Josephine,Precinct 46,County Commissioner,Position 2,,Indra Nicholas,22
Josephine,Precinct 47,County Commissioner,Position 2,,Indra Nicholas,6
Josephine,Precinct 5,County Commissioner,Position 2,,Indra Nicholas,108
Josephine,Precinct 6,County Commissioner,Position 2,,Indra Nicholas,76
Josephine,Precinct 7,County Commissioner,Position 2,,Indra Nicholas,107
Josephine,Precinct 8,County Commissioner,Position 2,,Indra Nicholas,195
Josephine,Precinct 9,County Commissioner,Position 2,,Indra Nicholas,8
Josephine,Precinct 1,County Commissioner,Position 2,,James (Jim) Rafferty,67
Josephine,Precinct 10,County Commissioner,Position 2,,James (Jim) Rafferty,2
Josephine,Precinct 11,County Commissioner,Position 2,,James (Jim) Rafferty,6
Josephine,Precinct 12,County Commissioner,Position 2,,James (Jim) Rafferty,10
Josephine,Precinct 13,County Commissioner,Position 2,,James (Jim) Rafferty,6
Josephine,Precinct 14,County Commissioner,Position 2,,James (Jim) Rafferty,6
Josephine,Precinct 15,County Commissioner,Position 2,,James (Jim) Rafferty,22
Josephine,Precinct 16,County Commissioner,Position 2,,James (Jim) Rafferty,10
Josephine,Precinct 17,County Commissioner,Position 2,,James (Jim) Rafferty,16
Josephine,Precinct 18,County Commissioner,Position 2,,James (Jim) Rafferty,33
Josephine,Precinct 19,County Commissioner,Position 2,,James (Jim) Rafferty,33
Josephine,Precinct 2,County Commissioner,Position 2,,James (Jim) Rafferty,107
Josephine,Precinct 20,County Commissioner,Position 2,,James (Jim) Rafferty,11
Josephine,Precinct 21,County Commissioner,Position 2,,James (Jim) Rafferty,71
Josephine,Precinct 22,County Commissioner,Position 2,,James (Jim) Rafferty,39
Josephine,Precinct 23,County Commissioner,Position 2,,James (Jim) Rafferty,4
Josephine,Precinct 24,County Commissioner,Position 2,,James (Jim) Rafferty,7
Josephine,Precinct 25,County Commissioner,Position 2,,James (Jim) Rafferty,34
Josephine,Precinct 26,County Commissioner,Position 2,,James (Jim) Rafferty,16
Josephine,Precinct 27,County Commissioner,Position 2,,James (Jim) Rafferty,11
Josephine,Precinct 28,County Commissioner,Position 2,,James (Jim) Rafferty,19
Josephine,Precinct 29,County Commissioner,Position 2,,James (Jim) Rafferty,2
Josephine,Precinct 3,County Commissioner,Position 2,,James (Jim) Rafferty,28
Josephine,Precinct 30,County Commissioner,Position 2,,James (Jim) Rafferty,31
Josephine,Precinct 31,County Commissioner,Position 2,,James (Jim) Rafferty,94
Josephine,Precinct 32,County Commissioner,Position 2,,James (Jim) Rafferty,4
Josephine,Precinct 33,County Commissioner,Position 2,,James (Jim) Rafferty,24
Josephine,Precinct 34,County Commissioner,Position 2,,James (Jim) Rafferty,15
Josephine,Precinct 35,County Commissioner,Position 2,,James (Jim) Rafferty,11
Josephine,Precinct 36,County Commissioner,Position 2,,James (Jim) Rafferty,42
Josephine,Precinct 37,County Commissioner,Position 2,,James (Jim) Rafferty,81
Josephine,Precinct 38,County Commissioner,Position 2,,James (Jim) Rafferty,82
Josephine,Precinct 39,County Commissioner,Position 2,,James (Jim) Rafferty,30
Josephine,Precinct 4,County Commissioner,Position 2,,James (Jim) Rafferty,22
Josephine,Precinct 40,County Commissioner,Position 2,,James (Jim) Rafferty,12
Josephine,Precinct 41,County Commissioner,Position 2,,James (Jim) Rafferty,3
Josephine,Precinct 42,County Commissioner,Position 2,,James (Jim) Rafferty,45
Josephine,Precinct 43,County Commissioner,Position 2,,James (Jim) Rafferty,25
Josephine,Precinct 44,County Commissioner,Position 2,,James (Jim) Rafferty,3
Josephine,Precinct 45,County Commissioner,Position 2,,James (Jim) Rafferty,2
Josephine,Precinct 46,County Commissioner,Position 2,,James (Jim) Rafferty,12
Josephine,Precinct 47,County Commissioner,Position 2,,James (Jim) Rafferty,5
Josephine,Precinct 5,County Commissioner,Position 2,,James (Jim) Rafferty,35
Josephine,Precinct 6,County Commissioner,Position 2,,James (Jim) Rafferty,14
Josephine,Precinct 7,County Commissioner,Position 2,,James (Jim) Rafferty,37
Josephine,Precinct 8,County Commissioner,Position 2,,James (Jim) Rafferty,74
Josephine,Precinct 9,County Commissioner,Position 2,,James (Jim) Rafferty,0
Josephine,Precinct 1,County Commissioner,Position 2,,Mark J. Seligman,41
Josephine,Precinct 10,County Commissioner,Position 2,,Mark J. Seligman,3
Josephine,Precinct 11,County Commissioner,Position 2,,Mark J. Seligman,1
Josephine,Precinct 12,County Commissioner,Position 2,,Mark J. Seligman,7
Josephine,Precinct 13,County Commissioner,Position 2,,Mark J. Seligman,1
Josephine,Precinct 14,County Commissioner,Position 2,,Mark J. Seligman,1
Josephine,Precinct 15,County Commissioner,Position 2,,Mark J. Seligman,7
Josephine,Precinct 16,County Commissioner,Position 2,,Mark J. Seligman,6
Josephine,Precinct 17,County Commissioner,Position 2,,Mark J. Seligman,10
Josephine,Precinct 18,County Commissioner,Position 2,,Mark J. Seligman,18
Josephine,Precinct 19,County Commissioner,Position 2,,Mark J. Seligman,19
Josephine,Precinct 2,County Commissioner,Position 2,,Mark J. Seligman,39
Josephine,Precinct 20,County Commissioner,Position 2,,Mark J. Seligman,1
Josephine,Precinct 21,County Commissioner,Position 2,,Mark J. Seligman,35
Josephine,Precinct 22,County Commissioner,Position 2,,Mark J. Seligman,12
Josephine,Precinct 23,County Commissioner,Position 2,,Mark J. Seligman,5
Josephine,Precinct 24,County Commissioner,Position 2,,Mark J. Seligman,1
Josephine,Precinct 25,County Commissioner,Position 2,,Mark J. Seligman,8
Josephine,Precinct 26,County Commissioner,Position 2,,Mark J. Seligman,10
Josephine,Precinct 27,County Commissioner,Position 2,,Mark J. Seligman,4
Josephine,Precinct 28,County Commissioner,Position 2,,Mark J. Seligman,9
Josephine,Precinct 29,County Commissioner,Position 2,,Mark J. Seligman,0
Josephine,Precinct 3,County Commissioner,Position 2,,Mark J. Seligman,15
Josephine,Precinct 30,County Commissioner,Position 2,,Mark J. Seligman,23
Josephine,Precinct 31,County Commissioner,Position 2,,Mark J. Seligman,45
Josephine,Precinct 32,County Commissioner,Position 2,,Mark J. Seligman,6
Josephine,Precinct 33,County Commissioner,Position 2,,Mark J. Seligman,6
Josephine,Precinct 34,County Commissioner,Position 2,,Mark J. Seligman,8
Josephine,Precinct 35,County Commissioner,Position 2,,Mark J. Seligman,9
Josephine,Precinct 36,County Commissioner,Position 2,,Mark J. Seligman,17
Josephine,Precinct 37,County Commissioner,Position 2,,Mark J. Seligman,18
Josephine,Precinct 38,County Commissioner,Position 2,,Mark J. Seligman,20
Josephine,Precinct 39,County Commissioner,Position 2,,Mark J. Seligman,8
Josephine,Precinct 4,County Commissioner,Position 2,,Mark J. Seligman,12
Josephine,Precinct 40,County Commissioner,Position 2,,Mark J. Seligman,7
Josephine,Precinct 41,County Commissioner,Position 2,,Mark J. Seligman,0
Josephine,Precinct 42,County Commissioner,Position 2,,Mark J. Seligman,13
Josephine,Precinct 43,County Commissioner,Position 2,,Mark J. Seligman,9
Josephine,Precinct 44,County Commissioner,Position 2,,Mark J. Seligman,1
Josephine,Precinct 45,County Commissioner,Position 2,,Mark J. Seligman,3
Josephine,Precinct 46,County Commissioner,Position 2,,Mark J. Seligman,5
Josephine,Precinct 47,County Commissioner,Position 2,,Mark J. Seligman,6
Josephine,Precinct 5,County Commissioner,Position 2,,Mark J. Seligman,14
Josephine,Precinct 6,County Commissioner,Position 2,,Mark J. Seligman,8
Josephine,Precinct 7,County Commissioner,Position 2,,Mark J. Seligman,21
Josephine,Precinct 8,County Commissioner,Position 2,,Mark J. Seligman,27
Josephine,Precinct 9,County Commissioner,Position 2,,Mark J. Seligman,1
Josephine,Precinct 1,County Commissioner,Position 2,,Mark Jones,390
Josephine,Precinct 10,County Commissioner,Position 2,,Mark Jones,29
Josephine,Precinct 11,County Commissioner,Position 2,,Mark Jones,28
Josephine,Precinct 12,County Commissioner,Position 2,,Mark Jones,21
Josephine,Precinct 13,County Commissioner,Position 2,,Mark Jones,18
Josephine,Precinct 14,County Commissioner,Position 2,,Mark Jones,9
Josephine,Precinct 15,County Commissioner,Position 2,,Mark Jones,158
Josephine,Precinct 16,County Commissioner,Position 2,,Mark Jones,27
Josephine,Precinct 17,County Commissioner,Position 2,,Mark Jones,189
Josephine,Precinct 18,County Commissioner,Position 2,,Mark Jones,212
Josephine,Precinct 19,County Commissioner,Position 2,,Mark Jones,212
Josephine,Precinct 2,County Commissioner,Position 2,,Mark Jones,464
Josephine,Precinct 20,County Commissioner,Position 2,,Mark Jones,22
Josephine,Precinct 21,County Commissioner,Position 2,,Mark Jones,279
Josephine,Precinct 22,County Commissioner,Position 2,,Mark Jones,169
Josephine,Precinct 23,County Commissioner,Position 2,,Mark Jones,35
Josephine,Precinct 24,County Commissioner,Position 2,,Mark Jones,84
Josephine,Precinct 25,County Commissioner,Position 2,,Mark Jones,98
Josephine,Precinct 26,County Commissioner,Position 2,,Mark Jones,77
Josephine,Precinct 27,County Commissioner,Position 2,,Mark Jones,49
Josephine,Precinct 28,County Commissioner,Position 2,,Mark Jones,37
Josephine,Precinct 29,County Commissioner,Position 2,,Mark Jones,20
Josephine,Precinct 3,County Commissioner,Position 2,,Mark Jones,149
Josephine,Precinct 30,County Commissioner,Position 2,,Mark Jones,75
Josephine,Precinct 31,County Commissioner,Position 2,,Mark Jones,241
Josephine,Precinct 32,County Commissioner,Position 2,,Mark Jones,14
Josephine,Precinct 33,County Commissioner,Position 2,,Mark Jones,73
Josephine,Precinct 34,County Commissioner,Position 2,,Mark Jones,28
Josephine,Precinct 35,County Commissioner,Position 2,,Mark Jones,86
Josephine,Precinct 36,County Commissioner,Position 2,,Mark Jones,217
Josephine,Precinct 37,County Commissioner,Position 2,,Mark Jones,85
Josephine,Precinct 38,County Commissioner,Position 2,,Mark Jones,318
Josephine,Precinct 39,County Commissioner,Position 2,,Mark Jones,161
Josephine,Precinct 4,County Commissioner,Position 2,,Mark Jones,84
Josephine,Precinct 40,County Commissioner,Position 2,,Mark Jones,78
Josephine,Precinct 41,County Commissioner,Position 2,,Mark Jones,13
Josephine,Precinct 42,County Commissioner,Position 2,,Mark Jones,226
Josephine,Precinct 43,County Commissioner,Position 2,,Mark Jones,143
Josephine,Precinct 44,County Commissioner,Position 2,,Mark Jones,20
Josephine,Precinct 45,County Commissioner,Position 2,,Mark Jones,17
Josephine,Precinct 46,County Commissioner,Position 2,,Mark Jones,27
Josephine,Precinct 47,County Commissioner,Position 2,,Mark Jones,18
Josephine,Precinct 5,County Commissioner,Position 2,,Mark Jones,112
Josephine,Precinct 6,County Commissioner,Position 2,,Mark Jones,109
Josephine,Precinct 7,County Commissioner,Position 2,,Mark Jones,145
Josephine,Precinct 8,County Commissioner,Position 2,,Mark Jones,326
Josephine,Precinct 9,County Commissioner,Position 2,,Mark Jones,12
Josephine,Precinct 1,County Commissioner,Position 2,,Matt Eide,97
Josephine,Precinct 10,County Commissioner,Position 2,,Matt Eide,13
Josephine,Precinct 11,County Commissioner,Position 2,,Matt Eide,11
Josephine,Precinct 12,County Commissioner,Position 2,,Matt Eide,4
Josephine,Precinct 13,County Commissioner,Position 2,,Matt Eide,3
Josephine,Precinct 14,County Commissioner,Position 2,,Matt Eide,1
Josephine,Precinct 15,County Commissioner,Position 2,,Matt Eide,49
Josephine,Precinct 16,County Commissioner,Position 2,,Matt Eide,3
Josephine,Precinct 17,County Commissioner,Position 2,,Matt Eide,45
Josephine,Precinct 18,County Commissioner,Position 2,,Matt Eide,27
Josephine,Precinct 19,County Commissioner,Position 2,,Matt Eide,33
Josephine,Precinct 2,County Commissioner,Position 2,,Matt Eide,129
Josephine,Precinct 20,County Commissioner,Position 2,,Matt Eide,5
Josephine,Precinct 21,County Commissioner,Position 2,,Matt Eide,69
Josephine,Precinct 22,County Commissioner,Position 2,,Matt Eide,31
Josephine,Precinct 23,County Commissioner,Position 2,,Matt Eide,5
Josephine,Precinct 24,County Commissioner,Position 2,,Matt Eide,15
Josephine,Precinct 25,County Commissioner,Position 2,,Matt Eide,40
Josephine,Precinct 26,County Commissioner,Position 2,,Matt Eide,12
Josephine,Precinct 27,County Commissioner,Position 2,,Matt Eide,2
Josephine,Precinct 28,County Commissioner,Position 2,,Matt Eide,5
Josephine,Precinct 29,County Commissioner,Position 2,,Matt Eide,0
Josephine,Precinct 3,County Commissioner,Position 2,,Matt Eide,49
Josephine,Precinct 30,County Commissioner,Position 2,,Matt Eide,21
Josephine,Precinct 31,County Commissioner,Position 2,,Matt Eide,43
Josephine,Precinct 32,County Commissioner,Position 2,,Matt Eide,0
Josephine,Precinct 33,County Commissioner,Position 2,,Matt Eide,19
Josephine,Precinct 34,County Commissioner,Position 2,,Matt Eide,2
Josephine,Precinct 35,County Commissioner,Position 2,,Matt Eide,12
Josephine,Precinct 36,County Commissioner,Position 2,,Matt Eide,67
Josephine,Precinct 37,County Commissioner,Position 2,,Matt Eide,16
Josephine,Precinct 38,County Commissioner,Position 2,,Matt Eide,59
Josephine,Precinct 39,County Commissioner,Position 2,,Matt Eide,36
Josephine,Precinct 4,County Commissioner,Position 2,,Matt Eide,31
Josephine,Precinct 40,County Commissioner,Position 2,,Matt Eide,9
Josephine,Precinct 41,County Commissioner,Position 2,,Matt Eide,0
Josephine,Precinct 42,County Commissioner,Position 2,,Matt Eide,42
Josephine,Precinct 43,County Commissioner,Position 2,,Matt Eide,29
Josephine,Precinct 44,County Commissioner,Position 2,,Matt Eide,6
Josephine,Precinct 45,County Commissioner,Position 2,,Matt Eide,2
Josephine,Precinct 46,County Commissioner,Position 2,,Matt Eide,3
Josephine,Precinct 47,County Commissioner,Position 2,,Matt Eide,3
Josephine,Precinct 5,County Commissioner,Position 2,,Matt Eide,29
Josephine,Precinct 6,County Commissioner,Position 2,,Matt Eide,53
Josephine,Precinct 7,County Commissioner,Position 2,,Matt Eide,44
Josephine,Precinct 8,County Commissioner,Position 2,,Matt Eide,81
Josephine,Precinct 9,County Commissioner,Position 2,,Matt Eide,5
Josephine,Precinct 1,County Commissioner,Position 2,,Matt Spurlock,456
Josephine,Precinct 10,County Commissioner,Position 2,,Matt Spurlock,19
Josephine,Precinct 11,County Commissioner,Position 2,,Matt Spurlock,27
Josephine,Precinct 12,County Commissioner,Position 2,,Matt Spurlock,33
Josephine,Precinct 13,County Commissioner,Position 2,,Matt Spurlock,21
Josephine,Precinct 14,County Commissioner,Position 2,,Matt Spurlock,5
Josephine,Precinct 15,County Commissioner,Position 2,,Matt Spurlock,80
Josephine,Precinct 16,County Commissioner,Position 2,,Matt Spurlock,14
Josephine,Precinct 17,County Commissioner,Position 2,,Matt Spurlock,86
Josephine,Precinct 18,County Commissioner,Position 2,,Matt Spurlock,117
Josephine,Precinct 19,County Commissioner,Position 2,,Matt Spurlock,74
Josephine,Precinct 2,County Commissioner,Position 2,,Matt Spurlock,340
Josephine,Precinct 20,County Commissioner,Position 2,,Matt Spurlock,19
Josephine,Precinct 21,County Commissioner,Position 2,,Matt Spurlock,190
Josephine,Precinct 22,County Commissioner,Position 2,,Matt Spurlock,59
Josephine,Precinct 23,County Commissioner,Position 2,,Matt Spurlock,21
Josephine,Precinct 24,County Commissioner,Position 2,,Matt Spurlock,44
Josephine,Precinct 25,County Commissioner,Position 2,,Matt Spurlock,76
Josephine,Precinct 26,County Commissioner,Position 2,,Matt Spurlock,36
Josephine,Precinct 27,County Commissioner,Position 2,,Matt Spurlock,31
Josephine,Precinct 28,County Commissioner,Position 2,,Matt Spurlock,30
Josephine,Precinct 29,County Commissioner,Position 2,,Matt Spurlock,0
Josephine,Precinct 3,County Commissioner,Position 2,,Matt Spurlock,164
Josephine,Precinct 30,County Commissioner,Position 2,,Matt Spurlock,61
Josephine,Precinct 31,County Commissioner,Position 2,,Matt Spurlock,270
Josephine,Precinct 32,County Commissioner,Position 2,,Matt Spurlock,26
Josephine,Precinct 33,County Commissioner,Position 2,,Matt Spurlock,58
Josephine,Precinct 34,County Commissioner,Position 2,,Matt Spurlock,33
Josephine,Precinct 35,County Commissioner,Position 2,,Matt Spurlock,45
Josephine,Precinct 36,County Commissioner,Position 2,,Matt Spurlock,148
Josephine,Precinct 37,County Commissioner,Position 2,,Matt Spurlock,84
Josephine,Precinct 38,County Commissioner,Position 2,,Matt Spurlock,150
Josephine,Precinct 39,County Commissioner,Position 2,,Matt Spurlock,96
Josephine,Precinct 4,County Commissioner,Position 2,,Matt Spurlock,106
Josephine,Precinct 40,County Commissioner,Position 2,,Matt Spurlock,95
Josephine,Precinct 41,County Commissioner,Position 2,,Matt Spurlock,10
Josephine,Precinct 42,County Commissioner,Position 2,,Matt Spurlock,91
Josephine,Precinct 43,County Commissioner,Position 2,,Matt Spurlock,91
Josephine,Precinct 44,County Commissioner,Position 2,,Matt Spurlock,21
Josephine,Precinct 45,County Commissioner,Position 2,,Matt Spurlock,8
Josephine,Precinct 46,County Commissioner,Position 2,,Matt Spurlock,20
Josephine,Precinct 47,County Commissioner,Position 2,,Matt Spurlock,17
Josephine,Precinct 5,County Commissioner,Position 2,,Matt Spurlock,145
Josephine,Precinct 6,County Commissioner,Position 2,,Matt Spurlock,95
Josephine,Precinct 7,County Commissioner,Position 2,,Matt Spurlock,197
Josephine,Precinct 8,County Commissioner,Position 2,,Matt Spurlock,246
Josephine,Precinct 9,County Commissioner,Position 2,,Matt Spurlock,11
Josephine,Precinct 1,County Commissioner,Position 2,,Michael A. Burdge,18
Josephine,Precinct 10,County Commissioner,Position 2,,Michael A. Burdge,0
Josephine,Precinct 11,County Commissioner,Position 2,,Michael A. Burdge,1
Josephine,Precinct 12,County Commissioner,Position 2,,Michael A. Burdge,0
Josephine,Precinct 13,County Commissioner,Position 2,,Michael A. Burdge,5
Josephine,Precinct 14,County Commissioner,Position 2,,Michael A. Burdge,0
Josephine,Precinct 15,County Commissioner,Position 2,,Michael A. Burdge,8
Josephine,Precinct 16,County Commissioner,Position 2,,Michael A. Burdge,3
Josephine,Precinct 17,County Commissioner,Position 2,,Michael A. Burdge,4
Josephine,Precinct 18,County Commissioner,Position 2,,Michael A. Burdge,9
Josephine,Precinct 19,County Commissioner,Position 2,,Michael A. Burdge,13
Josephine,Precinct 2,County Commissioner,Position 2,,Michael A. Burdge,33
Josephine,Precinct 20,County Commissioner,Position 2,,Michael A. Burdge,2
Josephine,Precinct 21,County Commissioner,Position 2,,Michael A. Burdge,22
Josephine,Precinct 22,County Commissioner,Position 2,,Michael A. Burdge,3
Josephine,Precinct 23,County Commissioner,Position 2,,Michael A. Burdge,1
Josephine,Precinct 24,County Commissioner,Position 2,,Michael A. Burdge,5
Josephine,Precinct 25,County Commissioner,Position 2,,Michael A. Burdge,4
Josephine,Precinct 26,County Commissioner,Position 2,,Michael A. Burdge,4
Josephine,Precinct 27,County Commissioner,Position 2,,Michael A. Burdge,7
Josephine,Precinct 28,County Commissioner,Position 2,,Michael A. Burdge,2
Josephine,Precinct 29,County Commissioner,Position 2,,Michael A. Burdge,3
Josephine,Precinct 3,County Commissioner,Position 2,,Michael A. Burdge,4
Josephine,Precinct 30,County Commissioner,Position 2,,Michael A. Burdge,10
Josephine,Precinct 31,County Commissioner,Position 2,,Michael A. Burdge,22
Josephine,Precinct 32,County Commissioner,Position 2,,Michael A. Burdge,1
Josephine,Precinct 33,County Commissioner,Position 2,,Michael A. Burdge,5
Josephine,Precinct 34,County Commissioner,Position 2,,Michael A. Burdge,1
Josephine,Precinct 35,County Commissioner,Position 2,,Michael A. Burdge,2
Josephine,Precinct 36,County Commissioner,Position 2,,Michael A. Burdge,11
Josephine,Precinct 37,County Commissioner,Position 2,,Michael A. Burdge,8
Josephine,Precinct 38,County Commissioner,Position 2,,Michael A. Burdge,14
Josephine,Precinct 39,County Commissioner,Position 2,,Michael A. Burdge,12
Josephine,Precinct 4,County Commissioner,Position 2,,Michael A. Burdge,5
Josephine,Precinct 40,County Commissioner,Position 2,,Michael A. Burdge,3
Josephine,Precinct 41,County Commissioner,Position 2,,Michael A. Burdge,1
Josephine,Precinct 42,County Commissioner,Position 2,,Michael A. Burdge,14
Josephine,Precinct 43,County Commissioner,Position 2,,Michael A. Burdge,10
Josephine,Precinct 44,County Commissioner,Position 2,,Michael A. Burdge,1
Josephine,Precinct 45,County Commissioner,Position 2,,Michael A. Burdge,0
Josephine,Precinct 46,County Commissioner,Position 2,,Michael A. Burdge,1
Josephine,Precinct 47,County Commissioner,Position 2,,Michael A. Burdge,0
Josephine,Precinct 5,County Commissioner,Position 2,,Michael A. Burdge,11
Josephine,Precinct 6,County Commissioner,Position 2,,Michael A. Burdge,7
Josephine,Precinct 7,County Commissioner,Position 2,,Michael A. Burdge,19
Josephine,Precinct 8,County Commissioner,Position 2,,Michael A. Burdge,23
Josephine,Precinct 9,County Commissioner,Position 2,,Michael A. Burdge,3
Josephine,Precinct 1,County Commissioner,Position 2,,Over Votes,2
Josephine,Precinct 10,County Commissioner,Position 2,,Over Votes,0
Josephine,Precinct 11,County Commissioner,Position 2,,Over Votes,0
Josephine,Precinct 12,County Commissioner,Position 2,,Over Votes,0
Josephine,Precinct 13,County Commissioner,Position 2,,Over Votes,1
Josephine,Precinct 14,County Commissioner,Position 2,,Over Votes,0
Josephine,Precinct 15,County Commissioner,Position 2,,Over Votes,1
Josephine,Precinct 16,County Commissioner,Position 2,,Over Votes,0
Josephine,Precinct 17,County Commissioner,Position 2,,Over Votes,1
Josephine,Precinct 18,County Commissioner,Position 2,,Over Votes,0
Josephine,Precinct 19,County Commissioner,Position 2,,Over Votes,0
Josephine,Precinct 2,County Commissioner,Position 2,,Over Votes,4
Josephine,Precinct 20,County Commissioner,Position 2,,Over Votes,0
Josephine,Precinct 21,County Commissioner,Position 2,,Over Votes,3
Josephine,Precinct 22,County Commissioner,Position 2,,Over Votes,3
Josephine,Precinct 23,County Commissioner,Position 2,,Over Votes,0
Josephine,Precinct 24,County Commissioner,Position 2,,Over Votes,0
Josephine,Precinct 25,County Commissioner,Position 2,,Over Votes,0
Josephine,Precinct 26,County Commissioner,Position 2,,Over Votes,1
Josephine,Precinct 27,County Commissioner,Position 2,,Over Votes,0
Josephine,Precinct 28,County Commissioner,Position 2,,Over Votes,0
Josephine,Precinct 29,County Commissioner,Position 2,,Over Votes,0
Josephine,Precinct 3,County Commissioner,Position 2,,Over Votes,0
Josephine,Precinct 30,County Commissioner,Position 2,,Over Votes,0
Josephine,Precinct 31,County Commissioner,Position 2,,Over Votes,6
Josephine,Precinct 32,County Commissioner,Position 2,,Over Votes,0
Josephine,Precinct 33,County Commissioner,Position 2,,Over Votes,0
Josephine,Precinct 34,County Commissioner,Position 2,,Over Votes,0
Josephine,Precinct 35,County Commissioner,Position 2,,Over Votes,0
Josephine,Precinct 36,County Commissioner,Position 2,,Over Votes,1
Josephine,Precinct 37,County Commissioner,Position 2,,Over Votes,1
Josephine,Precinct 38,County Commissioner,Position 2,,Over Votes,3
Josephine,Precinct 39,County Commissioner,Position 2,,Over Votes,1
Josephine,Precinct 4,County Commissioner,Position 2,,Over Votes,2
Josephine,Precinct 40,County Commissioner,Position 2,,Over Votes,0
Josephine,Precinct 41,County Commissioner,Position 2,,Over Votes,0
Josephine,Precinct 42,County Commissioner,Position 2,,Over Votes,1
Josephine,Precinct 43,County Commissioner,Position 2,,Over Votes,0
Josephine,Precinct 44,County Commissioner,Position 2,,Over Votes,0
Josephine,Precinct 45,County Commissioner,Position 2,,Over Votes,0
Josephine,Precinct 46,County Commissioner,Position 2,,Over Votes,0
Josephine,Precinct 47,County Commissioner,Position 2,,Over Votes,0
Josephine,Precinct 5,County Commissioner,Position 2,,Over Votes,0
Josephine,Precinct 6,County Commissioner,Position 2,,Over Votes,1
Josephine,Precinct 7,County Commissioner,Position 2,,Over Votes,0
Josephine,Precinct 8,County Commissioner,Position 2,,Over Votes,1
Josephine,Precinct 9,County Commissioner,Position 2,,Over Votes,0
Josephine,Precinct 1,County Commissioner,Position 2,,Under Votes,194
Josephine,Precinct 10,County Commissioner,Position 2,,Under Votes,10
Josephine,Precinct 11,County Commissioner,Position 2,,Under Votes,11
Josephine,Precinct 12,County Commissioner,Position 2,,Under Votes,33
Josephine,Precinct 13,County Commissioner,Position 2,,Under Votes,13
Josephine,Precinct 14,County Commissioner,Position 2,,Under Votes,5
Josephine,Precinct 15,County Commissioner,Position 2,,Under Votes,95
Josephine,Precinct 16,County Commissioner,Position 2,,Under Votes,25
Josephine,Precinct 17,County Commissioner,Position 2,,Under Votes,92
Josephine,Precinct 18,County Commissioner,Position 2,,Under Votes,101
Josephine,Precinct 19,County Commissioner,Position 2,,Under Votes,104
Josephine,Precinct 2,County Commissioner,Position 2,,Under Votes,381
Josephine,Precinct 20,County Commissioner,Position 2,,Under Votes,12
Josephine,Precinct 21,County Commissioner,Position 2,,Under Votes,182
Josephine,Precinct 22,County Commissioner,Position 2,,Under Votes,67
Josephine,Precinct 23,County Commissioner,Position 2,,Under Votes,36
Josephine,Precinct 24,County Commissioner,Position 2,,Under Votes,39
Josephine,Precinct 25,County Commissioner,Position 2,,Under Votes,69
Josephine,Precinct 26,County Commissioner,Position 2,,Under Votes,52
Josephine,Precinct 27,County Commissioner,Position 2,,Under Votes,38
Josephine,Precinct 28,County Commissioner,Position 2,,Under Votes,43
Josephine,Precinct 29,County Commissioner,Position 2,,Under Votes,2
Josephine,Precinct 3,County Commissioner,Position 2,,Under Votes,85
Josephine,Precinct 30,County Commissioner,Position 2,,Under Votes,89
Josephine,Precinct 31,County Commissioner,Position 2,,Under Votes,188
Josephine,Precinct 32,County Commissioner,Position 2,,Under Votes,13
Josephine,Precinct 33,County Commissioner,Position 2,,Under Votes,38
Josephine,Precinct 34,County Commissioner,Position 2,,Under Votes,22
Josephine,Precinct 35,County Commissioner,Position 2,,Under Votes,61
Josephine,Precinct 36,County Commissioner,Position 2,,Under Votes,135
Josephine,Precinct 37,County Commissioner,Position 2,,Under Votes,76
Josephine,Precinct 38,County Commissioner,Position 2,,Under Votes,197
Josephine,Precinct 39,County Commissioner,Position 2,,Under Votes,92
Josephine,Precinct 4,County Commissioner,Position 2,,Under Votes,74
Josephine,Precinct 40,County Commissioner,Position 2,,Under Votes,58
Josephine,Precinct 41,County Commissioner,Position 2,,Under Votes,11
Josephine,Precinct 42,County Commissioner,Position 2,,Under Votes,112
Josephine,Precinct 43,County Commissioner,Position 2,,Under Votes,89
Josephine,Precinct 44,County Commissioner,Position 2,,Under Votes,11
Josephine,Precinct 45,County Commissioner,Position 2,,Under Votes,7
Josephine,Precinct 46,County Commissioner,Position 2,,Under Votes,14
Josephine,Precinct 47,County Commissioner,Position 2,,Under Votes,10
Josephine,Precinct 5,County Commissioner,Position 2,,Under Votes,83
Josephine,Precinct 6,County Commissioner,Position 2,,Under Votes,49
Josephine,Precinct 7,County Commissioner,Position 2,,Under Votes,125
Josephine,Precinct 8,County Commissioner,Position 2,,Under Votes,222
Josephine,Precinct 9,County Commissioner,Position 2,,Under Votes,8
Josephine,Precinct 1,County Commissioner,Position 2,,Write-ins,4
Josephine,Precinct 10,County Commissioner,Position 2,,Write-ins,0
Josephine,Precinct 11,County Commissioner,Position 2,,Write-ins,0
Josephine,Precinct 12,County Commissioner,Position 2,,Write-ins,0
Josephine,Precinct 13,County Commissioner,Position 2,,Write-ins,0
Josephine,Precinct 14,County Commissioner,Position 2,,Write-ins,0
Josephine,Precinct 15,County Commissioner,Position 2,,Write-ins,1
Josephine,Precinct 16,County Commissioner,Position 2,,Write-ins,0
Josephine,Precinct 17,County Commissioner,Position 2,,Write-ins,0
Josephine,Precinct 18,County Commissioner,Position 2,,Write-ins,1
Josephine,Precinct 19,County Commissioner,Position 2,,Write-ins,1
Josephine,Precinct 2,County Commissioner,Position 2,,Write-ins,0
Josephine,Precinct 20,County Commissioner,Position 2,,Write-ins,0
Josephine,Precinct 21,County Commissioner,Position 2,,Write-ins,2
Josephine,Precinct 22,County Commissioner,Position 2,,Write-ins,0
Josephine,Precinct 23,County Commissioner,Position 2,,Write-ins,0
Josephine,Precinct 24,County Commissioner,Position 2,,Write-ins,0
Josephine,Precinct 25,County Commissioner,Position 2,,Write-ins,0
Josephine,Precinct 26,County Commissioner,Position 2,,Write-ins,1
Josephine,Precinct 27,County Commissioner,Position 2,,Write-ins,0
Josephine,Precinct 28,County Commissioner,Position 2,,Write-ins,0
Josephine,Precinct 29,County Commissioner,Position 2,,Write-ins,0
Josephine,Precinct 3,County Commissioner,Position 2,,Write-ins,1
Josephine,Precinct 30,County Commissioner,Position 2,,Write-ins,0
Josephine,Precinct 31,County Commissioner,Position 2,,Write-ins,4
Josephine,Precinct 32,County Commissioner,Position 2,,Write-ins,0
Josephine,Precinct 33,County Commissioner,Position 2,,Write-ins,1
Josephine,Precinct 34,County Commissioner,Position 2,,Write-ins,1
Josephine,Precinct 35,County Commissioner,Position 2,,Write-ins,0
Josephine,Precinct 36,County Commissioner,Position 2,,Write-ins,2
Josephine,Precinct 37,County Commissioner,Position 2,,Write-ins,0
Josephine,Precinct 38,County Commissioner,Position 2,,Write-ins,6
Josephine,Precinct 39,County Commissioner,Position 2,,Write-ins,5
Josephine,Precinct 4,County Commissioner,Position 2,,Write-ins,3
Josephine,Precinct 40,County Commissioner,Position 2,,Write-ins,2
Josephine,Precinct 41,County Commissioner,Position 2,,Write-ins,0
Josephine,Precinct 42,County Commissioner,Position 2,,Write-ins,2
Josephine,Precinct 43,County Commissioner,Position 2,,Write-ins,1
Josephine,Precinct 44,County Commissioner,Position 2,,Write-ins,0
Josephine,Precinct 45,County Commissioner,Position 2,,Write-ins,0
Josephine,Precinct 46,County Commissioner,Position 2,,Write-ins,0
Josephine,Precinct 47,County Commissioner,Position 2,,Write-ins,0
Josephine,Precinct 5,County Commissioner,Position 2,,Write-ins,2
Josephine,Precinct 6,County Commissioner,Position 2,,Write-ins,2
Josephine,Precinct 7,County Commissioner,Position 2,,Write-ins,2
Josephine,Precinct 8,County Commissioner,Position 2,,Write-ins,1
Josephine,Precinct 9,County Commissioner,Position 2,,Write-ins,0
Josephine,Precinct 1,County Legal Counsel,,,Over Votes,0
Josephine,Precinct 10,County Legal Counsel,,,Over Votes,0
Josephine,Precinct 11,County Legal Counsel,,,Over Votes,0
Josephine,Precinct 12,County Legal Counsel,,,Over Votes,0
Josephine,Precinct 13,County Legal Counsel,,,Over Votes,0
Josephine,Precinct 14,County Legal Counsel,,,Over Votes,0
Josephine,Precinct 15,County Legal Counsel,,,Over Votes,0
Josephine,Precinct 16,County Legal Counsel,,,Over Votes,0
Josephine,Precinct 17,County Legal Counsel,,,Over Votes,0
Josephine,Precinct 18,County Legal Counsel,,,Over Votes,0
Josephine,Precinct 19,County Legal Counsel,,,Over Votes,0
Josephine,Precinct 2,County Legal Counsel,,,Over Votes,0
Josephine,Precinct 20,County Legal Counsel,,,Over Votes,0
Josephine,Precinct 21,County Legal Counsel,,,Over Votes,0
Josephine,Precinct 22,County Legal Counsel,,,Over Votes,0
Josephine,Precinct 23,County Legal Counsel,,,Over Votes,0
Josephine,Precinct 24,County Legal Counsel,,,Over Votes,0
Josephine,Precinct 25,County Legal Counsel,,,Over Votes,0
Josephine,Precinct 26,County Legal Counsel,,,Over Votes,0
Josephine,Precinct 27,County Legal Counsel,,,Over Votes,0
Josephine,Precinct 28,County Legal Counsel,,,Over Votes,0
Josephine,Precinct 29,County Legal Counsel,,,Over Votes,0
Josephine,Precinct 3,County Legal Counsel,,,Over Votes,0
Josephine,Precinct 30,County Legal Counsel,,,Over Votes,0
Josephine,Precinct 31,County Legal Counsel,,,Over Votes,0
Josephine,Precinct 32,County Legal Counsel,,,Over Votes,0
Josephine,Precinct 33,County Legal Counsel,,,Over Votes,0
Josephine,Precinct 34,County Legal Counsel,,,Over Votes,0
Josephine,Precinct 35,County Legal Counsel,,,Over Votes,0
Josephine,Precinct 36,County Legal Counsel,,,Over Votes,0
Josephine,Precinct 37,County Legal Counsel,,,Over Votes,0
Josephine,Precinct 38,County Legal Counsel,,,Over Votes,0
Josephine,Precinct 39,County Legal Counsel,,,Over Votes,0
Josephine,Precinct 4,County Legal Counsel,,,Over Votes,0
Josephine,Precinct 40,County Legal Counsel,,,Over Votes,0
Josephine,Precinct 41,County Legal Counsel,,,Over Votes,0
Josephine,Precinct 42,County Legal Counsel,,,Over Votes,0
Josephine,Precinct 43,County Legal Counsel,,,Over Votes,0
Josephine,Precinct 44,County Legal Counsel,,,Over Votes,0
Josephine,Precinct 45,County Legal Counsel,,,Over Votes,0
Josephine,Precinct 46,County Legal Counsel,,,Over Votes,0
Josephine,Precinct 47,County Legal Counsel,,,Over Votes,0
Josephine,Precinct 5,County Legal Counsel,,,Over Votes,0
Josephine,Precinct 6,County Legal Counsel,,,Over Votes,0
Josephine,Precinct 7,County Legal Counsel,,,Over Votes,0
Josephine,Precinct 8,County Legal Counsel,,,Over Votes,0
Josephine,Precinct 9,County Legal Counsel,,,Over Votes,0
Josephine,Precinct 1,County Legal Counsel,,,Under Votes,1082
Josephine,Precinct 10,County Legal Counsel,,,Under Votes,67
Josephine,Precinct 11,County Legal Counsel,,,Under Votes,81
Josephine,Precinct 12,County Legal Counsel,,,Under Votes,80
Josephine,Precinct 13,County Legal Counsel,,,Under Votes,59
Josephine,Precinct 14,County Legal Counsel,,,Under Votes,29
Josephine,Precinct 15,County Legal Counsel,,,Under Votes,418
Josephine,Precinct 16,County Legal Counsel,,,Under Votes,92
Josephine,Precinct 17,County Legal Counsel,,,Under Votes,423
Josephine,Precinct 18,County Legal Counsel,,,Under Votes,467
Josephine,Precinct 19,County Legal Counsel,,,Under Votes,530
Josephine,Precinct 2,County Legal Counsel,,,Under Votes,1246
Josephine,Precinct 20,County Legal Counsel,,,Under Votes,61
Josephine,Precinct 21,County Legal Counsel,,,Under Votes,840
Josephine,Precinct 22,County Legal Counsel,,,Under Votes,335
Josephine,Precinct 23,County Legal Counsel,,,Under Votes,97
Josephine,Precinct 24,County Legal Counsel,,,Under Votes,173
Josephine,Precinct 25,County Legal Counsel,,,Under Votes,307
Josephine,Precinct 26,County Legal Counsel,,,Under Votes,195
Josephine,Precinct 27,County Legal Counsel,,,Under Votes,146
Josephine,Precinct 28,County Legal Counsel,,,Under Votes,140
Josephine,Precinct 29,County Legal Counsel,,,Under Votes,19
Josephine,Precinct 3,County Legal Counsel,,,Under Votes,430
Josephine,Precinct 30,County Legal Counsel,,,Under Votes,273
Josephine,Precinct 31,County Legal Counsel,,,Under Votes,819
Josephine,Precinct 32,County Legal Counsel,,,Under Votes,83
Josephine,Precinct 33,County Legal Counsel,,,Under Votes,209
Josephine,Precinct 34,County Legal Counsel,,,Under Votes,111
Josephine,Precinct 35,County Legal Counsel,,,Under Votes,233
Josephine,Precinct 36,County Legal Counsel,,,Under Votes,618
Josephine,Precinct 37,County Legal Counsel,,,Under Votes,341
Josephine,Precinct 38,County Legal Counsel,,,Under Votes,763
Josephine,Precinct 39,County Legal Counsel,,,Under Votes,421
Josephine,Precinct 4,County Legal Counsel,,,Under Votes,266
Josephine,Precinct 40,County Legal Counsel,,,Under Votes,233
Josephine,Precinct 41,County Legal Counsel,,,Under Votes,37
Josephine,Precinct 42,County Legal Counsel,,,Under Votes,573
Josephine,Precinct 43,County Legal Counsel,,,Under Votes,359
Josephine,Precinct 44,County Legal Counsel,,,Under Votes,62
Josephine,Precinct 45,County Legal Counsel,,,Under Votes,58
Josephine,Precinct 46,County Legal Counsel,,,Under Votes,90
Josephine,Precinct 47,County Legal Counsel,,,Under Votes,48
Josephine,Precinct 5,County Legal Counsel,,,Under Votes,391
Josephine,Precinct 6,County Legal Counsel,,,Under Votes,284
Josephine,Precinct 7,County Legal Counsel,,,Under Votes,501
Josephine,Precinct 8,County Legal Counsel,,,Under Votes,838
Josephine,Precinct 9,County Legal Counsel,,,Under Votes,48
Josephine,Precinct 1,County Legal Counsel,,,Wally Hicks,972
Josephine,Precinct 10,County Legal Counsel,,,Wally Hicks,81
Josephine,Precinct 11,County Legal Counsel,,,Wally Hicks,65
Josephine,Precinct 12,County Legal Counsel,,,Wally Hicks,82
Josephine,Precinct 13,County Legal Counsel,,,Wally Hicks,73
Josephine,Precinct 14,County Legal Counsel,,,Wally Hicks,21
Josephine,Precinct 15,County Legal Counsel,,,Wally Hicks,365
Josephine,Precinct 16,County Legal Counsel,,,Wally Hicks,79
Josephine,Precinct 17,County Legal Counsel,,,Wally Hicks,411
Josephine,Precinct 18,County Legal Counsel,,,Wally Hicks,430
Josephine,Precinct 19,County Legal Counsel,,,Wally Hicks,459
Josephine,Precinct 2,County Legal Counsel,,,Wally Hicks,1336
Josephine,Precinct 20,County Legal Counsel,,,Wally Hicks,56
Josephine,Precinct 21,County Legal Counsel,,,Wally Hicks,691
Josephine,Precinct 22,County Legal Counsel,,,Wally Hicks,356
Josephine,Precinct 23,County Legal Counsel,,,Wally Hicks,87
Josephine,Precinct 24,County Legal Counsel,,,Wally Hicks,183
Josephine,Precinct 25,County Legal Counsel,,,Wally Hicks,279
Josephine,Precinct 26,County Legal Counsel,,,Wally Hicks,179
Josephine,Precinct 27,County Legal Counsel,,,Wally Hicks,101
Josephine,Precinct 28,County Legal Counsel,,,Wally Hicks,108
Josephine,Precinct 29,County Legal Counsel,,,Wally Hicks,21
Josephine,Precinct 3,County Legal Counsel,,,Wally Hicks,400
Josephine,Precinct 30,County Legal Counsel,,,Wally Hicks,284
Josephine,Precinct 31,County Legal Counsel,,,Wally Hicks,656
Josephine,Precinct 32,County Legal Counsel,,,Wally Hicks,41
Josephine,Precinct 33,County Legal Counsel,,,Wally Hicks,160
Josephine,Precinct 34,County Legal Counsel,,,Wally Hicks,74
Josephine,Precinct 35,County Legal Counsel,,,Wally Hicks,208
Josephine,Precinct 36,County Legal Counsel,,,Wally Hicks,528
Josephine,Precinct 37,County Legal Counsel,,,Wally Hicks,268
Josephine,Precinct 38,County Legal Counsel,,,Wally Hicks,673
Josephine,Precinct 39,County Legal Counsel,,,Wally Hicks,391
Josephine,Precinct 4,County Legal Counsel,,,Wally Hicks,285
Josephine,Precinct 40,County Legal Counsel,,,Wally Hicks,172
Josephine,Precinct 41,County Legal Counsel,,,Wally Hicks,19
Josephine,Precinct 42,County Legal Counsel,,,Wally Hicks,452
Josephine,Precinct 43,County Legal Counsel,,,Wally Hicks,322
Josephine,Precinct 44,County Legal Counsel,,,Wally Hicks,34
Josephine,Precinct 45,County Legal Counsel,,,Wally Hicks,15
Josephine,Precinct 46,County Legal Counsel,,,Wally Hicks,58
Josephine,Precinct 47,County Legal Counsel,,,Wally Hicks,43
Josephine,Precinct 5,County Legal Counsel,,,Wally Hicks,337
Josephine,Precinct 6,County Legal Counsel,,,Wally Hicks,267
Josephine,Precinct 7,County Legal Counsel,,,Wally Hicks,443
Josephine,Precinct 8,County Legal Counsel,,,Wally Hicks,823
Josephine,Precinct 9,County Legal Counsel,,,Wally Hicks,30
Josephine,Precinct 1,County Legal Counsel,,,Write-ins,21
Josephine,Precinct 10,County Legal Counsel,,,Write-ins,1
Josephine,Precinct 11,County Legal Counsel,,,Write-ins,1
Josephine,Precinct 12,County Legal Counsel,,,Write-ins,0
Josephine,Precinct 13,County Legal Counsel,,,Write-ins,0
Josephine,Precinct 14,County Legal Counsel,,,Write-ins,0
Josephine,Precinct 15,County Legal Counsel,,,Write-ins,3
Josephine,Precinct 16,County Legal Counsel,,,Write-ins,0
Josephine,Precinct 17,County Legal Counsel,,,Write-ins,6
Josephine,Precinct 18,County Legal Counsel,,,Write-ins,5
Josephine,Precinct 19,County Legal Counsel,,,Write-ins,6
Josephine,Precinct 2,County Legal Counsel,,,Write-ins,9
Josephine,Precinct 20,County Legal Counsel,,,Write-ins,1
Josephine,Precinct 21,County Legal Counsel,,,Write-ins,11
Josephine,Precinct 22,County Legal Counsel,,,Write-ins,5
Josephine,Precinct 23,County Legal Counsel,,,Write-ins,0
Josephine,Precinct 24,County Legal Counsel,,,Write-ins,4
Josephine,Precinct 25,County Legal Counsel,,,Write-ins,0
Josephine,Precinct 26,County Legal Counsel,,,Write-ins,2
Josephine,Precinct 27,County Legal Counsel,,,Write-ins,2
Josephine,Precinct 28,County Legal Counsel,,,Write-ins,4
Josephine,Precinct 29,County Legal Counsel,,,Write-ins,0
Josephine,Precinct 3,County Legal Counsel,,,Write-ins,6
Josephine,Precinct 30,County Legal Counsel,,,Write-ins,3
Josephine,Precinct 31,County Legal Counsel,,,Write-ins,9
Josephine,Precinct 32,County Legal Counsel,,,Write-ins,0
Josephine,Precinct 33,County Legal Counsel,,,Write-ins,2
Josephine,Precinct 34,County Legal Counsel,,,Write-ins,8
Josephine,Precinct 35,County Legal Counsel,,,Write-ins,5
Josephine,Precinct 36,County Legal Counsel,,,Write-ins,9
Josephine,Precinct 37,County Legal Counsel,,,Write-ins,3
Josephine,Precinct 38,County Legal Counsel,,,Write-ins,11
Josephine,Precinct 39,County Legal Counsel,,,Write-ins,8
Josephine,Precinct 4,County Legal Counsel,,,Write-ins,10
Josephine,Precinct 40,County Legal Counsel,,,Write-ins,1
Josephine,Precinct 41,County Legal Counsel,,,Write-ins,0
Josephine,Precinct 42,County Legal Counsel,,,Write-ins,6
Josephine,Precinct 43,County Legal Counsel,,,Write-ins,4
Josephine,Precinct 44,County Legal Counsel,,,Write-ins,0
Josephine,Precinct 45,County Legal Counsel,,,Write-ins,2
Josephine,Precinct 46,County Legal Counsel,,,Write-ins,0
Josephine,Precinct 47,County Legal Counsel,,,Write-ins,0
Josephine,Precinct 5,County Legal Counsel,,,Write-ins,4
Josephine,Precinct 6,County Legal Counsel,,,Write-ins,3
Josephine,Precinct 7,County Legal Counsel,,,Write-ins,7
Josephine,Precinct 8,County Legal Counsel,,,Write-ins,5
Josephine,Precinct 9,County Legal Counsel,,,Write-ins,1
Josephine,Precinct 1,County Treasurer,,,Alexis H. Smithey,356
Josephine,Precinct 10,County Treasurer,,,Alexis H. Smithey,15
Josephine,Precinct 11,County Treasurer,,,Alexis H. Smithey,19
Josephine,Precinct 12,County Treasurer,,,Alexis H. Smithey,27
Josephine,Precinct 13,County Treasurer,,,Alexis H. Smithey,25
Josephine,Precinct 14,County Treasurer,,,Alexis H. Smithey,7
Josephine,Precinct 15,County Treasurer,,,Alexis H. Smithey,121
Josephine,Precinct 16,County Treasurer,,,Alexis H. Smithey,24
Josephine,Precinct 17,County Treasurer,,,Alexis H. Smithey,148
Josephine,Precinct 18,County Treasurer,,,Alexis H. Smithey,119
Josephine,Precinct 19,County Treasurer,,,Alexis H. Smithey,133
Josephine,Precinct 2,County Treasurer,,,Alexis H. Smithey,410
Josephine,Precinct 20,County Treasurer,,,Alexis H. Smithey,26
Josephine,Precinct 21,County Treasurer,,,Alexis H. Smithey,212
Josephine,Precinct 22,County Treasurer,,,Alexis H. Smithey,106
Josephine,Precinct 23,County Treasurer,,,Alexis H. Smithey,13
Josephine,Precinct 24,County Treasurer,,,Alexis H. Smithey,41
Josephine,Precinct 25,County Treasurer,,,Alexis H. Smithey,107
Josephine,Precinct 26,County Treasurer,,,Alexis H. Smithey,76
Josephine,Precinct 27,County Treasurer,,,Alexis H. Smithey,42
Josephine,Precinct 28,County Treasurer,,,Alexis H. Smithey,44
Josephine,Precinct 29,County Treasurer,,,Alexis H. Smithey,2
Josephine,Precinct 3,County Treasurer,,,Alexis H. Smithey,158
Josephine,Precinct 30,County Treasurer,,,Alexis H. Smithey,119
Josephine,Precinct 31,County Treasurer,,,Alexis H. Smithey,288
Josephine,Precinct 32,County Treasurer,,,Alexis H. Smithey,39
Josephine,Precinct 33,County Treasurer,,,Alexis H. Smithey,59
Josephine,Precinct 34,County Treasurer,,,Alexis H. Smithey,41
Josephine,Precinct 35,County Treasurer,,,Alexis H. Smithey,48
Josephine,Precinct 36,County Treasurer,,,Alexis H. Smithey,208
Josephine,Precinct 37,County Treasurer,,,Alexis H. Smithey,160
Josephine,Precinct 38,County Treasurer,,,Alexis H. Smithey,197
Josephine,Precinct 39,County Treasurer,,,Alexis H. Smithey,144
Josephine,Precinct 4,County Treasurer,,,Alexis H. Smithey,115
Josephine,Precinct 40,County Treasurer,,,Alexis H. Smithey,57
Josephine,Precinct 41,County Treasurer,,,Alexis H. Smithey,5
Josephine,Precinct 42,County Treasurer,,,Alexis H. Smithey,163
Josephine,Precinct 43,County Treasurer,,,Alexis H. Smithey,109
Josephine,Precinct 44,County Treasurer,,,Alexis H. Smithey,18
Josephine,Precinct 45,County Treasurer,,,Alexis H. Smithey,5
Josephine,Precinct 46,County Treasurer,,,Alexis H. Smithey,17
Josephine,Precinct 47,County Treasurer,,,Alexis H. Smithey,12
Josephine,Precinct 5,County Treasurer,,,Alexis H. Smithey,140
Josephine,Precinct 6,County Treasurer,,,Alexis H. Smithey,97
Josephine,Precinct 7,County Treasurer,,,Alexis H. Smithey,210
Josephine,Precinct 8,County Treasurer,,,Alexis H. Smithey,261
Josephine,Precinct 9,County Treasurer,,,Alexis H. Smithey,7
Josephine,Precinct 1,County Treasurer,,,Dustin M. Calvo,835
Josephine,Precinct 10,County Treasurer,,,Dustin M. Calvo,55
Josephine,Precinct 11,County Treasurer,,,Dustin M. Calvo,76
Josephine,Precinct 12,County Treasurer,,,Dustin M. Calvo,52
Josephine,Precinct 13,County Treasurer,,,Dustin M. Calvo,38
Josephine,Precinct 14,County Treasurer,,,Dustin M. Calvo,19
Josephine,Precinct 15,County Treasurer,,,Dustin M. Calvo,276
Josephine,Precinct 16,County Treasurer,,,Dustin M. Calvo,63
Josephine,Precinct 17,County Treasurer,,,Dustin M. Calvo,296
Josephine,Precinct 18,County Treasurer,,,Dustin M. Calvo,355
Josephine,Precinct 19,County Treasurer,,,Dustin M. Calvo,364
Josephine,Precinct 2,County Treasurer,,,Dustin M. Calvo,874
Josephine,Precinct 20,County Treasurer,,,Dustin M. Calvo,35
Josephine,Precinct 21,County Treasurer,,,Dustin M. Calvo,521
Josephine,Precinct 22,County Treasurer,,,Dustin M. Calvo,263
Josephine,Precinct 23,County Treasurer,,,Dustin M. Calvo,60
Josephine,Precinct 24,County Treasurer,,,Dustin M. Calvo,149
Josephine,Precinct 25,County Treasurer,,,Dustin M. Calvo,200
Josephine,Precinct 26,County Treasurer,,,Dustin M. Calvo,132
Josephine,Precinct 27,County Treasurer,,,Dustin M. Calvo,72
Josephine,Precinct 28,County Treasurer,,,Dustin M. Calvo,75
Josephine,Precinct 29,County Treasurer,,,Dustin M. Calvo,18
Josephine,Precinct 3,County Treasurer,,,Dustin M. Calvo,311
Josephine,Precinct 30,County Treasurer,,,Dustin M. Calvo,163
Josephine,Precinct 31,County Treasurer,,,Dustin M. Calvo,517
Josephine,Precinct 32,County Treasurer,,,Dustin M. Calvo,32
Josephine,Precinct 33,County Treasurer,,,Dustin M. Calvo,107
Josephine,Precinct 34,County Treasurer,,,Dustin M. Calvo,52
Josephine,Precinct 35,County Treasurer,,,Dustin M. Calvo,144
Josephine,Precinct 36,County Treasurer,,,Dustin M. Calvo,393
Josephine,Precinct 37,County Treasurer,,,Dustin M. Calvo,172
Josephine,Precinct 38,County Treasurer,,,Dustin M. Calvo,517
Josephine,Precinct 39,County Treasurer,,,Dustin M. Calvo,247
Josephine,Precinct 4,County Treasurer,,,Dustin M. Calvo,175
Josephine,Precinct 40,County Treasurer,,,Dustin M. Calvo,163
Josephine,Precinct 41,County Treasurer,,,Dustin M. Calvo,22
Josephine,Precinct 42,County Treasurer,,,Dustin M. Calvo,324
Josephine,Precinct 43,County Treasurer,,,Dustin M. Calvo,218
Josephine,Precinct 44,County Treasurer,,,Dustin M. Calvo,34
Josephine,Precinct 45,County Treasurer,,,Dustin M. Calvo,25
Josephine,Precinct 46,County Treasurer,,,Dustin M. Calvo,56
Josephine,Precinct 47,County Treasurer,,,Dustin M. Calvo,35
Josephine,Precinct 5,County Treasurer,,,Dustin M. Calvo,259
Josephine,Precinct 6,County Treasurer,,,Dustin M. Calvo,204
Josephine,Precinct 7,County Treasurer,,,Dustin M. Calvo,314
Josephine,Precinct 8,County Treasurer,,,Dustin M. Calvo,618
Josephine,Precinct 9,County Treasurer,,,Dustin M. Calvo,31
Josephine,Precinct 1,County Treasurer,,,Over Votes,0
Josephine,Precinct 10,County Treasurer,,,Over Votes,0
Josephine,Precinct 11,County Treasurer,,,Over Votes,0
Josephine,Precinct 12,County Treasurer,,,Over Votes,0
Josephine,Precinct 13,County Treasurer,,,Over Votes,0
Josephine,Precinct 14,County Treasurer,,,Over Votes,0
Josephine,Precinct 15,County Treasurer,,,Over Votes,0
Josephine,Precinct 16,County Treasurer,,,Over Votes,0
Josephine,Precinct 17,County Treasurer,,,Over Votes,0
Josephine,Precinct 18,County Treasurer,,,Over Votes,0
Josephine,Precinct 19,County Treasurer,,,Over Votes,0
Josephine,Precinct 2,County Treasurer,,,Over Votes,0
Josephine,Precinct 20,County Treasurer,,,Over Votes,0
Josephine,Precinct 21,County Treasurer,,,Over Votes,0
Josephine,Precinct 22,County Treasurer,,,Over Votes,0
Josephine,Precinct 23,County Treasurer,,,Over Votes,0
Josephine,Precinct 24,County Treasurer,,,Over Votes,0
Josephine,Precinct 25,County Treasurer,,,Over Votes,0
Josephine,Precinct 26,County Treasurer,,,Over Votes,0
Josephine,Precinct 27,County Treasurer,,,Over Votes,0
Josephine,Precinct 28,County Treasurer,,,Over Votes,0
Josephine,Precinct 29,County Treasurer,,,Over Votes,0
Josephine,Precinct 3,County Treasurer,,,Over Votes,0
Josephine,Precinct 30,County Treasurer,,,Over Votes,0
Josephine,Precinct 31,County Treasurer,,,Over Votes,0
Josephine,Precinct 32,County Treasurer,,,Over Votes,0
Josephine,Precinct 33,County Treasurer,,,Over Votes,0
Josephine,Precinct 34,County Treasurer,,,Over Votes,0
Josephine,Precinct 35,County Treasurer,,,Over Votes,0
Josephine,Precinct 36,County Treasurer,,,Over Votes,0
Josephine,Precinct 37,County Treasurer,,,Over Votes,0
Josephine,Precinct 38,County Treasurer,,,Over Votes,0
Josephine,Precinct 39,County Treasurer,,,Over Votes,0
Josephine,Precinct 4,County Treasurer,,,Over Votes,0
Josephine,Precinct 40,County Treasurer,,,Over Votes,0
Josephine,Precinct 41,County Treasurer,,,Over Votes,0
Josephine,Precinct 42,County Treasurer,,,Over Votes,0
Josephine,Precinct 43,County Treasurer,,,Over Votes,0
Josephine,Precinct 44,County Treasurer,,,Over Votes,0
Josephine,Precinct 45,County Treasurer,,,Over Votes,0
Josephine,Precinct 46,County Treasurer,,,Over Votes,0
Josephine,Precinct 47,County Treasurer,,,Over Votes,0
Josephine,Precinct 5,County Treasurer,,,Over Votes,0
Josephine,Precinct 6,County Treasurer,,,Over Votes,0
Josephine,Precinct 7,County Treasurer,,,Over Votes,0
Josephine,Precinct 8,County Treasurer,,,Over Votes,0
Josephine,Precinct 9,County Treasurer,,,Over Votes,0
Josephine,Precinct 1,County Treasurer,,,Simon Hare,541
Josephine,Precinct 10,County Treasurer,,,Simon Hare,64
Josephine,Precinct 11,County Treasurer,,,Simon Hare,37
Josephine,Precinct 12,County Treasurer,,,Simon Hare,53
Josephine,Precinct 13,County Treasurer,,,Simon Hare,51
Josephine,Precinct 14,County Treasurer,,,Simon Hare,17
Josephine,Precinct 15,County Treasurer,,,Simon Hare,249
Josephine,Precinct 16,County Treasurer,,,Simon Hare,54
Josephine,Precinct 17,County Treasurer,,,Simon Hare,270
Josephine,Precinct 18,County Treasurer,,,Simon Hare,271
Josephine,Precinct 19,County Treasurer,,,Simon Hare,337
Josephine,Precinct 2,County Treasurer,,,Simon Hare,822
Josephine,Precinct 20,County Treasurer,,,Simon Hare,39
Josephine,Precinct 21,County Treasurer,,,Simon Hare,550
Josephine,Precinct 22,County Treasurer,,,Simon Hare,228
Josephine,Precinct 23,County Treasurer,,,Simon Hare,76
Josephine,Precinct 24,County Treasurer,,,Simon Hare,120
Josephine,Precinct 25,County Treasurer,,,Simon Hare,180
Josephine,Precinct 26,County Treasurer,,,Simon Hare,99
Josephine,Precinct 27,County Treasurer,,,Simon Hare,86
Josephine,Precinct 28,County Treasurer,,,Simon Hare,79
Josephine,Precinct 29,County Treasurer,,,Simon Hare,14
Josephine,Precinct 3,County Treasurer,,,Simon Hare,224
Josephine,Precinct 30,County Treasurer,,,Simon Hare,172
Josephine,Precinct 31,County Treasurer,,,Simon Hare,443
Josephine,Precinct 32,County Treasurer,,,Simon Hare,37
Josephine,Precinct 33,County Treasurer,,,Simon Hare,142
Josephine,Precinct 34,County Treasurer,,,Simon Hare,72
Josephine,Precinct 35,County Treasurer,,,Simon Hare,158
Josephine,Precinct 36,County Treasurer,,,Simon Hare,352
Josephine,Precinct 37,County Treasurer,,,Simon Hare,178
Josephine,Precinct 38,County Treasurer,,,Simon Hare,465
Josephine,Precinct 39,County Treasurer,,,Simon Hare,272
Josephine,Precinct 4,County Treasurer,,,Simon Hare,167
Josephine,Precinct 40,County Treasurer,,,Simon Hare,102
Josephine,Precinct 41,County Treasurer,,,Simon Hare,12
Josephine,Precinct 42,County Treasurer,,,Simon Hare,358
Josephine,Precinct 43,County Treasurer,,,Simon Hare,230
Josephine,Precinct 44,County Treasurer,,,Simon Hare,28
Josephine,Precinct 45,County Treasurer,,,Simon Hare,30
Josephine,Precinct 46,County Treasurer,,,Simon Hare,53
Josephine,Precinct 47,County Treasurer,,,Simon Hare,28
Josephine,Precinct 5,County Treasurer,,,Simon Hare,201
Josephine,Precinct 6,County Treasurer,,,Simon Hare,160
Josephine,Precinct 7,County Treasurer,,,Simon Hare,237
Josephine,Precinct 8,County Treasurer,,,Simon Hare,497
Josephine,Precinct 9,County Treasurer,,,Simon Hare,26
Josephine,Precinct 1,County Treasurer,,,Under Votes,338
Josephine,Precinct 10,County Treasurer,,,Under Votes,15
Josephine,Precinct 11,County Treasurer,,,Under Votes,15
Josephine,Precinct 12,County Treasurer,,,Under Votes,30
Josephine,Precinct 13,County Treasurer,,,Under Votes,18
Josephine,Precinct 14,County Treasurer,,,Under Votes,7
Josephine,Precinct 15,County Treasurer,,,Under Votes,137
Josephine,Precinct 16,County Treasurer,,,Under Votes,29
Josephine,Precinct 17,County Treasurer,,,Under Votes,124
Josephine,Precinct 18,County Treasurer,,,Under Votes,155
Josephine,Precinct 19,County Treasurer,,,Under Votes,158
Josephine,Precinct 2,County Treasurer,,,Under Votes,484
Josephine,Precinct 20,County Treasurer,,,Under Votes,18
Josephine,Precinct 21,County Treasurer,,,Under Votes,256
Josephine,Precinct 22,County Treasurer,,,Under Votes,98
Josephine,Precinct 23,County Treasurer,,,Under Votes,35
Josephine,Precinct 24,County Treasurer,,,Under Votes,50
Josephine,Precinct 25,County Treasurer,,,Under Votes,99
Josephine,Precinct 26,County Treasurer,,,Under Votes,69
Josephine,Precinct 27,County Treasurer,,,Under Votes,49
Josephine,Precinct 28,County Treasurer,,,Under Votes,54
Josephine,Precinct 29,County Treasurer,,,Under Votes,6
Josephine,Precinct 3,County Treasurer,,,Under Votes,140
Josephine,Precinct 30,County Treasurer,,,Under Votes,106
Josephine,Precinct 31,County Treasurer,,,Under Votes,232
Josephine,Precinct 32,County Treasurer,,,Under Votes,16
Josephine,Precinct 33,County Treasurer,,,Under Votes,63
Josephine,Precinct 34,County Treasurer,,,Under Votes,27
Josephine,Precinct 35,County Treasurer,,,Under Votes,96
Josephine,Precinct 36,County Treasurer,,,Under Votes,200
Josephine,Precinct 37,County Treasurer,,,Under Votes,101
Josephine,Precinct 38,County Treasurer,,,Under Votes,264
Josephine,Precinct 39,County Treasurer,,,Under Votes,155
Josephine,Precinct 4,County Treasurer,,,Under Votes,100
Josephine,Precinct 40,County Treasurer,,,Under Votes,82
Josephine,Precinct 41,County Treasurer,,,Under Votes,17
Josephine,Precinct 42,County Treasurer,,,Under Votes,184
Josephine,Precinct 43,County Treasurer,,,Under Votes,127
Josephine,Precinct 44,County Treasurer,,,Under Votes,16
Josephine,Precinct 45,County Treasurer,,,Under Votes,15
Josephine,Precinct 46,County Treasurer,,,Under Votes,22
Josephine,Precinct 47,County Treasurer,,,Under Votes,16
Josephine,Precinct 5,County Treasurer,,,Under Votes,129
Josephine,Precinct 6,County Treasurer,,,Under Votes,93
Josephine,Precinct 7,County Treasurer,,,Under Votes,187
Josephine,Precinct 8,County Treasurer,,,Under Votes,289
Josephine,Precinct 9,County Treasurer,,,Under Votes,14
Josephine,Precinct 1,County Treasurer,,,Write-ins,5
Josephine,Precinct 10,County Treasurer,,,Write-ins,0
Josephine,Precinct 11,County Treasurer,,,Write-ins,0
Josephine,Precinct 12,County Treasurer,,,Write-ins,0
Josephine,Precinct 13,County Treasurer,,,Write-ins,0
Josephine,Precinct 14,County Treasurer,,,Write-ins,0
Josephine,Precinct 15,County Treasurer,,,Write-ins,3
Josephine,Precinct 16,County Treasurer,,,Write-ins,1
Josephine,Precinct 17,County Treasurer,,,Write-ins,2
Josephine,Precinct 18,County Treasurer,,,Write-ins,2
Josephine,Precinct 19,County Treasurer,,,Write-ins,3
Josephine,Precinct 2,County Treasurer,,,Write-ins,1
Josephine,Precinct 20,County Treasurer,,,Write-ins,0
Josephine,Precinct 21,County Treasurer,,,Write-ins,3
Josephine,Precinct 22,County Treasurer,,,Write-ins,1
Josephine,Precinct 23,County Treasurer,,,Write-ins,0
Josephine,Precinct 24,County Treasurer,,,Write-ins,0
Josephine,Precinct 25,County Treasurer,,,Write-ins,0
Josephine,Precinct 26,County Treasurer,,,Write-ins,0
Josephine,Precinct 27,County Treasurer,,,Write-ins,0
Josephine,Precinct 28,County Treasurer,,,Write-ins,0
Josephine,Precinct 29,County Treasurer,,,Write-ins,0
Josephine,Precinct 3,County Treasurer,,,Write-ins,3
Josephine,Precinct 30,County Treasurer,,,Write-ins,0
Josephine,Precinct 31,County Treasurer,,,Write-ins,4
Josephine,Precinct 32,County Treasurer,,,Write-ins,0
Josephine,Precinct 33,County Treasurer,,,Write-ins,0
Josephine,Precinct 34,County Treasurer,,,Write-ins,1
Josephine,Precinct 35,County Treasurer,,,Write-ins,0
Josephine,Precinct 36,County Treasurer,,,Write-ins,2
Josephine,Precinct 37,County Treasurer,,,Write-ins,1
Josephine,Precinct 38,County Treasurer,,,Write-ins,4
Josephine,Precinct 39,County Treasurer,,,Write-ins,2
Josephine,Precinct 4,County Treasurer,,,Write-ins,4
Josephine,Precinct 40,County Treasurer,,,Write-ins,2
Josephine,Precinct 41,County Treasurer,,,Write-ins,0
Josephine,Precinct 42,County Treasurer,,,Write-ins,2
Josephine,Precinct 43,County Treasurer,,,Write-ins,1
Josephine,Precinct 44,County Treasurer,,,Write-ins,0
Josephine,Precinct 45,County Treasurer,,,Write-ins,0
Josephine,Precinct 46,County Treasurer,,,Write-ins,0
Josephine,Precinct 47,County Treasurer,,,Write-ins,0
Josephine,Precinct 5,County Treasurer,,,Write-ins,3
Josephine,Precinct 6,County Treasurer,,,Write-ins,0
Josephine,Precinct 7,County Treasurer,,,Write-ins,3
Josephine,Precinct 8,County Treasurer,,,Write-ins,1
Josephine,Precinct 9,County Treasurer,,,Write-ins,1
Josephine,Precinct 1,Governor,,D,Brittany Jones,13
Josephine,Precinct 10,Governor,,D,Brittany Jones,0
Josephine,Precinct 11,Governor,,D,Brittany Jones,0
Josephine,Precinct 12,Governor,,D,Brittany Jones,1
Josephine,Precinct 13,Governor,,D,Brittany Jones,0
Josephine,Precinct 14,Governor,,D,Brittany Jones,0
Josephine,Precinct 15,Governor,,D,Brittany Jones,8
Josephine,Precinct 16,Governor,,D,Brittany Jones,1
Josephine,Precinct 17,Governor,,D,Brittany Jones,9
Josephine,Precinct 18,Governor,,D,Brittany Jones,7
Josephine,Precinct 19,Governor,,D,Brittany Jones,5
Josephine,Precinct 2,Governor,,D,Brittany Jones,18
Josephine,Precinct 20,Governor,,D,Brittany Jones,0
Josephine,Precinct 21,Governor,,D,Brittany Jones,18
Josephine,Precinct 22,Governor,,D,Brittany Jones,1
Josephine,Precinct 23,Governor,,D,Brittany Jones,4
Josephine,Precinct 24,Governor,,D,Brittany Jones,1
Josephine,Precinct 25,Governor,,D,Brittany Jones,3
Josephine,Precinct 26,Governor,,D,Brittany Jones,1
Josephine,Precinct 27,Governor,,D,Brittany Jones,2
Josephine,Precinct 28,Governor,,D,Brittany Jones,2
Josephine,Precinct 29,Governor,,D,Brittany Jones,0
Josephine,Precinct 3,Governor,,D,Brittany Jones,13
Josephine,Precinct 30,Governor,,D,Brittany Jones,2
Josephine,Precinct 31,Governor,,D,Brittany Jones,13
Josephine,Precinct 32,Governor,,D,Brittany Jones,0
Josephine,Precinct 33,Governor,,D,Brittany Jones,2
Josephine,Precinct 34,Governor,,D,Brittany Jones,1
Josephine,Precinct 35,Governor,,D,Brittany Jones,4
Josephine,Precinct 36,Governor,,D,Brittany Jones,3
Josephine,Precinct 37,Governor,,D,Brittany Jones,10
Josephine,Precinct 38,Governor,,D,Brittany Jones,5
Josephine,Precinct 39,Governor,,D,Brittany Jones,7
Josephine,Precinct 4,Governor,,D,Brittany Jones,8
Josephine,Precinct 40,Governor,,D,Brittany Jones,0
Josephine,Precinct 41,Governor,,D,Brittany Jones,0
Josephine,Precinct 42,Governor,,D,Brittany Jones,5
Josephine,Precinct 43,Governor,,D,Brittany Jones,6
Josephine,Precinct 44,Governor,,D,Brittany Jones,0
Josephine,Precinct 45,Governor,,D,Brittany Jones,0
Josephine,Precinct 46,Governor,,D,Brittany Jones,0
Josephine,Precinct 47,Governor,,D,Brittany Jones,0
Josephine,Precinct 5,Governor,,D,Brittany Jones,9
Josephine,Precinct 6,Governor,,D,Brittany Jones,2
Josephine,Precinct 7,Governor,,D,Brittany Jones,9
Josephine,Precinct 8,Governor,,D,Brittany Jones,8
Josephine,Precinct 9,Governor,,D,Brittany Jones,0
Josephine,Precinct 1,Governor,,D,Cal Kishawi,1
Josephine,Precinct 10,Governor,,D,Cal Kishawi,1
Josephine,Precinct 11,Governor,,D,Cal Kishawi,0
Josephine,Precinct 12,Governor,,D,Cal Kishawi,0
Josephine,Precinct 13,Governor,,D,Cal Kishawi,0
Josephine,Precinct 14,Governor,,D,Cal Kishawi,0
Josephine,Precinct 15,Governor,,D,Cal Kishawi,1
Josephine,Precinct 16,Governor,,D,Cal Kishawi,0
Josephine,Precinct 17,Governor,,D,Cal Kishawi,0
Josephine,Precinct 18,Governor,,D,Cal Kishawi,0
Josephine,Precinct 19,Governor,,D,Cal Kishawi,3
Josephine,Precinct 2,Governor,,D,Cal Kishawi,4
Josephine,Precinct 20,Governor,,D,Cal Kishawi,0
Josephine,Precinct 21,Governor,,D,Cal Kishawi,3
Josephine,Precinct 22,Governor,,D,Cal Kishawi,0
Josephine,Precinct 23,Governor,,D,Cal Kishawi,0
Josephine,Precinct 24,Governor,,D,Cal Kishawi,0
Josephine,Precinct 25,Governor,,D,Cal Kishawi,0
Josephine,Precinct 26,Governor,,D,Cal Kishawi,1
Josephine,Precinct 27,Governor,,D,Cal Kishawi,0
Josephine,Precinct 28,Governor,,D,Cal Kishawi,0
Josephine,Precinct 29,Governor,,D,Cal Kishawi,0
Josephine,Precinct 3,Governor,,D,Cal Kishawi,0
Josephine,Precinct 30,Governor,,D,Cal Kishawi,0
Josephine,Precinct 31,Governor,,D,Cal Kishawi,2
Josephine,Precinct 32,Governor,,D,Cal Kishawi,0
Josephine,Precinct 33,Governor,,D,Cal Kishawi,0
Josephine,Precinct 34,Governor,,D,Cal Kishawi,0
Josephine,Precinct 35,Governor,,D,Cal Kishawi,1
Josephine,Precinct 36,Governor,,D,Cal Kishawi,2
Josephine,Precinct 37,Governor,,D,Cal Kishawi,0
Josephine,Precinct 38,Governor,,D,Cal Kishawi,1
Josephine,Precinct 39,Governor,,D,Cal Kishawi,1
Josephine,Precinct 4,Governor,,D,Cal Kishawi,2
Josephine,Precinct 40,Governor,,D,Cal Kishawi,1
Josephine,Precinct 41,Governor,,D,Cal Kishawi,0
Josephine,Precinct 42,Governor,,D,Cal Kishawi,3
Josephine,Precinct 43,Governor,,D,Cal Kishawi,0
Josephine,Precinct 44,Governor,,D,Cal Kishawi,0
Josephine,Precinct 45,Governor,,D,Cal Kishawi,0
Josephine,Precinct 46,Governor,,D,Cal Kishawi,0
Josephine,Precinct 47,Governor,,D,Cal Kishawi,1
Josephine,Precinct 5,Governor,,D,Cal Kishawi,0
Josephine,Precinct 6,Governor,,D,Cal Kishawi,1
Josephine,Precinct 7,Governor,,D,Cal Kishawi,3
Josephine,Precinct 8,Governor,,D,Cal Kishawi,2
Josephine,Precinct 9,Governor,,D,Cal Kishawi,0
Josephine,Precinct 1,Governor,,D,David W. Beem,8
Josephine,Precinct 10,Governor,,D,David W. Beem,1
Josephine,Precinct 11,Governor,,D,David W. Beem,0
Josephine,Precinct 12,Governor,,D,David W. Beem,0
Josephine,Precinct 13,Governor,,D,David W. Beem,0
Josephine,Precinct 14,Governor,,D,David W. Beem,0
Josephine,Precinct 15,Governor,,D,David W. Beem,2
Josephine,Precinct 16,Governor,,D,David W. Beem,2
Josephine,Precinct 17,Governor,,D,David W. Beem,2
Josephine,Precinct 18,Governor,,D,David W. Beem,0
Josephine,Precinct 19,Governor,,D,David W. Beem,1
Josephine,Precinct 2,Governor,,D,David W. Beem,3
Josephine,Precinct 20,Governor,,D,David W. Beem,1
Josephine,Precinct 21,Governor,,D,David W. Beem,2
Josephine,Precinct 22,Governor,,D,David W. Beem,3
Josephine,Precinct 23,Governor,,D,David W. Beem,0
Josephine,Precinct 24,Governor,,D,David W. Beem,2
Josephine,Precinct 25,Governor,,D,David W. Beem,2
Josephine,Precinct 26,Governor,,D,David W. Beem,0
Josephine,Precinct 27,Governor,,D,David W. Beem,1
Josephine,Precinct 28,Governor,,D,David W. Beem,2
Josephine,Precinct 29,Governor,,D,David W. Beem,0
Josephine,Precinct 3,Governor,,D,David W. Beem,4
Josephine,Precinct 30,Governor,,D,David W. Beem,1
Josephine,Precinct 31,Governor,,D,David W. Beem,5
Josephine,Precinct 32,Governor,,D,David W. Beem,0
Josephine,Precinct 33,Governor,,D,David W. Beem,0
Josephine,Precinct 34,Governor,,D,David W. Beem,1
Josephine,Precinct 35,Governor,,D,David W. Beem,0
Josephine,Precinct 36,Governor,,D,David W. Beem,3
Josephine,Precinct 37,Governor,,D,David W. Beem,1
Josephine,Precinct 38,Governor,,D,David W. Beem,2
Josephine,Precinct 39,Governor,,D,David W. Beem,0
Josephine,Precinct 4,Governor,,D,David W. Beem,3
Josephine,Precinct 40,Governor,,D,David W. Beem,1
Josephine,Precinct 41,Governor,,D,David W. Beem,0
Josephine,Precinct 42,Governor,,D,David W. Beem,5
Josephine,Precinct 43,Governor,,D,David W. Beem,5
Josephine,Precinct 44,Governor,,D,David W. Beem,0
Josephine,Precinct 45,Governor,,D,David W. Beem,0
Josephine,Precinct 46,Governor,,D,David W. Beem,0
Josephine,Precinct 47,Governor,,D,David W. Beem,1
Josephine,Precinct 5,Governor,,D,David W. Beem,0
Josephine,Precinct 6,Governor,,D,David W. Beem,0
Josephine,Precinct 7,Governor,,D,David W. Beem,4
Josephine,Precinct 8,Governor,,D,David W. Beem,5
Josephine,Precinct 9,Governor,,D,David W. Beem,0
Josephine,Precinct 1,Governor,,D,Donnie M. Beckwith,1
Josephine,Precinct 10,Governor,,D,Donnie M. Beckwith,2
Josephine,Precinct 11,Governor,,D,Donnie M. Beckwith,0
Josephine,Precinct 12,Governor,,D,Donnie M. Beckwith,0
Josephine,Precinct 13,Governor,,D,Donnie M. Beckwith,0
Josephine,Precinct 14,Governor,,D,Donnie M. Beckwith,0
Josephine,Precinct 15,Governor,,D,Donnie M. Beckwith,0
Josephine,Precinct 16,Governor,,D,Donnie M. Beckwith,0
Josephine,Precinct 17,Governor,,D,Donnie M. Beckwith,0
Josephine,Precinct 18,Governor,,D,Donnie M. Beckwith,0
Josephine,Precinct 19,Governor,,D,Donnie M. Beckwith,2
Josephine,Precinct 2,Governor,,D,Donnie M. Beckwith,3
Josephine,Precinct 20,Governor,,D,Donnie M. Beckwith,0
Josephine,Precinct 21,Governor,,D,Donnie M. Beckwith,3
Josephine,Precinct 22,Governor,,D,Donnie M. Beckwith,0
Josephine,Precinct 23,Governor,,D,Donnie M. Beckwith,0
Josephine,Precinct 24,Governor,,D,Donnie M. Beckwith,0
Josephine,Precinct 25,Governor,,D,Donnie M. Beckwith,0
Josephine,Precinct 26,Governor,,D,Donnie M. Beckwith,1
Josephine,Precinct 27,Governor,,D,Donnie M. Beckwith,0
Josephine,Precinct 28,Governor,,D,Donnie M. Beckwith,1
Josephine,Precinct 29,Governor,,D,Donnie M. Beckwith,0
Josephine,Precinct 3,Governor,,D,Donnie M. Beckwith,0
Josephine,Precinct 30,Governor,,D,Donnie M. Beckwith,1
Josephine,Precinct 31,Governor,,D,Donnie M. Beckwith,0
Josephine,Precinct 32,Governor,,D,Donnie M. Beckwith,0
Josephine,Precinct 33,Governor,,D,Donnie M. Beckwith,2
Josephine,Precinct 34,Governor,,D,Donnie M. Beckwith,0
Josephine,Precinct 35,Governor,,D,Donnie M. Beckwith,0
Josephine,Precinct 36,Governor,,D,Donnie M. Beckwith,0
Josephine,Precinct 37,Governor,,D,Donnie M. Beckwith,1
Josephine,Precinct 38,Governor,,D,Donnie M. Beckwith,1
Josephine,Precinct 39,Governor,,D,Donnie M. Beckwith,2
Josephine,Precinct 4,Governor,,D,Donnie M. Beckwith,1
Josephine,Precinct 40,Governor,,D,Donnie M. Beckwith,0
Josephine,Precinct 41,Governor,,D,Donnie M. Beckwith,0
Josephine,Precinct 42,Governor,,D,Donnie M. Beckwith,0
Josephine,Precinct 43,Governor,,D,Donnie M. Beckwith,0
Josephine,Precinct 44,Governor,,D,Donnie M. Beckwith,0
Josephine,Precinct 45,Governor,,D,Donnie M. Beckwith,0
Josephine,Precinct 46,Governor,,D,Donnie M. Beckwith,0
Josephine,Precinct 47,Governor,,D,Donnie M. Beckwith,0
Josephine,Precinct 5,Governor,,D,Donnie M. Beckwith,1
Josephine,Precinct 6,Governor,,D,Donnie M. Beckwith,0
Josephine,Precinct 7,Governor,,D,Donnie M. Beckwith,1
Josephine,Precinct 8,Governor,,D,Donnie M. Beckwith,1
Josephine,Precinct 9,Governor,,D,Donnie M. Beckwith,0
Josephine,Precinct 1,Governor,,D,Forest (Fora) Alexander,10
Josephine,Precinct 10,Governor,,D,Forest (Fora) Alexander,0
Josephine,Precinct 11,Governor,,D,Forest (Fora) Alexander,0
Josephine,Precinct 12,Governor,,D,Forest (Fora) Alexander,0
Josephine,Precinct 13,Governor,,D,Forest (Fora) Alexander,0
Josephine,Precinct 14,Governor,,D,Forest (Fora) Alexander,1
Josephine,Precinct 15,Governor,,D,Forest (Fora) Alexander,3
Josephine,Precinct 16,Governor,,D,Forest (Fora) Alexander,2
Josephine,Precinct 17,Governor,,D,Forest (Fora) Alexander,1
Josephine,Precinct 18,Governor,,D,Forest (Fora) Alexander,2
Josephine,Precinct 19,Governor,,D,Forest (Fora) Alexander,5
Josephine,Precinct 2,Governor,,D,Forest (Fora) Alexander,9
Josephine,Precinct 20,Governor,,D,Forest (Fora) Alexander,0
Josephine,Precinct 21,Governor,,D,Forest (Fora) Alexander,6
Josephine,Precinct 22,Governor,,D,Forest (Fora) Alexander,4
Josephine,Precinct 23,Governor,,D,Forest (Fora) Alexander,0
Josephine,Precinct 24,Governor,,D,Forest (Fora) Alexander,0
Josephine,Precinct 25,Governor,,D,Forest (Fora) Alexander,1
Josephine,Precinct 26,Governor,,D,Forest (Fora) Alexander,1
Josephine,Precinct 27,Governor,,D,Forest (Fora) Alexander,3
Josephine,Precinct 28,Governor,,D,Forest (Fora) Alexander,1
Josephine,Precinct 29,Governor,,D,Forest (Fora) Alexander,1
Josephine,Precinct 3,Governor,,D,Forest (Fora) Alexander,1
Josephine,Precinct 30,Governor,,D,Forest (Fora) Alexander,2
Josephine,Precinct 31,Governor,,D,Forest (Fora) Alexander,6
Josephine,Precinct 32,Governor,,D,Forest (Fora) Alexander,0
Josephine,Precinct 33,Governor,,D,Forest (Fora) Alexander,1
Josephine,Precinct 34,Governor,,D,Forest (Fora) Alexander,2
Josephine,Precinct 35,Governor,,D,Forest (Fora) Alexander,3
Josephine,Precinct 36,Governor,,D,Forest (Fora) Alexander,1
Josephine,Precinct 37,Governor,,D,Forest (Fora) Alexander,3
Josephine,Precinct 38,Governor,,D,Forest (Fora) Alexander,3
Josephine,Precinct 39,Governor,,D,Forest (Fora) Alexander,5
Josephine,Precinct 4,Governor,,D,Forest (Fora) Alexander,2
Josephine,Precinct 40,Governor,,D,Forest (Fora) Alexander,2
Josephine,Precinct 41,Governor,,D,Forest (Fora) Alexander,0
Josephine,Precinct 42,Governor,,D,Forest (Fora) Alexander,2
Josephine,Precinct 43,Governor,,D,Forest (Fora) Alexander,4
Josephine,Precinct 44,Governor,,D,Forest (Fora) Alexander,0
Josephine,Precinct 45,Governor,,D,Forest (Fora) Alexander,0
Josephine,Precinct 46,Governor,,D,Forest (Fora) Alexander,0
Josephine,Precinct 47,Governor,,D,Forest (Fora) Alexander,0
Josephine,Precinct 5,Governor,,D,Forest (Fora) Alexander,1
Josephine,Precinct 6,Governor,,D,Forest (Fora) Alexander,1
Josephine,Precinct 7,Governor,,D,Forest (Fora) Alexander,12
Josephine,Precinct 8,Governor,,D,Forest (Fora) Alexander,6
Josephine,Precinct 9,Governor,,D,Forest (Fora) Alexander,0
Josephine,Precinct 1,Governor,,D,James Atkinson IV,10
Josephine,Precinct 10,Governor,,D,James Atkinson IV,0
Josephine,Precinct 11,Governor,,D,James Atkinson IV,0
Josephine,Precinct 12,Governor,,D,James Atkinson IV,0
Josephine,Precinct 13,Governor,,D,James Atkinson IV,0
Josephine,Precinct 14,Governor,,D,James Atkinson IV,0
Josephine,Precinct 15,Governor,,D,James Atkinson IV,1
Josephine,Precinct 16,Governor,,D,James Atkinson IV,1
Josephine,Precinct 17,Governor,,D,James Atkinson IV,5
Josephine,Precinct 18,Governor,,D,James Atkinson IV,0
Josephine,Precinct 19,Governor,,D,James Atkinson IV,3
Josephine,Precinct 2,Governor,,D,James Atkinson IV,6
Josephine,Precinct 20,Governor,,D,James Atkinson IV,1
Josephine,Precinct 21,Governor,,D,James Atkinson IV,5
Josephine,Precinct 22,Governor,,D,James Atkinson IV,0
Josephine,Precinct 23,Governor,,D,James Atkinson IV,0
Josephine,Precinct 24,Governor,,D,James Atkinson IV,0
Josephine,Precinct 25,Governor,,D,James Atkinson IV,1
Josephine,Precinct 26,Governor,,D,James Atkinson IV,3
Josephine,Precinct 27,Governor,,D,James Atkinson IV,1
Josephine,Precinct 28,Governor,,D,James Atkinson IV,0
Josephine,Precinct 29,Governor,,D,James Atkinson IV,0
Josephine,Precinct 3,Governor,,D,James Atkinson IV,2
Josephine,Precinct 30,Governor,,D,James Atkinson IV,2
Josephine,Precinct 31,Governor,,D,James Atkinson IV,4
Josephine,Precinct 32,Governor,,D,James Atkinson IV,1
Josephine,Precinct 33,Governor,,D,James Atkinson IV,0
Josephine,Precinct 34,Governor,,D,James Atkinson IV,0
Josephine,Precinct 35,Governor,,D,James Atkinson IV,0
Josephine,Precinct 36,Governor,,D,James Atkinson IV,4
Josephine,Precinct 37,Governor,,D,James Atkinson IV,0
Josephine,Precinct 38,Governor,,D,James Atkinson IV,7
Josephine,Precinct 39,Governor,,D,James Atkinson IV,0
Josephine,Precinct 4,Governor,,D,James Atkinson IV,0
Josephine,Precinct 40,Governor,,D,James Atkinson IV,3
Josephine,Precinct 41,Governor,,D,James Atkinson IV,0
Josephine,Precinct 42,Governor,,D,James Atkinson IV,2
Josephine,Precinct 43,Governor,,D,James Atkinson IV,2
Josephine,Precinct 44,Governor,,D,James Atkinson IV,0
Josephine,Precinct 45,Governor,,D,James Atkinson IV,0
Josephine,Precinct 46,Governor,,D,James Atkinson IV,0
Josephine,Precinct 47,Governor,,D,James Atkinson IV,0
Josephine,Precinct 5,Governor,,D,James Atkinson IV,1
Josephine,Precinct 6,Governor,,D,James Atkinson IV,2
Josephine,Precinct 7,Governor,,D,James Atkinson IV,10
Josephine,Precinct 8,Governor,,D,James Atkinson IV,4
Josephine,Precinct 9,Governor,,D,James Atkinson IV,0
Josephine,Precinct 1,Governor,,D,Miranda Weigler,8
Josephine,Precinct 10,Governor,,D,Miranda Weigler,0
Josephine,Precinct 11,Governor,,D,Miranda Weigler,1
Josephine,Precinct 12,Governor,,D,Miranda Weigler,1
Josephine,Precinct 13,Governor,,D,Miranda Weigler,0
Josephine,Precinct 14,Governor,,D,Miranda Weigler,1
Josephine,Precinct 15,Governor,,D,Miranda Weigler,6
Josephine,Precinct 16,Governor,,D,Miranda Weigler,0
Josephine,Precinct 17,Governor,,D,Miranda Weigler,3
Josephine,Precinct 18,Governor,,D,Miranda Weigler,1
Josephine,Precinct 19,Governor,,D,Miranda Weigler,2
Josephine,Precinct 2,Governor,,D,Miranda Weigler,15
Josephine,Precinct 20,Governor,,D,Miranda Weigler,1
Josephine,Precinct 21,Governor,,D,Miranda Weigler,13
Josephine,Precinct 22,Governor,,D,Miranda Weigler,2
Josephine,Precinct 23,Governor,,D,Miranda Weigler,0
Josephine,Precinct 24,Governor,,D,Miranda Weigler,5
Josephine,Precinct 25,Governor,,D,Miranda Weigler,5
Josephine,Precinct 26,Governor,,D,Miranda Weigler,3
Josephine,Precinct 27,Governor,,D,Miranda Weigler,0
Josephine,Precinct 28,Governor,,D,Miranda Weigler,1
Josephine,Precinct 29,Governor,,D,Miranda Weigler,0
Josephine,Precinct 3,Governor,,D,Miranda Weigler,3
Josephine,Precinct 30,Governor,,D,Miranda Weigler,2
Josephine,Precinct 31,Governor,,D,Miranda Weigler,10
Josephine,Precinct 32,Governor,,D,Miranda Weigler,1
Josephine,Precinct 33,Governor,,D,Miranda Weigler,4
Josephine,Precinct 34,Governor,,D,Miranda Weigler,2
Josephine,Precinct 35,Governor,,D,Miranda Weigler,3
Josephine,Precinct 36,Governor,,D,Miranda Weigler,3
Josephine,Precinct 37,Governor,,D,Miranda Weigler,2
Josephine,Precinct 38,Governor,,D,Miranda Weigler,4
Josephine,Precinct 39,Governor,,D,Miranda Weigler,0
Josephine,Precinct 4,Governor,,D,Miranda Weigler,10
Josephine,Precinct 40,Governor,,D,Miranda Weigler,0
Josephine,Precinct 41,Governor,,D,Miranda Weigler,1
Josephine,Precinct 42,Governor,,D,Miranda Weigler,1
Josephine,Precinct 43,Governor,,D,Miranda Weigler,5
Josephine,Precinct 44,Governor,,D,Miranda Weigler,0
Josephine,Precinct 45,Governor,,D,Miranda Weigler,1
Josephine,Precinct 46,Governor,,D,Miranda Weigler,0
Josephine,Precinct 47,Governor,,D,Miranda Weigler,1
Josephine,Precinct 5,Governor,,D,Miranda Weigler,3
Josephine,Precinct 6,Governor,,D,Miranda Weigler,2
Josephine,Precinct 7,Governor,,D,Miranda Weigler,9
Josephine,Precinct 8,Governor,,D,Miranda Weigler,3
Josephine,Precinct 9,Governor,,D,Miranda Weigler,0
Josephine,Precinct 1,Governor,,D,Over Votes,0
Josephine,Precinct 10,Governor,,D,Over Votes,0
Josephine,Precinct 11,Governor,,D,Over Votes,1
Josephine,Precinct 12,Governor,,D,Over Votes,0
Josephine,Precinct 13,Governor,,D,Over Votes,0
Josephine,Precinct 14,Governor,,D,Over Votes,0
Josephine,Precinct 15,Governor,,D,Over Votes,0
Josephine,Precinct 16,Governor,,D,Over Votes,0
Josephine,Precinct 17,Governor,,D,Over Votes,0
Josephine,Precinct 18,Governor,,D,Over Votes,0
Josephine,Precinct 19,Governor,,D,Over Votes,0
Josephine,Precinct 2,Governor,,D,Over Votes,0
Josephine,Precinct 20,Governor,,D,Over Votes,0
Josephine,Precinct 21,Governor,,D,Over Votes,0
Josephine,Precinct 22,Governor,,D,Over Votes,0
Josephine,Precinct 23,Governor,,D,Over Votes,0
Josephine,Precinct 24,Governor,,D,Over Votes,0
Josephine,Precinct 25,Governor,,D,Over Votes,0
Josephine,Precinct 26,Governor,,D,Over Votes,0
Josephine,Precinct 27,Governor,,D,Over Votes,0
Josephine,Precinct 28,Governor,,D,Over Votes,0
Josephine,Precinct 29,Governor,,D,Over Votes,0
Josephine,Precinct 3,Governor,,D,Over Votes,0
Josephine,Precinct 30,Governor,,D,Over Votes,0
Josephine,Precinct 31,Governor,,D,Over Votes,0
Josephine,Precinct 32,Governor,,D,Over Votes,0
Josephine,Precinct 33,Governor,,D,Over Votes,0
Josephine,Precinct 34,Governor,,D,Over Votes,0
Josephine,Precinct 35,Governor,,D,Over Votes,0
Josephine,Precinct 36,Governor,,D,Over Votes,0
Josephine,Precinct 37,Governor,,D,Over Votes,0
Josephine,Precinct 38,Governor,,D,Over Votes,0
Josephine,Precinct 39,Governor,,D,Over Votes,0
Josephine,Precinct 4,Governor,,D,Over Votes,0
Josephine,Precinct 40,Governor,,D,Over Votes,0
Josephine,Precinct 41,Governor,,D,Over Votes,0
Josephine,Precinct 42,Governor,,D,Over Votes,0
Josephine,Precinct 43,Governor,,D,Over Votes,0
Josephine,Precinct 44,Governor,,D,Over Votes,0
Josephine,Precinct 45,Governor,,D,Over Votes,0
Josephine,Precinct 46,Governor,,D,Over Votes,0
Josephine,Precinct 47,Governor,,D,Over Votes,0
Josephine,Precinct 5,Governor,,D,Over Votes,0
Josephine,Precinct 6,Governor,,D,Over Votes,0
Josephine,Precinct 7,Governor,,D,Over Votes,0
Josephine,Precinct 8,Governor,,D,Over Votes,0
Josephine,Precinct 9,Governor,,D,Over Votes,0
Josephine,Precinct 1,Governor,,D,Steve William Laible,6
Josephine,Precinct 10,Governor,,D,Steve William Laible,0
Josephine,Precinct 11,Governor,,D,Steve William Laible,1
Josephine,Precinct 12,Governor,,D,Steve William Laible,0
Josephine,Precinct 13,Governor,,D,Steve William Laible,0
Josephine,Precinct 14,Governor,,D,Steve William Laible,0
Josephine,Precinct 15,Governor,,D,Steve William Laible,0
Josephine,Precinct 16,Governor,,D,Steve William Laible,0
Josephine,Precinct 17,Governor,,D,Steve William Laible,0
Josephine,Precinct 18,Governor,,D,Steve William Laible,1
Josephine,Precinct 19,Governor,,D,Steve William Laible,1
Josephine,Precinct 2,Governor,,D,Steve William Laible,7
Josephine,Precinct 20,Governor,,D,Steve William Laible,0
Josephine,Precinct 21,Governor,,D,Steve William Laible,3
Josephine,Precinct 22,Governor,,D,Steve William Laible,1
Josephine,Precinct 23,Governor,,D,Steve William Laible,0
Josephine,Precinct 24,Governor,,D,Steve William Laible,0
Josephine,Precinct 25,Governor,,D,Steve William Laible,0
Josephine,Precinct 26,Governor,,D,Steve William Laible,0
Josephine,Precinct 27,Governor,,D,Steve William Laible,1
Josephine,Precinct 28,Governor,,D,Steve William Laible,0
Josephine,Precinct 29,Governor,,D,Steve William Laible,0
Josephine,Precinct 3,Governor,,D,Steve William Laible,5
Josephine,Precinct 30,Governor,,D,Steve William Laible,1
Josephine,Precinct 31,Governor,,D,Steve William Laible,2
Josephine,Precinct 32,Governor,,D,Steve William Laible,0
Josephine,Precinct 33,Governor,,D,Steve William Laible,2
Josephine,Precinct 34,Governor,,D,Steve William Laible,3
Josephine,Precinct 35,Governor,,D,Steve William Laible,1
Josephine,Precinct 36,Governor,,D,Steve William Laible,1
Josephine,Precinct 37,Governor,,D,Steve William Laible,0
Josephine,Precinct 38,Governor,,D,Steve William Laible,0
Josephine,Precinct 39,Governor,,D,Steve William Laible,2
Josephine,Precinct 4,Governor,,D,Steve William Laible,2
Josephine,Precinct 40,Governor,,D,Steve William Laible,1
Josephine,Precinct 41,Governor,,D,Steve William Laible,0
Josephine,Precinct 42,Governor,,D,Steve William Laible,3
Josephine,Precinct 43,Governor,,D,Steve William Laible,1
Josephine,Precinct 44,Governor,,D,Steve William Laible,1
Josephine,Precinct 45,Governor,,D,Steve William Laible,0
Josephine,Precinct 46,Governor,,D,Steve William Laible,0
Josephine,Precinct 47,Governor,,D,Steve William Laible,0
Josephine,Precinct 5,Governor,,D,Steve William Laible,3
Josephine,Precinct 6,Governor,,D,Steve William Laible,2
Josephine,Precinct 7,Governor,,D,Steve William Laible,7
Josephine,Precinct 8,Governor,,D,Steve William Laible,4
Josephine,Precinct 9,Governor,,D,Steve William Laible,0
Josephine,Precinct 1,Governor,,D,Tina Kotek,487
Josephine,Precinct 10,Governor,,D,Tina Kotek,31
Josephine,Precinct 11,Governor,,D,Tina Kotek,27
Josephine,Precinct 12,Governor,,D,Tina Kotek,31
Josephine,Precinct 13,Governor,,D,Tina Kotek,28
Josephine,Precinct 14,Governor,,D,Tina Kotek,7
Josephine,Precinct 15,Governor,,D,Tina Kotek,112
Josephine,Precinct 16,Governor,,D,Tina Kotek,15
Josephine,Precinct 17,Governor,,D,Tina Kotek,128
Josephine,Precinct 18,Governor,,D,Tina Kotek,134
Josephine,Precinct 19,Governor,,D,Tina Kotek,139
Josephine,Precinct 2,Governor,,D,Tina Kotek,440
Josephine,Precinct 20,Governor,,D,Tina Kotek,17
Josephine,Precinct 21,Governor,,D,Tina Kotek,245
Josephine,Precinct 22,Governor,,D,Tina Kotek,99
Josephine,Precinct 23,Governor,,D,Tina Kotek,20
Josephine,Precinct 24,Governor,,D,Tina Kotek,58
Josephine,Precinct 25,Governor,,D,Tina Kotek,96
Josephine,Precinct 26,Governor,,D,Tina Kotek,67
Josephine,Precinct 27,Governor,,D,Tina Kotek,39
Josephine,Precinct 28,Governor,,D,Tina Kotek,40
Josephine,Precinct 29,Governor,,D,Tina Kotek,3
Josephine,Precinct 3,Governor,,D,Tina Kotek,171
Josephine,Precinct 30,Governor,,D,Tina Kotek,105
Josephine,Precinct 31,Governor,,D,Tina Kotek,408
Josephine,Precinct 32,Governor,,D,Tina Kotek,32
Josephine,Precinct 33,Governor,,D,Tina Kotek,54
Josephine,Precinct 34,Governor,,D,Tina Kotek,47
Josephine,Precinct 35,Governor,,D,Tina Kotek,61
Josephine,Precinct 36,Governor,,D,Tina Kotek,170
Josephine,Precinct 37,Governor,,D,Tina Kotek,108
Josephine,Precinct 38,Governor,,D,Tina Kotek,223
Josephine,Precinct 39,Governor,,D,Tina Kotek,129
Josephine,Precinct 4,Governor,,D,Tina Kotek,120
Josephine,Precinct 40,Governor,,D,Tina Kotek,123
Josephine,Precinct 41,Governor,,D,Tina Kotek,3
Josephine,Precinct 42,Governor,,D,Tina Kotek,130
Josephine,Precinct 43,Governor,,D,Tina Kotek,82
Josephine,Precinct 44,Governor,,D,Tina Kotek,22
Josephine,Precinct 45,Governor,,D,Tina Kotek,8
Josephine,Precinct 46,Governor,,D,Tina Kotek,21
Josephine,Precinct 47,Governor,,D,Tina Kotek,21
Josephine,Precinct 5,Governor,,D,Tina Kotek,151
Josephine,Precinct 6,Governor,,D,Tina Kotek,124
Josephine,Precinct 7,Governor,,D,Tina Kotek,190
Josephine,Precinct 8,Governor,,D,Tina Kotek,323
Josephine,Precinct 9,Governor,,D,Tina Kotek,9
Josephine,Precinct 1,Governor,,D,Tristan Sheppard,7
Josephine,Precinct 10,Governor,,D,Tristan Sheppard,0
Josephine,Precinct 11,Governor,,D,Tristan Sheppard,1
Josephine,Precinct 12,Governor,,D,Tristan Sheppard,2
Josephine,Precinct 13,Governor,,D,Tristan Sheppard,0
Josephine,Precinct 14,Governor,,D,Tristan Sheppard,0
Josephine,Precinct 15,Governor,,D,Tristan Sheppard,2
Josephine,Precinct 16,Governor,,D,Tristan Sheppard,0
Josephine,Precinct 17,Governor,,D,Tristan Sheppard,0
Josephine,Precinct 18,Governor,,D,Tristan Sheppard,5
Josephine,Precinct 19,Governor,,D,Tristan Sheppard,1
Josephine,Precinct 2,Governor,,D,Tristan Sheppard,2
Josephine,Precinct 20,Governor,,D,Tristan Sheppard,1
Josephine,Precinct 21,Governor,,D,Tristan Sheppard,3
Josephine,Precinct 22,Governor,,D,Tristan Sheppard,0
Josephine,Precinct 23,Governor,,D,Tristan Sheppard,0
Josephine,Precinct 24,Governor,,D,Tristan Sheppard,2
Josephine,Precinct 25,Governor,,D,Tristan Sheppard,2
Josephine,Precinct 26,Governor,,D,Tristan Sheppard,1
Josephine,Precinct 27,Governor,,D,Tristan Sheppard,1
Josephine,Precinct 28,Governor,,D,Tristan Sheppard,0
Josephine,Precinct 29,Governor,,D,Tristan Sheppard,0
Josephine,Precinct 3,Governor,,D,Tristan Sheppard,3
Josephine,Precinct 30,Governor,,D,Tristan Sheppard,4
Josephine,Precinct 31,Governor,,D,Tristan Sheppard,4
Josephine,Precinct 32,Governor,,D,Tristan Sheppard,0
Josephine,Precinct 33,Governor,,D,Tristan Sheppard,1
Josephine,Precinct 34,Governor,,D,Tristan Sheppard,0
Josephine,Precinct 35,Governor,,D,Tristan Sheppard,1
Josephine,Precinct 36,Governor,,D,Tristan Sheppard,3
Josephine,Precinct 37,Governor,,D,Tristan Sheppard,0
Josephine,Precinct 38,Governor,,D,Tristan Sheppard,3
Josephine,Precinct 39,Governor,,D,Tristan Sheppard,1
Josephine,Precinct 4,Governor,,D,Tristan Sheppard,0
Josephine,Precinct 40,Governor,,D,Tristan Sheppard,2
Josephine,Precinct 41,Governor,,D,Tristan Sheppard,0
Josephine,Precinct 42,Governor,,D,Tristan Sheppard,1
Josephine,Precinct 43,Governor,,D,Tristan Sheppard,4
Josephine,Precinct 44,Governor,,D,Tristan Sheppard,0
Josephine,Precinct 45,Governor,,D,Tristan Sheppard,0
Josephine,Precinct 46,Governor,,D,Tristan Sheppard,0
Josephine,Precinct 47,Governor,,D,Tristan Sheppard,0
Josephine,Precinct 5,Governor,,D,Tristan Sheppard,1
Josephine,Precinct 6,Governor,,D,Tristan Sheppard,0
Josephine,Precinct 7,Governor,,D,Tristan Sheppard,5
Josephine,Precinct 8,Governor,,D,Tristan Sheppard,4
Josephine,Precinct 9,Governor,,D,Tristan Sheppard,0
Josephine,Precinct 1,Governor,,D,Under Votes,63
Josephine,Precinct 10,Governor,,D,Under Votes,2
Josephine,Precinct 11,Governor,,D,Under Votes,4
Josephine,Precinct 12,Governor,,D,Under Votes,5
Josephine,Precinct 13,Governor,,D,Under Votes,2
Josephine,Precinct 14,Governor,,D,Under Votes,2
Josephine,Precinct 15,Governor,,D,Under Votes,15
Josephine,Precinct 16,Governor,,D,Under Votes,0
Josephine,Precinct 17,Governor,,D,Under Votes,20
Josephine,Precinct 18,Governor,,D,Under Votes,13
Josephine,Precinct 19,Governor,,D,Under Votes,21
Josephine,Precinct 2,Governor,,D,Under Votes,54
Josephine,Precinct 20,Governor,,D,Under Votes,0
Josephine,Precinct 21,Governor,,D,Under Votes,34
Josephine,Precinct 22,Governor,,D,Under Votes,5
Josephine,Precinct 23,Governor,,D,Under Votes,1
Josephine,Precinct 24,Governor,,D,Under Votes,4
Josephine,Precinct 25,Governor,,D,Under Votes,10
Josephine,Precinct 26,Governor,,D,Under Votes,9
Josephine,Precinct 27,Governor,,D,Under Votes,7
Josephine,Precinct 28,Governor,,D,Under Votes,8
Josephine,Precinct 29,Governor,,D,Under Votes,0
Josephine,Precinct 3,Governor,,D,Under Votes,37
Josephine,Precinct 30,Governor,,D,Under Votes,6
Josephine,Precinct 31,Governor,,D,Under Votes,36
Josephine,Precinct 32,Governor,,D,Under Votes,1
Josephine,Precinct 33,Governor,,D,Under Votes,4
Josephine,Precinct 34,Governor,,D,Under Votes,4
Josephine,Precinct 35,Governor,,D,Under Votes,4
Josephine,Precinct 36,Governor,,D,Under Votes,30
Josephine,Precinct 37,Governor,,D,Under Votes,13
Josephine,Precinct 38,Governor,,D,Under Votes,21
Josephine,Precinct 39,Governor,,D,Under Votes,11
Josephine,Precinct 4,Governor,,D,Under Votes,11
Josephine,Precinct 40,Governor,,D,Under Votes,7
Josephine,Precinct 41,Governor,,D,Under Votes,2
Josephine,Precinct 42,Governor,,D,Under Votes,19
Josephine,Precinct 43,Governor,,D,Under Votes,21
Josephine,Precinct 44,Governor,,D,Under Votes,1
Josephine,Precinct 45,Governor,,D,Under Votes,3
Josephine,Precinct 46,Governor,,D,Under Votes,4
Josephine,Precinct 47,Governor,,D,Under Votes,1
Josephine,Precinct 5,Governor,,D,Under Votes,11
Josephine,Precinct 6,Governor,,D,Under Votes,11
Josephine,Precinct 7,Governor,,D,Under Votes,22
Josephine,Precinct 8,Governor,,D,Under Votes,31
Josephine,Precinct 9,Governor,,D,Under Votes,2
Josephine,Precinct 1,Governor,,D,Write-ins,11
Josephine,Precinct 10,Governor,,D,Write-ins,0
Josephine,Precinct 11,Governor,,D,Write-ins,2
Josephine,Precinct 12,Governor,,D,Write-ins,3
Josephine,Precinct 13,Governor,,D,Write-ins,1
Josephine,Precinct 14,Governor,,D,Write-ins,0
Josephine,Precinct 15,Governor,,D,Write-ins,4
Josephine,Precinct 16,Governor,,D,Write-ins,2
Josephine,Precinct 17,Governor,,D,Write-ins,10
Josephine,Precinct 18,Governor,,D,Write-ins,15
Josephine,Precinct 19,Governor,,D,Write-ins,4
Josephine,Precinct 2,Governor,,D,Write-ins,23
Josephine,Precinct 20,Governor,,D,Write-ins,2
Josephine,Precinct 21,Governor,,D,Write-ins,8
Josephine,Precinct 22,Governor,,D,Write-ins,1
Josephine,Precinct 23,Governor,,D,Write-ins,1
Josephine,Precinct 24,Governor,,D,Write-ins,0
Josephine,Precinct 25,Governor,,D,Write-ins,6
Josephine,Precinct 26,Governor,,D,Write-ins,0
Josephine,Precinct 27,Governor,,D,Write-ins,0
Josephine,Precinct 28,Governor,,D,Write-ins,1
Josephine,Precinct 29,Governor,,D,Write-ins,1
Josephine,Precinct 3,Governor,,D,Write-ins,6
Josephine,Precinct 30,Governor,,D,Write-ins,9
Josephine,Precinct 31,Governor,,D,Write-ins,12
Josephine,Precinct 32,Governor,,D,Write-ins,1
Josephine,Precinct 33,Governor,,D,Write-ins,3
Josephine,Precinct 34,Governor,,D,Write-ins,1
Josephine,Precinct 35,Governor,,D,Write-ins,8
Josephine,Precinct 36,Governor,,D,Write-ins,11
Josephine,Precinct 37,Governor,,D,Write-ins,5
Josephine,Precinct 38,Governor,,D,Write-ins,14
Josephine,Precinct 39,Governor,,D,Write-ins,6
Josephine,Precinct 4,Governor,,D,Write-ins,6
Josephine,Precinct 40,Governor,,D,Write-ins,2
Josephine,Precinct 41,Governor,,D,Write-ins,0
Josephine,Precinct 42,Governor,,D,Write-ins,11
Josephine,Precinct 43,Governor,,D,Write-ins,5
Josephine,Precinct 44,Governor,,D,Write-ins,0
Josephine,Precinct 45,Governor,,D,Write-ins,2
Josephine,Precinct 46,Governor,,D,Write-ins,1
Josephine,Precinct 47,Governor,,D,Write-ins,1
Josephine,Precinct 5,Governor,,D,Write-ins,6
Josephine,Precinct 6,Governor,,D,Write-ins,2
Josephine,Precinct 7,Governor,,D,Write-ins,6
Josephine,Precinct 8,Governor,,D,Write-ins,19
Josephine,Precinct 9,Governor,,D,Write-ins,2
Josephine,Precinct 1,Governor,,R,Brad T. Peters,7
Josephine,Precinct 10,Governor,,R,Brad T. Peters,1
Josephine,Precinct 11,Governor,,R,Brad T. Peters,1
Josephine,Precinct 12,Governor,,R,Brad T. Peters,0
Josephine,Precinct 13,Governor,,R,Brad T. Peters,1
Josephine,Precinct 14,Governor,,R,Brad T. Peters,1
Josephine,Precinct 15,Governor,,R,Brad T. Peters,0
Josephine,Precinct 16,Governor,,R,Brad T. Peters,2
Josephine,Precinct 17,Governor,,R,Brad T. Peters,1
Josephine,Precinct 18,Governor,,R,Brad T. Peters,0
Josephine,Precinct 19,Governor,,R,Brad T. Peters,0
Josephine,Precinct 2,Governor,,R,Brad T. Peters,2
Josephine,Precinct 20,Governor,,R,Brad T. Peters,0
Josephine,Precinct 21,Governor,,R,Brad T. Peters,4
Josephine,Precinct 22,Governor,,R,Brad T. Peters,1
Josephine,Precinct 23,Governor,,R,Brad T. Peters,0
Josephine,Precinct 24,Governor,,R,Brad T. Peters,0
Josephine,Precinct 25,Governor,,R,Brad T. Peters,1
Josephine,Precinct 26,Governor,,R,Brad T. Peters,4
Josephine,Precinct 27,Governor,,R,Brad T. Peters,0
Josephine,Precinct 28,Governor,,R,Brad T. Peters,0
Josephine,Precinct 29,Governor,,R,Brad T. Peters,0
Josephine,Precinct 3,Governor,,R,Brad T. Peters,1
Josephine,Precinct 30,Governor,,R,Brad T. Peters,0
Josephine,Precinct 31,Governor,,R,Brad T. Peters,1
Josephine,Precinct 32,Governor,,R,Brad T. Peters,0
Josephine,Precinct 33,Governor,,R,Brad T. Peters,0
Josephine,Precinct 34,Governor,,R,Brad T. Peters,2
Josephine,Precinct 35,Governor,,R,Brad T. Peters,0
Josephine,Precinct 36,Governor,,R,Brad T. Peters,1
Josephine,Precinct 37,Governor,,R,Brad T. Peters,1
Josephine,Precinct 38,Governor,,R,Brad T. Peters,4
Josephine,Precinct 39,Governor,,R,Brad T. Peters,1
Josephine,Precinct 4,Governor,,R,Brad T. Peters,3
Josephine,Precinct 40,Governor,,R,Brad T. Peters,1
Josephine,Precinct 41,Governor,,R,Brad T. Peters,0
Josephine,Precinct 42,Governor,,R,Brad T. Peters,0
Josephine,Precinct 43,Governor,,R,Brad T. Peters,3
Josephine,Precinct 44,Governor,,R,Brad T. Peters,0
Josephine,Precinct 45,Governor,,R,Brad T. Peters,0
Josephine,Precinct 46,Governor,,R,Brad T. Peters,0
Josephine,Precinct 47,Governor,,R,Brad T. Peters,0
Josephine,Precinct 5,Governor,,R,Brad T. Peters,3
Josephine,Precinct 6,Governor,,R,Brad T. Peters,2
Josephine,Precinct 7,Governor,,R,Brad T. Peters,4
Josephine,Precinct 8,Governor,,R,Brad T. Peters,4
Josephine,Precinct 9,Governor,,R,Brad T. Peters,0
Josephine,Precinct 1,Governor,,R,Chris Dudley,134
Josephine,Precinct 10,Governor,,R,Chris Dudley,8
Josephine,Precinct 11,Governor,,R,Chris Dudley,19
Josephine,Precinct 12,Governor,,R,Chris Dudley,10
Josephine,Precinct 13,Governor,,R,Chris Dudley,8
Josephine,Precinct 14,Governor,,R,Chris Dudley,2
Josephine,Precinct 15,Governor,,R,Chris Dudley,50
Josephine,Precinct 16,Governor,,R,Chris Dudley,16
Josephine,Precinct 17,Governor,,R,Chris Dudley,69
Josephine,Precinct 18,Governor,,R,Chris Dudley,62
Josephine,Precinct 19,Governor,,R,Chris Dudley,54
Josephine,Precinct 2,Governor,,R,Chris Dudley,137
Josephine,Precinct 20,Governor,,R,Chris Dudley,9
Josephine,Precinct 21,Governor,,R,Chris Dudley,99
Josephine,Precinct 22,Governor,,R,Chris Dudley,58
Josephine,Precinct 23,Governor,,R,Chris Dudley,21
Josephine,Precinct 24,Governor,,R,Chris Dudley,25
Josephine,Precinct 25,Governor,,R,Chris Dudley,31
Josephine,Precinct 26,Governor,,R,Chris Dudley,17
Josephine,Precinct 27,Governor,,R,Chris Dudley,16
Josephine,Precinct 28,Governor,,R,Chris Dudley,13
Josephine,Precinct 29,Governor,,R,Chris Dudley,1
Josephine,Precinct 3,Governor,,R,Chris Dudley,45
Josephine,Precinct 30,Governor,,R,Chris Dudley,34
Josephine,Precinct 31,Governor,,R,Chris Dudley,57
Josephine,Precinct 32,Governor,,R,Chris Dudley,5
Josephine,Precinct 33,Governor,,R,Chris Dudley,18
Josephine,Precinct 34,Governor,,R,Chris Dudley,10
Josephine,Precinct 35,Governor,,R,Chris Dudley,33
Josephine,Precinct 36,Governor,,R,Chris Dudley,59
Josephine,Precinct 37,Governor,,R,Chris Dudley,17
Josephine,Precinct 38,Governor,,R,Chris Dudley,92
Josephine,Precinct 39,Governor,,R,Chris Dudley,57
Josephine,Precinct 4,Governor,,R,Chris Dudley,20
Josephine,Precinct 40,Governor,,R,Chris Dudley,13
Josephine,Precinct 41,Governor,,R,Chris Dudley,1
Josephine,Precinct 42,Governor,,R,Chris Dudley,63
Josephine,Precinct 43,Governor,,R,Chris Dudley,48
Josephine,Precinct 44,Governor,,R,Chris Dudley,10
Josephine,Precinct 45,Governor,,R,Chris Dudley,2
Josephine,Precinct 46,Governor,,R,Chris Dudley,4
Josephine,Precinct 47,Governor,,R,Chris Dudley,4
Josephine,Precinct 5,Governor,,R,Chris Dudley,56
Josephine,Precinct 6,Governor,,R,Chris Dudley,35
Josephine,Precinct 7,Governor,,R,Chris Dudley,40
Josephine,Precinct 8,Governor,,R,Chris Dudley,103
Josephine,Precinct 9,Governor,,R,Chris Dudley,7
Josephine,Precinct 1,Governor,,R,Christine Drazan,414
Josephine,Precinct 10,Governor,,R,Christine Drazan,35
Josephine,Precinct 11,Governor,,R,Christine Drazan,33
Josephine,Precinct 12,Governor,,R,Christine Drazan,25
Josephine,Precinct 13,Governor,,R,Christine Drazan,23
Josephine,Precinct 14,Governor,,R,Christine Drazan,10
Josephine,Precinct 15,Governor,,R,Christine Drazan,240
Josephine,Precinct 16,Governor,,R,Christine Drazan,49
Josephine,Precinct 17,Governor,,R,Christine Drazan,203
Josephine,Precinct 18,Governor,,R,Christine Drazan,238
Josephine,Precinct 19,Governor,,R,Christine Drazan,257
Josephine,Precinct 2,Governor,,R,Christine Drazan,678
Josephine,Precinct 20,Governor,,R,Christine Drazan,26
Josephine,Precinct 21,Governor,,R,Christine Drazan,334
Josephine,Precinct 22,Governor,,R,Christine Drazan,193
Josephine,Precinct 23,Governor,,R,Christine Drazan,52
Josephine,Precinct 24,Governor,,R,Christine Drazan,115
Josephine,Precinct 25,Governor,,R,Christine Drazan,145
Josephine,Precinct 26,Governor,,R,Christine Drazan,83
Josephine,Precinct 27,Governor,,R,Christine Drazan,42
Josephine,Precinct 28,Governor,,R,Christine Drazan,62
Josephine,Precinct 29,Governor,,R,Christine Drazan,9
Josephine,Precinct 3,Governor,,R,Christine Drazan,177
Josephine,Precinct 30,Governor,,R,Christine Drazan,104
Josephine,Precinct 31,Governor,,R,Christine Drazan,259
Josephine,Precinct 32,Governor,,R,Christine Drazan,30
Josephine,Precinct 33,Governor,,R,Christine Drazan,101
Josephine,Precinct 34,Governor,,R,Christine Drazan,26
Josephine,Precinct 35,Governor,,R,Christine Drazan,108
Josephine,Precinct 36,Governor,,R,Christine Drazan,302
Josephine,Precinct 37,Governor,,R,Christine Drazan,126
Josephine,Precinct 38,Governor,,R,Christine Drazan,352
Josephine,Precinct 39,Governor,,R,Christine Drazan,203
Josephine,Precinct 4,Governor,,R,Christine Drazan,128
Josephine,Precinct 40,Governor,,R,Christine Drazan,59
Josephine,Precinct 41,Governor,,R,Christine Drazan,18
Josephine,Precinct 42,Governor,,R,Christine Drazan,264
Josephine,Precinct 43,Governor,,R,Christine Drazan,173
Josephine,Precinct 44,Governor,,R,Christine Drazan,14
Josephine,Precinct 45,Governor,,R,Christine Drazan,13
Josephine,Precinct 46,Governor,,R,Christine Drazan,36
Josephine,Precinct 47,Governor,,R,Christine Drazan,21
Josephine,Precinct 5,Governor,,R,Christine Drazan,147
Josephine,Precinct 6,Governor,,R,Christine Drazan,147
Josephine,Precinct 7,Governor,,R,Christine Drazan,194
Josephine,Precinct 8,Governor,,R,Christine Drazan,393
Josephine,Precinct 9,Governor,,R,Christine Drazan,24
Josephine,Precinct 1,Governor,,R,Danielle Bethell,22
Josephine,Precinct 10,Governor,,R,Danielle Bethell,4
Josephine,Precinct 11,Governor,,R,Danielle Bethell,1
Josephine,Precinct 12,Governor,,R,Danielle Bethell,1
Josephine,Precinct 13,Governor,,R,Danielle Bethell,2
Josephine,Precinct 14,Governor,,R,Danielle Bethell,1
Josephine,Precinct 15,Governor,,R,Danielle Bethell,5
Josephine,Precinct 16,Governor,,R,Danielle Bethell,0
Josephine,Precinct 17,Governor,,R,Danielle Bethell,11
Josephine,Precinct 18,Governor,,R,Danielle Bethell,9
Josephine,Precinct 19,Governor,,R,Danielle Bethell,8
Josephine,Precinct 2,Governor,,R,Danielle Bethell,32
Josephine,Precinct 20,Governor,,R,Danielle Bethell,0
Josephine,Precinct 21,Governor,,R,Danielle Bethell,11
Josephine,Precinct 22,Governor,,R,Danielle Bethell,8
Josephine,Precinct 23,Governor,,R,Danielle Bethell,0
Josephine,Precinct 24,Governor,,R,Danielle Bethell,6
Josephine,Precinct 25,Governor,,R,Danielle Bethell,5
Josephine,Precinct 26,Governor,,R,Danielle Bethell,3
Josephine,Precinct 27,Governor,,R,Danielle Bethell,1
Josephine,Precinct 28,Governor,,R,Danielle Bethell,0
Josephine,Precinct 29,Governor,,R,Danielle Bethell,0
Josephine,Precinct 3,Governor,,R,Danielle Bethell,4
Josephine,Precinct 30,Governor,,R,Danielle Bethell,5
Josephine,Precinct 31,Governor,,R,Danielle Bethell,8
Josephine,Precinct 32,Governor,,R,Danielle Bethell,2
Josephine,Precinct 33,Governor,,R,Danielle Bethell,1
Josephine,Precinct 34,Governor,,R,Danielle Bethell,0
Josephine,Precinct 35,Governor,,R,Danielle Bethell,3
Josephine,Precinct 36,Governor,,R,Danielle Bethell,19
Josephine,Precinct 37,Governor,,R,Danielle Bethell,2
Josephine,Precinct 38,Governor,,R,Danielle Bethell,16
Josephine,Precinct 39,Governor,,R,Danielle Bethell,6
Josephine,Precinct 4,Governor,,R,Danielle Bethell,4
Josephine,Precinct 40,Governor,,R,Danielle Bethell,3
Josephine,Precinct 41,Governor,,R,Danielle Bethell,0
Josephine,Precinct 42,Governor,,R,Danielle Bethell,7
Josephine,Precinct 43,Governor,,R,Danielle Bethell,13
Josephine,Precinct 44,Governor,,R,Danielle Bethell,4
Josephine,Precinct 45,Governor,,R,Danielle Bethell,1
Josephine,Precinct 46,Governor,,R,Danielle Bethell,4
Josephine,Precinct 47,Governor,,R,Danielle Bethell,5
Josephine,Precinct 5,Governor,,R,Danielle Bethell,5
Josephine,Precinct 6,Governor,,R,Danielle Bethell,1
Josephine,Precinct 7,Governor,,R,Danielle Bethell,6
Josephine,Precinct 8,Governor,,R,Danielle Bethell,17
Josephine,Precinct 9,Governor,,R,Danielle Bethell,2
Josephine,Precinct 1,Governor,,R,David Medina,60
Josephine,Precinct 10,Governor,,R,David Medina,1
Josephine,Precinct 11,Governor,,R,David Medina,6
Josephine,Precinct 12,Governor,,R,David Medina,6
Josephine,Precinct 13,Governor,,R,David Medina,6
Josephine,Precinct 14,Governor,,R,David Medina,0
Josephine,Precinct 15,Governor,,R,David Medina,12
Josephine,Precinct 16,Governor,,R,David Medina,1
Josephine,Precinct 17,Governor,,R,David Medina,9
Josephine,Precinct 18,Governor,,R,David Medina,22
Josephine,Precinct 19,Governor,,R,David Medina,32
Josephine,Precinct 2,Governor,,R,David Medina,74
Josephine,Precinct 20,Governor,,R,David Medina,7
Josephine,Precinct 21,Governor,,R,David Medina,46
Josephine,Precinct 22,Governor,,R,David Medina,20
Josephine,Precinct 23,Governor,,R,David Medina,4
Josephine,Precinct 24,Governor,,R,David Medina,11
Josephine,Precinct 25,Governor,,R,David Medina,16
Josephine,Precinct 26,Governor,,R,David Medina,10
Josephine,Precinct 27,Governor,,R,David Medina,6
Josephine,Precinct 28,Governor,,R,David Medina,8
Josephine,Precinct 29,Governor,,R,David Medina,6
Josephine,Precinct 3,Governor,,R,David Medina,15
Josephine,Precinct 30,Governor,,R,David Medina,22
Josephine,Precinct 31,Governor,,R,David Medina,35
Josephine,Precinct 32,Governor,,R,David Medina,3
Josephine,Precinct 33,Governor,,R,David Medina,8
Josephine,Precinct 34,Governor,,R,David Medina,4
Josephine,Precinct 35,Governor,,R,David Medina,8
Josephine,Precinct 36,Governor,,R,David Medina,23
Josephine,Precinct 37,Governor,,R,David Medina,14
Josephine,Precinct 38,Governor,,R,David Medina,41
Josephine,Precinct 39,Governor,,R,David Medina,10
Josephine,Precinct 4,Governor,,R,David Medina,18
Josephine,Precinct 40,Governor,,R,David Medina,7
Josephine,Precinct 41,Governor,,R,David Medina,3
Josephine,Precinct 42,Governor,,R,David Medina,31
Josephine,Precinct 43,Governor,,R,David Medina,19
Josephine,Precinct 44,Governor,,R,David Medina,0
Josephine,Precinct 45,Governor,,R,David Medina,1
Josephine,Precinct 46,Governor,,R,David Medina,2
Josephine,Precinct 47,Governor,,R,David Medina,2
Josephine,Precinct 5,Governor,,R,David Medina,18
Josephine,Precinct 6,Governor,,R,David Medina,8
Josephine,Precinct 7,Governor,,R,David Medina,25
Josephine,Precinct 8,Governor,,R,David Medina,38
Josephine,Precinct 9,Governor,,R,David Medina,3
Josephine,Precinct 1,Governor,,R,DeAngelo Leroy Turner,2
Josephine,Precinct 10,Governor,,R,DeAngelo Leroy Turner,0
Josephine,Precinct 11,Governor,,R,DeAngelo Leroy Turner,0
Josephine,Precinct 12,Governor,,R,DeAngelo Leroy Turner,0
Josephine,Precinct 13,Governor,,R,DeAngelo Leroy Turner,0
Josephine,Precinct 14,Governor,,R,DeAngelo Leroy Turner,0
Josephine,Precinct 15,Governor,,R,DeAngelo Leroy Turner,0
Josephine,Precinct 16,Governor,,R,DeAngelo Leroy Turner,0
Josephine,Precinct 17,Governor,,R,DeAngelo Leroy Turner,0
Josephine,Precinct 18,Governor,,R,DeAngelo Leroy Turner,1
Josephine,Precinct 19,Governor,,R,DeAngelo Leroy Turner,2
Josephine,Precinct 2,Governor,,R,DeAngelo Leroy Turner,1
Josephine,Precinct 20,Governor,,R,DeAngelo Leroy Turner,0
Josephine,Precinct 21,Governor,,R,DeAngelo Leroy Turner,0
Josephine,Precinct 22,Governor,,R,DeAngelo Leroy Turner,0
Josephine,Precinct 23,Governor,,R,DeAngelo Leroy Turner,0
Josephine,Precinct 24,Governor,,R,DeAngelo Leroy Turner,1
Josephine,Precinct 25,Governor,,R,DeAngelo Leroy Turner,0
Josephine,Precinct 26,Governor,,R,DeAngelo Leroy Turner,0
Josephine,Precinct 27,Governor,,R,DeAngelo Leroy Turner,0
Josephine,Precinct 28,Governor,,R,DeAngelo Leroy Turner,0
Josephine,Precinct 29,Governor,,R,DeAngelo Leroy Turner,0
Josephine,Precinct 3,Governor,,R,DeAngelo Leroy Turner,0
Josephine,Precinct 30,Governor,,R,DeAngelo Leroy Turner,0
Josephine,Precinct 31,Governor,,R,DeAngelo Leroy Turner,0
Josephine,Precinct 32,Governor,,R,DeAngelo Leroy Turner,0
Josephine,Precinct 33,Governor,,R,DeAngelo Leroy Turner,1
Josephine,Precinct 34,Governor,,R,DeAngelo Leroy Turner,0
Josephine,Precinct 35,Governor,,R,DeAngelo Leroy Turner,0
Josephine,Precinct 36,Governor,,R,DeAngelo Leroy Turner,1
Josephine,Precinct 37,Governor,,R,DeAngelo Leroy Turner,0
Josephine,Precinct 38,Governor,,R,DeAngelo Leroy Turner,0
Josephine,Precinct 39,Governor,,R,DeAngelo Leroy Turner,0
Josephine,Precinct 4,Governor,,R,DeAngelo Leroy Turner,0
Josephine,Precinct 40,Governor,,R,DeAngelo Leroy Turner,0
Josephine,Precinct 41,Governor,,R,DeAngelo Leroy Turner,0
Josephine,Precinct 42,Governor,,R,DeAngelo Leroy Turner,3
Josephine,Precinct 43,Governor,,R,DeAngelo Leroy Turner,0
Josephine,Precinct 44,Governor,,R,DeAngelo Leroy Turner,0
Josephine,Precinct 45,Governor,,R,DeAngelo Leroy Turner,0
Josephine,Precinct 46,Governor,,R,DeAngelo Leroy Turner,0
Josephine,Precinct 47,Governor,,R,DeAngelo Leroy Turner,0
Josephine,Precinct 5,Governor,,R,DeAngelo Leroy Turner,0
Josephine,Precinct 6,Governor,,R,DeAngelo Leroy Turner,0
Josephine,Precinct 7,Governor,,R,DeAngelo Leroy Turner,0
Josephine,Precinct 8,Governor,,R,DeAngelo Leroy Turner,0
Josephine,Precinct 9,Governor,,R,DeAngelo Leroy Turner,0
Josephine,Precinct 1,Governor,,R,Ed Diehl,235
Josephine,Precinct 10,Governor,,R,Ed Diehl,21
Josephine,Precinct 11,Governor,,R,Ed Diehl,19
Josephine,Precinct 12,Governor,,R,Ed Diehl,28
Josephine,Precinct 13,Governor,,R,Ed Diehl,28
Josephine,Precinct 14,Governor,,R,Ed Diehl,8
Josephine,Precinct 15,Governor,,R,Ed Diehl,146
Josephine,Precinct 16,Governor,,R,Ed Diehl,39
Josephine,Precinct 17,Governor,,R,Ed Diehl,135
Josephine,Precinct 18,Governor,,R,Ed Diehl,174
Josephine,Precinct 19,Governor,,R,Ed Diehl,214
Josephine,Precinct 2,Governor,,R,Ed Diehl,450
Josephine,Precinct 20,Governor,,R,Ed Diehl,14
Josephine,Precinct 21,Governor,,R,Ed Diehl,307
Josephine,Precinct 22,Governor,,R,Ed Diehl,147
Josephine,Precinct 23,Governor,,R,Ed Diehl,37
Josephine,Precinct 24,Governor,,R,Ed Diehl,59
Josephine,Precinct 25,Governor,,R,Ed Diehl,86
Josephine,Precinct 26,Governor,,R,Ed Diehl,76
Josephine,Precinct 27,Governor,,R,Ed Diehl,49
Josephine,Precinct 28,Governor,,R,Ed Diehl,30
Josephine,Precinct 29,Governor,,R,Ed Diehl,5
Josephine,Precinct 3,Governor,,R,Ed Diehl,126
Josephine,Precinct 30,Governor,,R,Ed Diehl,61
Josephine,Precinct 31,Governor,,R,Ed Diehl,163
Josephine,Precinct 32,Governor,,R,Ed Diehl,19
Josephine,Precinct 33,Governor,,R,Ed Diehl,62
Josephine,Precinct 34,Governor,,R,Ed Diehl,32
Josephine,Precinct 35,Governor,,R,Ed Diehl,90
Josephine,Precinct 36,Governor,,R,Ed Diehl,241
Josephine,Precinct 37,Governor,,R,Ed Diehl,118
Josephine,Precinct 38,Governor,,R,Ed Diehl,254
Josephine,Precinct 39,Governor,,R,Ed Diehl,184
Josephine,Precinct 4,Governor,,R,Ed Diehl,63
Josephine,Precinct 40,Governor,,R,Ed Diehl,65
Josephine,Precinct 41,Governor,,R,Ed Diehl,6
Josephine,Precinct 42,Governor,,R,Ed Diehl,226
Josephine,Precinct 43,Governor,,R,Ed Diehl,112
Josephine,Precinct 44,Governor,,R,Ed Diehl,8
Josephine,Precinct 45,Governor,,R,Ed Diehl,16
Josephine,Precinct 46,Governor,,R,Ed Diehl,29
Josephine,Precinct 47,Governor,,R,Ed Diehl,19
Josephine,Precinct 5,Governor,,R,Ed Diehl,110
Josephine,Precinct 6,Governor,,R,Ed Diehl,88
Josephine,Precinct 7,Governor,,R,Ed Diehl,118
Josephine,Precinct 8,Governor,,R,Ed Diehl,241
Josephine,Precinct 9,Governor,,R,Ed Diehl,12
Josephine,Precinct 1,Governor,,R,Hope A. Dalrymple,0
Josephine,Precinct 10,Governor,,R,Hope A. Dalrymple,0
Josephine,Precinct 11,Governor,,R,Hope A. Dalrymple,0
Josephine,Precinct 12,Governor,,R,Hope A. Dalrymple,0
Josephine,Precinct 13,Governor,,R,Hope A. Dalrymple,0
Josephine,Precinct 14,Governor,,R,Hope A. Dalrymple,0
Josephine,Precinct 15,Governor,,R,Hope A. Dalrymple,1
Josephine,Precinct 16,Governor,,R,Hope A. Dalrymple,0
Josephine,Precinct 17,Governor,,R,Hope A. Dalrymple,1
Josephine,Precinct 18,Governor,,R,Hope A. Dalrymple,1
Josephine,Precinct 19,Governor,,R,Hope A. Dalrymple,0
Josephine,Precinct 2,Governor,,R,Hope A. Dalrymple,1
Josephine,Precinct 20,Governor,,R,Hope A. Dalrymple,0
Josephine,Precinct 21,Governor,,R,Hope A. Dalrymple,2
Josephine,Precinct 22,Governor,,R,Hope A. Dalrymple,1
Josephine,Precinct 23,Governor,,R,Hope A. Dalrymple,1
Josephine,Precinct 24,Governor,,R,Hope A. Dalrymple,0
Josephine,Precinct 25,Governor,,R,Hope A. Dalrymple,1
Josephine,Precinct 26,Governor,,R,Hope A. Dalrymple,0
Josephine,Precinct 27,Governor,,R,Hope A. Dalrymple,0
Josephine,Precinct 28,Governor,,R,Hope A. Dalrymple,0
Josephine,Precinct 29,Governor,,R,Hope A. Dalrymple,0
Josephine,Precinct 3,Governor,,R,Hope A. Dalrymple,0
Josephine,Precinct 30,Governor,,R,Hope A. Dalrymple,2
Josephine,Precinct 31,Governor,,R,Hope A. Dalrymple,0
Josephine,Precinct 32,Governor,,R,Hope A. Dalrymple,1
Josephine,Precinct 33,Governor,,R,Hope A. Dalrymple,0
Josephine,Precinct 34,Governor,,R,Hope A. Dalrymple,0
Josephine,Precinct 35,Governor,,R,Hope A. Dalrymple,0
Josephine,Precinct 36,Governor,,R,Hope A. Dalrymple,0
Josephine,Precinct 37,Governor,,R,Hope A. Dalrymple,1
Josephine,Precinct 38,Governor,,R,Hope A. Dalrymple,0
Josephine,Precinct 39,Governor,,R,Hope A. Dalrymple,0
Josephine,Precinct 4,Governor,,R,Hope A. Dalrymple,1
Josephine,Precinct 40,Governor,,R,Hope A. Dalrymple,0
Josephine,Precinct 41,Governor,,R,Hope A. Dalrymple,0
Josephine,Precinct 42,Governor,,R,Hope A. Dalrymple,0
Josephine,Precinct 43,Governor,,R,Hope A. Dalrymple,2
Josephine,Precinct 44,Governor,,R,Hope A. Dalrymple,0
Josephine,Precinct 45,Governor,,R,Hope A. Dalrymple,0
Josephine,Precinct 46,Governor,,R,Hope A. Dalrymple,1
Josephine,Precinct 47,Governor,,R,Hope A. Dalrymple,0
Josephine,Precinct 5,Governor,,R,Hope A. Dalrymple,0
Josephine,Precinct 6,Governor,,R,Hope A. Dalrymple,1
Josephine,Precinct 7,Governor,,R,Hope A. Dalrymple,1
Josephine,Precinct 8,Governor,,R,Hope A. Dalrymple,0
Josephine,Precinct 9,Governor,,R,Hope A. Dalrymple,0
Josephine,Precinct 1,Governor,,R,Kyle M. Duyck,4
Josephine,Precinct 10,Governor,,R,Kyle M. Duyck,1
Josephine,Precinct 11,Governor,,R,Kyle M. Duyck,0
Josephine,Precinct 12,Governor,,R,Kyle M. Duyck,0
Josephine,Precinct 13,Governor,,R,Kyle M. Duyck,0
Josephine,Precinct 14,Governor,,R,Kyle M. Duyck,0
Josephine,Precinct 15,Governor,,R,Kyle M. Duyck,0
Josephine,Precinct 16,Governor,,R,Kyle M. Duyck,0
Josephine,Precinct 17,Governor,,R,Kyle M. Duyck,0
Josephine,Precinct 18,Governor,,R,Kyle M. Duyck,2
Josephine,Precinct 19,Governor,,R,Kyle M. Duyck,1
Josephine,Precinct 2,Governor,,R,Kyle M. Duyck,3
Josephine,Precinct 20,Governor,,R,Kyle M. Duyck,2
Josephine,Precinct 21,Governor,,R,Kyle M. Duyck,2
Josephine,Precinct 22,Governor,,R,Kyle M. Duyck,0
Josephine,Precinct 23,Governor,,R,Kyle M. Duyck,0
Josephine,Precinct 24,Governor,,R,Kyle M. Duyck,0
Josephine,Precinct 25,Governor,,R,Kyle M. Duyck,0
Josephine,Precinct 26,Governor,,R,Kyle M. Duyck,0
Josephine,Precinct 27,Governor,,R,Kyle M. Duyck,0
Josephine,Precinct 28,Governor,,R,Kyle M. Duyck,1
Josephine,Precinct 29,Governor,,R,Kyle M. Duyck,0
Josephine,Precinct 3,Governor,,R,Kyle M. Duyck,0
Josephine,Precinct 30,Governor,,R,Kyle M. Duyck,0
Josephine,Precinct 31,Governor,,R,Kyle M. Duyck,6
Josephine,Precinct 32,Governor,,R,Kyle M. Duyck,0
Josephine,Precinct 33,Governor,,R,Kyle M. Duyck,1
Josephine,Precinct 34,Governor,,R,Kyle M. Duyck,0
Josephine,Precinct 35,Governor,,R,Kyle M. Duyck,0
Josephine,Precinct 36,Governor,,R,Kyle M. Duyck,3
Josephine,Precinct 37,Governor,,R,Kyle M. Duyck,0
Josephine,Precinct 38,Governor,,R,Kyle M. Duyck,4
Josephine,Precinct 39,Governor,,R,Kyle M. Duyck,0
Josephine,Precinct 4,Governor,,R,Kyle M. Duyck,0
Josephine,Precinct 40,Governor,,R,Kyle M. Duyck,1
Josephine,Precinct 41,Governor,,R,Kyle M. Duyck,0
Josephine,Precinct 42,Governor,,R,Kyle M. Duyck,2
Josephine,Precinct 43,Governor,,R,Kyle M. Duyck,0
Josephine,Precinct 44,Governor,,R,Kyle M. Duyck,0
Josephine,Precinct 45,Governor,,R,Kyle M. Duyck,1
Josephine,Precinct 46,Governor,,R,Kyle M. Duyck,0
Josephine,Precinct 47,Governor,,R,Kyle M. Duyck,0
Josephine,Precinct 5,Governor,,R,Kyle M. Duyck,0
Josephine,Precinct 6,Governor,,R,Kyle M. Duyck,3
Josephine,Precinct 7,Governor,,R,Kyle M. Duyck,1
Josephine,Precinct 8,Governor,,R,Kyle M. Duyck,1
Josephine,Precinct 9,Governor,,R,Kyle M. Duyck,0
Josephine,Precinct 1,Governor,,R,Martin Ward,1
Josephine,Precinct 10,Governor,,R,Martin Ward,0
Josephine,Precinct 11,Governor,,R,Martin Ward,0
Josephine,Precinct 12,Governor,,R,Martin Ward,0
Josephine,Precinct 13,Governor,,R,Martin Ward,0
Josephine,Precinct 14,Governor,,R,Martin Ward,0
Josephine,Precinct 15,Governor,,R,Martin Ward,1
Josephine,Precinct 16,Governor,,R,Martin Ward,0
Josephine,Precinct 17,Governor,,R,Martin Ward,2
Josephine,Precinct 18,Governor,,R,Martin Ward,0
Josephine,Precinct 19,Governor,,R,Martin Ward,1
Josephine,Precinct 2,Governor,,R,Martin Ward,2
Josephine,Precinct 20,Governor,,R,Martin Ward,0
Josephine,Precinct 21,Governor,,R,Martin Ward,2
Josephine,Precinct 22,Governor,,R,Martin Ward,1
Josephine,Precinct 23,Governor,,R,Martin Ward,0
Josephine,Precinct 24,Governor,,R,Martin Ward,0
Josephine,Precinct 25,Governor,,R,Martin Ward,2
Josephine,Precinct 26,Governor,,R,Martin Ward,1
Josephine,Precinct 27,Governor,,R,Martin Ward,0
Josephine,Precinct 28,Governor,,R,Martin Ward,1
Josephine,Precinct 29,Governor,,R,Martin Ward,0
Josephine,Precinct 3,Governor,,R,Martin Ward,1
Josephine,Precinct 30,Governor,,R,Martin Ward,2
Josephine,Precinct 31,Governor,,R,Martin Ward,4
Josephine,Precinct 32,Governor,,R,Martin Ward,0
Josephine,Precinct 33,Governor,,R,Martin Ward,2
Josephine,Precinct 34,Governor,,R,Martin Ward,0
Josephine,Precinct 35,Governor,,R,Martin Ward,0
Josephine,Precinct 36,Governor,,R,Martin Ward,1
Josephine,Precinct 37,Governor,,R,Martin Ward,0
Josephine,Precinct 38,Governor,,R,Martin Ward,1
Josephine,Precinct 39,Governor,,R,Martin Ward,0
Josephine,Precinct 4,Governor,,R,Martin Ward,0
Josephine,Precinct 40,Governor,,R,Martin Ward,0
Josephine,Precinct 41,Governor,,R,Martin Ward,0
Josephine,Precinct 42,Governor,,R,Martin Ward,1
Josephine,Precinct 43,Governor,,R,Martin Ward,0
Josephine,Precinct 44,Governor,,R,Martin Ward,0
Josephine,Precinct 45,Governor,,R,Martin Ward,0
Josephine,Precinct 46,Governor,,R,Martin Ward,0
Josephine,Precinct 47,Governor,,R,Martin Ward,1
Josephine,Precinct 5,Governor,,R,Martin Ward,1
Josephine,Precinct 6,Governor,,R,Martin Ward,0
Josephine,Precinct 7,Governor,,R,Martin Ward,1
Josephine,Precinct 8,Governor,,R,Martin Ward,1
Josephine,Precinct 9,Governor,,R,Martin Ward,0
Josephine,Precinct 1,Governor,,R,Over Votes,0
Josephine,Precinct 10,Governor,,R,Over Votes,0
Josephine,Precinct 11,Governor,,R,Over Votes,0
Josephine,Precinct 12,Governor,,R,Over Votes,0
Josephine,Precinct 13,Governor,,R,Over Votes,0
Josephine,Precinct 14,Governor,,R,Over Votes,0
Josephine,Precinct 15,Governor,,R,Over Votes,0
Josephine,Precinct 16,Governor,,R,Over Votes,0
Josephine,Precinct 17,Governor,,R,Over Votes,0
Josephine,Precinct 18,Governor,,R,Over Votes,0
Josephine,Precinct 19,Governor,,R,Over Votes,0
Josephine,Precinct 2,Governor,,R,Over Votes,0
Josephine,Precinct 20,Governor,,R,Over Votes,0
Josephine,Precinct 21,Governor,,R,Over Votes,0
Josephine,Precinct 22,Governor,,R,Over Votes,0
Josephine,Precinct 23,Governor,,R,Over Votes,0
Josephine,Precinct 24,Governor,,R,Over Votes,0
Josephine,Precinct 25,Governor,,R,Over Votes,0
Josephine,Precinct 26,Governor,,R,Over Votes,0
Josephine,Precinct 27,Governor,,R,Over Votes,0
Josephine,Precinct 28,Governor,,R,Over Votes,0
Josephine,Precinct 29,Governor,,R,Over Votes,0
Josephine,Precinct 3,Governor,,R,Over Votes,0
Josephine,Precinct 30,Governor,,R,Over Votes,0
Josephine,Precinct 31,Governor,,R,Over Votes,0
Josephine,Precinct 32,Governor,,R,Over Votes,0
Josephine,Precinct 33,Governor,,R,Over Votes,0
Josephine,Precinct 34,Governor,,R,Over Votes,0
Josephine,Precinct 35,Governor,,R,Over Votes,0
Josephine,Precinct 36,Governor,,R,Over Votes,0
Josephine,Precinct 37,Governor,,R,Over Votes,0
Josephine,Precinct 38,Governor,,R,Over Votes,0
Josephine,Precinct 39,Governor,,R,Over Votes,1
Josephine,Precinct 4,Governor,,R,Over Votes,0
Josephine,Precinct 40,Governor,,R,Over Votes,0
Josephine,Precinct 41,Governor,,R,Over Votes,0
Josephine,Precinct 42,Governor,,R,Over Votes,0
Josephine,Precinct 43,Governor,,R,Over Votes,0
Josephine,Precinct 44,Governor,,R,Over Votes,0
Josephine,Precinct 45,Governor,,R,Over Votes,0
Josephine,Precinct 46,Governor,,R,Over Votes,0
Josephine,Precinct 47,Governor,,R,Over Votes,0
Josephine,Precinct 5,Governor,,R,Over Votes,0
Josephine,Precinct 6,Governor,,R,Over Votes,0
Josephine,Precinct 7,Governor,,R,Over Votes,0
Josephine,Precinct 8,Governor,,R,Over Votes,0
Josephine,Precinct 9,Governor,,R,Over Votes,0
Josephine,Precinct 1,Governor,,R,Paul J. Romero Jr,5
Josephine,Precinct 10,Governor,,R,Paul J. Romero Jr,0
Josephine,Precinct 11,Governor,,R,Paul J. Romero Jr,0
Josephine,Precinct 12,Governor,,R,Paul J. Romero Jr,0
Josephine,Precinct 13,Governor,,R,Paul J. Romero Jr,0
Josephine,Precinct 14,Governor,,R,Paul J. Romero Jr,0
Josephine,Precinct 15,Governor,,R,Paul J. Romero Jr,1
Josephine,Precinct 16,Governor,,R,Paul J. Romero Jr,2
Josephine,Precinct 17,Governor,,R,Paul J. Romero Jr,0
Josephine,Precinct 18,Governor,,R,Paul J. Romero Jr,2
Josephine,Precinct 19,Governor,,R,Paul J. Romero Jr,6
Josephine,Precinct 2,Governor,,R,Paul J. Romero Jr,4
Josephine,Precinct 20,Governor,,R,Paul J. Romero Jr,0
Josephine,Precinct 21,Governor,,R,Paul J. Romero Jr,4
Josephine,Precinct 22,Governor,,R,Paul J. Romero Jr,1
Josephine,Precinct 23,Governor,,R,Paul J. Romero Jr,1
Josephine,Precinct 24,Governor,,R,Paul J. Romero Jr,0
Josephine,Precinct 25,Governor,,R,Paul J. Romero Jr,3
Josephine,Precinct 26,Governor,,R,Paul J. Romero Jr,0
Josephine,Precinct 27,Governor,,R,Paul J. Romero Jr,0
Josephine,Precinct 28,Governor,,R,Paul J. Romero Jr,1
Josephine,Precinct 29,Governor,,R,Paul J. Romero Jr,0
Josephine,Precinct 3,Governor,,R,Paul J. Romero Jr,2
Josephine,Precinct 30,Governor,,R,Paul J. Romero Jr,2
Josephine,Precinct 31,Governor,,R,Paul J. Romero Jr,7
Josephine,Precinct 32,Governor,,R,Paul J. Romero Jr,1
Josephine,Precinct 33,Governor,,R,Paul J. Romero Jr,0
Josephine,Precinct 34,Governor,,R,Paul J. Romero Jr,0
Josephine,Precinct 35,Governor,,R,Paul J. Romero Jr,3
Josephine,Precinct 36,Governor,,R,Paul J. Romero Jr,2
Josephine,Precinct 37,Governor,,R,Paul J. Romero Jr,2
Josephine,Precinct 38,Governor,,R,Paul J. Romero Jr,2
Josephine,Precinct 39,Governor,,R,Paul J. Romero Jr,4
Josephine,Precinct 4,Governor,,R,Paul J. Romero Jr,7
Josephine,Precinct 40,Governor,,R,Paul J. Romero Jr,0
Josephine,Precinct 41,Governor,,R,Paul J. Romero Jr,0
Josephine,Precinct 42,Governor,,R,Paul J. Romero Jr,3
Josephine,Precinct 43,Governor,,R,Paul J. Romero Jr,0
Josephine,Precinct 44,Governor,,R,Paul J. Romero Jr,0
Josephine,Precinct 45,Governor,,R,Paul J. Romero Jr,0
Josephine,Precinct 46,Governor,,R,Paul J. Romero Jr,0
Josephine,Precinct 47,Governor,,R,Paul J. Romero Jr,0
Josephine,Precinct 5,Governor,,R,Paul J. Romero Jr,9
Josephine,Precinct 6,Governor,,R,Paul J. Romero Jr,1
Josephine,Precinct 7,Governor,,R,Paul J. Romero Jr,3
Josephine,Precinct 8,Governor,,R,Paul J. Romero Jr,7
Josephine,Precinct 9,Governor,,R,Paul J. Romero Jr,1
Josephine,Precinct 1,Governor,,R,Robert Neuman,3
Josephine,Precinct 10,Governor,,R,Robert Neuman,0
Josephine,Precinct 11,Governor,,R,Robert Neuman,0
Josephine,Precinct 12,Governor,,R,Robert Neuman,0
Josephine,Precinct 13,Governor,,R,Robert Neuman,0
Josephine,Precinct 14,Governor,,R,Robert Neuman,0
Josephine,Precinct 15,Governor,,R,Robert Neuman,1
Josephine,Precinct 16,Governor,,R,Robert Neuman,1
Josephine,Precinct 17,Governor,,R,Robert Neuman,0
Josephine,Precinct 18,Governor,,R,Robert Neuman,0
Josephine,Precinct 19,Governor,,R,Robert Neuman,3
Josephine,Precinct 2,Governor,,R,Robert Neuman,2
Josephine,Precinct 20,Governor,,R,Robert Neuman,1
Josephine,Precinct 21,Governor,,R,Robert Neuman,4
Josephine,Precinct 22,Governor,,R,Robert Neuman,1
Josephine,Precinct 23,Governor,,R,Robert Neuman,1
Josephine,Precinct 24,Governor,,R,Robert Neuman,0
Josephine,Precinct 25,Governor,,R,Robert Neuman,2
Josephine,Precinct 26,Governor,,R,Robert Neuman,2
Josephine,Precinct 27,Governor,,R,Robert Neuman,0
Josephine,Precinct 28,Governor,,R,Robert Neuman,1
Josephine,Precinct 29,Governor,,R,Robert Neuman,0
Josephine,Precinct 3,Governor,,R,Robert Neuman,0
Josephine,Precinct 30,Governor,,R,Robert Neuman,0
Josephine,Precinct 31,Governor,,R,Robert Neuman,2
Josephine,Precinct 32,Governor,,R,Robert Neuman,0
Josephine,Precinct 33,Governor,,R,Robert Neuman,2
Josephine,Precinct 34,Governor,,R,Robert Neuman,0
Josephine,Precinct 35,Governor,,R,Robert Neuman,0
Josephine,Precinct 36,Governor,,R,Robert Neuman,2
Josephine,Precinct 37,Governor,,R,Robert Neuman,0
Josephine,Precinct 38,Governor,,R,Robert Neuman,0
Josephine,Precinct 39,Governor,,R,Robert Neuman,0
Josephine,Precinct 4,Governor,,R,Robert Neuman,1
Josephine,Precinct 40,Governor,,R,Robert Neuman,0
Josephine,Precinct 41,Governor,,R,Robert Neuman,0
Josephine,Precinct 42,Governor,,R,Robert Neuman,0
Josephine,Precinct 43,Governor,,R,Robert Neuman,1
Josephine,Precinct 44,Governor,,R,Robert Neuman,0
Josephine,Precinct 45,Governor,,R,Robert Neuman,0
Josephine,Precinct 46,Governor,,R,Robert Neuman,0
Josephine,Precinct 47,Governor,,R,Robert Neuman,0
Josephine,Precinct 5,Governor,,R,Robert Neuman,1
Josephine,Precinct 6,Governor,,R,Robert Neuman,0
Josephine,Precinct 7,Governor,,R,Robert Neuman,1
Josephine,Precinct 8,Governor,,R,Robert Neuman,0
Josephine,Precinct 9,Governor,,R,Robert Neuman,0
Josephine,Precinct 1,Governor,,R,Tim O. Youker,2
Josephine,Precinct 10,Governor,,R,Tim O. Youker,0
Josephine,Precinct 11,Governor,,R,Tim O. Youker,0
Josephine,Precinct 12,Governor,,R,Tim O. Youker,0
Josephine,Precinct 13,Governor,,R,Tim O. Youker,0
Josephine,Precinct 14,Governor,,R,Tim O. Youker,0
Josephine,Precinct 15,Governor,,R,Tim O. Youker,0
Josephine,Precinct 16,Governor,,R,Tim O. Youker,2
Josephine,Precinct 17,Governor,,R,Tim O. Youker,0
Josephine,Precinct 18,Governor,,R,Tim O. Youker,1
Josephine,Precinct 19,Governor,,R,Tim O. Youker,0
Josephine,Precinct 2,Governor,,R,Tim O. Youker,6
Josephine,Precinct 20,Governor,,R,Tim O. Youker,0
Josephine,Precinct 21,Governor,,R,Tim O. Youker,2
Josephine,Precinct 22,Governor,,R,Tim O. Youker,0
Josephine,Precinct 23,Governor,,R,Tim O. Youker,1
Josephine,Precinct 24,Governor,,R,Tim O. Youker,2
Josephine,Precinct 25,Governor,,R,Tim O. Youker,0
Josephine,Precinct 26,Governor,,R,Tim O. Youker,1
Josephine,Precinct 27,Governor,,R,Tim O. Youker,0
Josephine,Precinct 28,Governor,,R,Tim O. Youker,0
Josephine,Precinct 29,Governor,,R,Tim O. Youker,0
Josephine,Precinct 3,Governor,,R,Tim O. Youker,0
Josephine,Precinct 30,Governor,,R,Tim O. Youker,1
Josephine,Precinct 31,Governor,,R,Tim O. Youker,2
Josephine,Precinct 32,Governor,,R,Tim O. Youker,0
Josephine,Precinct 33,Governor,,R,Tim O. Youker,2
Josephine,Precinct 34,Governor,,R,Tim O. Youker,0
Josephine,Precinct 35,Governor,,R,Tim O. Youker,0
Josephine,Precinct 36,Governor,,R,Tim O. Youker,2
Josephine,Precinct 37,Governor,,R,Tim O. Youker,1
Josephine,Precinct 38,Governor,,R,Tim O. Youker,2
Josephine,Precinct 39,Governor,,R,Tim O. Youker,0
Josephine,Precinct 4,Governor,,R,Tim O. Youker,4
Josephine,Precinct 40,Governor,,R,Tim O. Youker,2
Josephine,Precinct 41,Governor,,R,Tim O. Youker,0
Josephine,Precinct 42,Governor,,R,Tim O. Youker,0
Josephine,Precinct 43,Governor,,R,Tim O. Youker,2
Josephine,Precinct 44,Governor,,R,Tim O. Youker,0
Josephine,Precinct 45,Governor,,R,Tim O. Youker,0
Josephine,Precinct 46,Governor,,R,Tim O. Youker,1
Josephine,Precinct 47,Governor,,R,Tim O. Youker,0
Josephine,Precinct 5,Governor,,R,Tim O. Youker,2
Josephine,Precinct 6,Governor,,R,Tim O. Youker,0
Josephine,Precinct 7,Governor,,R,Tim O. Youker,0
Josephine,Precinct 8,Governor,,R,Tim O. Youker,0
Josephine,Precinct 9,Governor,,R,Tim O. Youker,0
Josephine,Precinct 1,Governor,,R,Under Votes,25
Josephine,Precinct 10,Governor,,R,Under Votes,4
Josephine,Precinct 11,Governor,,R,Under Votes,2
Josephine,Precinct 12,Governor,,R,Under Votes,1
Josephine,Precinct 13,Governor,,R,Under Votes,1
Josephine,Precinct 14,Governor,,R,Under Votes,0
Josephine,Precinct 15,Governor,,R,Under Votes,11
Josephine,Precinct 16,Governor,,R,Under Votes,3
Josephine,Precinct 17,Governor,,R,Under Votes,14
Josephine,Precinct 18,Governor,,R,Under Votes,17
Josephine,Precinct 19,Governor,,R,Under Votes,20
Josephine,Precinct 2,Governor,,R,Under Votes,34
Josephine,Precinct 20,Governor,,R,Under Votes,0
Josephine,Precinct 21,Governor,,R,Under Votes,23
Josephine,Precinct 22,Governor,,R,Under Votes,12
Josephine,Precinct 23,Governor,,R,Under Votes,4
Josephine,Precinct 24,Governor,,R,Under Votes,2
Josephine,Precinct 25,Governor,,R,Under Votes,17
Josephine,Precinct 26,Governor,,R,Under Votes,4
Josephine,Precinct 27,Governor,,R,Under Votes,5
Josephine,Precinct 28,Governor,,R,Under Votes,2
Josephine,Precinct 29,Governor,,R,Under Votes,0
Josephine,Precinct 3,Governor,,R,Under Votes,14
Josephine,Precinct 30,Governor,,R,Under Votes,14
Josephine,Precinct 31,Governor,,R,Under Votes,25
Josephine,Precinct 32,Governor,,R,Under Votes,1
Josephine,Precinct 33,Governor,,R,Under Votes,9
Josephine,Precinct 34,Governor,,R,Under Votes,3
Josephine,Precinct 35,Governor,,R,Under Votes,6
Josephine,Precinct 36,Governor,,R,Under Votes,13
Josephine,Precinct 37,Governor,,R,Under Votes,10
Josephine,Precinct 38,Governor,,R,Under Votes,20
Josephine,Precinct 39,Governor,,R,Under Votes,11
Josephine,Precinct 4,Governor,,R,Under Votes,6
Josephine,Precinct 40,Governor,,R,Under Votes,5
Josephine,Precinct 41,Governor,,R,Under Votes,0
Josephine,Precinct 42,Governor,,R,Under Votes,12
Josephine,Precinct 43,Governor,,R,Under Votes,12
Josephine,Precinct 44,Governor,,R,Under Votes,1
Josephine,Precinct 45,Governor,,R,Under Votes,3
Josephine,Precinct 46,Governor,,R,Under Votes,1
Josephine,Precinct 47,Governor,,R,Under Votes,0
Josephine,Precinct 5,Governor,,R,Under Votes,10
Josephine,Precinct 6,Governor,,R,Under Votes,5
Josephine,Precinct 7,Governor,,R,Under Votes,12
Josephine,Precinct 8,Governor,,R,Under Votes,31
Josephine,Precinct 9,Governor,,R,Under Votes,2
Josephine,Precinct 1,Governor,,R,Wen Waddell,0
Josephine,Precinct 10,Governor,,R,Wen Waddell,0
Josephine,Precinct 11,Governor,,R,Wen Waddell,0
Josephine,Precinct 12,Governor,,R,Wen Waddell,0
Josephine,Precinct 13,Governor,,R,Wen Waddell,0
Josephine,Precinct 14,Governor,,R,Wen Waddell,0
Josephine,Precinct 15,Governor,,R,Wen Waddell,0
Josephine,Precinct 16,Governor,,R,Wen Waddell,0
Josephine,Precinct 17,Governor,,R,Wen Waddell,1
Josephine,Precinct 18,Governor,,R,Wen Waddell,0
Josephine,Precinct 19,Governor,,R,Wen Waddell,0
Josephine,Precinct 2,Governor,,R,Wen Waddell,2
Josephine,Precinct 20,Governor,,R,Wen Waddell,0
Josephine,Precinct 21,Governor,,R,Wen Waddell,0
Josephine,Precinct 22,Governor,,R,Wen Waddell,0
Josephine,Precinct 23,Governor,,R,Wen Waddell,0
Josephine,Precinct 24,Governor,,R,Wen Waddell,0
Josephine,Precinct 25,Governor,,R,Wen Waddell,1
Josephine,Precinct 26,Governor,,R,Wen Waddell,0
Josephine,Precinct 27,Governor,,R,Wen Waddell,0
Josephine,Precinct 28,Governor,,R,Wen Waddell,0
Josephine,Precinct 29,Governor,,R,Wen Waddell,0
Josephine,Precinct 3,Governor,,R,Wen Waddell,0
Josephine,Precinct 30,Governor,,R,Wen Waddell,0
Josephine,Precinct 31,Governor,,R,Wen Waddell,0
Josephine,Precinct 32,Governor,,R,Wen Waddell,0
Josephine,Precinct 33,Governor,,R,Wen Waddell,0
Josephine,Precinct 34,Governor,,R,Wen Waddell,0
Josephine,Precinct 35,Governor,,R,Wen Waddell,0
Josephine,Precinct 36,Governor,,R,Wen Waddell,0
Josephine,Precinct 37,Governor,,R,Wen Waddell,0
Josephine,Precinct 38,Governor,,R,Wen Waddell,0
Josephine,Precinct 39,Governor,,R,Wen Waddell,0
Josephine,Precinct 4,Governor,,R,Wen Waddell,1
Josephine,Precinct 40,Governor,,R,Wen Waddell,0
Josephine,Precinct 41,Governor,,R,Wen Waddell,0
Josephine,Precinct 42,Governor,,R,Wen Waddell,1
Josephine,Precinct 43,Governor,,R,Wen Waddell,0
Josephine,Precinct 44,Governor,,R,Wen Waddell,0
Josephine,Precinct 45,Governor,,R,Wen Waddell,0
Josephine,Precinct 46,Governor,,R,Wen Waddell,0
Josephine,Precinct 47,Governor,,R,Wen Waddell,0
Josephine,Precinct 5,Governor,,R,Wen Waddell,0
Josephine,Precinct 6,Governor,,R,Wen Waddell,0
Josephine,Precinct 7,Governor,,R,Wen Waddell,0
Josephine,Precinct 8,Governor,,R,Wen Waddell,2
Josephine,Precinct 9,Governor,,R,Wen Waddell,0
Josephine,Precinct 1,Governor,,R,Write-ins,2
Josephine,Precinct 10,Governor,,R,Write-ins,0
Josephine,Precinct 11,Governor,,R,Write-ins,0
Josephine,Precinct 12,Governor,,R,Write-ins,1
Josephine,Precinct 13,Governor,,R,Write-ins,0
Josephine,Precinct 14,Governor,,R,Write-ins,0
Josephine,Precinct 15,Governor,,R,Write-ins,1
Josephine,Precinct 16,Governor,,R,Write-ins,0
Josephine,Precinct 17,Governor,,R,Write-ins,2
Josephine,Precinct 18,Governor,,R,Write-ins,1
Josephine,Precinct 19,Governor,,R,Write-ins,1
Josephine,Precinct 2,Governor,,R,Write-ins,1
Josephine,Precinct 20,Governor,,R,Write-ins,0
Josephine,Precinct 21,Governor,,R,Write-ins,2
Josephine,Precinct 22,Governor,,R,Write-ins,1
Josephine,Precinct 23,Governor,,R,Write-ins,0
Josephine,Precinct 24,Governor,,R,Write-ins,1
Josephine,Precinct 25,Governor,,R,Write-ins,0
Josephine,Precinct 26,Governor,,R,Write-ins,1
Josephine,Precinct 27,Governor,,R,Write-ins,0
Josephine,Precinct 28,Governor,,R,Write-ins,0
Josephine,Precinct 29,Governor,,R,Write-ins,0
Josephine,Precinct 3,Governor,,R,Write-ins,1
Josephine,Precinct 30,Governor,,R,Write-ins,2
Josephine,Precinct 31,Governor,,R,Write-ins,1
Josephine,Precinct 32,Governor,,R,Write-ins,0
Josephine,Precinct 33,Governor,,R,Write-ins,1
Josephine,Precinct 34,Governor,,R,Write-ins,2
Josephine,Precinct 35,Governor,,R,Write-ins,0
Josephine,Precinct 36,Governor,,R,Write-ins,0
Josephine,Precinct 37,Governor,,R,Write-ins,0
Josephine,Precinct 38,Governor,,R,Write-ins,0
Josephine,Precinct 39,Governor,,R,Write-ins,2
Josephine,Precinct 4,Governor,,R,Write-ins,0
Josephine,Precinct 40,Governor,,R,Write-ins,2
Josephine,Precinct 41,Governor,,R,Write-ins,0
Josephine,Precinct 42,Governor,,R,Write-ins,1
Josephine,Precinct 43,Governor,,R,Write-ins,0
Josephine,Precinct 44,Governor,,R,Write-ins,1
Josephine,Precinct 45,Governor,,R,Write-ins,0
Josephine,Precinct 46,Governor,,R,Write-ins,0
Josephine,Precinct 47,Governor,,R,Write-ins,0
Josephine,Precinct 5,Governor,,R,Write-ins,0
Josephine,Precinct 6,Governor,,R,Write-ins,1
Josephine,Precinct 7,Governor,,R,Write-ins,0
Josephine,Precinct 8,Governor,,R,Write-ins,6
Josephine,Precinct 9,Governor,,R,Write-ins,0
Josephine,Precinct 1,Judge of the Circuit Court,"14th District, Position 1",,Brandon S. Thueson,952
Josephine,Precinct 10,Judge of the Circuit Court,"14th District, Position 1",,Brandon S. Thueson,80
Josephine,Precinct 11,Judge of the Circuit Court,"14th District, Position 1",,Brandon S. Thueson,69
Josephine,Precinct 12,Judge of the Circuit Court,"14th District, Position 1",,Brandon S. Thueson,88
Josephine,Precinct 13,Judge of the Circuit Court,"14th District, Position 1",,Brandon S. Thueson,72
Josephine,Precinct 14,Judge of the Circuit Court,"14th District, Position 1",,Brandon S. Thueson,19
Josephine,Precinct 15,Judge of the Circuit Court,"14th District, Position 1",,Brandon S. Thueson,336
Josephine,Precinct 16,Judge of the Circuit Court,"14th District, Position 1",,Brandon S. Thueson,77
Josephine,Precinct 17,Judge of the Circuit Court,"14th District, Position 1",,Brandon S. Thueson,386
Josephine,Precinct 18,Judge of the Circuit Court,"14th District, Position 1",,Brandon S. Thueson,412
Josephine,Precinct 19,Judge of the Circuit Court,"14th District, Position 1",,Brandon S. Thueson,428
Josephine,Precinct 2,Judge of the Circuit Court,"14th District, Position 1",,Brandon S. Thueson,1237
Josephine,Precinct 20,Judge of the Circuit Court,"14th District, Position 1",,Brandon S. Thueson,51
Josephine,Precinct 21,Judge of the Circuit Court,"14th District, Position 1",,Brandon S. Thueson,689
Josephine,Precinct 22,Judge of the Circuit Court,"14th District, Position 1",,Brandon S. Thueson,346
Josephine,Precinct 23,Judge of the Circuit Court,"14th District, Position 1",,Brandon S. Thueson,76
Josephine,Precinct 24,Judge of the Circuit Court,"14th District, Position 1",,Brandon S. Thueson,166
Josephine,Precinct 25,Judge of the Circuit Court,"14th District, Position 1",,Brandon S. Thueson,255
Josephine,Precinct 26,Judge of the Circuit Court,"14th District, Position 1",,Brandon S. Thueson,172
Josephine,Precinct 27,Judge of the Circuit Court,"14th District, Position 1",,Brandon S. Thueson,99
Josephine,Precinct 28,Judge of the Circuit Court,"14th District, Position 1",,Brandon S. Thueson,103
Josephine,Precinct 29,Judge of the Circuit Court,"14th District, Position 1",,Brandon S. Thueson,20
Josephine,Precinct 3,Judge of the Circuit Court,"14th District, Position 1",,Brandon S. Thueson,388
Josephine,Precinct 30,Judge of the Circuit Court,"14th District, Position 1",,Brandon S. Thueson,281
Josephine,Precinct 31,Judge of the Circuit Court,"14th District, Position 1",,Brandon S. Thueson,572
Josephine,Precinct 32,Judge of the Circuit Court,"14th District, Position 1",,Brandon S. Thueson,43
Josephine,Precinct 33,Judge of the Circuit Court,"14th District, Position 1",,Brandon S. Thueson,148
Josephine,Precinct 34,Judge of the Circuit Court,"14th District, Position 1",,Brandon S. Thueson,83
Josephine,Precinct 35,Judge of the Circuit Court,"14th District, Position 1",,Brandon S. Thueson,174
Josephine,Precinct 36,Judge of the Circuit Court,"14th District, Position 1",,Brandon S. Thueson,489
Josephine,Precinct 37,Judge of the Circuit Court,"14th District, Position 1",,Brandon S. Thueson,261
Josephine,Precinct 38,Judge of the Circuit Court,"14th District, Position 1",,Brandon S. Thueson,614
Josephine,Precinct 39,Judge of the Circuit Court,"14th District, Position 1",,Brandon S. Thueson,360
Josephine,Precinct 4,Judge of the Circuit Court,"14th District, Position 1",,Brandon S. Thueson,274
Josephine,Precinct 40,Judge of the Circuit Court,"14th District, Position 1",,Brandon S. Thueson,160
Josephine,Precinct 41,Judge of the Circuit Court,"14th District, Position 1",,Brandon S. Thueson,17
Josephine,Precinct 42,Judge of the Circuit Court,"14th District, Position 1",,Brandon S. Thueson,431
Josephine,Precinct 43,Judge of the Circuit Court,"14th District, Position 1",,Brandon S. Thueson,306
Josephine,Precinct 44,Judge of the Circuit Court,"14th District, Position 1",,Brandon S. Thueson,34
Josephine,Precinct 45,Judge of the Circuit Court,"14th District, Position 1",,Brandon S. Thueson,17
Josephine,Precinct 46,Judge of the Circuit Court,"14th District, Position 1",,Brandon S. Thueson,53
Josephine,Precinct 47,Judge of the Circuit Court,"14th District, Position 1",,Brandon S. Thueson,41
Josephine,Precinct 5,Judge of the Circuit Court,"14th District, Position 1",,Brandon S. Thueson,324
Josephine,Precinct 6,Judge of the Circuit Court,"14th District, Position 1",,Brandon S. Thueson,271
Josephine,Precinct 7,Judge of the Circuit Court,"14th District, Position 1",,Brandon S. Thueson,461
Josephine,Precinct 8,Judge of the Circuit Court,"14th District, Position 1",,Brandon S. Thueson,797
Josephine,Precinct 9,Judge of the Circuit Court,"14th District, Position 1",,Brandon S. Thueson,30
Josephine,Precinct 1,Judge of the Circuit Court,"14th District, Position 1",,Over Votes,0
Josephine,Precinct 10,Judge of the Circuit Court,"14th District, Position 1",,Over Votes,0
Josephine,Precinct 11,Judge of the Circuit Court,"14th District, Position 1",,Over Votes,0
Josephine,Precinct 12,Judge of the Circuit Court,"14th District, Position 1",,Over Votes,0
Josephine,Precinct 13,Judge of the Circuit Court,"14th District, Position 1",,Over Votes,0
Josephine,Precinct 14,Judge of the Circuit Court,"14th District, Position 1",,Over Votes,0
Josephine,Precinct 15,Judge of the Circuit Court,"14th District, Position 1",,Over Votes,0
Josephine,Precinct 16,Judge of the Circuit Court,"14th District, Position 1",,Over Votes,0
Josephine,Precinct 17,Judge of the Circuit Court,"14th District, Position 1",,Over Votes,0
Josephine,Precinct 18,Judge of the Circuit Court,"14th District, Position 1",,Over Votes,0
Josephine,Precinct 19,Judge of the Circuit Court,"14th District, Position 1",,Over Votes,0
Josephine,Precinct 2,Judge of the Circuit Court,"14th District, Position 1",,Over Votes,0
Josephine,Precinct 20,Judge of the Circuit Court,"14th District, Position 1",,Over Votes,0
Josephine,Precinct 21,Judge of the Circuit Court,"14th District, Position 1",,Over Votes,0
Josephine,Precinct 22,Judge of the Circuit Court,"14th District, Position 1",,Over Votes,0
Josephine,Precinct 23,Judge of the Circuit Court,"14th District, Position 1",,Over Votes,0
Josephine,Precinct 24,Judge of the Circuit Court,"14th District, Position 1",,Over Votes,0
Josephine,Precinct 25,Judge of the Circuit Court,"14th District, Position 1",,Over Votes,0
Josephine,Precinct 26,Judge of the Circuit Court,"14th District, Position 1",,Over Votes,0
Josephine,Precinct 27,Judge of the Circuit Court,"14th District, Position 1",,Over Votes,0
Josephine,Precinct 28,Judge of the Circuit Court,"14th District, Position 1",,Over Votes,0
Josephine,Precinct 29,Judge of the Circuit Court,"14th District, Position 1",,Over Votes,0
Josephine,Precinct 3,Judge of the Circuit Court,"14th District, Position 1",,Over Votes,0
Josephine,Precinct 30,Judge of the Circuit Court,"14th District, Position 1",,Over Votes,0
Josephine,Precinct 31,Judge of the Circuit Court,"14th District, Position 1",,Over Votes,0
Josephine,Precinct 32,Judge of the Circuit Court,"14th District, Position 1",,Over Votes,0
Josephine,Precinct 33,Judge of the Circuit Court,"14th District, Position 1",,Over Votes,0
Josephine,Precinct 34,Judge of the Circuit Court,"14th District, Position 1",,Over Votes,0
Josephine,Precinct 35,Judge of the Circuit Court,"14th District, Position 1",,Over Votes,0
Josephine,Precinct 36,Judge of the Circuit Court,"14th District, Position 1",,Over Votes,0
Josephine,Precinct 37,Judge of the Circuit Court,"14th District, Position 1",,Over Votes,0
Josephine,Precinct 38,Judge of the Circuit Court,"14th District, Position 1",,Over Votes,0
Josephine,Precinct 39,Judge of the Circuit Court,"14th District, Position 1",,Over Votes,0
Josephine,Precinct 4,Judge of the Circuit Court,"14th District, Position 1",,Over Votes,0
Josephine,Precinct 40,Judge of the Circuit Court,"14th District, Position 1",,Over Votes,0
Josephine,Precinct 41,Judge of the Circuit Court,"14th District, Position 1",,Over Votes,0
Josephine,Precinct 42,Judge of the Circuit Court,"14th District, Position 1",,Over Votes,0
Josephine,Precinct 43,Judge of the Circuit Court,"14th District, Position 1",,Over Votes,0
Josephine,Precinct 44,Judge of the Circuit Court,"14th District, Position 1",,Over Votes,0
Josephine,Precinct 45,Judge of the Circuit Court,"14th District, Position 1",,Over Votes,0
Josephine,Precinct 46,Judge of the Circuit Court,"14th District, Position 1",,Over Votes,0
Josephine,Precinct 47,Judge of the Circuit Court,"14th District, Position 1",,Over Votes,0
Josephine,Precinct 5,Judge of the Circuit Court,"14th District, Position 1",,Over Votes,0
Josephine,Precinct 6,Judge of the Circuit Court,"14th District, Position 1",,Over Votes,0
Josephine,Precinct 7,Judge of the Circuit Court,"14th District, Position 1",,Over Votes,0
Josephine,Precinct 8,Judge of the Circuit Court,"14th District, Position 1",,Over Votes,0
Josephine,Precinct 9,Judge of the Circuit Court,"14th District, Position 1",,Over Votes,0
Josephine,Precinct 1,Judge of the Circuit Court,"14th District, Position 1",,Under Votes,1111
Josephine,Precinct 10,Judge of the Circuit Court,"14th District, Position 1",,Under Votes,69
Josephine,Precinct 11,Judge of the Circuit Court,"14th District, Position 1",,Under Votes,78
Josephine,Precinct 12,Judge of the Circuit Court,"14th District, Position 1",,Under Votes,74
Josephine,Precinct 13,Judge of the Circuit Court,"14th District, Position 1",,Under Votes,57
Josephine,Precinct 14,Judge of the Circuit Court,"14th District, Position 1",,Under Votes,30
Josephine,Precinct 15,Judge of the Circuit Court,"14th District, Position 1",,Under Votes,448
Josephine,Precinct 16,Judge of the Circuit Court,"14th District, Position 1",,Under Votes,93
Josephine,Precinct 17,Judge of the Circuit Court,"14th District, Position 1",,Under Votes,452
Josephine,Precinct 18,Judge of the Circuit Court,"14th District, Position 1",,Under Votes,488
Josephine,Precinct 19,Judge of the Circuit Court,"14th District, Position 1",,Under Votes,561
Josephine,Precinct 2,Judge of the Circuit Court,"14th District, Position 1",,Under Votes,1343
Josephine,Precinct 20,Judge of the Circuit Court,"14th District, Position 1",,Under Votes,66
Josephine,Precinct 21,Judge of the Circuit Court,"14th District, Position 1",,Under Votes,838
Josephine,Precinct 22,Judge of the Circuit Court,"14th District, Position 1",,Under Votes,345
Josephine,Precinct 23,Judge of the Circuit Court,"14th District, Position 1",,Under Votes,107
Josephine,Precinct 24,Judge of the Circuit Court,"14th District, Position 1",,Under Votes,193
Josephine,Precinct 25,Judge of the Circuit Court,"14th District, Position 1",,Under Votes,331
Josephine,Precinct 26,Judge of the Circuit Court,"14th District, Position 1",,Under Votes,204
Josephine,Precinct 27,Judge of the Circuit Court,"14th District, Position 1",,Under Votes,148
Josephine,Precinct 28,Judge of the Circuit Court,"14th District, Position 1",,Under Votes,146
Josephine,Precinct 29,Judge of the Circuit Court,"14th District, Position 1",,Under Votes,20
Josephine,Precinct 3,Judge of the Circuit Court,"14th District, Position 1",,Under Votes,445
Josephine,Precinct 30,Judge of the Circuit Court,"14th District, Position 1",,Under Votes,276
Josephine,Precinct 31,Judge of the Circuit Court,"14th District, Position 1",,Under Votes,896
Josephine,Precinct 32,Judge of the Circuit Court,"14th District, Position 1",,Under Votes,81
Josephine,Precinct 33,Judge of the Circuit Court,"14th District, Position 1",,Under Votes,220
Josephine,Precinct 34,Judge of the Circuit Court,"14th District, Position 1",,Under Votes,107
Josephine,Precinct 35,Judge of the Circuit Court,"14th District, Position 1",,Under Votes,272
Josephine,Precinct 36,Judge of the Circuit Court,"14th District, Position 1",,Under Votes,661
Josephine,Precinct 37,Judge of the Circuit Court,"14th District, Position 1",,Under Votes,346
Josephine,Precinct 38,Judge of the Circuit Court,"14th District, Position 1",,Under Votes,824
Josephine,Precinct 39,Judge of the Circuit Court,"14th District, Position 1",,Under Votes,457
Josephine,Precinct 4,Judge of the Circuit Court,"14th District, Position 1",,Under Votes,278
Josephine,Precinct 40,Judge of the Circuit Court,"14th District, Position 1",,Under Votes,244
Josephine,Precinct 41,Judge of the Circuit Court,"14th District, Position 1",,Under Votes,39
Josephine,Precinct 42,Judge of the Circuit Court,"14th District, Position 1",,Under Votes,596
Josephine,Precinct 43,Judge of the Circuit Court,"14th District, Position 1",,Under Votes,376
Josephine,Precinct 44,Judge of the Circuit Court,"14th District, Position 1",,Under Votes,62
Josephine,Precinct 45,Judge of the Circuit Court,"14th District, Position 1",,Under Votes,57
Josephine,Precinct 46,Judge of the Circuit Court,"14th District, Position 1",,Under Votes,94
Josephine,Precinct 47,Judge of the Circuit Court,"14th District, Position 1",,Under Votes,50
Josephine,Precinct 5,Judge of the Circuit Court,"14th District, Position 1",,Under Votes,403
Josephine,Precinct 6,Judge of the Circuit Court,"14th District, Position 1",,Under Votes,280
Josephine,Precinct 7,Judge of the Circuit Court,"14th District, Position 1",,Under Votes,481
Josephine,Precinct 8,Judge of the Circuit Court,"14th District, Position 1",,Under Votes,865
Josephine,Precinct 9,Judge of the Circuit Court,"14th District, Position 1",,Under Votes,49
Josephine,Precinct 1,Judge of the Circuit Court,"14th District, Position 1",,Write-ins,12
Josephine,Precinct 10,Judge of the Circuit Court,"14th District, Position 1",,Write-ins,0
Josephine,Precinct 11,Judge of the Circuit Court,"14th District, Position 1",,Write-ins,0
Josephine,Precinct 12,Judge of the Circuit Court,"14th District, Position 1",,Write-ins,0
Josephine,Precinct 13,Judge of the Circuit Court,"14th District, Position 1",,Write-ins,3
Josephine,Precinct 14,Judge of the Circuit Court,"14th District, Position 1",,Write-ins,1
Josephine,Precinct 15,Judge of the Circuit Court,"14th District, Position 1",,Write-ins,2
Josephine,Precinct 16,Judge of the Circuit Court,"14th District, Position 1",,Write-ins,1
Josephine,Precinct 17,Judge of the Circuit Court,"14th District, Position 1",,Write-ins,2
Josephine,Precinct 18,Judge of the Circuit Court,"14th District, Position 1",,Write-ins,2
Josephine,Precinct 19,Judge of the Circuit Court,"14th District, Position 1",,Write-ins,6
Josephine,Precinct 2,Judge of the Circuit Court,"14th District, Position 1",,Write-ins,11
Josephine,Precinct 20,Judge of the Circuit Court,"14th District, Position 1",,Write-ins,1
Josephine,Precinct 21,Judge of the Circuit Court,"14th District, Position 1",,Write-ins,15
Josephine,Precinct 22,Judge of the Circuit Court,"14th District, Position 1",,Write-ins,5
Josephine,Precinct 23,Judge of the Circuit Court,"14th District, Position 1",,Write-ins,1
Josephine,Precinct 24,Judge of the Circuit Court,"14th District, Position 1",,Write-ins,1
Josephine,Precinct 25,Judge of the Circuit Court,"14th District, Position 1",,Write-ins,0
Josephine,Precinct 26,Judge of the Circuit Court,"14th District, Position 1",,Write-ins,0
Josephine,Precinct 27,Judge of the Circuit Court,"14th District, Position 1",,Write-ins,2
Josephine,Precinct 28,Judge of the Circuit Court,"14th District, Position 1",,Write-ins,3
Josephine,Precinct 29,Judge of the Circuit Court,"14th District, Position 1",,Write-ins,0
Josephine,Precinct 3,Judge of the Circuit Court,"14th District, Position 1",,Write-ins,3
Josephine,Precinct 30,Judge of the Circuit Court,"14th District, Position 1",,Write-ins,3
Josephine,Precinct 31,Judge of the Circuit Court,"14th District, Position 1",,Write-ins,16
Josephine,Precinct 32,Judge of the Circuit Court,"14th District, Position 1",,Write-ins,0
Josephine,Precinct 33,Judge of the Circuit Court,"14th District, Position 1",,Write-ins,3
Josephine,Precinct 34,Judge of the Circuit Court,"14th District, Position 1",,Write-ins,3
Josephine,Precinct 35,Judge of the Circuit Court,"14th District, Position 1",,Write-ins,0
Josephine,Precinct 36,Judge of the Circuit Court,"14th District, Position 1",,Write-ins,5
Josephine,Precinct 37,Judge of the Circuit Court,"14th District, Position 1",,Write-ins,5
Josephine,Precinct 38,Judge of the Circuit Court,"14th District, Position 1",,Write-ins,9
Josephine,Precinct 39,Judge of the Circuit Court,"14th District, Position 1",,Write-ins,3
Josephine,Precinct 4,Judge of the Circuit Court,"14th District, Position 1",,Write-ins,9
Josephine,Precinct 40,Judge of the Circuit Court,"14th District, Position 1",,Write-ins,2
Josephine,Precinct 41,Judge of the Circuit Court,"14th District, Position 1",,Write-ins,0
Josephine,Precinct 42,Judge of the Circuit Court,"14th District, Position 1",,Write-ins,4
Josephine,Precinct 43,Judge of the Circuit Court,"14th District, Position 1",,Write-ins,3
Josephine,Precinct 44,Judge of the Circuit Court,"14th District, Position 1",,Write-ins,0
Josephine,Precinct 45,Judge of the Circuit Court,"14th District, Position 1",,Write-ins,1
Josephine,Precinct 46,Judge of the Circuit Court,"14th District, Position 1",,Write-ins,1
Josephine,Precinct 47,Judge of the Circuit Court,"14th District, Position 1",,Write-ins,0
Josephine,Precinct 5,Judge of the Circuit Court,"14th District, Position 1",,Write-ins,5
Josephine,Precinct 6,Judge of the Circuit Court,"14th District, Position 1",,Write-ins,3
Josephine,Precinct 7,Judge of the Circuit Court,"14th District, Position 1",,Write-ins,9
Josephine,Precinct 8,Judge of the Circuit Court,"14th District, Position 1",,Write-ins,4
Josephine,Precinct 9,Judge of the Circuit Court,"14th District, Position 1",,Write-ins,0
Josephine,Precinct 1,Judge of the Circuit Court,"14th District, Position 4",,Over Votes,0
Josephine,Precinct 10,Judge of the Circuit Court,"14th District, Position 4",,Over Votes,0
Josephine,Precinct 11,Judge of the Circuit Court,"14th District, Position 4",,Over Votes,0
Josephine,Precinct 12,Judge of the Circuit Court,"14th District, Position 4",,Over Votes,0
Josephine,Precinct 13,Judge of the Circuit Court,"14th District, Position 4",,Over Votes,0
Josephine,Precinct 14,Judge of the Circuit Court,"14th District, Position 4",,Over Votes,0
Josephine,Precinct 15,Judge of the Circuit Court,"14th District, Position 4",,Over Votes,0
Josephine,Precinct 16,Judge of the Circuit Court,"14th District, Position 4",,Over Votes,0
Josephine,Precinct 17,Judge of the Circuit Court,"14th District, Position 4",,Over Votes,0
Josephine,Precinct 18,Judge of the Circuit Court,"14th District, Position 4",,Over Votes,0
Josephine,Precinct 19,Judge of the Circuit Court,"14th District, Position 4",,Over Votes,0
Josephine,Precinct 2,Judge of the Circuit Court,"14th District, Position 4",,Over Votes,0
Josephine,Precinct 20,Judge of the Circuit Court,"14th District, Position 4",,Over Votes,0
Josephine,Precinct 21,Judge of the Circuit Court,"14th District, Position 4",,Over Votes,0
Josephine,Precinct 22,Judge of the Circuit Court,"14th District, Position 4",,Over Votes,0
Josephine,Precinct 23,Judge of the Circuit Court,"14th District, Position 4",,Over Votes,0
Josephine,Precinct 24,Judge of the Circuit Court,"14th District, Position 4",,Over Votes,0
Josephine,Precinct 25,Judge of the Circuit Court,"14th District, Position 4",,Over Votes,0
Josephine,Precinct 26,Judge of the Circuit Court,"14th District, Position 4",,Over Votes,0
Josephine,Precinct 27,Judge of the Circuit Court,"14th District, Position 4",,Over Votes,0
Josephine,Precinct 28,Judge of the Circuit Court,"14th District, Position 4",,Over Votes,0
Josephine,Precinct 29,Judge of the Circuit Court,"14th District, Position 4",,Over Votes,0
Josephine,Precinct 3,Judge of the Circuit Court,"14th District, Position 4",,Over Votes,0
Josephine,Precinct 30,Judge of the Circuit Court,"14th District, Position 4",,Over Votes,0
Josephine,Precinct 31,Judge of the Circuit Court,"14th District, Position 4",,Over Votes,0
Josephine,Precinct 32,Judge of the Circuit Court,"14th District, Position 4",,Over Votes,0
Josephine,Precinct 33,Judge of the Circuit Court,"14th District, Position 4",,Over Votes,0
Josephine,Precinct 34,Judge of the Circuit Court,"14th District, Position 4",,Over Votes,0
Josephine,Precinct 35,Judge of the Circuit Court,"14th District, Position 4",,Over Votes,0
Josephine,Precinct 36,Judge of the Circuit Court,"14th District, Position 4",,Over Votes,0
Josephine,Precinct 37,Judge of the Circuit Court,"14th District, Position 4",,Over Votes,0
Josephine,Precinct 38,Judge of the Circuit Court,"14th District, Position 4",,Over Votes,0
Josephine,Precinct 39,Judge of the Circuit Court,"14th District, Position 4",,Over Votes,0
Josephine,Precinct 4,Judge of the Circuit Court,"14th District, Position 4",,Over Votes,0
Josephine,Precinct 40,Judge of the Circuit Court,"14th District, Position 4",,Over Votes,0
Josephine,Precinct 41,Judge of the Circuit Court,"14th District, Position 4",,Over Votes,0
Josephine,Precinct 42,Judge of the Circuit Court,"14th District, Position 4",,Over Votes,0
Josephine,Precinct 43,Judge of the Circuit Court,"14th District, Position 4",,Over Votes,0
Josephine,Precinct 44,Judge of the Circuit Court,"14th District, Position 4",,Over Votes,0
Josephine,Precinct 45,Judge of the Circuit Court,"14th District, Position 4",,Over Votes,0
Josephine,Precinct 46,Judge of the Circuit Court,"14th District, Position 4",,Over Votes,0
Josephine,Precinct 47,Judge of the Circuit Court,"14th District, Position 4",,Over Votes,0
Josephine,Precinct 5,Judge of the Circuit Court,"14th District, Position 4",,Over Votes,0
Josephine,Precinct 6,Judge of the Circuit Court,"14th District, Position 4",,Over Votes,0
Josephine,Precinct 7,Judge of the Circuit Court,"14th District, Position 4",,Over Votes,0
Josephine,Precinct 8,Judge of the Circuit Court,"14th District, Position 4",,Over Votes,0
Josephine,Precinct 9,Judge of the Circuit Court,"14th District, Position 4",,Over Votes,0
Josephine,Precinct 1,Judge of the Circuit Court,"14th District, Position 4",,Sarah E. McGlaughlin,967
Josephine,Precinct 10,Judge of the Circuit Court,"14th District, Position 4",,Sarah E. McGlaughlin,79
Josephine,Precinct 11,Judge of the Circuit Court,"14th District, Position 4",,Sarah E. McGlaughlin,70
Josephine,Precinct 12,Judge of the Circuit Court,"14th District, Position 4",,Sarah E. McGlaughlin,89
Josephine,Precinct 13,Judge of the Circuit Court,"14th District, Position 4",,Sarah E. McGlaughlin,71
Josephine,Precinct 14,Judge of the Circuit Court,"14th District, Position 4",,Sarah E. McGlaughlin,18
Josephine,Precinct 15,Judge of the Circuit Court,"14th District, Position 4",,Sarah E. McGlaughlin,344
Josephine,Precinct 16,Judge of the Circuit Court,"14th District, Position 4",,Sarah E. McGlaughlin,78
Josephine,Precinct 17,Judge of the Circuit Court,"14th District, Position 4",,Sarah E. McGlaughlin,397
Josephine,Precinct 18,Judge of the Circuit Court,"14th District, Position 4",,Sarah E. McGlaughlin,411
Josephine,Precinct 19,Judge of the Circuit Court,"14th District, Position 4",,Sarah E. McGlaughlin,435
Josephine,Precinct 2,Judge of the Circuit Court,"14th District, Position 4",,Sarah E. McGlaughlin,1257
Josephine,Precinct 20,Judge of the Circuit Court,"14th District, Position 4",,Sarah E. McGlaughlin,56
Josephine,Precinct 21,Judge of the Circuit Court,"14th District, Position 4",,Sarah E. McGlaughlin,725
Josephine,Precinct 22,Judge of the Circuit Court,"14th District, Position 4",,Sarah E. McGlaughlin,340
Josephine,Precinct 23,Judge of the Circuit Court,"14th District, Position 4",,Sarah E. McGlaughlin,75
Josephine,Precinct 24,Judge of the Circuit Court,"14th District, Position 4",,Sarah E. McGlaughlin,168
Josephine,Precinct 25,Judge of the Circuit Court,"14th District, Position 4",,Sarah E. McGlaughlin,264
Josephine,Precinct 26,Judge of the Circuit Court,"14th District, Position 4",,Sarah E. McGlaughlin,175
Josephine,Precinct 27,Judge of the Circuit Court,"14th District, Position 4",,Sarah E. McGlaughlin,103
Josephine,Precinct 28,Judge of the Circuit Court,"14th District, Position 4",,Sarah E. McGlaughlin,104
Josephine,Precinct 29,Judge of the Circuit Court,"14th District, Position 4",,Sarah E. McGlaughlin,20
Josephine,Precinct 3,Judge of the Circuit Court,"14th District, Position 4",,Sarah E. McGlaughlin,396
Josephine,Precinct 30,Judge of the Circuit Court,"14th District, Position 4",,Sarah E. McGlaughlin,281
Josephine,Precinct 31,Judge of the Circuit Court,"14th District, Position 4",,Sarah E. McGlaughlin,611
Josephine,Precinct 32,Judge of the Circuit Court,"14th District, Position 4",,Sarah E. McGlaughlin,45
Josephine,Precinct 33,Judge of the Circuit Court,"14th District, Position 4",,Sarah E. McGlaughlin,140
Josephine,Precinct 34,Judge of the Circuit Court,"14th District, Position 4",,Sarah E. McGlaughlin,84
Josephine,Precinct 35,Judge of the Circuit Court,"14th District, Position 4",,Sarah E. McGlaughlin,189
Josephine,Precinct 36,Judge of the Circuit Court,"14th District, Position 4",,Sarah E. McGlaughlin,512
Josephine,Precinct 37,Judge of the Circuit Court,"14th District, Position 4",,Sarah E. McGlaughlin,267
Josephine,Precinct 38,Judge of the Circuit Court,"14th District, Position 4",,Sarah E. McGlaughlin,630
Josephine,Precinct 39,Judge of the Circuit Court,"14th District, Position 4",,Sarah E. McGlaughlin,366
Josephine,Precinct 4,Judge of the Circuit Court,"14th District, Position 4",,Sarah E. McGlaughlin,276
Josephine,Precinct 40,Judge of the Circuit Court,"14th District, Position 4",,Sarah E. McGlaughlin,166
Josephine,Precinct 41,Judge of the Circuit Court,"14th District, Position 4",,Sarah E. McGlaughlin,20
Josephine,Precinct 42,Judge of the Circuit Court,"14th District, Position 4",,Sarah E. McGlaughlin,451
Josephine,Precinct 43,Judge of the Circuit Court,"14th District, Position 4",,Sarah E. McGlaughlin,309
Josephine,Precinct 44,Judge of the Circuit Court,"14th District, Position 4",,Sarah E. McGlaughlin,35
Josephine,Precinct 45,Judge of the Circuit Court,"14th District, Position 4",,Sarah E. McGlaughlin,19
Josephine,Precinct 46,Judge of the Circuit Court,"14th District, Position 4",,Sarah E. McGlaughlin,61
Josephine,Precinct 47,Judge of the Circuit Court,"14th District, Position 4",,Sarah E. McGlaughlin,43
Josephine,Precinct 5,Judge of the Circuit Court,"14th District, Position 4",,Sarah E. McGlaughlin,341
Josephine,Precinct 6,Judge of the Circuit Court,"14th District, Position 4",,Sarah E. McGlaughlin,269
Josephine,Precinct 7,Judge of the Circuit Court,"14th District, Position 4",,Sarah E. McGlaughlin,461
Josephine,Precinct 8,Judge of the Circuit Court,"14th District, Position 4",,Sarah E. McGlaughlin,799
Josephine,Precinct 9,Judge of the Circuit Court,"14th District, Position 4",,Sarah E. McGlaughlin,31
Josephine,Precinct 1,Judge of the Circuit Court,"14th District, Position 4",,Under Votes,1085
Josephine,Precinct 10,Judge of the Circuit Court,"14th District, Position 4",,Under Votes,69
Josephine,Precinct 11,Judge of the Circuit Court,"14th District, Position 4",,Under Votes,77
Josephine,Precinct 12,Judge of the Circuit Court,"14th District, Position 4",,Under Votes,73
Josephine,Precinct 13,Judge of the Circuit Court,"14th District, Position 4",,Under Votes,56
Josephine,Precinct 14,Judge of the Circuit Court,"14th District, Position 4",,Under Votes,30
Josephine,Precinct 15,Judge of the Circuit Court,"14th District, Position 4",,Under Votes,436
Josephine,Precinct 16,Judge of the Circuit Court,"14th District, Position 4",,Under Votes,93
Josephine,Precinct 17,Judge of the Circuit Court,"14th District, Position 4",,Under Votes,438
Josephine,Precinct 18,Judge of the Circuit Court,"14th District, Position 4",,Under Votes,483
Josephine,Precinct 19,Judge of the Circuit Court,"14th District, Position 4",,Under Votes,554
Josephine,Precinct 2,Judge of the Circuit Court,"14th District, Position 4",,Under Votes,1312
Josephine,Precinct 20,Judge of the Circuit Court,"14th District, Position 4",,Under Votes,60
Josephine,Precinct 21,Judge of the Circuit Court,"14th District, Position 4",,Under Votes,799
Josephine,Precinct 22,Judge of the Circuit Court,"14th District, Position 4",,Under Votes,350
Josephine,Precinct 23,Judge of the Circuit Court,"14th District, Position 4",,Under Votes,108
Josephine,Precinct 24,Judge of the Circuit Court,"14th District, Position 4",,Under Votes,192
Josephine,Precinct 25,Judge of the Circuit Court,"14th District, Position 4",,Under Votes,322
Josephine,Precinct 26,Judge of the Circuit Court,"14th District, Position 4",,Under Votes,201
Josephine,Precinct 27,Judge of the Circuit Court,"14th District, Position 4",,Under Votes,145
Josephine,Precinct 28,Judge of the Circuit Court,"14th District, Position 4",,Under Votes,145
Josephine,Precinct 29,Judge of the Circuit Court,"14th District, Position 4",,Under Votes,20
Josephine,Precinct 3,Judge of the Circuit Court,"14th District, Position 4",,Under Votes,436
Josephine,Precinct 30,Judge of the Circuit Court,"14th District, Position 4",,Under Votes,276
Josephine,Precinct 31,Judge of the Circuit Court,"14th District, Position 4",,Under Votes,859
Josephine,Precinct 32,Judge of the Circuit Court,"14th District, Position 4",,Under Votes,79
Josephine,Precinct 33,Judge of the Circuit Court,"14th District, Position 4",,Under Votes,230
Josephine,Precinct 34,Judge of the Circuit Court,"14th District, Position 4",,Under Votes,106
Josephine,Precinct 35,Judge of the Circuit Court,"14th District, Position 4",,Under Votes,257
Josephine,Precinct 36,Judge of the Circuit Court,"14th District, Position 4",,Under Votes,640
Josephine,Precinct 37,Judge of the Circuit Court,"14th District, Position 4",,Under Votes,340
Josephine,Precinct 38,Judge of the Circuit Court,"14th District, Position 4",,Under Votes,806
Josephine,Precinct 39,Judge of the Circuit Court,"14th District, Position 4",,Under Votes,449
Josephine,Precinct 4,Judge of the Circuit Court,"14th District, Position 4",,Under Votes,277
Josephine,Precinct 40,Judge of the Circuit Court,"14th District, Position 4",,Under Votes,238
Josephine,Precinct 41,Judge of the Circuit Court,"14th District, Position 4",,Under Votes,36
Josephine,Precinct 42,Judge of the Circuit Court,"14th District, Position 4",,Under Votes,577
Josephine,Precinct 43,Judge of the Circuit Court,"14th District, Position 4",,Under Votes,371
Josephine,Precinct 44,Judge of the Circuit Court,"14th District, Position 4",,Under Votes,61
Josephine,Precinct 45,Judge of the Circuit Court,"14th District, Position 4",,Under Votes,55
Josephine,Precinct 46,Judge of the Circuit Court,"14th District, Position 4",,Under Votes,86
Josephine,Precinct 47,Judge of the Circuit Court,"14th District, Position 4",,Under Votes,48
Josephine,Precinct 5,Judge of the Circuit Court,"14th District, Position 4",,Under Votes,385
Josephine,Precinct 6,Judge of the Circuit Court,"14th District, Position 4",,Under Votes,284
Josephine,Precinct 7,Judge of the Circuit Court,"14th District, Position 4",,Under Votes,485
Josephine,Precinct 8,Judge of the Circuit Court,"14th District, Position 4",,Under Votes,850
Josephine,Precinct 9,Judge of the Circuit Court,"14th District, Position 4",,Under Votes,47
Josephine,Precinct 1,Judge of the Circuit Court,"14th District, Position 4",,Write-ins,23
Josephine,Precinct 10,Judge of the Circuit Court,"14th District, Position 4",,Write-ins,1
Josephine,Precinct 11,Judge of the Circuit Court,"14th District, Position 4",,Write-ins,0
Josephine,Precinct 12,Judge of the Circuit Court,"14th District, Position 4",,Write-ins,0
Josephine,Precinct 13,Judge of the Circuit Court,"14th District, Position 4",,Write-ins,5
Josephine,Precinct 14,Judge of the Circuit Court,"14th District, Position 4",,Write-ins,2
Josephine,Precinct 15,Judge of the Circuit Court,"14th District, Position 4",,Write-ins,6
Josephine,Precinct 16,Judge of the Circuit Court,"14th District, Position 4",,Write-ins,0
Josephine,Precinct 17,Judge of the Circuit Court,"14th District, Position 4",,Write-ins,5
Josephine,Precinct 18,Judge of the Circuit Court,"14th District, Position 4",,Write-ins,8
Josephine,Precinct 19,Judge of the Circuit Court,"14th District, Position 4",,Write-ins,6
Josephine,Precinct 2,Judge of the Circuit Court,"14th District, Position 4",,Write-ins,22
Josephine,Precinct 20,Judge of the Circuit Court,"14th District, Position 4",,Write-ins,2
Josephine,Precinct 21,Judge of the Circuit Court,"14th District, Position 4",,Write-ins,18
Josephine,Precinct 22,Judge of the Circuit Court,"14th District, Position 4",,Write-ins,6
Josephine,Precinct 23,Judge of the Circuit Court,"14th District, Position 4",,Write-ins,1
Josephine,Precinct 24,Judge of the Circuit Court,"14th District, Position 4",,Write-ins,0
Josephine,Precinct 25,Judge of the Circuit Court,"14th District, Position 4",,Write-ins,0
Josephine,Precinct 26,Judge of the Circuit Court,"14th District, Position 4",,Write-ins,0
Josephine,Precinct 27,Judge of the Circuit Court,"14th District, Position 4",,Write-ins,1
Josephine,Precinct 28,Judge of the Circuit Court,"14th District, Position 4",,Write-ins,3
Josephine,Precinct 29,Judge of the Circuit Court,"14th District, Position 4",,Write-ins,0
Josephine,Precinct 3,Judge of the Circuit Court,"14th District, Position 4",,Write-ins,4
Josephine,Precinct 30,Judge of the Circuit Court,"14th District, Position 4",,Write-ins,3
Josephine,Precinct 31,Judge of the Circuit Court,"14th District, Position 4",,Write-ins,14
Josephine,Precinct 32,Judge of the Circuit Court,"14th District, Position 4",,Write-ins,0
Josephine,Precinct 33,Judge of the Circuit Court,"14th District, Position 4",,Write-ins,1
Josephine,Precinct 34,Judge of the Circuit Court,"14th District, Position 4",,Write-ins,3
Josephine,Precinct 35,Judge of the Circuit Court,"14th District, Position 4",,Write-ins,0
Josephine,Precinct 36,Judge of the Circuit Court,"14th District, Position 4",,Write-ins,3
Josephine,Precinct 37,Judge of the Circuit Court,"14th District, Position 4",,Write-ins,5
Josephine,Precinct 38,Judge of the Circuit Court,"14th District, Position 4",,Write-ins,11
Josephine,Precinct 39,Judge of the Circuit Court,"14th District, Position 4",,Write-ins,5
Josephine,Precinct 4,Judge of the Circuit Court,"14th District, Position 4",,Write-ins,8
Josephine,Precinct 40,Judge of the Circuit Court,"14th District, Position 4",,Write-ins,2
Josephine,Precinct 41,Judge of the Circuit Court,"14th District, Position 4",,Write-ins,0
Josephine,Precinct 42,Judge of the Circuit Court,"14th District, Position 4",,Write-ins,3
Josephine,Precinct 43,Judge of the Circuit Court,"14th District, Position 4",,Write-ins,5
Josephine,Precinct 44,Judge of the Circuit Court,"14th District, Position 4",,Write-ins,0
Josephine,Precinct 45,Judge of the Circuit Court,"14th District, Position 4",,Write-ins,1
Josephine,Precinct 46,Judge of the Circuit Court,"14th District, Position 4",,Write-ins,1
Josephine,Precinct 47,Judge of the Circuit Court,"14th District, Position 4",,Write-ins,0
Josephine,Precinct 5,Judge of the Circuit Court,"14th District, Position 4",,Write-ins,6
Josephine,Precinct 6,Judge of the Circuit Court,"14th District, Position 4",,Write-ins,1
Josephine,Precinct 7,Judge of the Circuit Court,"14th District, Position 4",,Write-ins,5
Josephine,Precinct 8,Judge of the Circuit Court,"14th District, Position 4",,Write-ins,17
Josephine,Precinct 9,Judge of the Circuit Court,"14th District, Position 4",,Write-ins,1
Josephine,Precinct 1,Judge of the Court of Appeals,Position 1,,Over Votes,0
Josephine,Precinct 10,Judge of the Court of Appeals,Position 1,,Over Votes,0
Josephine,Precinct 11,Judge of the Court of Appeals,Position 1,,Over Votes,0
Josephine,Precinct 12,Judge of the Court of Appeals,Position 1,,Over Votes,0
Josephine,Precinct 13,Judge of the Court of Appeals,Position 1,,Over Votes,0
Josephine,Precinct 14,Judge of the Court of Appeals,Position 1,,Over Votes,0
Josephine,Precinct 15,Judge of the Court of Appeals,Position 1,,Over Votes,0
Josephine,Precinct 16,Judge of the Court of Appeals,Position 1,,Over Votes,0
Josephine,Precinct 17,Judge of the Court of Appeals,Position 1,,Over Votes,0
Josephine,Precinct 18,Judge of the Court of Appeals,Position 1,,Over Votes,0
Josephine,Precinct 19,Judge of the Court of Appeals,Position 1,,Over Votes,0
Josephine,Precinct 2,Judge of the Court of Appeals,Position 1,,Over Votes,0
Josephine,Precinct 20,Judge of the Court of Appeals,Position 1,,Over Votes,0
Josephine,Precinct 21,Judge of the Court of Appeals,Position 1,,Over Votes,0
Josephine,Precinct 22,Judge of the Court of Appeals,Position 1,,Over Votes,0
Josephine,Precinct 23,Judge of the Court of Appeals,Position 1,,Over Votes,0
Josephine,Precinct 24,Judge of the Court of Appeals,Position 1,,Over Votes,0
Josephine,Precinct 25,Judge of the Court of Appeals,Position 1,,Over Votes,0
Josephine,Precinct 26,Judge of the Court of Appeals,Position 1,,Over Votes,0
Josephine,Precinct 27,Judge of the Court of Appeals,Position 1,,Over Votes,0
Josephine,Precinct 28,Judge of the Court of Appeals,Position 1,,Over Votes,0
Josephine,Precinct 29,Judge of the Court of Appeals,Position 1,,Over Votes,0
Josephine,Precinct 3,Judge of the Court of Appeals,Position 1,,Over Votes,0
Josephine,Precinct 30,Judge of the Court of Appeals,Position 1,,Over Votes,0
Josephine,Precinct 31,Judge of the Court of Appeals,Position 1,,Over Votes,0
Josephine,Precinct 32,Judge of the Court of Appeals,Position 1,,Over Votes,0
Josephine,Precinct 33,Judge of the Court of Appeals,Position 1,,Over Votes,0
Josephine,Precinct 34,Judge of the Court of Appeals,Position 1,,Over Votes,0
Josephine,Precinct 35,Judge of the Court of Appeals,Position 1,,Over Votes,0
Josephine,Precinct 36,Judge of the Court of Appeals,Position 1,,Over Votes,0
Josephine,Precinct 37,Judge of the Court of Appeals,Position 1,,Over Votes,0
Josephine,Precinct 38,Judge of the Court of Appeals,Position 1,,Over Votes,0
Josephine,Precinct 39,Judge of the Court of Appeals,Position 1,,Over Votes,0
Josephine,Precinct 4,Judge of the Court of Appeals,Position 1,,Over Votes,0
Josephine,Precinct 40,Judge of the Court of Appeals,Position 1,,Over Votes,0
Josephine,Precinct 41,Judge of the Court of Appeals,Position 1,,Over Votes,0
Josephine,Precinct 42,Judge of the Court of Appeals,Position 1,,Over Votes,0
Josephine,Precinct 43,Judge of the Court of Appeals,Position 1,,Over Votes,0
Josephine,Precinct 44,Judge of the Court of Appeals,Position 1,,Over Votes,0
Josephine,Precinct 45,Judge of the Court of Appeals,Position 1,,Over Votes,0
Josephine,Precinct 46,Judge of the Court of Appeals,Position 1,,Over Votes,0
Josephine,Precinct 47,Judge of the Court of Appeals,Position 1,,Over Votes,0
Josephine,Precinct 5,Judge of the Court of Appeals,Position 1,,Over Votes,0
Josephine,Precinct 6,Judge of the Court of Appeals,Position 1,,Over Votes,0
Josephine,Precinct 7,Judge of the Court of Appeals,Position 1,,Over Votes,0
Josephine,Precinct 8,Judge of the Court of Appeals,Position 1,,Over Votes,0
Josephine,Precinct 9,Judge of the Court of Appeals,Position 1,,Over Votes,0
Josephine,Precinct 1,Judge of the Court of Appeals,Position 1,,Ryan T. O'Connor,939
Josephine,Precinct 10,Judge of the Court of Appeals,Position 1,,Ryan T. O'Connor,77
Josephine,Precinct 11,Judge of the Court of Appeals,Position 1,,Ryan T. O'Connor,68
Josephine,Precinct 12,Judge of the Court of Appeals,Position 1,,Ryan T. O'Connor,89
Josephine,Precinct 13,Judge of the Court of Appeals,Position 1,,Ryan T. O'Connor,74
Josephine,Precinct 14,Judge of the Court of Appeals,Position 1,,Ryan T. O'Connor,16
Josephine,Precinct 15,Judge of the Court of Appeals,Position 1,,Ryan T. O'Connor,340
Josephine,Precinct 16,Judge of the Court of Appeals,Position 1,,Ryan T. O'Connor,79
Josephine,Precinct 17,Judge of the Court of Appeals,Position 1,,Ryan T. O'Connor,395
Josephine,Precinct 18,Judge of the Court of Appeals,Position 1,,Ryan T. O'Connor,410
Josephine,Precinct 19,Judge of the Court of Appeals,Position 1,,Ryan T. O'Connor,430
Josephine,Precinct 2,Judge of the Court of Appeals,Position 1,,Ryan T. O'Connor,1234
Josephine,Precinct 20,Judge of the Court of Appeals,Position 1,,Ryan T. O'Connor,56
Josephine,Precinct 21,Judge of the Court of Appeals,Position 1,,Ryan T. O'Connor,692
Josephine,Precinct 22,Judge of the Court of Appeals,Position 1,,Ryan T. O'Connor,333
Josephine,Precinct 23,Judge of the Court of Appeals,Position 1,,Ryan T. O'Connor,69
Josephine,Precinct 24,Judge of the Court of Appeals,Position 1,,Ryan T. O'Connor,159
Josephine,Precinct 25,Judge of the Court of Appeals,Position 1,,Ryan T. O'Connor,253
Josephine,Precinct 26,Judge of the Court of Appeals,Position 1,,Ryan T. O'Connor,176
Josephine,Precinct 27,Judge of the Court of Appeals,Position 1,,Ryan T. O'Connor,104
Josephine,Precinct 28,Judge of the Court of Appeals,Position 1,,Ryan T. O'Connor,101
Josephine,Precinct 29,Judge of the Court of Appeals,Position 1,,Ryan T. O'Connor,20
Josephine,Precinct 3,Judge of the Court of Appeals,Position 1,,Ryan T. O'Connor,380
Josephine,Precinct 30,Judge of the Court of Appeals,Position 1,,Ryan T. O'Connor,278
Josephine,Precinct 31,Judge of the Court of Appeals,Position 1,,Ryan T. O'Connor,596
Josephine,Precinct 32,Judge of the Court of Appeals,Position 1,,Ryan T. O'Connor,44
Josephine,Precinct 33,Judge of the Court of Appeals,Position 1,,Ryan T. O'Connor,148
Josephine,Precinct 34,Judge of the Court of Appeals,Position 1,,Ryan T. O'Connor,83
Josephine,Precinct 35,Judge of the Court of Appeals,Position 1,,Ryan T. O'Connor,177
Josephine,Precinct 36,Judge of the Court of Appeals,Position 1,,Ryan T. O'Connor,496
Josephine,Precinct 37,Judge of the Court of Appeals,Position 1,,Ryan T. O'Connor,271
Josephine,Precinct 38,Judge of the Court of Appeals,Position 1,,Ryan T. O'Connor,624
Josephine,Precinct 39,Judge of the Court of Appeals,Position 1,,Ryan T. O'Connor,363
Josephine,Precinct 4,Judge of the Court of Appeals,Position 1,,Ryan T. O'Connor,279
Josephine,Precinct 40,Judge of the Court of Appeals,Position 1,,Ryan T. O'Connor,156
Josephine,Precinct 41,Judge of the Court of Appeals,Position 1,,Ryan T. O'Connor,19
Josephine,Precinct 42,Judge of the Court of Appeals,Position 1,,Ryan T. O'Connor,444
Josephine,Precinct 43,Judge of the Court of Appeals,Position 1,,Ryan T. O'Connor,313
Josephine,Precinct 44,Judge of the Court of Appeals,Position 1,,Ryan T. O'Connor,34
Josephine,Precinct 45,Judge of the Court of Appeals,Position 1,,Ryan T. O'Connor,16
Josephine,Precinct 46,Judge of the Court of Appeals,Position 1,,Ryan T. O'Connor,59
Josephine,Precinct 47,Judge of the Court of Appeals,Position 1,,Ryan T. O'Connor,43
Josephine,Precinct 5,Judge of the Court of Appeals,Position 1,,Ryan T. O'Connor,331
Josephine,Precinct 6,Judge of the Court of Appeals,Position 1,,Ryan T. O'Connor,265
Josephine,Precinct 7,Judge of the Court of Appeals,Position 1,,Ryan T. O'Connor,460
Josephine,Precinct 8,Judge of the Court of Appeals,Position 1,,Ryan T. O'Connor,792
Josephine,Precinct 9,Judge of the Court of Appeals,Position 1,,Ryan T. O'Connor,31
Josephine,Precinct 1,Judge of the Court of Appeals,Position 1,,Under Votes,1124
Josephine,Precinct 10,Judge of the Court of Appeals,Position 1,,Under Votes,68
Josephine,Precinct 11,Judge of the Court of Appeals,Position 1,,Under Votes,79
Josephine,Precinct 12,Judge of the Court of Appeals,Position 1,,Under Votes,73
Josephine,Precinct 13,Judge of the Court of Appeals,Position 1,,Under Votes,55
Josephine,Precinct 14,Judge of the Court of Appeals,Position 1,,Under Votes,33
Josephine,Precinct 15,Judge of the Court of Appeals,Position 1,,Under Votes,444
Josephine,Precinct 16,Judge of the Court of Appeals,Position 1,,Under Votes,92
Josephine,Precinct 17,Judge of the Court of Appeals,Position 1,,Under Votes,436
Josephine,Precinct 18,Judge of the Court of Appeals,Position 1,,Under Votes,486
Josephine,Precinct 19,Judge of the Court of Appeals,Position 1,,Under Votes,558
Josephine,Precinct 2,Judge of the Court of Appeals,Position 1,,Under Votes,1338
Josephine,Precinct 20,Judge of the Court of Appeals,Position 1,,Under Votes,60
Josephine,Precinct 21,Judge of the Court of Appeals,Position 1,,Under Votes,825
Josephine,Precinct 22,Judge of the Court of Appeals,Position 1,,Under Votes,356
Josephine,Precinct 23,Judge of the Court of Appeals,Position 1,,Under Votes,111
Josephine,Precinct 24,Judge of the Court of Appeals,Position 1,,Under Votes,200
Josephine,Precinct 25,Judge of the Court of Appeals,Position 1,,Under Votes,333
Josephine,Precinct 26,Judge of the Court of Appeals,Position 1,,Under Votes,196
Josephine,Precinct 27,Judge of the Court of Appeals,Position 1,,Under Votes,145
Josephine,Precinct 28,Judge of the Court of Appeals,Position 1,,Under Votes,148
Josephine,Precinct 29,Judge of the Court of Appeals,Position 1,,Under Votes,19
Josephine,Precinct 3,Judge of the Court of Appeals,Position 1,,Under Votes,453
Josephine,Precinct 30,Judge of the Court of Appeals,Position 1,,Under Votes,274
Josephine,Precinct 31,Judge of the Court of Appeals,Position 1,,Under Votes,862
Josephine,Precinct 32,Judge of the Court of Appeals,Position 1,,Under Votes,80
Josephine,Precinct 33,Judge of the Court of Appeals,Position 1,,Under Votes,221
Josephine,Precinct 34,Judge of the Court of Appeals,Position 1,,Under Votes,107
Josephine,Precinct 35,Judge of the Court of Appeals,Position 1,,Under Votes,266
Josephine,Precinct 36,Judge of the Court of Appeals,Position 1,,Under Votes,653
Josephine,Precinct 37,Judge of the Court of Appeals,Position 1,,Under Votes,335
Josephine,Precinct 38,Judge of the Court of Appeals,Position 1,,Under Votes,805
Josephine,Precinct 39,Judge of the Court of Appeals,Position 1,,Under Votes,444
Josephine,Precinct 4,Judge of the Court of Appeals,Position 1,,Under Votes,271
Josephine,Precinct 40,Judge of the Court of Appeals,Position 1,,Under Votes,247
Josephine,Precinct 41,Judge of the Court of Appeals,Position 1,,Under Votes,37
Josephine,Precinct 42,Judge of the Court of Appeals,Position 1,,Under Votes,581
Josephine,Precinct 43,Judge of the Court of Appeals,Position 1,,Under Votes,365
Josephine,Precinct 44,Judge of the Court of Appeals,Position 1,,Under Votes,62
Josephine,Precinct 45,Judge of the Court of Appeals,Position 1,,Under Votes,57
Josephine,Precinct 46,Judge of the Court of Appeals,Position 1,,Under Votes,88
Josephine,Precinct 47,Judge of the Court of Appeals,Position 1,,Under Votes,48
Josephine,Precinct 5,Judge of the Court of Appeals,Position 1,,Under Votes,393
Josephine,Precinct 6,Judge of the Court of Appeals,Position 1,,Under Votes,286
Josephine,Precinct 7,Judge of the Court of Appeals,Position 1,,Under Votes,481
Josephine,Precinct 8,Judge of the Court of Appeals,Position 1,,Under Votes,865
Josephine,Precinct 9,Judge of the Court of Appeals,Position 1,,Under Votes,48
Josephine,Precinct 1,Judge of the Court of Appeals,Position 1,,Write-ins,12
Josephine,Precinct 10,Judge of the Court of Appeals,Position 1,,Write-ins,4
Josephine,Precinct 11,Judge of the Court of Appeals,Position 1,,Write-ins,0
Josephine,Precinct 12,Judge of the Court of Appeals,Position 1,,Write-ins,0
Josephine,Precinct 13,Judge of the Court of Appeals,Position 1,,Write-ins,3
Josephine,Precinct 14,Judge of the Court of Appeals,Position 1,,Write-ins,1
Josephine,Precinct 15,Judge of the Court of Appeals,Position 1,,Write-ins,2
Josephine,Precinct 16,Judge of the Court of Appeals,Position 1,,Write-ins,0
Josephine,Precinct 17,Judge of the Court of Appeals,Position 1,,Write-ins,9
Josephine,Precinct 18,Judge of the Court of Appeals,Position 1,,Write-ins,6
Josephine,Precinct 19,Judge of the Court of Appeals,Position 1,,Write-ins,7
Josephine,Precinct 2,Judge of the Court of Appeals,Position 1,,Write-ins,19
Josephine,Precinct 20,Judge of the Court of Appeals,Position 1,,Write-ins,2
Josephine,Precinct 21,Judge of the Court of Appeals,Position 1,,Write-ins,25
Josephine,Precinct 22,Judge of the Court of Appeals,Position 1,,Write-ins,7
Josephine,Precinct 23,Judge of the Court of Appeals,Position 1,,Write-ins,4
Josephine,Precinct 24,Judge of the Court of Appeals,Position 1,,Write-ins,1
Josephine,Precinct 25,Judge of the Court of Appeals,Position 1,,Write-ins,0
Josephine,Precinct 26,Judge of the Court of Appeals,Position 1,,Write-ins,4
Josephine,Precinct 27,Judge of the Court of Appeals,Position 1,,Write-ins,0
Josephine,Precinct 28,Judge of the Court of Appeals,Position 1,,Write-ins,3
Josephine,Precinct 29,Judge of the Court of Appeals,Position 1,,Write-ins,1
Josephine,Precinct 3,Judge of the Court of Appeals,Position 1,,Write-ins,3
Josephine,Precinct 30,Judge of the Court of Appeals,Position 1,,Write-ins,8
Josephine,Precinct 31,Judge of the Court of Appeals,Position 1,,Write-ins,26
Josephine,Precinct 32,Judge of the Court of Appeals,Position 1,,Write-ins,0
Josephine,Precinct 33,Judge of the Court of Appeals,Position 1,,Write-ins,2
Josephine,Precinct 34,Judge of the Court of Appeals,Position 1,,Write-ins,3
Josephine,Precinct 35,Judge of the Court of Appeals,Position 1,,Write-ins,3
Josephine,Precinct 36,Judge of the Court of Appeals,Position 1,,Write-ins,6
Josephine,Precinct 37,Judge of the Court of Appeals,Position 1,,Write-ins,6
Josephine,Precinct 38,Judge of the Court of Appeals,Position 1,,Write-ins,18
Josephine,Precinct 39,Judge of the Court of Appeals,Position 1,,Write-ins,13
Josephine,Precinct 4,Judge of the Court of Appeals,Position 1,,Write-ins,11
Josephine,Precinct 40,Judge of the Court of Appeals,Position 1,,Write-ins,3
Josephine,Precinct 41,Judge of the Court of Appeals,Position 1,,Write-ins,0
Josephine,Precinct 42,Judge of the Court of Appeals,Position 1,,Write-ins,6
Josephine,Precinct 43,Judge of the Court of Appeals,Position 1,,Write-ins,7
Josephine,Precinct 44,Judge of the Court of Appeals,Position 1,,Write-ins,0
Josephine,Precinct 45,Judge of the Court of Appeals,Position 1,,Write-ins,2
Josephine,Precinct 46,Judge of the Court of Appeals,Position 1,,Write-ins,1
Josephine,Precinct 47,Judge of the Court of Appeals,Position 1,,Write-ins,0
Josephine,Precinct 5,Judge of the Court of Appeals,Position 1,,Write-ins,8
Josephine,Precinct 6,Judge of the Court of Appeals,Position 1,,Write-ins,3
Josephine,Precinct 7,Judge of the Court of Appeals,Position 1,,Write-ins,10
Josephine,Precinct 8,Judge of the Court of Appeals,Position 1,,Write-ins,9
Josephine,Precinct 9,Judge of the Court of Appeals,Position 1,,Write-ins,0
Josephine,Precinct 1,Judge of the Court of Appeals,Position 12,,Erin C. Lagesen,937
Josephine,Precinct 10,Judge of the Court of Appeals,Position 12,,Erin C. Lagesen,77
Josephine,Precinct 11,Judge of the Court of Appeals,Position 12,,Erin C. Lagesen,66
Josephine,Precinct 12,Judge of the Court of Appeals,Position 12,,Erin C. Lagesen,89
Josephine,Precinct 13,Judge of the Court of Appeals,Position 12,,Erin C. Lagesen,74
Josephine,Precinct 14,Judge of the Court of Appeals,Position 12,,Erin C. Lagesen,17
Josephine,Precinct 15,Judge of the Court of Appeals,Position 12,,Erin C. Lagesen,344
Josephine,Precinct 16,Judge of the Court of Appeals,Position 12,,Erin C. Lagesen,81
Josephine,Precinct 17,Judge of the Court of Appeals,Position 12,,Erin C. Lagesen,391
Josephine,Precinct 18,Judge of the Court of Appeals,Position 12,,Erin C. Lagesen,409
Josephine,Precinct 19,Judge of the Court of Appeals,Position 12,,Erin C. Lagesen,430
Josephine,Precinct 2,Judge of the Court of Appeals,Position 12,,Erin C. Lagesen,1227
Josephine,Precinct 20,Judge of the Court of Appeals,Position 12,,Erin C. Lagesen,54
Josephine,Precinct 21,Judge of the Court of Appeals,Position 12,,Erin C. Lagesen,685
Josephine,Precinct 22,Judge of the Court of Appeals,Position 12,,Erin C. Lagesen,333
Josephine,Precinct 23,Judge of the Court of Appeals,Position 12,,Erin C. Lagesen,74
Josephine,Precinct 24,Judge of the Court of Appeals,Position 12,,Erin C. Lagesen,155
Josephine,Precinct 25,Judge of the Court of Appeals,Position 12,,Erin C. Lagesen,250
Josephine,Precinct 26,Judge of the Court of Appeals,Position 12,,Erin C. Lagesen,178
Josephine,Precinct 27,Judge of the Court of Appeals,Position 12,,Erin C. Lagesen,105
Josephine,Precinct 28,Judge of the Court of Appeals,Position 12,,Erin C. Lagesen,101
Josephine,Precinct 29,Judge of the Court of Appeals,Position 12,,Erin C. Lagesen,20
Josephine,Precinct 3,Judge of the Court of Appeals,Position 12,,Erin C. Lagesen,379
Josephine,Precinct 30,Judge of the Court of Appeals,Position 12,,Erin C. Lagesen,279
Josephine,Precinct 31,Judge of the Court of Appeals,Position 12,,Erin C. Lagesen,593
Josephine,Precinct 32,Judge of the Court of Appeals,Position 12,,Erin C. Lagesen,47
Josephine,Precinct 33,Judge of the Court of Appeals,Position 12,,Erin C. Lagesen,148
Josephine,Precinct 34,Judge of the Court of Appeals,Position 12,,Erin C. Lagesen,82
Josephine,Precinct 35,Judge of the Court of Appeals,Position 12,,Erin C. Lagesen,178
Josephine,Precinct 36,Judge of the Court of Appeals,Position 12,,Erin C. Lagesen,499
Josephine,Precinct 37,Judge of the Court of Appeals,Position 12,,Erin C. Lagesen,270
Josephine,Precinct 38,Judge of the Court of Appeals,Position 12,,Erin C. Lagesen,618
Josephine,Precinct 39,Judge of the Court of Appeals,Position 12,,Erin C. Lagesen,358
Josephine,Precinct 4,Judge of the Court of Appeals,Position 12,,Erin C. Lagesen,273
Josephine,Precinct 40,Judge of the Court of Appeals,Position 12,,Erin C. Lagesen,159
Josephine,Precinct 41,Judge of the Court of Appeals,Position 12,,Erin C. Lagesen,17
Josephine,Precinct 42,Judge of the Court of Appeals,Position 12,,Erin C. Lagesen,440
Josephine,Precinct 43,Judge of the Court of Appeals,Position 12,,Erin C. Lagesen,305
Josephine,Precinct 44,Judge of the Court of Appeals,Position 12,,Erin C. Lagesen,36
Josephine,Precinct 45,Judge of the Court of Appeals,Position 12,,Erin C. Lagesen,17
Josephine,Precinct 46,Judge of the Court of Appeals,Position 12,,Erin C. Lagesen,58
Josephine,Precinct 47,Judge of the Court of Appeals,Position 12,,Erin C. Lagesen,43
Josephine,Precinct 5,Judge of the Court of Appeals,Position 12,,Erin C. Lagesen,325
Josephine,Precinct 6,Judge of the Court of Appeals,Position 12,,Erin C. Lagesen,266
Josephine,Precinct 7,Judge of the Court of Appeals,Position 12,,Erin C. Lagesen,453
Josephine,Precinct 8,Judge of the Court of Appeals,Position 12,,Erin C. Lagesen,788
Josephine,Precinct 9,Judge of the Court of Appeals,Position 12,,Erin C. Lagesen,31
Josephine,Precinct 1,Judge of the Court of Appeals,Position 12,,Over Votes,0
Josephine,Precinct 10,Judge of the Court of Appeals,Position 12,,Over Votes,0
Josephine,Precinct 11,Judge of the Court of Appeals,Position 12,,Over Votes,0
Josephine,Precinct 12,Judge of the Court of Appeals,Position 12,,Over Votes,0
Josephine,Precinct 13,Judge of the Court of Appeals,Position 12,,Over Votes,0
Josephine,Precinct 14,Judge of the Court of Appeals,Position 12,,Over Votes,0
Josephine,Precinct 15,Judge of the Court of Appeals,Position 12,,Over Votes,0
Josephine,Precinct 16,Judge of the Court of Appeals,Position 12,,Over Votes,0
Josephine,Precinct 17,Judge of the Court of Appeals,Position 12,,Over Votes,0
Josephine,Precinct 18,Judge of the Court of Appeals,Position 12,,Over Votes,0
Josephine,Precinct 19,Judge of the Court of Appeals,Position 12,,Over Votes,0
Josephine,Precinct 2,Judge of the Court of Appeals,Position 12,,Over Votes,0
Josephine,Precinct 20,Judge of the Court of Appeals,Position 12,,Over Votes,0
Josephine,Precinct 21,Judge of the Court of Appeals,Position 12,,Over Votes,0
Josephine,Precinct 22,Judge of the Court of Appeals,Position 12,,Over Votes,0
Josephine,Precinct 23,Judge of the Court of Appeals,Position 12,,Over Votes,0
Josephine,Precinct 24,Judge of the Court of Appeals,Position 12,,Over Votes,0
Josephine,Precinct 25,Judge of the Court of Appeals,Position 12,,Over Votes,0
Josephine,Precinct 26,Judge of the Court of Appeals,Position 12,,Over Votes,0
Josephine,Precinct 27,Judge of the Court of Appeals,Position 12,,Over Votes,0
Josephine,Precinct 28,Judge of the Court of Appeals,Position 12,,Over Votes,0
Josephine,Precinct 29,Judge of the Court of Appeals,Position 12,,Over Votes,0
Josephine,Precinct 3,Judge of the Court of Appeals,Position 12,,Over Votes,0
Josephine,Precinct 30,Judge of the Court of Appeals,Position 12,,Over Votes,0
Josephine,Precinct 31,Judge of the Court of Appeals,Position 12,,Over Votes,0
Josephine,Precinct 32,Judge of the Court of Appeals,Position 12,,Over Votes,0
Josephine,Precinct 33,Judge of the Court of Appeals,Position 12,,Over Votes,0
Josephine,Precinct 34,Judge of the Court of Appeals,Position 12,,Over Votes,0
Josephine,Precinct 35,Judge of the Court of Appeals,Position 12,,Over Votes,0
Josephine,Precinct 36,Judge of the Court of Appeals,Position 12,,Over Votes,0
Josephine,Precinct 37,Judge of the Court of Appeals,Position 12,,Over Votes,0
Josephine,Precinct 38,Judge of the Court of Appeals,Position 12,,Over Votes,0
Josephine,Precinct 39,Judge of the Court of Appeals,Position 12,,Over Votes,0
Josephine,Precinct 4,Judge of the Court of Appeals,Position 12,,Over Votes,0
Josephine,Precinct 40,Judge of the Court of Appeals,Position 12,,Over Votes,0
Josephine,Precinct 41,Judge of the Court of Appeals,Position 12,,Over Votes,0
Josephine,Precinct 42,Judge of the Court of Appeals,Position 12,,Over Votes,0
Josephine,Precinct 43,Judge of the Court of Appeals,Position 12,,Over Votes,0
Josephine,Precinct 44,Judge of the Court of Appeals,Position 12,,Over Votes,0
Josephine,Precinct 45,Judge of the Court of Appeals,Position 12,,Over Votes,0
Josephine,Precinct 46,Judge of the Court of Appeals,Position 12,,Over Votes,0
Josephine,Precinct 47,Judge of the Court of Appeals,Position 12,,Over Votes,0
Josephine,Precinct 5,Judge of the Court of Appeals,Position 12,,Over Votes,0
Josephine,Precinct 6,Judge of the Court of Appeals,Position 12,,Over Votes,0
Josephine,Precinct 7,Judge of the Court of Appeals,Position 12,,Over Votes,0
Josephine,Precinct 8,Judge of the Court of Appeals,Position 12,,Over Votes,0
Josephine,Precinct 9,Judge of the Court of Appeals,Position 12,,Over Votes,0
Josephine,Precinct 1,Judge of the Court of Appeals,Position 12,,Under Votes,1127
Josephine,Precinct 10,Judge of the Court of Appeals,Position 12,,Under Votes,68
Josephine,Precinct 11,Judge of the Court of Appeals,Position 12,,Under Votes,81
Josephine,Precinct 12,Judge of the Court of Appeals,Position 12,,Under Votes,73
Josephine,Precinct 13,Judge of the Court of Appeals,Position 12,,Under Votes,55
Josephine,Precinct 14,Judge of the Court of Appeals,Position 12,,Under Votes,32
Josephine,Precinct 15,Judge of the Court of Appeals,Position 12,,Under Votes,440
Josephine,Precinct 16,Judge of the Court of Appeals,Position 12,,Under Votes,90
Josephine,Precinct 17,Judge of the Court of Appeals,Position 12,,Under Votes,440
Josephine,Precinct 18,Judge of the Court of Appeals,Position 12,,Under Votes,487
Josephine,Precinct 19,Judge of the Court of Appeals,Position 12,,Under Votes,558
Josephine,Precinct 2,Judge of the Court of Appeals,Position 12,,Under Votes,1346
Josephine,Precinct 20,Judge of the Court of Appeals,Position 12,,Under Votes,62
Josephine,Precinct 21,Judge of the Court of Appeals,Position 12,,Under Votes,833
Josephine,Precinct 22,Judge of the Court of Appeals,Position 12,,Under Votes,356
Josephine,Precinct 23,Judge of the Court of Appeals,Position 12,,Under Votes,106
Josephine,Precinct 24,Judge of the Court of Appeals,Position 12,,Under Votes,204
Josephine,Precinct 25,Judge of the Court of Appeals,Position 12,,Under Votes,335
Josephine,Precinct 26,Judge of the Court of Appeals,Position 12,,Under Votes,194
Josephine,Precinct 27,Judge of the Court of Appeals,Position 12,,Under Votes,143
Josephine,Precinct 28,Judge of the Court of Appeals,Position 12,,Under Votes,148
Josephine,Precinct 29,Judge of the Court of Appeals,Position 12,,Under Votes,19
Josephine,Precinct 3,Judge of the Court of Appeals,Position 12,,Under Votes,453
Josephine,Precinct 30,Judge of the Court of Appeals,Position 12,,Under Votes,277
Josephine,Precinct 31,Judge of the Court of Appeals,Position 12,,Under Votes,866
Josephine,Precinct 32,Judge of the Court of Appeals,Position 12,,Under Votes,77
Josephine,Precinct 33,Judge of the Court of Appeals,Position 12,,Under Votes,221
Josephine,Precinct 34,Judge of the Court of Appeals,Position 12,,Under Votes,108
Josephine,Precinct 35,Judge of the Court of Appeals,Position 12,,Under Votes,266
Josephine,Precinct 36,Judge of the Court of Appeals,Position 12,,Under Votes,651
Josephine,Precinct 37,Judge of the Court of Appeals,Position 12,,Under Votes,336
Josephine,Precinct 38,Judge of the Court of Appeals,Position 12,,Under Votes,812
Josephine,Precinct 39,Judge of the Court of Appeals,Position 12,,Under Votes,450
Josephine,Precinct 4,Judge of the Court of Appeals,Position 12,,Under Votes,277
Josephine,Precinct 40,Judge of the Court of Appeals,Position 12,,Under Votes,244
Josephine,Precinct 41,Judge of the Court of Appeals,Position 12,,Under Votes,39
Josephine,Precinct 42,Judge of the Court of Appeals,Position 12,,Under Votes,585
Josephine,Precinct 43,Judge of the Court of Appeals,Position 12,,Under Votes,374
Josephine,Precinct 44,Judge of the Court of Appeals,Position 12,,Under Votes,60
Josephine,Precinct 45,Judge of the Court of Appeals,Position 12,,Under Votes,57
Josephine,Precinct 46,Judge of the Court of Appeals,Position 12,,Under Votes,89
Josephine,Precinct 47,Judge of the Court of Appeals,Position 12,,Under Votes,48
Josephine,Precinct 5,Judge of the Court of Appeals,Position 12,,Under Votes,399
Josephine,Precinct 6,Judge of the Court of Appeals,Position 12,,Under Votes,285
Josephine,Precinct 7,Judge of the Court of Appeals,Position 12,,Under Votes,491
Josephine,Precinct 8,Judge of the Court of Appeals,Position 12,,Under Votes,869
Josephine,Precinct 9,Judge of the Court of Appeals,Position 12,,Under Votes,48
Josephine,Precinct 1,Judge of the Court of Appeals,Position 12,,Write-ins,11
Josephine,Precinct 10,Judge of the Court of Appeals,Position 12,,Write-ins,4
Josephine,Precinct 11,Judge of the Court of Appeals,Position 12,,Write-ins,0
Josephine,Precinct 12,Judge of the Court of Appeals,Position 12,,Write-ins,0
Josephine,Precinct 13,Judge of the Court of Appeals,Position 12,,Write-ins,3
Josephine,Precinct 14,Judge of the Court of Appeals,Position 12,,Write-ins,1
Josephine,Precinct 15,Judge of the Court of Appeals,Position 12,,Write-ins,2
Josephine,Precinct 16,Judge of the Court of Appeals,Position 12,,Write-ins,0
Josephine,Precinct 17,Judge of the Court of Appeals,Position 12,,Write-ins,9
Josephine,Precinct 18,Judge of the Court of Appeals,Position 12,,Write-ins,6
Josephine,Precinct 19,Judge of the Court of Appeals,Position 12,,Write-ins,7
Josephine,Precinct 2,Judge of the Court of Appeals,Position 12,,Write-ins,18
Josephine,Precinct 20,Judge of the Court of Appeals,Position 12,,Write-ins,2
Josephine,Precinct 21,Judge of the Court of Appeals,Position 12,,Write-ins,24
Josephine,Precinct 22,Judge of the Court of Appeals,Position 12,,Write-ins,7
Josephine,Precinct 23,Judge of the Court of Appeals,Position 12,,Write-ins,4
Josephine,Precinct 24,Judge of the Court of Appeals,Position 12,,Write-ins,1
Josephine,Precinct 25,Judge of the Court of Appeals,Position 12,,Write-ins,1
Josephine,Precinct 26,Judge of the Court of Appeals,Position 12,,Write-ins,4
Josephine,Precinct 27,Judge of the Court of Appeals,Position 12,,Write-ins,1
Josephine,Precinct 28,Judge of the Court of Appeals,Position 12,,Write-ins,3
Josephine,Precinct 29,Judge of the Court of Appeals,Position 12,,Write-ins,1
Josephine,Precinct 3,Judge of the Court of Appeals,Position 12,,Write-ins,4
Josephine,Precinct 30,Judge of the Court of Appeals,Position 12,,Write-ins,4
Josephine,Precinct 31,Judge of the Court of Appeals,Position 12,,Write-ins,25
Josephine,Precinct 32,Judge of the Court of Appeals,Position 12,,Write-ins,0
Josephine,Precinct 33,Judge of the Court of Appeals,Position 12,,Write-ins,2
Josephine,Precinct 34,Judge of the Court of Appeals,Position 12,,Write-ins,3
Josephine,Precinct 35,Judge of the Court of Appeals,Position 12,,Write-ins,2
Josephine,Precinct 36,Judge of the Court of Appeals,Position 12,,Write-ins,5
Josephine,Precinct 37,Judge of the Court of Appeals,Position 12,,Write-ins,6
Josephine,Precinct 38,Judge of the Court of Appeals,Position 12,,Write-ins,17
Josephine,Precinct 39,Judge of the Court of Appeals,Position 12,,Write-ins,12
Josephine,Precinct 4,Judge of the Court of Appeals,Position 12,,Write-ins,11
Josephine,Precinct 40,Judge of the Court of Appeals,Position 12,,Write-ins,3
Josephine,Precinct 41,Judge of the Court of Appeals,Position 12,,Write-ins,0
Josephine,Precinct 42,Judge of the Court of Appeals,Position 12,,Write-ins,6
Josephine,Precinct 43,Judge of the Court of Appeals,Position 12,,Write-ins,6
Josephine,Precinct 44,Judge of the Court of Appeals,Position 12,,Write-ins,0
Josephine,Precinct 45,Judge of the Court of Appeals,Position 12,,Write-ins,1
Josephine,Precinct 46,Judge of the Court of Appeals,Position 12,,Write-ins,1
Josephine,Precinct 47,Judge of the Court of Appeals,Position 12,,Write-ins,0
Josephine,Precinct 5,Judge of the Court of Appeals,Position 12,,Write-ins,8
Josephine,Precinct 6,Judge of the Court of Appeals,Position 12,,Write-ins,3
Josephine,Precinct 7,Judge of the Court of Appeals,Position 12,,Write-ins,7
Josephine,Precinct 8,Judge of the Court of Appeals,Position 12,,Write-ins,9
Josephine,Precinct 9,Judge of the Court of Appeals,Position 12,,Write-ins,0
Josephine,Precinct 1,Judge of the Court of Appeals,Position 13,,Doug Tookey,933
Josephine,Precinct 10,Judge of the Court of Appeals,Position 13,,Doug Tookey,76
Josephine,Precinct 11,Judge of the Court of Appeals,Position 13,,Doug Tookey,65
Josephine,Precinct 12,Judge of the Court of Appeals,Position 13,,Doug Tookey,87
Josephine,Precinct 13,Judge of the Court of Appeals,Position 13,,Doug Tookey,71
Josephine,Precinct 14,Judge of the Court of Appeals,Position 13,,Doug Tookey,18
Josephine,Precinct 15,Judge of the Court of Appeals,Position 13,,Doug Tookey,340
Josephine,Precinct 16,Judge of the Court of Appeals,Position 13,,Doug Tookey,76
Josephine,Precinct 17,Judge of the Court of Appeals,Position 13,,Doug Tookey,391
Josephine,Precinct 18,Judge of the Court of Appeals,Position 13,,Doug Tookey,402
Josephine,Precinct 19,Judge of the Court of Appeals,Position 13,,Doug Tookey,428
Josephine,Precinct 2,Judge of the Court of Appeals,Position 13,,Doug Tookey,1217
Josephine,Precinct 20,Judge of the Court of Appeals,Position 13,,Doug Tookey,54
Josephine,Precinct 21,Judge of the Court of Appeals,Position 13,,Doug Tookey,674
Josephine,Precinct 22,Judge of the Court of Appeals,Position 13,,Doug Tookey,325
Josephine,Precinct 23,Judge of the Court of Appeals,Position 13,,Doug Tookey,77
Josephine,Precinct 24,Judge of the Court of Appeals,Position 13,,Doug Tookey,158
Josephine,Precinct 25,Judge of the Court of Appeals,Position 13,,Doug Tookey,247
Josephine,Precinct 26,Judge of the Court of Appeals,Position 13,,Doug Tookey,177
Josephine,Precinct 27,Judge of the Court of Appeals,Position 13,,Doug Tookey,104
Josephine,Precinct 28,Judge of the Court of Appeals,Position 13,,Doug Tookey,99
Josephine,Precinct 29,Judge of the Court of Appeals,Position 13,,Doug Tookey,20
Josephine,Precinct 3,Judge of the Court of Appeals,Position 13,,Doug Tookey,372
Josephine,Precinct 30,Judge of the Court of Appeals,Position 13,,Doug Tookey,276
Josephine,Precinct 31,Judge of the Court of Appeals,Position 13,,Doug Tookey,586
Josephine,Precinct 32,Judge of the Court of Appeals,Position 13,,Doug Tookey,43
Josephine,Precinct 33,Judge of the Court of Appeals,Position 13,,Doug Tookey,143
Josephine,Precinct 34,Judge of the Court of Appeals,Position 13,,Doug Tookey,82
Josephine,Precinct 35,Judge of the Court of Appeals,Position 13,,Doug Tookey,173
Josephine,Precinct 36,Judge of the Court of Appeals,Position 13,,Doug Tookey,496
Josephine,Precinct 37,Judge of the Court of Appeals,Position 13,,Doug Tookey,263
Josephine,Precinct 38,Judge of the Court of Appeals,Position 13,,Doug Tookey,616
Josephine,Precinct 39,Judge of the Court of Appeals,Position 13,,Doug Tookey,354
Josephine,Precinct 4,Judge of the Court of Appeals,Position 13,,Doug Tookey,273
Josephine,Precinct 40,Judge of the Court of Appeals,Position 13,,Doug Tookey,157
Josephine,Precinct 41,Judge of the Court of Appeals,Position 13,,Doug Tookey,17
Josephine,Precinct 42,Judge of the Court of Appeals,Position 13,,Doug Tookey,438
Josephine,Precinct 43,Judge of the Court of Appeals,Position 13,,Doug Tookey,301
Josephine,Precinct 44,Judge of the Court of Appeals,Position 13,,Doug Tookey,36
Josephine,Precinct 45,Judge of the Court of Appeals,Position 13,,Doug Tookey,16
Josephine,Precinct 46,Judge of the Court of Appeals,Position 13,,Doug Tookey,56
Josephine,Precinct 47,Judge of the Court of Appeals,Position 13,,Doug Tookey,45
Josephine,Precinct 5,Judge of the Court of Appeals,Position 13,,Doug Tookey,332
Josephine,Precinct 6,Judge of the Court of Appeals,Position 13,,Doug Tookey,264
Josephine,Precinct 7,Judge of the Court of Appeals,Position 13,,Doug Tookey,451
Josephine,Precinct 8,Judge of the Court of Appeals,Position 13,,Doug Tookey,792
Josephine,Precinct 9,Judge of the Court of Appeals,Position 13,,Doug Tookey,29
Josephine,Precinct 1,Judge of the Court of Appeals,Position 13,,Over Votes,0
Josephine,Precinct 10,Judge of the Court of Appeals,Position 13,,Over Votes,0
Josephine,Precinct 11,Judge of the Court of Appeals,Position 13,,Over Votes,0
Josephine,Precinct 12,Judge of the Court of Appeals,Position 13,,Over Votes,0
Josephine,Precinct 13,Judge of the Court of Appeals,Position 13,,Over Votes,0
Josephine,Precinct 14,Judge of the Court of Appeals,Position 13,,Over Votes,0
Josephine,Precinct 15,Judge of the Court of Appeals,Position 13,,Over Votes,0
Josephine,Precinct 16,Judge of the Court of Appeals,Position 13,,Over Votes,0
Josephine,Precinct 17,Judge of the Court of Appeals,Position 13,,Over Votes,0
Josephine,Precinct 18,Judge of the Court of Appeals,Position 13,,Over Votes,0
Josephine,Precinct 19,Judge of the Court of Appeals,Position 13,,Over Votes,0
Josephine,Precinct 2,Judge of the Court of Appeals,Position 13,,Over Votes,0
Josephine,Precinct 20,Judge of the Court of Appeals,Position 13,,Over Votes,0
Josephine,Precinct 21,Judge of the Court of Appeals,Position 13,,Over Votes,0
Josephine,Precinct 22,Judge of the Court of Appeals,Position 13,,Over Votes,0
Josephine,Precinct 23,Judge of the Court of Appeals,Position 13,,Over Votes,0
Josephine,Precinct 24,Judge of the Court of Appeals,Position 13,,Over Votes,0
Josephine,Precinct 25,Judge of the Court of Appeals,Position 13,,Over Votes,0
Josephine,Precinct 26,Judge of the Court of Appeals,Position 13,,Over Votes,0
Josephine,Precinct 27,Judge of the Court of Appeals,Position 13,,Over Votes,0
Josephine,Precinct 28,Judge of the Court of Appeals,Position 13,,Over Votes,0
Josephine,Precinct 29,Judge of the Court of Appeals,Position 13,,Over Votes,0
Josephine,Precinct 3,Judge of the Court of Appeals,Position 13,,Over Votes,0
Josephine,Precinct 30,Judge of the Court of Appeals,Position 13,,Over Votes,0
Josephine,Precinct 31,Judge of the Court of Appeals,Position 13,,Over Votes,0
Josephine,Precinct 32,Judge of the Court of Appeals,Position 13,,Over Votes,0
Josephine,Precinct 33,Judge of the Court of Appeals,Position 13,,Over Votes,0
Josephine,Precinct 34,Judge of the Court of Appeals,Position 13,,Over Votes,0
Josephine,Precinct 35,Judge of the Court of Appeals,Position 13,,Over Votes,0
Josephine,Precinct 36,Judge of the Court of Appeals,Position 13,,Over Votes,0
Josephine,Precinct 37,Judge of the Court of Appeals,Position 13,,Over Votes,0
Josephine,Precinct 38,Judge of the Court of Appeals,Position 13,,Over Votes,0
Josephine,Precinct 39,Judge of the Court of Appeals,Position 13,,Over Votes,0
Josephine,Precinct 4,Judge of the Court of Appeals,Position 13,,Over Votes,0
Josephine,Precinct 40,Judge of the Court of Appeals,Position 13,,Over Votes,0
Josephine,Precinct 41,Judge of the Court of Appeals,Position 13,,Over Votes,0
Josephine,Precinct 42,Judge of the Court of Appeals,Position 13,,Over Votes,0
Josephine,Precinct 43,Judge of the Court of Appeals,Position 13,,Over Votes,0
Josephine,Precinct 44,Judge of the Court of Appeals,Position 13,,Over Votes,0
Josephine,Precinct 45,Judge of the Court of Appeals,Position 13,,Over Votes,0
Josephine,Precinct 46,Judge of the Court of Appeals,Position 13,,Over Votes,0
Josephine,Precinct 47,Judge of the Court of Appeals,Position 13,,Over Votes,0
Josephine,Precinct 5,Judge of the Court of Appeals,Position 13,,Over Votes,0
Josephine,Precinct 6,Judge of the Court of Appeals,Position 13,,Over Votes,0
Josephine,Precinct 7,Judge of the Court of Appeals,Position 13,,Over Votes,1
Josephine,Precinct 8,Judge of the Court of Appeals,Position 13,,Over Votes,0
Josephine,Precinct 9,Judge of the Court of Appeals,Position 13,,Over Votes,0
Josephine,Precinct 1,Judge of the Court of Appeals,Position 13,,Under Votes,1128
Josephine,Precinct 10,Judge of the Court of Appeals,Position 13,,Under Votes,69
Josephine,Precinct 11,Judge of the Court of Appeals,Position 13,,Under Votes,82
Josephine,Precinct 12,Judge of the Court of Appeals,Position 13,,Under Votes,74
Josephine,Precinct 13,Judge of the Court of Appeals,Position 13,,Under Votes,59
Josephine,Precinct 14,Judge of the Court of Appeals,Position 13,,Under Votes,31
Josephine,Precinct 15,Judge of the Court of Appeals,Position 13,,Under Votes,443
Josephine,Precinct 16,Judge of the Court of Appeals,Position 13,,Under Votes,95
Josephine,Precinct 17,Judge of the Court of Appeals,Position 13,,Under Votes,442
Josephine,Precinct 18,Judge of the Court of Appeals,Position 13,,Under Votes,494
Josephine,Precinct 19,Judge of the Court of Appeals,Position 13,,Under Votes,560
Josephine,Precinct 2,Judge of the Court of Appeals,Position 13,,Under Votes,1355
Josephine,Precinct 20,Judge of the Court of Appeals,Position 13,,Under Votes,63
Josephine,Precinct 21,Judge of the Court of Appeals,Position 13,,Under Votes,844
Josephine,Precinct 22,Judge of the Court of Appeals,Position 13,,Under Votes,364
Josephine,Precinct 23,Judge of the Court of Appeals,Position 13,,Under Votes,103
Josephine,Precinct 24,Judge of the Court of Appeals,Position 13,,Under Votes,201
Josephine,Precinct 25,Judge of the Court of Appeals,Position 13,,Under Votes,339
Josephine,Precinct 26,Judge of the Court of Appeals,Position 13,,Under Votes,195
Josephine,Precinct 27,Judge of the Court of Appeals,Position 13,,Under Votes,145
Josephine,Precinct 28,Judge of the Court of Appeals,Position 13,,Under Votes,150
Josephine,Precinct 29,Judge of the Court of Appeals,Position 13,,Under Votes,19
Josephine,Precinct 3,Judge of the Court of Appeals,Position 13,,Under Votes,460
Josephine,Precinct 30,Judge of the Court of Appeals,Position 13,,Under Votes,279
Josephine,Precinct 31,Judge of the Court of Appeals,Position 13,,Under Votes,874
Josephine,Precinct 32,Judge of the Court of Appeals,Position 13,,Under Votes,81
Josephine,Precinct 33,Judge of the Court of Appeals,Position 13,,Under Votes,226
Josephine,Precinct 34,Judge of the Court of Appeals,Position 13,,Under Votes,108
Josephine,Precinct 35,Judge of the Court of Appeals,Position 13,,Under Votes,270
Josephine,Precinct 36,Judge of the Court of Appeals,Position 13,,Under Votes,651
Josephine,Precinct 37,Judge of the Court of Appeals,Position 13,,Under Votes,343
Josephine,Precinct 38,Judge of the Court of Appeals,Position 13,,Under Votes,814
Josephine,Precinct 39,Judge of the Court of Appeals,Position 13,,Under Votes,455
Josephine,Precinct 4,Judge of the Court of Appeals,Position 13,,Under Votes,277
Josephine,Precinct 40,Judge of the Court of Appeals,Position 13,,Under Votes,247
Josephine,Precinct 41,Judge of the Court of Appeals,Position 13,,Under Votes,39
Josephine,Precinct 42,Judge of the Court of Appeals,Position 13,,Under Votes,588
Josephine,Precinct 43,Judge of the Court of Appeals,Position 13,,Under Votes,377
Josephine,Precinct 44,Judge of the Court of Appeals,Position 13,,Under Votes,60
Josephine,Precinct 45,Judge of the Court of Appeals,Position 13,,Under Votes,57
Josephine,Precinct 46,Judge of the Court of Appeals,Position 13,,Under Votes,91
Josephine,Precinct 47,Judge of the Court of Appeals,Position 13,,Under Votes,46
Josephine,Precinct 5,Judge of the Court of Appeals,Position 13,,Under Votes,392
Josephine,Precinct 6,Judge of the Court of Appeals,Position 13,,Under Votes,287
Josephine,Precinct 7,Judge of the Court of Appeals,Position 13,,Under Votes,491
Josephine,Precinct 8,Judge of the Court of Appeals,Position 13,,Under Votes,865
Josephine,Precinct 9,Judge of the Court of Appeals,Position 13,,Under Votes,50
Josephine,Precinct 1,Judge of the Court of Appeals,Position 13,,Write-ins,14
Josephine,Precinct 10,Judge of the Court of Appeals,Position 13,,Write-ins,4
Josephine,Precinct 11,Judge of the Court of Appeals,Position 13,,Write-ins,0
Josephine,Precinct 12,Judge of the Court of Appeals,Position 13,,Write-ins,1
Josephine,Precinct 13,Judge of the Court of Appeals,Position 13,,Write-ins,2
Josephine,Precinct 14,Judge of the Court of Appeals,Position 13,,Write-ins,1
Josephine,Precinct 15,Judge of the Court of Appeals,Position 13,,Write-ins,3
Josephine,Precinct 16,Judge of the Court of Appeals,Position 13,,Write-ins,0
Josephine,Precinct 17,Judge of the Court of Appeals,Position 13,,Write-ins,7
Josephine,Precinct 18,Judge of the Court of Appeals,Position 13,,Write-ins,6
Josephine,Precinct 19,Judge of the Court of Appeals,Position 13,,Write-ins,7
Josephine,Precinct 2,Judge of the Court of Appeals,Position 13,,Write-ins,19
Josephine,Precinct 20,Judge of the Court of Appeals,Position 13,,Write-ins,1
Josephine,Precinct 21,Judge of the Court of Appeals,Position 13,,Write-ins,24
Josephine,Precinct 22,Judge of the Court of Appeals,Position 13,,Write-ins,7
Josephine,Precinct 23,Judge of the Court of Appeals,Position 13,,Write-ins,4
Josephine,Precinct 24,Judge of the Court of Appeals,Position 13,,Write-ins,1
Josephine,Precinct 25,Judge of the Court of Appeals,Position 13,,Write-ins,0
Josephine,Precinct 26,Judge of the Court of Appeals,Position 13,,Write-ins,4
Josephine,Precinct 27,Judge of the Court of Appeals,Position 13,,Write-ins,0
Josephine,Precinct 28,Judge of the Court of Appeals,Position 13,,Write-ins,3
Josephine,Precinct 29,Judge of the Court of Appeals,Position 13,,Write-ins,1
Josephine,Precinct 3,Judge of the Court of Appeals,Position 13,,Write-ins,4
Josephine,Precinct 30,Judge of the Court of Appeals,Position 13,,Write-ins,5
Josephine,Precinct 31,Judge of the Court of Appeals,Position 13,,Write-ins,24
Josephine,Precinct 32,Judge of the Court of Appeals,Position 13,,Write-ins,0
Josephine,Precinct 33,Judge of the Court of Appeals,Position 13,,Write-ins,2
Josephine,Precinct 34,Judge of the Court of Appeals,Position 13,,Write-ins,3
Josephine,Precinct 35,Judge of the Court of Appeals,Position 13,,Write-ins,3
Josephine,Precinct 36,Judge of the Court of Appeals,Position 13,,Write-ins,8
Josephine,Precinct 37,Judge of the Court of Appeals,Position 13,,Write-ins,6
Josephine,Precinct 38,Judge of the Court of Appeals,Position 13,,Write-ins,17
Josephine,Precinct 39,Judge of the Court of Appeals,Position 13,,Write-ins,11
Josephine,Precinct 4,Judge of the Court of Appeals,Position 13,,Write-ins,11
Josephine,Precinct 40,Judge of the Court of Appeals,Position 13,,Write-ins,2
Josephine,Precinct 41,Judge of the Court of Appeals,Position 13,,Write-ins,0
Josephine,Precinct 42,Judge of the Court of Appeals,Position 13,,Write-ins,5
Josephine,Precinct 43,Judge of the Court of Appeals,Position 13,,Write-ins,7
Josephine,Precinct 44,Judge of the Court of Appeals,Position 13,,Write-ins,0
Josephine,Precinct 45,Judge of the Court of Appeals,Position 13,,Write-ins,2
Josephine,Precinct 46,Judge of the Court of Appeals,Position 13,,Write-ins,1
Josephine,Precinct 47,Judge of the Court of Appeals,Position 13,,Write-ins,0
Josephine,Precinct 5,Judge of the Court of Appeals,Position 13,,Write-ins,8
Josephine,Precinct 6,Judge of the Court of Appeals,Position 13,,Write-ins,3
Josephine,Precinct 7,Judge of the Court of Appeals,Position 13,,Write-ins,8
Josephine,Precinct 8,Judge of the Court of Appeals,Position 13,,Write-ins,9
Josephine,Precinct 9,Judge of the Court of Appeals,Position 13,,Write-ins,0
Josephine,Precinct 1,Judge of the Court of Appeals,Position 9,,Jacqueline Kamins,940
Josephine,Precinct 10,Judge of the Court of Appeals,Position 9,,Jacqueline Kamins,78
Josephine,Precinct 11,Judge of the Court of Appeals,Position 9,,Jacqueline Kamins,68
Josephine,Precinct 12,Judge of the Court of Appeals,Position 9,,Jacqueline Kamins,89
Josephine,Precinct 13,Judge of the Court of Appeals,Position 9,,Jacqueline Kamins,71
Josephine,Precinct 14,Judge of the Court of Appeals,Position 9,,Jacqueline Kamins,16
Josephine,Precinct 15,Judge of the Court of Appeals,Position 9,,Jacqueline Kamins,343
Josephine,Precinct 16,Judge of the Court of Appeals,Position 9,,Jacqueline Kamins,78
Josephine,Precinct 17,Judge of the Court of Appeals,Position 9,,Jacqueline Kamins,390
Josephine,Precinct 18,Judge of the Court of Appeals,Position 9,,Jacqueline Kamins,406
Josephine,Precinct 19,Judge of the Court of Appeals,Position 9,,Jacqueline Kamins,432
Josephine,Precinct 2,Judge of the Court of Appeals,Position 9,,Jacqueline Kamins,1229
Josephine,Precinct 20,Judge of the Court of Appeals,Position 9,,Jacqueline Kamins,56
Josephine,Precinct 21,Judge of the Court of Appeals,Position 9,,Jacqueline Kamins,687
Josephine,Precinct 22,Judge of the Court of Appeals,Position 9,,Jacqueline Kamins,323
Josephine,Precinct 23,Judge of the Court of Appeals,Position 9,,Jacqueline Kamins,76
Josephine,Precinct 24,Judge of the Court of Appeals,Position 9,,Jacqueline Kamins,157
Josephine,Precinct 25,Judge of the Court of Appeals,Position 9,,Jacqueline Kamins,248
Josephine,Precinct 26,Judge of the Court of Appeals,Position 9,,Jacqueline Kamins,175
Josephine,Precinct 27,Judge of the Court of Appeals,Position 9,,Jacqueline Kamins,106
Josephine,Precinct 28,Judge of the Court of Appeals,Position 9,,Jacqueline Kamins,100
Josephine,Precinct 29,Judge of the Court of Appeals,Position 9,,Jacqueline Kamins,20
Josephine,Precinct 3,Judge of the Court of Appeals,Position 9,,Jacqueline Kamins,374
Josephine,Precinct 30,Judge of the Court of Appeals,Position 9,,Jacqueline Kamins,274
Josephine,Precinct 31,Judge of the Court of Appeals,Position 9,,Jacqueline Kamins,606
Josephine,Precinct 32,Judge of the Court of Appeals,Position 9,,Jacqueline Kamins,46
Josephine,Precinct 33,Judge of the Court of Appeals,Position 9,,Jacqueline Kamins,147
Josephine,Precinct 34,Judge of the Court of Appeals,Position 9,,Jacqueline Kamins,82
Josephine,Precinct 35,Judge of the Court of Appeals,Position 9,,Jacqueline Kamins,178
Josephine,Precinct 36,Judge of the Court of Appeals,Position 9,,Jacqueline Kamins,500
Josephine,Precinct 37,Judge of the Court of Appeals,Position 9,,Jacqueline Kamins,271
Josephine,Precinct 38,Judge of the Court of Appeals,Position 9,,Jacqueline Kamins,626
Josephine,Precinct 39,Judge of the Court of Appeals,Position 9,,Jacqueline Kamins,357
Josephine,Precinct 4,Judge of the Court of Appeals,Position 9,,Jacqueline Kamins,274
Josephine,Precinct 40,Judge of the Court of Appeals,Position 9,,Jacqueline Kamins,156
Josephine,Precinct 41,Judge of the Court of Appeals,Position 9,,Jacqueline Kamins,18
Josephine,Precinct 42,Judge of the Court of Appeals,Position 9,,Jacqueline Kamins,441
Josephine,Precinct 43,Judge of the Court of Appeals,Position 9,,Jacqueline Kamins,305
Josephine,Precinct 44,Judge of the Court of Appeals,Position 9,,Jacqueline Kamins,37
Josephine,Precinct 45,Judge of the Court of Appeals,Position 9,,Jacqueline Kamins,16
Josephine,Precinct 46,Judge of the Court of Appeals,Position 9,,Jacqueline Kamins,59
Josephine,Precinct 47,Judge of the Court of Appeals,Position 9,,Jacqueline Kamins,43
Josephine,Precinct 5,Judge of the Court of Appeals,Position 9,,Jacqueline Kamins,329
Josephine,Precinct 6,Judge of the Court of Appeals,Position 9,,Jacqueline Kamins,263
Josephine,Precinct 7,Judge of the Court of Appeals,Position 9,,Jacqueline Kamins,453
Josephine,Precinct 8,Judge of the Court of Appeals,Position 9,,Jacqueline Kamins,775
Josephine,Precinct 9,Judge of the Court of Appeals,Position 9,,Jacqueline Kamins,33
Josephine,Precinct 1,Judge of the Court of Appeals,Position 9,,Over Votes,0
Josephine,Precinct 10,Judge of the Court of Appeals,Position 9,,Over Votes,0
Josephine,Precinct 11,Judge of the Court of Appeals,Position 9,,Over Votes,0
Josephine,Precinct 12,Judge of the Court of Appeals,Position 9,,Over Votes,0
Josephine,Precinct 13,Judge of the Court of Appeals,Position 9,,Over Votes,0
Josephine,Precinct 14,Judge of the Court of Appeals,Position 9,,Over Votes,0
Josephine,Precinct 15,Judge of the Court of Appeals,Position 9,,Over Votes,0
Josephine,Precinct 16,Judge of the Court of Appeals,Position 9,,Over Votes,0
Josephine,Precinct 17,Judge of the Court of Appeals,Position 9,,Over Votes,0
Josephine,Precinct 18,Judge of the Court of Appeals,Position 9,,Over Votes,0
Josephine,Precinct 19,Judge of the Court of Appeals,Position 9,,Over Votes,0
Josephine,Precinct 2,Judge of the Court of Appeals,Position 9,,Over Votes,0
Josephine,Precinct 20,Judge of the Court of Appeals,Position 9,,Over Votes,0
Josephine,Precinct 21,Judge of the Court of Appeals,Position 9,,Over Votes,0
Josephine,Precinct 22,Judge of the Court of Appeals,Position 9,,Over Votes,0
Josephine,Precinct 23,Judge of the Court of Appeals,Position 9,,Over Votes,0
Josephine,Precinct 24,Judge of the Court of Appeals,Position 9,,Over Votes,0
Josephine,Precinct 25,Judge of the Court of Appeals,Position 9,,Over Votes,0
Josephine,Precinct 26,Judge of the Court of Appeals,Position 9,,Over Votes,0
Josephine,Precinct 27,Judge of the Court of Appeals,Position 9,,Over Votes,0
Josephine,Precinct 28,Judge of the Court of Appeals,Position 9,,Over Votes,0
Josephine,Precinct 29,Judge of the Court of Appeals,Position 9,,Over Votes,0
Josephine,Precinct 3,Judge of the Court of Appeals,Position 9,,Over Votes,0
Josephine,Precinct 30,Judge of the Court of Appeals,Position 9,,Over Votes,0
Josephine,Precinct 31,Judge of the Court of Appeals,Position 9,,Over Votes,0
Josephine,Precinct 32,Judge of the Court of Appeals,Position 9,,Over Votes,0
Josephine,Precinct 33,Judge of the Court of Appeals,Position 9,,Over Votes,0
Josephine,Precinct 34,Judge of the Court of Appeals,Position 9,,Over Votes,0
Josephine,Precinct 35,Judge of the Court of Appeals,Position 9,,Over Votes,0
Josephine,Precinct 36,Judge of the Court of Appeals,Position 9,,Over Votes,0
Josephine,Precinct 37,Judge of the Court of Appeals,Position 9,,Over Votes,0
Josephine,Precinct 38,Judge of the Court of Appeals,Position 9,,Over Votes,0
Josephine,Precinct 39,Judge of the Court of Appeals,Position 9,,Over Votes,0
Josephine,Precinct 4,Judge of the Court of Appeals,Position 9,,Over Votes,0
Josephine,Precinct 40,Judge of the Court of Appeals,Position 9,,Over Votes,0
Josephine,Precinct 41,Judge of the Court of Appeals,Position 9,,Over Votes,0
Josephine,Precinct 42,Judge of the Court of Appeals,Position 9,,Over Votes,0
Josephine,Precinct 43,Judge of the Court of Appeals,Position 9,,Over Votes,0
Josephine,Precinct 44,Judge of the Court of Appeals,Position 9,,Over Votes,0
Josephine,Precinct 45,Judge of the Court of Appeals,Position 9,,Over Votes,0
Josephine,Precinct 46,Judge of the Court of Appeals,Position 9,,Over Votes,0
Josephine,Precinct 47,Judge of the Court of Appeals,Position 9,,Over Votes,0
Josephine,Precinct 5,Judge of the Court of Appeals,Position 9,,Over Votes,0
Josephine,Precinct 6,Judge of the Court of Appeals,Position 9,,Over Votes,0
Josephine,Precinct 7,Judge of the Court of Appeals,Position 9,,Over Votes,0
Josephine,Precinct 8,Judge of the Court of Appeals,Position 9,,Over Votes,0
Josephine,Precinct 9,Judge of the Court of Appeals,Position 9,,Over Votes,0
Josephine,Precinct 1,Judge of the Court of Appeals,Position 9,,Under Votes,1122
Josephine,Precinct 10,Judge of the Court of Appeals,Position 9,,Under Votes,67
Josephine,Precinct 11,Judge of the Court of Appeals,Position 9,,Under Votes,79
Josephine,Precinct 12,Judge of the Court of Appeals,Position 9,,Under Votes,73
Josephine,Precinct 13,Judge of the Court of Appeals,Position 9,,Under Votes,58
Josephine,Precinct 14,Judge of the Court of Appeals,Position 9,,Under Votes,33
Josephine,Precinct 15,Judge of the Court of Appeals,Position 9,,Under Votes,441
Josephine,Precinct 16,Judge of the Court of Appeals,Position 9,,Under Votes,93
Josephine,Precinct 17,Judge of the Court of Appeals,Position 9,,Under Votes,442
Josephine,Precinct 18,Judge of the Court of Appeals,Position 9,,Under Votes,490
Josephine,Precinct 19,Judge of the Court of Appeals,Position 9,,Under Votes,556
Josephine,Precinct 2,Judge of the Court of Appeals,Position 9,,Under Votes,1343
Josephine,Precinct 20,Judge of the Court of Appeals,Position 9,,Under Votes,60
Josephine,Precinct 21,Judge of the Court of Appeals,Position 9,,Under Votes,831
Josephine,Precinct 22,Judge of the Court of Appeals,Position 9,,Under Votes,366
Josephine,Precinct 23,Judge of the Court of Appeals,Position 9,,Under Votes,104
Josephine,Precinct 24,Judge of the Court of Appeals,Position 9,,Under Votes,202
Josephine,Precinct 25,Judge of the Court of Appeals,Position 9,,Under Votes,338
Josephine,Precinct 26,Judge of the Court of Appeals,Position 9,,Under Votes,196
Josephine,Precinct 27,Judge of the Court of Appeals,Position 9,,Under Votes,142
Josephine,Precinct 28,Judge of the Court of Appeals,Position 9,,Under Votes,149
Josephine,Precinct 29,Judge of the Court of Appeals,Position 9,,Under Votes,19
Josephine,Precinct 3,Judge of the Court of Appeals,Position 9,,Under Votes,458
Josephine,Precinct 30,Judge of the Court of Appeals,Position 9,,Under Votes,282
Josephine,Precinct 31,Judge of the Court of Appeals,Position 9,,Under Votes,852
Josephine,Precinct 32,Judge of the Court of Appeals,Position 9,,Under Votes,78
Josephine,Precinct 33,Judge of the Court of Appeals,Position 9,,Under Votes,222
Josephine,Precinct 34,Judge of the Court of Appeals,Position 9,,Under Votes,108
Josephine,Precinct 35,Judge of the Court of Appeals,Position 9,,Under Votes,266
Josephine,Precinct 36,Judge of the Court of Appeals,Position 9,,Under Votes,650
Josephine,Precinct 37,Judge of the Court of Appeals,Position 9,,Under Votes,334
Josephine,Precinct 38,Judge of the Court of Appeals,Position 9,,Under Votes,804
Josephine,Precinct 39,Judge of the Court of Appeals,Position 9,,Under Votes,450
Josephine,Precinct 4,Judge of the Court of Appeals,Position 9,,Under Votes,275
Josephine,Precinct 40,Judge of the Court of Appeals,Position 9,,Under Votes,247
Josephine,Precinct 41,Judge of the Court of Appeals,Position 9,,Under Votes,38
Josephine,Precinct 42,Judge of the Court of Appeals,Position 9,,Under Votes,584
Josephine,Precinct 43,Judge of the Court of Appeals,Position 9,,Under Votes,374
Josephine,Precinct 44,Judge of the Court of Appeals,Position 9,,Under Votes,59
Josephine,Precinct 45,Judge of the Court of Appeals,Position 9,,Under Votes,57
Josephine,Precinct 46,Judge of the Court of Appeals,Position 9,,Under Votes,88
Josephine,Precinct 47,Judge of the Court of Appeals,Position 9,,Under Votes,48
Josephine,Precinct 5,Judge of the Court of Appeals,Position 9,,Under Votes,396
Josephine,Precinct 6,Judge of the Court of Appeals,Position 9,,Under Votes,288
Josephine,Precinct 7,Judge of the Court of Appeals,Position 9,,Under Votes,491
Josephine,Precinct 8,Judge of the Court of Appeals,Position 9,,Under Votes,881
Josephine,Precinct 9,Judge of the Court of Appeals,Position 9,,Under Votes,46
Josephine,Precinct 1,Judge of the Court of Appeals,Position 9,,Write-ins,13
Josephine,Precinct 10,Judge of the Court of Appeals,Position 9,,Write-ins,4
Josephine,Precinct 11,Judge of the Court of Appeals,Position 9,,Write-ins,0
Josephine,Precinct 12,Judge of the Court of Appeals,Position 9,,Write-ins,0
Josephine,Precinct 13,Judge of the Court of Appeals,Position 9,,Write-ins,3
Josephine,Precinct 14,Judge of the Court of Appeals,Position 9,,Write-ins,1
Josephine,Precinct 15,Judge of the Court of Appeals,Position 9,,Write-ins,2
Josephine,Precinct 16,Judge of the Court of Appeals,Position 9,,Write-ins,0
Josephine,Precinct 17,Judge of the Court of Appeals,Position 9,,Write-ins,8
Josephine,Precinct 18,Judge of the Court of Appeals,Position 9,,Write-ins,6
Josephine,Precinct 19,Judge of the Court of Appeals,Position 9,,Write-ins,7
Josephine,Precinct 2,Judge of the Court of Appeals,Position 9,,Write-ins,19
Josephine,Precinct 20,Judge of the Court of Appeals,Position 9,,Write-ins,2
Josephine,Precinct 21,Judge of the Court of Appeals,Position 9,,Write-ins,24
Josephine,Precinct 22,Judge of the Court of Appeals,Position 9,,Write-ins,7
Josephine,Precinct 23,Judge of the Court of Appeals,Position 9,,Write-ins,4
Josephine,Precinct 24,Judge of the Court of Appeals,Position 9,,Write-ins,1
Josephine,Precinct 25,Judge of the Court of Appeals,Position 9,,Write-ins,0
Josephine,Precinct 26,Judge of the Court of Appeals,Position 9,,Write-ins,5
Josephine,Precinct 27,Judge of the Court of Appeals,Position 9,,Write-ins,1
Josephine,Precinct 28,Judge of the Court of Appeals,Position 9,,Write-ins,3
Josephine,Precinct 29,Judge of the Court of Appeals,Position 9,,Write-ins,1
Josephine,Precinct 3,Judge of the Court of Appeals,Position 9,,Write-ins,4
Josephine,Precinct 30,Judge of the Court of Appeals,Position 9,,Write-ins,4
Josephine,Precinct 31,Judge of the Court of Appeals,Position 9,,Write-ins,26
Josephine,Precinct 32,Judge of the Court of Appeals,Position 9,,Write-ins,0
Josephine,Precinct 33,Judge of the Court of Appeals,Position 9,,Write-ins,2
Josephine,Precinct 34,Judge of the Court of Appeals,Position 9,,Write-ins,3
Josephine,Precinct 35,Judge of the Court of Appeals,Position 9,,Write-ins,2
Josephine,Precinct 36,Judge of the Court of Appeals,Position 9,,Write-ins,5
Josephine,Precinct 37,Judge of the Court of Appeals,Position 9,,Write-ins,7
Josephine,Precinct 38,Judge of the Court of Appeals,Position 9,,Write-ins,17
Josephine,Precinct 39,Judge of the Court of Appeals,Position 9,,Write-ins,13
Josephine,Precinct 4,Judge of the Court of Appeals,Position 9,,Write-ins,12
Josephine,Precinct 40,Judge of the Court of Appeals,Position 9,,Write-ins,3
Josephine,Precinct 41,Judge of the Court of Appeals,Position 9,,Write-ins,0
Josephine,Precinct 42,Judge of the Court of Appeals,Position 9,,Write-ins,6
Josephine,Precinct 43,Judge of the Court of Appeals,Position 9,,Write-ins,6
Josephine,Precinct 44,Judge of the Court of Appeals,Position 9,,Write-ins,0
Josephine,Precinct 45,Judge of the Court of Appeals,Position 9,,Write-ins,2
Josephine,Precinct 46,Judge of the Court of Appeals,Position 9,,Write-ins,1
Josephine,Precinct 47,Judge of the Court of Appeals,Position 9,,Write-ins,0
Josephine,Precinct 5,Judge of the Court of Appeals,Position 9,,Write-ins,7
Josephine,Precinct 6,Judge of the Court of Appeals,Position 9,,Write-ins,3
Josephine,Precinct 7,Judge of the Court of Appeals,Position 9,,Write-ins,7
Josephine,Precinct 8,Judge of the Court of Appeals,Position 9,,Write-ins,10
Josephine,Precinct 9,Judge of the Court of Appeals,Position 9,,Write-ins,0
Josephine,Precinct 1,Judge of the Supreme Court,Position 4,,Christopher L. Garrett,952
Josephine,Precinct 10,Judge of the Supreme Court,Position 4,,Christopher L. Garrett,79
Josephine,Precinct 11,Judge of the Supreme Court,Position 4,,Christopher L. Garrett,67
Josephine,Precinct 12,Judge of the Supreme Court,Position 4,,Christopher L. Garrett,90
Josephine,Precinct 13,Judge of the Supreme Court,Position 4,,Christopher L. Garrett,74
Josephine,Precinct 14,Judge of the Supreme Court,Position 4,,Christopher L. Garrett,18
Josephine,Precinct 15,Judge of the Supreme Court,Position 4,,Christopher L. Garrett,342
Josephine,Precinct 16,Judge of the Supreme Court,Position 4,,Christopher L. Garrett,79
Josephine,Precinct 17,Judge of the Supreme Court,Position 4,,Christopher L. Garrett,398
Josephine,Precinct 18,Judge of the Supreme Court,Position 4,,Christopher L. Garrett,406
Josephine,Precinct 19,Judge of the Supreme Court,Position 4,,Christopher L. Garrett,439
Josephine,Precinct 2,Judge of the Supreme Court,Position 4,,Christopher L. Garrett,1246
Josephine,Precinct 20,Judge of the Supreme Court,Position 4,,Christopher L. Garrett,58
Josephine,Precinct 21,Judge of the Supreme Court,Position 4,,Christopher L. Garrett,703
Josephine,Precinct 22,Judge of the Supreme Court,Position 4,,Christopher L. Garrett,337
Josephine,Precinct 23,Judge of the Supreme Court,Position 4,,Christopher L. Garrett,78
Josephine,Precinct 24,Judge of the Supreme Court,Position 4,,Christopher L. Garrett,160
Josephine,Precinct 25,Judge of the Supreme Court,Position 4,,Christopher L. Garrett,260
Josephine,Precinct 26,Judge of the Supreme Court,Position 4,,Christopher L. Garrett,176
Josephine,Precinct 27,Judge of the Supreme Court,Position 4,,Christopher L. Garrett,100
Josephine,Precinct 28,Judge of the Supreme Court,Position 4,,Christopher L. Garrett,107
Josephine,Precinct 29,Judge of the Supreme Court,Position 4,,Christopher L. Garrett,20
Josephine,Precinct 3,Judge of the Supreme Court,Position 4,,Christopher L. Garrett,379
Josephine,Precinct 30,Judge of the Supreme Court,Position 4,,Christopher L. Garrett,279
Josephine,Precinct 31,Judge of the Supreme Court,Position 4,,Christopher L. Garrett,603
Josephine,Precinct 32,Judge of the Supreme Court,Position 4,,Christopher L. Garrett,42
Josephine,Precinct 33,Judge of the Supreme Court,Position 4,,Christopher L. Garrett,151
Josephine,Precinct 34,Judge of the Supreme Court,Position 4,,Christopher L. Garrett,83
Josephine,Precinct 35,Judge of the Supreme Court,Position 4,,Christopher L. Garrett,180
Josephine,Precinct 36,Judge of the Supreme Court,Position 4,,Christopher L. Garrett,505
Josephine,Precinct 37,Judge of the Supreme Court,Position 4,,Christopher L. Garrett,268
Josephine,Precinct 38,Judge of the Supreme Court,Position 4,,Christopher L. Garrett,642
Josephine,Precinct 39,Judge of the Supreme Court,Position 4,,Christopher L. Garrett,359
Josephine,Precinct 4,Judge of the Supreme Court,Position 4,,Christopher L. Garrett,284
Josephine,Precinct 40,Judge of the Supreme Court,Position 4,,Christopher L. Garrett,162
Josephine,Precinct 41,Judge of the Supreme Court,Position 4,,Christopher L. Garrett,20
Josephine,Precinct 42,Judge of the Supreme Court,Position 4,,Christopher L. Garrett,453
Josephine,Precinct 43,Judge of the Supreme Court,Position 4,,Christopher L. Garrett,314
Josephine,Precinct 44,Judge of the Supreme Court,Position 4,,Christopher L. Garrett,36
Josephine,Precinct 45,Judge of the Supreme Court,Position 4,,Christopher L. Garrett,20
Josephine,Precinct 46,Judge of the Supreme Court,Position 4,,Christopher L. Garrett,58
Josephine,Precinct 47,Judge of the Supreme Court,Position 4,,Christopher L. Garrett,45
Josephine,Precinct 5,Judge of the Supreme Court,Position 4,,Christopher L. Garrett,341
Josephine,Precinct 6,Judge of the Supreme Court,Position 4,,Christopher L. Garrett,269
Josephine,Precinct 7,Judge of the Supreme Court,Position 4,,Christopher L. Garrett,469
Josephine,Precinct 8,Judge of the Supreme Court,Position 4,,Christopher L. Garrett,802
Josephine,Precinct 9,Judge of the Supreme Court,Position 4,,Christopher L. Garrett,32
Josephine,Precinct 1,Judge of the Supreme Court,Position 4,,Over Votes,0
Josephine,Precinct 10,Judge of the Supreme Court,Position 4,,Over Votes,0
Josephine,Precinct 11,Judge of the Supreme Court,Position 4,,Over Votes,0
Josephine,Precinct 12,Judge of the Supreme Court,Position 4,,Over Votes,0
Josephine,Precinct 13,Judge of the Supreme Court,Position 4,,Over Votes,0
Josephine,Precinct 14,Judge of the Supreme Court,Position 4,,Over Votes,0
Josephine,Precinct 15,Judge of the Supreme Court,Position 4,,Over Votes,0
Josephine,Precinct 16,Judge of the Supreme Court,Position 4,,Over Votes,0
Josephine,Precinct 17,Judge of the Supreme Court,Position 4,,Over Votes,0
Josephine,Precinct 18,Judge of the Supreme Court,Position 4,,Over Votes,0
Josephine,Precinct 19,Judge of the Supreme Court,Position 4,,Over Votes,0
Josephine,Precinct 2,Judge of the Supreme Court,Position 4,,Over Votes,0
Josephine,Precinct 20,Judge of the Supreme Court,Position 4,,Over Votes,0
Josephine,Precinct 21,Judge of the Supreme Court,Position 4,,Over Votes,0
Josephine,Precinct 22,Judge of the Supreme Court,Position 4,,Over Votes,0
Josephine,Precinct 23,Judge of the Supreme Court,Position 4,,Over Votes,0
Josephine,Precinct 24,Judge of the Supreme Court,Position 4,,Over Votes,0
Josephine,Precinct 25,Judge of the Supreme Court,Position 4,,Over Votes,0
Josephine,Precinct 26,Judge of the Supreme Court,Position 4,,Over Votes,0
Josephine,Precinct 27,Judge of the Supreme Court,Position 4,,Over Votes,0
Josephine,Precinct 28,Judge of the Supreme Court,Position 4,,Over Votes,0
Josephine,Precinct 29,Judge of the Supreme Court,Position 4,,Over Votes,0
Josephine,Precinct 3,Judge of the Supreme Court,Position 4,,Over Votes,0
Josephine,Precinct 30,Judge of the Supreme Court,Position 4,,Over Votes,0
Josephine,Precinct 31,Judge of the Supreme Court,Position 4,,Over Votes,0
Josephine,Precinct 32,Judge of the Supreme Court,Position 4,,Over Votes,0
Josephine,Precinct 33,Judge of the Supreme Court,Position 4,,Over Votes,0
Josephine,Precinct 34,Judge of the Supreme Court,Position 4,,Over Votes,0
Josephine,Precinct 35,Judge of the Supreme Court,Position 4,,Over Votes,0
Josephine,Precinct 36,Judge of the Supreme Court,Position 4,,Over Votes,0
Josephine,Precinct 37,Judge of the Supreme Court,Position 4,,Over Votes,0
Josephine,Precinct 38,Judge of the Supreme Court,Position 4,,Over Votes,0
Josephine,Precinct 39,Judge of the Supreme Court,Position 4,,Over Votes,0
Josephine,Precinct 4,Judge of the Supreme Court,Position 4,,Over Votes,0
Josephine,Precinct 40,Judge of the Supreme Court,Position 4,,Over Votes,0
Josephine,Precinct 41,Judge of the Supreme Court,Position 4,,Over Votes,0
Josephine,Precinct 42,Judge of the Supreme Court,Position 4,,Over Votes,0
Josephine,Precinct 43,Judge of the Supreme Court,Position 4,,Over Votes,0
Josephine,Precinct 44,Judge of the Supreme Court,Position 4,,Over Votes,0
Josephine,Precinct 45,Judge of the Supreme Court,Position 4,,Over Votes,0
Josephine,Precinct 46,Judge of the Supreme Court,Position 4,,Over Votes,0
Josephine,Precinct 47,Judge of the Supreme Court,Position 4,,Over Votes,0
Josephine,Precinct 5,Judge of the Supreme Court,Position 4,,Over Votes,0
Josephine,Precinct 6,Judge of the Supreme Court,Position 4,,Over Votes,0
Josephine,Precinct 7,Judge of the Supreme Court,Position 4,,Over Votes,0
Josephine,Precinct 8,Judge of the Supreme Court,Position 4,,Over Votes,0
Josephine,Precinct 9,Judge of the Supreme Court,Position 4,,Over Votes,0
Josephine,Precinct 1,Judge of the Supreme Court,Position 4,,Under Votes,1106
Josephine,Precinct 10,Judge of the Supreme Court,Position 4,,Under Votes,65
Josephine,Precinct 11,Judge of the Supreme Court,Position 4,,Under Votes,79
Josephine,Precinct 12,Judge of the Supreme Court,Position 4,,Under Votes,71
Josephine,Precinct 13,Judge of the Supreme Court,Position 4,,Under Votes,55
Josephine,Precinct 14,Judge of the Supreme Court,Position 4,,Under Votes,31
Josephine,Precinct 15,Judge of the Supreme Court,Position 4,,Under Votes,440
Josephine,Precinct 16,Judge of the Supreme Court,Position 4,,Under Votes,91
Josephine,Precinct 17,Judge of the Supreme Court,Position 4,,Under Votes,429
Josephine,Precinct 18,Judge of the Supreme Court,Position 4,,Under Votes,487
Josephine,Precinct 19,Judge of the Supreme Court,Position 4,,Under Votes,540
Josephine,Precinct 2,Judge of the Supreme Court,Position 4,,Under Votes,1308
Josephine,Precinct 20,Judge of the Supreme Court,Position 4,,Under Votes,58
Josephine,Precinct 21,Judge of the Supreme Court,Position 4,,Under Votes,807
Josephine,Precinct 22,Judge of the Supreme Court,Position 4,,Under Votes,345
Josephine,Precinct 23,Judge of the Supreme Court,Position 4,,Under Votes,102
Josephine,Precinct 24,Judge of the Supreme Court,Position 4,,Under Votes,199
Josephine,Precinct 25,Judge of the Supreme Court,Position 4,,Under Votes,326
Josephine,Precinct 26,Judge of the Supreme Court,Position 4,,Under Votes,193
Josephine,Precinct 27,Judge of the Supreme Court,Position 4,,Under Votes,144
Josephine,Precinct 28,Judge of the Supreme Court,Position 4,,Under Votes,142
Josephine,Precinct 29,Judge of the Supreme Court,Position 4,,Under Votes,18
Josephine,Precinct 3,Judge of the Supreme Court,Position 4,,Under Votes,449
Josephine,Precinct 30,Judge of the Supreme Court,Position 4,,Under Votes,276
Josephine,Precinct 31,Judge of the Supreme Court,Position 4,,Under Votes,851
Josephine,Precinct 32,Judge of the Supreme Court,Position 4,,Under Votes,82
Josephine,Precinct 33,Judge of the Supreme Court,Position 4,,Under Votes,216
Josephine,Precinct 34,Judge of the Supreme Court,Position 4,,Under Votes,107
Josephine,Precinct 35,Judge of the Supreme Court,Position 4,,Under Votes,258
Josephine,Precinct 36,Judge of the Supreme Court,Position 4,,Under Votes,640
Josephine,Precinct 37,Judge of the Supreme Court,Position 4,,Under Votes,338
Josephine,Precinct 38,Judge of the Supreme Court,Position 4,,Under Votes,785
Josephine,Precinct 39,Judge of the Supreme Court,Position 4,,Under Votes,441
Josephine,Precinct 4,Judge of the Supreme Court,Position 4,,Under Votes,265
Josephine,Precinct 40,Judge of the Supreme Court,Position 4,,Under Votes,241
Josephine,Precinct 41,Judge of the Supreme Court,Position 4,,Under Votes,36
Josephine,Precinct 42,Judge of the Supreme Court,Position 4,,Under Votes,571
Josephine,Precinct 43,Judge of the Supreme Court,Position 4,,Under Votes,362
Josephine,Precinct 44,Judge of the Supreme Court,Position 4,,Under Votes,60
Josephine,Precinct 45,Judge of the Supreme Court,Position 4,,Under Votes,54
Josephine,Precinct 46,Judge of the Supreme Court,Position 4,,Under Votes,89
Josephine,Precinct 47,Judge of the Supreme Court,Position 4,,Under Votes,45
Josephine,Precinct 5,Judge of the Supreme Court,Position 4,,Under Votes,384
Josephine,Precinct 6,Judge of the Supreme Court,Position 4,,Under Votes,283
Josephine,Precinct 7,Judge of the Supreme Court,Position 4,,Under Votes,472
Josephine,Precinct 8,Judge of the Supreme Court,Position 4,,Under Votes,844
Josephine,Precinct 9,Judge of the Supreme Court,Position 4,,Under Votes,47
Josephine,Precinct 1,Judge of the Supreme Court,Position 4,,Write-ins,17
Josephine,Precinct 10,Judge of the Supreme Court,Position 4,,Write-ins,5
Josephine,Precinct 11,Judge of the Supreme Court,Position 4,,Write-ins,1
Josephine,Precinct 12,Judge of the Supreme Court,Position 4,,Write-ins,1
Josephine,Precinct 13,Judge of the Supreme Court,Position 4,,Write-ins,3
Josephine,Precinct 14,Judge of the Supreme Court,Position 4,,Write-ins,1
Josephine,Precinct 15,Judge of the Supreme Court,Position 4,,Write-ins,4
Josephine,Precinct 16,Judge of the Supreme Court,Position 4,,Write-ins,1
Josephine,Precinct 17,Judge of the Supreme Court,Position 4,,Write-ins,13
Josephine,Precinct 18,Judge of the Supreme Court,Position 4,,Write-ins,9
Josephine,Precinct 19,Judge of the Supreme Court,Position 4,,Write-ins,16
Josephine,Precinct 2,Judge of the Supreme Court,Position 4,,Write-ins,37
Josephine,Precinct 20,Judge of the Supreme Court,Position 4,,Write-ins,2
Josephine,Precinct 21,Judge of the Supreme Court,Position 4,,Write-ins,32
Josephine,Precinct 22,Judge of the Supreme Court,Position 4,,Write-ins,14
Josephine,Precinct 23,Judge of the Supreme Court,Position 4,,Write-ins,4
Josephine,Precinct 24,Judge of the Supreme Court,Position 4,,Write-ins,1
Josephine,Precinct 25,Judge of the Supreme Court,Position 4,,Write-ins,0
Josephine,Precinct 26,Judge of the Supreme Court,Position 4,,Write-ins,7
Josephine,Precinct 27,Judge of the Supreme Court,Position 4,,Write-ins,5
Josephine,Precinct 28,Judge of the Supreme Court,Position 4,,Write-ins,3
Josephine,Precinct 29,Judge of the Supreme Court,Position 4,,Write-ins,2
Josephine,Precinct 3,Judge of the Supreme Court,Position 4,,Write-ins,8
Josephine,Precinct 30,Judge of the Supreme Court,Position 4,,Write-ins,5
Josephine,Precinct 31,Judge of the Supreme Court,Position 4,,Write-ins,30
Josephine,Precinct 32,Judge of the Supreme Court,Position 4,,Write-ins,0
Josephine,Precinct 33,Judge of the Supreme Court,Position 4,,Write-ins,4
Josephine,Precinct 34,Judge of the Supreme Court,Position 4,,Write-ins,3
Josephine,Precinct 35,Judge of the Supreme Court,Position 4,,Write-ins,8
Josephine,Precinct 36,Judge of the Supreme Court,Position 4,,Write-ins,10
Josephine,Precinct 37,Judge of the Supreme Court,Position 4,,Write-ins,6
Josephine,Precinct 38,Judge of the Supreme Court,Position 4,,Write-ins,20
Josephine,Precinct 39,Judge of the Supreme Court,Position 4,,Write-ins,20
Josephine,Precinct 4,Judge of the Supreme Court,Position 4,,Write-ins,12
Josephine,Precinct 40,Judge of the Supreme Court,Position 4,,Write-ins,3
Josephine,Precinct 41,Judge of the Supreme Court,Position 4,,Write-ins,0
Josephine,Precinct 42,Judge of the Supreme Court,Position 4,,Write-ins,7
Josephine,Precinct 43,Judge of the Supreme Court,Position 4,,Write-ins,9
Josephine,Precinct 44,Judge of the Supreme Court,Position 4,,Write-ins,0
Josephine,Precinct 45,Judge of the Supreme Court,Position 4,,Write-ins,1
Josephine,Precinct 46,Judge of the Supreme Court,Position 4,,Write-ins,1
Josephine,Precinct 47,Judge of the Supreme Court,Position 4,,Write-ins,1
Josephine,Precinct 5,Judge of the Supreme Court,Position 4,,Write-ins,7
Josephine,Precinct 6,Judge of the Supreme Court,Position 4,,Write-ins,2
Josephine,Precinct 7,Judge of the Supreme Court,Position 4,,Write-ins,10
Josephine,Precinct 8,Judge of the Supreme Court,Position 4,,Write-ins,20
Josephine,Precinct 9,Judge of the Supreme Court,Position 4,,Write-ins,0
Josephine,Precinct 1,Labor Commissioner,,,Chris Lynch,526
Josephine,Precinct 10,Labor Commissioner,,,Chris Lynch,32
Josephine,Precinct 11,Labor Commissioner,,,Chris Lynch,40
Josephine,Precinct 12,Labor Commissioner,,,Chris Lynch,45
Josephine,Precinct 13,Labor Commissioner,,,Chris Lynch,45
Josephine,Precinct 14,Labor Commissioner,,,Chris Lynch,19
Josephine,Precinct 15,Labor Commissioner,,,Chris Lynch,230
Josephine,Precinct 16,Labor Commissioner,,,Chris Lynch,66
Josephine,Precinct 17,Labor Commissioner,,,Chris Lynch,260
Josephine,Precinct 18,Labor Commissioner,,,Chris Lynch,298
Josephine,Precinct 19,Labor Commissioner,,,Chris Lynch,304
Josephine,Precinct 2,Labor Commissioner,,,Chris Lynch,762
Josephine,Precinct 20,Labor Commissioner,,,Chris Lynch,29
Josephine,Precinct 21,Labor Commissioner,,,Chris Lynch,507
Josephine,Precinct 22,Labor Commissioner,,,Chris Lynch,217
Josephine,Precinct 23,Labor Commissioner,,,Chris Lynch,56
Josephine,Precinct 24,Labor Commissioner,,,Chris Lynch,109
Josephine,Precinct 25,Labor Commissioner,,,Chris Lynch,171
Josephine,Precinct 26,Labor Commissioner,,,Chris Lynch,126
Josephine,Precinct 27,Labor Commissioner,,,Chris Lynch,74
Josephine,Precinct 28,Labor Commissioner,,,Chris Lynch,98
Josephine,Precinct 29,Labor Commissioner,,,Chris Lynch,19
Josephine,Precinct 3,Labor Commissioner,,,Chris Lynch,207
Josephine,Precinct 30,Labor Commissioner,,,Chris Lynch,167
Josephine,Precinct 31,Labor Commissioner,,,Chris Lynch,389
Josephine,Precinct 32,Labor Commissioner,,,Chris Lynch,34
Josephine,Precinct 33,Labor Commissioner,,,Chris Lynch,107
Josephine,Precinct 34,Labor Commissioner,,,Chris Lynch,50
Josephine,Precinct 35,Labor Commissioner,,,Chris Lynch,147
Josephine,Precinct 36,Labor Commissioner,,,Chris Lynch,381
Josephine,Precinct 37,Labor Commissioner,,,Chris Lynch,205
Josephine,Precinct 38,Labor Commissioner,,,Chris Lynch,447
Josephine,Precinct 39,Labor Commissioner,,,Chris Lynch,286
Josephine,Precinct 4,Labor Commissioner,,,Chris Lynch,172
Josephine,Precinct 40,Labor Commissioner,,,Chris Lynch,99
Josephine,Precinct 41,Labor Commissioner,,,Chris Lynch,14
Josephine,Precinct 42,Labor Commissioner,,,Chris Lynch,352
Josephine,Precinct 43,Labor Commissioner,,,Chris Lynch,223
Josephine,Precinct 44,Labor Commissioner,,,Chris Lynch,20
Josephine,Precinct 45,Labor Commissioner,,,Chris Lynch,21
Josephine,Precinct 46,Labor Commissioner,,,Chris Lynch,45
Josephine,Precinct 47,Labor Commissioner,,,Chris Lynch,23
Josephine,Precinct 5,Labor Commissioner,,,Chris Lynch,235
Josephine,Precinct 6,Labor Commissioner,,,Chris Lynch,170
Josephine,Precinct 7,Labor Commissioner,,,Chris Lynch,280
Josephine,Precinct 8,Labor Commissioner,,,Chris Lynch,481
Josephine,Precinct 9,Labor Commissioner,,,Chris Lynch,28
Josephine,Precinct 1,Labor Commissioner,,,Christina E. Stephenson,817
Josephine,Precinct 10,Labor Commissioner,,,Christina E. Stephenson,62
Josephine,Precinct 11,Labor Commissioner,,,Christina E. Stephenson,63
Josephine,Precinct 12,Labor Commissioner,,,Christina E. Stephenson,70
Josephine,Precinct 13,Labor Commissioner,,,Christina E. Stephenson,43
Josephine,Precinct 14,Labor Commissioner,,,Christina E. Stephenson,14
Josephine,Precinct 15,Labor Commissioner,,,Christina E. Stephenson,289
Josephine,Precinct 16,Labor Commissioner,,,Christina E. Stephenson,51
Josephine,Precinct 17,Labor Commissioner,,,Christina E. Stephenson,305
Josephine,Precinct 18,Labor Commissioner,,,Christina E. Stephenson,286
Josephine,Precinct 19,Labor Commissioner,,,Christina E. Stephenson,322
Josephine,Precinct 2,Labor Commissioner,,,Christina E. Stephenson,918
Josephine,Precinct 20,Labor Commissioner,,,Christina E. Stephenson,51
Josephine,Precinct 21,Labor Commissioner,,,Christina E. Stephenson,532
Josephine,Precinct 22,Labor Commissioner,,,Christina E. Stephenson,239
Josephine,Precinct 23,Labor Commissioner,,,Christina E. Stephenson,53
Josephine,Precinct 24,Labor Commissioner,,,Christina E. Stephenson,122
Josephine,Precinct 25,Labor Commissioner,,,Christina E. Stephenson,222
Josephine,Precinct 26,Labor Commissioner,,,Christina E. Stephenson,120
Josephine,Precinct 27,Labor Commissioner,,,Christina E. Stephenson,82
Josephine,Precinct 28,Labor Commissioner,,,Christina E. Stephenson,75
Josephine,Precinct 29,Labor Commissioner,,,Christina E. Stephenson,11
Josephine,Precinct 3,Labor Commissioner,,,Christina E. Stephenson,319
Josephine,Precinct 30,Labor Commissioner,,,Christina E. Stephenson,227
Josephine,Precinct 31,Labor Commissioner,,,Christina E. Stephenson,610
Josephine,Precinct 32,Labor Commissioner,,,Christina E. Stephenson,58
Josephine,Precinct 33,Labor Commissioner,,,Christina E. Stephenson,121
Josephine,Precinct 34,Labor Commissioner,,,Christina E. Stephenson,77
Josephine,Precinct 35,Labor Commissioner,,,Christina E. Stephenson,124
Josephine,Precinct 36,Labor Commissioner,,,Christina E. Stephenson,374
Josephine,Precinct 37,Labor Commissioner,,,Christina E. Stephenson,238
Josephine,Precinct 38,Labor Commissioner,,,Christina E. Stephenson,489
Josephine,Precinct 39,Labor Commissioner,,,Christina E. Stephenson,273
Josephine,Precinct 4,Labor Commissioner,,,Christina E. Stephenson,221
Josephine,Precinct 40,Labor Commissioner,,,Christina E. Stephenson,163
Josephine,Precinct 41,Labor Commissioner,,,Christina E. Stephenson,13
Josephine,Precinct 42,Labor Commissioner,,,Christina E. Stephenson,324
Josephine,Precinct 43,Labor Commissioner,,,Christina E. Stephenson,246
Josephine,Precinct 44,Labor Commissioner,,,Christina E. Stephenson,43
Josephine,Precinct 45,Labor Commissioner,,,Christina E. Stephenson,17
Josephine,Precinct 46,Labor Commissioner,,,Christina E. Stephenson,48
Josephine,Precinct 47,Labor Commissioner,,,Christina E. Stephenson,33
Josephine,Precinct 5,Labor Commissioner,,,Christina E. Stephenson,275
Josephine,Precinct 6,Labor Commissioner,,,Christina E. Stephenson,197
Josephine,Precinct 7,Labor Commissioner,,,Christina E. Stephenson,389
Josephine,Precinct 8,Labor Commissioner,,,Christina E. Stephenson,629
Josephine,Precinct 9,Labor Commissioner,,,Christina E. Stephenson,26
Josephine,Precinct 1,Labor Commissioner,,,Over Votes,0
Josephine,Precinct 10,Labor Commissioner,,,Over Votes,0
Josephine,Precinct 11,Labor Commissioner,,,Over Votes,0
Josephine,Precinct 12,Labor Commissioner,,,Over Votes,0
Josephine,Precinct 13,Labor Commissioner,,,Over Votes,0
Josephine,Precinct 14,Labor Commissioner,,,Over Votes,0
Josephine,Precinct 15,Labor Commissioner,,,Over Votes,0
Josephine,Precinct 16,Labor Commissioner,,,Over Votes,0
Josephine,Precinct 17,Labor Commissioner,,,Over Votes,0
Josephine,Precinct 18,Labor Commissioner,,,Over Votes,0
Josephine,Precinct 19,Labor Commissioner,,,Over Votes,0
Josephine,Precinct 2,Labor Commissioner,,,Over Votes,0
Josephine,Precinct 20,Labor Commissioner,,,Over Votes,0
Josephine,Precinct 21,Labor Commissioner,,,Over Votes,1
Josephine,Precinct 22,Labor Commissioner,,,Over Votes,0
Josephine,Precinct 23,Labor Commissioner,,,Over Votes,0
Josephine,Precinct 24,Labor Commissioner,,,Over Votes,0
Josephine,Precinct 25,Labor Commissioner,,,Over Votes,0
Josephine,Precinct 26,Labor Commissioner,,,Over Votes,0
Josephine,Precinct 27,Labor Commissioner,,,Over Votes,0
Josephine,Precinct 28,Labor Commissioner,,,Over Votes,0
Josephine,Precinct 29,Labor Commissioner,,,Over Votes,0
Josephine,Precinct 3,Labor Commissioner,,,Over Votes,0
Josephine,Precinct 30,Labor Commissioner,,,Over Votes,0
Josephine,Precinct 31,Labor Commissioner,,,Over Votes,1
Josephine,Precinct 32,Labor Commissioner,,,Over Votes,0
Josephine,Precinct 33,Labor Commissioner,,,Over Votes,0
Josephine,Precinct 34,Labor Commissioner,,,Over Votes,0
Josephine,Precinct 35,Labor Commissioner,,,Over Votes,0
Josephine,Precinct 36,Labor Commissioner,,,Over Votes,0
Josephine,Precinct 37,Labor Commissioner,,,Over Votes,0
Josephine,Precinct 38,Labor Commissioner,,,Over Votes,0
Josephine,Precinct 39,Labor Commissioner,,,Over Votes,0
Josephine,Precinct 4,Labor Commissioner,,,Over Votes,0
Josephine,Precinct 40,Labor Commissioner,,,Over Votes,0
Josephine,Precinct 41,Labor Commissioner,,,Over Votes,0
Josephine,Precinct 42,Labor Commissioner,,,Over Votes,0
Josephine,Precinct 43,Labor Commissioner,,,Over Votes,0
Josephine,Precinct 44,Labor Commissioner,,,Over Votes,0
Josephine,Precinct 45,Labor Commissioner,,,Over Votes,0
Josephine,Precinct 46,Labor Commissioner,,,Over Votes,0
Josephine,Precinct 47,Labor Commissioner,,,Over Votes,0
Josephine,Precinct 5,Labor Commissioner,,,Over Votes,0
Josephine,Precinct 6,Labor Commissioner,,,Over Votes,0
Josephine,Precinct 7,Labor Commissioner,,,Over Votes,0
Josephine,Precinct 8,Labor Commissioner,,,Over Votes,0
Josephine,Precinct 9,Labor Commissioner,,,Over Votes,0
Josephine,Precinct 1,Labor Commissioner,,,Under Votes,728
Josephine,Precinct 10,Labor Commissioner,,,Under Votes,55
Josephine,Precinct 11,Labor Commissioner,,,Under Votes,44
Josephine,Precinct 12,Labor Commissioner,,,Under Votes,47
Josephine,Precinct 13,Labor Commissioner,,,Under Votes,42
Josephine,Precinct 14,Labor Commissioner,,,Under Votes,16
Josephine,Precinct 15,Labor Commissioner,,,Under Votes,265
Josephine,Precinct 16,Labor Commissioner,,,Under Votes,53
Josephine,Precinct 17,Labor Commissioner,,,Under Votes,275
Josephine,Precinct 18,Labor Commissioner,,,Under Votes,315
Josephine,Precinct 19,Labor Commissioner,,,Under Votes,366
Josephine,Precinct 2,Labor Commissioner,,,Under Votes,909
Josephine,Precinct 20,Labor Commissioner,,,Under Votes,37
Josephine,Precinct 21,Labor Commissioner,,,Under Votes,498
Josephine,Precinct 22,Labor Commissioner,,,Under Votes,239
Josephine,Precinct 23,Labor Commissioner,,,Under Votes,75
Josephine,Precinct 24,Labor Commissioner,,,Under Votes,129
Josephine,Precinct 25,Labor Commissioner,,,Under Votes,193
Josephine,Precinct 26,Labor Commissioner,,,Under Votes,130
Josephine,Precinct 27,Labor Commissioner,,,Under Votes,93
Josephine,Precinct 28,Labor Commissioner,,,Under Votes,78
Josephine,Precinct 29,Labor Commissioner,,,Under Votes,10
Josephine,Precinct 3,Labor Commissioner,,,Under Votes,309
Josephine,Precinct 30,Labor Commissioner,,,Under Votes,165
Josephine,Precinct 31,Labor Commissioner,,,Under Votes,476
Josephine,Precinct 32,Labor Commissioner,,,Under Votes,32
Josephine,Precinct 33,Labor Commissioner,,,Under Votes,143
Josephine,Precinct 34,Labor Commissioner,,,Under Votes,63
Josephine,Precinct 35,Labor Commissioner,,,Under Votes,174
Josephine,Precinct 36,Labor Commissioner,,,Under Votes,399
Josephine,Precinct 37,Labor Commissioner,,,Under Votes,168
Josephine,Precinct 38,Labor Commissioner,,,Under Votes,509
Josephine,Precinct 39,Labor Commissioner,,,Under Votes,259
Josephine,Precinct 4,Labor Commissioner,,,Under Votes,166
Josephine,Precinct 40,Labor Commissioner,,,Under Votes,144
Josephine,Precinct 41,Labor Commissioner,,,Under Votes,29
Josephine,Precinct 42,Labor Commissioner,,,Under Votes,349
Josephine,Precinct 43,Labor Commissioner,,,Under Votes,215
Josephine,Precinct 44,Labor Commissioner,,,Under Votes,32
Josephine,Precinct 45,Labor Commissioner,,,Under Votes,37
Josephine,Precinct 46,Labor Commissioner,,,Under Votes,55
Josephine,Precinct 47,Labor Commissioner,,,Under Votes,34
Josephine,Precinct 5,Labor Commissioner,,,Under Votes,216
Josephine,Precinct 6,Labor Commissioner,,,Under Votes,186
Josephine,Precinct 7,Labor Commissioner,,,Under Votes,279
Josephine,Precinct 8,Labor Commissioner,,,Under Votes,555
Josephine,Precinct 9,Labor Commissioner,,,Under Votes,25
Josephine,Precinct 1,Labor Commissioner,,,Write-ins,4
Josephine,Precinct 10,Labor Commissioner,,,Write-ins,0
Josephine,Precinct 11,Labor Commissioner,,,Write-ins,0
Josephine,Precinct 12,Labor Commissioner,,,Write-ins,0
Josephine,Precinct 13,Labor Commissioner,,,Write-ins,2
Josephine,Precinct 14,Labor Commissioner,,,Write-ins,1
Josephine,Precinct 15,Labor Commissioner,,,Write-ins,2
Josephine,Precinct 16,Labor Commissioner,,,Write-ins,1
Josephine,Precinct 17,Labor Commissioner,,,Write-ins,0
Josephine,Precinct 18,Labor Commissioner,,,Write-ins,3
Josephine,Precinct 19,Labor Commissioner,,,Write-ins,3
Josephine,Precinct 2,Labor Commissioner,,,Write-ins,2
Josephine,Precinct 20,Labor Commissioner,,,Write-ins,1
Josephine,Precinct 21,Labor Commissioner,,,Write-ins,4
Josephine,Precinct 22,Labor Commissioner,,,Write-ins,1
Josephine,Precinct 23,Labor Commissioner,,,Write-ins,0
Josephine,Precinct 24,Labor Commissioner,,,Write-ins,0
Josephine,Precinct 25,Labor Commissioner,,,Write-ins,0
Josephine,Precinct 26,Labor Commissioner,,,Write-ins,0
Josephine,Precinct 27,Labor Commissioner,,,Write-ins,0
Josephine,Precinct 28,Labor Commissioner,,,Write-ins,1
Josephine,Precinct 29,Labor Commissioner,,,Write-ins,0
Josephine,Precinct 3,Labor Commissioner,,,Write-ins,1
Josephine,Precinct 30,Labor Commissioner,,,Write-ins,1
Josephine,Precinct 31,Labor Commissioner,,,Write-ins,8
Josephine,Precinct 32,Labor Commissioner,,,Write-ins,0
Josephine,Precinct 33,Labor Commissioner,,,Write-ins,0
Josephine,Precinct 34,Labor Commissioner,,,Write-ins,3
Josephine,Precinct 35,Labor Commissioner,,,Write-ins,1
Josephine,Precinct 36,Labor Commissioner,,,Write-ins,1
Josephine,Precinct 37,Labor Commissioner,,,Write-ins,1
Josephine,Precinct 38,Labor Commissioner,,,Write-ins,2
Josephine,Precinct 39,Labor Commissioner,,,Write-ins,2
Josephine,Precinct 4,Labor Commissioner,,,Write-ins,2
Josephine,Precinct 40,Labor Commissioner,,,Write-ins,0
Josephine,Precinct 41,Labor Commissioner,,,Write-ins,0
Josephine,Precinct 42,Labor Commissioner,,,Write-ins,6
Josephine,Precinct 43,Labor Commissioner,,,Write-ins,1
Josephine,Precinct 44,Labor Commissioner,,,Write-ins,1
Josephine,Precinct 45,Labor Commissioner,,,Write-ins,0
Josephine,Precinct 46,Labor Commissioner,,,Write-ins,0
Josephine,Precinct 47,Labor Commissioner,,,Write-ins,1
Josephine,Precinct 5,Labor Commissioner,,,Write-ins,6
Josephine,Precinct 6,Labor Commissioner,,,Write-ins,1
Josephine,Precinct 7,Labor Commissioner,,,Write-ins,3
Josephine,Precinct 8,Labor Commissioner,,,Write-ins,1
Josephine,Precinct 9,Labor Commissioner,,,Write-ins,0
Josephine,Precinct 1,Measure 120-State,,,No,1644
Josephine,Precinct 10,Measure 120-State,,,No,121
Josephine,Precinct 11,Measure 120-State,,,No,122
Josephine,Precinct 12,Measure 120-State,,,No,138
Josephine,Precinct 13,Measure 120-State,,,No,114
Josephine,Precinct 14,Measure 120-State,,,No,44
Josephine,Precinct 15,Measure 120-State,,,No,712
Josephine,Precinct 16,Measure 120-State,,,No,155
Josephine,Precinct 17,Measure 120-State,,,No,737
Josephine,Precinct 18,Measure 120-State,,,No,818
Josephine,Precinct 19,Measure 120-State,,,No,888
Josephine,Precinct 2,Measure 120-State,,,No,2236
Josephine,Precinct 20,Measure 120-State,,,No,109
Josephine,Precinct 21,Measure 120-State,,,No,1340
Josephine,Precinct 22,Measure 120-State,,,No,644
Josephine,Precinct 23,Measure 120-State,,,No,169
Josephine,Precinct 24,Measure 120-State,,,No,311
Josephine,Precinct 25,Measure 120-State,,,No,531
Josephine,Precinct 26,Measure 120-State,,,No,338
Josephine,Precinct 27,Measure 120-State,,,No,226
Josephine,Precinct 28,Measure 120-State,,,No,223
Josephine,Precinct 29,Measure 120-State,,,No,38
Josephine,Precinct 3,Measure 120-State,,,No,712
Josephine,Precinct 30,Measure 120-State,,,No,492
Josephine,Precinct 31,Measure 120-State,,,No,1261
Josephine,Precinct 32,Measure 120-State,,,No,109
Josephine,Precinct 33,Measure 120-State,,,No,338
Josephine,Precinct 34,Measure 120-State,,,No,161
Josephine,Precinct 35,Measure 120-State,,,No,408
Josephine,Precinct 36,Measure 120-State,,,No,1043
Josephine,Precinct 37,Measure 120-State,,,No,559
Josephine,Precinct 38,Measure 120-State,,,No,1286
Josephine,Precinct 39,Measure 120-State,,,No,723
Josephine,Precinct 4,Measure 120-State,,,No,465
Josephine,Precinct 40,Measure 120-State,,,No,341
Josephine,Precinct 41,Measure 120-State,,,No,48
Josephine,Precinct 42,Measure 120-State,,,No,952
Josephine,Precinct 43,Measure 120-State,,,No,627
Josephine,Precinct 44,Measure 120-State,,,No,84
Josephine,Precinct 45,Measure 120-State,,,No,68
Josephine,Precinct 46,Measure 120-State,,,No,128
Josephine,Precinct 47,Measure 120-State,,,No,81
Josephine,Precinct 5,Measure 120-State,,,No,620
Josephine,Precinct 6,Measure 120-State,,,No,477
Josephine,Precinct 7,Measure 120-State,,,No,820
Josephine,Precinct 8,Measure 120-State,,,No,1434
Josephine,Precinct 9,Measure 120-State,,,No,66
Josephine,Precinct 1,Measure 120-State,,,Over Votes,0
Josephine,Precinct 10,Measure 120-State,,,Over Votes,0
Josephine,Precinct 11,Measure 120-State,,,Over Votes,0
Josephine,Precinct 12,Measure 120-State,,,Over Votes,0
Josephine,Precinct 13,Measure 120-State,,,Over Votes,0
Josephine,Precinct 14,Measure 120-State,,,Over Votes,0
Josephine,Precinct 15,Measure 120-State,,,Over Votes,0
Josephine,Precinct 16,Measure 120-State,,,Over Votes,0
Josephine,Precinct 17,Measure 120-State,,,Over Votes,0
Josephine,Precinct 18,Measure 120-State,,,Over Votes,0
Josephine,Precinct 19,Measure 120-State,,,Over Votes,0
Josephine,Precinct 2,Measure 120-State,,,Over Votes,0
Josephine,Precinct 20,Measure 120-State,,,Over Votes,0
Josephine,Precinct 21,Measure 120-State,,,Over Votes,0
Josephine,Precinct 22,Measure 120-State,,,Over Votes,0
Josephine,Precinct 23,Measure 120-State,,,Over Votes,0
Josephine,Precinct 24,Measure 120-State,,,Over Votes,0
Josephine,Precinct 25,Measure 120-State,,,Over Votes,0
Josephine,Precinct 26,Measure 120-State,,,Over Votes,0
Josephine,Precinct 27,Measure 120-State,,,Over Votes,0
Josephine,Precinct 28,Measure 120-State,,,Over Votes,0
Josephine,Precinct 29,Measure 120-State,,,Over Votes,0
Josephine,Precinct 3,Measure 120-State,,,Over Votes,0
Josephine,Precinct 30,Measure 120-State,,,Over Votes,0
Josephine,Precinct 31,Measure 120-State,,,Over Votes,0
Josephine,Precinct 32,Measure 120-State,,,Over Votes,0
Josephine,Precinct 33,Measure 120-State,,,Over Votes,0
Josephine,Precinct 34,Measure 120-State,,,Over Votes,0
Josephine,Precinct 35,Measure 120-State,,,Over Votes,0
Josephine,Precinct 36,Measure 120-State,,,Over Votes,0
Josephine,Precinct 37,Measure 120-State,,,Over Votes,0
Josephine,Precinct 38,Measure 120-State,,,Over Votes,0
Josephine,Precinct 39,Measure 120-State,,,Over Votes,0
Josephine,Precinct 4,Measure 120-State,,,Over Votes,0
Josephine,Precinct 40,Measure 120-State,,,Over Votes,0
Josephine,Precinct 41,Measure 120-State,,,Over Votes,1
Josephine,Precinct 42,Measure 120-State,,,Over Votes,0
Josephine,Precinct 43,Measure 120-State,,,Over Votes,0
Josephine,Precinct 44,Measure 120-State,,,Over Votes,0
Josephine,Precinct 45,Measure 120-State,,,Over Votes,0
Josephine,Precinct 46,Measure 120-State,,,Over Votes,0
Josephine,Precinct 47,Measure 120-State,,,Over Votes,0
Josephine,Precinct 5,Measure 120-State,,,Over Votes,0
Josephine,Precinct 6,Measure 120-State,,,Over Votes,0
Josephine,Precinct 7,Measure 120-State,,,Over Votes,0
Josephine,Precinct 8,Measure 120-State,,,Over Votes,0
Josephine,Precinct 9,Measure 120-State,,,Over Votes,0
Josephine,Precinct 1,Measure 120-State,,,Under Votes,81
Josephine,Precinct 10,Measure 120-State,,,Under Votes,8
Josephine,Precinct 11,Measure 120-State,,,Under Votes,10
Josephine,Precinct 12,Measure 120-State,,,Under Votes,9
Josephine,Precinct 13,Measure 120-State,,,Under Votes,6
Josephine,Precinct 14,Measure 120-State,,,Under Votes,2
Josephine,Precinct 15,Measure 120-State,,,Under Votes,25
Josephine,Precinct 16,Measure 120-State,,,Under Votes,3
Josephine,Precinct 17,Measure 120-State,,,Under Votes,22
Josephine,Precinct 18,Measure 120-State,,,Under Votes,18
Josephine,Precinct 19,Measure 120-State,,,Under Votes,20
Josephine,Precinct 2,Measure 120-State,,,Under Votes,136
Josephine,Precinct 20,Measure 120-State,,,Under Votes,3
Josephine,Precinct 21,Measure 120-State,,,Under Votes,67
Josephine,Precinct 22,Measure 120-State,,,Under Votes,11
Josephine,Precinct 23,Measure 120-State,,,Under Votes,5
Josephine,Precinct 24,Measure 120-State,,,Under Votes,10
Josephine,Precinct 25,Measure 120-State,,,Under Votes,9
Josephine,Precinct 26,Measure 120-State,,,Under Votes,12
Josephine,Precinct 27,Measure 120-State,,,Under Votes,7
Josephine,Precinct 28,Measure 120-State,,,Under Votes,15
Josephine,Precinct 29,Measure 120-State,,,Under Votes,1
Josephine,Precinct 3,Measure 120-State,,,Under Votes,29
Josephine,Precinct 30,Measure 120-State,,,Under Votes,12
Josephine,Precinct 31,Measure 120-State,,,Under Votes,61
Josephine,Precinct 32,Measure 120-State,,,Under Votes,0
Josephine,Precinct 33,Measure 120-State,,,Under Votes,12
Josephine,Precinct 34,Measure 120-State,,,Under Votes,5
Josephine,Precinct 35,Measure 120-State,,,Under Votes,10
Josephine,Precinct 36,Measure 120-State,,,Under Votes,41
Josephine,Precinct 37,Measure 120-State,,,Under Votes,12
Josephine,Precinct 38,Measure 120-State,,,Under Votes,49
Josephine,Precinct 39,Measure 120-State,,,Under Votes,24
Josephine,Precinct 4,Measure 120-State,,,Under Votes,24
Josephine,Precinct 40,Measure 120-State,,,Under Votes,16
Josephine,Precinct 41,Measure 120-State,,,Under Votes,4
Josephine,Precinct 42,Measure 120-State,,,Under Votes,18
Josephine,Precinct 43,Measure 120-State,,,Under Votes,15
Josephine,Precinct 44,Measure 120-State,,,Under Votes,2
Josephine,Precinct 45,Measure 120-State,,,Under Votes,3
Josephine,Precinct 46,Measure 120-State,,,Under Votes,14
Josephine,Precinct 47,Measure 120-State,,,Under Votes,2
Josephine,Precinct 5,Measure 120-State,,,Under Votes,32
Josephine,Precinct 6,Measure 120-State,,,Under Votes,22
Josephine,Precinct 7,Measure 120-State,,,Under Votes,35
Josephine,Precinct 8,Measure 120-State,,,Under Votes,72
Josephine,Precinct 9,Measure 120-State,,,Under Votes,3
Josephine,Precinct 1,Measure 120-State,,,Yes,350
Josephine,Precinct 10,Measure 120-State,,,Yes,20
Josephine,Precinct 11,Measure 120-State,,,Yes,15
Josephine,Precinct 12,Measure 120-State,,,Yes,15
Josephine,Precinct 13,Measure 120-State,,,Yes,12
Josephine,Precinct 14,Measure 120-State,,,Yes,4
Josephine,Precinct 15,Measure 120-State,,,Yes,49
Josephine,Precinct 16,Measure 120-State,,,Yes,13
Josephine,Precinct 17,Measure 120-State,,,Yes,81
Josephine,Precinct 18,Measure 120-State,,,Yes,66
Josephine,Precinct 19,Measure 120-State,,,Yes,87
Josephine,Precinct 2,Measure 120-State,,,Yes,219
Josephine,Precinct 20,Measure 120-State,,,Yes,6
Josephine,Precinct 21,Measure 120-State,,,Yes,135
Josephine,Precinct 22,Measure 120-State,,,Yes,41
Josephine,Precinct 23,Measure 120-State,,,Yes,10
Josephine,Precinct 24,Measure 120-State,,,Yes,39
Josephine,Precinct 25,Measure 120-State,,,Yes,46
Josephine,Precinct 26,Measure 120-State,,,Yes,26
Josephine,Precinct 27,Measure 120-State,,,Yes,16
Josephine,Precinct 28,Measure 120-State,,,Yes,14
Josephine,Precinct 29,Measure 120-State,,,Yes,1
Josephine,Precinct 3,Measure 120-State,,,Yes,95
Josephine,Precinct 30,Measure 120-State,,,Yes,56
Josephine,Precinct 31,Measure 120-State,,,Yes,162
Josephine,Precinct 32,Measure 120-State,,,Yes,15
Josephine,Precinct 33,Measure 120-State,,,Yes,21
Josephine,Precinct 34,Measure 120-State,,,Yes,27
Josephine,Precinct 35,Measure 120-State,,,Yes,28
Josephine,Precinct 36,Measure 120-State,,,Yes,71
Josephine,Precinct 37,Measure 120-State,,,Yes,41
Josephine,Precinct 38,Measure 120-State,,,Yes,112
Josephine,Precinct 39,Measure 120-State,,,Yes,73
Josephine,Precinct 4,Measure 120-State,,,Yes,72
Josephine,Precinct 40,Measure 120-State,,,Yes,49
Josephine,Precinct 41,Measure 120-State,,,Yes,3
Josephine,Precinct 42,Measure 120-State,,,Yes,61
Josephine,Precinct 43,Measure 120-State,,,Yes,43
Josephine,Precinct 44,Measure 120-State,,,Yes,10
Josephine,Precinct 45,Measure 120-State,,,Yes,4
Josephine,Precinct 46,Measure 120-State,,,Yes,6
Josephine,Precinct 47,Measure 120-State,,,Yes,8
Josephine,Precinct 5,Measure 120-State,,,Yes,80
Josephine,Precinct 6,Measure 120-State,,,Yes,55
Josephine,Precinct 7,Measure 120-State,,,Yes,96
Josephine,Precinct 8,Measure 120-State,,,Yes,160
Josephine,Precinct 9,Measure 120-State,,,Yes,10
Josephine,Precinct 28,Measure 17-126,,,No,118
Josephine,Precinct 30,Measure 17-126,,,No,280
Josephine,Precinct 31,Measure 17-126,,,No,561
Josephine,Precinct 34,Measure 17-126,,,No,87
Josephine,Precinct 37,Measure 17-126,,,No,293
Josephine,Precinct 44,Measure 17-126,,,No,12
Josephine,Precinct 28,Measure 17-126,,,Over Votes,0
Josephine,Precinct 30,Measure 17-126,,,Over Votes,0
Josephine,Precinct 31,Measure 17-126,,,Over Votes,0
Josephine,Precinct 34,Measure 17-126,,,Over Votes,0
Josephine,Precinct 37,Measure 17-126,,,Over Votes,0
Josephine,Precinct 44,Measure 17-126,,,Over Votes,0
Josephine,Precinct 28,Measure 17-126,,,Under Votes,13
Josephine,Precinct 30,Measure 17-126,,,Under Votes,18
Josephine,Precinct 31,Measure 17-126,,,Under Votes,41
Josephine,Precinct 34,Measure 17-126,,,Under Votes,7
Josephine,Precinct 37,Measure 17-126,,,Under Votes,14
Josephine,Precinct 44,Measure 17-126,,,Under Votes,1
Josephine,Precinct 28,Measure 17-126,,,Yes,121
Josephine,Precinct 30,Measure 17-126,,,Yes,262
Josephine,Precinct 31,Measure 17-126,,,Yes,661
Josephine,Precinct 34,Measure 17-126,,,Yes,90
Josephine,Precinct 37,Measure 17-126,,,Yes,287
Josephine,Precinct 44,Measure 17-126,,,Yes,13
Josephine,Precinct 1,Measure 17-127,,,No,681
Josephine,Precinct 10,Measure 17-127,,,No,63
Josephine,Precinct 11,Measure 17-127,,,No,64
Josephine,Precinct 12,Measure 17-127,,,No,55
Josephine,Precinct 13,Measure 17-127,,,No,67
Josephine,Precinct 14,Measure 17-127,,,No,23
Josephine,Precinct 15,Measure 17-127,,,No,331
Josephine,Precinct 16,Measure 17-127,,,No,82
Josephine,Precinct 17,Measure 17-127,,,No,331
Josephine,Precinct 18,Measure 17-127,,,No,425
Josephine,Precinct 19,Measure 17-127,,,No,465
Josephine,Precinct 2,Measure 17-127,,,No,1051
Josephine,Precinct 20,Measure 17-127,,,No,65
Josephine,Precinct 21,Measure 17-127,,,No,772
Josephine,Precinct 22,Measure 17-127,,,No,358
Josephine,Precinct 23,Measure 17-127,,,No,94
Josephine,Precinct 24,Measure 17-127,,,No,160
Josephine,Precinct 25,Measure 17-127,,,No,262
Josephine,Precinct 26,Measure 17-127,,,No,199
Josephine,Precinct 27,Measure 17-127,,,No,122
Josephine,Precinct 28,Measure 17-127,,,No,128
Josephine,Precinct 29,Measure 17-127,,,No,23
Josephine,Precinct 3,Measure 17-127,,,No,314
Josephine,Precinct 30,Measure 17-127,,,No,287
Josephine,Precinct 31,Measure 17-127,,,No,688
Josephine,Precinct 32,Measure 17-127,,,No,51
Josephine,Precinct 33,Measure 17-127,,,No,179
Josephine,Precinct 34,Measure 17-127,,,No,88
Josephine,Precinct 35,Measure 17-127,,,No,201
Josephine,Precinct 36,Measure 17-127,,,No,566
Josephine,Precinct 37,Measure 17-127,,,No,316
Josephine,Precinct 38,Measure 17-127,,,No,720
Josephine,Precinct 39,Measure 17-127,,,No,374
Josephine,Precinct 4,Measure 17-127,,,No,211
Josephine,Precinct 40,Measure 17-127,,,No,180
Josephine,Precinct 41,Measure 17-127,,,No,24
Josephine,Precinct 42,Measure 17-127,,,No,556
Josephine,Precinct 43,Measure 17-127,,,No,326
Josephine,Precinct 44,Measure 17-127,,,No,38
Josephine,Precinct 45,Measure 17-127,,,No,40
Josephine,Precinct 46,Measure 17-127,,,No,73
Josephine,Precinct 47,Measure 17-127,,,No,42
Josephine,Precinct 5,Measure 17-127,,,No,278
Josephine,Precinct 6,Measure 17-127,,,No,221
Josephine,Precinct 7,Measure 17-127,,,No,392
Josephine,Precinct 8,Measure 17-127,,,No,715
Josephine,Precinct 9,Measure 17-127,,,No,33
Josephine,Precinct 1,Measure 17-127,,,Over Votes,0
Josephine,Precinct 10,Measure 17-127,,,Over Votes,0
Josephine,Precinct 11,Measure 17-127,,,Over Votes,0
Josephine,Precinct 12,Measure 17-127,,,Over Votes,0
Josephine,Precinct 13,Measure 17-127,,,Over Votes,0
Josephine,Precinct 14,Measure 17-127,,,Over Votes,0
Josephine,Precinct 15,Measure 17-127,,,Over Votes,0
Josephine,Precinct 16,Measure 17-127,,,Over Votes,0
Josephine,Precinct 17,Measure 17-127,,,Over Votes,0
Josephine,Precinct 18,Measure 17-127,,,Over Votes,0
Josephine,Precinct 19,Measure 17-127,,,Over Votes,0
Josephine,Precinct 2,Measure 17-127,,,Over Votes,0
Josephine,Precinct 20,Measure 17-127,,,Over Votes,0
Josephine,Precinct 21,Measure 17-127,,,Over Votes,0
Josephine,Precinct 22,Measure 17-127,,,Over Votes,0
Josephine,Precinct 23,Measure 17-127,,,Over Votes,0
Josephine,Precinct 24,Measure 17-127,,,Over Votes,0
Josephine,Precinct 25,Measure 17-127,,,Over Votes,0
Josephine,Precinct 26,Measure 17-127,,,Over Votes,0
Josephine,Precinct 27,Measure 17-127,,,Over Votes,0
Josephine,Precinct 28,Measure 17-127,,,Over Votes,0
Josephine,Precinct 29,Measure 17-127,,,Over Votes,0
Josephine,Precinct 3,Measure 17-127,,,Over Votes,0
Josephine,Precinct 30,Measure 17-127,,,Over Votes,0
Josephine,Precinct 31,Measure 17-127,,,Over Votes,0
Josephine,Precinct 32,Measure 17-127,,,Over Votes,0
Josephine,Precinct 33,Measure 17-127,,,Over Votes,0
Josephine,Precinct 34,Measure 17-127,,,Over Votes,0
Josephine,Precinct 35,Measure 17-127,,,Over Votes,0
Josephine,Precinct 36,Measure 17-127,,,Over Votes,0
Josephine,Precinct 37,Measure 17-127,,,Over Votes,0
Josephine,Precinct 38,Measure 17-127,,,Over Votes,0
Josephine,Precinct 39,Measure 17-127,,,Over Votes,0
Josephine,Precinct 4,Measure 17-127,,,Over Votes,0
Josephine,Precinct 40,Measure 17-127,,,Over Votes,0
Josephine,Precinct 41,Measure 17-127,,,Over Votes,0
Josephine,Precinct 42,Measure 17-127,,,Over Votes,0
Josephine,Precinct 43,Measure 17-127,,,Over Votes,0
Josephine,Precinct 44,Measure 17-127,,,Over Votes,0
Josephine,Precinct 45,Measure 17-127,,,Over Votes,0
Josephine,Precinct 46,Measure 17-127,,,Over Votes,0
Josephine,Precinct 47,Measure 17-127,,,Over Votes,0
Josephine,Precinct 5,Measure 17-127,,,Over Votes,0
Josephine,Precinct 6,Measure 17-127,,,Over Votes,0
Josephine,Precinct 7,Measure 17-127,,,Over Votes,0
Josephine,Precinct 8,Measure 17-127,,,Over Votes,0
Josephine,Precinct 9,Measure 17-127,,,Over Votes,0
Josephine,Precinct 1,Measure 17-127,,,Under Votes,106
Josephine,Precinct 10,Measure 17-127,,,Under Votes,7
Josephine,Precinct 11,Measure 17-127,,,Under Votes,6
Josephine,Precinct 12,Measure 17-127,,,Under Votes,6
Josephine,Precinct 13,Measure 17-127,,,Under Votes,12
Josephine,Precinct 14,Measure 17-127,,,Under Votes,4
Josephine,Precinct 15,Measure 17-127,,,Under Votes,39
Josephine,Precinct 16,Measure 17-127,,,Under Votes,7
Josephine,Precinct 17,Measure 17-127,,,Under Votes,37
Josephine,Precinct 18,Measure 17-127,,,Under Votes,26
Josephine,Precinct 19,Measure 17-127,,,Under Votes,26
Josephine,Precinct 2,Measure 17-127,,,Under Votes,153
Josephine,Precinct 20,Measure 17-127,,,Under Votes,4
Josephine,Precinct 21,Measure 17-127,,,Under Votes,77
Josephine,Precinct 22,Measure 17-127,,,Under Votes,24
Josephine,Precinct 23,Measure 17-127,,,Under Votes,6
Josephine,Precinct 24,Measure 17-127,,,Under Votes,12
Josephine,Precinct 25,Measure 17-127,,,Under Votes,17
Josephine,Precinct 26,Measure 17-127,,,Under Votes,20
Josephine,Precinct 27,Measure 17-127,,,Under Votes,12
Josephine,Precinct 28,Measure 17-127,,,Under Votes,10
Josephine,Precinct 29,Measure 17-127,,,Under Votes,3
Josephine,Precinct 3,Measure 17-127,,,Under Votes,44
Josephine,Precinct 30,Measure 17-127,,,Under Votes,21
Josephine,Precinct 31,Measure 17-127,,,Under Votes,56
Josephine,Precinct 32,Measure 17-127,,,Under Votes,2
Josephine,Precinct 33,Measure 17-127,,,Under Votes,10
Josephine,Precinct 34,Measure 17-127,,,Under Votes,5
Josephine,Precinct 35,Measure 17-127,,,Under Votes,23
Josephine,Precinct 36,Measure 17-127,,,Under Votes,44
Josephine,Precinct 37,Measure 17-127,,,Under Votes,20
Josephine,Precinct 38,Measure 17-127,,,Under Votes,66
Josephine,Precinct 39,Measure 17-127,,,Under Votes,38
Josephine,Precinct 4,Measure 17-127,,,Under Votes,32
Josephine,Precinct 40,Measure 17-127,,,Under Votes,20
Josephine,Precinct 41,Measure 17-127,,,Under Votes,5
Josephine,Precinct 42,Measure 17-127,,,Under Votes,25
Josephine,Precinct 43,Measure 17-127,,,Under Votes,25
Josephine,Precinct 44,Measure 17-127,,,Under Votes,4
Josephine,Precinct 45,Measure 17-127,,,Under Votes,6
Josephine,Precinct 46,Measure 17-127,,,Under Votes,16
Josephine,Precinct 47,Measure 17-127,,,Under Votes,3
Josephine,Precinct 5,Measure 17-127,,,Under Votes,42
Josephine,Precinct 6,Measure 17-127,,,Under Votes,32
Josephine,Precinct 7,Measure 17-127,,,Under Votes,43
Josephine,Precinct 8,Measure 17-127,,,Under Votes,82
Josephine,Precinct 9,Measure 17-127,,,Under Votes,7
Josephine,Precinct 1,Measure 17-127,,,Yes,1288
Josephine,Precinct 10,Measure 17-127,,,Yes,79
Josephine,Precinct 11,Measure 17-127,,,Yes,77
Josephine,Precinct 12,Measure 17-127,,,Yes,101
Josephine,Precinct 13,Measure 17-127,,,Yes,53
Josephine,Precinct 14,Measure 17-127,,,Yes,23
Josephine,Precinct 15,Measure 17-127,,,Yes,416
Josephine,Precinct 16,Measure 17-127,,,Yes,82
Josephine,Precinct 17,Measure 17-127,,,Yes,472
Josephine,Precinct 18,Measure 17-127,,,Yes,451
Josephine,Precinct 19,Measure 17-127,,,Yes,504
Josephine,Precinct 2,Measure 17-127,,,Yes,1387
Josephine,Precinct 20,Measure 17-127,,,Yes,49
Josephine,Precinct 21,Measure 17-127,,,Yes,693
Josephine,Precinct 22,Measure 17-127,,,Yes,314
Josephine,Precinct 23,Measure 17-127,,,Yes,84
Josephine,Precinct 24,Measure 17-127,,,Yes,188
Josephine,Precinct 25,Measure 17-127,,,Yes,307
Josephine,Precinct 26,Measure 17-127,,,Yes,157
Josephine,Precinct 27,Measure 17-127,,,Yes,115
Josephine,Precinct 28,Measure 17-127,,,Yes,114
Josephine,Precinct 29,Measure 17-127,,,Yes,14
Josephine,Precinct 3,Measure 17-127,,,Yes,478
Josephine,Precinct 30,Measure 17-127,,,Yes,252
Josephine,Precinct 31,Measure 17-127,,,Yes,740
Josephine,Precinct 32,Measure 17-127,,,Yes,71
Josephine,Precinct 33,Measure 17-127,,,Yes,182
Josephine,Precinct 34,Measure 17-127,,,Yes,100
Josephine,Precinct 35,Measure 17-127,,,Yes,222
Josephine,Precinct 36,Measure 17-127,,,Yes,545
Josephine,Precinct 37,Measure 17-127,,,Yes,276
Josephine,Precinct 38,Measure 17-127,,,Yes,661
Josephine,Precinct 39,Measure 17-127,,,Yes,408
Josephine,Precinct 4,Measure 17-127,,,Yes,318
Josephine,Precinct 40,Measure 17-127,,,Yes,206
Josephine,Precinct 41,Measure 17-127,,,Yes,27
Josephine,Precinct 42,Measure 17-127,,,Yes,450
Josephine,Precinct 43,Measure 17-127,,,Yes,334
Josephine,Precinct 44,Measure 17-127,,,Yes,54
Josephine,Precinct 45,Measure 17-127,,,Yes,29
Josephine,Precinct 46,Measure 17-127,,,Yes,59
Josephine,Precinct 47,Measure 17-127,,,Yes,46
Josephine,Precinct 5,Measure 17-127,,,Yes,412
Josephine,Precinct 6,Measure 17-127,,,Yes,301
Josephine,Precinct 7,Measure 17-127,,,Yes,516
Josephine,Precinct 8,Measure 17-127,,,Yes,869
Josephine,Precinct 9,Measure 17-127,,,Yes,39
Josephine,Precinct 40,Precinct Committee Person,,D,Allison Cleveland,52
Josephine,Precinct 7,Precinct Committee Person,,D,Arielle Marks,125
Josephine,Precinct 26,Precinct Committee Person,,D,Bonnie Cameron,48
Josephine,Precinct 39,Precinct Committee Person,,D,Brian Clark,76
Josephine,Precinct 13,Precinct Committee Person,,D,Constance Palaia,17
Josephine,Precinct 44,Precinct Committee Person,,D,Debbie Dean,13
Josephine,Precinct 26,Precinct Committee Person,,D,Devon Dorn,40
Josephine,Precinct 6,Precinct Committee Person,,D,Donald M. Demsher,67
Josephine,Precinct 44,Precinct Committee Person,,D,Dorothy Yetter,14
Josephine,Precinct 3,Precinct Committee Person,,D,Erin Cook,95
Josephine,Precinct 1,Precinct Committee Person,,D,Eva Voris Avery,217
Josephine,Precinct 18,Precinct Committee Person,,D,Gail Gasso,80
Josephine,Precinct 21,Precinct Committee Person,,D,Jane Slama,105
Josephine,Precinct 37,Precinct Committee Person,,D,Jerry Allen,69
Josephine,Precinct 8,Precinct Committee Person,,D,Joe Stodola,182
Josephine,Precinct 2,Precinct Committee Person,,D,John Torre,181
Josephine,Precinct 15,Precinct Committee Person,,D,Karen Tate,72
Josephine,Precinct 39,Precinct Committee Person,,D,Kelly Deichler,75
Josephine,Precinct 13,Precinct Committee Person,,D,Kevin P. Marr,6
Josephine,Precinct 18,Precinct Committee Person,,D,Kirby A. Erickson,70
Josephine,Precinct 1,Precinct Committee Person,,D,Loree Arthur,205
Josephine,Precinct 2,Precinct Committee Person,,D,Loren Jackrre,203
Josephine,Precinct 6,Precinct Committee Person,,D,Lynda Demsher,68
Josephine,Precinct 43,Precinct Committee Person,,D,Lynda Spangler,69
Josephine,Precinct 42,Precinct Committee Person,,D,Maiko Maya,73
Josephine,Precinct 4,Precinct Committee Person,,D,Marie Bat'El,79
Josephine,Precinct 6,Precinct Committee Person,,D,Mary Hinds,70
Josephine,Precinct 35,Precinct Committee Person,,D,Mick Terry,40
Josephine,Precinct 1,Precinct Committee Person,,D,Over Votes,0
Josephine,Precinct 10,Precinct Committee Person,,D,Over Votes,0
Josephine,Precinct 11,Precinct Committee Person,,D,Over Votes,0
Josephine,Precinct 12,Precinct Committee Person,,D,Over Votes,0
Josephine,Precinct 13,Precinct Committee Person,,D,Over Votes,0
Josephine,Precinct 14,Precinct Committee Person,,D,Over Votes,0
Josephine,Precinct 15,Precinct Committee Person,,D,Over Votes,0
Josephine,Precinct 16,Precinct Committee Person,,D,Over Votes,0
Josephine,Precinct 17,Precinct Committee Person,,D,Over Votes,0
Josephine,Precinct 18,Precinct Committee Person,,D,Over Votes,0
Josephine,Precinct 19,Precinct Committee Person,,D,Over Votes,8
Josephine,Precinct 2,Precinct Committee Person,,D,Over Votes,0
Josephine,Precinct 20,Precinct Committee Person,,D,Over Votes,0
Josephine,Precinct 21,Precinct Committee Person,,D,Over Votes,0
Josephine,Precinct 22,Precinct Committee Person,,D,Over Votes,0
Josephine,Precinct 23,Precinct Committee Person,,D,Over Votes,0
Josephine,Precinct 24,Precinct Committee Person,,D,Over Votes,0
Josephine,Precinct 25,Precinct Committee Person,,D,Over Votes,0
Josephine,Precinct 26,Precinct Committee Person,,D,Over Votes,0
Josephine,Precinct 27,Precinct Committee Person,,D,Over Votes,0
Josephine,Precinct 28,Precinct Committee Person,,D,Over Votes,0
Josephine,Precinct 29,Precinct Committee Person,,D,Over Votes,0
Josephine,Precinct 3,Precinct Committee Person,,D,Over Votes,0
Josephine,Precinct 30,Precinct Committee Person,,D,Over Votes,0
Josephine,Precinct 31,Precinct Committee Person,,D,Over Votes,0
Josephine,Precinct 32,Precinct Committee Person,,D,Over Votes,0
Josephine,Precinct 33,Precinct Committee Person,,D,Over Votes,0
Josephine,Precinct 34,Precinct Committee Person,,D,Over Votes,0
Josephine,Precinct 35,Precinct Committee Person,,D,Over Votes,0
Josephine,Precinct 36,Precinct Committee Person,,D,Over Votes,0
Josephine,Precinct 37,Precinct Committee Person,,D,Over Votes,0
Josephine,Precinct 38,Precinct Committee Person,,D,Over Votes,0
Josephine,Precinct 39,Precinct Committee Person,,D,Over Votes,0
Josephine,Precinct 4,Precinct Committee Person,,D,Over Votes,0
Josephine,Precinct 40,Precinct Committee Person,,D,Over Votes,0
Josephine,Precinct 41,Precinct Committee Person,,D,Over Votes,0
Josephine,Precinct 42,Precinct Committee Person,,D,Over Votes,9
Josephine,Precinct 43,Precinct Committee Person,,D,Over Votes,0
Josephine,Precinct 44,Precinct Committee Person,,D,Over Votes,0
Josephine,Precinct 45,Precinct Committee Person,,D,Over Votes,0
Josephine,Precinct 46,Precinct Committee Person,,D,Over Votes,0
Josephine,Precinct 47,Precinct Committee Person,,D,Over Votes,0
Josephine,Precinct 5,Precinct Committee Person,,D,Over Votes,9
Josephine,Precinct 6,Precinct Committee Person,,D,Over Votes,0
Josephine,Precinct 7,Precinct Committee Person,,D,Over Votes,0
Josephine,Precinct 8,Precinct Committee Person,,D,Over Votes,0
Josephine,Precinct 9,Precinct Committee Person,,D,Over Votes,0
Josephine,Precinct 31,Precinct Committee Person,,D,Ray Wilberg,191
Josephine,Precinct 23,Precinct Committee Person,,D,Rebecca Anderson,13
Josephine,Precinct 36,Precinct Committee Person,,D,Rhonda Lawrence,108
Josephine,Precinct 39,Precinct Committee Person,,D,Richard (Rick) Flora,71
Josephine,Precinct 1,Precinct Committee Person,,D,Robert Bath,247
Josephine,Precinct 5,Precinct Committee Person,,D,Robert Brosius,62
Josephine,Precinct 25,Precinct Committee Person,,D,Ron Wright,50
Josephine,Precinct 15,Precinct Committee Person,,D,Roy Tate,61
Josephine,Precinct 21,Precinct Committee Person,,D,Sheri Morin,122
Josephine,Precinct 1,Precinct Committee Person,,D,Sheryl Eldredge,210
Josephine,Precinct 19,Precinct Committee Person,,D,Susan Fischer-Maki,89
Josephine,Precinct 3,Precinct Committee Person,,D,Susan Sund,84
Josephine,Precinct 13,Precinct Committee Person,,D,Sylvia Marr,19
Josephine,Precinct 1,Precinct Committee Person,,D,Under Votes,10735
Josephine,Precinct 10,Precinct Committee Person,,D,Under Votes,74
Josephine,Precinct 11,Precinct Committee Person,,D,Under Votes,72
Josephine,Precinct 12,Precinct Committee Person,,D,Under Votes,86
Josephine,Precinct 13,Precinct Committee Person,,D,Under Votes,20
Josephine,Precinct 14,Precinct Committee Person,,D,Under Votes,22
Josephine,Precinct 15,Precinct Committee Person,,D,Under Votes,791
Josephine,Precinct 16,Precinct Committee Person,,D,Under Votes,46
Josephine,Precinct 17,Precinct Committee Person,,D,Under Votes,1239
Josephine,Precinct 18,Precinct Committee Person,,D,Under Votes,1262
Josephine,Precinct 19,Precinct Committee Person,,D,Under Votes,1398
Josephine,Precinct 2,Precinct Committee Person,,D,Under Votes,15961
Josephine,Precinct 20,Precinct Committee Person,,D,Under Votes,46
Josephine,Precinct 21,Precinct Committee Person,,D,Under Votes,4522
Josephine,Precinct 22,Precinct Committee Person,,D,Under Votes,688
Josephine,Precinct 23,Precinct Committee Person,,D,Under Votes,39
Josephine,Precinct 24,Precinct Committee Person,,D,Under Votes,215
Josephine,Precinct 25,Precinct Committee Person,,D,Under Votes,579
Josephine,Precinct 26,Precinct Committee Person,,D,Under Votes,170
Josephine,Precinct 27,Precinct Committee Person,,D,Under Votes,160
Josephine,Precinct 28,Precinct Committee Person,,D,Under Votes,168
Josephine,Precinct 29,Precinct Committee Person,,D,Under Votes,10
Josephine,Precinct 3,Precinct Committee Person,,D,Under Votes,2012
Josephine,Precinct 30,Precinct Committee Person,,D,Under Votes,742
Josephine,Precinct 31,Precinct Committee Person,,D,Under Votes,7311
Josephine,Precinct 32,Precinct Committee Person,,D,Under Votes,72
Josephine,Precinct 33,Precinct Committee Person,,D,Under Votes,215
Josephine,Precinct 34,Precinct Committee Person,,D,Under Votes,118
Josephine,Precinct 35,Precinct Committee Person,,D,Under Votes,300
Josephine,Precinct 36,Precinct Committee Person,,D,Under Votes,1967
Josephine,Precinct 37,Precinct Committee Person,,D,Under Votes,930
Josephine,Precinct 38,Precinct Committee Person,,D,Under Votes,3672
Josephine,Precinct 39,Precinct Committee Person,,D,Under Votes,748
Josephine,Precinct 4,Precinct Committee Person,,D,Under Votes,1233
Josephine,Precinct 40,Precinct Committee Person,,D,Under Votes,515
Josephine,Precinct 41,Precinct Committee Person,,D,Under Votes,12
Josephine,Precinct 42,Precinct Committee Person,,D,Under Votes,1550
Josephine,Precinct 43,Precinct Committee Person,,D,Under Votes,871
Josephine,Precinct 44,Precinct Committee Person,,D,Under Votes,21
Josephine,Precinct 45,Precinct Committee Person,,D,Under Votes,28
Josephine,Precinct 46,Precinct Committee Person,,D,Under Votes,52
Josephine,Precinct 47,Precinct Committee Person,,D,Under Votes,52
Josephine,Precinct 5,Precinct Committee Person,,D,Under Votes,1611
Josephine,Precinct 6,Precinct Committee Person,,D,Under Votes,528
Josephine,Precinct 7,Precinct Committee Person,,D,Under Votes,3477
Josephine,Precinct 8,Precinct Committee Person,,D,Under Votes,7177
Josephine,Precinct 9,Precinct Committee Person,,D,Under Votes,22
Josephine,Precinct 1,Precinct Committee Person,,D,Vivian Fulgencio,199
Josephine,Precinct 30,Precinct Committee Person,,D,Wayne Overlin,67
Josephine,Precinct 1,Precinct Committee Person,,D,Write-ins,62
Josephine,Precinct 10,Precinct Committee Person,,D,Write-ins,0
Josephine,Precinct 11,Precinct Committee Person,,D,Write-ins,2
Josephine,Precinct 12,Precinct Committee Person,,D,Write-ins,0
Josephine,Precinct 13,Precinct Committee Person,,D,Write-ins,0
Josephine,Precinct 14,Precinct Committee Person,,D,Write-ins,0
Josephine,Precinct 15,Precinct Committee Person,,D,Write-ins,0
Josephine,Precinct 16,Precinct Committee Person,,D,Write-ins,0
Josephine,Precinct 17,Precinct Committee Person,,D,Write-ins,7
Josephine,Precinct 18,Precinct Committee Person,,D,Write-ins,12
Josephine,Precinct 19,Precinct Committee Person,,D,Write-ins,1
Josephine,Precinct 2,Precinct Committee Person,,D,Write-ins,7
Josephine,Precinct 20,Precinct Committee Person,,D,Write-ins,0
Josephine,Precinct 21,Precinct Committee Person,,D,Write-ins,53
Josephine,Precinct 22,Precinct Committee Person,,D,Write-ins,8
Josephine,Precinct 23,Precinct Committee Person,,D,Write-ins,0
Josephine,Precinct 24,Precinct Committee Person,,D,Write-ins,1
Josephine,Precinct 25,Precinct Committee Person,,D,Write-ins,1
Josephine,Precinct 26,Precinct Committee Person,,D,Write-ins,3
Josephine,Precinct 27,Precinct Committee Person,,D,Write-ins,5
Josephine,Precinct 28,Precinct Committee Person,,D,Write-ins,0
Josephine,Precinct 29,Precinct Committee Person,,D,Write-ins,0
Josephine,Precinct 3,Precinct Committee Person,,D,Write-ins,14
Josephine,Precinct 30,Precinct Committee Person,,D,Write-ins,1
Josephine,Precinct 31,Precinct Committee Person,,D,Write-ins,28
Josephine,Precinct 32,Precinct Committee Person,,D,Write-ins,0
Josephine,Precinct 33,Precinct Committee Person,,D,Write-ins,4
Josephine,Precinct 34,Precinct Committee Person,,D,Write-ins,4
Josephine,Precinct 35,Precinct Committee Person,,D,Write-ins,4
Josephine,Precinct 36,Precinct Committee Person,,D,Write-ins,4
Josephine,Precinct 37,Precinct Committee Person,,D,Write-ins,2
Josephine,Precinct 38,Precinct Committee Person,,D,Write-ins,20
Josephine,Precinct 39,Precinct Committee Person,,D,Write-ins,14
Josephine,Precinct 4,Precinct Committee Person,,D,Write-ins,8
Josephine,Precinct 40,Precinct Committee Person,,D,Write-ins,1
Josephine,Precinct 41,Precinct Committee Person,,D,Write-ins,0
Josephine,Precinct 42,Precinct Committee Person,,D,Write-ins,6
Josephine,Precinct 43,Precinct Committee Person,,D,Write-ins,5
Josephine,Precinct 44,Precinct Committee Person,,D,Write-ins,0
Josephine,Precinct 45,Precinct Committee Person,,D,Write-ins,0
Josephine,Precinct 46,Precinct Committee Person,,D,Write-ins,0
Josephine,Precinct 47,Precinct Committee Person,,D,Write-ins,0
Josephine,Precinct 5,Precinct Committee Person,,D,Write-ins,1
Josephine,Precinct 6,Precinct Committee Person,,D,Write-ins,2
Josephine,Precinct 7,Precinct Committee Person,,D,Write-ins,12
Josephine,Precinct 8,Precinct Committee Person,,D,Write-ins,21
Josephine,Precinct 9,Precinct Committee Person,,D,Write-ins,4
Josephine,Precinct 3,Precinct Committee Person,,R,Alan J. Koebrick,106
Josephine,Precinct 17,Precinct Committee Person,,R,Andreas Blech,137
Josephine,Precinct 22,Precinct Committee Person,,R,Arden Sleadd,206
Josephine,Precinct 19,Precinct Committee Person,,R,Ariani Estela,188
Josephine,Precinct 31,Precinct Committee Person,,R,Art Robinson,275
Josephine,Precinct 2,Precinct Committee Person,,R,Ashley West,310
Josephine,Precinct 5,Precinct Committee Person,,R,Bambi Bianchi,74
Josephine,Precinct 38,Precinct Committee Person,,R,Barbara A. Henderson,293
Josephine,Precinct 17,Precinct Committee Person,,R,Becky Lemler,133
Josephine,Precinct 40,Precinct Committee Person,,R,Bill Ertel,76
Josephine,Precinct 26,Precinct Committee Person,,R,Bill Kronert,94
Josephine,Precinct 10,Precinct Committee Person,,R,Bonnie MacDonald,47
Josephine,Precinct 43,Precinct Committee Person,,R,Brenda Sisson,111
Josephine,Precinct 38,Precinct Committee Person,,R,Brenton Slatterbeck,281
Josephine,Precinct 19,Precinct Committee Person,,R,Brian Slatterbeck,190
Josephine,Precinct 14,Precinct Committee Person,,R,Bryan Welden,13
Josephine,Precinct 38,Precinct Committee Person,,R,Candy Kaiser,298
Josephine,Precinct 4,Precinct Committee Person,,R,Candy Rosenberg,67
Josephine,Precinct 36,Precinct Committee Person,,R,Carol A. Names,221
Josephine,Precinct 3,Precinct Committee Person,,R,CarolAnne Durante,106
Josephine,Precinct 1,Precinct Committee Person,,R,Cassie Wilkins,257
Josephine,Precinct 7,Precinct Committee Person,,R,Cathy Millard,101
Josephine,Precinct 21,Precinct Committee Person,,R,Cheryl L. Bright,229
Josephine,Precinct 15,Precinct Committee Person,,R,Chris Barnett,152
Josephine,Precinct 42,Precinct Committee Person,,R,Christie Myers,181
Josephine,Precinct 2,Precinct Committee Person,,R,Christina L. Schloegl,319
Josephine,Precinct 37,Precinct Committee Person,,R,Chuck Johnston,81
Josephine,Precinct 2,Precinct Committee Person,,R,Clara Welles,318
Josephine,Precinct 21,Precinct Committee Person,,R,Clyde A. Bergquist,260
Josephine,Precinct 21,Precinct Committee Person,,R,Colene Martin,300
Josephine,Precinct 43,Precinct Committee Person,,R,Cynthia Mahoney,109
Josephine,Precinct 2,Precinct Committee Person,,R,Daniel P. Carpenter,299
Josephine,Precinct 36,Precinct Committee Person,,R,Danilo Herrera Jr,221
Josephine,Precinct 24,Precinct Committee Person,,R,Darius Englen,98
Josephine,Precinct 15,Precinct Committee Person,,R,David Bushnell,191
Josephine,Precinct 5,Precinct Committee Person,,R,David Dapper,96
Josephine,Precinct 39,Precinct Committee Person,,R,David Twitchell,174
Josephine,Precinct 1,Precinct Committee Person,,R,Debbie Thomason,277
Josephine,Precinct 36,Precinct Committee Person,,R,Deborah K. Reaza,226
Josephine,Precinct 8,Precinct Committee Person,,R,Donald Fasching,153
Josephine,Precinct 10,Precinct Committee Person,,R,Donelle Gambucci,44
Josephine,Precinct 23,Precinct Committee Person,,R,Donna Nicely,52
Josephine,Precinct 33,Precinct Committee Person,,R,Dottie Swartz,74
Josephine,Precinct 8,Precinct Committee Person,,R,Dwayne Yunker,318
Josephine,Precinct 2,Precinct Committee Person,,R,Emme C. Schloegl,315
Josephine,Precinct 19,Precinct Committee Person,,R,Eric Henderson,218
Josephine,Precinct 2,Precinct Committee Person,,R,Erich C. Schloegl,323
Josephine,Precinct 26,Precinct Committee Person,,R,Eugenia Kronert,90
Josephine,Precinct 31,Precinct Committee Person,,R,Fama Robinson,248
Josephine,Precinct 6,Precinct Committee Person,,R,Fawn Dapper,83
Josephine,Precinct 17,Precinct Committee Person,,R,Felicia Velez,126
Josephine,Precinct 21,Precinct Committee Person,,R,Frank Kauffman,237
Josephine,Precinct 11,Precinct Committee Person,,R,Frank Morgan,39
Josephine,Precinct 1,Precinct Committee Person,,R,Gary E. Gross,245
Josephine,Precinct 2,Precinct Committee Person,,R,Gary Richardson,371
Josephine,Precinct 35,Precinct Committee Person,,R,Georglyn K. Lamphier,80
Josephine,Precinct 8,Precinct Committee Person,,R,Gina Yunker,201
Josephine,Precinct 45,Precinct Committee Person,,R,Ginny Stegemiller,10
Josephine,Precinct 3,Precinct Committee Person,,R,Heidi Napier,99
Josephine,Precinct 12,Precinct Committee Person,,R,Herman E. Baertschiger Jr,40
Josephine,Precinct 39,Precinct Committee Person,,R,Holli Morton,182
Josephine,Precinct 1,Precinct Committee Person,,R,Indra Nicholas,278
Josephine,Precinct 20,Precinct Committee Person,,R,James L. Thompson,27
Josephine,Precinct 23,Precinct Committee Person,,R,James Siano Sr,52
Josephine,Precinct 36,Precinct Committee Person,,R,James W. Reese,227
Josephine,Precinct 37,Precinct Committee Person,,R,Jamie Wilson,87
Josephine,Precinct 42,Precinct Committee Person,,R,Jane Girard,172
Josephine,Precinct 18,Precinct Committee Person,,R,Janet Knapp,188
Josephine,Precinct 4,Precinct Committee Person,,R,Janet L. Preston,52
Josephine,Precinct 1,Precinct Committee Person,,R,Jay Meredith,261
Josephine,Precinct 42,Precinct Committee Person,,R,Jeffrey Thomas,176
Josephine,Precinct 22,Precinct Committee Person,,R,Jennifer Green,201
Josephine,Precinct 21,Precinct Committee Person,,R,Jeremy Rossi,250
Josephine,Precinct 25,Precinct Committee Person,,R,Jerry Cruickshank,115
Josephine,Precinct 29,Precinct Committee Person,,R,Jery Buckholz,11
Josephine,Precinct 22,Precinct Committee Person,,R,Jim Brumbach,219
Josephine,Precinct 34,Precinct Committee Person,,R,John Harding,35
Josephine,Precinct 39,Precinct Committee Person,,R,John Myers,176
Josephine,Precinct 1,Precinct Committee Person,,R,John Noveske Sr,284
Josephine,Precinct 22,Precinct Committee Person,,R,John Sleadd,204
Josephine,Precinct 36,Precinct Committee Person,,R,John West,283
Josephine,Precinct 18,Precinct Committee Person,,R,Jonathan Knapp,199
Josephine,Precinct 30,Precinct Committee Person,,R,Jonathan Loren Robinson,83
Josephine,Precinct 8,Precinct Committee Person,,R,Jordan Mortenson,155
Josephine,Precinct 21,Precinct Committee Person,,R,Joseph Rice,249
Josephine,Precinct 30,Precinct Committee Person,,R,Joseph W. Robinson,99
Josephine,Precinct 31,Precinct Committee Person,,R,Joshua Robinson,256
Josephine,Precinct 42,Precinct Committee Person,,R,Judith D. Arzner,163
Josephine,Precinct 13,Precinct Committee Person,,R,Judy Ahrens,37
Josephine,Precinct 38,Precinct Committee Person,,R,Julie Johnston,281
Josephine,Precinct 41,Precinct Committee Person,,R,Julie Thomas,6
Josephine,Precinct 42,Precinct Committee Person,,R,Karen R. Arzner,172
Josephine,Precinct 22,Precinct Committee Person,,R,Karl Keen,191
Josephine,Precinct 6,Precinct Committee Person,,R,Kathleen Krohn,99
Josephine,Precinct 4,Precinct Committee Person,,R,Kathy Coelho,55
Josephine,Precinct 16,Precinct Committee Person,,R,Kelly Dominguez,52
Josephine,Precinct 21,Precinct Committee Person,,R,Kelsie K. Bergquist,259
Josephine,Precinct 2,Precinct Committee Person,,R,Kenneth Porter,326
Josephine,Precinct 8,Precinct Committee Person,,R,Kevin Gambucci,150
Josephine,Precinct 33,Precinct Committee Person,,R,Kevin Richmond,83
Josephine,Precinct 24,Precinct Committee Person,,R,Kirk Jensen,67
Josephine,Precinct 15,Precinct Committee Person,,R,Kris Kirby,169
Josephine,Precinct 8,Precinct Committee Person,,R,Kris Shelton,144
Josephine,Precinct 1,Precinct Committee Person,,R,Kristin Noveske,275
Josephine,Precinct 2,Precinct Committee Person,,R,Kurt F. Neathammer,325
Josephine,Precinct 19,Precinct Committee Person,,R,Laurie Johansen,189
Josephine,Precinct 7,Precinct Committee Person,,R,Lenora Swift,81
Josephine,Precinct 9,Precinct Committee Person,,R,Lily Morgan,25
Josephine,Precinct 18,Precinct Committee Person,,R,Linda Smith,182
Josephine,Precinct 19,Precinct Committee Person,,R,Lisa C. Christian,197
Josephine,Precinct 39,Precinct Committee Person,,R,Lisa Lamb,174
Josephine,Precinct 38,Precinct Committee Person,,R,Lynn Murdock,282
Josephine,Precinct 14,Precinct Committee Person,,R,Marc Kirby,13
Josephine,Precinct 21,Precinct Committee Person,,R,Mariah Rossi,247
Josephine,Precinct 18,Precinct Committee Person,,R,Marjie Wilkie,182
Josephine,Precinct 43,Precinct Committee Person,,R,Mark Dominguez,116
Josephine,Precinct 42,Precinct Committee Person,,R,Marla Kasdorf,169
Josephine,Precinct 36,Precinct Committee Person,,R,Mary Berns,242
Josephine,Precinct 31,Precinct Committee Person,,R,Matthew L. Robinson,255
Josephine,Precinct 21,Precinct Committee Person,,R,Melisa Biencourt,244
Josephine,Precinct 41,Precinct Committee Person,,R,Michael W. Arzner,5
Josephine,Precinct 11,Precinct Committee Person,,R,Mikah L. Morgan,39
Josephine,Precinct 18,Precinct Committee Person,,R,Mike Demith,177
Josephine,Precinct 38,Precinct Committee Person,,R,Mike P. Bastian,288
Josephine,Precinct 7,Precinct Committee Person,,R,Mike Pelfrey,110
Josephine,Precinct 21,Precinct Committee Person,,R,Nancy Edie,231
Josephine,Precinct 36,Precinct Committee Person,,R,Nancy L. Reese,237
Josephine,Precinct 37,Precinct Committee Person,,R,Neigel Von Hruska,106
Josephine,Precinct 38,Precinct Committee Person,,R,Neil Kaiser,287
Josephine,Precinct 31,Precinct Committee Person,,R,Noah Robinson,277
Josephine,Precinct 26,Precinct Committee Person,,R,Norm Foley,92
Josephine,Precinct 36,Precinct Committee Person,,R,Oliva Herrera,230
Josephine,Precinct 1,Precinct Committee Person,,R,Over Votes,0
Josephine,Precinct 10,Precinct Committee Person,,R,Over Votes,0
Josephine,Precinct 11,Precinct Committee Person,,R,Over Votes,0
Josephine,Precinct 12,Precinct Committee Person,,R,Over Votes,0
Josephine,Precinct 13,Precinct Committee Person,,R,Over Votes,0
Josephine,Precinct 14,Precinct Committee Person,,R,Over Votes,0
Josephine,Precinct 15,Precinct Committee Person,,R,Over Votes,0
Josephine,Precinct 16,Precinct Committee Person,,R,Over Votes,0
Josephine,Precinct 17,Precinct Committee Person,,R,Over Votes,0
Josephine,Precinct 18,Precinct Committee Person,,R,Over Votes,0
Josephine,Precinct 19,Precinct Committee Person,,R,Over Votes,0
Josephine,Precinct 2,Precinct Committee Person,,R,Over Votes,0
Josephine,Precinct 20,Precinct Committee Person,,R,Over Votes,0
Josephine,Precinct 21,Precinct Committee Person,,R,Over Votes,28
Josephine,Precinct 22,Precinct Committee Person,,R,Over Votes,0
Josephine,Precinct 23,Precinct Committee Person,,R,Over Votes,0
Josephine,Precinct 24,Precinct Committee Person,,R,Over Votes,0
Josephine,Precinct 25,Precinct Committee Person,,R,Over Votes,0
Josephine,Precinct 26,Precinct Committee Person,,R,Over Votes,0
Josephine,Precinct 27,Precinct Committee Person,,R,Over Votes,0
Josephine,Precinct 28,Precinct Committee Person,,R,Over Votes,0
Josephine,Precinct 29,Precinct Committee Person,,R,Over Votes,0
Josephine,Precinct 3,Precinct Committee Person,,R,Over Votes,0
Josephine,Precinct 30,Precinct Committee Person,,R,Over Votes,0
Josephine,Precinct 31,Precinct Committee Person,,R,Over Votes,0
Josephine,Precinct 32,Precinct Committee Person,,R,Over Votes,0
Josephine,Precinct 33,Precinct Committee Person,,R,Over Votes,0
Josephine,Precinct 34,Precinct Committee Person,,R,Over Votes,0
Josephine,Precinct 35,Precinct Committee Person,,R,Over Votes,0
Josephine,Precinct 36,Precinct Committee Person,,R,Over Votes,0
Josephine,Precinct 37,Precinct Committee Person,,R,Over Votes,7
Josephine,Precinct 38,Precinct Committee Person,,R,Over Votes,0
Josephine,Precinct 39,Precinct Committee Person,,R,Over Votes,0
Josephine,Precinct 4,Precinct Committee Person,,R,Over Votes,8
Josephine,Precinct 40,Precinct Committee Person,,R,Over Votes,0
Josephine,Precinct 41,Precinct Committee Person,,R,Over Votes,0
Josephine,Precinct 42,Precinct Committee Person,,R,Over Votes,0
Josephine,Precinct 43,Precinct Committee Person,,R,Over Votes,0
Josephine,Precinct 44,Precinct Committee Person,,R,Over Votes,0
Josephine,Precinct 45,Precinct Committee Person,,R,Over Votes,0
Josephine,Precinct 46,Precinct Committee Person,,R,Over Votes,0
Josephine,Precinct 47,Precinct Committee Person,,R,Over Votes,0
Josephine,Precinct 5,Precinct Committee Person,,R,Over Votes,0
Josephine,Precinct 6,Precinct Committee Person,,R,Over Votes,0
Josephine,Precinct 7,Precinct Committee Person,,R,Over Votes,0
Josephine,Precinct 8,Precinct Committee Person,,R,Over Votes,0
Josephine,Precinct 9,Precinct Committee Person,,R,Over Votes,0
Josephine,Precinct 31,Precinct Committee Person,,R,Pam White,226
Josephine,Precinct 43,Precinct Committee Person,,R,Pat Mahoney,107
Josephine,Precinct 1,Precinct Committee Person,,R,Patrick William Ryan,236
Josephine,Precinct 2,Precinct Committee Person,,R,Patti Budesilich,298
Josephine,Precinct 17,Precinct Committee Person,,R,Patty West,141
Josephine,Precinct 38,Precinct Committee Person,,R,Paul Porner,284
Josephine,Precinct 2,Precinct Committee Person,,R,Paul Schaafsma,340
Josephine,Precinct 40,Precinct Committee Person,,R,Paula Warden,47
Josephine,Precinct 21,Precinct Committee Person,,R,Phillip N. Roark,226
Josephine,Precinct 25,Precinct Committee Person,,R,Revella Ruschmeyer,78
Josephine,Precinct 2,Precinct Committee Person,,R,Richard A. McCall,305
Josephine,Precinct 21,Precinct Committee Person,,R,Richard B. Gomez,224
Josephine,Precinct 42,Precinct Committee Person,,R,Richard Bush,174
Josephine,Precinct 30,Precinct Committee Person,,R,Richard Clipp,91
Josephine,Precinct 38,Precinct Committee Person,,R,Richard Koury,281
Josephine,Precinct 6,Precinct Committee Person,,R,Richard M. Asaro,86
Josephine,Precinct 38,Precinct Committee Person,,R,Richard M. Murdock,282
Josephine,Precinct 2,Precinct Committee Person,,R,Richard N. Emmons,361
Josephine,Precinct 36,Precinct Committee Person,,R,Richard Reaza,219
Josephine,Precinct 38,Precinct Committee Person,,R,Robert A. Henderson,299
Josephine,Precinct 37,Precinct Committee Person,,R,Robert B. McNeill,87
Josephine,Precinct 21,Precinct Committee Person,,R,Robert C. Papke,230
Josephine,Precinct 22,Precinct Committee Person,,R,Robert E. Schaller,186
Josephine,Precinct 18,Precinct Committee Person,,R,Robert Lewman,179
Josephine,Precinct 19,Precinct Committee Person,,R,Ron Lee,197
Josephine,Precinct 18,Precinct Committee Person,,R,Ron Martin,204
Josephine,Precinct 35,Precinct Committee Person,,R,Ron Ruby,83
Josephine,Precinct 39,Precinct Committee Person,,R,Ronald L. Lamb,172
Josephine,Precinct 1,Precinct Committee Person,,R,Rosemary E. Adams,228
Josephine,Precinct 43,Precinct Committee Person,,R,Russ McAlmond,117
Josephine,Precinct 42,Precinct Committee Person,,R,Sabastian H. Foucher,168
Josephine,Precinct 21,Precinct Committee Person,,R,Sandra Gomez,220
Josephine,Precinct 31,Precinct Committee Person,,R,Sarah F. Robinson,260
Josephine,Precinct 15,Precinct Committee Person,,R,Scott S. Marshall,159
Josephine,Precinct 8,Precinct Committee Person,,R,Seth Benham,267
Josephine,Precinct 2,Precinct Committee Person,,R,Sharon L. Carpenter,297
Josephine,Precinct 38,Precinct Committee Person,,R,Sharon Porner,283
Josephine,Precinct 8,Precinct Committee Person,,R,Sheana Edwards,144
Josephine,Precinct 2,Precinct Committee Person,,R,Shelly Slack,313
Josephine,Precinct 12,Precinct Committee Person,,R,Sherri L. Mitchell,32
Josephine,Precinct 31,Precinct Committee Person,,R,Simon Hare,221
Josephine,Precinct 2,Precinct Committee Person,,R,Skip Welles,324
Josephine,Precinct 15,Precinct Committee Person,,R,Stefani Barnett,140
Josephine,Precinct 15,Precinct Committee Person,,R,Steve Raycraft,163
Josephine,Precinct 3,Precinct Committee Person,,R,Sue Stout,90
Josephine,Precinct 38,Precinct Committee Person,,R,Susan Cabrera,284
Josephine,Precinct 2,Precinct Committee Person,,R,Susan E. Lockrem,324
Josephine,Precinct 16,Precinct Committee Person,,R,Susie Wheaton,66
Josephine,Precinct 8,Precinct Committee Person,,R,Suzanne Barber,158
Josephine,Precinct 9,Precinct Committee Person,,R,Suzanne J. Woodrum,16
Josephine,Precinct 18,Precinct Committee Person,,R,Teresa Benham-Demith,181
Josephine,Precinct 39,Precinct Committee Person,,R,Terri Millard,202
Josephine,Precinct 1,Precinct Committee Person,,R,Tiffany Gotchall,253
Josephine,Precinct 43,Precinct Committee Person,,R,Timothy J. Minshull,107
Josephine,Precinct 1,Precinct Committee Person,,R,Tina Gotchall,277
Josephine,Precinct 2,Precinct Committee Person,,R,Tony Budesilich,304
Josephine,Precinct 33,Precinct Committee Person,,R,Tony Swartz,77
Josephine,Precinct 1,Precinct Committee Person,,R,Under Votes,14451
Josephine,Precinct 10,Precinct Committee Person,,R,Under Votes,59
Josephine,Precinct 11,Precinct Committee Person,,R,Under Votes,84
Josephine,Precinct 12,Precinct Committee Person,,R,Under Votes,72
Josephine,Precinct 13,Precinct Committee Person,,R,Under Votes,63
Josephine,Precinct 14,Precinct Committee Person,,R,Under Votes,18
Josephine,Precinct 15,Precinct Committee Person,,R,Under Votes,1808
Josephine,Precinct 16,Precinct Committee Person,,R,Under Votes,112
Josephine,Precinct 17,Precinct Committee Person,,R,Under Votes,2293
Josephine,Precinct 18,Precinct Committee Person,,R,Under Votes,2737
Josephine,Precinct 19,Precinct Committee Person,,R,Under Votes,3218
Josephine,Precinct 2,Precinct Committee Person,,R,Under Votes,34162
Josephine,Precinct 20,Precinct Committee Person,,R,Under Votes,91
Josephine,Precinct 21,Precinct Committee Person,,R,Under Votes,8311
Josephine,Precinct 22,Precinct Committee Person,,R,Under Votes,1453
Josephine,Precinct 23,Precinct Committee Person,,R,Under Votes,140
Josephine,Precinct 24,Precinct Committee Person,,R,Under Votes,493
Josephine,Precinct 25,Precinct Committee Person,,R,Under Votes,1352
Josephine,Precinct 26,Precinct Committee Person,,R,Under Votes,329
Josephine,Precinct 27,Precinct Committee Person,,R,Under Votes,350
Josephine,Precinct 28,Precinct Committee Person,,R,Under Votes,354
Josephine,Precinct 29,Precinct Committee Person,,R,Under Votes,31
Josephine,Precinct 3,Precinct Committee Person,,R,Under Votes,2943
Josephine,Precinct 30,Precinct Committee Person,,R,Under Votes,1212
Josephine,Precinct 31,Precinct Committee Person,,R,Under Votes,6210
Josephine,Precinct 32,Precinct Committee Person,,R,Under Votes,124
Josephine,Precinct 33,Precinct Committee Person,,R,Under Votes,389
Josephine,Precinct 34,Precinct Committee Person,,R,Under Votes,120
Josephine,Precinct 35,Precinct Committee Person,,R,Under Votes,729
Josephine,Precinct 36,Precinct Committee Person,,R,Under Votes,3878
Josephine,Precinct 37,Precinct Committee Person,,R,Under Votes,1658
Josephine,Precinct 38,Precinct Committee Person,,R,Under Votes,6520
Josephine,Precinct 39,Precinct Committee Person,,R,Under Votes,1784
Josephine,Precinct 4,Precinct Committee Person,,R,Under Votes,1862
Josephine,Precinct 40,Precinct Committee Person,,R,Under Votes,506
Josephine,Precinct 41,Precinct Committee Person,,R,Under Votes,45
Josephine,Precinct 42,Precinct Committee Person,,R,Under Votes,4116
Josephine,Precinct 43,Precinct Committee Person,,R,Under Votes,2013
Josephine,Precinct 44,Precinct Committee Person,,R,Under Votes,74
Josephine,Precinct 45,Precinct Committee Person,,R,Under Votes,63
Josephine,Precinct 46,Precinct Committee Person,,R,Under Votes,152
Josephine,Precinct 47,Precinct Committee Person,,R,Under Votes,104
Josephine,Precinct 5,Precinct Committee Person,,R,Under Votes,3073
Josephine,Precinct 6,Precinct Committee Person,,R,Under Votes,1174
Josephine,Precinct 7,Precinct Committee Person,,R,Under Votes,4891
Josephine,Precinct 8,Precinct Committee Person,,R,Under Votes,13429
Josephine,Precinct 9,Precinct Committee Person,,R,Under Votes,60
Josephine,Precinct 3,Precinct Committee Person,,R,Victoria Marshall,92
Josephine,Precinct 19,Precinct Committee Person,,R,Viken Nokhoudian,187
Josephine,Precinct 19,Precinct Committee Person,,R,Vivi Wells,190
Josephine,Precinct 13,Precinct Committee Person,,R,Vivian Kirkpatrick-Pilger,34
Josephine,Precinct 17,Precinct Committee Person,,R,Wayne Lemler,135
Josephine,Precinct 17,Precinct Committee Person,,R,William F. Ghena,136
Josephine,Precinct 35,Precinct Committee Person,,R,William R. Hunker,105
Josephine,Precinct 7,Precinct Committee Person,,R,Winnie,66
Josephine,Precinct 1,Precinct Committee Person,,R,Write-ins,82
Josephine,Precinct 10,Precinct Committee Person,,R,Write-ins,0
Josephine,Precinct 11,Precinct Committee Person,,R,Write-ins,0
Josephine,Precinct 12,Precinct Committee Person,,R,Write-ins,0
Josephine,Precinct 13,Precinct Committee Person,,R,Write-ins,4
Josephine,Precinct 14,Precinct Committee Person,,R,Write-ins,0
Josephine,Precinct 15,Precinct Committee Person,,R,Write-ins,32
Josephine,Precinct 16,Precinct Committee Person,,R,Write-ins,0
Josephine,Precinct 17,Precinct Committee Person,,R,Write-ins,35
Josephine,Precinct 18,Precinct Committee Person,,R,Write-ins,11
Josephine,Precinct 19,Precinct Committee Person,,R,Write-ins,18
Josephine,Precinct 2,Precinct Committee Person,,R,Write-ins,78
Josephine,Precinct 20,Precinct Committee Person,,R,Write-ins,0
Josephine,Precinct 21,Precinct Committee Person,,R,Write-ins,43
Josephine,Precinct 22,Precinct Committee Person,,R,Write-ins,4
Josephine,Precinct 23,Precinct Committee Person,,R,Write-ins,0
Josephine,Precinct 24,Precinct Committee Person,,R,Write-ins,8
Josephine,Precinct 25,Precinct Committee Person,,R,Write-ins,5
Josephine,Precinct 26,Precinct Committee Person,,R,Write-ins,1
Josephine,Precinct 27,Precinct Committee Person,,R,Write-ins,7
Josephine,Precinct 28,Precinct Committee Person,,R,Write-ins,3
Josephine,Precinct 29,Precinct Committee Person,,R,Write-ins,0
Josephine,Precinct 3,Precinct Committee Person,,R,Write-ins,38
Josephine,Precinct 30,Precinct Committee Person,,R,Write-ins,9
Josephine,Precinct 31,Precinct Committee Person,,R,Write-ins,49
Josephine,Precinct 32,Precinct Committee Person,,R,Write-ins,0
Josephine,Precinct 33,Precinct Committee Person,,R,Write-ins,1
Josephine,Precinct 34,Precinct Committee Person,,R,Write-ins,3
Josephine,Precinct 35,Precinct Committee Person,,R,Write-ins,7
Josephine,Precinct 36,Precinct Committee Person,,R,Write-ins,37
Josephine,Precinct 37,Precinct Committee Person,,R,Write-ins,18
Josephine,Precinct 38,Precinct Committee Person,,R,Write-ins,1
Josephine,Precinct 39,Precinct Committee Person,,R,Write-ins,10
Josephine,Precinct 4,Precinct Committee Person,,R,Write-ins,4
Josephine,Precinct 40,Precinct Committee Person,,R,Write-ins,3
Josephine,Precinct 41,Precinct Committee Person,,R,Write-ins,0
Josephine,Precinct 42,Precinct Committee Person,,R,Write-ins,35
Josephine,Precinct 43,Precinct Committee Person,,R,Write-ins,15
Josephine,Precinct 44,Precinct Committee Person,,R,Write-ins,2
Josephine,Precinct 45,Precinct Committee Person,,R,Write-ins,1
Josephine,Precinct 46,Precinct Committee Person,,R,Write-ins,4
Josephine,Precinct 47,Precinct Committee Person,,R,Write-ins,0
Josephine,Precinct 5,Precinct Committee Person,,R,Write-ins,15
Josephine,Precinct 6,Precinct Committee Person,,R,Write-ins,18
Josephine,Precinct 7,Precinct Committee Person,,R,Write-ins,29
Josephine,Precinct 8,Precinct Committee Person,,R,Write-ins,73
Josephine,Precinct 9,Precinct Committee Person,,R,Write-ins,1
Josephine,Precinct 31,Precinct Committee Person,,R,Zachary W. Robinson,273
Josephine,Precinct 1,State House,3,D,Over Votes,0
Josephine,Precinct 10,State House,3,D,Over Votes,0
Josephine,Precinct 11,State House,3,D,Over Votes,0
Josephine,Precinct 12,State House,3,D,Over Votes,0
Josephine,Precinct 13,State House,3,D,Over Votes,0
Josephine,Precinct 14,State House,3,D,Over Votes,0
Josephine,Precinct 15,State House,3,D,Over Votes,0
Josephine,Precinct 16,State House,3,D,Over Votes,0
Josephine,Precinct 17,State House,3,D,Over Votes,0
Josephine,Precinct 18,State House,3,D,Over Votes,0
Josephine,Precinct 19,State House,3,D,Over Votes,0
Josephine,Precinct 2,State House,3,D,Over Votes,0
Josephine,Precinct 24,State House,3,D,Over Votes,0
Josephine,Precinct 26,State House,3,D,Over Votes,0
Josephine,Precinct 28,State House,3,D,Over Votes,0
Josephine,Precinct 29,State House,3,D,Over Votes,0
Josephine,Precinct 3,State House,3,D,Over Votes,0
Josephine,Precinct 30,State House,3,D,Over Votes,0
Josephine,Precinct 31,State House,3,D,Over Votes,0
Josephine,Precinct 33,State House,3,D,Over Votes,0
Josephine,Precinct 34,State House,3,D,Over Votes,0
Josephine,Precinct 36,State House,3,D,Over Votes,0
Josephine,Precinct 37,State House,3,D,Over Votes,0
Josephine,Precinct 38,State House,3,D,Over Votes,0
Josephine,Precinct 4,State House,3,D,Over Votes,0
Josephine,Precinct 40,State House,3,D,Over Votes,0
Josephine,Precinct 44,State House,3,D,Over Votes,0
Josephine,Precinct 46,State House,3,D,Over Votes,0
Josephine,Precinct 47,State House,3,D,Over Votes,0
Josephine,Precinct 5,State House,3,D,Over Votes,0
Josephine,Precinct 6,State House,3,D,Over Votes,0
Josephine,Precinct 7,State House,3,D,Over Votes,0
Josephine,Precinct 8,State House,3,D,Over Votes,0
Josephine,Precinct 9,State House,3,D,Over Votes,0
Josephine,Precinct 1,State House,3,D,Susan Fischer-Maki,423
Josephine,Precinct 10,State House,3,D,Susan Fischer-Maki,30
Josephine,Precinct 11,State House,3,D,Susan Fischer-Maki,23
Josephine,Precinct 12,State House,3,D,Susan Fischer-Maki,30
Josephine,Precinct 13,State House,3,D,Susan Fischer-Maki,25
Josephine,Precinct 14,State House,3,D,Susan Fischer-Maki,7
Josephine,Precinct 15,State House,3,D,Susan Fischer-Maki,110
Josephine,Precinct 16,State House,3,D,Susan Fischer-Maki,13
Josephine,Precinct 17,State House,3,D,Susan Fischer-Maki,122
Josephine,Precinct 18,State House,3,D,Susan Fischer-Maki,130
Josephine,Precinct 19,State House,3,D,Susan Fischer-Maki,134
Josephine,Precinct 2,State House,3,D,Susan Fischer-Maki,421
Josephine,Precinct 24,State House,3,D,Susan Fischer-Maki,47
Josephine,Precinct 26,State House,3,D,Susan Fischer-Maki,56
Josephine,Precinct 28,State House,3,D,Susan Fischer-Maki,40
Josephine,Precinct 29,State House,3,D,Susan Fischer-Maki,3
Josephine,Precinct 3,State House,3,D,Susan Fischer-Maki,162
Josephine,Precinct 30,State House,3,D,Susan Fischer-Maki,97
Josephine,Precinct 31,State House,3,D,Susan Fischer-Maki,355
Josephine,Precinct 33,State House,3,D,Susan Fischer-Maki,48
Josephine,Precinct 34,State House,3,D,Susan Fischer-Maki,37
Josephine,Precinct 36,State House,3,D,Susan Fischer-Maki,160
Josephine,Precinct 37,State House,3,D,Susan Fischer-Maki,103
Josephine,Precinct 38,State House,3,D,Susan Fischer-Maki,182
Josephine,Precinct 4,State House,3,D,Susan Fischer-Maki,125
Josephine,Precinct 40,State House,3,D,Susan Fischer-Maki,92
Josephine,Precinct 44,State House,3,D,Susan Fischer-Maki,15
Josephine,Precinct 46,State House,3,D,Susan Fischer-Maki,14
Josephine,Precinct 47,State House,3,D,Susan Fischer-Maki,17
Josephine,Precinct 5,State House,3,D,Susan Fischer-Maki,128
Josephine,Precinct 6,State House,3,D,Susan Fischer-Maki,103
Josephine,Precinct 7,State House,3,D,Susan Fischer-Maki,203
Josephine,Precinct 8,State House,3,D,Susan Fischer-Maki,291
Josephine,Precinct 9,State House,3,D,Susan Fischer-Maki,8
Josephine,Precinct 1,State House,3,D,Under Votes,200
Josephine,Precinct 10,State House,3,D,Under Votes,7
Josephine,Precinct 11,State House,3,D,Under Votes,14
Josephine,Precinct 12,State House,3,D,Under Votes,12
Josephine,Precinct 13,State House,3,D,Under Votes,6
Josephine,Precinct 14,State House,3,D,Under Votes,4
Josephine,Precinct 15,State House,3,D,Under Votes,42
Josephine,Precinct 16,State House,3,D,Under Votes,9
Josephine,Precinct 17,State House,3,D,Under Votes,51
Josephine,Precinct 18,State House,3,D,Under Votes,46
Josephine,Precinct 19,State House,3,D,Under Votes,53
Josephine,Precinct 2,State House,3,D,Under Votes,156
Josephine,Precinct 24,State House,3,D,Under Votes,24
Josephine,Precinct 26,State House,3,D,Under Votes,31
Josephine,Precinct 28,State House,3,D,Under Votes,16
Josephine,Precinct 29,State House,3,D,Under Votes,2
Josephine,Precinct 3,State House,3,D,Under Votes,82
Josephine,Precinct 30,State House,3,D,Under Votes,35
Josephine,Precinct 31,State House,3,D,Under Votes,143
Josephine,Precinct 33,State House,3,D,Under Votes,25
Josephine,Precinct 34,State House,3,D,Under Votes,24
Josephine,Precinct 36,State House,3,D,Under Votes,69
Josephine,Precinct 37,State House,3,D,Under Votes,40
Josephine,Precinct 38,State House,3,D,Under Votes,97
Josephine,Precinct 4,State House,3,D,Under Votes,35
Josephine,Precinct 40,State House,3,D,Under Votes,48
Josephine,Precinct 44,State House,3,D,Under Votes,9
Josephine,Precinct 46,State House,3,D,Under Votes,12
Josephine,Precinct 47,State House,3,D,Under Votes,9
Josephine,Precinct 5,State House,3,D,Under Votes,57
Josephine,Precinct 6,State House,3,D,Under Votes,42
Josephine,Precinct 7,State House,3,D,Under Votes,73
Josephine,Precinct 8,State House,3,D,Under Votes,117
Josephine,Precinct 9,State House,3,D,Under Votes,5
Josephine,Precinct 1,State House,3,D,Write-ins,2
Josephine,Precinct 10,State House,3,D,Write-ins,0
Josephine,Precinct 11,State House,3,D,Write-ins,0
Josephine,Precinct 12,State House,3,D,Write-ins,1
Josephine,Precinct 13,State House,3,D,Write-ins,0
Josephine,Precinct 14,State House,3,D,Write-ins,0
Josephine,Precinct 15,State House,3,D,Write-ins,2
Josephine,Precinct 16,State House,3,D,Write-ins,1
Josephine,Precinct 17,State House,3,D,Write-ins,5
Josephine,Precinct 18,State House,3,D,Write-ins,2
Josephine,Precinct 19,State House,3,D,Write-ins,0
Josephine,Precinct 2,State House,3,D,Write-ins,7
Josephine,Precinct 24,State House,3,D,Write-ins,1
Josephine,Precinct 26,State House,3,D,Write-ins,0
Josephine,Precinct 28,State House,3,D,Write-ins,0
Josephine,Precinct 29,State House,3,D,Write-ins,0
Josephine,Precinct 3,State House,3,D,Write-ins,1
Josephine,Precinct 30,State House,3,D,Write-ins,3
Josephine,Precinct 31,State House,3,D,Write-ins,4
Josephine,Precinct 33,State House,3,D,Write-ins,0
Josephine,Precinct 34,State House,3,D,Write-ins,0
Josephine,Precinct 36,State House,3,D,Write-ins,2
Josephine,Precinct 37,State House,3,D,Write-ins,0
Josephine,Precinct 38,State House,3,D,Write-ins,5
Josephine,Precinct 4,State House,3,D,Write-ins,5
Josephine,Precinct 40,State House,3,D,Write-ins,2
Josephine,Precinct 44,State House,3,D,Write-ins,0
Josephine,Precinct 46,State House,3,D,Write-ins,0
Josephine,Precinct 47,State House,3,D,Write-ins,0
Josephine,Precinct 5,State House,3,D,Write-ins,2
Josephine,Precinct 6,State House,3,D,Write-ins,2
Josephine,Precinct 7,State House,3,D,Write-ins,2
Josephine,Precinct 8,State House,3,D,Write-ins,2
Josephine,Precinct 9,State House,3,D,Write-ins,0
Josephine,Precinct 1,State House,3,R,Dwayne Yunker,488
Josephine,Precinct 10,State House,3,R,Dwayne Yunker,53
Josephine,Precinct 11,State House,3,R,Dwayne Yunker,45
Josephine,Precinct 12,State House,3,R,Dwayne Yunker,37
Josephine,Precinct 13,State House,3,R,Dwayne Yunker,40
Josephine,Precinct 14,State House,3,R,Dwayne Yunker,15
Josephine,Precinct 15,State House,3,R,Dwayne Yunker,229
Josephine,Precinct 16,State House,3,R,Dwayne Yunker,66
Josephine,Precinct 17,State House,3,R,Dwayne Yunker,261
Josephine,Precinct 18,State House,3,R,Dwayne Yunker,307
Josephine,Precinct 19,State House,3,R,Dwayne Yunker,341
Josephine,Precinct 2,State House,3,R,Dwayne Yunker,837
Josephine,Precinct 24,State House,3,R,Dwayne Yunker,116
Josephine,Precinct 26,State House,3,R,Dwayne Yunker,114
Josephine,Precinct 28,State House,3,R,Dwayne Yunker,51
Josephine,Precinct 29,State House,3,R,Dwayne Yunker,14
Josephine,Precinct 3,State House,3,R,Dwayne Yunker,194
Josephine,Precinct 30,State House,3,R,Dwayne Yunker,152
Josephine,Precinct 31,State House,3,R,Dwayne Yunker,330
Josephine,Precinct 33,State House,3,R,Dwayne Yunker,124
Josephine,Precinct 34,State House,3,R,Dwayne Yunker,54
Josephine,Precinct 36,State House,3,R,Dwayne Yunker,415
Josephine,Precinct 37,State House,3,R,Dwayne Yunker,184
Josephine,Precinct 38,State House,3,R,Dwayne Yunker,474
Josephine,Precinct 4,State House,3,R,Dwayne Yunker,144
Josephine,Precinct 40,State House,3,R,Dwayne Yunker,99
Josephine,Precinct 44,State House,3,R,Dwayne Yunker,24
Josephine,Precinct 46,State House,3,R,Dwayne Yunker,36
Josephine,Precinct 47,State House,3,R,Dwayne Yunker,31
Josephine,Precinct 5,State House,3,R,Dwayne Yunker,182
Josephine,Precinct 6,State House,3,R,Dwayne Yunker,128
Josephine,Precinct 7,State House,3,R,Dwayne Yunker,218
Josephine,Precinct 8,State House,3,R,Dwayne Yunker,478
Josephine,Precinct 9,State House,3,R,Dwayne Yunker,26
Josephine,Precinct 1,State House,3,R,Over Votes,0
Josephine,Precinct 10,State House,3,R,Over Votes,0
Josephine,Precinct 11,State House,3,R,Over Votes,0
Josephine,Precinct 12,State House,3,R,Over Votes,0
Josephine,Precinct 13,State House,3,R,Over Votes,0
Josephine,Precinct 14,State House,3,R,Over Votes,0
Josephine,Precinct 15,State House,3,R,Over Votes,0
Josephine,Precinct 16,State House,3,R,Over Votes,0
Josephine,Precinct 17,State House,3,R,Over Votes,0
Josephine,Precinct 18,State House,3,R,Over Votes,0
Josephine,Precinct 19,State House,3,R,Over Votes,0
Josephine,Precinct 2,State House,3,R,Over Votes,0
Josephine,Precinct 24,State House,3,R,Over Votes,0
Josephine,Precinct 26,State House,3,R,Over Votes,0
Josephine,Precinct 28,State House,3,R,Over Votes,0
Josephine,Precinct 29,State House,3,R,Over Votes,0
Josephine,Precinct 3,State House,3,R,Over Votes,0
Josephine,Precinct 30,State House,3,R,Over Votes,0
Josephine,Precinct 31,State House,3,R,Over Votes,1
Josephine,Precinct 33,State House,3,R,Over Votes,0
Josephine,Precinct 34,State House,3,R,Over Votes,0
Josephine,Precinct 36,State House,3,R,Over Votes,0
Josephine,Precinct 37,State House,3,R,Over Votes,0
Josephine,Precinct 38,State House,3,R,Over Votes,1
Josephine,Precinct 4,State House,3,R,Over Votes,0
Josephine,Precinct 40,State House,3,R,Over Votes,0
Josephine,Precinct 44,State House,3,R,Over Votes,0
Josephine,Precinct 46,State House,3,R,Over Votes,0
Josephine,Precinct 47,State House,3,R,Over Votes,0
Josephine,Precinct 5,State House,3,R,Over Votes,0
Josephine,Precinct 6,State House,3,R,Over Votes,0
Josephine,Precinct 7,State House,3,R,Over Votes,0
Josephine,Precinct 8,State House,3,R,Over Votes,0
Josephine,Precinct 9,State House,3,R,Over Votes,0
Josephine,Precinct 1,State House,3,R,Seth Benham,352
Josephine,Precinct 10,State House,3,R,Seth Benham,17
Josephine,Precinct 11,State House,3,R,Seth Benham,32
Josephine,Precinct 12,State House,3,R,Seth Benham,25
Josephine,Precinct 13,State House,3,R,Seth Benham,25
Josephine,Precinct 14,State House,3,R,Seth Benham,6
Josephine,Precinct 15,State House,3,R,Seth Benham,188
Josephine,Precinct 16,State House,3,R,Seth Benham,37
Josephine,Precinct 17,State House,3,R,Seth Benham,155
Josephine,Precinct 18,State House,3,R,Seth Benham,180
Josephine,Precinct 19,State House,3,R,Seth Benham,184
Josephine,Precinct 2,State House,3,R,Seth Benham,471
Josephine,Precinct 24,State House,3,R,Seth Benham,80
Josephine,Precinct 26,State House,3,R,Seth Benham,70
Josephine,Precinct 28,State House,3,R,Seth Benham,47
Josephine,Precinct 29,State House,3,R,Seth Benham,5
Josephine,Precinct 3,State House,3,R,Seth Benham,151
Josephine,Precinct 30,State House,3,R,Seth Benham,64
Josephine,Precinct 31,State House,3,R,Seth Benham,161
Josephine,Precinct 33,State House,3,R,Seth Benham,61
Josephine,Precinct 34,State House,3,R,Seth Benham,12
Josephine,Precinct 36,State House,3,R,Seth Benham,198
Josephine,Precinct 37,State House,3,R,Seth Benham,80
Josephine,Precinct 38,State House,3,R,Seth Benham,242
Josephine,Precinct 4,State House,3,R,Seth Benham,89
Josephine,Precinct 40,State House,3,R,Seth Benham,39
Josephine,Precinct 44,State House,3,R,Seth Benham,11
Josephine,Precinct 46,State House,3,R,Seth Benham,33
Josephine,Precinct 47,State House,3,R,Seth Benham,18
Josephine,Precinct 5,State House,3,R,Seth Benham,148
Josephine,Precinct 6,State House,3,R,Seth Benham,135
Josephine,Precinct 7,State House,3,R,Seth Benham,148
Josephine,Precinct 8,State House,3,R,Seth Benham,281
Josephine,Precinct 9,State House,3,R,Seth Benham,20
Josephine,Precinct 1,State House,3,R,Under Votes,73
Josephine,Precinct 10,State House,3,R,Under Votes,5
Josephine,Precinct 11,State House,3,R,Under Votes,4
Josephine,Precinct 12,State House,3,R,Under Votes,9
Josephine,Precinct 13,State House,3,R,Under Votes,4
Josephine,Precinct 14,State House,3,R,Under Votes,1
Josephine,Precinct 15,State House,3,R,Under Votes,52
Josephine,Precinct 16,State House,3,R,Under Votes,12
Josephine,Precinct 17,State House,3,R,Under Votes,31
Josephine,Precinct 18,State House,3,R,Under Votes,43
Josephine,Precinct 19,State House,3,R,Under Votes,72
Josephine,Precinct 2,State House,3,R,Under Votes,120
Josephine,Precinct 24,State House,3,R,Under Votes,24
Josephine,Precinct 26,State House,3,R,Under Votes,18
Josephine,Precinct 28,State House,3,R,Under Votes,21
Josephine,Precinct 29,State House,3,R,Under Votes,2
Josephine,Precinct 3,State House,3,R,Under Votes,41
Josephine,Precinct 30,State House,3,R,Under Votes,32
Josephine,Precinct 31,State House,3,R,Under Votes,76
Josephine,Precinct 33,State House,3,R,Under Votes,21
Josephine,Precinct 34,State House,3,R,Under Votes,11
Josephine,Precinct 36,State House,3,R,Under Votes,54
Josephine,Precinct 37,State House,3,R,Under Votes,28
Josephine,Precinct 38,State House,3,R,Under Votes,71
Josephine,Precinct 4,State House,3,R,Under Votes,23
Josephine,Precinct 40,State House,3,R,Under Votes,19
Josephine,Precinct 44,State House,3,R,Under Votes,2
Josephine,Precinct 46,State House,3,R,Under Votes,8
Josephine,Precinct 47,State House,3,R,Under Votes,3
Josephine,Precinct 5,State House,3,R,Under Votes,30
Josephine,Precinct 6,State House,3,R,Under Votes,27
Josephine,Precinct 7,State House,3,R,Under Votes,40
Josephine,Precinct 8,State House,3,R,Under Votes,80
Josephine,Precinct 9,State House,3,R,Under Votes,5
Josephine,Precinct 1,State House,3,R,Write-ins,3
Josephine,Precinct 10,State House,3,R,Write-ins,0
Josephine,Precinct 11,State House,3,R,Write-ins,0
Josephine,Precinct 12,State House,3,R,Write-ins,1
Josephine,Precinct 13,State House,3,R,Write-ins,0
Josephine,Precinct 14,State House,3,R,Write-ins,0
Josephine,Precinct 15,State House,3,R,Write-ins,0
Josephine,Precinct 16,State House,3,R,Write-ins,0
Josephine,Precinct 17,State House,3,R,Write-ins,1
Josephine,Precinct 18,State House,3,R,Write-ins,0
Josephine,Precinct 19,State House,3,R,Write-ins,2
Josephine,Precinct 2,State House,3,R,Write-ins,1
Josephine,Precinct 24,State House,3,R,Write-ins,2
Josephine,Precinct 26,State House,3,R,Write-ins,0
Josephine,Precinct 28,State House,3,R,Write-ins,0
Josephine,Precinct 29,State House,3,R,Write-ins,0
Josephine,Precinct 3,State House,3,R,Write-ins,0
Josephine,Precinct 30,State House,3,R,Write-ins,1
Josephine,Precinct 31,State House,3,R,Write-ins,2
Josephine,Precinct 33,State House,3,R,Write-ins,2
Josephine,Precinct 34,State House,3,R,Write-ins,2
Josephine,Precinct 36,State House,3,R,Write-ins,2
Josephine,Precinct 37,State House,3,R,Write-ins,0
Josephine,Precinct 38,State House,3,R,Write-ins,0
Josephine,Precinct 4,State House,3,R,Write-ins,0
Josephine,Precinct 40,State House,3,R,Write-ins,1
Josephine,Precinct 44,State House,3,R,Write-ins,1
Josephine,Precinct 46,State House,3,R,Write-ins,1
Josephine,Precinct 47,State House,3,R,Write-ins,0
Josephine,Precinct 5,State House,3,R,Write-ins,2
Josephine,Precinct 6,State House,3,R,Write-ins,2
Josephine,Precinct 7,State House,3,R,Write-ins,0
Josephine,Precinct 8,State House,3,R,Write-ins,5
Josephine,Precinct 9,State House,3,R,Write-ins,0
Josephine,Precinct 20,State House,4,D,Over Votes,0
Josephine,Precinct 21,State House,4,D,Over Votes,0
Josephine,Precinct 22,State House,4,D,Over Votes,0
Josephine,Precinct 23,State House,4,D,Over Votes,0
Josephine,Precinct 25,State House,4,D,Over Votes,0
Josephine,Precinct 27,State House,4,D,Over Votes,0
Josephine,Precinct 32,State House,4,D,Over Votes,0
Josephine,Precinct 35,State House,4,D,Over Votes,0
Josephine,Precinct 39,State House,4,D,Over Votes,0
Josephine,Precinct 41,State House,4,D,Over Votes,0
Josephine,Precinct 42,State House,4,D,Over Votes,0
Josephine,Precinct 43,State House,4,D,Over Votes,0
Josephine,Precinct 45,State House,4,D,Over Votes,0
Josephine,Precinct 20,State House,4,D,Under Votes,22
Josephine,Precinct 21,State House,4,D,Under Votes,332
Josephine,Precinct 22,State House,4,D,Under Votes,111
Josephine,Precinct 23,State House,4,D,Under Votes,23
Josephine,Precinct 25,State House,4,D,Under Votes,120
Josephine,Precinct 27,State House,4,D,Under Votes,51
Josephine,Precinct 32,State House,4,D,Under Votes,36
Josephine,Precinct 35,State House,4,D,Under Votes,81
Josephine,Precinct 39,State House,4,D,Under Votes,157
Josephine,Precinct 41,State House,4,D,Under Votes,6
Josephine,Precinct 42,State House,4,D,Under Votes,173
Josephine,Precinct 43,State House,4,D,Under Votes,128
Josephine,Precinct 45,State House,4,D,Under Votes,14
Josephine,Precinct 20,State House,4,D,Write-ins,1
Josephine,Precinct 21,State House,4,D,Write-ins,11
Josephine,Precinct 22,State House,4,D,Write-ins,5
Josephine,Precinct 23,State House,4,D,Write-ins,3
Josephine,Precinct 25,State House,4,D,Write-ins,6
Josephine,Precinct 27,State House,4,D,Write-ins,4
Josephine,Precinct 32,State House,4,D,Write-ins,0
Josephine,Precinct 35,State House,4,D,Write-ins,5
Josephine,Precinct 39,State House,4,D,Write-ins,7
Josephine,Precinct 41,State House,4,D,Write-ins,0
Josephine,Precinct 42,State House,4,D,Write-ins,9
Josephine,Precinct 43,State House,4,D,Write-ins,7
Josephine,Precinct 45,State House,4,D,Write-ins,0
Josephine,Precinct 20,State House,4,R,Alek Skarlatos,45
Josephine,Precinct 21,State House,4,R,Alek Skarlatos,562
Josephine,Precinct 22,State House,4,R,Alek Skarlatos,323
Josephine,Precinct 23,State House,4,R,Alek Skarlatos,84
Josephine,Precinct 25,State House,4,R,Alek Skarlatos,214
Josephine,Precinct 27,State House,4,R,Alek Skarlatos,84
Josephine,Precinct 32,State House,4,R,Alek Skarlatos,44
Josephine,Precinct 35,State House,4,R,Alek Skarlatos,185
Josephine,Precinct 39,State House,4,R,Alek Skarlatos,350
Josephine,Precinct 41,State House,4,R,Alek Skarlatos,17
Josephine,Precinct 42,State House,4,R,Alek Skarlatos,437
Josephine,Precinct 43,State House,4,R,Alek Skarlatos,274
Josephine,Precinct 45,State House,4,R,Alek Skarlatos,18
Josephine,Precinct 20,State House,4,R,Over Votes,0
Josephine,Precinct 21,State House,4,R,Over Votes,0
Josephine,Precinct 22,State House,4,R,Over Votes,0
Josephine,Precinct 23,State House,4,R,Over Votes,0
Josephine,Precinct 25,State House,4,R,Over Votes,0
Josephine,Precinct 27,State House,4,R,Over Votes,0
Josephine,Precinct 32,State House,4,R,Over Votes,0
Josephine,Precinct 35,State House,4,R,Over Votes,0
Josephine,Precinct 39,State House,4,R,Over Votes,0
Josephine,Precinct 41,State House,4,R,Over Votes,0
Josephine,Precinct 42,State House,4,R,Over Votes,0
Josephine,Precinct 43,State House,4,R,Over Votes,0
Josephine,Precinct 45,State House,4,R,Over Votes,0
Josephine,Precinct 20,State House,4,R,Under Votes,14
Josephine,Precinct 21,State House,4,R,Under Votes,276
Josephine,Precinct 22,State House,4,R,Under Votes,121
Josephine,Precinct 23,State House,4,R,Under Votes,38
Josephine,Precinct 25,State House,4,R,Under Votes,96
Josephine,Precinct 27,State House,4,R,Under Votes,35
Josephine,Precinct 32,State House,4,R,Under Votes,18
Josephine,Precinct 35,State House,4,R,Under Votes,66
Josephine,Precinct 39,State House,4,R,Under Votes,126
Josephine,Precinct 41,State House,4,R,Under Votes,11
Josephine,Precinct 42,State House,4,R,Under Votes,175
Josephine,Precinct 43,State House,4,R,Under Votes,109
Josephine,Precinct 45,State House,4,R,Under Votes,18
Josephine,Precinct 20,State House,4,R,Write-ins,0
Josephine,Precinct 21,State House,4,R,Write-ins,4
Josephine,Precinct 22,State House,4,R,Write-ins,0
Josephine,Precinct 23,State House,4,R,Write-ins,0
Josephine,Precinct 25,State House,4,R,Write-ins,0
Josephine,Precinct 27,State House,4,R,Write-ins,0
Josephine,Precinct 32,State House,4,R,Write-ins,0
Josephine,Precinct 35,State House,4,R,Write-ins,0
Josephine,Precinct 39,State House,4,R,Write-ins,3
Josephine,Precinct 41,State House,4,R,Write-ins,0
Josephine,Precinct 42,State House,4,R,Write-ins,2
Josephine,Precinct 43,State House,4,R,Write-ins,2
Josephine,Precinct 45,State House,4,R,Write-ins,1
Josephine,Precinct 1,U.S. House,2,D,Chris Beck,174
Josephine,Precinct 10,U.S. House,2,D,Chris Beck,7
Josephine,Precinct 11,U.S. House,2,D,Chris Beck,7
Josephine,Precinct 12,U.S. House,2,D,Chris Beck,8
Josephine,Precinct 13,U.S. House,2,D,Chris Beck,8
Josephine,Precinct 14,U.S. House,2,D,Chris Beck,2
Josephine,Precinct 15,U.S. House,2,D,Chris Beck,41
Josephine,Precinct 16,U.S. House,2,D,Chris Beck,8
Josephine,Precinct 17,U.S. House,2,D,Chris Beck,56
Josephine,Precinct 18,U.S. House,2,D,Chris Beck,67
Josephine,Precinct 19,U.S. House,2,D,Chris Beck,82
Josephine,Precinct 2,U.S. House,2,D,Chris Beck,177
Josephine,Precinct 20,U.S. House,2,D,Chris Beck,7
Josephine,Precinct 21,U.S. House,2,D,Chris Beck,97
Josephine,Precinct 22,U.S. House,2,D,Chris Beck,48
Josephine,Precinct 23,U.S. House,2,D,Chris Beck,5
Josephine,Precinct 24,U.S. House,2,D,Chris Beck,16
Josephine,Precinct 25,U.S. House,2,D,Chris Beck,49
Josephine,Precinct 26,U.S. House,2,D,Chris Beck,26
Josephine,Precinct 27,U.S. House,2,D,Chris Beck,20
Josephine,Precinct 28,U.S. House,2,D,Chris Beck,19
Josephine,Precinct 29,U.S. House,2,D,Chris Beck,2
Josephine,Precinct 3,U.S. House,2,D,Chris Beck,65
Josephine,Precinct 30,U.S. House,2,D,Chris Beck,43
Josephine,Precinct 31,U.S. House,2,D,Chris Beck,172
Josephine,Precinct 32,U.S. House,2,D,Chris Beck,10
Josephine,Precinct 33,U.S. House,2,D,Chris Beck,14
Josephine,Precinct 34,U.S. House,2,D,Chris Beck,23
Josephine,Precinct 35,U.S. House,2,D,Chris Beck,31
Josephine,Precinct 36,U.S. House,2,D,Chris Beck,79
Josephine,Precinct 37,U.S. House,2,D,Chris Beck,38
Josephine,Precinct 38,U.S. House,2,D,Chris Beck,93
Josephine,Precinct 39,U.S. House,2,D,Chris Beck,31
Josephine,Precinct 4,U.S. House,2,D,Chris Beck,38
Josephine,Precinct 40,U.S. House,2,D,Chris Beck,47
Josephine,Precinct 41,U.S. House,2,D,Chris Beck,1
Josephine,Precinct 42,U.S. House,2,D,Chris Beck,49
Josephine,Precinct 43,U.S. House,2,D,Chris Beck,36
Josephine,Precinct 44,U.S. House,2,D,Chris Beck,6
Josephine,Precinct 45,U.S. House,2,D,Chris Beck,1
Josephine,Precinct 46,U.S. House,2,D,Chris Beck,5
Josephine,Precinct 47,U.S. House,2,D,Chris Beck,11
Josephine,Precinct 5,U.S. House,2,D,Chris Beck,57
Josephine,Precinct 6,U.S. House,2,D,Chris Beck,36
Josephine,Precinct 7,U.S. House,2,D,Chris Beck,63
Josephine,Precinct 8,U.S. House,2,D,Chris Beck,132
Josephine,Precinct 9,U.S. House,2,D,Chris Beck,2
Josephine,Precinct 1,U.S. House,2,D,Dawn Rasmussen,57
Josephine,Precinct 10,U.S. House,2,D,Dawn Rasmussen,2
Josephine,Precinct 11,U.S. House,2,D,Dawn Rasmussen,7
Josephine,Precinct 12,U.S. House,2,D,Dawn Rasmussen,9
Josephine,Precinct 13,U.S. House,2,D,Dawn Rasmussen,7
Josephine,Precinct 14,U.S. House,2,D,Dawn Rasmussen,0
Josephine,Precinct 15,U.S. House,2,D,Dawn Rasmussen,13
Josephine,Precinct 16,U.S. House,2,D,Dawn Rasmussen,2
Josephine,Precinct 17,U.S. House,2,D,Dawn Rasmussen,25
Josephine,Precinct 18,U.S. House,2,D,Dawn Rasmussen,15
Josephine,Precinct 19,U.S. House,2,D,Dawn Rasmussen,18
Josephine,Precinct 2,U.S. House,2,D,Dawn Rasmussen,66
Josephine,Precinct 20,U.S. House,2,D,Dawn Rasmussen,1
Josephine,Precinct 21,U.S. House,2,D,Dawn Rasmussen,37
Josephine,Precinct 22,U.S. House,2,D,Dawn Rasmussen,9
Josephine,Precinct 23,U.S. House,2,D,Dawn Rasmussen,4
Josephine,Precinct 24,U.S. House,2,D,Dawn Rasmussen,10
Josephine,Precinct 25,U.S. House,2,D,Dawn Rasmussen,17
Josephine,Precinct 26,U.S. House,2,D,Dawn Rasmussen,6
Josephine,Precinct 27,U.S. House,2,D,Dawn Rasmussen,2
Josephine,Precinct 28,U.S. House,2,D,Dawn Rasmussen,3
Josephine,Precinct 29,U.S. House,2,D,Dawn Rasmussen,0
Josephine,Precinct 3,U.S. House,2,D,Dawn Rasmussen,21
Josephine,Precinct 30,U.S. House,2,D,Dawn Rasmussen,9
Josephine,Precinct 31,U.S. House,2,D,Dawn Rasmussen,54
Josephine,Precinct 32,U.S. House,2,D,Dawn Rasmussen,6
Josephine,Precinct 33,U.S. House,2,D,Dawn Rasmussen,8
Josephine,Precinct 34,U.S. House,2,D,Dawn Rasmussen,6
Josephine,Precinct 35,U.S. House,2,D,Dawn Rasmussen,4
Josephine,Precinct 36,U.S. House,2,D,Dawn Rasmussen,25
Josephine,Precinct 37,U.S. House,2,D,Dawn Rasmussen,22
Josephine,Precinct 38,U.S. House,2,D,Dawn Rasmussen,17
Josephine,Precinct 39,U.S. House,2,D,Dawn Rasmussen,22
Josephine,Precinct 4,U.S. House,2,D,Dawn Rasmussen,21
Josephine,Precinct 40,U.S. House,2,D,Dawn Rasmussen,13
Josephine,Precinct 41,U.S. House,2,D,Dawn Rasmussen,0
Josephine,Precinct 42,U.S. House,2,D,Dawn Rasmussen,17
Josephine,Precinct 43,U.S. House,2,D,Dawn Rasmussen,12
Josephine,Precinct 44,U.S. House,2,D,Dawn Rasmussen,2
Josephine,Precinct 45,U.S. House,2,D,Dawn Rasmussen,4
Josephine,Precinct 46,U.S. House,2,D,Dawn Rasmussen,2
Josephine,Precinct 47,U.S. House,2,D,Dawn Rasmussen,3
Josephine,Precinct 5,U.S. House,2,D,Dawn Rasmussen,17
Josephine,Precinct 6,U.S. House,2,D,Dawn Rasmussen,12
Josephine,Precinct 7,U.S. House,2,D,Dawn Rasmussen,30
Josephine,Precinct 8,U.S. House,2,D,Dawn Rasmussen,36
Josephine,Precinct 9,U.S. House,2,D,Dawn Rasmussen,2
Josephine,Precinct 1,U.S. House,2,D,Mary Doyle,101
Josephine,Precinct 10,U.S. House,2,D,Mary Doyle,10
Josephine,Precinct 11,U.S. House,2,D,Mary Doyle,3
Josephine,Precinct 12,U.S. House,2,D,Mary Doyle,7
Josephine,Precinct 13,U.S. House,2,D,Mary Doyle,7
Josephine,Precinct 14,U.S. House,2,D,Mary Doyle,4
Josephine,Precinct 15,U.S. House,2,D,Mary Doyle,30
Josephine,Precinct 16,U.S. House,2,D,Mary Doyle,2
Josephine,Precinct 17,U.S. House,2,D,Mary Doyle,33
Josephine,Precinct 18,U.S. House,2,D,Mary Doyle,34
Josephine,Precinct 19,U.S. House,2,D,Mary Doyle,28
Josephine,Precinct 2,U.S. House,2,D,Mary Doyle,91
Josephine,Precinct 20,U.S. House,2,D,Mary Doyle,9
Josephine,Precinct 21,U.S. House,2,D,Mary Doyle,63
Josephine,Precinct 22,U.S. House,2,D,Mary Doyle,17
Josephine,Precinct 23,U.S. House,2,D,Mary Doyle,5
Josephine,Precinct 24,U.S. House,2,D,Mary Doyle,8
Josephine,Precinct 25,U.S. House,2,D,Mary Doyle,19
Josephine,Precinct 26,U.S. House,2,D,Mary Doyle,15
Josephine,Precinct 27,U.S. House,2,D,Mary Doyle,17
Josephine,Precinct 28,U.S. House,2,D,Mary Doyle,16
Josephine,Precinct 29,U.S. House,2,D,Mary Doyle,0
Josephine,Precinct 3,U.S. House,2,D,Mary Doyle,39
Josephine,Precinct 30,U.S. House,2,D,Mary Doyle,19
Josephine,Precinct 31,U.S. House,2,D,Mary Doyle,101
Josephine,Precinct 32,U.S. House,2,D,Mary Doyle,9
Josephine,Precinct 33,U.S. House,2,D,Mary Doyle,11
Josephine,Precinct 34,U.S. House,2,D,Mary Doyle,11
Josephine,Precinct 35,U.S. House,2,D,Mary Doyle,13
Josephine,Precinct 36,U.S. House,2,D,Mary Doyle,34
Josephine,Precinct 37,U.S. House,2,D,Mary Doyle,31
Josephine,Precinct 38,U.S. House,2,D,Mary Doyle,64
Josephine,Precinct 39,U.S. House,2,D,Mary Doyle,34
Josephine,Precinct 4,U.S. House,2,D,Mary Doyle,33
Josephine,Precinct 40,U.S. House,2,D,Mary Doyle,28
Josephine,Precinct 41,U.S. House,2,D,Mary Doyle,3
Josephine,Precinct 42,U.S. House,2,D,Mary Doyle,34
Josephine,Precinct 43,U.S. House,2,D,Mary Doyle,19
Josephine,Precinct 44,U.S. House,2,D,Mary Doyle,6
Josephine,Precinct 45,U.S. House,2,D,Mary Doyle,0
Josephine,Precinct 46,U.S. House,2,D,Mary Doyle,3
Josephine,Precinct 47,U.S. House,2,D,Mary Doyle,4
Josephine,Precinct 5,U.S. House,2,D,Mary Doyle,30
Josephine,Precinct 6,U.S. House,2,D,Mary Doyle,29
Josephine,Precinct 7,U.S. House,2,D,Mary Doyle,66
Josephine,Precinct 8,U.S. House,2,D,Mary Doyle,63
Josephine,Precinct 9,U.S. House,2,D,Mary Doyle,2
Josephine,Precinct 1,U.S. House,2,D,Over Votes,0
Josephine,Precinct 10,U.S. House,2,D,Over Votes,0
Josephine,Precinct 11,U.S. House,2,D,Over Votes,0
Josephine,Precinct 12,U.S. House,2,D,Over Votes,0
Josephine,Precinct 13,U.S. House,2,D,Over Votes,0
Josephine,Precinct 14,U.S. House,2,D,Over Votes,0
Josephine,Precinct 15,U.S. House,2,D,Over Votes,1
Josephine,Precinct 16,U.S. House,2,D,Over Votes,0
Josephine,Precinct 17,U.S. House,2,D,Over Votes,1
Josephine,Precinct 18,U.S. House,2,D,Over Votes,2
Josephine,Precinct 19,U.S. House,2,D,Over Votes,0
Josephine,Precinct 2,U.S. House,2,D,Over Votes,0
Josephine,Precinct 20,U.S. House,2,D,Over Votes,0
Josephine,Precinct 21,U.S. House,2,D,Over Votes,0
Josephine,Precinct 22,U.S. House,2,D,Over Votes,0
Josephine,Precinct 23,U.S. House,2,D,Over Votes,0
Josephine,Precinct 24,U.S. House,2,D,Over Votes,0
Josephine,Precinct 25,U.S. House,2,D,Over Votes,0
Josephine,Precinct 26,U.S. House,2,D,Over Votes,0
Josephine,Precinct 27,U.S. House,2,D,Over Votes,0
Josephine,Precinct 28,U.S. House,2,D,Over Votes,0
Josephine,Precinct 29,U.S. House,2,D,Over Votes,0
Josephine,Precinct 3,U.S. House,2,D,Over Votes,0
Josephine,Precinct 30,U.S. House,2,D,Over Votes,0
Josephine,Precinct 31,U.S. House,2,D,Over Votes,0
Josephine,Precinct 32,U.S. House,2,D,Over Votes,0
Josephine,Precinct 33,U.S. House,2,D,Over Votes,0
Josephine,Precinct 34,U.S. House,2,D,Over Votes,0
Josephine,Precinct 35,U.S. House,2,D,Over Votes,0
Josephine,Precinct 36,U.S. House,2,D,Over Votes,0
Josephine,Precinct 37,U.S. House,2,D,Over Votes,0
Josephine,Precinct 38,U.S. House,2,D,Over Votes,0
Josephine,Precinct 39,U.S. House,2,D,Over Votes,0
Josephine,Precinct 4,U.S. House,2,D,Over Votes,1
Josephine,Precinct 40,U.S. House,2,D,Over Votes,0
Josephine,Precinct 41,U.S. House,2,D,Over Votes,0
Josephine,Precinct 42,U.S. House,2,D,Over Votes,0
Josephine,Precinct 43,U.S. House,2,D,Over Votes,0
Josephine,Precinct 44,U.S. House,2,D,Over Votes,0
Josephine,Precinct 45,U.S. House,2,D,Over Votes,0
Josephine,Precinct 46,U.S. House,2,D,Over Votes,0
Josephine,Precinct 47,U.S. House,2,D,Over Votes,0
Josephine,Precinct 5,U.S. House,2,D,Over Votes,0
Josephine,Precinct 6,U.S. House,2,D,Over Votes,1
Josephine,Precinct 7,U.S. House,2,D,Over Votes,0
Josephine,Precinct 8,U.S. House,2,D,Over Votes,1
Josephine,Precinct 9,U.S. House,2,D,Over Votes,0
Josephine,Precinct 1,U.S. House,2,D,Patty Snow,35
Josephine,Precinct 10,U.S. House,2,D,Patty Snow,2
Josephine,Precinct 11,U.S. House,2,D,Patty Snow,2
Josephine,Precinct 12,U.S. House,2,D,Patty Snow,1
Josephine,Precinct 13,U.S. House,2,D,Patty Snow,0
Josephine,Precinct 14,U.S. House,2,D,Patty Snow,1
Josephine,Precinct 15,U.S. House,2,D,Patty Snow,5
Josephine,Precinct 16,U.S. House,2,D,Patty Snow,1
Josephine,Precinct 17,U.S. House,2,D,Patty Snow,5
Josephine,Precinct 18,U.S. House,2,D,Patty Snow,7
Josephine,Precinct 19,U.S. House,2,D,Patty Snow,4
Josephine,Precinct 2,U.S. House,2,D,Patty Snow,37
Josephine,Precinct 20,U.S. House,2,D,Patty Snow,2
Josephine,Precinct 21,U.S. House,2,D,Patty Snow,32
Josephine,Precinct 22,U.S. House,2,D,Patty Snow,8
Josephine,Precinct 23,U.S. House,2,D,Patty Snow,0
Josephine,Precinct 24,U.S. House,2,D,Patty Snow,9
Josephine,Precinct 25,U.S. House,2,D,Patty Snow,11
Josephine,Precinct 26,U.S. House,2,D,Patty Snow,4
Josephine,Precinct 27,U.S. House,2,D,Patty Snow,1
Josephine,Precinct 28,U.S. House,2,D,Patty Snow,6
Josephine,Precinct 29,U.S. House,2,D,Patty Snow,1
Josephine,Precinct 3,U.S. House,2,D,Patty Snow,15
Josephine,Precinct 30,U.S. House,2,D,Patty Snow,16
Josephine,Precinct 31,U.S. House,2,D,Patty Snow,35
Josephine,Precinct 32,U.S. House,2,D,Patty Snow,3
Josephine,Precinct 33,U.S. House,2,D,Patty Snow,11
Josephine,Precinct 34,U.S. House,2,D,Patty Snow,4
Josephine,Precinct 35,U.S. House,2,D,Patty Snow,9
Josephine,Precinct 36,U.S. House,2,D,Patty Snow,10
Josephine,Precinct 37,U.S. House,2,D,Patty Snow,10
Josephine,Precinct 38,U.S. House,2,D,Patty Snow,15
Josephine,Precinct 39,U.S. House,2,D,Patty Snow,7
Josephine,Precinct 4,U.S. House,2,D,Patty Snow,18
Josephine,Precinct 40,U.S. House,2,D,Patty Snow,8
Josephine,Precinct 41,U.S. House,2,D,Patty Snow,0
Josephine,Precinct 42,U.S. House,2,D,Patty Snow,10
Josephine,Precinct 43,U.S. House,2,D,Patty Snow,14
Josephine,Precinct 44,U.S. House,2,D,Patty Snow,3
Josephine,Precinct 45,U.S. House,2,D,Patty Snow,1
Josephine,Precinct 46,U.S. House,2,D,Patty Snow,2
Josephine,Precinct 47,U.S. House,2,D,Patty Snow,2
Josephine,Precinct 5,U.S. House,2,D,Patty Snow,16
Josephine,Precinct 6,U.S. House,2,D,Patty Snow,18
Josephine,Precinct 7,U.S. House,2,D,Patty Snow,28
Josephine,Precinct 8,U.S. House,2,D,Patty Snow,32
Josephine,Precinct 9,U.S. House,2,D,Patty Snow,0
Josephine,Precinct 1,U.S. House,2,D,Peter Quince,5
Josephine,Precinct 10,U.S. House,2,D,Peter Quince,1
Josephine,Precinct 11,U.S. House,2,D,Peter Quince,0
Josephine,Precinct 12,U.S. House,2,D,Peter Quince,1
Josephine,Precinct 13,U.S. House,2,D,Peter Quince,0
Josephine,Precinct 14,U.S. House,2,D,Peter Quince,0
Josephine,Precinct 15,U.S. House,2,D,Peter Quince,4
Josephine,Precinct 16,U.S. House,2,D,Peter Quince,2
Josephine,Precinct 17,U.S. House,2,D,Peter Quince,5
Josephine,Precinct 18,U.S. House,2,D,Peter Quince,5
Josephine,Precinct 19,U.S. House,2,D,Peter Quince,6
Josephine,Precinct 2,U.S. House,2,D,Peter Quince,11
Josephine,Precinct 20,U.S. House,2,D,Peter Quince,0
Josephine,Precinct 21,U.S. House,2,D,Peter Quince,5
Josephine,Precinct 22,U.S. House,2,D,Peter Quince,2
Josephine,Precinct 23,U.S. House,2,D,Peter Quince,0
Josephine,Precinct 24,U.S. House,2,D,Peter Quince,1
Josephine,Precinct 25,U.S. House,2,D,Peter Quince,1
Josephine,Precinct 26,U.S. House,2,D,Peter Quince,1
Josephine,Precinct 27,U.S. House,2,D,Peter Quince,1
Josephine,Precinct 28,U.S. House,2,D,Peter Quince,1
Josephine,Precinct 29,U.S. House,2,D,Peter Quince,1
Josephine,Precinct 3,U.S. House,2,D,Peter Quince,5
Josephine,Precinct 30,U.S. House,2,D,Peter Quince,1
Josephine,Precinct 31,U.S. House,2,D,Peter Quince,11
Josephine,Precinct 32,U.S. House,2,D,Peter Quince,0
Josephine,Precinct 33,U.S. House,2,D,Peter Quince,0
Josephine,Precinct 34,U.S. House,2,D,Peter Quince,0
Josephine,Precinct 35,U.S. House,2,D,Peter Quince,3
Josephine,Precinct 36,U.S. House,2,D,Peter Quince,9
Josephine,Precinct 37,U.S. House,2,D,Peter Quince,5
Josephine,Precinct 38,U.S. House,2,D,Peter Quince,7
Josephine,Precinct 39,U.S. House,2,D,Peter Quince,9
Josephine,Precinct 4,U.S. House,2,D,Peter Quince,5
Josephine,Precinct 40,U.S. House,2,D,Peter Quince,2
Josephine,Precinct 41,U.S. House,2,D,Peter Quince,0
Josephine,Precinct 42,U.S. House,2,D,Peter Quince,5
Josephine,Precinct 43,U.S. House,2,D,Peter Quince,3
Josephine,Precinct 44,U.S. House,2,D,Peter Quince,1
Josephine,Precinct 45,U.S. House,2,D,Peter Quince,2
Josephine,Precinct 46,U.S. House,2,D,Peter Quince,0
Josephine,Precinct 47,U.S. House,2,D,Peter Quince,0
Josephine,Precinct 5,U.S. House,2,D,Peter Quince,3
Josephine,Precinct 6,U.S. House,2,D,Peter Quince,2
Josephine,Precinct 7,U.S. House,2,D,Peter Quince,12
Josephine,Precinct 8,U.S. House,2,D,Peter Quince,11
Josephine,Precinct 9,U.S. House,2,D,Peter Quince,0
Josephine,Precinct 1,U.S. House,2,D,Rebecca Mueller,155
Josephine,Precinct 10,U.S. House,2,D,Rebecca Mueller,10
Josephine,Precinct 11,U.S. House,2,D,Rebecca Mueller,9
Josephine,Precinct 12,U.S. House,2,D,Rebecca Mueller,9
Josephine,Precinct 13,U.S. House,2,D,Rebecca Mueller,5
Josephine,Precinct 14,U.S. House,2,D,Rebecca Mueller,0
Josephine,Precinct 15,U.S. House,2,D,Rebecca Mueller,41
Josephine,Precinct 16,U.S. House,2,D,Rebecca Mueller,4
Josephine,Precinct 17,U.S. House,2,D,Rebecca Mueller,26
Josephine,Precinct 18,U.S. House,2,D,Rebecca Mueller,22
Josephine,Precinct 19,U.S. House,2,D,Rebecca Mueller,25
Josephine,Precinct 2,U.S. House,2,D,Rebecca Mueller,116
Josephine,Precinct 20,U.S. House,2,D,Rebecca Mueller,3
Josephine,Precinct 21,U.S. House,2,D,Rebecca Mueller,53
Josephine,Precinct 22,U.S. House,2,D,Rebecca Mueller,16
Josephine,Precinct 23,U.S. House,2,D,Rebecca Mueller,4
Josephine,Precinct 24,U.S. House,2,D,Rebecca Mueller,18
Josephine,Precinct 25,U.S. House,2,D,Rebecca Mueller,15
Josephine,Precinct 26,U.S. House,2,D,Rebecca Mueller,19
Josephine,Precinct 27,U.S. House,2,D,Rebecca Mueller,7
Josephine,Precinct 28,U.S. House,2,D,Rebecca Mueller,3
Josephine,Precinct 29,U.S. House,2,D,Rebecca Mueller,0
Josephine,Precinct 3,U.S. House,2,D,Rebecca Mueller,50
Josephine,Precinct 30,U.S. House,2,D,Rebecca Mueller,28
Josephine,Precinct 31,U.S. House,2,D,Rebecca Mueller,72
Josephine,Precinct 32,U.S. House,2,D,Rebecca Mueller,1
Josephine,Precinct 33,U.S. House,2,D,Rebecca Mueller,16
Josephine,Precinct 34,U.S. House,2,D,Rebecca Mueller,9
Josephine,Precinct 35,U.S. House,2,D,Rebecca Mueller,9
Josephine,Precinct 36,U.S. House,2,D,Rebecca Mueller,40
Josephine,Precinct 37,U.S. House,2,D,Rebecca Mueller,20
Josephine,Precinct 38,U.S. House,2,D,Rebecca Mueller,38
Josephine,Precinct 39,U.S. House,2,D,Rebecca Mueller,37
Josephine,Precinct 4,U.S. House,2,D,Rebecca Mueller,28
Josephine,Precinct 40,U.S. House,2,D,Rebecca Mueller,25
Josephine,Precinct 41,U.S. House,2,D,Rebecca Mueller,0
Josephine,Precinct 42,U.S. House,2,D,Rebecca Mueller,36
Josephine,Precinct 43,U.S. House,2,D,Rebecca Mueller,24
Josephine,Precinct 44,U.S. House,2,D,Rebecca Mueller,5
Josephine,Precinct 45,U.S. House,2,D,Rebecca Mueller,3
Josephine,Precinct 46,U.S. House,2,D,Rebecca Mueller,7
Josephine,Precinct 47,U.S. House,2,D,Rebecca Mueller,2
Josephine,Precinct 5,U.S. House,2,D,Rebecca Mueller,35
Josephine,Precinct 6,U.S. House,2,D,Rebecca Mueller,25
Josephine,Precinct 7,U.S. House,2,D,Rebecca Mueller,42
Josephine,Precinct 8,U.S. House,2,D,Rebecca Mueller,85
Josephine,Precinct 9,U.S. House,2,D,Rebecca Mueller,2
Josephine,Precinct 1,U.S. House,2,D,Under Votes,94
Josephine,Precinct 10,U.S. House,2,D,Under Votes,5
Josephine,Precinct 11,U.S. House,2,D,Under Votes,9
Josephine,Precinct 12,U.S. House,2,D,Under Votes,8
Josephine,Precinct 13,U.S. House,2,D,Under Votes,4
Josephine,Precinct 14,U.S. House,2,D,Under Votes,4
Josephine,Precinct 15,U.S. House,2,D,Under Votes,18
Josephine,Precinct 16,U.S. House,2,D,Under Votes,4
Josephine,Precinct 17,U.S. House,2,D,Under Votes,24
Josephine,Precinct 18,U.S. House,2,D,Under Votes,23
Josephine,Precinct 19,U.S. House,2,D,Under Votes,24
Josephine,Precinct 2,U.S. House,2,D,Under Votes,79
Josephine,Precinct 20,U.S. House,2,D,Under Votes,1
Josephine,Precinct 21,U.S. House,2,D,Under Votes,52
Josephine,Precinct 22,U.S. House,2,D,Under Votes,15
Josephine,Precinct 23,U.S. House,2,D,Under Votes,8
Josephine,Precinct 24,U.S. House,2,D,Under Votes,10
Josephine,Precinct 25,U.S. House,2,D,Under Votes,11
Josephine,Precinct 26,U.S. House,2,D,Under Votes,16
Josephine,Precinct 27,U.S. House,2,D,Under Votes,7
Josephine,Precinct 28,U.S. House,2,D,Under Votes,9
Josephine,Precinct 29,U.S. House,2,D,Under Votes,1
Josephine,Precinct 3,U.S. House,2,D,Under Votes,49
Josephine,Precinct 30,U.S. House,2,D,Under Votes,14
Josephine,Precinct 31,U.S. House,2,D,Under Votes,54
Josephine,Precinct 32,U.S. House,2,D,Under Votes,7
Josephine,Precinct 33,U.S. House,2,D,Under Votes,12
Josephine,Precinct 34,U.S. House,2,D,Under Votes,7
Josephine,Precinct 35,U.S. House,2,D,Under Votes,11
Josephine,Precinct 36,U.S. House,2,D,Under Votes,34
Josephine,Precinct 37,U.S. House,2,D,Under Votes,17
Josephine,Precinct 38,U.S. House,2,D,Under Votes,49
Josephine,Precinct 39,U.S. House,2,D,Under Votes,23
Josephine,Precinct 4,U.S. House,2,D,Under Votes,17
Josephine,Precinct 40,U.S. House,2,D,Under Votes,19
Josephine,Precinct 41,U.S. House,2,D,Under Votes,2
Josephine,Precinct 42,U.S. House,2,D,Under Votes,26
Josephine,Precinct 43,U.S. House,2,D,Under Votes,24
Josephine,Precinct 44,U.S. House,2,D,Under Votes,1
Josephine,Precinct 45,U.S. House,2,D,Under Votes,3
Josephine,Precinct 46,U.S. House,2,D,Under Votes,6
Josephine,Precinct 47,U.S. House,2,D,Under Votes,4
Josephine,Precinct 5,U.S. House,2,D,Under Votes,28
Josephine,Precinct 6,U.S. House,2,D,Under Votes,24
Josephine,Precinct 7,U.S. House,2,D,Under Votes,34
Josephine,Precinct 8,U.S. House,2,D,Under Votes,49
Josephine,Precinct 9,U.S. House,2,D,Under Votes,5
Josephine,Precinct 1,U.S. House,2,D,Write-ins,4
Josephine,Precinct 10,U.S. House,2,D,Write-ins,0
Josephine,Precinct 11,U.S. House,2,D,Write-ins,0
Josephine,Precinct 12,U.S. House,2,D,Write-ins,0
Josephine,Precinct 13,U.S. House,2,D,Write-ins,0
Josephine,Precinct 14,U.S. House,2,D,Write-ins,0
Josephine,Precinct 15,U.S. House,2,D,Write-ins,1
Josephine,Precinct 16,U.S. House,2,D,Write-ins,0
Josephine,Precinct 17,U.S. House,2,D,Write-ins,3
Josephine,Precinct 18,U.S. House,2,D,Write-ins,4
Josephine,Precinct 19,U.S. House,2,D,Write-ins,1
Josephine,Precinct 2,U.S. House,2,D,Write-ins,7
Josephine,Precinct 20,U.S. House,2,D,Write-ins,0
Josephine,Precinct 21,U.S. House,2,D,Write-ins,4
Josephine,Precinct 22,U.S. House,2,D,Write-ins,1
Josephine,Precinct 23,U.S. House,2,D,Write-ins,0
Josephine,Precinct 24,U.S. House,2,D,Write-ins,0
Josephine,Precinct 25,U.S. House,2,D,Write-ins,3
Josephine,Precinct 26,U.S. House,2,D,Write-ins,0
Josephine,Precinct 27,U.S. House,2,D,Write-ins,0
Josephine,Precinct 28,U.S. House,2,D,Write-ins,0
Josephine,Precinct 29,U.S. House,2,D,Write-ins,0
Josephine,Precinct 3,U.S. House,2,D,Write-ins,1
Josephine,Precinct 30,U.S. House,2,D,Write-ins,5
Josephine,Precinct 31,U.S. House,2,D,Write-ins,3
Josephine,Precinct 32,U.S. House,2,D,Write-ins,0
Josephine,Precinct 33,U.S. House,2,D,Write-ins,1
Josephine,Precinct 34,U.S. House,2,D,Write-ins,1
Josephine,Precinct 35,U.S. House,2,D,Write-ins,6
Josephine,Precinct 36,U.S. House,2,D,Write-ins,2
Josephine,Precinct 37,U.S. House,2,D,Write-ins,0
Josephine,Precinct 38,U.S. House,2,D,Write-ins,1
Josephine,Precinct 39,U.S. House,2,D,Write-ins,1
Josephine,Precinct 4,U.S. House,2,D,Write-ins,4
Josephine,Precinct 40,U.S. House,2,D,Write-ins,0
Josephine,Precinct 41,U.S. House,2,D,Write-ins,0
Josephine,Precinct 42,U.S. House,2,D,Write-ins,5
Josephine,Precinct 43,U.S. House,2,D,Write-ins,3
Josephine,Precinct 44,U.S. House,2,D,Write-ins,0
Josephine,Precinct 45,U.S. House,2,D,Write-ins,0
Josephine,Precinct 46,U.S. House,2,D,Write-ins,1
Josephine,Precinct 47,U.S. House,2,D,Write-ins,0
Josephine,Precinct 5,U.S. House,2,D,Write-ins,1
Josephine,Precinct 6,U.S. House,2,D,Write-ins,0
Josephine,Precinct 7,U.S. House,2,D,Write-ins,3
Josephine,Precinct 8,U.S. House,2,D,Write-ins,2
Josephine,Precinct 9,U.S. House,2,D,Write-ins,0
Josephine,Precinct 1,U.S. House,2,R,Andrea Carr,34
Josephine,Precinct 10,U.S. House,2,R,Andrea Carr,1
Josephine,Precinct 11,U.S. House,2,R,Andrea Carr,2
Josephine,Precinct 12,U.S. House,2,R,Andrea Carr,4
Josephine,Precinct 13,U.S. House,2,R,Andrea Carr,6
Josephine,Precinct 14,U.S. House,2,R,Andrea Carr,1
Josephine,Precinct 15,U.S. House,2,R,Andrea Carr,27
Josephine,Precinct 16,U.S. House,2,R,Andrea Carr,6
Josephine,Precinct 17,U.S. House,2,R,Andrea Carr,18
Josephine,Precinct 18,U.S. House,2,R,Andrea Carr,15
Josephine,Precinct 19,U.S. House,2,R,Andrea Carr,15
Josephine,Precinct 2,U.S. House,2,R,Andrea Carr,73
Josephine,Precinct 20,U.S. House,2,R,Andrea Carr,1
Josephine,Precinct 21,U.S. House,2,R,Andrea Carr,50
Josephine,Precinct 22,U.S. House,2,R,Andrea Carr,30
Josephine,Precinct 23,U.S. House,2,R,Andrea Carr,2
Josephine,Precinct 24,U.S. House,2,R,Andrea Carr,9
Josephine,Precinct 25,U.S. House,2,R,Andrea Carr,12
Josephine,Precinct 26,U.S. House,2,R,Andrea Carr,11
Josephine,Precinct 27,U.S. House,2,R,Andrea Carr,6
Josephine,Precinct 28,U.S. House,2,R,Andrea Carr,13
Josephine,Precinct 29,U.S. House,2,R,Andrea Carr,1
Josephine,Precinct 3,U.S. House,2,R,Andrea Carr,14
Josephine,Precinct 30,U.S. House,2,R,Andrea Carr,19
Josephine,Precinct 31,U.S. House,2,R,Andrea Carr,18
Josephine,Precinct 32,U.S. House,2,R,Andrea Carr,7
Josephine,Precinct 33,U.S. House,2,R,Andrea Carr,6
Josephine,Precinct 34,U.S. House,2,R,Andrea Carr,2
Josephine,Precinct 35,U.S. House,2,R,Andrea Carr,10
Josephine,Precinct 36,U.S. House,2,R,Andrea Carr,36
Josephine,Precinct 37,U.S. House,2,R,Andrea Carr,3
Josephine,Precinct 38,U.S. House,2,R,Andrea Carr,31
Josephine,Precinct 39,U.S. House,2,R,Andrea Carr,19
Josephine,Precinct 4,U.S. House,2,R,Andrea Carr,15
Josephine,Precinct 40,U.S. House,2,R,Andrea Carr,11
Josephine,Precinct 41,U.S. House,2,R,Andrea Carr,3
Josephine,Precinct 42,U.S. House,2,R,Andrea Carr,32
Josephine,Precinct 43,U.S. House,2,R,Andrea Carr,23
Josephine,Precinct 44,U.S. House,2,R,Andrea Carr,1
Josephine,Precinct 45,U.S. House,2,R,Andrea Carr,1
Josephine,Precinct 46,U.S. House,2,R,Andrea Carr,6
Josephine,Precinct 47,U.S. House,2,R,Andrea Carr,2
Josephine,Precinct 5,U.S. House,2,R,Andrea Carr,23
Josephine,Precinct 6,U.S. House,2,R,Andrea Carr,20
Josephine,Precinct 7,U.S. House,2,R,Andrea Carr,18
Josephine,Precinct 8,U.S. House,2,R,Andrea Carr,40
Josephine,Precinct 9,U.S. House,2,R,Andrea Carr,0
Josephine,Precinct 1,U.S. House,2,R,Cliff Bentz,677
Josephine,Precinct 10,U.S. House,2,R,Cliff Bentz,60
Josephine,Precinct 11,U.S. House,2,R,Cliff Bentz,59
Josephine,Precinct 12,U.S. House,2,R,Cliff Bentz,55
Josephine,Precinct 13,U.S. House,2,R,Cliff Bentz,52
Josephine,Precinct 14,U.S. House,2,R,Cliff Bentz,14
Josephine,Precinct 15,U.S. House,2,R,Cliff Bentz,347
Josephine,Precinct 16,U.S. House,2,R,Cliff Bentz,84
Josephine,Precinct 17,U.S. House,2,R,Cliff Bentz,319
Josephine,Precinct 18,U.S. House,2,R,Cliff Bentz,387
Josephine,Precinct 19,U.S. House,2,R,Cliff Bentz,436
Josephine,Precinct 2,U.S. House,2,R,Cliff Bentz,1006
Josephine,Precinct 20,U.S. House,2,R,Cliff Bentz,34
Josephine,Precinct 21,U.S. House,2,R,Cliff Bentz,576
Josephine,Precinct 22,U.S. House,2,R,Cliff Bentz,311
Josephine,Precinct 23,U.S. House,2,R,Cliff Bentz,76
Josephine,Precinct 24,U.S. House,2,R,Cliff Bentz,165
Josephine,Precinct 25,U.S. House,2,R,Cliff Bentz,212
Josephine,Precinct 26,U.S. House,2,R,Cliff Bentz,134
Josephine,Precinct 27,U.S. House,2,R,Cliff Bentz,73
Josephine,Precinct 28,U.S. House,2,R,Cliff Bentz,75
Josephine,Precinct 29,U.S. House,2,R,Cliff Bentz,17
Josephine,Precinct 3,U.S. House,2,R,Cliff Bentz,267
Josephine,Precinct 30,U.S. House,2,R,Cliff Bentz,144
Josephine,Precinct 31,U.S. House,2,R,Cliff Bentz,361
Josephine,Precinct 32,U.S. House,2,R,Cliff Bentz,41
Josephine,Precinct 33,U.S. House,2,R,Cliff Bentz,142
Josephine,Precinct 34,U.S. House,2,R,Cliff Bentz,57
Josephine,Precinct 35,U.S. House,2,R,Cliff Bentz,184
Josephine,Precinct 36,U.S. House,2,R,Cliff Bentz,477
Josephine,Precinct 37,U.S. House,2,R,Cliff Bentz,215
Josephine,Precinct 38,U.S. House,2,R,Cliff Bentz,575
Josephine,Precinct 39,U.S. House,2,R,Cliff Bentz,339
Josephine,Precinct 4,U.S. House,2,R,Cliff Bentz,176
Josephine,Precinct 40,U.S. House,2,R,Cliff Bentz,100
Josephine,Precinct 41,U.S. House,2,R,Cliff Bentz,13
Josephine,Precinct 42,U.S. House,2,R,Cliff Bentz,428
Josephine,Precinct 43,U.S. House,2,R,Cliff Bentz,255
Josephine,Precinct 44,U.S. House,2,R,Cliff Bentz,29
Josephine,Precinct 45,U.S. House,2,R,Cliff Bentz,25
Josephine,Precinct 46,U.S. House,2,R,Cliff Bentz,54
Josephine,Precinct 47,U.S. House,2,R,Cliff Bentz,32
Josephine,Precinct 5,U.S. House,2,R,Cliff Bentz,230
Josephine,Precinct 6,U.S. House,2,R,Cliff Bentz,200
Josephine,Precinct 7,U.S. House,2,R,Cliff Bentz,281
Josephine,Precinct 8,U.S. House,2,R,Cliff Bentz,592
Josephine,Precinct 9,U.S. House,2,R,Cliff Bentz,34
Josephine,Precinct 1,U.S. House,2,R,Over Votes,0
Josephine,Precinct 10,U.S. House,2,R,Over Votes,0
Josephine,Precinct 11,U.S. House,2,R,Over Votes,0
Josephine,Precinct 12,U.S. House,2,R,Over Votes,0
Josephine,Precinct 13,U.S. House,2,R,Over Votes,0
Josephine,Precinct 14,U.S. House,2,R,Over Votes,0
Josephine,Precinct 15,U.S. House,2,R,Over Votes,0
Josephine,Precinct 16,U.S. House,2,R,Over Votes,0
Josephine,Precinct 17,U.S. House,2,R,Over Votes,0
Josephine,Precinct 18,U.S. House,2,R,Over Votes,0
Josephine,Precinct 19,U.S. House,2,R,Over Votes,0
Josephine,Precinct 2,U.S. House,2,R,Over Votes,0
Josephine,Precinct 20,U.S. House,2,R,Over Votes,0
Josephine,Precinct 21,U.S. House,2,R,Over Votes,0
Josephine,Precinct 22,U.S. House,2,R,Over Votes,0
Josephine,Precinct 23,U.S. House,2,R,Over Votes,0
Josephine,Precinct 24,U.S. House,2,R,Over Votes,0
Josephine,Precinct 25,U.S. House,2,R,Over Votes,0
Josephine,Precinct 26,U.S. House,2,R,Over Votes,0
Josephine,Precinct 27,U.S. House,2,R,Over Votes,0
Josephine,Precinct 28,U.S. House,2,R,Over Votes,0
Josephine,Precinct 29,U.S. House,2,R,Over Votes,0
Josephine,Precinct 3,U.S. House,2,R,Over Votes,0
Josephine,Precinct 30,U.S. House,2,R,Over Votes,0
Josephine,Precinct 31,U.S. House,2,R,Over Votes,0
Josephine,Precinct 32,U.S. House,2,R,Over Votes,0
Josephine,Precinct 33,U.S. House,2,R,Over Votes,0
Josephine,Precinct 34,U.S. House,2,R,Over Votes,0
Josephine,Precinct 35,U.S. House,2,R,Over Votes,0
Josephine,Precinct 36,U.S. House,2,R,Over Votes,0
Josephine,Precinct 37,U.S. House,2,R,Over Votes,0
Josephine,Precinct 38,U.S. House,2,R,Over Votes,0
Josephine,Precinct 39,U.S. House,2,R,Over Votes,0
Josephine,Precinct 4,U.S. House,2,R,Over Votes,0
Josephine,Precinct 40,U.S. House,2,R,Over Votes,0
Josephine,Precinct 41,U.S. House,2,R,Over Votes,0
Josephine,Precinct 42,U.S. House,2,R,Over Votes,0
Josephine,Precinct 43,U.S. House,2,R,Over Votes,2
Josephine,Precinct 44,U.S. House,2,R,Over Votes,0
Josephine,Precinct 45,U.S. House,2,R,Over Votes,0
Josephine,Precinct 46,U.S. House,2,R,Over Votes,0
Josephine,Precinct 47,U.S. House,2,R,Over Votes,0
Josephine,Precinct 5,U.S. House,2,R,Over Votes,0
Josephine,Precinct 6,U.S. House,2,R,Over Votes,0
Josephine,Precinct 7,U.S. House,2,R,Over Votes,0
Josephine,Precinct 8,U.S. House,2,R,Over Votes,0
Josephine,Precinct 9,U.S. House,2,R,Over Votes,0
Josephine,Precinct 1,U.S. House,2,R,Peter J. Larson,98
Josephine,Precinct 10,U.S. House,2,R,Peter J. Larson,7
Josephine,Precinct 11,U.S. House,2,R,Peter J. Larson,10
Josephine,Precinct 12,U.S. House,2,R,Peter J. Larson,4
Josephine,Precinct 13,U.S. House,2,R,Peter J. Larson,7
Josephine,Precinct 14,U.S. House,2,R,Peter J. Larson,6
Josephine,Precinct 15,U.S. House,2,R,Peter J. Larson,40
Josephine,Precinct 16,U.S. House,2,R,Peter J. Larson,9
Josephine,Precinct 17,U.S. House,2,R,Peter J. Larson,54
Josephine,Precinct 18,U.S. House,2,R,Peter J. Larson,74
Josephine,Precinct 19,U.S. House,2,R,Peter J. Larson,74
Josephine,Precinct 2,U.S. House,2,R,Peter J. Larson,175
Josephine,Precinct 20,U.S. House,2,R,Peter J. Larson,19
Josephine,Precinct 21,U.S. House,2,R,Peter J. Larson,129
Josephine,Precinct 22,U.S. House,2,R,Peter J. Larson,58
Josephine,Precinct 23,U.S. House,2,R,Peter J. Larson,26
Josephine,Precinct 24,U.S. House,2,R,Peter J. Larson,22
Josephine,Precinct 25,U.S. House,2,R,Peter J. Larson,45
Josephine,Precinct 26,U.S. House,2,R,Peter J. Larson,33
Josephine,Precinct 27,U.S. House,2,R,Peter J. Larson,22
Josephine,Precinct 28,U.S. House,2,R,Peter J. Larson,18
Josephine,Precinct 29,U.S. House,2,R,Peter J. Larson,2
Josephine,Precinct 3,U.S. House,2,R,Peter J. Larson,53
Josephine,Precinct 30,U.S. House,2,R,Peter J. Larson,46
Josephine,Precinct 31,U.S. House,2,R,Peter J. Larson,103
Josephine,Precinct 32,U.S. House,2,R,Peter J. Larson,10
Josephine,Precinct 33,U.S. House,2,R,Peter J. Larson,31
Josephine,Precinct 34,U.S. House,2,R,Peter J. Larson,7
Josephine,Precinct 35,U.S. House,2,R,Peter J. Larson,27
Josephine,Precinct 36,U.S. House,2,R,Peter J. Larson,75
Josephine,Precinct 37,U.S. House,2,R,Peter J. Larson,42
Josephine,Precinct 38,U.S. House,2,R,Peter J. Larson,95
Josephine,Precinct 39,U.S. House,2,R,Peter J. Larson,66
Josephine,Precinct 4,U.S. House,2,R,Peter J. Larson,36
Josephine,Precinct 40,U.S. House,2,R,Peter J. Larson,21
Josephine,Precinct 41,U.S. House,2,R,Peter J. Larson,5
Josephine,Precinct 42,U.S. House,2,R,Peter J. Larson,73
Josephine,Precinct 43,U.S. House,2,R,Peter J. Larson,62
Josephine,Precinct 44,U.S. House,2,R,Peter J. Larson,4
Josephine,Precinct 45,U.S. House,2,R,Peter J. Larson,3
Josephine,Precinct 46,U.S. House,2,R,Peter J. Larson,5
Josephine,Precinct 47,U.S. House,2,R,Peter J. Larson,11
Josephine,Precinct 5,U.S. House,2,R,Peter J. Larson,58
Josephine,Precinct 6,U.S. House,2,R,Peter J. Larson,38
Josephine,Precinct 7,U.S. House,2,R,Peter J. Larson,56
Josephine,Precinct 8,U.S. House,2,R,Peter J. Larson,88
Josephine,Precinct 9,U.S. House,2,R,Peter J. Larson,8
Josephine,Precinct 1,U.S. House,2,R,Under Votes,103
Josephine,Precinct 10,U.S. House,2,R,Under Votes,7
Josephine,Precinct 11,U.S. House,2,R,Under Votes,9
Josephine,Precinct 12,U.S. House,2,R,Under Votes,8
Josephine,Precinct 13,U.S. House,2,R,Under Votes,4
Josephine,Precinct 14,U.S. House,2,R,Under Votes,1
Josephine,Precinct 15,U.S. House,2,R,Under Votes,54
Josephine,Precinct 16,U.S. House,2,R,Under Votes,16
Josephine,Precinct 17,U.S. House,2,R,Under Votes,55
Josephine,Precinct 18,U.S. House,2,R,Under Votes,54
Josephine,Precinct 19,U.S. House,2,R,Under Votes,71
Josephine,Precinct 2,U.S. House,2,R,Under Votes,173
Josephine,Precinct 20,U.S. House,2,R,Under Votes,5
Josephine,Precinct 21,U.S. House,2,R,Under Votes,84
Josephine,Precinct 22,U.S. House,2,R,Under Votes,45
Josephine,Precinct 23,U.S. House,2,R,Under Votes,18
Josephine,Precinct 24,U.S. House,2,R,Under Votes,25
Josephine,Precinct 25,U.S. House,2,R,Under Votes,41
Josephine,Precinct 26,U.S. House,2,R,Under Votes,23
Josephine,Precinct 27,U.S. House,2,R,Under Votes,18
Josephine,Precinct 28,U.S. House,2,R,Under Votes,13
Josephine,Precinct 29,U.S. House,2,R,Under Votes,1
Josephine,Precinct 3,U.S. House,2,R,Under Votes,50
Josephine,Precinct 30,U.S. House,2,R,Under Votes,39
Josephine,Precinct 31,U.S. House,2,R,Under Votes,87
Josephine,Precinct 32,U.S. House,2,R,Under Votes,3
Josephine,Precinct 33,U.S. House,2,R,Under Votes,28
Josephine,Precinct 34,U.S. House,2,R,Under Votes,10
Josephine,Precinct 35,U.S. House,2,R,Under Votes,30
Josephine,Precinct 36,U.S. House,2,R,Under Votes,79
Josephine,Precinct 37,U.S. House,2,R,Under Votes,32
Josephine,Precinct 38,U.S. House,2,R,Under Votes,87
Josephine,Precinct 39,U.S. House,2,R,Under Votes,53
Josephine,Precinct 4,U.S. House,2,R,Under Votes,29
Josephine,Precinct 40,U.S. House,2,R,Under Votes,25
Josephine,Precinct 41,U.S. House,2,R,Under Votes,7
Josephine,Precinct 42,U.S. House,2,R,Under Votes,80
Josephine,Precinct 43,U.S. House,2,R,Under Votes,43
Josephine,Precinct 44,U.S. House,2,R,Under Votes,4
Josephine,Precinct 45,U.S. House,2,R,Under Votes,8
Josephine,Precinct 46,U.S. House,2,R,Under Votes,12
Josephine,Precinct 47,U.S. House,2,R,Under Votes,7
Josephine,Precinct 5,U.S. House,2,R,Under Votes,48
Josephine,Precinct 6,U.S. House,2,R,Under Votes,33
Josephine,Precinct 7,U.S. House,2,R,Under Votes,51
Josephine,Precinct 8,U.S. House,2,R,Under Votes,121
Josephine,Precinct 9,U.S. House,2,R,Under Votes,9
Josephine,Precinct 1,U.S. House,2,R,Write-ins,4
Josephine,Precinct 10,U.S. House,2,R,Write-ins,0
Josephine,Precinct 11,U.S. House,2,R,Write-ins,1
Josephine,Precinct 12,U.S. House,2,R,Write-ins,1
Josephine,Precinct 13,U.S. House,2,R,Write-ins,0
Josephine,Precinct 14,U.S. House,2,R,Write-ins,0
Josephine,Precinct 15,U.S. House,2,R,Write-ins,1
Josephine,Precinct 16,U.S. House,2,R,Write-ins,0
Josephine,Precinct 17,U.S. House,2,R,Write-ins,2
Josephine,Precinct 18,U.S. House,2,R,Write-ins,0
Josephine,Precinct 19,U.S. House,2,R,Write-ins,3
Josephine,Precinct 2,U.S. House,2,R,Write-ins,2
Josephine,Precinct 20,U.S. House,2,R,Write-ins,0
Josephine,Precinct 21,U.S. House,2,R,Write-ins,3
Josephine,Precinct 22,U.S. House,2,R,Write-ins,0
Josephine,Precinct 23,U.S. House,2,R,Write-ins,0
Josephine,Precinct 24,U.S. House,2,R,Write-ins,1
Josephine,Precinct 25,U.S. House,2,R,Write-ins,0
Josephine,Precinct 26,U.S. House,2,R,Write-ins,1
Josephine,Precinct 27,U.S. House,2,R,Write-ins,0
Josephine,Precinct 28,U.S. House,2,R,Write-ins,0
Josephine,Precinct 29,U.S. House,2,R,Write-ins,0
Josephine,Precinct 3,U.S. House,2,R,Write-ins,2
Josephine,Precinct 30,U.S. House,2,R,Write-ins,1
Josephine,Precinct 31,U.S. House,2,R,Write-ins,1
Josephine,Precinct 32,U.S. House,2,R,Write-ins,1
Josephine,Precinct 33,U.S. House,2,R,Write-ins,1
Josephine,Precinct 34,U.S. House,2,R,Write-ins,3
Josephine,Precinct 35,U.S. House,2,R,Write-ins,0
Josephine,Precinct 36,U.S. House,2,R,Write-ins,2
Josephine,Precinct 37,U.S. House,2,R,Write-ins,0
Josephine,Precinct 38,U.S. House,2,R,Write-ins,0
Josephine,Precinct 39,U.S. House,2,R,Write-ins,2
Josephine,Precinct 4,U.S. House,2,R,Write-ins,0
Josephine,Precinct 40,U.S. House,2,R,Write-ins,1
Josephine,Precinct 41,U.S. House,2,R,Write-ins,0
Josephine,Precinct 42,U.S. House,2,R,Write-ins,1
Josephine,Precinct 43,U.S. House,2,R,Write-ins,0
Josephine,Precinct 44,U.S. House,2,R,Write-ins,0
Josephine,Precinct 45,U.S. House,2,R,Write-ins,0
Josephine,Precinct 46,U.S. House,2,R,Write-ins,1
Josephine,Precinct 47,U.S. House,2,R,Write-ins,0
Josephine,Precinct 5,U.S. House,2,R,Write-ins,3
Josephine,Precinct 6,U.S. House,2,R,Write-ins,1
Josephine,Precinct 7,U.S. House,2,R,Write-ins,0
Josephine,Precinct 8,U.S. House,2,R,Write-ins,4
Josephine,Precinct 9,U.S. House,2,R,Write-ins,0
Josephine,Precinct 1,U.S. Senate,,D,Jeff Merkley,541
Josephine,Precinct 10,U.S. Senate,,D,Jeff Merkley,30
Josephine,Precinct 11,U.S. Senate,,D,Jeff Merkley,31
Josephine,Precinct 12,U.S. Senate,,D,Jeff Merkley,38
Josephine,Precinct 13,U.S. Senate,,D,Jeff Merkley,28
Josephine,Precinct 14,U.S. Senate,,D,Jeff Merkley,8
Josephine,Precinct 15,U.S. Senate,,D,Jeff Merkley,130
Josephine,Precinct 16,U.S. Senate,,D,Jeff Merkley,19
Josephine,Precinct 17,U.S. Senate,,D,Jeff Merkley,150
Josephine,Precinct 18,U.S. Senate,,D,Jeff Merkley,157
Josephine,Precinct 19,U.S. Senate,,D,Jeff Merkley,161
Josephine,Precinct 2,U.S. Senate,,D,Jeff Merkley,507
Josephine,Precinct 20,U.S. Senate,,D,Jeff Merkley,22
Josephine,Precinct 21,U.S. Senate,,D,Jeff Merkley,286
Josephine,Precinct 22,U.S. Senate,,D,Jeff Merkley,105
Josephine,Precinct 23,U.S. Senate,,D,Jeff Merkley,20
Josephine,Precinct 24,U.S. Senate,,D,Jeff Merkley,67
Josephine,Precinct 25,U.S. Senate,,D,Jeff Merkley,115
Josephine,Precinct 26,U.S. Senate,,D,Jeff Merkley,78
Josephine,Precinct 27,U.S. Senate,,D,Jeff Merkley,47
Josephine,Precinct 28,U.S. Senate,,D,Jeff Merkley,47
Josephine,Precinct 29,U.S. Senate,,D,Jeff Merkley,4
Josephine,Precinct 3,U.S. Senate,,D,Jeff Merkley,211
Josephine,Precinct 30,U.S. Senate,,D,Jeff Merkley,115
Josephine,Precinct 31,U.S. Senate,,D,Jeff Merkley,449
Josephine,Precinct 32,U.S. Senate,,D,Jeff Merkley,33
Josephine,Precinct 33,U.S. Senate,,D,Jeff Merkley,66
Josephine,Precinct 34,U.S. Senate,,D,Jeff Merkley,52
Josephine,Precinct 35,U.S. Senate,,D,Jeff Merkley,74
Josephine,Precinct 36,U.S. Senate,,D,Jeff Merkley,203
Josephine,Precinct 37,U.S. Senate,,D,Jeff Merkley,127
Josephine,Precinct 38,U.S. Senate,,D,Jeff Merkley,247
Josephine,Precinct 39,U.S. Senate,,D,Jeff Merkley,142
Josephine,Precinct 4,U.S. Senate,,D,Jeff Merkley,140
Josephine,Precinct 40,U.S. Senate,,D,Jeff Merkley,131
Josephine,Precinct 41,U.S. Senate,,D,Jeff Merkley,5
Josephine,Precinct 42,U.S. Senate,,D,Jeff Merkley,144
Josephine,Precinct 43,U.S. Senate,,D,Jeff Merkley,109
Josephine,Precinct 44,U.S. Senate,,D,Jeff Merkley,23
Josephine,Precinct 45,U.S. Senate,,D,Jeff Merkley,11
Josephine,Precinct 46,U.S. Senate,,D,Jeff Merkley,24
Josephine,Precinct 47,U.S. Senate,,D,Jeff Merkley,25
Josephine,Precinct 5,U.S. Senate,,D,Jeff Merkley,164
Josephine,Precinct 6,U.S. Senate,,D,Jeff Merkley,131
Josephine,Precinct 7,U.S. Senate,,D,Jeff Merkley,234
Josephine,Precinct 8,U.S. Senate,,D,Jeff Merkley,366
Josephine,Precinct 9,U.S. Senate,,D,Jeff Merkley,10
Josephine,Precinct 1,U.S. Senate,,D,Over Votes,0
Josephine,Precinct 10,U.S. Senate,,D,Over Votes,0
Josephine,Precinct 11,U.S. Senate,,D,Over Votes,0
Josephine,Precinct 12,U.S. Senate,,D,Over Votes,0
Josephine,Precinct 13,U.S. Senate,,D,Over Votes,0
Josephine,Precinct 14,U.S. Senate,,D,Over Votes,0
Josephine,Precinct 15,U.S. Senate,,D,Over Votes,0
Josephine,Precinct 16,U.S. Senate,,D,Over Votes,0
Josephine,Precinct 17,U.S. Senate,,D,Over Votes,0
Josephine,Precinct 18,U.S. Senate,,D,Over Votes,0
Josephine,Precinct 19,U.S. Senate,,D,Over Votes,0
Josephine,Precinct 2,U.S. Senate,,D,Over Votes,0
Josephine,Precinct 20,U.S. Senate,,D,Over Votes,0
Josephine,Precinct 21,U.S. Senate,,D,Over Votes,0
Josephine,Precinct 22,U.S. Senate,,D,Over Votes,0
Josephine,Precinct 23,U.S. Senate,,D,Over Votes,0
Josephine,Precinct 24,U.S. Senate,,D,Over Votes,0
Josephine,Precinct 25,U.S. Senate,,D,Over Votes,0
Josephine,Precinct 26,U.S. Senate,,D,Over Votes,0
Josephine,Precinct 27,U.S. Senate,,D,Over Votes,0
Josephine,Precinct 28,U.S. Senate,,D,Over Votes,0
Josephine,Precinct 29,U.S. Senate,,D,Over Votes,0
Josephine,Precinct 3,U.S. Senate,,D,Over Votes,0
Josephine,Precinct 30,U.S. Senate,,D,Over Votes,0
Josephine,Precinct 31,U.S. Senate,,D,Over Votes,0
Josephine,Precinct 32,U.S. Senate,,D,Over Votes,0
Josephine,Precinct 33,U.S. Senate,,D,Over Votes,0
Josephine,Precinct 34,U.S. Senate,,D,Over Votes,0
Josephine,Precinct 35,U.S. Senate,,D,Over Votes,0
Josephine,Precinct 36,U.S. Senate,,D,Over Votes,0
Josephine,Precinct 37,U.S. Senate,,D,Over Votes,0
Josephine,Precinct 38,U.S. Senate,,D,Over Votes,0
Josephine,Precinct 39,U.S. Senate,,D,Over Votes,0
Josephine,Precinct 4,U.S. Senate,,D,Over Votes,0
Josephine,Precinct 40,U.S. Senate,,D,Over Votes,0
Josephine,Precinct 41,U.S. Senate,,D,Over Votes,0
Josephine,Precinct 42,U.S. Senate,,D,Over Votes,0
Josephine,Precinct 43,U.S. Senate,,D,Over Votes,0
Josephine,Precinct 44,U.S. Senate,,D,Over Votes,0
Josephine,Precinct 45,U.S. Senate,,D,Over Votes,0
Josephine,Precinct 46,U.S. Senate,,D,Over Votes,0
Josephine,Precinct 47,U.S. Senate,,D,Over Votes,0
Josephine,Precinct 5,U.S. Senate,,D,Over Votes,0
Josephine,Precinct 6,U.S. Senate,,D,Over Votes,0
Josephine,Precinct 7,U.S. Senate,,D,Over Votes,1
Josephine,Precinct 8,U.S. Senate,,D,Over Votes,0
Josephine,Precinct 9,U.S. Senate,,D,Over Votes,0
Josephine,Precinct 1,U.S. Senate,,D,Paul Damian Wells,34
Josephine,Precinct 10,U.S. Senate,,D,Paul Damian Wells,5
Josephine,Precinct 11,U.S. Senate,,D,Paul Damian Wells,3
Josephine,Precinct 12,U.S. Senate,,D,Paul Damian Wells,3
Josephine,Precinct 13,U.S. Senate,,D,Paul Damian Wells,3
Josephine,Precinct 14,U.S. Senate,,D,Paul Damian Wells,1
Josephine,Precinct 15,U.S. Senate,,D,Paul Damian Wells,13
Josephine,Precinct 16,U.S. Senate,,D,Paul Damian Wells,3
Josephine,Precinct 17,U.S. Senate,,D,Paul Damian Wells,11
Josephine,Precinct 18,U.S. Senate,,D,Paul Damian Wells,6
Josephine,Precinct 19,U.S. Senate,,D,Paul Damian Wells,12
Josephine,Precinct 2,U.S. Senate,,D,Paul Damian Wells,43
Josephine,Precinct 20,U.S. Senate,,D,Paul Damian Wells,1
Josephine,Precinct 21,U.S. Senate,,D,Paul Damian Wells,28
Josephine,Precinct 22,U.S. Senate,,D,Paul Damian Wells,5
Josephine,Precinct 23,U.S. Senate,,D,Paul Damian Wells,4
Josephine,Precinct 24,U.S. Senate,,D,Paul Damian Wells,2
Josephine,Precinct 25,U.S. Senate,,D,Paul Damian Wells,7
Josephine,Precinct 26,U.S. Senate,,D,Paul Damian Wells,4
Josephine,Precinct 27,U.S. Senate,,D,Paul Damian Wells,7
Josephine,Precinct 28,U.S. Senate,,D,Paul Damian Wells,4
Josephine,Precinct 29,U.S. Senate,,D,Paul Damian Wells,1
Josephine,Precinct 3,U.S. Senate,,D,Paul Damian Wells,15
Josephine,Precinct 30,U.S. Senate,,D,Paul Damian Wells,11
Josephine,Precinct 31,U.S. Senate,,D,Paul Damian Wells,32
Josephine,Precinct 32,U.S. Senate,,D,Paul Damian Wells,1
Josephine,Precinct 33,U.S. Senate,,D,Paul Damian Wells,4
Josephine,Precinct 34,U.S. Senate,,D,Paul Damian Wells,4
Josephine,Precinct 35,U.S. Senate,,D,Paul Damian Wells,5
Josephine,Precinct 36,U.S. Senate,,D,Paul Damian Wells,10
Josephine,Precinct 37,U.S. Senate,,D,Paul Damian Wells,8
Josephine,Precinct 38,U.S. Senate,,D,Paul Damian Wells,16
Josephine,Precinct 39,U.S. Senate,,D,Paul Damian Wells,9
Josephine,Precinct 4,U.S. Senate,,D,Paul Damian Wells,14
Josephine,Precinct 40,U.S. Senate,,D,Paul Damian Wells,4
Josephine,Precinct 41,U.S. Senate,,D,Paul Damian Wells,0
Josephine,Precinct 42,U.S. Senate,,D,Paul Damian Wells,21
Josephine,Precinct 43,U.S. Senate,,D,Paul Damian Wells,12
Josephine,Precinct 44,U.S. Senate,,D,Paul Damian Wells,0
Josephine,Precinct 45,U.S. Senate,,D,Paul Damian Wells,2
Josephine,Precinct 46,U.S. Senate,,D,Paul Damian Wells,1
Josephine,Precinct 47,U.S. Senate,,D,Paul Damian Wells,0
Josephine,Precinct 5,U.S. Senate,,D,Paul Damian Wells,15
Josephine,Precinct 6,U.S. Senate,,D,Paul Damian Wells,11
Josephine,Precinct 7,U.S. Senate,,D,Paul Damian Wells,26
Josephine,Precinct 8,U.S. Senate,,D,Paul Damian Wells,21
Josephine,Precinct 9,U.S. Senate,,D,Paul Damian Wells,2
Josephine,Precinct 1,U.S. Senate,,D,Under Votes,45
Josephine,Precinct 10,U.S. Senate,,D,Under Votes,2
Josephine,Precinct 11,U.S. Senate,,D,Under Votes,3
Josephine,Precinct 12,U.S. Senate,,D,Under Votes,2
Josephine,Precinct 13,U.S. Senate,,D,Under Votes,0
Josephine,Precinct 14,U.S. Senate,,D,Under Votes,2
Josephine,Precinct 15,U.S. Senate,,D,Under Votes,10
Josephine,Precinct 16,U.S. Senate,,D,Under Votes,1
Josephine,Precinct 17,U.S. Senate,,D,Under Votes,12
Josephine,Precinct 18,U.S. Senate,,D,Under Votes,14
Josephine,Precinct 19,U.S. Senate,,D,Under Votes,15
Josephine,Precinct 2,U.S. Senate,,D,Under Votes,28
Josephine,Precinct 20,U.S. Senate,,D,Under Votes,0
Josephine,Precinct 21,U.S. Senate,,D,Under Votes,26
Josephine,Precinct 22,U.S. Senate,,D,Under Votes,5
Josephine,Precinct 23,U.S. Senate,,D,Under Votes,2
Josephine,Precinct 24,U.S. Senate,,D,Under Votes,3
Josephine,Precinct 25,U.S. Senate,,D,Under Votes,3
Josephine,Precinct 26,U.S. Senate,,D,Under Votes,5
Josephine,Precinct 27,U.S. Senate,,D,Under Votes,1
Josephine,Precinct 28,U.S. Senate,,D,Under Votes,6
Josephine,Precinct 29,U.S. Senate,,D,Under Votes,0
Josephine,Precinct 3,U.S. Senate,,D,Under Votes,19
Josephine,Precinct 30,U.S. Senate,,D,Under Votes,4
Josephine,Precinct 31,U.S. Senate,,D,Under Votes,19
Josephine,Precinct 32,U.S. Senate,,D,Under Votes,2
Josephine,Precinct 33,U.S. Senate,,D,Under Votes,3
Josephine,Precinct 34,U.S. Senate,,D,Under Votes,4
Josephine,Precinct 35,U.S. Senate,,D,Under Votes,2
Josephine,Precinct 36,U.S. Senate,,D,Under Votes,19
Josephine,Precinct 37,U.S. Senate,,D,Under Votes,8
Josephine,Precinct 38,U.S. Senate,,D,Under Votes,18
Josephine,Precinct 39,U.S. Senate,,D,Under Votes,12
Josephine,Precinct 4,U.S. Senate,,D,Under Votes,7
Josephine,Precinct 40,U.S. Senate,,D,Under Votes,7
Josephine,Precinct 41,U.S. Senate,,D,Under Votes,1
Josephine,Precinct 42,U.S. Senate,,D,Under Votes,11
Josephine,Precinct 43,U.S. Senate,,D,Under Votes,12
Josephine,Precinct 44,U.S. Senate,,D,Under Votes,1
Josephine,Precinct 45,U.S. Senate,,D,Under Votes,1
Josephine,Precinct 46,U.S. Senate,,D,Under Votes,1
Josephine,Precinct 47,U.S. Senate,,D,Under Votes,1
Josephine,Precinct 5,U.S. Senate,,D,Under Votes,7
Josephine,Precinct 6,U.S. Senate,,D,Under Votes,5
Josephine,Precinct 7,U.S. Senate,,D,Under Votes,16
Josephine,Precinct 8,U.S. Senate,,D,Under Votes,22
Josephine,Precinct 9,U.S. Senate,,D,Under Votes,1
Josephine,Precinct 1,U.S. Senate,,D,Write-ins,5
Josephine,Precinct 10,U.S. Senate,,D,Write-ins,0
Josephine,Precinct 11,U.S. Senate,,D,Write-ins,0
Josephine,Precinct 12,U.S. Senate,,D,Write-ins,0
Josephine,Precinct 13,U.S. Senate,,D,Write-ins,0
Josephine,Precinct 14,U.S. Senate,,D,Write-ins,0
Josephine,Precinct 15,U.S. Senate,,D,Write-ins,1
Josephine,Precinct 16,U.S. Senate,,D,Write-ins,0
Josephine,Precinct 17,U.S. Senate,,D,Write-ins,5
Josephine,Precinct 18,U.S. Senate,,D,Write-ins,2
Josephine,Precinct 19,U.S. Senate,,D,Write-ins,0
Josephine,Precinct 2,U.S. Senate,,D,Write-ins,6
Josephine,Precinct 20,U.S. Senate,,D,Write-ins,0
Josephine,Precinct 21,U.S. Senate,,D,Write-ins,3
Josephine,Precinct 22,U.S. Senate,,D,Write-ins,1
Josephine,Precinct 23,U.S. Senate,,D,Write-ins,0
Josephine,Precinct 24,U.S. Senate,,D,Write-ins,0
Josephine,Precinct 25,U.S. Senate,,D,Write-ins,1
Josephine,Precinct 26,U.S. Senate,,D,Write-ins,0
Josephine,Precinct 27,U.S. Senate,,D,Write-ins,0
Josephine,Precinct 28,U.S. Senate,,D,Write-ins,0
Josephine,Precinct 29,U.S. Senate,,D,Write-ins,0
Josephine,Precinct 3,U.S. Senate,,D,Write-ins,0
Josephine,Precinct 30,U.S. Senate,,D,Write-ins,5
Josephine,Precinct 31,U.S. Senate,,D,Write-ins,2
Josephine,Precinct 32,U.S. Senate,,D,Write-ins,0
Josephine,Precinct 33,U.S. Senate,,D,Write-ins,0
Josephine,Precinct 34,U.S. Senate,,D,Write-ins,1
Josephine,Precinct 35,U.S. Senate,,D,Write-ins,5
Josephine,Precinct 36,U.S. Senate,,D,Write-ins,1
Josephine,Precinct 37,U.S. Senate,,D,Write-ins,0
Josephine,Precinct 38,U.S. Senate,,D,Write-ins,3
Josephine,Precinct 39,U.S. Senate,,D,Write-ins,1
Josephine,Precinct 4,U.S. Senate,,D,Write-ins,4
Josephine,Precinct 40,U.S. Senate,,D,Write-ins,0
Josephine,Precinct 41,U.S. Senate,,D,Write-ins,0
Josephine,Precinct 42,U.S. Senate,,D,Write-ins,6
Josephine,Precinct 43,U.S. Senate,,D,Write-ins,2
Josephine,Precinct 44,U.S. Senate,,D,Write-ins,0
Josephine,Precinct 45,U.S. Senate,,D,Write-ins,0
Josephine,Precinct 46,U.S. Senate,,D,Write-ins,0
Josephine,Precinct 47,U.S. Senate,,D,Write-ins,0
Josephine,Precinct 5,U.S. Senate,,D,Write-ins,1
Josephine,Precinct 6,U.S. Senate,,D,Write-ins,0
Josephine,Precinct 7,U.S. Senate,,D,Write-ins,1
Josephine,Precinct 8,U.S. Senate,,D,Write-ins,2
Josephine,Precinct 9,U.S. Senate,,D,Write-ins,0
Josephine,Precinct 1,U.S. Senate,,R,Brent Barker,128
Josephine,Precinct 10,U.S. Senate,,R,Brent Barker,7
Josephine,Precinct 11,U.S. Senate,,R,Brent Barker,8
Josephine,Precinct 12,U.S. Senate,,R,Brent Barker,14
Josephine,Precinct 13,U.S. Senate,,R,Brent Barker,6
Josephine,Precinct 14,U.S. Senate,,R,Brent Barker,2
Josephine,Precinct 15,U.S. Senate,,R,Brent Barker,57
Josephine,Precinct 16,U.S. Senate,,R,Brent Barker,19
Josephine,Precinct 17,U.S. Senate,,R,Brent Barker,79
Josephine,Precinct 18,U.S. Senate,,R,Brent Barker,84
Josephine,Precinct 19,U.S. Senate,,R,Brent Barker,64
Josephine,Precinct 2,U.S. Senate,,R,Brent Barker,247
Josephine,Precinct 20,U.S. Senate,,R,Brent Barker,5
Josephine,Precinct 21,U.S. Senate,,R,Brent Barker,124
Josephine,Precinct 22,U.S. Senate,,R,Brent Barker,50
Josephine,Precinct 23,U.S. Senate,,R,Brent Barker,20
Josephine,Precinct 24,U.S. Senate,,R,Brent Barker,40
Josephine,Precinct 25,U.S. Senate,,R,Brent Barker,60
Josephine,Precinct 26,U.S. Senate,,R,Brent Barker,21
Josephine,Precinct 27,U.S. Senate,,R,Brent Barker,30
Josephine,Precinct 28,U.S. Senate,,R,Brent Barker,24
Josephine,Precinct 29,U.S. Senate,,R,Brent Barker,3
Josephine,Precinct 3,U.S. Senate,,R,Brent Barker,58
Josephine,Precinct 30,U.S. Senate,,R,Brent Barker,40
Josephine,Precinct 31,U.S. Senate,,R,Brent Barker,111
Josephine,Precinct 32,U.S. Senate,,R,Brent Barker,15
Josephine,Precinct 33,U.S. Senate,,R,Brent Barker,32
Josephine,Precinct 34,U.S. Senate,,R,Brent Barker,12
Josephine,Precinct 35,U.S. Senate,,R,Brent Barker,35
Josephine,Precinct 36,U.S. Senate,,R,Brent Barker,109
Josephine,Precinct 37,U.S. Senate,,R,Brent Barker,65
Josephine,Precinct 38,U.S. Senate,,R,Brent Barker,138
Josephine,Precinct 39,U.S. Senate,,R,Brent Barker,80
Josephine,Precinct 4,U.S. Senate,,R,Brent Barker,36
Josephine,Precinct 40,U.S. Senate,,R,Brent Barker,19
Josephine,Precinct 41,U.S. Senate,,R,Brent Barker,2
Josephine,Precinct 42,U.S. Senate,,R,Brent Barker,110
Josephine,Precinct 43,U.S. Senate,,R,Brent Barker,57
Josephine,Precinct 44,U.S. Senate,,R,Brent Barker,4
Josephine,Precinct 45,U.S. Senate,,R,Brent Barker,6
Josephine,Precinct 46,U.S. Senate,,R,Brent Barker,12
Josephine,Precinct 47,U.S. Senate,,R,Brent Barker,13
Josephine,Precinct 5,U.S. Senate,,R,Brent Barker,51
Josephine,Precinct 6,U.S. Senate,,R,Brent Barker,40
Josephine,Precinct 7,U.S. Senate,,R,Brent Barker,53
Josephine,Precinct 8,U.S. Senate,,R,Brent Barker,129
Josephine,Precinct 9,U.S. Senate,,R,Brent Barker,8
Josephine,Precinct 1,U.S. Senate,,R,David A. Burch,9
Josephine,Precinct 10,U.S. Senate,,R,David A. Burch,0
Josephine,Precinct 11,U.S. Senate,,R,David A. Burch,2
Josephine,Precinct 12,U.S. Senate,,R,David A. Burch,1
Josephine,Precinct 13,U.S. Senate,,R,David A. Burch,1
Josephine,Precinct 14,U.S. Senate,,R,David A. Burch,1
Josephine,Precinct 15,U.S. Senate,,R,David A. Burch,5
Josephine,Precinct 16,U.S. Senate,,R,David A. Burch,1
Josephine,Precinct 17,U.S. Senate,,R,David A. Burch,7
Josephine,Precinct 18,U.S. Senate,,R,David A. Burch,7
Josephine,Precinct 19,U.S. Senate,,R,David A. Burch,6
Josephine,Precinct 2,U.S. Senate,,R,David A. Burch,19
Josephine,Precinct 20,U.S. Senate,,R,David A. Burch,2
Josephine,Precinct 21,U.S. Senate,,R,David A. Burch,16
Josephine,Precinct 22,U.S. Senate,,R,David A. Burch,6
Josephine,Precinct 23,U.S. Senate,,R,David A. Burch,1
Josephine,Precinct 24,U.S. Senate,,R,David A. Burch,1
Josephine,Precinct 25,U.S. Senate,,R,David A. Burch,3
Josephine,Precinct 26,U.S. Senate,,R,David A. Burch,5
Josephine,Precinct 27,U.S. Senate,,R,David A. Burch,1
Josephine,Precinct 28,U.S. Senate,,R,David A. Burch,3
Josephine,Precinct 29,U.S. Senate,,R,David A. Burch,0
Josephine,Precinct 3,U.S. Senate,,R,David A. Burch,8
Josephine,Precinct 30,U.S. Senate,,R,David A. Burch,7
Josephine,Precinct 31,U.S. Senate,,R,David A. Burch,14
Josephine,Precinct 32,U.S. Senate,,R,David A. Burch,0
Josephine,Precinct 33,U.S. Senate,,R,David A. Burch,4
Josephine,Precinct 34,U.S. Senate,,R,David A. Burch,0
Josephine,Precinct 35,U.S. Senate,,R,David A. Burch,1
Josephine,Precinct 36,U.S. Senate,,R,David A. Burch,11
Josephine,Precinct 37,U.S. Senate,,R,David A. Burch,4
Josephine,Precinct 38,U.S. Senate,,R,David A. Burch,9
Josephine,Precinct 39,U.S. Senate,,R,David A. Burch,5
Josephine,Precinct 4,U.S. Senate,,R,David A. Burch,5
Josephine,Precinct 40,U.S. Senate,,R,David A. Burch,0
Josephine,Precinct 41,U.S. Senate,,R,David A. Burch,0
Josephine,Precinct 42,U.S. Senate,,R,David A. Burch,8
Josephine,Precinct 43,U.S. Senate,,R,David A. Burch,7
Josephine,Precinct 44,U.S. Senate,,R,David A. Burch,2
Josephine,Precinct 45,U.S. Senate,,R,David A. Burch,0
Josephine,Precinct 46,U.S. Senate,,R,David A. Burch,3
Josephine,Precinct 47,U.S. Senate,,R,David A. Burch,0
Josephine,Precinct 5,U.S. Senate,,R,David A. Burch,5
Josephine,Precinct 6,U.S. Senate,,R,David A. Burch,5
Josephine,Precinct 7,U.S. Senate,,R,David A. Burch,6
Josephine,Precinct 8,U.S. Senate,,R,David A. Burch,20
Josephine,Precinct 9,U.S. Senate,,R,David A. Burch,2
Josephine,Precinct 1,U.S. Senate,,R,David Brock Smith,267
Josephine,Precinct 10,U.S. Senate,,R,David Brock Smith,24
Josephine,Precinct 11,U.S. Senate,,R,David Brock Smith,18
Josephine,Precinct 12,U.S. Senate,,R,David Brock Smith,15
Josephine,Precinct 13,U.S. Senate,,R,David Brock Smith,21
Josephine,Precinct 14,U.S. Senate,,R,David Brock Smith,10
Josephine,Precinct 15,U.S. Senate,,R,David Brock Smith,121
Josephine,Precinct 16,U.S. Senate,,R,David Brock Smith,35
Josephine,Precinct 17,U.S. Senate,,R,David Brock Smith,131
Josephine,Precinct 18,U.S. Senate,,R,David Brock Smith,149
Josephine,Precinct 19,U.S. Senate,,R,David Brock Smith,171
Josephine,Precinct 2,U.S. Senate,,R,David Brock Smith,345
Josephine,Precinct 20,U.S. Senate,,R,David Brock Smith,16
Josephine,Precinct 21,U.S. Senate,,R,David Brock Smith,223
Josephine,Precinct 22,U.S. Senate,,R,David Brock Smith,135
Josephine,Precinct 23,U.S. Senate,,R,David Brock Smith,30
Josephine,Precinct 24,U.S. Senate,,R,David Brock Smith,54
Josephine,Precinct 25,U.S. Senate,,R,David Brock Smith,96
Josephine,Precinct 26,U.S. Senate,,R,David Brock Smith,56
Josephine,Precinct 27,U.S. Senate,,R,David Brock Smith,21
Josephine,Precinct 28,U.S. Senate,,R,David Brock Smith,25
Josephine,Precinct 29,U.S. Senate,,R,David Brock Smith,7
Josephine,Precinct 3,U.S. Senate,,R,David Brock Smith,109
Josephine,Precinct 30,U.S. Senate,,R,David Brock Smith,56
Josephine,Precinct 31,U.S. Senate,,R,David Brock Smith,147
Josephine,Precinct 32,U.S. Senate,,R,David Brock Smith,19
Josephine,Precinct 33,U.S. Senate,,R,David Brock Smith,75
Josephine,Precinct 34,U.S. Senate,,R,David Brock Smith,32
Josephine,Precinct 35,U.S. Senate,,R,David Brock Smith,90
Josephine,Precinct 36,U.S. Senate,,R,David Brock Smith,206
Josephine,Precinct 37,U.S. Senate,,R,David Brock Smith,71
Josephine,Precinct 38,U.S. Senate,,R,David Brock Smith,206
Josephine,Precinct 39,U.S. Senate,,R,David Brock Smith,131
Josephine,Precinct 4,U.S. Senate,,R,David Brock Smith,80
Josephine,Precinct 40,U.S. Senate,,R,David Brock Smith,50
Josephine,Precinct 41,U.S. Senate,,R,David Brock Smith,12
Josephine,Precinct 42,U.S. Senate,,R,David Brock Smith,174
Josephine,Precinct 43,U.S. Senate,,R,David Brock Smith,104
Josephine,Precinct 44,U.S. Senate,,R,David Brock Smith,15
Josephine,Precinct 45,U.S. Senate,,R,David Brock Smith,6
Josephine,Precinct 46,U.S. Senate,,R,David Brock Smith,18
Josephine,Precinct 47,U.S. Senate,,R,David Brock Smith,9
Josephine,Precinct 5,U.S. Senate,,R,David Brock Smith,97
Josephine,Precinct 6,U.S. Senate,,R,David Brock Smith,72
Josephine,Precinct 7,U.S. Senate,,R,David Brock Smith,137
Josephine,Precinct 8,U.S. Senate,,R,David Brock Smith,209
Josephine,Precinct 9,U.S. Senate,,R,David Brock Smith,10
Josephine,Precinct 1,U.S. Senate,,R,Deborah C. Brown,36
Josephine,Precinct 10,U.S. Senate,,R,Deborah C. Brown,1
Josephine,Precinct 11,U.S. Senate,,R,Deborah C. Brown,3
Josephine,Precinct 12,U.S. Senate,,R,Deborah C. Brown,1
Josephine,Precinct 13,U.S. Senate,,R,Deborah C. Brown,7
Josephine,Precinct 14,U.S. Senate,,R,Deborah C. Brown,0
Josephine,Precinct 15,U.S. Senate,,R,Deborah C. Brown,11
Josephine,Precinct 16,U.S. Senate,,R,Deborah C. Brown,1
Josephine,Precinct 17,U.S. Senate,,R,Deborah C. Brown,14
Josephine,Precinct 18,U.S. Senate,,R,Deborah C. Brown,14
Josephine,Precinct 19,U.S. Senate,,R,Deborah C. Brown,15
Josephine,Precinct 2,U.S. Senate,,R,Deborah C. Brown,48
Josephine,Precinct 20,U.S. Senate,,R,Deborah C. Brown,0
Josephine,Precinct 21,U.S. Senate,,R,Deborah C. Brown,36
Josephine,Precinct 22,U.S. Senate,,R,Deborah C. Brown,25
Josephine,Precinct 23,U.S. Senate,,R,Deborah C. Brown,4
Josephine,Precinct 24,U.S. Senate,,R,Deborah C. Brown,6
Josephine,Precinct 25,U.S. Senate,,R,Deborah C. Brown,9
Josephine,Precinct 26,U.S. Senate,,R,Deborah C. Brown,7
Josephine,Precinct 27,U.S. Senate,,R,Deborah C. Brown,2
Josephine,Precinct 28,U.S. Senate,,R,Deborah C. Brown,7
Josephine,Precinct 29,U.S. Senate,,R,Deborah C. Brown,0
Josephine,Precinct 3,U.S. Senate,,R,Deborah C. Brown,8
Josephine,Precinct 30,U.S. Senate,,R,Deborah C. Brown,12
Josephine,Precinct 31,U.S. Senate,,R,Deborah C. Brown,22
Josephine,Precinct 32,U.S. Senate,,R,Deborah C. Brown,6
Josephine,Precinct 33,U.S. Senate,,R,Deborah C. Brown,3
Josephine,Precinct 34,U.S. Senate,,R,Deborah C. Brown,1
Josephine,Precinct 35,U.S. Senate,,R,Deborah C. Brown,6
Josephine,Precinct 36,U.S. Senate,,R,Deborah C. Brown,20
Josephine,Precinct 37,U.S. Senate,,R,Deborah C. Brown,10
Josephine,Precinct 38,U.S. Senate,,R,Deborah C. Brown,15
Josephine,Precinct 39,U.S. Senate,,R,Deborah C. Brown,11
Josephine,Precinct 4,U.S. Senate,,R,Deborah C. Brown,12
Josephine,Precinct 40,U.S. Senate,,R,Deborah C. Brown,8
Josephine,Precinct 41,U.S. Senate,,R,Deborah C. Brown,0
Josephine,Precinct 42,U.S. Senate,,R,Deborah C. Brown,24
Josephine,Precinct 43,U.S. Senate,,R,Deborah C. Brown,21
Josephine,Precinct 44,U.S. Senate,,R,Deborah C. Brown,1
Josephine,Precinct 45,U.S. Senate,,R,Deborah C. Brown,0
Josephine,Precinct 46,U.S. Senate,,R,Deborah C. Brown,0
Josephine,Precinct 47,U.S. Senate,,R,Deborah C. Brown,1
Josephine,Precinct 5,U.S. Senate,,R,Deborah C. Brown,13
Josephine,Precinct 6,U.S. Senate,,R,Deborah C. Brown,8
Josephine,Precinct 7,U.S. Senate,,R,Deborah C. Brown,17
Josephine,Precinct 8,U.S. Senate,,R,Deborah C. Brown,22
Josephine,Precinct 9,U.S. Senate,,R,Deborah C. Brown,0
Josephine,Precinct 1,U.S. Senate,,R,Jo Rae Perkins,198
Josephine,Precinct 10,U.S. Senate,,R,Jo Rae Perkins,18
Josephine,Precinct 11,U.S. Senate,,R,Jo Rae Perkins,27
Josephine,Precinct 12,U.S. Senate,,R,Jo Rae Perkins,14
Josephine,Precinct 13,U.S. Senate,,R,Jo Rae Perkins,27
Josephine,Precinct 14,U.S. Senate,,R,Jo Rae Perkins,4
Josephine,Precinct 15,U.S. Senate,,R,Jo Rae Perkins,126
Josephine,Precinct 16,U.S. Senate,,R,Jo Rae Perkins,25
Josephine,Precinct 17,U.S. Senate,,R,Jo Rae Perkins,97
Josephine,Precinct 18,U.S. Senate,,R,Jo Rae Perkins,133
Josephine,Precinct 19,U.S. Senate,,R,Jo Rae Perkins,151
Josephine,Precinct 2,U.S. Senate,,R,Jo Rae Perkins,355
Josephine,Precinct 20,U.S. Senate,,R,Jo Rae Perkins,15
Josephine,Precinct 21,U.S. Senate,,R,Jo Rae Perkins,193
Josephine,Precinct 22,U.S. Senate,,R,Jo Rae Perkins,135
Josephine,Precinct 23,U.S. Senate,,R,Jo Rae Perkins,23
Josephine,Precinct 24,U.S. Senate,,R,Jo Rae Perkins,59
Josephine,Precinct 25,U.S. Senate,,R,Jo Rae Perkins,65
Josephine,Precinct 26,U.S. Senate,,R,Jo Rae Perkins,61
Josephine,Precinct 27,U.S. Senate,,R,Jo Rae Perkins,27
Josephine,Precinct 28,U.S. Senate,,R,Jo Rae Perkins,37
Josephine,Precinct 29,U.S. Senate,,R,Jo Rae Perkins,7
Josephine,Precinct 3,U.S. Senate,,R,Jo Rae Perkins,84
Josephine,Precinct 30,U.S. Senate,,R,Jo Rae Perkins,64
Josephine,Precinct 31,U.S. Senate,,R,Jo Rae Perkins,121
Josephine,Precinct 32,U.S. Senate,,R,Jo Rae Perkins,12
Josephine,Precinct 33,U.S. Senate,,R,Jo Rae Perkins,42
Josephine,Precinct 34,U.S. Senate,,R,Jo Rae Perkins,15
Josephine,Precinct 35,U.S. Senate,,R,Jo Rae Perkins,49
Josephine,Precinct 36,U.S. Senate,,R,Jo Rae Perkins,168
Josephine,Precinct 37,U.S. Senate,,R,Jo Rae Perkins,82
Josephine,Precinct 38,U.S. Senate,,R,Jo Rae Perkins,204
Josephine,Precinct 39,U.S. Senate,,R,Jo Rae Perkins,128
Josephine,Precinct 4,U.S. Senate,,R,Jo Rae Perkins,62
Josephine,Precinct 40,U.S. Senate,,R,Jo Rae Perkins,31
Josephine,Precinct 41,U.S. Senate,,R,Jo Rae Perkins,4
Josephine,Precinct 42,U.S. Senate,,R,Jo Rae Perkins,136
Josephine,Precinct 43,U.S. Senate,,R,Jo Rae Perkins,88
Josephine,Precinct 44,U.S. Senate,,R,Jo Rae Perkins,1
Josephine,Precinct 45,U.S. Senate,,R,Jo Rae Perkins,11
Josephine,Precinct 46,U.S. Senate,,R,Jo Rae Perkins,26
Josephine,Precinct 47,U.S. Senate,,R,Jo Rae Perkins,11
Josephine,Precinct 5,U.S. Senate,,R,Jo Rae Perkins,67
Josephine,Precinct 6,U.S. Senate,,R,Jo Rae Perkins,69
Josephine,Precinct 7,U.S. Senate,,R,Jo Rae Perkins,88
Josephine,Precinct 8,U.S. Senate,,R,Jo Rae Perkins,222
Josephine,Precinct 9,U.S. Senate,,R,Jo Rae Perkins,15
Josephine,Precinct 1,U.S. Senate,,R,Over Votes,1
Josephine,Precinct 10,U.S. Senate,,R,Over Votes,0
Josephine,Precinct 11,U.S. Senate,,R,Over Votes,0
Josephine,Precinct 12,U.S. Senate,,R,Over Votes,0
Josephine,Precinct 13,U.S. Senate,,R,Over Votes,0
Josephine,Precinct 14,U.S. Senate,,R,Over Votes,0
Josephine,Precinct 15,U.S. Senate,,R,Over Votes,0
Josephine,Precinct 16,U.S. Senate,,R,Over Votes,0
Josephine,Precinct 17,U.S. Senate,,R,Over Votes,0
Josephine,Precinct 18,U.S. Senate,,R,Over Votes,0
Josephine,Precinct 19,U.S. Senate,,R,Over Votes,0
Josephine,Precinct 2,U.S. Senate,,R,Over Votes,1
Josephine,Precinct 20,U.S. Senate,,R,Over Votes,0
Josephine,Precinct 21,U.S. Senate,,R,Over Votes,1
Josephine,Precinct 22,U.S. Senate,,R,Over Votes,0
Josephine,Precinct 23,U.S. Senate,,R,Over Votes,0
Josephine,Precinct 24,U.S. Senate,,R,Over Votes,0
Josephine,Precinct 25,U.S. Senate,,R,Over Votes,0
Josephine,Precinct 26,U.S. Senate,,R,Over Votes,0
Josephine,Precinct 27,U.S. Senate,,R,Over Votes,0
Josephine,Precinct 28,U.S. Senate,,R,Over Votes,0
Josephine,Precinct 29,U.S. Senate,,R,Over Votes,0
Josephine,Precinct 3,U.S. Senate,,R,Over Votes,0
Josephine,Precinct 30,U.S. Senate,,R,Over Votes,0
Josephine,Precinct 31,U.S. Senate,,R,Over Votes,0
Josephine,Precinct 32,U.S. Senate,,R,Over Votes,0
Josephine,Precinct 33,U.S. Senate,,R,Over Votes,0
Josephine,Precinct 34,U.S. Senate,,R,Over Votes,0
Josephine,Precinct 35,U.S. Senate,,R,Over Votes,0
Josephine,Precinct 36,U.S. Senate,,R,Over Votes,0
Josephine,Precinct 37,U.S. Senate,,R,Over Votes,0
Josephine,Precinct 38,U.S. Senate,,R,Over Votes,0
Josephine,Precinct 39,U.S. Senate,,R,Over Votes,0
Josephine,Precinct 4,U.S. Senate,,R,Over Votes,0
Josephine,Precinct 40,U.S. Senate,,R,Over Votes,0
Josephine,Precinct 41,U.S. Senate,,R,Over Votes,0
Josephine,Precinct 42,U.S. Senate,,R,Over Votes,0
Josephine,Precinct 43,U.S. Senate,,R,Over Votes,0
Josephine,Precinct 44,U.S. Senate,,R,Over Votes,0
Josephine,Precinct 45,U.S. Senate,,R,Over Votes,0
Josephine,Precinct 46,U.S. Senate,,R,Over Votes,0
Josephine,Precinct 47,U.S. Senate,,R,Over Votes,0
Josephine,Precinct 5,U.S. Senate,,R,Over Votes,0
Josephine,Precinct 6,U.S. Senate,,R,Over Votes,0
Josephine,Precinct 7,U.S. Senate,,R,Over Votes,0
Josephine,Precinct 8,U.S. Senate,,R,Over Votes,2
Josephine,Precinct 9,U.S. Senate,,R,Over Votes,0
Josephine,Precinct 1,U.S. Senate,,R,Russell McAlmond,110
Josephine,Precinct 10,U.S. Senate,,R,Russell McAlmond,9
Josephine,Precinct 11,U.S. Senate,,R,Russell McAlmond,8
Josephine,Precinct 12,U.S. Senate,,R,Russell McAlmond,7
Josephine,Precinct 13,U.S. Senate,,R,Russell McAlmond,1
Josephine,Precinct 14,U.S. Senate,,R,Russell McAlmond,4
Josephine,Precinct 15,U.S. Senate,,R,Russell McAlmond,50
Josephine,Precinct 16,U.S. Senate,,R,Russell McAlmond,13
Josephine,Precinct 17,U.S. Senate,,R,Russell McAlmond,42
Josephine,Precinct 18,U.S. Senate,,R,Russell McAlmond,51
Josephine,Precinct 19,U.S. Senate,,R,Russell McAlmond,61
Josephine,Precinct 2,U.S. Senate,,R,Russell McAlmond,160
Josephine,Precinct 20,U.S. Senate,,R,Russell McAlmond,10
Josephine,Precinct 21,U.S. Senate,,R,Russell McAlmond,108
Josephine,Precinct 22,U.S. Senate,,R,Russell McAlmond,27
Josephine,Precinct 23,U.S. Senate,,R,Russell McAlmond,21
Josephine,Precinct 24,U.S. Senate,,R,Russell McAlmond,23
Josephine,Precinct 25,U.S. Senate,,R,Russell McAlmond,30
Josephine,Precinct 26,U.S. Senate,,R,Russell McAlmond,15
Josephine,Precinct 27,U.S. Senate,,R,Russell McAlmond,14
Josephine,Precinct 28,U.S. Senate,,R,Russell McAlmond,4
Josephine,Precinct 29,U.S. Senate,,R,Russell McAlmond,2
Josephine,Precinct 3,U.S. Senate,,R,Russell McAlmond,39
Josephine,Precinct 30,U.S. Senate,,R,Russell McAlmond,14
Josephine,Precinct 31,U.S. Senate,,R,Russell McAlmond,44
Josephine,Precinct 32,U.S. Senate,,R,Russell McAlmond,7
Josephine,Precinct 33,U.S. Senate,,R,Russell McAlmond,25
Josephine,Precinct 34,U.S. Senate,,R,Russell McAlmond,4
Josephine,Precinct 35,U.S. Senate,,R,Russell McAlmond,25
Josephine,Precinct 36,U.S. Senate,,R,Russell McAlmond,50
Josephine,Precinct 37,U.S. Senate,,R,Russell McAlmond,17
Josephine,Precinct 38,U.S. Senate,,R,Russell McAlmond,92
Josephine,Precinct 39,U.S. Senate,,R,Russell McAlmond,50
Josephine,Precinct 4,U.S. Senate,,R,Russell McAlmond,24
Josephine,Precinct 40,U.S. Senate,,R,Russell McAlmond,13
Josephine,Precinct 41,U.S. Senate,,R,Russell McAlmond,2
Josephine,Precinct 42,U.S. Senate,,R,Russell McAlmond,62
Josephine,Precinct 43,U.S. Senate,,R,Russell McAlmond,46
Josephine,Precinct 44,U.S. Senate,,R,Russell McAlmond,9
Josephine,Precinct 45,U.S. Senate,,R,Russell McAlmond,3
Josephine,Precinct 46,U.S. Senate,,R,Russell McAlmond,6
Josephine,Precinct 47,U.S. Senate,,R,Russell McAlmond,8
Josephine,Precinct 5,U.S. Senate,,R,Russell McAlmond,47
Josephine,Precinct 6,U.S. Senate,,R,Russell McAlmond,36
Josephine,Precinct 7,U.S. Senate,,R,Russell McAlmond,37
Josephine,Precinct 8,U.S. Senate,,R,Russell McAlmond,81
Josephine,Precinct 9,U.S. Senate,,R,Russell McAlmond,5
Josephine,Precinct 1,U.S. Senate,,R,Timothy Skelton,13
Josephine,Precinct 10,U.S. Senate,,R,Timothy Skelton,1
Josephine,Precinct 11,U.S. Senate,,R,Timothy Skelton,1
Josephine,Precinct 12,U.S. Senate,,R,Timothy Skelton,1
Josephine,Precinct 13,U.S. Senate,,R,Timothy Skelton,0
Josephine,Precinct 14,U.S. Senate,,R,Timothy Skelton,0
Josephine,Precinct 15,U.S. Senate,,R,Timothy Skelton,9
Josephine,Precinct 16,U.S. Senate,,R,Timothy Skelton,0
Josephine,Precinct 17,U.S. Senate,,R,Timothy Skelton,4
Josephine,Precinct 18,U.S. Senate,,R,Timothy Skelton,4
Josephine,Precinct 19,U.S. Senate,,R,Timothy Skelton,8
Josephine,Precinct 2,U.S. Senate,,R,Timothy Skelton,16
Josephine,Precinct 20,U.S. Senate,,R,Timothy Skelton,4
Josephine,Precinct 21,U.S. Senate,,R,Timothy Skelton,15
Josephine,Precinct 22,U.S. Senate,,R,Timothy Skelton,3
Josephine,Precinct 23,U.S. Senate,,R,Timothy Skelton,0
Josephine,Precinct 24,U.S. Senate,,R,Timothy Skelton,2
Josephine,Precinct 25,U.S. Senate,,R,Timothy Skelton,4
Josephine,Precinct 26,U.S. Senate,,R,Timothy Skelton,3
Josephine,Precinct 27,U.S. Senate,,R,Timothy Skelton,0
Josephine,Precinct 28,U.S. Senate,,R,Timothy Skelton,2
Josephine,Precinct 29,U.S. Senate,,R,Timothy Skelton,0
Josephine,Precinct 3,U.S. Senate,,R,Timothy Skelton,7
Josephine,Precinct 30,U.S. Senate,,R,Timothy Skelton,13
Josephine,Precinct 31,U.S. Senate,,R,Timothy Skelton,7
Josephine,Precinct 32,U.S. Senate,,R,Timothy Skelton,0
Josephine,Precinct 33,U.S. Senate,,R,Timothy Skelton,2
Josephine,Precinct 34,U.S. Senate,,R,Timothy Skelton,0
Josephine,Precinct 35,U.S. Senate,,R,Timothy Skelton,2
Josephine,Precinct 36,U.S. Senate,,R,Timothy Skelton,5
Josephine,Precinct 37,U.S. Senate,,R,Timothy Skelton,2
Josephine,Precinct 38,U.S. Senate,,R,Timothy Skelton,8
Josephine,Precinct 39,U.S. Senate,,R,Timothy Skelton,1
Josephine,Precinct 4,U.S. Senate,,R,Timothy Skelton,4
Josephine,Precinct 40,U.S. Senate,,R,Timothy Skelton,4
Josephine,Precinct 41,U.S. Senate,,R,Timothy Skelton,0
Josephine,Precinct 42,U.S. Senate,,R,Timothy Skelton,8
Josephine,Precinct 43,U.S. Senate,,R,Timothy Skelton,4
Josephine,Precinct 44,U.S. Senate,,R,Timothy Skelton,0
Josephine,Precinct 45,U.S. Senate,,R,Timothy Skelton,0
Josephine,Precinct 46,U.S. Senate,,R,Timothy Skelton,0
Josephine,Precinct 47,U.S. Senate,,R,Timothy Skelton,0
Josephine,Precinct 5,U.S. Senate,,R,Timothy Skelton,6
Josephine,Precinct 6,U.S. Senate,,R,Timothy Skelton,4
Josephine,Precinct 7,U.S. Senate,,R,Timothy Skelton,5
Josephine,Precinct 8,U.S. Senate,,R,Timothy Skelton,9
Josephine,Precinct 9,U.S. Senate,,R,Timothy Skelton,0
Josephine,Precinct 1,U.S. Senate,,R,Under Votes,147
Josephine,Precinct 10,U.S. Senate,,R,Under Votes,13
Josephine,Precinct 11,U.S. Senate,,R,Under Votes,12
Josephine,Precinct 12,U.S. Senate,,R,Under Votes,18
Josephine,Precinct 13,U.S. Senate,,R,Under Votes,6
Josephine,Precinct 14,U.S. Senate,,R,Under Votes,1
Josephine,Precinct 15,U.S. Senate,,R,Under Votes,90
Josephine,Precinct 16,U.S. Senate,,R,Under Votes,21
Josephine,Precinct 17,U.S. Senate,,R,Under Votes,72
Josephine,Precinct 18,U.S. Senate,,R,Under Votes,86
Josephine,Precinct 19,U.S. Senate,,R,Under Votes,119
Josephine,Precinct 2,U.S. Senate,,R,Under Votes,235
Josephine,Precinct 20,U.S. Senate,,R,Under Votes,7
Josephine,Precinct 21,U.S. Senate,,R,Under Votes,123
Josephine,Precinct 22,U.S. Senate,,R,Under Votes,63
Josephine,Precinct 23,U.S. Senate,,R,Under Votes,23
Josephine,Precinct 24,U.S. Senate,,R,Under Votes,35
Josephine,Precinct 25,U.S. Senate,,R,Under Votes,43
Josephine,Precinct 26,U.S. Senate,,R,Under Votes,33
Josephine,Precinct 27,U.S. Senate,,R,Under Votes,24
Josephine,Precinct 28,U.S. Senate,,R,Under Votes,17
Josephine,Precinct 29,U.S. Senate,,R,Under Votes,2
Josephine,Precinct 3,U.S. Senate,,R,Under Votes,69
Josephine,Precinct 30,U.S. Senate,,R,Under Votes,42
Josephine,Precinct 31,U.S. Senate,,R,Under Votes,101
Josephine,Precinct 32,U.S. Senate,,R,Under Votes,3
Josephine,Precinct 33,U.S. Senate,,R,Under Votes,24
Josephine,Precinct 34,U.S. Senate,,R,Under Votes,13
Josephine,Precinct 35,U.S. Senate,,R,Under Votes,43
Josephine,Precinct 36,U.S. Senate,,R,Under Votes,98
Josephine,Precinct 37,U.S. Senate,,R,Under Votes,40
Josephine,Precinct 38,U.S. Senate,,R,Under Votes,114
Josephine,Precinct 39,U.S. Senate,,R,Under Votes,68
Josephine,Precinct 4,U.S. Senate,,R,Under Votes,33
Josephine,Precinct 40,U.S. Senate,,R,Under Votes,31
Josephine,Precinct 41,U.S. Senate,,R,Under Votes,8
Josephine,Precinct 42,U.S. Senate,,R,Under Votes,88
Josephine,Precinct 43,U.S. Senate,,R,Under Votes,58
Josephine,Precinct 44,U.S. Senate,,R,Under Votes,6
Josephine,Precinct 45,U.S. Senate,,R,Under Votes,11
Josephine,Precinct 46,U.S. Senate,,R,Under Votes,13
Josephine,Precinct 47,U.S. Senate,,R,Under Votes,9
Josephine,Precinct 5,U.S. Senate,,R,Under Votes,70
Josephine,Precinct 6,U.S. Senate,,R,Under Votes,57
Josephine,Precinct 7,U.S. Senate,,R,Under Votes,62
Josephine,Precinct 8,U.S. Senate,,R,Under Votes,144
Josephine,Precinct 9,U.S. Senate,,R,Under Votes,11
Josephine,Precinct 1,U.S. Senate,,R,Write-ins,7
Josephine,Precinct 10,U.S. Senate,,R,Write-ins,2
Josephine,Precinct 11,U.S. Senate,,R,Write-ins,2
Josephine,Precinct 12,U.S. Senate,,R,Write-ins,1
Josephine,Precinct 13,U.S. Senate,,R,Write-ins,0
Josephine,Precinct 14,U.S. Senate,,R,Write-ins,0
Josephine,Precinct 15,U.S. Senate,,R,Write-ins,0
Josephine,Precinct 16,U.S. Senate,,R,Write-ins,0
Josephine,Precinct 17,U.S. Senate,,R,Write-ins,2
Josephine,Precinct 18,U.S. Senate,,R,Write-ins,2
Josephine,Precinct 19,U.S. Senate,,R,Write-ins,4
Josephine,Precinct 2,U.S. Senate,,R,Write-ins,3
Josephine,Precinct 20,U.S. Senate,,R,Write-ins,0
Josephine,Precinct 21,U.S. Senate,,R,Write-ins,3
Josephine,Precinct 22,U.S. Senate,,R,Write-ins,0
Josephine,Precinct 23,U.S. Senate,,R,Write-ins,0
Josephine,Precinct 24,U.S. Senate,,R,Write-ins,2
Josephine,Precinct 25,U.S. Senate,,R,Write-ins,0
Josephine,Precinct 26,U.S. Senate,,R,Write-ins,1
Josephine,Precinct 27,U.S. Senate,,R,Write-ins,0
Josephine,Precinct 28,U.S. Senate,,R,Write-ins,0
Josephine,Precinct 29,U.S. Senate,,R,Write-ins,0
Josephine,Precinct 3,U.S. Senate,,R,Write-ins,4
Josephine,Precinct 30,U.S. Senate,,R,Write-ins,1
Josephine,Precinct 31,U.S. Senate,,R,Write-ins,3
Josephine,Precinct 32,U.S. Senate,,R,Write-ins,0
Josephine,Precinct 33,U.S. Senate,,R,Write-ins,1
Josephine,Precinct 34,U.S. Senate,,R,Write-ins,2
Josephine,Precinct 35,U.S. Senate,,R,Write-ins,0
Josephine,Precinct 36,U.S. Senate,,R,Write-ins,2
Josephine,Precinct 37,U.S. Senate,,R,Write-ins,1
Josephine,Precinct 38,U.S. Senate,,R,Write-ins,2
Josephine,Precinct 39,U.S. Senate,,R,Write-ins,5
Josephine,Precinct 4,U.S. Senate,,R,Write-ins,0
Josephine,Precinct 40,U.S. Senate,,R,Write-ins,2
Josephine,Precinct 41,U.S. Senate,,R,Write-ins,0
Josephine,Precinct 42,U.S. Senate,,R,Write-ins,4
Josephine,Precinct 43,U.S. Senate,,R,Write-ins,0
Josephine,Precinct 44,U.S. Senate,,R,Write-ins,0
Josephine,Precinct 45,U.S. Senate,,R,Write-ins,0
Josephine,Precinct 46,U.S. Senate,,R,Write-ins,0
Josephine,Precinct 47,U.S. Senate,,R,Write-ins,1
Josephine,Precinct 5,U.S. Senate,,R,Write-ins,6
Josephine,Precinct 6,U.S. Senate,,R,Write-ins,1
Josephine,Precinct 7,U.S. Senate,,R,Write-ins,1
Josephine,Precinct 8,U.S. Senate,,R,Write-ins,7
Josephine,Precinct 9,U.S. Senate,,R,Write-ins,0
