county,precinct,office,district,party,candidate,votes
Tillamook,BAY,Ballots Cast,,,Ballots Cast,682
Tillamook,BEAVER,Ballots Cast,,,Ballots Cast,466
Tillamook,CARNAHAN,Ballots Cast,,,Ballots Cast,265
Tillamook,CLOVERDALE,Ballots Cast,,,Ballots Cast,223
Tillamook,EASTSIDE,Ballots Cast,,,Ballots Cast,91
Tillamook,FAIRVIEW,Ballots Cast,,,Ballots Cast,837
Tillamook,FOLEY,Ballots Cast,,,Ballots Cast,293
Tillamook,GARIBALDI,Ballots Cast,,,Ballots Cast,484
Tillamook,HEBO,Ballots Cast,,,Ballots Cast,238
Tillamook,KILCHIS,Ballots Cast,,,Ballots Cast,324
Tillamook,MAPLELEAF,Ballots Cast,,,Ballots Cast,320
Tillamook,NEHALEM,Ballots Cast,,,Ballots Cast,329
Tillamook,NESKOWIN,Ballots Cast,,,Ballots Cast,456
Tillamook,NETARTS,Ballots Cast,,,Ballots Cast,555
Tillamook,OCEANSIDE,Ballots Cast,,,Ballots Cast,245
Tillamook,PINE GROVE,Ballots Cast,,,Ballots Cast,1054
Tillamook,ROCKAWAY,Ballots Cast,,,Ballots Cast,762
Tillamook,SOUTH PRAIRIE EAST,Ballots Cast,,,Ballots Cast,313
Tillamook,SOUTH PRAIRIE WEST,Ballots Cast,,,Ballots Cast,305
Tillamook,TILLAMOOK #1,Ballots Cast,,,Ballots Cast,261
Tillamook,TILLAMOOK #2,Ballots Cast,,,Ballots Cast,204
Tillamook,TILLAMOOK #3,Ballots Cast,,,Ballots Cast,163
Tillamook,TILLAMOOK #4,Ballots Cast,,,Ballots Cast,219
Tillamook,TILLAMOOK #5,Ballots Cast,,,Ballots Cast,174
Tillamook,TILLAMOOK #6,Ballots Cast,,,Ballots Cast,175
Tillamook,TRASK,Ballots Cast,,,Ballots Cast,150
Tillamook,UNION,Ballots Cast,,,Ballots Cast,715
Tillamook,WESTSIDE,Ballots Cast,,,Ballots Cast,192
Tillamook,WHEELER,Ballots Cast,,,Ballots Cast,265
Tillamook,BAY,Ballots Cast Blank,,,Ballots Cast Blank,0
Tillamook,BEAVER,Ballots Cast Blank,,,Ballots Cast Blank,0
Tillamook,CARNAHAN,Ballots Cast Blank,,,Ballots Cast Blank,0
Tillamook,CLOVERDALE,Ballots Cast Blank,,,Ballots Cast Blank,0
Tillamook,EASTSIDE,Ballots Cast Blank,,,Ballots Cast Blank,0
Tillamook,FAIRVIEW,Ballots Cast Blank,,,Ballots Cast Blank,0
Tillamook,FOLEY,Ballots Cast Blank,,,Ballots Cast Blank,0
Tillamook,GARIBALDI,Ballots Cast Blank,,,Ballots Cast Blank,0
Tillamook,HEBO,Ballots Cast Blank,,,Ballots Cast Blank,0
Tillamook,KILCHIS,Ballots Cast Blank,,,Ballots Cast Blank,0
Tillamook,MAPLELEAF,Ballots Cast Blank,,,Ballots Cast Blank,0
Tillamook,NEHALEM,Ballots Cast Blank,,,Ballots Cast Blank,0
Tillamook,NESKOWIN,Ballots Cast Blank,,,Ballots Cast Blank,0
Tillamook,NETARTS,Ballots Cast Blank,,,Ballots Cast Blank,0
Tillamook,OCEANSIDE,Ballots Cast Blank,,,Ballots Cast Blank,0
Tillamook,PINE GROVE,Ballots Cast Blank,,,Ballots Cast Blank,0
Tillamook,ROCKAWAY,Ballots Cast Blank,,,Ballots Cast Blank,1
Tillamook,SOUTH PRAIRIE EAST,Ballots Cast Blank,,,Ballots Cast Blank,0
Tillamook,SOUTH PRAIRIE WEST,Ballots Cast Blank,,,Ballots Cast Blank,0
Tillamook,TILLAMOOK #1,Ballots Cast Blank,,,Ballots Cast Blank,0
Tillamook,TILLAMOOK #2,Ballots Cast Blank,,,Ballots Cast Blank,0
Tillamook,TILLAMOOK #3,Ballots Cast Blank,,,Ballots Cast Blank,0
Tillamook,TILLAMOOK #4,Ballots Cast Blank,,,Ballots Cast Blank,0
Tillamook,TILLAMOOK #5,Ballots Cast Blank,,,Ballots Cast Blank,1
Tillamook,TILLAMOOK #6,Ballots Cast Blank,,,Ballots Cast Blank,0
Tillamook,TRASK,Ballots Cast Blank,,,Ballots Cast Blank,0
Tillamook,UNION,Ballots Cast Blank,,,Ballots Cast Blank,0
Tillamook,WESTSIDE,Ballots Cast Blank,,,Ballots Cast Blank,0
Tillamook,WHEELER,Ballots Cast Blank,,,Ballots Cast Blank,0
Tillamook,BAY,County Commissioner,Position 3,,Jeff Spink,272
Tillamook,BEAVER,County Commissioner,Position 3,,Jeff Spink,267
Tillamook,CARNAHAN,County Commissioner,Position 3,,Jeff Spink,168
Tillamook,CLOVERDALE,County Commissioner,Position 3,,Jeff Spink,119
Tillamook,EASTSIDE,County Commissioner,Position 3,,Jeff Spink,42
Tillamook,FAIRVIEW,County Commissioner,Position 3,,Jeff Spink,446
Tillamook,FOLEY,County Commissioner,Position 3,,Jeff Spink,116
Tillamook,GARIBALDI,County Commissioner,Position 3,,Jeff Spink,181
Tillamook,HEBO,County Commissioner,Position 3,,Jeff Spink,121
Tillamook,KILCHIS,County Commissioner,Position 3,,Jeff Spink,169
Tillamook,MAPLELEAF,County Commissioner,Position 3,,Jeff Spink,155
Tillamook,NEHALEM,County Commissioner,Position 3,,Jeff Spink,84
Tillamook,NESKOWIN,County Commissioner,Position 3,,Jeff Spink,138
Tillamook,NETARTS,County Commissioner,Position 3,,Jeff Spink,198
Tillamook,OCEANSIDE,County Commissioner,Position 3,,Jeff Spink,62
Tillamook,PINE GROVE,County Commissioner,Position 3,,Jeff Spink,205
Tillamook,ROCKAWAY,County Commissioner,Position 3,,Jeff Spink,247
Tillamook,SOUTH PRAIRIE EAST,County Commissioner,Position 3,,Jeff Spink,199
Tillamook,SOUTH PRAIRIE WEST,County Commissioner,Position 3,,Jeff Spink,187
Tillamook,TILLAMOOK #1,County Commissioner,Position 3,,Jeff Spink,108
Tillamook,TILLAMOOK #2,County Commissioner,Position 3,,Jeff Spink,82
Tillamook,TILLAMOOK #3,County Commissioner,Position 3,,Jeff Spink,68
Tillamook,TILLAMOOK #4,County Commissioner,Position 3,,Jeff Spink,112
Tillamook,TILLAMOOK #5,County Commissioner,Position 3,,Jeff Spink,82
Tillamook,TILLAMOOK #6,County Commissioner,Position 3,,Jeff Spink,63
Tillamook,TRASK,County Commissioner,Position 3,,Jeff Spink,87
Tillamook,UNION,County Commissioner,Position 3,,Jeff Spink,292
Tillamook,WESTSIDE,County Commissioner,Position 3,,Jeff Spink,68
Tillamook,WHEELER,County Commissioner,Position 3,,Jeff Spink,51
Tillamook,BAY,County Commissioner,Position 3,,Mary Faith Bell,350
Tillamook,BEAVER,County Commissioner,Position 3,,Mary Faith Bell,166
Tillamook,CARNAHAN,County Commissioner,Position 3,,Mary Faith Bell,80
Tillamook,CLOVERDALE,County Commissioner,Position 3,,Mary Faith Bell,94
Tillamook,EASTSIDE,County Commissioner,Position 3,,Mary Faith Bell,43
Tillamook,FAIRVIEW,County Commissioner,Position 3,,Mary Faith Bell,324
Tillamook,FOLEY,County Commissioner,Position 3,,Mary Faith Bell,154
Tillamook,GARIBALDI,County Commissioner,Position 3,,Mary Faith Bell,252
Tillamook,HEBO,County Commissioner,Position 3,,Mary Faith Bell,103
Tillamook,KILCHIS,County Commissioner,Position 3,,Mary Faith Bell,126
Tillamook,MAPLELEAF,County Commissioner,Position 3,,Mary Faith Bell,135
Tillamook,NEHALEM,County Commissioner,Position 3,,Mary Faith Bell,220
Tillamook,NESKOWIN,County Commissioner,Position 3,,Mary Faith Bell,280
Tillamook,NETARTS,County Commissioner,Position 3,,Mary Faith Bell,308
Tillamook,OCEANSIDE,County Commissioner,Position 3,,Mary Faith Bell,165
Tillamook,PINE GROVE,County Commissioner,Position 3,,Mary Faith Bell,741
Tillamook,ROCKAWAY,County Commissioner,Position 3,,Mary Faith Bell,443
Tillamook,SOUTH PRAIRIE EAST,County Commissioner,Position 3,,Mary Faith Bell,99
Tillamook,SOUTH PRAIRIE WEST,County Commissioner,Position 3,,Mary Faith Bell,96
Tillamook,TILLAMOOK #1,County Commissioner,Position 3,,Mary Faith Bell,131
Tillamook,TILLAMOOK #2,County Commissioner,Position 3,,Mary Faith Bell,115
Tillamook,TILLAMOOK #3,County Commissioner,Position 3,,Mary Faith Bell,81
Tillamook,TILLAMOOK #4,County Commissioner,Position 3,,Mary Faith Bell,94
Tillamook,TILLAMOOK #5,County Commissioner,Position 3,,Mary Faith Bell,75
Tillamook,TILLAMOOK #6,County Commissioner,Position 3,,Mary Faith Bell,95
Tillamook,TRASK,County Commissioner,Position 3,,Mary Faith Bell,50
Tillamook,UNION,County Commissioner,Position 3,,Mary Faith Bell,353
Tillamook,WESTSIDE,County Commissioner,Position 3,,Mary Faith Bell,110
Tillamook,WHEELER,County Commissioner,Position 3,,Mary Faith Bell,180
Tillamook,BAY,County Commissioner,Position 3,,Over Votes,1
Tillamook,BEAVER,County Commissioner,Position 3,,Over Votes,0
Tillamook,CARNAHAN,County Commissioner,Position 3,,Over Votes,0
Tillamook,CLOVERDALE,County Commissioner,Position 3,,Over Votes,0
Tillamook,EASTSIDE,County Commissioner,Position 3,,Over Votes,0
Tillamook,FAIRVIEW,County Commissioner,Position 3,,Over Votes,0
Tillamook,FOLEY,County Commissioner,Position 3,,Over Votes,0
Tillamook,GARIBALDI,County Commissioner,Position 3,,Over Votes,0
Tillamook,HEBO,County Commissioner,Position 3,,Over Votes,0
Tillamook,KILCHIS,County Commissioner,Position 3,,Over Votes,0
Tillamook,MAPLELEAF,County Commissioner,Position 3,,Over Votes,0
Tillamook,NEHALEM,County Commissioner,Position 3,,Over Votes,0
Tillamook,NESKOWIN,County Commissioner,Position 3,,Over Votes,0
Tillamook,NETARTS,County Commissioner,Position 3,,Over Votes,0
Tillamook,OCEANSIDE,County Commissioner,Position 3,,Over Votes,0
Tillamook,PINE GROVE,County Commissioner,Position 3,,Over Votes,0
Tillamook,ROCKAWAY,County Commissioner,Position 3,,Over Votes,0
Tillamook,SOUTH PRAIRIE EAST,County Commissioner,Position 3,,Over Votes,0
Tillamook,SOUTH PRAIRIE WEST,County Commissioner,Position 3,,Over Votes,0
Tillamook,TILLAMOOK #1,County Commissioner,Position 3,,Over Votes,0
Tillamook,TILLAMOOK #2,County Commissioner,Position 3,,Over Votes,0
Tillamook,TILLAMOOK #3,County Commissioner,Position 3,,Over Votes,0
Tillamook,TILLAMOOK #4,County Commissioner,Position 3,,Over Votes,0
Tillamook,TILLAMOOK #5,County Commissioner,Position 3,,Over Votes,0
Tillamook,TILLAMOOK #6,County Commissioner,Position 3,,Over Votes,0
Tillamook,TRASK,County Commissioner,Position 3,,Over Votes,0
Tillamook,UNION,County Commissioner,Position 3,,Over Votes,1
Tillamook,WESTSIDE,County Commissioner,Position 3,,Over Votes,0
Tillamook,WHEELER,County Commissioner,Position 3,,Over Votes,0
Tillamook,BAY,County Commissioner,Position 3,,Under Votes,58
Tillamook,BEAVER,County Commissioner,Position 3,,Under Votes,31
Tillamook,CARNAHAN,County Commissioner,Position 3,,Under Votes,17
Tillamook,CLOVERDALE,County Commissioner,Position 3,,Under Votes,10
Tillamook,EASTSIDE,County Commissioner,Position 3,,Under Votes,6
Tillamook,FAIRVIEW,County Commissioner,Position 3,,Under Votes,63
Tillamook,FOLEY,County Commissioner,Position 3,,Under Votes,19
Tillamook,GARIBALDI,County Commissioner,Position 3,,Under Votes,51
Tillamook,HEBO,County Commissioner,Position 3,,Under Votes,14
Tillamook,KILCHIS,County Commissioner,Position 3,,Under Votes,28
Tillamook,MAPLELEAF,County Commissioner,Position 3,,Under Votes,27
Tillamook,NEHALEM,County Commissioner,Position 3,,Under Votes,24
Tillamook,NESKOWIN,County Commissioner,Position 3,,Under Votes,35
Tillamook,NETARTS,County Commissioner,Position 3,,Under Votes,40
Tillamook,OCEANSIDE,County Commissioner,Position 3,,Under Votes,18
Tillamook,PINE GROVE,County Commissioner,Position 3,,Under Votes,106
Tillamook,ROCKAWAY,County Commissioner,Position 3,,Under Votes,70
Tillamook,SOUTH PRAIRIE EAST,County Commissioner,Position 3,,Under Votes,13
Tillamook,SOUTH PRAIRIE WEST,County Commissioner,Position 3,,Under Votes,17
Tillamook,TILLAMOOK #1,County Commissioner,Position 3,,Under Votes,19
Tillamook,TILLAMOOK #2,County Commissioner,Position 3,,Under Votes,7
Tillamook,TILLAMOOK #3,County Commissioner,Position 3,,Under Votes,11
Tillamook,TILLAMOOK #4,County Commissioner,Position 3,,Under Votes,12
Tillamook,TILLAMOOK #5,County Commissioner,Position 3,,Under Votes,16
Tillamook,TILLAMOOK #6,County Commissioner,Position 3,,Under Votes,17
Tillamook,TRASK,County Commissioner,Position 3,,Under Votes,11
Tillamook,UNION,County Commissioner,Position 3,,Under Votes,68
Tillamook,WESTSIDE,County Commissioner,Position 3,,Under Votes,14
Tillamook,WHEELER,County Commissioner,Position 3,,Under Votes,34
Tillamook,BAY,County Commissioner,Position 3,,Write-ins,1
Tillamook,BEAVER,County Commissioner,Position 3,,Write-ins,2
Tillamook,CARNAHAN,County Commissioner,Position 3,,Write-ins,0
Tillamook,CLOVERDALE,County Commissioner,Position 3,,Write-ins,0
Tillamook,EASTSIDE,County Commissioner,Position 3,,Write-ins,0
Tillamook,FAIRVIEW,County Commissioner,Position 3,,Write-ins,4
Tillamook,FOLEY,County Commissioner,Position 3,,Write-ins,4
Tillamook,GARIBALDI,County Commissioner,Position 3,,Write-ins,0
Tillamook,HEBO,County Commissioner,Position 3,,Write-ins,0
Tillamook,KILCHIS,County Commissioner,Position 3,,Write-ins,1
Tillamook,MAPLELEAF,County Commissioner,Position 3,,Write-ins,3
Tillamook,NEHALEM,County Commissioner,Position 3,,Write-ins,1
Tillamook,NESKOWIN,County Commissioner,Position 3,,Write-ins,3
Tillamook,NETARTS,County Commissioner,Position 3,,Write-ins,9
Tillamook,OCEANSIDE,County Commissioner,Position 3,,Write-ins,0
Tillamook,PINE GROVE,County Commissioner,Position 3,,Write-ins,2
Tillamook,ROCKAWAY,County Commissioner,Position 3,,Write-ins,2
Tillamook,SOUTH PRAIRIE EAST,County Commissioner,Position 3,,Write-ins,2
Tillamook,SOUTH PRAIRIE WEST,County Commissioner,Position 3,,Write-ins,5
Tillamook,TILLAMOOK #1,County Commissioner,Position 3,,Write-ins,3
Tillamook,TILLAMOOK #2,County Commissioner,Position 3,,Write-ins,0
Tillamook,TILLAMOOK #3,County Commissioner,Position 3,,Write-ins,3
Tillamook,TILLAMOOK #4,County Commissioner,Position 3,,Write-ins,1
Tillamook,TILLAMOOK #5,County Commissioner,Position 3,,Write-ins,1
Tillamook,TILLAMOOK #6,County Commissioner,Position 3,,Write-ins,0
Tillamook,TRASK,County Commissioner,Position 3,,Write-ins,2
Tillamook,UNION,County Commissioner,Position 3,,Write-ins,1
Tillamook,WESTSIDE,County Commissioner,Position 3,,Write-ins,0
Tillamook,WHEELER,County Commissioner,Position 3,,Write-ins,0
Tillamook,BAY,District Attorney,,,Aubrey Olson,338
Tillamook,BEAVER,District Attorney,,,Aubrey Olson,210
Tillamook,CARNAHAN,District Attorney,,,Aubrey Olson,115
Tillamook,CLOVERDALE,District Attorney,,,Aubrey Olson,103
Tillamook,EASTSIDE,District Attorney,,,Aubrey Olson,37
Tillamook,FAIRVIEW,District Attorney,,,Aubrey Olson,391
Tillamook,FOLEY,District Attorney,,,Aubrey Olson,127
Tillamook,GARIBALDI,District Attorney,,,Aubrey Olson,232
Tillamook,HEBO,District Attorney,,,Aubrey Olson,112
Tillamook,KILCHIS,District Attorney,,,Aubrey Olson,143
Tillamook,MAPLELEAF,District Attorney,,,Aubrey Olson,138
Tillamook,NEHALEM,District Attorney,,,Aubrey Olson,168
Tillamook,NESKOWIN,District Attorney,,,Aubrey Olson,237
Tillamook,NETARTS,District Attorney,,,Aubrey Olson,269
Tillamook,OCEANSIDE,District Attorney,,,Aubrey Olson,119
Tillamook,PINE GROVE,District Attorney,,,Aubrey Olson,514
Tillamook,ROCKAWAY,District Attorney,,,Aubrey Olson,377
Tillamook,SOUTH PRAIRIE EAST,District Attorney,,,Aubrey Olson,121
Tillamook,SOUTH PRAIRIE WEST,District Attorney,,,Aubrey Olson,128
Tillamook,TILLAMOOK #1,District Attorney,,,Aubrey Olson,135
Tillamook,TILLAMOOK #2,District Attorney,,,Aubrey Olson,113
Tillamook,TILLAMOOK #3,District Attorney,,,Aubrey Olson,85
Tillamook,TILLAMOOK #4,District Attorney,,,Aubrey Olson,119
Tillamook,TILLAMOOK #5,District Attorney,,,Aubrey Olson,90
Tillamook,TILLAMOOK #6,District Attorney,,,Aubrey Olson,93
Tillamook,TRASK,District Attorney,,,Aubrey Olson,63
Tillamook,UNION,District Attorney,,,Aubrey Olson,324
Tillamook,WESTSIDE,District Attorney,,,Aubrey Olson,93
Tillamook,WHEELER,District Attorney,,,Aubrey Olson,118
Tillamook,BAY,District Attorney,,,Over Votes,0
Tillamook,BEAVER,District Attorney,,,Over Votes,0
Tillamook,CARNAHAN,District Attorney,,,Over Votes,0
Tillamook,CLOVERDALE,District Attorney,,,Over Votes,0
Tillamook,EASTSIDE,District Attorney,,,Over Votes,0
Tillamook,FAIRVIEW,District Attorney,,,Over Votes,0
Tillamook,FOLEY,District Attorney,,,Over Votes,0
Tillamook,GARIBALDI,District Attorney,,,Over Votes,0
Tillamook,HEBO,District Attorney,,,Over Votes,0
Tillamook,KILCHIS,District Attorney,,,Over Votes,0
Tillamook,MAPLELEAF,District Attorney,,,Over Votes,0
Tillamook,NEHALEM,District Attorney,,,Over Votes,0
Tillamook,NESKOWIN,District Attorney,,,Over Votes,0
Tillamook,NETARTS,District Attorney,,,Over Votes,0
Tillamook,OCEANSIDE,District Attorney,,,Over Votes,0
Tillamook,PINE GROVE,District Attorney,,,Over Votes,0
Tillamook,ROCKAWAY,District Attorney,,,Over Votes,0
Tillamook,SOUTH PRAIRIE EAST,District Attorney,,,Over Votes,0
Tillamook,SOUTH PRAIRIE WEST,District Attorney,,,Over Votes,0
Tillamook,TILLAMOOK #1,District Attorney,,,Over Votes,0
Tillamook,TILLAMOOK #2,District Attorney,,,Over Votes,0
Tillamook,TILLAMOOK #3,District Attorney,,,Over Votes,0
Tillamook,TILLAMOOK #4,District Attorney,,,Over Votes,0
Tillamook,TILLAMOOK #5,District Attorney,,,Over Votes,0
Tillamook,TILLAMOOK #6,District Attorney,,,Over Votes,0
Tillamook,TRASK,District Attorney,,,Over Votes,0
Tillamook,UNION,District Attorney,,,Over Votes,0
Tillamook,WESTSIDE,District Attorney,,,Over Votes,0
Tillamook,WHEELER,District Attorney,,,Over Votes,0
Tillamook,BAY,District Attorney,,,Under Votes,325
Tillamook,BEAVER,District Attorney,,,Under Votes,225
Tillamook,CARNAHAN,District Attorney,,,Under Votes,129
Tillamook,CLOVERDALE,District Attorney,,,Under Votes,102
Tillamook,EASTSIDE,District Attorney,,,Under Votes,48
Tillamook,FAIRVIEW,District Attorney,,,Under Votes,398
Tillamook,FOLEY,District Attorney,,,Under Votes,158
Tillamook,GARIBALDI,District Attorney,,,Under Votes,238
Tillamook,HEBO,District Attorney,,,Under Votes,110
Tillamook,KILCHIS,District Attorney,,,Under Votes,165
Tillamook,MAPLELEAF,District Attorney,,,Under Votes,166
Tillamook,NEHALEM,District Attorney,,,Under Votes,154
Tillamook,NESKOWIN,District Attorney,,,Under Votes,207
Tillamook,NETARTS,District Attorney,,,Under Votes,251
Tillamook,OCEANSIDE,District Attorney,,,Under Votes,116
Tillamook,PINE GROVE,District Attorney,,,Under Votes,523
Tillamook,ROCKAWAY,District Attorney,,,Under Votes,366
Tillamook,SOUTH PRAIRIE EAST,District Attorney,,,Under Votes,163
Tillamook,SOUTH PRAIRIE WEST,District Attorney,,,Under Votes,152
Tillamook,TILLAMOOK #1,District Attorney,,,Under Votes,102
Tillamook,TILLAMOOK #2,District Attorney,,,Under Votes,77
Tillamook,TILLAMOOK #3,District Attorney,,,Under Votes,73
Tillamook,TILLAMOOK #4,District Attorney,,,Under Votes,91
Tillamook,TILLAMOOK #5,District Attorney,,,Under Votes,75
Tillamook,TILLAMOOK #6,District Attorney,,,Under Votes,75
Tillamook,TRASK,District Attorney,,,Under Votes,68
Tillamook,UNION,District Attorney,,,Under Votes,363
Tillamook,WESTSIDE,District Attorney,,,Under Votes,91
Tillamook,WHEELER,District Attorney,,,Under Votes,143
Tillamook,BAY,District Attorney,,,Write-ins,19
Tillamook,BEAVER,District Attorney,,,Write-ins,31
Tillamook,CARNAHAN,District Attorney,,,Write-ins,21
Tillamook,CLOVERDALE,District Attorney,,,Write-ins,18
Tillamook,EASTSIDE,District Attorney,,,Write-ins,6
Tillamook,FAIRVIEW,District Attorney,,,Write-ins,48
Tillamook,FOLEY,District Attorney,,,Write-ins,8
Tillamook,GARIBALDI,District Attorney,,,Write-ins,14
Tillamook,HEBO,District Attorney,,,Write-ins,16
Tillamook,KILCHIS,District Attorney,,,Write-ins,16
Tillamook,MAPLELEAF,District Attorney,,,Write-ins,16
Tillamook,NEHALEM,District Attorney,,,Write-ins,7
Tillamook,NESKOWIN,District Attorney,,,Write-ins,12
Tillamook,NETARTS,District Attorney,,,Write-ins,35
Tillamook,OCEANSIDE,District Attorney,,,Write-ins,10
Tillamook,PINE GROVE,District Attorney,,,Write-ins,17
Tillamook,ROCKAWAY,District Attorney,,,Write-ins,19
Tillamook,SOUTH PRAIRIE EAST,District Attorney,,,Write-ins,29
Tillamook,SOUTH PRAIRIE WEST,District Attorney,,,Write-ins,25
Tillamook,TILLAMOOK #1,District Attorney,,,Write-ins,24
Tillamook,TILLAMOOK #2,District Attorney,,,Write-ins,14
Tillamook,TILLAMOOK #3,District Attorney,,,Write-ins,5
Tillamook,TILLAMOOK #4,District Attorney,,,Write-ins,9
Tillamook,TILLAMOOK #5,District Attorney,,,Write-ins,9
Tillamook,TILLAMOOK #6,District Attorney,,,Write-ins,7
Tillamook,TRASK,District Attorney,,,Write-ins,19
Tillamook,UNION,District Attorney,,,Write-ins,28
Tillamook,WESTSIDE,District Attorney,,,Write-ins,8
Tillamook,WHEELER,District Attorney,,,Write-ins,4
Tillamook,BAY,Fire District Director,,,Casey Burden,325
Tillamook,BEAVER,Fire District Director,,,Casey Burden,13
Tillamook,CARNAHAN,Fire District Director,,,Casey Burden,158
Tillamook,EASTSIDE,Fire District Director,,,Casey Burden,53
Tillamook,FAIRVIEW,Fire District Director,,,Casey Burden,410
Tillamook,KILCHIS,Fire District Director,,,Casey Burden,178
Tillamook,MAPLELEAF,Fire District Director,,,Casey Burden,161
Tillamook,SOUTH PRAIRIE EAST,Fire District Director,,,Casey Burden,158
Tillamook,SOUTH PRAIRIE WEST,Fire District Director,,,Casey Burden,177
Tillamook,TILLAMOOK #1,Fire District Director,,,Casey Burden,119
Tillamook,TILLAMOOK #2,Fire District Director,,,Casey Burden,86
Tillamook,TILLAMOOK #3,Fire District Director,,,Casey Burden,77
Tillamook,TILLAMOOK #4,Fire District Director,,,Casey Burden,99
Tillamook,TILLAMOOK #5,Fire District Director,,,Casey Burden,81
Tillamook,TILLAMOOK #6,Fire District Director,,,Casey Burden,84
Tillamook,TRASK,Fire District Director,,,Casey Burden,78
Tillamook,WESTSIDE,Fire District Director,,,Casey Burden,91
Tillamook,BAY,Fire District Director,,,Geoff Hoffert,291
Tillamook,BEAVER,Fire District Director,,,Geoff Hoffert,18
Tillamook,CARNAHAN,Fire District Director,,,Geoff Hoffert,145
Tillamook,EASTSIDE,Fire District Director,,,Geoff Hoffert,48
Tillamook,FAIRVIEW,Fire District Director,,,Geoff Hoffert,363
Tillamook,KILCHIS,Fire District Director,,,Geoff Hoffert,150
Tillamook,MAPLELEAF,Fire District Director,,,Geoff Hoffert,147
Tillamook,SOUTH PRAIRIE EAST,Fire District Director,,,Geoff Hoffert,155
Tillamook,SOUTH PRAIRIE WEST,Fire District Director,,,Geoff Hoffert,167
Tillamook,TILLAMOOK #1,Fire District Director,,,Geoff Hoffert,113
Tillamook,TILLAMOOK #2,Fire District Director,,,Geoff Hoffert,77
Tillamook,TILLAMOOK #3,Fire District Director,,,Geoff Hoffert,72
Tillamook,TILLAMOOK #4,Fire District Director,,,Geoff Hoffert,94
Tillamook,TILLAMOOK #5,Fire District Director,,,Geoff Hoffert,83
Tillamook,TILLAMOOK #6,Fire District Director,,,Geoff Hoffert,80
Tillamook,TRASK,Fire District Director,,,Geoff Hoffert,64
Tillamook,WESTSIDE,Fire District Director,,,Geoff Hoffert,91
Tillamook,BAY,Fire District Director,,,Kathy Baker,295
Tillamook,BEAVER,Fire District Director,,,Kathy Baker,11
Tillamook,CARNAHAN,Fire District Director,,,Kathy Baker,106
Tillamook,EASTSIDE,Fire District Director,,,Kathy Baker,39
Tillamook,FAIRVIEW,Fire District Director,,,Kathy Baker,271
Tillamook,KILCHIS,Fire District Director,,,Kathy Baker,107
Tillamook,MAPLELEAF,Fire District Director,,,Kathy Baker,101
Tillamook,SOUTH PRAIRIE EAST,Fire District Director,,,Kathy Baker,78
Tillamook,SOUTH PRAIRIE WEST,Fire District Director,,,Kathy Baker,90
Tillamook,TILLAMOOK #1,Fire District Director,,,Kathy Baker,99
Tillamook,TILLAMOOK #2,Fire District Director,,,Kathy Baker,72
Tillamook,TILLAMOOK #3,Fire District Director,,,Kathy Baker,56
Tillamook,TILLAMOOK #4,Fire District Director,,,Kathy Baker,77
Tillamook,TILLAMOOK #5,Fire District Director,,,Kathy Baker,63
Tillamook,TILLAMOOK #6,Fire District Director,,,Kathy Baker,65
Tillamook,TRASK,Fire District Director,,,Kathy Baker,47
Tillamook,WESTSIDE,Fire District Director,,,Kathy Baker,82
Tillamook,BAY,Fire District Director,,,Leonard Ingles,268
Tillamook,BEAVER,Fire District Director,,,Leonard Ingles,19
Tillamook,CARNAHAN,Fire District Director,,,Leonard Ingles,136
Tillamook,EASTSIDE,Fire District Director,,,Leonard Ingles,53
Tillamook,FAIRVIEW,Fire District Director,,,Leonard Ingles,346
Tillamook,KILCHIS,Fire District Director,,,Leonard Ingles,155
Tillamook,MAPLELEAF,Fire District Director,,,Leonard Ingles,132
Tillamook,SOUTH PRAIRIE EAST,Fire District Director,,,Leonard Ingles,142
Tillamook,SOUTH PRAIRIE WEST,Fire District Director,,,Leonard Ingles,158
Tillamook,TILLAMOOK #1,Fire District Director,,,Leonard Ingles,103
Tillamook,TILLAMOOK #2,Fire District Director,,,Leonard Ingles,78
Tillamook,TILLAMOOK #3,Fire District Director,,,Leonard Ingles,66
Tillamook,TILLAMOOK #4,Fire District Director,,,Leonard Ingles,86
Tillamook,TILLAMOOK #5,Fire District Director,,,Leonard Ingles,70
Tillamook,TILLAMOOK #6,Fire District Director,,,Leonard Ingles,80
Tillamook,TRASK,Fire District Director,,,Leonard Ingles,64
Tillamook,WESTSIDE,Fire District Director,,,Leonard Ingles,90
Tillamook,BAY,Fire District Director,,,Michael Saindon,271
Tillamook,BEAVER,Fire District Director,,,Michael Saindon,13
Tillamook,CARNAHAN,Fire District Director,,,Michael Saindon,83
Tillamook,EASTSIDE,Fire District Director,,,Michael Saindon,32
Tillamook,FAIRVIEW,Fire District Director,,,Michael Saindon,237
Tillamook,KILCHIS,Fire District Director,,,Michael Saindon,91
Tillamook,MAPLELEAF,Fire District Director,,,Michael Saindon,102
Tillamook,SOUTH PRAIRIE EAST,Fire District Director,,,Michael Saindon,91
Tillamook,SOUTH PRAIRIE WEST,Fire District Director,,,Michael Saindon,102
Tillamook,TILLAMOOK #1,Fire District Director,,,Michael Saindon,84
Tillamook,TILLAMOOK #2,Fire District Director,,,Michael Saindon,61
Tillamook,TILLAMOOK #3,Fire District Director,,,Michael Saindon,54
Tillamook,TILLAMOOK #4,Fire District Director,,,Michael Saindon,71
Tillamook,TILLAMOOK #5,Fire District Director,,,Michael Saindon,62
Tillamook,TILLAMOOK #6,Fire District Director,,,Michael Saindon,54
Tillamook,TRASK,Fire District Director,,,Michael Saindon,43
Tillamook,WESTSIDE,Fire District Director,,,Michael Saindon,81
Tillamook,BAY,Fire District Director,,,Over Votes,15
Tillamook,BEAVER,Fire District Director,,,Over Votes,0
Tillamook,CARNAHAN,Fire District Director,,,Over Votes,10
Tillamook,EASTSIDE,Fire District Director,,,Over Votes,0
Tillamook,FAIRVIEW,Fire District Director,,,Over Votes,5
Tillamook,KILCHIS,Fire District Director,,,Over Votes,5
Tillamook,MAPLELEAF,Fire District Director,,,Over Votes,0
Tillamook,SOUTH PRAIRIE EAST,Fire District Director,,,Over Votes,0
Tillamook,SOUTH PRAIRIE WEST,Fire District Director,,,Over Votes,5
Tillamook,TILLAMOOK #1,Fire District Director,,,Over Votes,10
Tillamook,TILLAMOOK #2,Fire District Director,,,Over Votes,0
Tillamook,TILLAMOOK #3,Fire District Director,,,Over Votes,0
Tillamook,TILLAMOOK #4,Fire District Director,,,Over Votes,0
Tillamook,TILLAMOOK #5,Fire District Director,,,Over Votes,20
Tillamook,TILLAMOOK #6,Fire District Director,,,Over Votes,0
Tillamook,TRASK,Fire District Director,,,Over Votes,0
Tillamook,WESTSIDE,Fire District Director,,,Over Votes,0
Tillamook,BAY,Fire District Director,,,Tim Hamburger,297
Tillamook,BEAVER,Fire District Director,,,Tim Hamburger,19
Tillamook,CARNAHAN,Fire District Director,,,Tim Hamburger,139
Tillamook,EASTSIDE,Fire District Director,,,Tim Hamburger,50
Tillamook,FAIRVIEW,Fire District Director,,,Tim Hamburger,354
Tillamook,KILCHIS,Fire District Director,,,Tim Hamburger,153
Tillamook,MAPLELEAF,Fire District Director,,,Tim Hamburger,156
Tillamook,SOUTH PRAIRIE EAST,Fire District Director,,,Tim Hamburger,147
Tillamook,SOUTH PRAIRIE WEST,Fire District Director,,,Tim Hamburger,154
Tillamook,TILLAMOOK #1,Fire District Director,,,Tim Hamburger,126
Tillamook,TILLAMOOK #2,Fire District Director,,,Tim Hamburger,82
Tillamook,TILLAMOOK #3,Fire District Director,,,Tim Hamburger,67
Tillamook,TILLAMOOK #4,Fire District Director,,,Tim Hamburger,96
Tillamook,TILLAMOOK #5,Fire District Director,,,Tim Hamburger,78
Tillamook,TILLAMOOK #6,Fire District Director,,,Tim Hamburger,89
Tillamook,TRASK,Fire District Director,,,Tim Hamburger,63
Tillamook,WESTSIDE,Fire District Director,,,Tim Hamburger,104
Tillamook,BAY,Fire District Director,,,Under Votes,1573
Tillamook,BEAVER,Fire District Director,,,Under Votes,42
Tillamook,CARNAHAN,Fire District Director,,,Under Votes,524
Tillamook,EASTSIDE,Fire District Director,,,Under Votes,179
Tillamook,FAIRVIEW,Fire District Director,,,Under Votes,1743
Tillamook,KILCHIS,Fire District Director,,,Under Votes,773
Tillamook,MAPLELEAF,Fire District Director,,,Under Votes,791
Tillamook,SOUTH PRAIRIE EAST,Fire District Director,,,Under Votes,787
Tillamook,SOUTH PRAIRIE WEST,Fire District Director,,,Under Votes,644
Tillamook,TILLAMOOK #1,Fire District Director,,,Under Votes,633
Tillamook,TILLAMOOK #2,Fire District Director,,,Under Votes,556
Tillamook,TILLAMOOK #3,Fire District Director,,,Under Votes,405
Tillamook,TILLAMOOK #4,Fire District Director,,,Under Votes,555
Tillamook,TILLAMOOK #5,Fire District Director,,,Under Votes,412
Tillamook,TILLAMOOK #6,Fire District Director,,,Under Votes,406
Tillamook,TRASK,Fire District Director,,,Under Votes,387
Tillamook,WESTSIDE,Fire District Director,,,Under Votes,414
Tillamook,BAY,Fire District Director,,,Write-ins,30
Tillamook,BEAVER,Fire District Director,,,Write-ins,0
Tillamook,CARNAHAN,Fire District Director,,,Write-ins,24
Tillamook,EASTSIDE,Fire District Director,,,Write-ins,1
Tillamook,FAIRVIEW,Fire District Director,,,Write-ins,21
Tillamook,KILCHIS,Fire District Director,,,Write-ins,8
Tillamook,MAPLELEAF,Fire District Director,,,Write-ins,10
Tillamook,SOUTH PRAIRIE EAST,Fire District Director,,,Write-ins,7
Tillamook,SOUTH PRAIRIE WEST,Fire District Director,,,Write-ins,28
Tillamook,TILLAMOOK #1,Fire District Director,,,Write-ins,18
Tillamook,TILLAMOOK #2,Fire District Director,,,Write-ins,8
Tillamook,TILLAMOOK #3,Fire District Director,,,Write-ins,18
Tillamook,TILLAMOOK #4,Fire District Director,,,Write-ins,17
Tillamook,TILLAMOOK #5,Fire District Director,,,Write-ins,1
Tillamook,TILLAMOOK #6,Fire District Director,,,Write-ins,17
Tillamook,TRASK,Fire District Director,,,Write-ins,4
Tillamook,WESTSIDE,Fire District Director,,,Write-ins,7
Tillamook,BAY,Governor,,D,Brittany Jones,8
Tillamook,BEAVER,Governor,,D,Brittany Jones,5
Tillamook,CARNAHAN,Governor,,D,Brittany Jones,4
Tillamook,CLOVERDALE,Governor,,D,Brittany Jones,0
Tillamook,EASTSIDE,Governor,,D,Brittany Jones,4
Tillamook,FAIRVIEW,Governor,,D,Brittany Jones,6
Tillamook,FOLEY,Governor,,D,Brittany Jones,2
Tillamook,GARIBALDI,Governor,,D,Brittany Jones,9
Tillamook,HEBO,Governor,,D,Brittany Jones,1
Tillamook,KILCHIS,Governor,,D,Brittany Jones,5
Tillamook,MAPLELEAF,Governor,,D,Brittany Jones,0
Tillamook,NEHALEM,Governor,,D,Brittany Jones,6
Tillamook,NESKOWIN,Governor,,D,Brittany Jones,5
Tillamook,NETARTS,Governor,,D,Brittany Jones,3
Tillamook,OCEANSIDE,Governor,,D,Brittany Jones,2
Tillamook,PINE GROVE,Governor,,D,Brittany Jones,6
Tillamook,ROCKAWAY,Governor,,D,Brittany Jones,7
Tillamook,SOUTH PRAIRIE EAST,Governor,,D,Brittany Jones,0
Tillamook,SOUTH PRAIRIE WEST,Governor,,D,Brittany Jones,0
Tillamook,TILLAMOOK #1,Governor,,D,Brittany Jones,3
Tillamook,TILLAMOOK #2,Governor,,D,Brittany Jones,5
Tillamook,TILLAMOOK #3,Governor,,D,Brittany Jones,4
Tillamook,TILLAMOOK #4,Governor,,D,Brittany Jones,3
Tillamook,TILLAMOOK #5,Governor,,D,Brittany Jones,4
Tillamook,TILLAMOOK #6,Governor,,D,Brittany Jones,1
Tillamook,TRASK,Governor,,D,Brittany Jones,1
Tillamook,UNION,Governor,,D,Brittany Jones,9
Tillamook,WESTSIDE,Governor,,D,Brittany Jones,2
Tillamook,WHEELER,Governor,,D,Brittany Jones,3
Tillamook,BAY,Governor,,D,Cal Kishawi,1
Tillamook,BEAVER,Governor,,D,Cal Kishawi,0
Tillamook,CARNAHAN,Governor,,D,Cal Kishawi,0
Tillamook,CLOVERDALE,Governor,,D,Cal Kishawi,0
Tillamook,EASTSIDE,Governor,,D,Cal Kishawi,1
Tillamook,FAIRVIEW,Governor,,D,Cal Kishawi,3
Tillamook,FOLEY,Governor,,D,Cal Kishawi,0
Tillamook,GARIBALDI,Governor,,D,Cal Kishawi,2
Tillamook,HEBO,Governor,,D,Cal Kishawi,0
Tillamook,KILCHIS,Governor,,D,Cal Kishawi,0
Tillamook,MAPLELEAF,Governor,,D,Cal Kishawi,0
Tillamook,NEHALEM,Governor,,D,Cal Kishawi,0
Tillamook,NESKOWIN,Governor,,D,Cal Kishawi,1
Tillamook,NETARTS,Governor,,D,Cal Kishawi,0
Tillamook,OCEANSIDE,Governor,,D,Cal Kishawi,0
Tillamook,PINE GROVE,Governor,,D,Cal Kishawi,4
Tillamook,ROCKAWAY,Governor,,D,Cal Kishawi,2
Tillamook,SOUTH PRAIRIE EAST,Governor,,D,Cal Kishawi,0
Tillamook,SOUTH PRAIRIE WEST,Governor,,D,Cal Kishawi,1
Tillamook,TILLAMOOK #1,Governor,,D,Cal Kishawi,2
Tillamook,TILLAMOOK #2,Governor,,D,Cal Kishawi,0
Tillamook,TILLAMOOK #3,Governor,,D,Cal Kishawi,0
Tillamook,TILLAMOOK #4,Governor,,D,Cal Kishawi,0
Tillamook,TILLAMOOK #5,Governor,,D,Cal Kishawi,0
Tillamook,TILLAMOOK #6,Governor,,D,Cal Kishawi,0
Tillamook,TRASK,Governor,,D,Cal Kishawi,2
Tillamook,UNION,Governor,,D,Cal Kishawi,0
Tillamook,WESTSIDE,Governor,,D,Cal Kishawi,0
Tillamook,WHEELER,Governor,,D,Cal Kishawi,0
Tillamook,BAY,Governor,,D,David W Beem,2
Tillamook,BEAVER,Governor,,D,David W Beem,5
Tillamook,CARNAHAN,Governor,,D,David W Beem,0
Tillamook,CLOVERDALE,Governor,,D,David W Beem,0
Tillamook,EASTSIDE,Governor,,D,David W Beem,0
Tillamook,FAIRVIEW,Governor,,D,David W Beem,1
Tillamook,FOLEY,Governor,,D,David W Beem,0
Tillamook,GARIBALDI,Governor,,D,David W Beem,4
Tillamook,HEBO,Governor,,D,David W Beem,2
Tillamook,KILCHIS,Governor,,D,David W Beem,2
Tillamook,MAPLELEAF,Governor,,D,David W Beem,0
Tillamook,NEHALEM,Governor,,D,David W Beem,1
Tillamook,NESKOWIN,Governor,,D,David W Beem,1
Tillamook,NETARTS,Governor,,D,David W Beem,4
Tillamook,OCEANSIDE,Governor,,D,David W Beem,0
Tillamook,PINE GROVE,Governor,,D,David W Beem,2
Tillamook,ROCKAWAY,Governor,,D,David W Beem,11
Tillamook,SOUTH PRAIRIE EAST,Governor,,D,David W Beem,2
Tillamook,SOUTH PRAIRIE WEST,Governor,,D,David W Beem,1
Tillamook,TILLAMOOK #1,Governor,,D,David W Beem,2
Tillamook,TILLAMOOK #2,Governor,,D,David W Beem,3
Tillamook,TILLAMOOK #3,Governor,,D,David W Beem,0
Tillamook,TILLAMOOK #4,Governor,,D,David W Beem,0
Tillamook,TILLAMOOK #5,Governor,,D,David W Beem,1
Tillamook,TILLAMOOK #6,Governor,,D,David W Beem,1
Tillamook,TRASK,Governor,,D,David W Beem,1
Tillamook,UNION,Governor,,D,David W Beem,5
Tillamook,WESTSIDE,Governor,,D,David W Beem,1
Tillamook,WHEELER,Governor,,D,David W Beem,1
Tillamook,BAY,Governor,,D,Donnie M Beckwith,2
Tillamook,BEAVER,Governor,,D,Donnie M Beckwith,0
Tillamook,CARNAHAN,Governor,,D,Donnie M Beckwith,0
Tillamook,CLOVERDALE,Governor,,D,Donnie M Beckwith,0
Tillamook,EASTSIDE,Governor,,D,Donnie M Beckwith,0
Tillamook,FAIRVIEW,Governor,,D,Donnie M Beckwith,3
Tillamook,FOLEY,Governor,,D,Donnie M Beckwith,0
Tillamook,GARIBALDI,Governor,,D,Donnie M Beckwith,0
Tillamook,HEBO,Governor,,D,Donnie M Beckwith,0
Tillamook,KILCHIS,Governor,,D,Donnie M Beckwith,0
Tillamook,MAPLELEAF,Governor,,D,Donnie M Beckwith,0
Tillamook,NEHALEM,Governor,,D,Donnie M Beckwith,2
Tillamook,NESKOWIN,Governor,,D,Donnie M Beckwith,0
Tillamook,NETARTS,Governor,,D,Donnie M Beckwith,0
Tillamook,OCEANSIDE,Governor,,D,Donnie M Beckwith,1
Tillamook,PINE GROVE,Governor,,D,Donnie M Beckwith,2
Tillamook,ROCKAWAY,Governor,,D,Donnie M Beckwith,5
Tillamook,SOUTH PRAIRIE EAST,Governor,,D,Donnie M Beckwith,0
Tillamook,SOUTH PRAIRIE WEST,Governor,,D,Donnie M Beckwith,1
Tillamook,TILLAMOOK #1,Governor,,D,Donnie M Beckwith,3
Tillamook,TILLAMOOK #2,Governor,,D,Donnie M Beckwith,1
Tillamook,TILLAMOOK #3,Governor,,D,Donnie M Beckwith,0
Tillamook,TILLAMOOK #4,Governor,,D,Donnie M Beckwith,1
Tillamook,TILLAMOOK #5,Governor,,D,Donnie M Beckwith,2
Tillamook,TILLAMOOK #6,Governor,,D,Donnie M Beckwith,0
Tillamook,TRASK,Governor,,D,Donnie M Beckwith,1
Tillamook,UNION,Governor,,D,Donnie M Beckwith,0
Tillamook,WESTSIDE,Governor,,D,Donnie M Beckwith,0
Tillamook,WHEELER,Governor,,D,Donnie M Beckwith,1
Tillamook,BAY,Governor,,D,Forest (Fora) Alexander,2
Tillamook,BEAVER,Governor,,D,Forest (Fora) Alexander,5
Tillamook,CARNAHAN,Governor,,D,Forest (Fora) Alexander,1
Tillamook,CLOVERDALE,Governor,,D,Forest (Fora) Alexander,0
Tillamook,EASTSIDE,Governor,,D,Forest (Fora) Alexander,2
Tillamook,FAIRVIEW,Governor,,D,Forest (Fora) Alexander,8
Tillamook,FOLEY,Governor,,D,Forest (Fora) Alexander,1
Tillamook,GARIBALDI,Governor,,D,Forest (Fora) Alexander,3
Tillamook,HEBO,Governor,,D,Forest (Fora) Alexander,0
Tillamook,KILCHIS,Governor,,D,Forest (Fora) Alexander,1
Tillamook,MAPLELEAF,Governor,,D,Forest (Fora) Alexander,1
Tillamook,NEHALEM,Governor,,D,Forest (Fora) Alexander,2
Tillamook,NESKOWIN,Governor,,D,Forest (Fora) Alexander,3
Tillamook,NETARTS,Governor,,D,Forest (Fora) Alexander,2
Tillamook,OCEANSIDE,Governor,,D,Forest (Fora) Alexander,1
Tillamook,PINE GROVE,Governor,,D,Forest (Fora) Alexander,5
Tillamook,ROCKAWAY,Governor,,D,Forest (Fora) Alexander,10
Tillamook,SOUTH PRAIRIE EAST,Governor,,D,Forest (Fora) Alexander,1
Tillamook,SOUTH PRAIRIE WEST,Governor,,D,Forest (Fora) Alexander,0
Tillamook,TILLAMOOK #1,Governor,,D,Forest (Fora) Alexander,3
Tillamook,TILLAMOOK #2,Governor,,D,Forest (Fora) Alexander,1
Tillamook,TILLAMOOK #3,Governor,,D,Forest (Fora) Alexander,0
Tillamook,TILLAMOOK #4,Governor,,D,Forest (Fora) Alexander,2
Tillamook,TILLAMOOK #5,Governor,,D,Forest (Fora) Alexander,0
Tillamook,TILLAMOOK #6,Governor,,D,Forest (Fora) Alexander,0
Tillamook,TRASK,Governor,,D,Forest (Fora) Alexander,3
Tillamook,UNION,Governor,,D,Forest (Fora) Alexander,1
Tillamook,WESTSIDE,Governor,,D,Forest (Fora) Alexander,0
Tillamook,WHEELER,Governor,,D,Forest (Fora) Alexander,0
Tillamook,BAY,Governor,,D,James Atkinson IV,0
Tillamook,BEAVER,Governor,,D,James Atkinson IV,3
Tillamook,CARNAHAN,Governor,,D,James Atkinson IV,1
Tillamook,CLOVERDALE,Governor,,D,James Atkinson IV,0
Tillamook,EASTSIDE,Governor,,D,James Atkinson IV,1
Tillamook,FAIRVIEW,Governor,,D,James Atkinson IV,4
Tillamook,FOLEY,Governor,,D,James Atkinson IV,1
Tillamook,GARIBALDI,Governor,,D,James Atkinson IV,0
Tillamook,HEBO,Governor,,D,James Atkinson IV,3
Tillamook,KILCHIS,Governor,,D,James Atkinson IV,3
Tillamook,MAPLELEAF,Governor,,D,James Atkinson IV,2
Tillamook,NEHALEM,Governor,,D,James Atkinson IV,2
Tillamook,NESKOWIN,Governor,,D,James Atkinson IV,1
Tillamook,NETARTS,Governor,,D,James Atkinson IV,3
Tillamook,OCEANSIDE,Governor,,D,James Atkinson IV,0
Tillamook,PINE GROVE,Governor,,D,James Atkinson IV,2
Tillamook,ROCKAWAY,Governor,,D,James Atkinson IV,4
Tillamook,SOUTH PRAIRIE EAST,Governor,,D,James Atkinson IV,0
Tillamook,SOUTH PRAIRIE WEST,Governor,,D,James Atkinson IV,1
Tillamook,TILLAMOOK #1,Governor,,D,James Atkinson IV,1
Tillamook,TILLAMOOK #2,Governor,,D,James Atkinson IV,1
Tillamook,TILLAMOOK #3,Governor,,D,James Atkinson IV,0
Tillamook,TILLAMOOK #4,Governor,,D,James Atkinson IV,1
Tillamook,TILLAMOOK #5,Governor,,D,James Atkinson IV,0
Tillamook,TILLAMOOK #6,Governor,,D,James Atkinson IV,2
Tillamook,TRASK,Governor,,D,James Atkinson IV,3
Tillamook,UNION,Governor,,D,James Atkinson IV,3
Tillamook,WESTSIDE,Governor,,D,James Atkinson IV,3
Tillamook,WHEELER,Governor,,D,James Atkinson IV,1
Tillamook,BAY,Governor,,D,Miranda Weigler,6
Tillamook,BEAVER,Governor,,D,Miranda Weigler,0
Tillamook,CARNAHAN,Governor,,D,Miranda Weigler,4
Tillamook,CLOVERDALE,Governor,,D,Miranda Weigler,3
Tillamook,EASTSIDE,Governor,,D,Miranda Weigler,1
Tillamook,FAIRVIEW,Governor,,D,Miranda Weigler,9
Tillamook,FOLEY,Governor,,D,Miranda Weigler,3
Tillamook,GARIBALDI,Governor,,D,Miranda Weigler,1
Tillamook,HEBO,Governor,,D,Miranda Weigler,5
Tillamook,KILCHIS,Governor,,D,Miranda Weigler,1
Tillamook,MAPLELEAF,Governor,,D,Miranda Weigler,5
Tillamook,NEHALEM,Governor,,D,Miranda Weigler,4
Tillamook,NESKOWIN,Governor,,D,Miranda Weigler,2
Tillamook,NETARTS,Governor,,D,Miranda Weigler,7
Tillamook,OCEANSIDE,Governor,,D,Miranda Weigler,2
Tillamook,PINE GROVE,Governor,,D,Miranda Weigler,7
Tillamook,ROCKAWAY,Governor,,D,Miranda Weigler,4
Tillamook,SOUTH PRAIRIE EAST,Governor,,D,Miranda Weigler,1
Tillamook,SOUTH PRAIRIE WEST,Governor,,D,Miranda Weigler,1
Tillamook,TILLAMOOK #1,Governor,,D,Miranda Weigler,7
Tillamook,TILLAMOOK #2,Governor,,D,Miranda Weigler,2
Tillamook,TILLAMOOK #3,Governor,,D,Miranda Weigler,0
Tillamook,TILLAMOOK #4,Governor,,D,Miranda Weigler,2
Tillamook,TILLAMOOK #5,Governor,,D,Miranda Weigler,0
Tillamook,TILLAMOOK #6,Governor,,D,Miranda Weigler,4
Tillamook,TRASK,Governor,,D,Miranda Weigler,0
Tillamook,UNION,Governor,,D,Miranda Weigler,4
Tillamook,WESTSIDE,Governor,,D,Miranda Weigler,0
Tillamook,WHEELER,Governor,,D,Miranda Weigler,1
Tillamook,BAY,Governor,,D,Over Votes,1
Tillamook,BEAVER,Governor,,D,Over Votes,0
Tillamook,CARNAHAN,Governor,,D,Over Votes,0
Tillamook,CLOVERDALE,Governor,,D,Over Votes,0
Tillamook,EASTSIDE,Governor,,D,Over Votes,0
Tillamook,FAIRVIEW,Governor,,D,Over Votes,0
Tillamook,FOLEY,Governor,,D,Over Votes,0
Tillamook,GARIBALDI,Governor,,D,Over Votes,0
Tillamook,HEBO,Governor,,D,Over Votes,0
Tillamook,KILCHIS,Governor,,D,Over Votes,0
Tillamook,MAPLELEAF,Governor,,D,Over Votes,0
Tillamook,NEHALEM,Governor,,D,Over Votes,0
Tillamook,NESKOWIN,Governor,,D,Over Votes,0
Tillamook,NETARTS,Governor,,D,Over Votes,0
Tillamook,OCEANSIDE,Governor,,D,Over Votes,1
Tillamook,PINE GROVE,Governor,,D,Over Votes,0
Tillamook,ROCKAWAY,Governor,,D,Over Votes,0
Tillamook,SOUTH PRAIRIE EAST,Governor,,D,Over Votes,0
Tillamook,SOUTH PRAIRIE WEST,Governor,,D,Over Votes,0
Tillamook,TILLAMOOK #1,Governor,,D,Over Votes,0
Tillamook,TILLAMOOK #2,Governor,,D,Over Votes,0
Tillamook,TILLAMOOK #3,Governor,,D,Over Votes,0
Tillamook,TILLAMOOK #4,Governor,,D,Over Votes,0
Tillamook,TILLAMOOK #5,Governor,,D,Over Votes,0
Tillamook,TILLAMOOK #6,Governor,,D,Over Votes,0
Tillamook,TRASK,Governor,,D,Over Votes,0
Tillamook,UNION,Governor,,D,Over Votes,0
Tillamook,WESTSIDE,Governor,,D,Over Votes,0
Tillamook,WHEELER,Governor,,D,Over Votes,0
Tillamook,BAY,Governor,,D,Steve William Laible,1
Tillamook,BEAVER,Governor,,D,Steve William Laible,1
Tillamook,CARNAHAN,Governor,,D,Steve William Laible,0
Tillamook,CLOVERDALE,Governor,,D,Steve William Laible,1
Tillamook,EASTSIDE,Governor,,D,Steve William Laible,0
Tillamook,FAIRVIEW,Governor,,D,Steve William Laible,4
Tillamook,FOLEY,Governor,,D,Steve William Laible,0
Tillamook,GARIBALDI,Governor,,D,Steve William Laible,2
Tillamook,HEBO,Governor,,D,Steve William Laible,1
Tillamook,KILCHIS,Governor,,D,Steve William Laible,0
Tillamook,MAPLELEAF,Governor,,D,Steve William Laible,0
Tillamook,NEHALEM,Governor,,D,Steve William Laible,0
Tillamook,NESKOWIN,Governor,,D,Steve William Laible,0
Tillamook,NETARTS,Governor,,D,Steve William Laible,0
Tillamook,OCEANSIDE,Governor,,D,Steve William Laible,1
Tillamook,PINE GROVE,Governor,,D,Steve William Laible,5
Tillamook,ROCKAWAY,Governor,,D,Steve William Laible,1
Tillamook,SOUTH PRAIRIE EAST,Governor,,D,Steve William Laible,0
Tillamook,SOUTH PRAIRIE WEST,Governor,,D,Steve William Laible,0
Tillamook,TILLAMOOK #1,Governor,,D,Steve William Laible,4
Tillamook,TILLAMOOK #2,Governor,,D,Steve William Laible,3
Tillamook,TILLAMOOK #3,Governor,,D,Steve William Laible,0
Tillamook,TILLAMOOK #4,Governor,,D,Steve William Laible,0
Tillamook,TILLAMOOK #5,Governor,,D,Steve William Laible,0
Tillamook,TILLAMOOK #6,Governor,,D,Steve William Laible,0
Tillamook,TRASK,Governor,,D,Steve William Laible,0
Tillamook,UNION,Governor,,D,Steve William Laible,2
Tillamook,WESTSIDE,Governor,,D,Steve William Laible,0
Tillamook,WHEELER,Governor,,D,Steve William Laible,1
Tillamook,BAY,Governor,,D,Tina Kotek,159
Tillamook,BEAVER,Governor,,D,Tina Kotek,65
Tillamook,CARNAHAN,Governor,,D,Tina Kotek,30
Tillamook,CLOVERDALE,Governor,,D,Tina Kotek,40
Tillamook,EASTSIDE,Governor,,D,Tina Kotek,17
Tillamook,FAIRVIEW,Governor,,D,Tina Kotek,121
Tillamook,FOLEY,Governor,,D,Tina Kotek,79
Tillamook,GARIBALDI,Governor,,D,Tina Kotek,107
Tillamook,HEBO,Governor,,D,Tina Kotek,58
Tillamook,KILCHIS,Governor,,D,Tina Kotek,55
Tillamook,MAPLELEAF,Governor,,D,Tina Kotek,48
Tillamook,NEHALEM,Governor,,D,Tina Kotek,123
Tillamook,NESKOWIN,Governor,,D,Tina Kotek,181
Tillamook,NETARTS,Governor,,D,Tina Kotek,191
Tillamook,OCEANSIDE,Governor,,D,Tina Kotek,102
Tillamook,PINE GROVE,Governor,,D,Tina Kotek,512
Tillamook,ROCKAWAY,Governor,,D,Tina Kotek,223
Tillamook,SOUTH PRAIRIE EAST,Governor,,D,Tina Kotek,25
Tillamook,SOUTH PRAIRIE WEST,Governor,,D,Tina Kotek,34
Tillamook,TILLAMOOK #1,Governor,,D,Tina Kotek,56
Tillamook,TILLAMOOK #2,Governor,,D,Tina Kotek,45
Tillamook,TILLAMOOK #3,Governor,,D,Tina Kotek,41
Tillamook,TILLAMOOK #4,Governor,,D,Tina Kotek,51
Tillamook,TILLAMOOK #5,Governor,,D,Tina Kotek,35
Tillamook,TILLAMOOK #6,Governor,,D,Tina Kotek,39
Tillamook,TRASK,Governor,,D,Tina Kotek,19
Tillamook,UNION,Governor,,D,Tina Kotek,220
Tillamook,WESTSIDE,Governor,,D,Tina Kotek,69
Tillamook,WHEELER,Governor,,D,Tina Kotek,128
Tillamook,BAY,Governor,,D,Tristan Sheppard,7
Tillamook,BEAVER,Governor,,D,Tristan Sheppard,0
Tillamook,CARNAHAN,Governor,,D,Tristan Sheppard,0
Tillamook,CLOVERDALE,Governor,,D,Tristan Sheppard,0
Tillamook,EASTSIDE,Governor,,D,Tristan Sheppard,1
Tillamook,FAIRVIEW,Governor,,D,Tristan Sheppard,2
Tillamook,FOLEY,Governor,,D,Tristan Sheppard,1
Tillamook,GARIBALDI,Governor,,D,Tristan Sheppard,0
Tillamook,HEBO,Governor,,D,Tristan Sheppard,1
Tillamook,KILCHIS,Governor,,D,Tristan Sheppard,0
Tillamook,MAPLELEAF,Governor,,D,Tristan Sheppard,0
Tillamook,NEHALEM,Governor,,D,Tristan Sheppard,0
Tillamook,NESKOWIN,Governor,,D,Tristan Sheppard,0
Tillamook,NETARTS,Governor,,D,Tristan Sheppard,2
Tillamook,OCEANSIDE,Governor,,D,Tristan Sheppard,4
Tillamook,PINE GROVE,Governor,,D,Tristan Sheppard,7
Tillamook,ROCKAWAY,Governor,,D,Tristan Sheppard,6
Tillamook,SOUTH PRAIRIE EAST,Governor,,D,Tristan Sheppard,1
Tillamook,SOUTH PRAIRIE WEST,Governor,,D,Tristan Sheppard,1
Tillamook,TILLAMOOK #1,Governor,,D,Tristan Sheppard,0
Tillamook,TILLAMOOK #2,Governor,,D,Tristan Sheppard,1
Tillamook,TILLAMOOK #3,Governor,,D,Tristan Sheppard,0
Tillamook,TILLAMOOK #4,Governor,,D,Tristan Sheppard,0
Tillamook,TILLAMOOK #5,Governor,,D,Tristan Sheppard,4
Tillamook,TILLAMOOK #6,Governor,,D,Tristan Sheppard,5
Tillamook,TRASK,Governor,,D,Tristan Sheppard,1
Tillamook,UNION,Governor,,D,Tristan Sheppard,2
Tillamook,WESTSIDE,Governor,,D,Tristan Sheppard,2
Tillamook,WHEELER,Governor,,D,Tristan Sheppard,1
Tillamook,BAY,Governor,,D,Under Votes,24
Tillamook,BEAVER,Governor,,D,Under Votes,15
Tillamook,CARNAHAN,Governor,,D,Under Votes,8
Tillamook,CLOVERDALE,Governor,,D,Under Votes,6
Tillamook,EASTSIDE,Governor,,D,Under Votes,3
Tillamook,FAIRVIEW,Governor,,D,Under Votes,30
Tillamook,FOLEY,Governor,,D,Under Votes,8
Tillamook,GARIBALDI,Governor,,D,Under Votes,19
Tillamook,HEBO,Governor,,D,Under Votes,4
Tillamook,KILCHIS,Governor,,D,Under Votes,10
Tillamook,MAPLELEAF,Governor,,D,Under Votes,18
Tillamook,NEHALEM,Governor,,D,Under Votes,11
Tillamook,NESKOWIN,Governor,,D,Under Votes,13
Tillamook,NETARTS,Governor,,D,Under Votes,13
Tillamook,OCEANSIDE,Governor,,D,Under Votes,6
Tillamook,PINE GROVE,Governor,,D,Under Votes,44
Tillamook,ROCKAWAY,Governor,,D,Under Votes,26
Tillamook,SOUTH PRAIRIE EAST,Governor,,D,Under Votes,17
Tillamook,SOUTH PRAIRIE WEST,Governor,,D,Under Votes,11
Tillamook,TILLAMOOK #1,Governor,,D,Under Votes,9
Tillamook,TILLAMOOK #2,Governor,,D,Under Votes,3
Tillamook,TILLAMOOK #3,Governor,,D,Under Votes,6
Tillamook,TILLAMOOK #4,Governor,,D,Under Votes,6
Tillamook,TILLAMOOK #5,Governor,,D,Under Votes,8
Tillamook,TILLAMOOK #6,Governor,,D,Under Votes,10
Tillamook,TRASK,Governor,,D,Under Votes,7
Tillamook,UNION,Governor,,D,Under Votes,32
Tillamook,WESTSIDE,Governor,,D,Under Votes,8
Tillamook,WHEELER,Governor,,D,Under Votes,9
Tillamook,BAY,Governor,,D,Write-ins,8
Tillamook,BEAVER,Governor,,D,Write-ins,5
Tillamook,CARNAHAN,Governor,,D,Write-ins,0
Tillamook,CLOVERDALE,Governor,,D,Write-ins,5
Tillamook,EASTSIDE,Governor,,D,Write-ins,1
Tillamook,FAIRVIEW,Governor,,D,Write-ins,17
Tillamook,FOLEY,Governor,,D,Write-ins,5
Tillamook,GARIBALDI,Governor,,D,Write-ins,9
Tillamook,HEBO,Governor,,D,Write-ins,2
Tillamook,KILCHIS,Governor,,D,Write-ins,9
Tillamook,MAPLELEAF,Governor,,D,Write-ins,5
Tillamook,NEHALEM,Governor,,D,Write-ins,3
Tillamook,NESKOWIN,Governor,,D,Write-ins,1
Tillamook,NETARTS,Governor,,D,Write-ins,6
Tillamook,OCEANSIDE,Governor,,D,Write-ins,1
Tillamook,PINE GROVE,Governor,,D,Write-ins,15
Tillamook,ROCKAWAY,Governor,,D,Write-ins,6
Tillamook,SOUTH PRAIRIE EAST,Governor,,D,Write-ins,3
Tillamook,SOUTH PRAIRIE WEST,Governor,,D,Write-ins,7
Tillamook,TILLAMOOK #1,Governor,,D,Write-ins,5
Tillamook,TILLAMOOK #2,Governor,,D,Write-ins,0
Tillamook,TILLAMOOK #3,Governor,,D,Write-ins,3
Tillamook,TILLAMOOK #4,Governor,,D,Write-ins,1
Tillamook,TILLAMOOK #5,Governor,,D,Write-ins,5
Tillamook,TILLAMOOK #6,Governor,,D,Write-ins,1
Tillamook,TRASK,Governor,,D,Write-ins,1
Tillamook,UNION,Governor,,D,Write-ins,9
Tillamook,WESTSIDE,Governor,,D,Write-ins,0
Tillamook,WHEELER,Governor,,D,Write-ins,0
Tillamook,BAY,Governor,,R,Brad T Peters,3
Tillamook,BEAVER,Governor,,R,Brad T Peters,0
Tillamook,CARNAHAN,Governor,,R,Brad T Peters,1
Tillamook,CLOVERDALE,Governor,,R,Brad T Peters,0
Tillamook,EASTSIDE,Governor,,R,Brad T Peters,0
Tillamook,FAIRVIEW,Governor,,R,Brad T Peters,0
Tillamook,FOLEY,Governor,,R,Brad T Peters,2
Tillamook,GARIBALDI,Governor,,R,Brad T Peters,0
Tillamook,HEBO,Governor,,R,Brad T Peters,2
Tillamook,KILCHIS,Governor,,R,Brad T Peters,1
Tillamook,MAPLELEAF,Governor,,R,Brad T Peters,1
Tillamook,NEHALEM,Governor,,R,Brad T Peters,0
Tillamook,NESKOWIN,Governor,,R,Brad T Peters,0
Tillamook,NETARTS,Governor,,R,Brad T Peters,1
Tillamook,OCEANSIDE,Governor,,R,Brad T Peters,1
Tillamook,PINE GROVE,Governor,,R,Brad T Peters,0
Tillamook,ROCKAWAY,Governor,,R,Brad T Peters,0
Tillamook,SOUTH PRAIRIE EAST,Governor,,R,Brad T Peters,1
Tillamook,SOUTH PRAIRIE WEST,Governor,,R,Brad T Peters,1
Tillamook,TILLAMOOK #1,Governor,,R,Brad T Peters,0
Tillamook,TILLAMOOK #2,Governor,,R,Brad T Peters,0
Tillamook,TILLAMOOK #3,Governor,,R,Brad T Peters,0
Tillamook,TILLAMOOK #4,Governor,,R,Brad T Peters,1
Tillamook,TILLAMOOK #5,Governor,,R,Brad T Peters,0
Tillamook,TILLAMOOK #6,Governor,,R,Brad T Peters,0
Tillamook,TRASK,Governor,,R,Brad T Peters,0
Tillamook,UNION,Governor,,R,Brad T Peters,0
Tillamook,WESTSIDE,Governor,,R,Brad T Peters,0
Tillamook,WHEELER,Governor,,R,Brad T Peters,0
Tillamook,BAY,Governor,,R,Chris Dudley,54
Tillamook,BEAVER,Governor,,R,Chris Dudley,24
Tillamook,CARNAHAN,Governor,,R,Chris Dudley,24
Tillamook,CLOVERDALE,Governor,,R,Chris Dudley,14
Tillamook,EASTSIDE,Governor,,R,Chris Dudley,7
Tillamook,FAIRVIEW,Governor,,R,Chris Dudley,54
Tillamook,FOLEY,Governor,,R,Chris Dudley,23
Tillamook,GARIBALDI,Governor,,R,Chris Dudley,31
Tillamook,HEBO,Governor,,R,Chris Dudley,11
Tillamook,KILCHIS,Governor,,R,Chris Dudley,21
Tillamook,MAPLELEAF,Governor,,R,Chris Dudley,33
Tillamook,NEHALEM,Governor,,R,Chris Dudley,16
Tillamook,NESKOWIN,Governor,,R,Chris Dudley,24
Tillamook,NETARTS,Governor,,R,Chris Dudley,27
Tillamook,OCEANSIDE,Governor,,R,Chris Dudley,7
Tillamook,PINE GROVE,Governor,,R,Chris Dudley,36
Tillamook,ROCKAWAY,Governor,,R,Chris Dudley,56
Tillamook,SOUTH PRAIRIE EAST,Governor,,R,Chris Dudley,32
Tillamook,SOUTH PRAIRIE WEST,Governor,,R,Chris Dudley,29
Tillamook,TILLAMOOK #1,Governor,,R,Chris Dudley,16
Tillamook,TILLAMOOK #2,Governor,,R,Chris Dudley,13
Tillamook,TILLAMOOK #3,Governor,,R,Chris Dudley,6
Tillamook,TILLAMOOK #4,Governor,,R,Chris Dudley,7
Tillamook,TILLAMOOK #5,Governor,,R,Chris Dudley,8
Tillamook,TILLAMOOK #6,Governor,,R,Chris Dudley,16
Tillamook,TRASK,Governor,,R,Chris Dudley,10
Tillamook,UNION,Governor,,R,Chris Dudley,47
Tillamook,WESTSIDE,Governor,,R,Chris Dudley,5
Tillamook,WHEELER,Governor,,R,Chris Dudley,19
Tillamook,BAY,Governor,,R,Christine Drazan,98
Tillamook,BEAVER,Governor,,R,Christine Drazan,89
Tillamook,CARNAHAN,Governor,,R,Christine Drazan,66
Tillamook,CLOVERDALE,Governor,,R,Christine Drazan,45
Tillamook,EASTSIDE,Governor,,R,Christine Drazan,7
Tillamook,FAIRVIEW,Governor,,R,Christine Drazan,171
Tillamook,FOLEY,Governor,,R,Christine Drazan,45
Tillamook,GARIBALDI,Governor,,R,Christine Drazan,69
Tillamook,HEBO,Governor,,R,Christine Drazan,31
Tillamook,KILCHIS,Governor,,R,Christine Drazan,47
Tillamook,MAPLELEAF,Governor,,R,Christine Drazan,57
Tillamook,NEHALEM,Governor,,R,Christine Drazan,38
Tillamook,NESKOWIN,Governor,,R,Christine Drazan,53
Tillamook,NETARTS,Governor,,R,Christine Drazan,72
Tillamook,OCEANSIDE,Governor,,R,Christine Drazan,20
Tillamook,PINE GROVE,Governor,,R,Christine Drazan,90
Tillamook,ROCKAWAY,Governor,,R,Christine Drazan,95
Tillamook,SOUTH PRAIRIE EAST,Governor,,R,Christine Drazan,57
Tillamook,SOUTH PRAIRIE WEST,Governor,,R,Christine Drazan,62
Tillamook,TILLAMOOK #1,Governor,,R,Christine Drazan,24
Tillamook,TILLAMOOK #2,Governor,,R,Christine Drazan,26
Tillamook,TILLAMOOK #3,Governor,,R,Christine Drazan,24
Tillamook,TILLAMOOK #4,Governor,,R,Christine Drazan,30
Tillamook,TILLAMOOK #5,Governor,,R,Christine Drazan,20
Tillamook,TILLAMOOK #6,Governor,,R,Christine Drazan,27
Tillamook,TRASK,Governor,,R,Christine Drazan,25
Tillamook,UNION,Governor,,R,Christine Drazan,92
Tillamook,WESTSIDE,Governor,,R,Christine Drazan,26
Tillamook,WHEELER,Governor,,R,Christine Drazan,19
Tillamook,BAY,Governor,,R,Danielle Bethell,6
Tillamook,BEAVER,Governor,,R,Danielle Bethell,2
Tillamook,CARNAHAN,Governor,,R,Danielle Bethell,1
Tillamook,CLOVERDALE,Governor,,R,Danielle Bethell,2
Tillamook,EASTSIDE,Governor,,R,Danielle Bethell,0
Tillamook,FAIRVIEW,Governor,,R,Danielle Bethell,5
Tillamook,FOLEY,Governor,,R,Danielle Bethell,2
Tillamook,GARIBALDI,Governor,,R,Danielle Bethell,7
Tillamook,HEBO,Governor,,R,Danielle Bethell,0
Tillamook,KILCHIS,Governor,,R,Danielle Bethell,4
Tillamook,MAPLELEAF,Governor,,R,Danielle Bethell,0
Tillamook,NEHALEM,Governor,,R,Danielle Bethell,1
Tillamook,NESKOWIN,Governor,,R,Danielle Bethell,4
Tillamook,NETARTS,Governor,,R,Danielle Bethell,1
Tillamook,OCEANSIDE,Governor,,R,Danielle Bethell,0
Tillamook,PINE GROVE,Governor,,R,Danielle Bethell,5
Tillamook,ROCKAWAY,Governor,,R,Danielle Bethell,3
Tillamook,SOUTH PRAIRIE EAST,Governor,,R,Danielle Bethell,1
Tillamook,SOUTH PRAIRIE WEST,Governor,,R,Danielle Bethell,1
Tillamook,TILLAMOOK #1,Governor,,R,Danielle Bethell,5
Tillamook,TILLAMOOK #2,Governor,,R,Danielle Bethell,3
Tillamook,TILLAMOOK #3,Governor,,R,Danielle Bethell,0
Tillamook,TILLAMOOK #4,Governor,,R,Danielle Bethell,0
Tillamook,TILLAMOOK #5,Governor,,R,Danielle Bethell,3
Tillamook,TILLAMOOK #6,Governor,,R,Danielle Bethell,0
Tillamook,TRASK,Governor,,R,Danielle Bethell,0
Tillamook,UNION,Governor,,R,Danielle Bethell,6
Tillamook,WESTSIDE,Governor,,R,Danielle Bethell,3
Tillamook,WHEELER,Governor,,R,Danielle Bethell,0
Tillamook,BAY,Governor,,R,David Medina,5
Tillamook,BEAVER,Governor,,R,David Medina,16
Tillamook,CARNAHAN,Governor,,R,David Medina,9
Tillamook,CLOVERDALE,Governor,,R,David Medina,4
Tillamook,EASTSIDE,Governor,,R,David Medina,3
Tillamook,FAIRVIEW,Governor,,R,David Medina,9
Tillamook,FOLEY,Governor,,R,David Medina,0
Tillamook,GARIBALDI,Governor,,R,David Medina,10
Tillamook,HEBO,Governor,,R,David Medina,8
Tillamook,KILCHIS,Governor,,R,David Medina,6
Tillamook,MAPLELEAF,Governor,,R,David Medina,13
Tillamook,NEHALEM,Governor,,R,David Medina,1
Tillamook,NESKOWIN,Governor,,R,David Medina,5
Tillamook,NETARTS,Governor,,R,David Medina,7
Tillamook,OCEANSIDE,Governor,,R,David Medina,2
Tillamook,PINE GROVE,Governor,,R,David Medina,2
Tillamook,ROCKAWAY,Governor,,R,David Medina,8
Tillamook,SOUTH PRAIRIE EAST,Governor,,R,David Medina,4
Tillamook,SOUTH PRAIRIE WEST,Governor,,R,David Medina,6
Tillamook,TILLAMOOK #1,Governor,,R,David Medina,4
Tillamook,TILLAMOOK #2,Governor,,R,David Medina,6
Tillamook,TILLAMOOK #3,Governor,,R,David Medina,5
Tillamook,TILLAMOOK #4,Governor,,R,David Medina,6
Tillamook,TILLAMOOK #5,Governor,,R,David Medina,2
Tillamook,TILLAMOOK #6,Governor,,R,David Medina,2
Tillamook,TRASK,Governor,,R,David Medina,2
Tillamook,UNION,Governor,,R,David Medina,10
Tillamook,WESTSIDE,Governor,,R,David Medina,2
Tillamook,WHEELER,Governor,,R,David Medina,0
Tillamook,BAY,Governor,,R,DeAngelo Leroy Turner,0
Tillamook,BEAVER,Governor,,R,DeAngelo Leroy Turner,0
Tillamook,CARNAHAN,Governor,,R,DeAngelo Leroy Turner,0
Tillamook,CLOVERDALE,Governor,,R,DeAngelo Leroy Turner,0
Tillamook,EASTSIDE,Governor,,R,DeAngelo Leroy Turner,0
Tillamook,FAIRVIEW,Governor,,R,DeAngelo Leroy Turner,0
Tillamook,FOLEY,Governor,,R,DeAngelo Leroy Turner,0
Tillamook,GARIBALDI,Governor,,R,DeAngelo Leroy Turner,0
Tillamook,HEBO,Governor,,R,DeAngelo Leroy Turner,0
Tillamook,KILCHIS,Governor,,R,DeAngelo Leroy Turner,0
Tillamook,MAPLELEAF,Governor,,R,DeAngelo Leroy Turner,1
Tillamook,NEHALEM,Governor,,R,DeAngelo Leroy Turner,0
Tillamook,NESKOWIN,Governor,,R,DeAngelo Leroy Turner,0
Tillamook,NETARTS,Governor,,R,DeAngelo Leroy Turner,0
Tillamook,OCEANSIDE,Governor,,R,DeAngelo Leroy Turner,0
Tillamook,PINE GROVE,Governor,,R,DeAngelo Leroy Turner,0
Tillamook,ROCKAWAY,Governor,,R,DeAngelo Leroy Turner,0
Tillamook,SOUTH PRAIRIE EAST,Governor,,R,DeAngelo Leroy Turner,0
Tillamook,SOUTH PRAIRIE WEST,Governor,,R,DeAngelo Leroy Turner,0
Tillamook,TILLAMOOK #1,Governor,,R,DeAngelo Leroy Turner,0
Tillamook,TILLAMOOK #2,Governor,,R,DeAngelo Leroy Turner,0
Tillamook,TILLAMOOK #3,Governor,,R,DeAngelo Leroy Turner,0
Tillamook,TILLAMOOK #4,Governor,,R,DeAngelo Leroy Turner,0
Tillamook,TILLAMOOK #5,Governor,,R,DeAngelo Leroy Turner,0
Tillamook,TILLAMOOK #6,Governor,,R,DeAngelo Leroy Turner,0
Tillamook,TRASK,Governor,,R,DeAngelo Leroy Turner,0
Tillamook,UNION,Governor,,R,DeAngelo Leroy Turner,1
Tillamook,WESTSIDE,Governor,,R,DeAngelo Leroy Turner,0
Tillamook,WHEELER,Governor,,R,DeAngelo Leroy Turner,0
Tillamook,BAY,Governor,,R,Ed Diehl,85
Tillamook,BEAVER,Governor,,R,Ed Diehl,102
Tillamook,CARNAHAN,Governor,,R,Ed Diehl,63
Tillamook,CLOVERDALE,Governor,,R,Ed Diehl,39
Tillamook,EASTSIDE,Governor,,R,Ed Diehl,15
Tillamook,FAIRVIEW,Governor,,R,Ed Diehl,141
Tillamook,FOLEY,Governor,,R,Ed Diehl,39
Tillamook,GARIBALDI,Governor,,R,Ed Diehl,53
Tillamook,HEBO,Governor,,R,Ed Diehl,46
Tillamook,KILCHIS,Governor,,R,Ed Diehl,52
Tillamook,MAPLELEAF,Governor,,R,Ed Diehl,72
Tillamook,NEHALEM,Governor,,R,Ed Diehl,16
Tillamook,NESKOWIN,Governor,,R,Ed Diehl,39
Tillamook,NETARTS,Governor,,R,Ed Diehl,66
Tillamook,OCEANSIDE,Governor,,R,Ed Diehl,20
Tillamook,PINE GROVE,Governor,,R,Ed Diehl,56
Tillamook,ROCKAWAY,Governor,,R,Ed Diehl,81
Tillamook,SOUTH PRAIRIE EAST,Governor,,R,Ed Diehl,90
Tillamook,SOUTH PRAIRIE WEST,Governor,,R,Ed Diehl,64
Tillamook,TILLAMOOK #1,Governor,,R,Ed Diehl,31
Tillamook,TILLAMOOK #2,Governor,,R,Ed Diehl,18
Tillamook,TILLAMOOK #3,Governor,,R,Ed Diehl,24
Tillamook,TILLAMOOK #4,Governor,,R,Ed Diehl,36
Tillamook,TILLAMOOK #5,Governor,,R,Ed Diehl,30
Tillamook,TILLAMOOK #6,Governor,,R,Ed Diehl,20
Tillamook,TRASK,Governor,,R,Ed Diehl,26
Tillamook,UNION,Governor,,R,Ed Diehl,104
Tillamook,WESTSIDE,Governor,,R,Ed Diehl,25
Tillamook,WHEELER,Governor,,R,Ed Diehl,13
Tillamook,BAY,Governor,,R,Hope A Dalrymple,0
Tillamook,BEAVER,Governor,,R,Hope A Dalrymple,0
Tillamook,CARNAHAN,Governor,,R,Hope A Dalrymple,0
Tillamook,CLOVERDALE,Governor,,R,Hope A Dalrymple,0
Tillamook,EASTSIDE,Governor,,R,Hope A Dalrymple,0
Tillamook,FAIRVIEW,Governor,,R,Hope A Dalrymple,0
Tillamook,FOLEY,Governor,,R,Hope A Dalrymple,0
Tillamook,GARIBALDI,Governor,,R,Hope A Dalrymple,0
Tillamook,HEBO,Governor,,R,Hope A Dalrymple,0
Tillamook,KILCHIS,Governor,,R,Hope A Dalrymple,0
Tillamook,MAPLELEAF,Governor,,R,Hope A Dalrymple,0
Tillamook,NEHALEM,Governor,,R,Hope A Dalrymple,0
Tillamook,NESKOWIN,Governor,,R,Hope A Dalrymple,0
Tillamook,NETARTS,Governor,,R,Hope A Dalrymple,0
Tillamook,OCEANSIDE,Governor,,R,Hope A Dalrymple,0
Tillamook,PINE GROVE,Governor,,R,Hope A Dalrymple,1
Tillamook,ROCKAWAY,Governor,,R,Hope A Dalrymple,0
Tillamook,SOUTH PRAIRIE EAST,Governor,,R,Hope A Dalrymple,0
Tillamook,SOUTH PRAIRIE WEST,Governor,,R,Hope A Dalrymple,0
Tillamook,TILLAMOOK #1,Governor,,R,Hope A Dalrymple,0
Tillamook,TILLAMOOK #2,Governor,,R,Hope A Dalrymple,1
Tillamook,TILLAMOOK #3,Governor,,R,Hope A Dalrymple,0
Tillamook,TILLAMOOK #4,Governor,,R,Hope A Dalrymple,0
Tillamook,TILLAMOOK #5,Governor,,R,Hope A Dalrymple,0
Tillamook,TILLAMOOK #6,Governor,,R,Hope A Dalrymple,0
Tillamook,TRASK,Governor,,R,Hope A Dalrymple,0
Tillamook,UNION,Governor,,R,Hope A Dalrymple,0
Tillamook,WESTSIDE,Governor,,R,Hope A Dalrymple,0
Tillamook,WHEELER,Governor,,R,Hope A Dalrymple,0
Tillamook,BAY,Governor,,R,Kyle M Duyck,1
Tillamook,BEAVER,Governor,,R,Kyle M Duyck,2
Tillamook,CARNAHAN,Governor,,R,Kyle M Duyck,0
Tillamook,CLOVERDALE,Governor,,R,Kyle M Duyck,2
Tillamook,EASTSIDE,Governor,,R,Kyle M Duyck,0
Tillamook,FAIRVIEW,Governor,,R,Kyle M Duyck,2
Tillamook,FOLEY,Governor,,R,Kyle M Duyck,0
Tillamook,GARIBALDI,Governor,,R,Kyle M Duyck,1
Tillamook,HEBO,Governor,,R,Kyle M Duyck,0
Tillamook,KILCHIS,Governor,,R,Kyle M Duyck,0
Tillamook,MAPLELEAF,Governor,,R,Kyle M Duyck,0
Tillamook,NEHALEM,Governor,,R,Kyle M Duyck,2
Tillamook,NESKOWIN,Governor,,R,Kyle M Duyck,0
Tillamook,NETARTS,Governor,,R,Kyle M Duyck,1
Tillamook,OCEANSIDE,Governor,,R,Kyle M Duyck,0
Tillamook,PINE GROVE,Governor,,R,Kyle M Duyck,1
Tillamook,ROCKAWAY,Governor,,R,Kyle M Duyck,1
Tillamook,SOUTH PRAIRIE EAST,Governor,,R,Kyle M Duyck,0
Tillamook,SOUTH PRAIRIE WEST,Governor,,R,Kyle M Duyck,0
Tillamook,TILLAMOOK #1,Governor,,R,Kyle M Duyck,1
Tillamook,TILLAMOOK #2,Governor,,R,Kyle M Duyck,0
Tillamook,TILLAMOOK #3,Governor,,R,Kyle M Duyck,0
Tillamook,TILLAMOOK #4,Governor,,R,Kyle M Duyck,1
Tillamook,TILLAMOOK #5,Governor,,R,Kyle M Duyck,0
Tillamook,TILLAMOOK #6,Governor,,R,Kyle M Duyck,0
Tillamook,TRASK,Governor,,R,Kyle M Duyck,0
Tillamook,UNION,Governor,,R,Kyle M Duyck,2
Tillamook,WESTSIDE,Governor,,R,Kyle M Duyck,1
Tillamook,WHEELER,Governor,,R,Kyle M Duyck,0
Tillamook,BAY,Governor,,R,Martin Ward,0
Tillamook,BEAVER,Governor,,R,Martin Ward,0
Tillamook,CARNAHAN,Governor,,R,Martin Ward,0
Tillamook,CLOVERDALE,Governor,,R,Martin Ward,0
Tillamook,EASTSIDE,Governor,,R,Martin Ward,0
Tillamook,FAIRVIEW,Governor,,R,Martin Ward,0
Tillamook,FOLEY,Governor,,R,Martin Ward,0
Tillamook,GARIBALDI,Governor,,R,Martin Ward,0
Tillamook,HEBO,Governor,,R,Martin Ward,0
Tillamook,KILCHIS,Governor,,R,Martin Ward,0
Tillamook,MAPLELEAF,Governor,,R,Martin Ward,0
Tillamook,NEHALEM,Governor,,R,Martin Ward,0
Tillamook,NESKOWIN,Governor,,R,Martin Ward,0
Tillamook,NETARTS,Governor,,R,Martin Ward,0
Tillamook,OCEANSIDE,Governor,,R,Martin Ward,0
Tillamook,PINE GROVE,Governor,,R,Martin Ward,0
Tillamook,ROCKAWAY,Governor,,R,Martin Ward,0
Tillamook,SOUTH PRAIRIE EAST,Governor,,R,Martin Ward,0
Tillamook,SOUTH PRAIRIE WEST,Governor,,R,Martin Ward,1
Tillamook,TILLAMOOK #1,Governor,,R,Martin Ward,0
Tillamook,TILLAMOOK #2,Governor,,R,Martin Ward,0
Tillamook,TILLAMOOK #3,Governor,,R,Martin Ward,0
Tillamook,TILLAMOOK #4,Governor,,R,Martin Ward,0
Tillamook,TILLAMOOK #5,Governor,,R,Martin Ward,0
Tillamook,TILLAMOOK #6,Governor,,R,Martin Ward,0
Tillamook,TRASK,Governor,,R,Martin Ward,0
Tillamook,UNION,Governor,,R,Martin Ward,0
Tillamook,WESTSIDE,Governor,,R,Martin Ward,0
Tillamook,WHEELER,Governor,,R,Martin Ward,0
Tillamook,BAY,Governor,,R,Over Votes,0
Tillamook,BEAVER,Governor,,R,Over Votes,0
Tillamook,CARNAHAN,Governor,,R,Over Votes,0
Tillamook,CLOVERDALE,Governor,,R,Over Votes,0
Tillamook,EASTSIDE,Governor,,R,Over Votes,0
Tillamook,FAIRVIEW,Governor,,R,Over Votes,0
Tillamook,FOLEY,Governor,,R,Over Votes,0
Tillamook,GARIBALDI,Governor,,R,Over Votes,0
Tillamook,HEBO,Governor,,R,Over Votes,0
Tillamook,KILCHIS,Governor,,R,Over Votes,0
Tillamook,MAPLELEAF,Governor,,R,Over Votes,0
Tillamook,NEHALEM,Governor,,R,Over Votes,0
Tillamook,NESKOWIN,Governor,,R,Over Votes,0
Tillamook,NETARTS,Governor,,R,Over Votes,0
Tillamook,OCEANSIDE,Governor,,R,Over Votes,0
Tillamook,PINE GROVE,Governor,,R,Over Votes,1
Tillamook,ROCKAWAY,Governor,,R,Over Votes,0
Tillamook,SOUTH PRAIRIE EAST,Governor,,R,Over Votes,0
Tillamook,SOUTH PRAIRIE WEST,Governor,,R,Over Votes,0
Tillamook,TILLAMOOK #1,Governor,,R,Over Votes,0
Tillamook,TILLAMOOK #2,Governor,,R,Over Votes,0
Tillamook,TILLAMOOK #3,Governor,,R,Over Votes,0
Tillamook,TILLAMOOK #4,Governor,,R,Over Votes,0
Tillamook,TILLAMOOK #5,Governor,,R,Over Votes,0
Tillamook,TILLAMOOK #6,Governor,,R,Over Votes,0
Tillamook,TRASK,Governor,,R,Over Votes,0
Tillamook,UNION,Governor,,R,Over Votes,0
Tillamook,WESTSIDE,Governor,,R,Over Votes,0
Tillamook,WHEELER,Governor,,R,Over Votes,0
Tillamook,BAY,Governor,,R,Paul J Romero Jr,0
Tillamook,BEAVER,Governor,,R,Paul J Romero Jr,0
Tillamook,CARNAHAN,Governor,,R,Paul J Romero Jr,0
Tillamook,CLOVERDALE,Governor,,R,Paul J Romero Jr,0
Tillamook,EASTSIDE,Governor,,R,Paul J Romero Jr,0
Tillamook,FAIRVIEW,Governor,,R,Paul J Romero Jr,1
Tillamook,FOLEY,Governor,,R,Paul J Romero Jr,1
Tillamook,GARIBALDI,Governor,,R,Paul J Romero Jr,3
Tillamook,HEBO,Governor,,R,Paul J Romero Jr,0
Tillamook,KILCHIS,Governor,,R,Paul J Romero Jr,1
Tillamook,MAPLELEAF,Governor,,R,Paul J Romero Jr,0
Tillamook,NEHALEM,Governor,,R,Paul J Romero Jr,1
Tillamook,NESKOWIN,Governor,,R,Paul J Romero Jr,0
Tillamook,NETARTS,Governor,,R,Paul J Romero Jr,0
Tillamook,OCEANSIDE,Governor,,R,Paul J Romero Jr,0
Tillamook,PINE GROVE,Governor,,R,Paul J Romero Jr,2
Tillamook,ROCKAWAY,Governor,,R,Paul J Romero Jr,0
Tillamook,SOUTH PRAIRIE EAST,Governor,,R,Paul J Romero Jr,1
Tillamook,SOUTH PRAIRIE WEST,Governor,,R,Paul J Romero Jr,0
Tillamook,TILLAMOOK #1,Governor,,R,Paul J Romero Jr,0
Tillamook,TILLAMOOK #2,Governor,,R,Paul J Romero Jr,0
Tillamook,TILLAMOOK #3,Governor,,R,Paul J Romero Jr,0
Tillamook,TILLAMOOK #4,Governor,,R,Paul J Romero Jr,0
Tillamook,TILLAMOOK #5,Governor,,R,Paul J Romero Jr,0
Tillamook,TILLAMOOK #6,Governor,,R,Paul J Romero Jr,0
Tillamook,TRASK,Governor,,R,Paul J Romero Jr,0
Tillamook,UNION,Governor,,R,Paul J Romero Jr,1
Tillamook,WESTSIDE,Governor,,R,Paul J Romero Jr,0
Tillamook,WHEELER,Governor,,R,Paul J Romero Jr,0
Tillamook,BAY,Governor,,R,Robert Neuman,1
Tillamook,BEAVER,Governor,,R,Robert Neuman,2
Tillamook,CARNAHAN,Governor,,R,Robert Neuman,0
Tillamook,CLOVERDALE,Governor,,R,Robert Neuman,0
Tillamook,EASTSIDE,Governor,,R,Robert Neuman,0
Tillamook,FAIRVIEW,Governor,,R,Robert Neuman,1
Tillamook,FOLEY,Governor,,R,Robert Neuman,0
Tillamook,GARIBALDI,Governor,,R,Robert Neuman,3
Tillamook,HEBO,Governor,,R,Robert Neuman,0
Tillamook,KILCHIS,Governor,,R,Robert Neuman,0
Tillamook,MAPLELEAF,Governor,,R,Robert Neuman,0
Tillamook,NEHALEM,Governor,,R,Robert Neuman,0
Tillamook,NESKOWIN,Governor,,R,Robert Neuman,0
Tillamook,NETARTS,Governor,,R,Robert Neuman,0
Tillamook,OCEANSIDE,Governor,,R,Robert Neuman,0
Tillamook,PINE GROVE,Governor,,R,Robert Neuman,0
Tillamook,ROCKAWAY,Governor,,R,Robert Neuman,1
Tillamook,SOUTH PRAIRIE EAST,Governor,,R,Robert Neuman,0
Tillamook,SOUTH PRAIRIE WEST,Governor,,R,Robert Neuman,0
Tillamook,TILLAMOOK #1,Governor,,R,Robert Neuman,1
Tillamook,TILLAMOOK #2,Governor,,R,Robert Neuman,0
Tillamook,TILLAMOOK #3,Governor,,R,Robert Neuman,0
Tillamook,TILLAMOOK #4,Governor,,R,Robert Neuman,0
Tillamook,TILLAMOOK #5,Governor,,R,Robert Neuman,0
Tillamook,TILLAMOOK #6,Governor,,R,Robert Neuman,0
Tillamook,TRASK,Governor,,R,Robert Neuman,0
Tillamook,UNION,Governor,,R,Robert Neuman,1
Tillamook,WESTSIDE,Governor,,R,Robert Neuman,0
Tillamook,WHEELER,Governor,,R,Robert Neuman,0
Tillamook,BAY,Governor,,R,Tim O Youker,0
Tillamook,BEAVER,Governor,,R,Tim O Youker,0
Tillamook,CARNAHAN,Governor,,R,Tim O Youker,0
Tillamook,CLOVERDALE,Governor,,R,Tim O Youker,0
Tillamook,EASTSIDE,Governor,,R,Tim O Youker,0
Tillamook,FAIRVIEW,Governor,,R,Tim O Youker,1
Tillamook,FOLEY,Governor,,R,Tim O Youker,0
Tillamook,GARIBALDI,Governor,,R,Tim O Youker,0
Tillamook,HEBO,Governor,,R,Tim O Youker,0
Tillamook,KILCHIS,Governor,,R,Tim O Youker,1
Tillamook,MAPLELEAF,Governor,,R,Tim O Youker,0
Tillamook,NEHALEM,Governor,,R,Tim O Youker,0
Tillamook,NESKOWIN,Governor,,R,Tim O Youker,0
Tillamook,NETARTS,Governor,,R,Tim O Youker,0
Tillamook,OCEANSIDE,Governor,,R,Tim O Youker,0
Tillamook,PINE GROVE,Governor,,R,Tim O Youker,0
Tillamook,ROCKAWAY,Governor,,R,Tim O Youker,0
Tillamook,SOUTH PRAIRIE EAST,Governor,,R,Tim O Youker,0
Tillamook,SOUTH PRAIRIE WEST,Governor,,R,Tim O Youker,0
Tillamook,TILLAMOOK #1,Governor,,R,Tim O Youker,0
Tillamook,TILLAMOOK #2,Governor,,R,Tim O Youker,0
Tillamook,TILLAMOOK #3,Governor,,R,Tim O Youker,0
Tillamook,TILLAMOOK #4,Governor,,R,Tim O Youker,0
Tillamook,TILLAMOOK #5,Governor,,R,Tim O Youker,0
Tillamook,TILLAMOOK #6,Governor,,R,Tim O Youker,0
Tillamook,TRASK,Governor,,R,Tim O Youker,0
Tillamook,UNION,Governor,,R,Tim O Youker,0
Tillamook,WESTSIDE,Governor,,R,Tim O Youker,0
Tillamook,WHEELER,Governor,,R,Tim O Youker,0
Tillamook,BAY,Governor,,R,Under Votes,4
Tillamook,BEAVER,Governor,,R,Under Votes,2
Tillamook,CARNAHAN,Governor,,R,Under Votes,4
Tillamook,CLOVERDALE,Governor,,R,Under Votes,3
Tillamook,EASTSIDE,Governor,,R,Under Votes,1
Tillamook,FAIRVIEW,Governor,,R,Under Votes,12
Tillamook,FOLEY,Governor,,R,Under Votes,0
Tillamook,GARIBALDI,Governor,,R,Under Votes,7
Tillamook,HEBO,Governor,,R,Under Votes,5
Tillamook,KILCHIS,Governor,,R,Under Votes,6
Tillamook,MAPLELEAF,Governor,,R,Under Votes,5
Tillamook,NEHALEM,Governor,,R,Under Votes,2
Tillamook,NESKOWIN,Governor,,R,Under Votes,2
Tillamook,NETARTS,Governor,,R,Under Votes,4
Tillamook,OCEANSIDE,Governor,,R,Under Votes,0
Tillamook,PINE GROVE,Governor,,R,Under Votes,8
Tillamook,ROCKAWAY,Governor,,R,Under Votes,6
Tillamook,SOUTH PRAIRIE EAST,Governor,,R,Under Votes,6
Tillamook,SOUTH PRAIRIE WEST,Governor,,R,Under Votes,2
Tillamook,TILLAMOOK #1,Governor,,R,Under Votes,1
Tillamook,TILLAMOOK #2,Governor,,R,Under Votes,2
Tillamook,TILLAMOOK #3,Governor,,R,Under Votes,2
Tillamook,TILLAMOOK #4,Governor,,R,Under Votes,1
Tillamook,TILLAMOOK #5,Governor,,R,Under Votes,2
Tillamook,TILLAMOOK #6,Governor,,R,Under Votes,0
Tillamook,TRASK,Governor,,R,Under Votes,2
Tillamook,UNION,Governor,,R,Under Votes,7
Tillamook,WESTSIDE,Governor,,R,Under Votes,0
Tillamook,WHEELER,Governor,,R,Under Votes,0
Tillamook,BAY,Governor,,R,Wen Waddell,0
Tillamook,BEAVER,Governor,,R,Wen Waddell,0
Tillamook,CARNAHAN,Governor,,R,Wen Waddell,1
Tillamook,CLOVERDALE,Governor,,R,Wen Waddell,0
Tillamook,EASTSIDE,Governor,,R,Wen Waddell,0
Tillamook,FAIRVIEW,Governor,,R,Wen Waddell,1
Tillamook,FOLEY,Governor,,R,Wen Waddell,1
Tillamook,GARIBALDI,Governor,,R,Wen Waddell,0
Tillamook,HEBO,Governor,,R,Wen Waddell,0
Tillamook,KILCHIS,Governor,,R,Wen Waddell,0
Tillamook,MAPLELEAF,Governor,,R,Wen Waddell,0
Tillamook,NEHALEM,Governor,,R,Wen Waddell,0
Tillamook,NESKOWIN,Governor,,R,Wen Waddell,0
Tillamook,NETARTS,Governor,,R,Wen Waddell,0
Tillamook,OCEANSIDE,Governor,,R,Wen Waddell,0
Tillamook,PINE GROVE,Governor,,R,Wen Waddell,1
Tillamook,ROCKAWAY,Governor,,R,Wen Waddell,0
Tillamook,SOUTH PRAIRIE EAST,Governor,,R,Wen Waddell,0
Tillamook,SOUTH PRAIRIE WEST,Governor,,R,Wen Waddell,0
Tillamook,TILLAMOOK #1,Governor,,R,Wen Waddell,0
Tillamook,TILLAMOOK #2,Governor,,R,Wen Waddell,0
Tillamook,TILLAMOOK #3,Governor,,R,Wen Waddell,0
Tillamook,TILLAMOOK #4,Governor,,R,Wen Waddell,1
Tillamook,TILLAMOOK #5,Governor,,R,Wen Waddell,0
Tillamook,TILLAMOOK #6,Governor,,R,Wen Waddell,0
Tillamook,TRASK,Governor,,R,Wen Waddell,1
Tillamook,UNION,Governor,,R,Wen Waddell,0
Tillamook,WESTSIDE,Governor,,R,Wen Waddell,0
Tillamook,WHEELER,Governor,,R,Wen Waddell,0
Tillamook,BAY,Governor,,R,Write-ins,1
Tillamook,BEAVER,Governor,,R,Write-ins,2
Tillamook,CARNAHAN,Governor,,R,Write-ins,0
Tillamook,CLOVERDALE,Governor,,R,Write-ins,0
Tillamook,EASTSIDE,Governor,,R,Write-ins,0
Tillamook,FAIRVIEW,Governor,,R,Write-ins,1
Tillamook,FOLEY,Governor,,R,Write-ins,1
Tillamook,GARIBALDI,Governor,,R,Write-ins,0
Tillamook,HEBO,Governor,,R,Write-ins,0
Tillamook,KILCHIS,Governor,,R,Write-ins,0
Tillamook,MAPLELEAF,Governor,,R,Write-ins,0
Tillamook,NEHALEM,Governor,,R,Write-ins,1
Tillamook,NESKOWIN,Governor,,R,Write-ins,1
Tillamook,NETARTS,Governor,,R,Write-ins,2
Tillamook,OCEANSIDE,Governor,,R,Write-ins,0
Tillamook,PINE GROVE,Governor,,R,Write-ins,2
Tillamook,ROCKAWAY,Governor,,R,Write-ins,1
Tillamook,SOUTH PRAIRIE EAST,Governor,,R,Write-ins,1
Tillamook,SOUTH PRAIRIE WEST,Governor,,R,Write-ins,0
Tillamook,TILLAMOOK #1,Governor,,R,Write-ins,1
Tillamook,TILLAMOOK #2,Governor,,R,Write-ins,1
Tillamook,TILLAMOOK #3,Governor,,R,Write-ins,0
Tillamook,TILLAMOOK #4,Governor,,R,Write-ins,0
Tillamook,TILLAMOOK #5,Governor,,R,Write-ins,0
Tillamook,TILLAMOOK #6,Governor,,R,Write-ins,1
Tillamook,TRASK,Governor,,R,Write-ins,0
Tillamook,UNION,Governor,,R,Write-ins,0
Tillamook,WESTSIDE,Governor,,R,Write-ins,0
Tillamook,WHEELER,Governor,,R,Write-ins,0
Tillamook,BAY,Judge of the Circuit Court,"27th District, Position 2",,Alex Hamalian,300
Tillamook,BEAVER,Judge of the Circuit Court,"27th District, Position 2",,Alex Hamalian,176
Tillamook,CARNAHAN,Judge of the Circuit Court,"27th District, Position 2",,Alex Hamalian,92
Tillamook,CLOVERDALE,Judge of the Circuit Court,"27th District, Position 2",,Alex Hamalian,75
Tillamook,EASTSIDE,Judge of the Circuit Court,"27th District, Position 2",,Alex Hamalian,33
Tillamook,FAIRVIEW,Judge of the Circuit Court,"27th District, Position 2",,Alex Hamalian,346
Tillamook,FOLEY,Judge of the Circuit Court,"27th District, Position 2",,Alex Hamalian,113
Tillamook,GARIBALDI,Judge of the Circuit Court,"27th District, Position 2",,Alex Hamalian,165
Tillamook,HEBO,Judge of the Circuit Court,"27th District, Position 2",,Alex Hamalian,93
Tillamook,KILCHIS,Judge of the Circuit Court,"27th District, Position 2",,Alex Hamalian,142
Tillamook,MAPLELEAF,Judge of the Circuit Court,"27th District, Position 2",,Alex Hamalian,128
Tillamook,NEHALEM,Judge of the Circuit Court,"27th District, Position 2",,Alex Hamalian,112
Tillamook,NESKOWIN,Judge of the Circuit Court,"27th District, Position 2",,Alex Hamalian,152
Tillamook,NETARTS,Judge of the Circuit Court,"27th District, Position 2",,Alex Hamalian,243
Tillamook,OCEANSIDE,Judge of the Circuit Court,"27th District, Position 2",,Alex Hamalian,88
Tillamook,PINE GROVE,Judge of the Circuit Court,"27th District, Position 2",,Alex Hamalian,301
Tillamook,ROCKAWAY,Judge of the Circuit Court,"27th District, Position 2",,Alex Hamalian,293
Tillamook,SOUTH PRAIRIE EAST,Judge of the Circuit Court,"27th District, Position 2",,Alex Hamalian,106
Tillamook,SOUTH PRAIRIE WEST,Judge of the Circuit Court,"27th District, Position 2",,Alex Hamalian,109
Tillamook,TILLAMOOK #1,Judge of the Circuit Court,"27th District, Position 2",,Alex Hamalian,108
Tillamook,TILLAMOOK #2,Judge of the Circuit Court,"27th District, Position 2",,Alex Hamalian,87
Tillamook,TILLAMOOK #3,Judge of the Circuit Court,"27th District, Position 2",,Alex Hamalian,52
Tillamook,TILLAMOOK #4,Judge of the Circuit Court,"27th District, Position 2",,Alex Hamalian,76
Tillamook,TILLAMOOK #5,Judge of the Circuit Court,"27th District, Position 2",,Alex Hamalian,62
Tillamook,TILLAMOOK #6,Judge of the Circuit Court,"27th District, Position 2",,Alex Hamalian,64
Tillamook,TRASK,Judge of the Circuit Court,"27th District, Position 2",,Alex Hamalian,68
Tillamook,UNION,Judge of the Circuit Court,"27th District, Position 2",,Alex Hamalian,282
Tillamook,WESTSIDE,Judge of the Circuit Court,"27th District, Position 2",,Alex Hamalian,72
Tillamook,WHEELER,Judge of the Circuit Court,"27th District, Position 2",,Alex Hamalian,81
Tillamook,BAY,Judge of the Circuit Court,"27th District, Position 2",,Matthew Lyon,246
Tillamook,BEAVER,Judge of the Circuit Court,"27th District, Position 2",,Matthew Lyon,200
Tillamook,CARNAHAN,Judge of the Circuit Court,"27th District, Position 2",,Matthew Lyon,122
Tillamook,CLOVERDALE,Judge of the Circuit Court,"27th District, Position 2",,Matthew Lyon,95
Tillamook,EASTSIDE,Judge of the Circuit Court,"27th District, Position 2",,Matthew Lyon,47
Tillamook,FAIRVIEW,Judge of the Circuit Court,"27th District, Position 2",,Matthew Lyon,336
Tillamook,FOLEY,Judge of the Circuit Court,"27th District, Position 2",,Matthew Lyon,109
Tillamook,GARIBALDI,Judge of the Circuit Court,"27th District, Position 2",,Matthew Lyon,201
Tillamook,HEBO,Judge of the Circuit Court,"27th District, Position 2",,Matthew Lyon,100
Tillamook,KILCHIS,Judge of the Circuit Court,"27th District, Position 2",,Matthew Lyon,127
Tillamook,MAPLELEAF,Judge of the Circuit Court,"27th District, Position 2",,Matthew Lyon,123
Tillamook,NEHALEM,Judge of the Circuit Court,"27th District, Position 2",,Matthew Lyon,145
Tillamook,NESKOWIN,Judge of the Circuit Court,"27th District, Position 2",,Matthew Lyon,192
Tillamook,NETARTS,Judge of the Circuit Court,"27th District, Position 2",,Matthew Lyon,218
Tillamook,OCEANSIDE,Judge of the Circuit Court,"27th District, Position 2",,Matthew Lyon,106
Tillamook,PINE GROVE,Judge of the Circuit Court,"27th District, Position 2",,Matthew Lyon,466
Tillamook,ROCKAWAY,Judge of the Circuit Court,"27th District, Position 2",,Matthew Lyon,295
Tillamook,SOUTH PRAIRIE EAST,Judge of the Circuit Court,"27th District, Position 2",,Matthew Lyon,150
Tillamook,SOUTH PRAIRIE WEST,Judge of the Circuit Court,"27th District, Position 2",,Matthew Lyon,151
Tillamook,TILLAMOOK #1,Judge of the Circuit Court,"27th District, Position 2",,Matthew Lyon,118
Tillamook,TILLAMOOK #2,Judge of the Circuit Court,"27th District, Position 2",,Matthew Lyon,86
Tillamook,TILLAMOOK #3,Judge of the Circuit Court,"27th District, Position 2",,Matthew Lyon,86
Tillamook,TILLAMOOK #4,Judge of the Circuit Court,"27th District, Position 2",,Matthew Lyon,116
Tillamook,TILLAMOOK #5,Judge of the Circuit Court,"27th District, Position 2",,Matthew Lyon,71
Tillamook,TILLAMOOK #6,Judge of the Circuit Court,"27th District, Position 2",,Matthew Lyon,84
Tillamook,TRASK,Judge of the Circuit Court,"27th District, Position 2",,Matthew Lyon,63
Tillamook,UNION,Judge of the Circuit Court,"27th District, Position 2",,Matthew Lyon,245
Tillamook,WESTSIDE,Judge of the Circuit Court,"27th District, Position 2",,Matthew Lyon,84
Tillamook,WHEELER,Judge of the Circuit Court,"27th District, Position 2",,Matthew Lyon,108
Tillamook,BAY,Judge of the Circuit Court,"27th District, Position 2",,Over Votes,0
Tillamook,BEAVER,Judge of the Circuit Court,"27th District, Position 2",,Over Votes,0
Tillamook,CARNAHAN,Judge of the Circuit Court,"27th District, Position 2",,Over Votes,0
Tillamook,CLOVERDALE,Judge of the Circuit Court,"27th District, Position 2",,Over Votes,0
Tillamook,EASTSIDE,Judge of the Circuit Court,"27th District, Position 2",,Over Votes,0
Tillamook,FAIRVIEW,Judge of the Circuit Court,"27th District, Position 2",,Over Votes,0
Tillamook,FOLEY,Judge of the Circuit Court,"27th District, Position 2",,Over Votes,0
Tillamook,GARIBALDI,Judge of the Circuit Court,"27th District, Position 2",,Over Votes,0
Tillamook,HEBO,Judge of the Circuit Court,"27th District, Position 2",,Over Votes,0
Tillamook,KILCHIS,Judge of the Circuit Court,"27th District, Position 2",,Over Votes,0
Tillamook,MAPLELEAF,Judge of the Circuit Court,"27th District, Position 2",,Over Votes,0
Tillamook,NEHALEM,Judge of the Circuit Court,"27th District, Position 2",,Over Votes,0
Tillamook,NESKOWIN,Judge of the Circuit Court,"27th District, Position 2",,Over Votes,0
Tillamook,NETARTS,Judge of the Circuit Court,"27th District, Position 2",,Over Votes,1
Tillamook,OCEANSIDE,Judge of the Circuit Court,"27th District, Position 2",,Over Votes,0
Tillamook,PINE GROVE,Judge of the Circuit Court,"27th District, Position 2",,Over Votes,0
Tillamook,ROCKAWAY,Judge of the Circuit Court,"27th District, Position 2",,Over Votes,0
Tillamook,SOUTH PRAIRIE EAST,Judge of the Circuit Court,"27th District, Position 2",,Over Votes,0
Tillamook,SOUTH PRAIRIE WEST,Judge of the Circuit Court,"27th District, Position 2",,Over Votes,0
Tillamook,TILLAMOOK #1,Judge of the Circuit Court,"27th District, Position 2",,Over Votes,0
Tillamook,TILLAMOOK #2,Judge of the Circuit Court,"27th District, Position 2",,Over Votes,0
Tillamook,TILLAMOOK #3,Judge of the Circuit Court,"27th District, Position 2",,Over Votes,0
Tillamook,TILLAMOOK #4,Judge of the Circuit Court,"27th District, Position 2",,Over Votes,0
Tillamook,TILLAMOOK #5,Judge of the Circuit Court,"27th District, Position 2",,Over Votes,0
Tillamook,TILLAMOOK #6,Judge of the Circuit Court,"27th District, Position 2",,Over Votes,0
Tillamook,TRASK,Judge of the Circuit Court,"27th District, Position 2",,Over Votes,0
Tillamook,UNION,Judge of the Circuit Court,"27th District, Position 2",,Over Votes,0
Tillamook,WESTSIDE,Judge of the Circuit Court,"27th District, Position 2",,Over Votes,0
Tillamook,WHEELER,Judge of the Circuit Court,"27th District, Position 2",,Over Votes,1
Tillamook,BAY,Judge of the Circuit Court,"27th District, Position 2",,Under Votes,136
Tillamook,BEAVER,Judge of the Circuit Court,"27th District, Position 2",,Under Votes,88
Tillamook,CARNAHAN,Judge of the Circuit Court,"27th District, Position 2",,Under Votes,50
Tillamook,CLOVERDALE,Judge of the Circuit Court,"27th District, Position 2",,Under Votes,52
Tillamook,EASTSIDE,Judge of the Circuit Court,"27th District, Position 2",,Under Votes,11
Tillamook,FAIRVIEW,Judge of the Circuit Court,"27th District, Position 2",,Under Votes,145
Tillamook,FOLEY,Judge of the Circuit Court,"27th District, Position 2",,Under Votes,69
Tillamook,GARIBALDI,Judge of the Circuit Court,"27th District, Position 2",,Under Votes,116
Tillamook,HEBO,Judge of the Circuit Court,"27th District, Position 2",,Under Votes,45
Tillamook,KILCHIS,Judge of the Circuit Court,"27th District, Position 2",,Under Votes,54
Tillamook,MAPLELEAF,Judge of the Circuit Court,"27th District, Position 2",,Under Votes,66
Tillamook,NEHALEM,Judge of the Circuit Court,"27th District, Position 2",,Under Votes,68
Tillamook,NESKOWIN,Judge of the Circuit Court,"27th District, Position 2",,Under Votes,110
Tillamook,NETARTS,Judge of the Circuit Court,"27th District, Position 2",,Under Votes,86
Tillamook,OCEANSIDE,Judge of the Circuit Court,"27th District, Position 2",,Under Votes,51
Tillamook,PINE GROVE,Judge of the Circuit Court,"27th District, Position 2",,Under Votes,285
Tillamook,ROCKAWAY,Judge of the Circuit Court,"27th District, Position 2",,Under Votes,169
Tillamook,SOUTH PRAIRIE EAST,Judge of the Circuit Court,"27th District, Position 2",,Under Votes,56
Tillamook,SOUTH PRAIRIE WEST,Judge of the Circuit Court,"27th District, Position 2",,Under Votes,43
Tillamook,TILLAMOOK #1,Judge of the Circuit Court,"27th District, Position 2",,Under Votes,35
Tillamook,TILLAMOOK #2,Judge of the Circuit Court,"27th District, Position 2",,Under Votes,29
Tillamook,TILLAMOOK #3,Judge of the Circuit Court,"27th District, Position 2",,Under Votes,22
Tillamook,TILLAMOOK #4,Judge of the Circuit Court,"27th District, Position 2",,Under Votes,26
Tillamook,TILLAMOOK #5,Judge of the Circuit Court,"27th District, Position 2",,Under Votes,39
Tillamook,TILLAMOOK #6,Judge of the Circuit Court,"27th District, Position 2",,Under Votes,27
Tillamook,TRASK,Judge of the Circuit Court,"27th District, Position 2",,Under Votes,17
Tillamook,UNION,Judge of the Circuit Court,"27th District, Position 2",,Under Votes,181
Tillamook,WESTSIDE,Judge of the Circuit Court,"27th District, Position 2",,Under Votes,35
Tillamook,WHEELER,Judge of the Circuit Court,"27th District, Position 2",,Under Votes,73
Tillamook,BAY,Judge of the Circuit Court,"27th District, Position 2",,Write-ins,0
Tillamook,BEAVER,Judge of the Circuit Court,"27th District, Position 2",,Write-ins,2
Tillamook,CARNAHAN,Judge of the Circuit Court,"27th District, Position 2",,Write-ins,1
Tillamook,CLOVERDALE,Judge of the Circuit Court,"27th District, Position 2",,Write-ins,1
Tillamook,EASTSIDE,Judge of the Circuit Court,"27th District, Position 2",,Write-ins,0
Tillamook,FAIRVIEW,Judge of the Circuit Court,"27th District, Position 2",,Write-ins,10
Tillamook,FOLEY,Judge of the Circuit Court,"27th District, Position 2",,Write-ins,2
Tillamook,GARIBALDI,Judge of the Circuit Court,"27th District, Position 2",,Write-ins,2
Tillamook,HEBO,Judge of the Circuit Court,"27th District, Position 2",,Write-ins,0
Tillamook,KILCHIS,Judge of the Circuit Court,"27th District, Position 2",,Write-ins,1
Tillamook,MAPLELEAF,Judge of the Circuit Court,"27th District, Position 2",,Write-ins,3
Tillamook,NEHALEM,Judge of the Circuit Court,"27th District, Position 2",,Write-ins,4
Tillamook,NESKOWIN,Judge of the Circuit Court,"27th District, Position 2",,Write-ins,2
Tillamook,NETARTS,Judge of the Circuit Court,"27th District, Position 2",,Write-ins,7
Tillamook,OCEANSIDE,Judge of the Circuit Court,"27th District, Position 2",,Write-ins,0
Tillamook,PINE GROVE,Judge of the Circuit Court,"27th District, Position 2",,Write-ins,2
Tillamook,ROCKAWAY,Judge of the Circuit Court,"27th District, Position 2",,Write-ins,5
Tillamook,SOUTH PRAIRIE EAST,Judge of the Circuit Court,"27th District, Position 2",,Write-ins,1
Tillamook,SOUTH PRAIRIE WEST,Judge of the Circuit Court,"27th District, Position 2",,Write-ins,2
Tillamook,TILLAMOOK #1,Judge of the Circuit Court,"27th District, Position 2",,Write-ins,0
Tillamook,TILLAMOOK #2,Judge of the Circuit Court,"27th District, Position 2",,Write-ins,2
Tillamook,TILLAMOOK #3,Judge of the Circuit Court,"27th District, Position 2",,Write-ins,3
Tillamook,TILLAMOOK #4,Judge of the Circuit Court,"27th District, Position 2",,Write-ins,1
Tillamook,TILLAMOOK #5,Judge of the Circuit Court,"27th District, Position 2",,Write-ins,2
Tillamook,TILLAMOOK #6,Judge of the Circuit Court,"27th District, Position 2",,Write-ins,0
Tillamook,TRASK,Judge of the Circuit Court,"27th District, Position 2",,Write-ins,2
Tillamook,UNION,Judge of the Circuit Court,"27th District, Position 2",,Write-ins,7
Tillamook,WESTSIDE,Judge of the Circuit Court,"27th District, Position 2",,Write-ins,1
Tillamook,WHEELER,Judge of the Circuit Court,"27th District, Position 2",,Write-ins,2
Tillamook,BAY,Judge of the Court of Appeals,Position 1,,Over Votes,0
Tillamook,BEAVER,Judge of the Court of Appeals,Position 1,,Over Votes,0
Tillamook,CARNAHAN,Judge of the Court of Appeals,Position 1,,Over Votes,0
Tillamook,CLOVERDALE,Judge of the Court of Appeals,Position 1,,Over Votes,0
Tillamook,EASTSIDE,Judge of the Court of Appeals,Position 1,,Over Votes,0
Tillamook,FAIRVIEW,Judge of the Court of Appeals,Position 1,,Over Votes,0
Tillamook,FOLEY,Judge of the Court of Appeals,Position 1,,Over Votes,0
Tillamook,GARIBALDI,Judge of the Court of Appeals,Position 1,,Over Votes,0
Tillamook,HEBO,Judge of the Court of Appeals,Position 1,,Over Votes,0
Tillamook,KILCHIS,Judge of the Court of Appeals,Position 1,,Over Votes,0
Tillamook,MAPLELEAF,Judge of the Court of Appeals,Position 1,,Over Votes,0
Tillamook,NEHALEM,Judge of the Court of Appeals,Position 1,,Over Votes,0
Tillamook,NESKOWIN,Judge of the Court of Appeals,Position 1,,Over Votes,0
Tillamook,NETARTS,Judge of the Court of Appeals,Position 1,,Over Votes,0
Tillamook,OCEANSIDE,Judge of the Court of Appeals,Position 1,,Over Votes,0
Tillamook,PINE GROVE,Judge of the Court of Appeals,Position 1,,Over Votes,0
Tillamook,ROCKAWAY,Judge of the Court of Appeals,Position 1,,Over Votes,0
Tillamook,SOUTH PRAIRIE EAST,Judge of the Court of Appeals,Position 1,,Over Votes,0
Tillamook,SOUTH PRAIRIE WEST,Judge of the Court of Appeals,Position 1,,Over Votes,0
Tillamook,TILLAMOOK #1,Judge of the Court of Appeals,Position 1,,Over Votes,0
Tillamook,TILLAMOOK #2,Judge of the Court of Appeals,Position 1,,Over Votes,0
Tillamook,TILLAMOOK #3,Judge of the Court of Appeals,Position 1,,Over Votes,0
Tillamook,TILLAMOOK #4,Judge of the Court of Appeals,Position 1,,Over Votes,0
Tillamook,TILLAMOOK #5,Judge of the Court of Appeals,Position 1,,Over Votes,0
Tillamook,TILLAMOOK #6,Judge of the Court of Appeals,Position 1,,Over Votes,0
Tillamook,TRASK,Judge of the Court of Appeals,Position 1,,Over Votes,0
Tillamook,UNION,Judge of the Court of Appeals,Position 1,,Over Votes,0
Tillamook,WESTSIDE,Judge of the Court of Appeals,Position 1,,Over Votes,0
Tillamook,WHEELER,Judge of the Court of Appeals,Position 1,,Over Votes,0
Tillamook,BAY,Judge of the Court of Appeals,Position 1,,Ryan T. O'Connor,382
Tillamook,BEAVER,Judge of the Court of Appeals,Position 1,,Ryan T. O'Connor,229
Tillamook,CARNAHAN,Judge of the Court of Appeals,Position 1,,Ryan T. O'Connor,117
Tillamook,CLOVERDALE,Judge of the Court of Appeals,Position 1,,Ryan T. O'Connor,108
Tillamook,EASTSIDE,Judge of the Court of Appeals,Position 1,,Ryan T. O'Connor,46
Tillamook,FAIRVIEW,Judge of the Court of Appeals,Position 1,,Ryan T. O'Connor,429
Tillamook,FOLEY,Judge of the Court of Appeals,Position 1,,Ryan T. O'Connor,137
Tillamook,GARIBALDI,Judge of the Court of Appeals,Position 1,,Ryan T. O'Connor,236
Tillamook,HEBO,Judge of the Court of Appeals,Position 1,,Ryan T. O'Connor,118
Tillamook,KILCHIS,Judge of the Court of Appeals,Position 1,,Ryan T. O'Connor,164
Tillamook,MAPLELEAF,Judge of the Court of Appeals,Position 1,,Ryan T. O'Connor,153
Tillamook,NEHALEM,Judge of the Court of Appeals,Position 1,,Ryan T. O'Connor,175
Tillamook,NESKOWIN,Judge of the Court of Appeals,Position 1,,Ryan T. O'Connor,243
Tillamook,NETARTS,Judge of the Court of Appeals,Position 1,,Ryan T. O'Connor,300
Tillamook,OCEANSIDE,Judge of the Court of Appeals,Position 1,,Ryan T. O'Connor,120
Tillamook,PINE GROVE,Judge of the Court of Appeals,Position 1,,Ryan T. O'Connor,568
Tillamook,ROCKAWAY,Judge of the Court of Appeals,Position 1,,Ryan T. O'Connor,405
Tillamook,SOUTH PRAIRIE EAST,Judge of the Court of Appeals,Position 1,,Ryan T. O'Connor,129
Tillamook,SOUTH PRAIRIE WEST,Judge of the Court of Appeals,Position 1,,Ryan T. O'Connor,132
Tillamook,TILLAMOOK #1,Judge of the Court of Appeals,Position 1,,Ryan T. O'Connor,151
Tillamook,TILLAMOOK #2,Judge of the Court of Appeals,Position 1,,Ryan T. O'Connor,125
Tillamook,TILLAMOOK #3,Judge of the Court of Appeals,Position 1,,Ryan T. O'Connor,93
Tillamook,TILLAMOOK #4,Judge of the Court of Appeals,Position 1,,Ryan T. O'Connor,123
Tillamook,TILLAMOOK #5,Judge of the Court of Appeals,Position 1,,Ryan T. O'Connor,97
Tillamook,TILLAMOOK #6,Judge of the Court of Appeals,Position 1,,Ryan T. O'Connor,96
Tillamook,TRASK,Judge of the Court of Appeals,Position 1,,Ryan T. O'Connor,76
Tillamook,UNION,Judge of the Court of Appeals,Position 1,,Ryan T. O'Connor,366
Tillamook,WESTSIDE,Judge of the Court of Appeals,Position 1,,Ryan T. O'Connor,103
Tillamook,WHEELER,Judge of the Court of Appeals,Position 1,,Ryan T. O'Connor,129
Tillamook,BAY,Judge of the Court of Appeals,Position 1,,Under Votes,291
Tillamook,BEAVER,Judge of the Court of Appeals,Position 1,,Under Votes,220
Tillamook,CARNAHAN,Judge of the Court of Appeals,Position 1,,Under Votes,139
Tillamook,CLOVERDALE,Judge of the Court of Appeals,Position 1,,Under Votes,110
Tillamook,EASTSIDE,Judge of the Court of Appeals,Position 1,,Under Votes,44
Tillamook,FAIRVIEW,Judge of the Court of Appeals,Position 1,,Under Votes,382
Tillamook,FOLEY,Judge of the Court of Appeals,Position 1,,Under Votes,152
Tillamook,GARIBALDI,Judge of the Court of Appeals,Position 1,,Under Votes,245
Tillamook,HEBO,Judge of the Court of Appeals,Position 1,,Under Votes,112
Tillamook,KILCHIS,Judge of the Court of Appeals,Position 1,,Under Votes,154
Tillamook,MAPLELEAF,Judge of the Court of Appeals,Position 1,,Under Votes,158
Tillamook,NEHALEM,Judge of the Court of Appeals,Position 1,,Under Votes,152
Tillamook,NESKOWIN,Judge of the Court of Appeals,Position 1,,Under Votes,206
Tillamook,NETARTS,Judge of the Court of Appeals,Position 1,,Under Votes,239
Tillamook,OCEANSIDE,Judge of the Court of Appeals,Position 1,,Under Votes,123
Tillamook,PINE GROVE,Judge of the Court of Appeals,Position 1,,Under Votes,477
Tillamook,ROCKAWAY,Judge of the Court of Appeals,Position 1,,Under Votes,352
Tillamook,SOUTH PRAIRIE EAST,Judge of the Court of Appeals,Position 1,,Under Votes,179
Tillamook,SOUTH PRAIRIE WEST,Judge of the Court of Appeals,Position 1,,Under Votes,160
Tillamook,TILLAMOOK #1,Judge of the Court of Appeals,Position 1,,Under Votes,101
Tillamook,TILLAMOOK #2,Judge of the Court of Appeals,Position 1,,Under Votes,70
Tillamook,TILLAMOOK #3,Judge of the Court of Appeals,Position 1,,Under Votes,65
Tillamook,TILLAMOOK #4,Judge of the Court of Appeals,Position 1,,Under Votes,93
Tillamook,TILLAMOOK #5,Judge of the Court of Appeals,Position 1,,Under Votes,70
Tillamook,TILLAMOOK #6,Judge of the Court of Appeals,Position 1,,Under Votes,77
Tillamook,TRASK,Judge of the Court of Appeals,Position 1,,Under Votes,69
Tillamook,UNION,Judge of the Court of Appeals,Position 1,,Under Votes,343
Tillamook,WESTSIDE,Judge of the Court of Appeals,Position 1,,Under Votes,87
Tillamook,WHEELER,Judge of the Court of Appeals,Position 1,,Under Votes,136
Tillamook,BAY,Judge of the Court of Appeals,Position 1,,Write-ins,9
Tillamook,BEAVER,Judge of the Court of Appeals,Position 1,,Write-ins,17
Tillamook,CARNAHAN,Judge of the Court of Appeals,Position 1,,Write-ins,9
Tillamook,CLOVERDALE,Judge of the Court of Appeals,Position 1,,Write-ins,5
Tillamook,EASTSIDE,Judge of the Court of Appeals,Position 1,,Write-ins,1
Tillamook,FAIRVIEW,Judge of the Court of Appeals,Position 1,,Write-ins,26
Tillamook,FOLEY,Judge of the Court of Appeals,Position 1,,Write-ins,4
Tillamook,GARIBALDI,Judge of the Court of Appeals,Position 1,,Write-ins,3
Tillamook,HEBO,Judge of the Court of Appeals,Position 1,,Write-ins,8
Tillamook,KILCHIS,Judge of the Court of Appeals,Position 1,,Write-ins,6
Tillamook,MAPLELEAF,Judge of the Court of Appeals,Position 1,,Write-ins,9
Tillamook,NEHALEM,Judge of the Court of Appeals,Position 1,,Write-ins,2
Tillamook,NESKOWIN,Judge of the Court of Appeals,Position 1,,Write-ins,7
Tillamook,NETARTS,Judge of the Court of Appeals,Position 1,,Write-ins,16
Tillamook,OCEANSIDE,Judge of the Court of Appeals,Position 1,,Write-ins,2
Tillamook,PINE GROVE,Judge of the Court of Appeals,Position 1,,Write-ins,9
Tillamook,ROCKAWAY,Judge of the Court of Appeals,Position 1,,Write-ins,5
Tillamook,SOUTH PRAIRIE EAST,Judge of the Court of Appeals,Position 1,,Write-ins,5
Tillamook,SOUTH PRAIRIE WEST,Judge of the Court of Appeals,Position 1,,Write-ins,13
Tillamook,TILLAMOOK #1,Judge of the Court of Appeals,Position 1,,Write-ins,9
Tillamook,TILLAMOOK #2,Judge of the Court of Appeals,Position 1,,Write-ins,9
Tillamook,TILLAMOOK #3,Judge of the Court of Appeals,Position 1,,Write-ins,5
Tillamook,TILLAMOOK #4,Judge of the Court of Appeals,Position 1,,Write-ins,3
Tillamook,TILLAMOOK #5,Judge of the Court of Appeals,Position 1,,Write-ins,7
Tillamook,TILLAMOOK #6,Judge of the Court of Appeals,Position 1,,Write-ins,2
Tillamook,TRASK,Judge of the Court of Appeals,Position 1,,Write-ins,5
Tillamook,UNION,Judge of the Court of Appeals,Position 1,,Write-ins,6
Tillamook,WESTSIDE,Judge of the Court of Appeals,Position 1,,Write-ins,2
Tillamook,WHEELER,Judge of the Court of Appeals,Position 1,,Write-ins,0
Tillamook,BAY,Judge of the Court of Appeals,Position 12,,Erin C. Lagesen,379
Tillamook,BEAVER,Judge of the Court of Appeals,Position 12,,Erin C. Lagesen,229
Tillamook,CARNAHAN,Judge of the Court of Appeals,Position 12,,Erin C. Lagesen,113
Tillamook,CLOVERDALE,Judge of the Court of Appeals,Position 12,,Erin C. Lagesen,107
Tillamook,EASTSIDE,Judge of the Court of Appeals,Position 12,,Erin C. Lagesen,45
Tillamook,FAIRVIEW,Judge of the Court of Appeals,Position 12,,Erin C. Lagesen,420
Tillamook,FOLEY,Judge of the Court of Appeals,Position 12,,Erin C. Lagesen,137
Tillamook,GARIBALDI,Judge of the Court of Appeals,Position 12,,Erin C. Lagesen,233
Tillamook,HEBO,Judge of the Court of Appeals,Position 12,,Erin C. Lagesen,118
Tillamook,KILCHIS,Judge of the Court of Appeals,Position 12,,Erin C. Lagesen,163
Tillamook,MAPLELEAF,Judge of the Court of Appeals,Position 12,,Erin C. Lagesen,147
Tillamook,NEHALEM,Judge of the Court of Appeals,Position 12,,Erin C. Lagesen,171
Tillamook,NESKOWIN,Judge of the Court of Appeals,Position 12,,Erin C. Lagesen,241
Tillamook,NETARTS,Judge of the Court of Appeals,Position 12,,Erin C. Lagesen,297
Tillamook,OCEANSIDE,Judge of the Court of Appeals,Position 12,,Erin C. Lagesen,127
Tillamook,PINE GROVE,Judge of the Court of Appeals,Position 12,,Erin C. Lagesen,562
Tillamook,ROCKAWAY,Judge of the Court of Appeals,Position 12,,Erin C. Lagesen,410
Tillamook,SOUTH PRAIRIE EAST,Judge of the Court of Appeals,Position 12,,Erin C. Lagesen,129
Tillamook,SOUTH PRAIRIE WEST,Judge of the Court of Appeals,Position 12,,Erin C. Lagesen,133
Tillamook,TILLAMOOK #1,Judge of the Court of Appeals,Position 12,,Erin C. Lagesen,151
Tillamook,TILLAMOOK #2,Judge of the Court of Appeals,Position 12,,Erin C. Lagesen,123
Tillamook,TILLAMOOK #3,Judge of the Court of Appeals,Position 12,,Erin C. Lagesen,93
Tillamook,TILLAMOOK #4,Judge of the Court of Appeals,Position 12,,Erin C. Lagesen,122
Tillamook,TILLAMOOK #5,Judge of the Court of Appeals,Position 12,,Erin C. Lagesen,96
Tillamook,TILLAMOOK #6,Judge of the Court of Appeals,Position 12,,Erin C. Lagesen,95
Tillamook,TRASK,Judge of the Court of Appeals,Position 12,,Erin C. Lagesen,74
Tillamook,UNION,Judge of the Court of Appeals,Position 12,,Erin C. Lagesen,363
Tillamook,WESTSIDE,Judge of the Court of Appeals,Position 12,,Erin C. Lagesen,100
Tillamook,WHEELER,Judge of the Court of Appeals,Position 12,,Erin C. Lagesen,129
Tillamook,BAY,Judge of the Court of Appeals,Position 12,,Over Votes,0
Tillamook,BEAVER,Judge of the Court of Appeals,Position 12,,Over Votes,0
Tillamook,CARNAHAN,Judge of the Court of Appeals,Position 12,,Over Votes,0
Tillamook,CLOVERDALE,Judge of the Court of Appeals,Position 12,,Over Votes,0
Tillamook,EASTSIDE,Judge of the Court of Appeals,Position 12,,Over Votes,0
Tillamook,FAIRVIEW,Judge of the Court of Appeals,Position 12,,Over Votes,0
Tillamook,FOLEY,Judge of the Court of Appeals,Position 12,,Over Votes,0
Tillamook,GARIBALDI,Judge of the Court of Appeals,Position 12,,Over Votes,0
Tillamook,HEBO,Judge of the Court of Appeals,Position 12,,Over Votes,0
Tillamook,KILCHIS,Judge of the Court of Appeals,Position 12,,Over Votes,0
Tillamook,MAPLELEAF,Judge of the Court of Appeals,Position 12,,Over Votes,0
Tillamook,NEHALEM,Judge of the Court of Appeals,Position 12,,Over Votes,0
Tillamook,NESKOWIN,Judge of the Court of Appeals,Position 12,,Over Votes,0
Tillamook,NETARTS,Judge of the Court of Appeals,Position 12,,Over Votes,0
Tillamook,OCEANSIDE,Judge of the Court of Appeals,Position 12,,Over Votes,0
Tillamook,PINE GROVE,Judge of the Court of Appeals,Position 12,,Over Votes,0
Tillamook,ROCKAWAY,Judge of the Court of Appeals,Position 12,,Over Votes,0
Tillamook,SOUTH PRAIRIE EAST,Judge of the Court of Appeals,Position 12,,Over Votes,0
Tillamook,SOUTH PRAIRIE WEST,Judge of the Court of Appeals,Position 12,,Over Votes,0
Tillamook,TILLAMOOK #1,Judge of the Court of Appeals,Position 12,,Over Votes,0
Tillamook,TILLAMOOK #2,Judge of the Court of Appeals,Position 12,,Over Votes,0
Tillamook,TILLAMOOK #3,Judge of the Court of Appeals,Position 12,,Over Votes,0
Tillamook,TILLAMOOK #4,Judge of the Court of Appeals,Position 12,,Over Votes,0
Tillamook,TILLAMOOK #5,Judge of the Court of Appeals,Position 12,,Over Votes,0
Tillamook,TILLAMOOK #6,Judge of the Court of Appeals,Position 12,,Over Votes,0
Tillamook,TRASK,Judge of the Court of Appeals,Position 12,,Over Votes,0
Tillamook,UNION,Judge of the Court of Appeals,Position 12,,Over Votes,0
Tillamook,WESTSIDE,Judge of the Court of Appeals,Position 12,,Over Votes,0
Tillamook,WHEELER,Judge of the Court of Appeals,Position 12,,Over Votes,0
Tillamook,BAY,Judge of the Court of Appeals,Position 12,,Under Votes,297
Tillamook,BEAVER,Judge of the Court of Appeals,Position 12,,Under Votes,220
Tillamook,CARNAHAN,Judge of the Court of Appeals,Position 12,,Under Votes,142
Tillamook,CLOVERDALE,Judge of the Court of Appeals,Position 12,,Under Votes,111
Tillamook,EASTSIDE,Judge of the Court of Appeals,Position 12,,Under Votes,45
Tillamook,FAIRVIEW,Judge of the Court of Appeals,Position 12,,Under Votes,391
Tillamook,FOLEY,Judge of the Court of Appeals,Position 12,,Under Votes,152
Tillamook,GARIBALDI,Judge of the Court of Appeals,Position 12,,Under Votes,247
Tillamook,HEBO,Judge of the Court of Appeals,Position 12,,Under Votes,112
Tillamook,KILCHIS,Judge of the Court of Appeals,Position 12,,Under Votes,155
Tillamook,MAPLELEAF,Judge of the Court of Appeals,Position 12,,Under Votes,164
Tillamook,NEHALEM,Judge of the Court of Appeals,Position 12,,Under Votes,156
Tillamook,NESKOWIN,Judge of the Court of Appeals,Position 12,,Under Votes,209
Tillamook,NETARTS,Judge of the Court of Appeals,Position 12,,Under Votes,243
Tillamook,OCEANSIDE,Judge of the Court of Appeals,Position 12,,Under Votes,116
Tillamook,PINE GROVE,Judge of the Court of Appeals,Position 12,,Under Votes,483
Tillamook,ROCKAWAY,Judge of the Court of Appeals,Position 12,,Under Votes,347
Tillamook,SOUTH PRAIRIE EAST,Judge of the Court of Appeals,Position 12,,Under Votes,179
Tillamook,SOUTH PRAIRIE WEST,Judge of the Court of Appeals,Position 12,,Under Votes,160
Tillamook,TILLAMOOK #1,Judge of the Court of Appeals,Position 12,,Under Votes,102
Tillamook,TILLAMOOK #2,Judge of the Court of Appeals,Position 12,,Under Votes,72
Tillamook,TILLAMOOK #3,Judge of the Court of Appeals,Position 12,,Under Votes,66
Tillamook,TILLAMOOK #4,Judge of the Court of Appeals,Position 12,,Under Votes,94
Tillamook,TILLAMOOK #5,Judge of the Court of Appeals,Position 12,,Under Votes,71
Tillamook,TILLAMOOK #6,Judge of the Court of Appeals,Position 12,,Under Votes,78
Tillamook,TRASK,Judge of the Court of Appeals,Position 12,,Under Votes,71
Tillamook,UNION,Judge of the Court of Appeals,Position 12,,Under Votes,346
Tillamook,WESTSIDE,Judge of the Court of Appeals,Position 12,,Under Votes,89
Tillamook,WHEELER,Judge of the Court of Appeals,Position 12,,Under Votes,136
Tillamook,BAY,Judge of the Court of Appeals,Position 12,,Write-ins,6
Tillamook,BEAVER,Judge of the Court of Appeals,Position 12,,Write-ins,17
Tillamook,CARNAHAN,Judge of the Court of Appeals,Position 12,,Write-ins,10
Tillamook,CLOVERDALE,Judge of the Court of Appeals,Position 12,,Write-ins,5
Tillamook,EASTSIDE,Judge of the Court of Appeals,Position 12,,Write-ins,1
Tillamook,FAIRVIEW,Judge of the Court of Appeals,Position 12,,Write-ins,26
Tillamook,FOLEY,Judge of the Court of Appeals,Position 12,,Write-ins,4
Tillamook,GARIBALDI,Judge of the Court of Appeals,Position 12,,Write-ins,4
Tillamook,HEBO,Judge of the Court of Appeals,Position 12,,Write-ins,8
Tillamook,KILCHIS,Judge of the Court of Appeals,Position 12,,Write-ins,6
Tillamook,MAPLELEAF,Judge of the Court of Appeals,Position 12,,Write-ins,9
Tillamook,NEHALEM,Judge of the Court of Appeals,Position 12,,Write-ins,2
Tillamook,NESKOWIN,Judge of the Court of Appeals,Position 12,,Write-ins,6
Tillamook,NETARTS,Judge of the Court of Appeals,Position 12,,Write-ins,15
Tillamook,OCEANSIDE,Judge of the Court of Appeals,Position 12,,Write-ins,2
Tillamook,PINE GROVE,Judge of the Court of Appeals,Position 12,,Write-ins,9
Tillamook,ROCKAWAY,Judge of the Court of Appeals,Position 12,,Write-ins,5
Tillamook,SOUTH PRAIRIE EAST,Judge of the Court of Appeals,Position 12,,Write-ins,5
Tillamook,SOUTH PRAIRIE WEST,Judge of the Court of Appeals,Position 12,,Write-ins,12
Tillamook,TILLAMOOK #1,Judge of the Court of Appeals,Position 12,,Write-ins,8
Tillamook,TILLAMOOK #2,Judge of the Court of Appeals,Position 12,,Write-ins,9
Tillamook,TILLAMOOK #3,Judge of the Court of Appeals,Position 12,,Write-ins,4
Tillamook,TILLAMOOK #4,Judge of the Court of Appeals,Position 12,,Write-ins,3
Tillamook,TILLAMOOK #5,Judge of the Court of Appeals,Position 12,,Write-ins,7
Tillamook,TILLAMOOK #6,Judge of the Court of Appeals,Position 12,,Write-ins,2
Tillamook,TRASK,Judge of the Court of Appeals,Position 12,,Write-ins,5
Tillamook,UNION,Judge of the Court of Appeals,Position 12,,Write-ins,6
Tillamook,WESTSIDE,Judge of the Court of Appeals,Position 12,,Write-ins,3
Tillamook,WHEELER,Judge of the Court of Appeals,Position 12,,Write-ins,0
Tillamook,BAY,Judge of the Court of Appeals,Position 13,,Doug Tookey,371
Tillamook,BEAVER,Judge of the Court of Appeals,Position 13,,Doug Tookey,227
Tillamook,CARNAHAN,Judge of the Court of Appeals,Position 13,,Doug Tookey,112
Tillamook,CLOVERDALE,Judge of the Court of Appeals,Position 13,,Doug Tookey,106
Tillamook,EASTSIDE,Judge of the Court of Appeals,Position 13,,Doug Tookey,45
Tillamook,FAIRVIEW,Judge of the Court of Appeals,Position 13,,Doug Tookey,419
Tillamook,FOLEY,Judge of the Court of Appeals,Position 13,,Doug Tookey,133
Tillamook,GARIBALDI,Judge of the Court of Appeals,Position 13,,Doug Tookey,234
Tillamook,HEBO,Judge of the Court of Appeals,Position 13,,Doug Tookey,113
Tillamook,KILCHIS,Judge of the Court of Appeals,Position 13,,Doug Tookey,160
Tillamook,MAPLELEAF,Judge of the Court of Appeals,Position 13,,Doug Tookey,148
Tillamook,NEHALEM,Judge of the Court of Appeals,Position 13,,Doug Tookey,173
Tillamook,NESKOWIN,Judge of the Court of Appeals,Position 13,,Doug Tookey,238
Tillamook,NETARTS,Judge of the Court of Appeals,Position 13,,Doug Tookey,295
Tillamook,OCEANSIDE,Judge of the Court of Appeals,Position 13,,Doug Tookey,125
Tillamook,PINE GROVE,Judge of the Court of Appeals,Position 13,,Doug Tookey,562
Tillamook,ROCKAWAY,Judge of the Court of Appeals,Position 13,,Doug Tookey,405
Tillamook,SOUTH PRAIRIE EAST,Judge of the Court of Appeals,Position 13,,Doug Tookey,127
Tillamook,SOUTH PRAIRIE WEST,Judge of the Court of Appeals,Position 13,,Doug Tookey,130
Tillamook,TILLAMOOK #1,Judge of the Court of Appeals,Position 13,,Doug Tookey,152
Tillamook,TILLAMOOK #2,Judge of the Court of Appeals,Position 13,,Doug Tookey,122
Tillamook,TILLAMOOK #3,Judge of the Court of Appeals,Position 13,,Doug Tookey,93
Tillamook,TILLAMOOK #4,Judge of the Court of Appeals,Position 13,,Doug Tookey,124
Tillamook,TILLAMOOK #5,Judge of the Court of Appeals,Position 13,,Doug Tookey,91
Tillamook,TILLAMOOK #6,Judge of the Court of Appeals,Position 13,,Doug Tookey,98
Tillamook,TRASK,Judge of the Court of Appeals,Position 13,,Doug Tookey,73
Tillamook,UNION,Judge of the Court of Appeals,Position 13,,Doug Tookey,360
Tillamook,WESTSIDE,Judge of the Court of Appeals,Position 13,,Doug Tookey,100
Tillamook,WHEELER,Judge of the Court of Appeals,Position 13,,Doug Tookey,126
Tillamook,BAY,Judge of the Court of Appeals,Position 13,,Over Votes,0
Tillamook,BEAVER,Judge of the Court of Appeals,Position 13,,Over Votes,0
Tillamook,CARNAHAN,Judge of the Court of Appeals,Position 13,,Over Votes,0
Tillamook,CLOVERDALE,Judge of the Court of Appeals,Position 13,,Over Votes,0
Tillamook,EASTSIDE,Judge of the Court of Appeals,Position 13,,Over Votes,0
Tillamook,FAIRVIEW,Judge of the Court of Appeals,Position 13,,Over Votes,0
Tillamook,FOLEY,Judge of the Court of Appeals,Position 13,,Over Votes,0
Tillamook,GARIBALDI,Judge of the Court of Appeals,Position 13,,Over Votes,0
Tillamook,HEBO,Judge of the Court of Appeals,Position 13,,Over Votes,0
Tillamook,KILCHIS,Judge of the Court of Appeals,Position 13,,Over Votes,0
Tillamook,MAPLELEAF,Judge of the Court of Appeals,Position 13,,Over Votes,0
Tillamook,NEHALEM,Judge of the Court of Appeals,Position 13,,Over Votes,0
Tillamook,NESKOWIN,Judge of the Court of Appeals,Position 13,,Over Votes,0
Tillamook,NETARTS,Judge of the Court of Appeals,Position 13,,Over Votes,0
Tillamook,OCEANSIDE,Judge of the Court of Appeals,Position 13,,Over Votes,0
Tillamook,PINE GROVE,Judge of the Court of Appeals,Position 13,,Over Votes,0
Tillamook,ROCKAWAY,Judge of the Court of Appeals,Position 13,,Over Votes,0
Tillamook,SOUTH PRAIRIE EAST,Judge of the Court of Appeals,Position 13,,Over Votes,0
Tillamook,SOUTH PRAIRIE WEST,Judge of the Court of Appeals,Position 13,,Over Votes,0
Tillamook,TILLAMOOK #1,Judge of the Court of Appeals,Position 13,,Over Votes,0
Tillamook,TILLAMOOK #2,Judge of the Court of Appeals,Position 13,,Over Votes,0
Tillamook,TILLAMOOK #3,Judge of the Court of Appeals,Position 13,,Over Votes,0
Tillamook,TILLAMOOK #4,Judge of the Court of Appeals,Position 13,,Over Votes,0
Tillamook,TILLAMOOK #5,Judge of the Court of Appeals,Position 13,,Over Votes,0
Tillamook,TILLAMOOK #6,Judge of the Court of Appeals,Position 13,,Over Votes,0
Tillamook,TRASK,Judge of the Court of Appeals,Position 13,,Over Votes,0
Tillamook,UNION,Judge of the Court of Appeals,Position 13,,Over Votes,0
Tillamook,WESTSIDE,Judge of the Court of Appeals,Position 13,,Over Votes,0
Tillamook,WHEELER,Judge of the Court of Appeals,Position 13,,Over Votes,0
Tillamook,BAY,Judge of the Court of Appeals,Position 13,,Under Votes,304
Tillamook,BEAVER,Judge of the Court of Appeals,Position 13,,Under Votes,222
Tillamook,CARNAHAN,Judge of the Court of Appeals,Position 13,,Under Votes,144
Tillamook,CLOVERDALE,Judge of the Court of Appeals,Position 13,,Under Votes,112
Tillamook,EASTSIDE,Judge of the Court of Appeals,Position 13,,Under Votes,45
Tillamook,FAIRVIEW,Judge of the Court of Appeals,Position 13,,Under Votes,392
Tillamook,FOLEY,Judge of the Court of Appeals,Position 13,,Under Votes,156
Tillamook,GARIBALDI,Judge of the Court of Appeals,Position 13,,Under Votes,247
Tillamook,HEBO,Judge of the Court of Appeals,Position 13,,Under Votes,117
Tillamook,KILCHIS,Judge of the Court of Appeals,Position 13,,Under Votes,158
Tillamook,MAPLELEAF,Judge of the Court of Appeals,Position 13,,Under Votes,164
Tillamook,NEHALEM,Judge of the Court of Appeals,Position 13,,Under Votes,153
Tillamook,NESKOWIN,Judge of the Court of Appeals,Position 13,,Under Votes,212
Tillamook,NETARTS,Judge of the Court of Appeals,Position 13,,Under Votes,247
Tillamook,OCEANSIDE,Judge of the Court of Appeals,Position 13,,Under Votes,118
Tillamook,PINE GROVE,Judge of the Court of Appeals,Position 13,,Under Votes,485
Tillamook,ROCKAWAY,Judge of the Court of Appeals,Position 13,,Under Votes,352
Tillamook,SOUTH PRAIRIE EAST,Judge of the Court of Appeals,Position 13,,Under Votes,181
Tillamook,SOUTH PRAIRIE WEST,Judge of the Court of Appeals,Position 13,,Under Votes,164
Tillamook,TILLAMOOK #1,Judge of the Court of Appeals,Position 13,,Under Votes,101
Tillamook,TILLAMOOK #2,Judge of the Court of Appeals,Position 13,,Under Votes,74
Tillamook,TILLAMOOK #3,Judge of the Court of Appeals,Position 13,,Under Votes,66
Tillamook,TILLAMOOK #4,Judge of the Court of Appeals,Position 13,,Under Votes,92
Tillamook,TILLAMOOK #5,Judge of the Court of Appeals,Position 13,,Under Votes,75
Tillamook,TILLAMOOK #6,Judge of the Court of Appeals,Position 13,,Under Votes,75
Tillamook,TRASK,Judge of the Court of Appeals,Position 13,,Under Votes,72
Tillamook,UNION,Judge of the Court of Appeals,Position 13,,Under Votes,349
Tillamook,WESTSIDE,Judge of the Court of Appeals,Position 13,,Under Votes,90
Tillamook,WHEELER,Judge of the Court of Appeals,Position 13,,Under Votes,139
Tillamook,BAY,Judge of the Court of Appeals,Position 13,,Write-ins,7
Tillamook,BEAVER,Judge of the Court of Appeals,Position 13,,Write-ins,17
Tillamook,CARNAHAN,Judge of the Court of Appeals,Position 13,,Write-ins,9
Tillamook,CLOVERDALE,Judge of the Court of Appeals,Position 13,,Write-ins,5
Tillamook,EASTSIDE,Judge of the Court of Appeals,Position 13,,Write-ins,1
Tillamook,FAIRVIEW,Judge of the Court of Appeals,Position 13,,Write-ins,26
Tillamook,FOLEY,Judge of the Court of Appeals,Position 13,,Write-ins,4
Tillamook,GARIBALDI,Judge of the Court of Appeals,Position 13,,Write-ins,3
Tillamook,HEBO,Judge of the Court of Appeals,Position 13,,Write-ins,8
Tillamook,KILCHIS,Judge of the Court of Appeals,Position 13,,Write-ins,6
Tillamook,MAPLELEAF,Judge of the Court of Appeals,Position 13,,Write-ins,8
Tillamook,NEHALEM,Judge of the Court of Appeals,Position 13,,Write-ins,3
Tillamook,NESKOWIN,Judge of the Court of Appeals,Position 13,,Write-ins,6
Tillamook,NETARTS,Judge of the Court of Appeals,Position 13,,Write-ins,13
Tillamook,OCEANSIDE,Judge of the Court of Appeals,Position 13,,Write-ins,2
Tillamook,PINE GROVE,Judge of the Court of Appeals,Position 13,,Write-ins,7
Tillamook,ROCKAWAY,Judge of the Court of Appeals,Position 13,,Write-ins,5
Tillamook,SOUTH PRAIRIE EAST,Judge of the Court of Appeals,Position 13,,Write-ins,5
Tillamook,SOUTH PRAIRIE WEST,Judge of the Court of Appeals,Position 13,,Write-ins,11
Tillamook,TILLAMOOK #1,Judge of the Court of Appeals,Position 13,,Write-ins,8
Tillamook,TILLAMOOK #2,Judge of the Court of Appeals,Position 13,,Write-ins,8
Tillamook,TILLAMOOK #3,Judge of the Court of Appeals,Position 13,,Write-ins,4
Tillamook,TILLAMOOK #4,Judge of the Court of Appeals,Position 13,,Write-ins,3
Tillamook,TILLAMOOK #5,Judge of the Court of Appeals,Position 13,,Write-ins,8
Tillamook,TILLAMOOK #6,Judge of the Court of Appeals,Position 13,,Write-ins,2
Tillamook,TRASK,Judge of the Court of Appeals,Position 13,,Write-ins,5
Tillamook,UNION,Judge of the Court of Appeals,Position 13,,Write-ins,6
Tillamook,WESTSIDE,Judge of the Court of Appeals,Position 13,,Write-ins,2
Tillamook,WHEELER,Judge of the Court of Appeals,Position 13,,Write-ins,0
Tillamook,BAY,Judge of the Court of Appeals,Position 9,,Jacqueline Kamins,376
Tillamook,BEAVER,Judge of the Court of Appeals,Position 9,,Jacqueline Kamins,225
Tillamook,CARNAHAN,Judge of the Court of Appeals,Position 9,,Jacqueline Kamins,114
Tillamook,CLOVERDALE,Judge of the Court of Appeals,Position 9,,Jacqueline Kamins,105
Tillamook,EASTSIDE,Judge of the Court of Appeals,Position 9,,Jacqueline Kamins,46
Tillamook,FAIRVIEW,Judge of the Court of Appeals,Position 9,,Jacqueline Kamins,420
Tillamook,FOLEY,Judge of the Court of Appeals,Position 9,,Jacqueline Kamins,137
Tillamook,GARIBALDI,Judge of the Court of Appeals,Position 9,,Jacqueline Kamins,235
Tillamook,HEBO,Judge of the Court of Appeals,Position 9,,Jacqueline Kamins,115
Tillamook,KILCHIS,Judge of the Court of Appeals,Position 9,,Jacqueline Kamins,161
Tillamook,MAPLELEAF,Judge of the Court of Appeals,Position 9,,Jacqueline Kamins,150
Tillamook,NEHALEM,Judge of the Court of Appeals,Position 9,,Jacqueline Kamins,176
Tillamook,NESKOWIN,Judge of the Court of Appeals,Position 9,,Jacqueline Kamins,244
Tillamook,NETARTS,Judge of the Court of Appeals,Position 9,,Jacqueline Kamins,297
Tillamook,OCEANSIDE,Judge of the Court of Appeals,Position 9,,Jacqueline Kamins,124
Tillamook,PINE GROVE,Judge of the Court of Appeals,Position 9,,Jacqueline Kamins,571
Tillamook,ROCKAWAY,Judge of the Court of Appeals,Position 9,,Jacqueline Kamins,411
Tillamook,SOUTH PRAIRIE EAST,Judge of the Court of Appeals,Position 9,,Jacqueline Kamins,127
Tillamook,SOUTH PRAIRIE WEST,Judge of the Court of Appeals,Position 9,,Jacqueline Kamins,130
Tillamook,TILLAMOOK #1,Judge of the Court of Appeals,Position 9,,Jacqueline Kamins,154
Tillamook,TILLAMOOK #2,Judge of the Court of Appeals,Position 9,,Jacqueline Kamins,122
Tillamook,TILLAMOOK #3,Judge of the Court of Appeals,Position 9,,Jacqueline Kamins,90
Tillamook,TILLAMOOK #4,Judge of the Court of Appeals,Position 9,,Jacqueline Kamins,122
Tillamook,TILLAMOOK #5,Judge of the Court of Appeals,Position 9,,Jacqueline Kamins,97
Tillamook,TILLAMOOK #6,Judge of the Court of Appeals,Position 9,,Jacqueline Kamins,97
Tillamook,TRASK,Judge of the Court of Appeals,Position 9,,Jacqueline Kamins,75
Tillamook,UNION,Judge of the Court of Appeals,Position 9,,Jacqueline Kamins,361
Tillamook,WESTSIDE,Judge of the Court of Appeals,Position 9,,Jacqueline Kamins,101
Tillamook,WHEELER,Judge of the Court of Appeals,Position 9,,Jacqueline Kamins,128
Tillamook,BAY,Judge of the Court of Appeals,Position 9,,Over Votes,0
Tillamook,BEAVER,Judge of the Court of Appeals,Position 9,,Over Votes,0
Tillamook,CARNAHAN,Judge of the Court of Appeals,Position 9,,Over Votes,0
Tillamook,CLOVERDALE,Judge of the Court of Appeals,Position 9,,Over Votes,0
Tillamook,EASTSIDE,Judge of the Court of Appeals,Position 9,,Over Votes,0
Tillamook,FAIRVIEW,Judge of the Court of Appeals,Position 9,,Over Votes,0
Tillamook,FOLEY,Judge of the Court of Appeals,Position 9,,Over Votes,0
Tillamook,GARIBALDI,Judge of the Court of Appeals,Position 9,,Over Votes,0
Tillamook,HEBO,Judge of the Court of Appeals,Position 9,,Over Votes,0
Tillamook,KILCHIS,Judge of the Court of Appeals,Position 9,,Over Votes,0
Tillamook,MAPLELEAF,Judge of the Court of Appeals,Position 9,,Over Votes,0
Tillamook,NEHALEM,Judge of the Court of Appeals,Position 9,,Over Votes,0
Tillamook,NESKOWIN,Judge of the Court of Appeals,Position 9,,Over Votes,0
Tillamook,NETARTS,Judge of the Court of Appeals,Position 9,,Over Votes,0
Tillamook,OCEANSIDE,Judge of the Court of Appeals,Position 9,,Over Votes,0
Tillamook,PINE GROVE,Judge of the Court of Appeals,Position 9,,Over Votes,0
Tillamook,ROCKAWAY,Judge of the Court of Appeals,Position 9,,Over Votes,0
Tillamook,SOUTH PRAIRIE EAST,Judge of the Court of Appeals,Position 9,,Over Votes,0
Tillamook,SOUTH PRAIRIE WEST,Judge of the Court of Appeals,Position 9,,Over Votes,0
Tillamook,TILLAMOOK #1,Judge of the Court of Appeals,Position 9,,Over Votes,0
Tillamook,TILLAMOOK #2,Judge of the Court of Appeals,Position 9,,Over Votes,0
Tillamook,TILLAMOOK #3,Judge of the Court of Appeals,Position 9,,Over Votes,0
Tillamook,TILLAMOOK #4,Judge of the Court of Appeals,Position 9,,Over Votes,0
Tillamook,TILLAMOOK #5,Judge of the Court of Appeals,Position 9,,Over Votes,0
Tillamook,TILLAMOOK #6,Judge of the Court of Appeals,Position 9,,Over Votes,0
Tillamook,TRASK,Judge of the Court of Appeals,Position 9,,Over Votes,0
Tillamook,UNION,Judge of the Court of Appeals,Position 9,,Over Votes,0
Tillamook,WESTSIDE,Judge of the Court of Appeals,Position 9,,Over Votes,0
Tillamook,WHEELER,Judge of the Court of Appeals,Position 9,,Over Votes,0
Tillamook,BAY,Judge of the Court of Appeals,Position 9,,Under Votes,298
Tillamook,BEAVER,Judge of the Court of Appeals,Position 9,,Under Votes,223
Tillamook,CARNAHAN,Judge of the Court of Appeals,Position 9,,Under Votes,142
Tillamook,CLOVERDALE,Judge of the Court of Appeals,Position 9,,Under Votes,113
Tillamook,EASTSIDE,Judge of the Court of Appeals,Position 9,,Under Votes,44
Tillamook,FAIRVIEW,Judge of the Court of Appeals,Position 9,,Under Votes,391
Tillamook,FOLEY,Judge of the Court of Appeals,Position 9,,Under Votes,151
Tillamook,GARIBALDI,Judge of the Court of Appeals,Position 9,,Under Votes,245
Tillamook,HEBO,Judge of the Court of Appeals,Position 9,,Under Votes,113
Tillamook,KILCHIS,Judge of the Court of Appeals,Position 9,,Under Votes,157
Tillamook,MAPLELEAF,Judge of the Court of Appeals,Position 9,,Under Votes,161
Tillamook,NEHALEM,Judge of the Court of Appeals,Position 9,,Under Votes,150
Tillamook,NESKOWIN,Judge of the Court of Appeals,Position 9,,Under Votes,206
Tillamook,NETARTS,Judge of the Court of Appeals,Position 9,,Under Votes,242
Tillamook,OCEANSIDE,Judge of the Court of Appeals,Position 9,,Under Votes,118
Tillamook,PINE GROVE,Judge of the Court of Appeals,Position 9,,Under Votes,474
Tillamook,ROCKAWAY,Judge of the Court of Appeals,Position 9,,Under Votes,345
Tillamook,SOUTH PRAIRIE EAST,Judge of the Court of Appeals,Position 9,,Under Votes,181
Tillamook,SOUTH PRAIRIE WEST,Judge of the Court of Appeals,Position 9,,Under Votes,162
Tillamook,TILLAMOOK #1,Judge of the Court of Appeals,Position 9,,Under Votes,99
Tillamook,TILLAMOOK #2,Judge of the Court of Appeals,Position 9,,Under Votes,73
Tillamook,TILLAMOOK #3,Judge of the Court of Appeals,Position 9,,Under Votes,69
Tillamook,TILLAMOOK #4,Judge of the Court of Appeals,Position 9,,Under Votes,94
Tillamook,TILLAMOOK #5,Judge of the Court of Appeals,Position 9,,Under Votes,70
Tillamook,TILLAMOOK #6,Judge of the Court of Appeals,Position 9,,Under Votes,76
Tillamook,TRASK,Judge of the Court of Appeals,Position 9,,Under Votes,70
Tillamook,UNION,Judge of the Court of Appeals,Position 9,,Under Votes,349
Tillamook,WESTSIDE,Judge of the Court of Appeals,Position 9,,Under Votes,88
Tillamook,WHEELER,Judge of the Court of Appeals,Position 9,,Under Votes,137
Tillamook,BAY,Judge of the Court of Appeals,Position 9,,Write-ins,8
Tillamook,BEAVER,Judge of the Court of Appeals,Position 9,,Write-ins,18
Tillamook,CARNAHAN,Judge of the Court of Appeals,Position 9,,Write-ins,9
Tillamook,CLOVERDALE,Judge of the Court of Appeals,Position 9,,Write-ins,5
Tillamook,EASTSIDE,Judge of the Court of Appeals,Position 9,,Write-ins,1
Tillamook,FAIRVIEW,Judge of the Court of Appeals,Position 9,,Write-ins,26
Tillamook,FOLEY,Judge of the Court of Appeals,Position 9,,Write-ins,5
Tillamook,GARIBALDI,Judge of the Court of Appeals,Position 9,,Write-ins,4
Tillamook,HEBO,Judge of the Court of Appeals,Position 9,,Write-ins,10
Tillamook,KILCHIS,Judge of the Court of Appeals,Position 9,,Write-ins,6
Tillamook,MAPLELEAF,Judge of the Court of Appeals,Position 9,,Write-ins,9
Tillamook,NEHALEM,Judge of the Court of Appeals,Position 9,,Write-ins,3
Tillamook,NESKOWIN,Judge of the Court of Appeals,Position 9,,Write-ins,6
Tillamook,NETARTS,Judge of the Court of Appeals,Position 9,,Write-ins,16
Tillamook,OCEANSIDE,Judge of the Court of Appeals,Position 9,,Write-ins,3
Tillamook,PINE GROVE,Judge of the Court of Appeals,Position 9,,Write-ins,9
Tillamook,ROCKAWAY,Judge of the Court of Appeals,Position 9,,Write-ins,6
Tillamook,SOUTH PRAIRIE EAST,Judge of the Court of Appeals,Position 9,,Write-ins,5
Tillamook,SOUTH PRAIRIE WEST,Judge of the Court of Appeals,Position 9,,Write-ins,13
Tillamook,TILLAMOOK #1,Judge of the Court of Appeals,Position 9,,Write-ins,8
Tillamook,TILLAMOOK #2,Judge of the Court of Appeals,Position 9,,Write-ins,9
Tillamook,TILLAMOOK #3,Judge of the Court of Appeals,Position 9,,Write-ins,4
Tillamook,TILLAMOOK #4,Judge of the Court of Appeals,Position 9,,Write-ins,3
Tillamook,TILLAMOOK #5,Judge of the Court of Appeals,Position 9,,Write-ins,7
Tillamook,TILLAMOOK #6,Judge of the Court of Appeals,Position 9,,Write-ins,2
Tillamook,TRASK,Judge of the Court of Appeals,Position 9,,Write-ins,5
Tillamook,UNION,Judge of the Court of Appeals,Position 9,,Write-ins,5
Tillamook,WESTSIDE,Judge of the Court of Appeals,Position 9,,Write-ins,3
Tillamook,WHEELER,Judge of the Court of Appeals,Position 9,,Write-ins,0
Tillamook,BAY,Judge of the Supreme Court,Position 4,,Christopher L Garrett,382
Tillamook,BEAVER,Judge of the Supreme Court,Position 4,,Christopher L Garrett,232
Tillamook,CARNAHAN,Judge of the Supreme Court,Position 4,,Christopher L Garrett,119
Tillamook,CLOVERDALE,Judge of the Supreme Court,Position 4,,Christopher L Garrett,110
Tillamook,EASTSIDE,Judge of the Supreme Court,Position 4,,Christopher L Garrett,46
Tillamook,FAIRVIEW,Judge of the Supreme Court,Position 4,,Christopher L Garrett,427
Tillamook,FOLEY,Judge of the Supreme Court,Position 4,,Christopher L Garrett,140
Tillamook,GARIBALDI,Judge of the Supreme Court,Position 4,,Christopher L Garrett,237
Tillamook,HEBO,Judge of the Supreme Court,Position 4,,Christopher L Garrett,121
Tillamook,KILCHIS,Judge of the Supreme Court,Position 4,,Christopher L Garrett,161
Tillamook,MAPLELEAF,Judge of the Supreme Court,Position 4,,Christopher L Garrett,151
Tillamook,NEHALEM,Judge of the Supreme Court,Position 4,,Christopher L Garrett,177
Tillamook,NESKOWIN,Judge of the Supreme Court,Position 4,,Christopher L Garrett,240
Tillamook,NETARTS,Judge of the Supreme Court,Position 4,,Christopher L Garrett,297
Tillamook,OCEANSIDE,Judge of the Supreme Court,Position 4,,Christopher L Garrett,131
Tillamook,PINE GROVE,Judge of the Supreme Court,Position 4,,Christopher L Garrett,576
Tillamook,ROCKAWAY,Judge of the Supreme Court,Position 4,,Christopher L Garrett,410
Tillamook,SOUTH PRAIRIE EAST,Judge of the Supreme Court,Position 4,,Christopher L Garrett,129
Tillamook,SOUTH PRAIRIE WEST,Judge of the Supreme Court,Position 4,,Christopher L Garrett,137
Tillamook,TILLAMOOK #1,Judge of the Supreme Court,Position 4,,Christopher L Garrett,156
Tillamook,TILLAMOOK #2,Judge of the Supreme Court,Position 4,,Christopher L Garrett,126
Tillamook,TILLAMOOK #3,Judge of the Supreme Court,Position 4,,Christopher L Garrett,91
Tillamook,TILLAMOOK #4,Judge of the Supreme Court,Position 4,,Christopher L Garrett,124
Tillamook,TILLAMOOK #5,Judge of the Supreme Court,Position 4,,Christopher L Garrett,99
Tillamook,TILLAMOOK #6,Judge of the Supreme Court,Position 4,,Christopher L Garrett,100
Tillamook,TRASK,Judge of the Supreme Court,Position 4,,Christopher L Garrett,75
Tillamook,UNION,Judge of the Supreme Court,Position 4,,Christopher L Garrett,365
Tillamook,WESTSIDE,Judge of the Supreme Court,Position 4,,Christopher L Garrett,97
Tillamook,WHEELER,Judge of the Supreme Court,Position 4,,Christopher L Garrett,132
Tillamook,BAY,Judge of the Supreme Court,Position 4,,Over Votes,0
Tillamook,BEAVER,Judge of the Supreme Court,Position 4,,Over Votes,0
Tillamook,CARNAHAN,Judge of the Supreme Court,Position 4,,Over Votes,0
Tillamook,CLOVERDALE,Judge of the Supreme Court,Position 4,,Over Votes,0
Tillamook,EASTSIDE,Judge of the Supreme Court,Position 4,,Over Votes,0
Tillamook,FAIRVIEW,Judge of the Supreme Court,Position 4,,Over Votes,0
Tillamook,FOLEY,Judge of the Supreme Court,Position 4,,Over Votes,0
Tillamook,GARIBALDI,Judge of the Supreme Court,Position 4,,Over Votes,0
Tillamook,HEBO,Judge of the Supreme Court,Position 4,,Over Votes,0
Tillamook,KILCHIS,Judge of the Supreme Court,Position 4,,Over Votes,0
Tillamook,MAPLELEAF,Judge of the Supreme Court,Position 4,,Over Votes,0
Tillamook,NEHALEM,Judge of the Supreme Court,Position 4,,Over Votes,0
Tillamook,NESKOWIN,Judge of the Supreme Court,Position 4,,Over Votes,0
Tillamook,NETARTS,Judge of the Supreme Court,Position 4,,Over Votes,0
Tillamook,OCEANSIDE,Judge of the Supreme Court,Position 4,,Over Votes,0
Tillamook,PINE GROVE,Judge of the Supreme Court,Position 4,,Over Votes,0
Tillamook,ROCKAWAY,Judge of the Supreme Court,Position 4,,Over Votes,0
Tillamook,SOUTH PRAIRIE EAST,Judge of the Supreme Court,Position 4,,Over Votes,0
Tillamook,SOUTH PRAIRIE WEST,Judge of the Supreme Court,Position 4,,Over Votes,0
Tillamook,TILLAMOOK #1,Judge of the Supreme Court,Position 4,,Over Votes,0
Tillamook,TILLAMOOK #2,Judge of the Supreme Court,Position 4,,Over Votes,0
Tillamook,TILLAMOOK #3,Judge of the Supreme Court,Position 4,,Over Votes,0
Tillamook,TILLAMOOK #4,Judge of the Supreme Court,Position 4,,Over Votes,0
Tillamook,TILLAMOOK #5,Judge of the Supreme Court,Position 4,,Over Votes,0
Tillamook,TILLAMOOK #6,Judge of the Supreme Court,Position 4,,Over Votes,0
Tillamook,TRASK,Judge of the Supreme Court,Position 4,,Over Votes,0
Tillamook,UNION,Judge of the Supreme Court,Position 4,,Over Votes,0
Tillamook,WESTSIDE,Judge of the Supreme Court,Position 4,,Over Votes,0
Tillamook,WHEELER,Judge of the Supreme Court,Position 4,,Over Votes,0
Tillamook,BAY,Judge of the Supreme Court,Position 4,,Under Votes,292
Tillamook,BEAVER,Judge of the Supreme Court,Position 4,,Under Votes,217
Tillamook,CARNAHAN,Judge of the Supreme Court,Position 4,,Under Votes,137
Tillamook,CLOVERDALE,Judge of the Supreme Court,Position 4,,Under Votes,108
Tillamook,EASTSIDE,Judge of the Supreme Court,Position 4,,Under Votes,44
Tillamook,FAIRVIEW,Judge of the Supreme Court,Position 4,,Under Votes,384
Tillamook,FOLEY,Judge of the Supreme Court,Position 4,,Under Votes,147
Tillamook,GARIBALDI,Judge of the Supreme Court,Position 4,,Under Votes,244
Tillamook,HEBO,Judge of the Supreme Court,Position 4,,Under Votes,106
Tillamook,KILCHIS,Judge of the Supreme Court,Position 4,,Under Votes,157
Tillamook,MAPLELEAF,Judge of the Supreme Court,Position 4,,Under Votes,160
Tillamook,NEHALEM,Judge of the Supreme Court,Position 4,,Under Votes,148
Tillamook,NESKOWIN,Judge of the Supreme Court,Position 4,,Under Votes,207
Tillamook,NETARTS,Judge of the Supreme Court,Position 4,,Under Votes,242
Tillamook,OCEANSIDE,Judge of the Supreme Court,Position 4,,Under Votes,112
Tillamook,PINE GROVE,Judge of the Supreme Court,Position 4,,Under Votes,467
Tillamook,ROCKAWAY,Judge of the Supreme Court,Position 4,,Under Votes,343
Tillamook,SOUTH PRAIRIE EAST,Judge of the Supreme Court,Position 4,,Under Votes,179
Tillamook,SOUTH PRAIRIE WEST,Judge of the Supreme Court,Position 4,,Under Votes,155
Tillamook,TILLAMOOK #1,Judge of the Supreme Court,Position 4,,Under Votes,96
Tillamook,TILLAMOOK #2,Judge of the Supreme Court,Position 4,,Under Votes,69
Tillamook,TILLAMOOK #3,Judge of the Supreme Court,Position 4,,Under Votes,68
Tillamook,TILLAMOOK #4,Judge of the Supreme Court,Position 4,,Under Votes,91
Tillamook,TILLAMOOK #5,Judge of the Supreme Court,Position 4,,Under Votes,68
Tillamook,TILLAMOOK #6,Judge of the Supreme Court,Position 4,,Under Votes,72
Tillamook,TRASK,Judge of the Supreme Court,Position 4,,Under Votes,70
Tillamook,UNION,Judge of the Supreme Court,Position 4,,Under Votes,342
Tillamook,WESTSIDE,Judge of the Supreme Court,Position 4,,Under Votes,91
Tillamook,WHEELER,Judge of the Supreme Court,Position 4,,Under Votes,133
Tillamook,BAY,Judge of the Supreme Court,Position 4,,Write-ins,8
Tillamook,BEAVER,Judge of the Supreme Court,Position 4,,Write-ins,17
Tillamook,CARNAHAN,Judge of the Supreme Court,Position 4,,Write-ins,9
Tillamook,CLOVERDALE,Judge of the Supreme Court,Position 4,,Write-ins,5
Tillamook,EASTSIDE,Judge of the Supreme Court,Position 4,,Write-ins,1
Tillamook,FAIRVIEW,Judge of the Supreme Court,Position 4,,Write-ins,26
Tillamook,FOLEY,Judge of the Supreme Court,Position 4,,Write-ins,6
Tillamook,GARIBALDI,Judge of the Supreme Court,Position 4,,Write-ins,3
Tillamook,HEBO,Judge of the Supreme Court,Position 4,,Write-ins,11
Tillamook,KILCHIS,Judge of the Supreme Court,Position 4,,Write-ins,6
Tillamook,MAPLELEAF,Judge of the Supreme Court,Position 4,,Write-ins,9
Tillamook,NEHALEM,Judge of the Supreme Court,Position 4,,Write-ins,4
Tillamook,NESKOWIN,Judge of the Supreme Court,Position 4,,Write-ins,9
Tillamook,NETARTS,Judge of the Supreme Court,Position 4,,Write-ins,16
Tillamook,OCEANSIDE,Judge of the Supreme Court,Position 4,,Write-ins,2
Tillamook,PINE GROVE,Judge of the Supreme Court,Position 4,,Write-ins,11
Tillamook,ROCKAWAY,Judge of the Supreme Court,Position 4,,Write-ins,9
Tillamook,SOUTH PRAIRIE EAST,Judge of the Supreme Court,Position 4,,Write-ins,5
Tillamook,SOUTH PRAIRIE WEST,Judge of the Supreme Court,Position 4,,Write-ins,13
Tillamook,TILLAMOOK #1,Judge of the Supreme Court,Position 4,,Write-ins,9
Tillamook,TILLAMOOK #2,Judge of the Supreme Court,Position 4,,Write-ins,9
Tillamook,TILLAMOOK #3,Judge of the Supreme Court,Position 4,,Write-ins,4
Tillamook,TILLAMOOK #4,Judge of the Supreme Court,Position 4,,Write-ins,4
Tillamook,TILLAMOOK #5,Judge of the Supreme Court,Position 4,,Write-ins,7
Tillamook,TILLAMOOK #6,Judge of the Supreme Court,Position 4,,Write-ins,3
Tillamook,TRASK,Judge of the Supreme Court,Position 4,,Write-ins,5
Tillamook,UNION,Judge of the Supreme Court,Position 4,,Write-ins,8
Tillamook,WESTSIDE,Judge of the Supreme Court,Position 4,,Write-ins,4
Tillamook,WHEELER,Judge of the Supreme Court,Position 4,,Write-ins,0
Tillamook,BAY,Labor Commissioner,,,Chris Lynch,225
Tillamook,BEAVER,Labor Commissioner,,,Chris Lynch,197
Tillamook,CARNAHAN,Labor Commissioner,,,Chris Lynch,109
Tillamook,CLOVERDALE,Labor Commissioner,,,Chris Lynch,71
Tillamook,EASTSIDE,Labor Commissioner,,,Chris Lynch,43
Tillamook,FAIRVIEW,Labor Commissioner,,,Chris Lynch,339
Tillamook,FOLEY,Labor Commissioner,,,Chris Lynch,98
Tillamook,GARIBALDI,Labor Commissioner,,,Chris Lynch,147
Tillamook,HEBO,Labor Commissioner,,,Chris Lynch,84
Tillamook,KILCHIS,Labor Commissioner,,,Chris Lynch,114
Tillamook,MAPLELEAF,Labor Commissioner,,,Chris Lynch,110
Tillamook,NEHALEM,Labor Commissioner,,,Chris Lynch,90
Tillamook,NESKOWIN,Labor Commissioner,,,Chris Lynch,105
Tillamook,NETARTS,Labor Commissioner,,,Chris Lynch,137
Tillamook,OCEANSIDE,Labor Commissioner,,,Chris Lynch,41
Tillamook,PINE GROVE,Labor Commissioner,,,Chris Lynch,208
Tillamook,ROCKAWAY,Labor Commissioner,,,Chris Lynch,219
Tillamook,SOUTH PRAIRIE EAST,Labor Commissioner,,,Chris Lynch,119
Tillamook,SOUTH PRAIRIE WEST,Labor Commissioner,,,Chris Lynch,104
Tillamook,TILLAMOOK #1,Labor Commissioner,,,Chris Lynch,87
Tillamook,TILLAMOOK #2,Labor Commissioner,,,Chris Lynch,76
Tillamook,TILLAMOOK #3,Labor Commissioner,,,Chris Lynch,52
Tillamook,TILLAMOOK #4,Labor Commissioner,,,Chris Lynch,83
Tillamook,TILLAMOOK #5,Labor Commissioner,,,Chris Lynch,62
Tillamook,TILLAMOOK #6,Labor Commissioner,,,Chris Lynch,56
Tillamook,TRASK,Labor Commissioner,,,Chris Lynch,61
Tillamook,UNION,Labor Commissioner,,,Chris Lynch,217
Tillamook,WESTSIDE,Labor Commissioner,,,Chris Lynch,55
Tillamook,WHEELER,Labor Commissioner,,,Chris Lynch,58
Tillamook,BAY,Labor Commissioner,,,Christina E Stephenson,285
Tillamook,BEAVER,Labor Commissioner,,,Christina E Stephenson,153
Tillamook,CARNAHAN,Labor Commissioner,,,Christina E Stephenson,68
Tillamook,CLOVERDALE,Labor Commissioner,,,Christina E Stephenson,84
Tillamook,EASTSIDE,Labor Commissioner,,,Christina E Stephenson,24
Tillamook,FAIRVIEW,Labor Commissioner,,,Christina E Stephenson,286
Tillamook,FOLEY,Labor Commissioner,,,Christina E Stephenson,128
Tillamook,GARIBALDI,Labor Commissioner,,,Christina E Stephenson,214
Tillamook,HEBO,Labor Commissioner,,,Christina E Stephenson,97
Tillamook,KILCHIS,Labor Commissioner,,,Christina E Stephenson,108
Tillamook,MAPLELEAF,Labor Commissioner,,,Christina E Stephenson,104
Tillamook,NEHALEM,Labor Commissioner,,,Christina E Stephenson,165
Tillamook,NESKOWIN,Labor Commissioner,,,Christina E Stephenson,243
Tillamook,NETARTS,Labor Commissioner,,,Christina E Stephenson,274
Tillamook,OCEANSIDE,Labor Commissioner,,,Christina E Stephenson,147
Tillamook,PINE GROVE,Labor Commissioner,,,Christina E Stephenson,612
Tillamook,ROCKAWAY,Labor Commissioner,,,Christina E Stephenson,356
Tillamook,SOUTH PRAIRIE EAST,Labor Commissioner,,,Christina E Stephenson,72
Tillamook,SOUTH PRAIRIE WEST,Labor Commissioner,,,Christina E Stephenson,87
Tillamook,TILLAMOOK #1,Labor Commissioner,,,Christina E Stephenson,116
Tillamook,TILLAMOOK #2,Labor Commissioner,,,Christina E Stephenson,89
Tillamook,TILLAMOOK #3,Labor Commissioner,,,Christina E Stephenson,71
Tillamook,TILLAMOOK #4,Labor Commissioner,,,Christina E Stephenson,91
Tillamook,TILLAMOOK #5,Labor Commissioner,,,Christina E Stephenson,63
Tillamook,TILLAMOOK #6,Labor Commissioner,,,Christina E Stephenson,76
Tillamook,TRASK,Labor Commissioner,,,Christina E Stephenson,41
Tillamook,UNION,Labor Commissioner,,,Christina E Stephenson,318
Tillamook,WESTSIDE,Labor Commissioner,,,Christina E Stephenson,92
Tillamook,WHEELER,Labor Commissioner,,,Christina E Stephenson,147
Tillamook,BAY,Labor Commissioner,,,Over Votes,0
Tillamook,BEAVER,Labor Commissioner,,,Over Votes,0
Tillamook,CARNAHAN,Labor Commissioner,,,Over Votes,0
Tillamook,CLOVERDALE,Labor Commissioner,,,Over Votes,0
Tillamook,EASTSIDE,Labor Commissioner,,,Over Votes,0
Tillamook,FAIRVIEW,Labor Commissioner,,,Over Votes,0
Tillamook,FOLEY,Labor Commissioner,,,Over Votes,0
Tillamook,GARIBALDI,Labor Commissioner,,,Over Votes,0
Tillamook,HEBO,Labor Commissioner,,,Over Votes,0
Tillamook,KILCHIS,Labor Commissioner,,,Over Votes,0
Tillamook,MAPLELEAF,Labor Commissioner,,,Over Votes,0
Tillamook,NEHALEM,Labor Commissioner,,,Over Votes,0
Tillamook,NESKOWIN,Labor Commissioner,,,Over Votes,0
Tillamook,NETARTS,Labor Commissioner,,,Over Votes,0
Tillamook,OCEANSIDE,Labor Commissioner,,,Over Votes,0
Tillamook,PINE GROVE,Labor Commissioner,,,Over Votes,0
Tillamook,ROCKAWAY,Labor Commissioner,,,Over Votes,0
Tillamook,SOUTH PRAIRIE EAST,Labor Commissioner,,,Over Votes,0
Tillamook,SOUTH PRAIRIE WEST,Labor Commissioner,,,Over Votes,0
Tillamook,TILLAMOOK #1,Labor Commissioner,,,Over Votes,0
Tillamook,TILLAMOOK #2,Labor Commissioner,,,Over Votes,0
Tillamook,TILLAMOOK #3,Labor Commissioner,,,Over Votes,0
Tillamook,TILLAMOOK #4,Labor Commissioner,,,Over Votes,0
Tillamook,TILLAMOOK #5,Labor Commissioner,,,Over Votes,0
Tillamook,TILLAMOOK #6,Labor Commissioner,,,Over Votes,0
Tillamook,TRASK,Labor Commissioner,,,Over Votes,0
Tillamook,UNION,Labor Commissioner,,,Over Votes,0
Tillamook,WESTSIDE,Labor Commissioner,,,Over Votes,0
Tillamook,WHEELER,Labor Commissioner,,,Over Votes,0
Tillamook,BAY,Labor Commissioner,,,Under Votes,172
Tillamook,BEAVER,Labor Commissioner,,,Under Votes,114
Tillamook,CARNAHAN,Labor Commissioner,,,Under Votes,86
Tillamook,CLOVERDALE,Labor Commissioner,,,Under Votes,66
Tillamook,EASTSIDE,Labor Commissioner,,,Under Votes,24
Tillamook,FAIRVIEW,Labor Commissioner,,,Under Votes,209
Tillamook,FOLEY,Labor Commissioner,,,Under Votes,67
Tillamook,GARIBALDI,Labor Commissioner,,,Under Votes,123
Tillamook,HEBO,Labor Commissioner,,,Under Votes,57
Tillamook,KILCHIS,Labor Commissioner,,,Under Votes,99
Tillamook,MAPLELEAF,Labor Commissioner,,,Under Votes,102
Tillamook,NEHALEM,Labor Commissioner,,,Under Votes,74
Tillamook,NESKOWIN,Labor Commissioner,,,Under Votes,104
Tillamook,NETARTS,Labor Commissioner,,,Under Votes,139
Tillamook,OCEANSIDE,Labor Commissioner,,,Under Votes,56
Tillamook,PINE GROVE,Labor Commissioner,,,Under Votes,234
Tillamook,ROCKAWAY,Labor Commissioner,,,Under Votes,184
Tillamook,SOUTH PRAIRIE EAST,Labor Commissioner,,,Under Votes,119
Tillamook,SOUTH PRAIRIE WEST,Labor Commissioner,,,Under Votes,110
Tillamook,TILLAMOOK #1,Labor Commissioner,,,Under Votes,55
Tillamook,TILLAMOOK #2,Labor Commissioner,,,Under Votes,38
Tillamook,TILLAMOOK #3,Labor Commissioner,,,Under Votes,37
Tillamook,TILLAMOOK #4,Labor Commissioner,,,Under Votes,44
Tillamook,TILLAMOOK #5,Labor Commissioner,,,Under Votes,48
Tillamook,TILLAMOOK #6,Labor Commissioner,,,Under Votes,42
Tillamook,TRASK,Labor Commissioner,,,Under Votes,47
Tillamook,UNION,Labor Commissioner,,,Under Votes,175
Tillamook,WESTSIDE,Labor Commissioner,,,Under Votes,44
Tillamook,WHEELER,Labor Commissioner,,,Under Votes,60
Tillamook,BAY,Labor Commissioner,,,Write-ins,0
Tillamook,BEAVER,Labor Commissioner,,,Write-ins,2
Tillamook,CARNAHAN,Labor Commissioner,,,Write-ins,2
Tillamook,CLOVERDALE,Labor Commissioner,,,Write-ins,2
Tillamook,EASTSIDE,Labor Commissioner,,,Write-ins,0
Tillamook,FAIRVIEW,Labor Commissioner,,,Write-ins,3
Tillamook,FOLEY,Labor Commissioner,,,Write-ins,0
Tillamook,GARIBALDI,Labor Commissioner,,,Write-ins,0
Tillamook,HEBO,Labor Commissioner,,,Write-ins,0
Tillamook,KILCHIS,Labor Commissioner,,,Write-ins,3
Tillamook,MAPLELEAF,Labor Commissioner,,,Write-ins,4
Tillamook,NEHALEM,Labor Commissioner,,,Write-ins,0
Tillamook,NESKOWIN,Labor Commissioner,,,Write-ins,4
Tillamook,NETARTS,Labor Commissioner,,,Write-ins,5
Tillamook,OCEANSIDE,Labor Commissioner,,,Write-ins,1
Tillamook,PINE GROVE,Labor Commissioner,,,Write-ins,0
Tillamook,ROCKAWAY,Labor Commissioner,,,Write-ins,3
Tillamook,SOUTH PRAIRIE EAST,Labor Commissioner,,,Write-ins,3
Tillamook,SOUTH PRAIRIE WEST,Labor Commissioner,,,Write-ins,4
Tillamook,TILLAMOOK #1,Labor Commissioner,,,Write-ins,3
Tillamook,TILLAMOOK #2,Labor Commissioner,,,Write-ins,1
Tillamook,TILLAMOOK #3,Labor Commissioner,,,Write-ins,3
Tillamook,TILLAMOOK #4,Labor Commissioner,,,Write-ins,1
Tillamook,TILLAMOOK #5,Labor Commissioner,,,Write-ins,1
Tillamook,TILLAMOOK #6,Labor Commissioner,,,Write-ins,1
Tillamook,TRASK,Labor Commissioner,,,Write-ins,1
Tillamook,UNION,Labor Commissioner,,,Write-ins,5
Tillamook,WESTSIDE,Labor Commissioner,,,Write-ins,1
Tillamook,WHEELER,Labor Commissioner,,,Write-ins,0
Tillamook,BAY,Measure 120,,,No,538
Tillamook,BEAVER,Measure 120,,,No,420
Tillamook,CARNAHAN,Measure 120,,,No,239
Tillamook,CLOVERDALE,Measure 120,,,No,191
Tillamook,EASTSIDE,Measure 120,,,No,72
Tillamook,FAIRVIEW,Measure 120,,,No,717
Tillamook,FOLEY,Measure 120,,,No,218
Tillamook,GARIBALDI,Measure 120,,,No,416
Tillamook,HEBO,Measure 120,,,No,210
Tillamook,KILCHIS,Measure 120,,,No,280
Tillamook,MAPLELEAF,Measure 120,,,No,271
Tillamook,NEHALEM,Measure 120,,,No,233
Tillamook,NESKOWIN,Measure 120,,,No,321
Tillamook,NETARTS,Measure 120,,,No,378
Tillamook,OCEANSIDE,Measure 120,,,No,149
Tillamook,PINE GROVE,Measure 120,,,No,666
Tillamook,ROCKAWAY,Measure 120,,,No,583
Tillamook,SOUTH PRAIRIE EAST,Measure 120,,,No,281
Tillamook,SOUTH PRAIRIE WEST,Measure 120,,,No,272
Tillamook,TILLAMOOK #1,Measure 120,,,No,212
Tillamook,TILLAMOOK #2,Measure 120,,,No,166
Tillamook,TILLAMOOK #3,Measure 120,,,No,134
Tillamook,TILLAMOOK #4,Measure 120,,,No,178
Tillamook,TILLAMOOK #5,Measure 120,,,No,141
Tillamook,TILLAMOOK #6,Measure 120,,,No,157
Tillamook,TRASK,Measure 120,,,No,137
Tillamook,UNION,Measure 120,,,No,560
Tillamook,WESTSIDE,Measure 120,,,No,132
Tillamook,WHEELER,Measure 120,,,No,172
Tillamook,BAY,Measure 120,,,Over Votes,0
Tillamook,BEAVER,Measure 120,,,Over Votes,0
Tillamook,CARNAHAN,Measure 120,,,Over Votes,0
Tillamook,CLOVERDALE,Measure 120,,,Over Votes,0
Tillamook,EASTSIDE,Measure 120,,,Over Votes,0
Tillamook,FAIRVIEW,Measure 120,,,Over Votes,0
Tillamook,FOLEY,Measure 120,,,Over Votes,0
Tillamook,GARIBALDI,Measure 120,,,Over Votes,0
Tillamook,HEBO,Measure 120,,,Over Votes,0
Tillamook,KILCHIS,Measure 120,,,Over Votes,0
Tillamook,MAPLELEAF,Measure 120,,,Over Votes,0
Tillamook,NEHALEM,Measure 120,,,Over Votes,0
Tillamook,NESKOWIN,Measure 120,,,Over Votes,0
Tillamook,NETARTS,Measure 120,,,Over Votes,0
Tillamook,OCEANSIDE,Measure 120,,,Over Votes,0
Tillamook,PINE GROVE,Measure 120,,,Over Votes,0
Tillamook,ROCKAWAY,Measure 120,,,Over Votes,0
Tillamook,SOUTH PRAIRIE EAST,Measure 120,,,Over Votes,0
Tillamook,SOUTH PRAIRIE WEST,Measure 120,,,Over Votes,0
Tillamook,TILLAMOOK #1,Measure 120,,,Over Votes,0
Tillamook,TILLAMOOK #2,Measure 120,,,Over Votes,0
Tillamook,TILLAMOOK #3,Measure 120,,,Over Votes,0
Tillamook,TILLAMOOK #4,Measure 120,,,Over Votes,0
Tillamook,TILLAMOOK #5,Measure 120,,,Over Votes,0
Tillamook,TILLAMOOK #6,Measure 120,,,Over Votes,0
Tillamook,TRASK,Measure 120,,,Over Votes,0
Tillamook,UNION,Measure 120,,,Over Votes,0
Tillamook,WESTSIDE,Measure 120,,,Over Votes,0
Tillamook,WHEELER,Measure 120,,,Over Votes,0
Tillamook,BAY,Measure 120,,,Under Votes,14
Tillamook,BEAVER,Measure 120,,,Under Votes,14
Tillamook,CARNAHAN,Measure 120,,,Under Votes,4
Tillamook,CLOVERDALE,Measure 120,,,Under Votes,7
Tillamook,EASTSIDE,Measure 120,,,Under Votes,3
Tillamook,FAIRVIEW,Measure 120,,,Under Votes,27
Tillamook,FOLEY,Measure 120,,,Under Votes,7
Tillamook,GARIBALDI,Measure 120,,,Under Votes,20
Tillamook,HEBO,Measure 120,,,Under Votes,8
Tillamook,KILCHIS,Measure 120,,,Under Votes,7
Tillamook,MAPLELEAF,Measure 120,,,Under Votes,8
Tillamook,NEHALEM,Measure 120,,,Under Votes,11
Tillamook,NESKOWIN,Measure 120,,,Under Votes,18
Tillamook,NETARTS,Measure 120,,,Under Votes,25
Tillamook,OCEANSIDE,Measure 120,,,Under Votes,18
Tillamook,PINE GROVE,Measure 120,,,Under Votes,41
Tillamook,ROCKAWAY,Measure 120,,,Under Votes,33
Tillamook,SOUTH PRAIRIE EAST,Measure 120,,,Under Votes,6
Tillamook,SOUTH PRAIRIE WEST,Measure 120,,,Under Votes,8
Tillamook,TILLAMOOK #1,Measure 120,,,Under Votes,3
Tillamook,TILLAMOOK #2,Measure 120,,,Under Votes,7
Tillamook,TILLAMOOK #3,Measure 120,,,Under Votes,9
Tillamook,TILLAMOOK #4,Measure 120,,,Under Votes,4
Tillamook,TILLAMOOK #5,Measure 120,,,Under Votes,7
Tillamook,TILLAMOOK #6,Measure 120,,,Under Votes,6
Tillamook,TRASK,Measure 120,,,Under Votes,3
Tillamook,UNION,Measure 120,,,Under Votes,17
Tillamook,WESTSIDE,Measure 120,,,Under Votes,6
Tillamook,WHEELER,Measure 120,,,Under Votes,10
Tillamook,BAY,Measure 120,,,Yes,130
Tillamook,BEAVER,Measure 120,,,Yes,32
Tillamook,CARNAHAN,Measure 120,,,Yes,22
Tillamook,CLOVERDALE,Measure 120,,,Yes,25
Tillamook,EASTSIDE,Measure 120,,,Yes,16
Tillamook,FAIRVIEW,Measure 120,,,Yes,93
Tillamook,FOLEY,Measure 120,,,Yes,68
Tillamook,GARIBALDI,Measure 120,,,Yes,48
Tillamook,HEBO,Measure 120,,,Yes,20
Tillamook,KILCHIS,Measure 120,,,Yes,37
Tillamook,MAPLELEAF,Measure 120,,,Yes,41
Tillamook,NEHALEM,Measure 120,,,Yes,85
Tillamook,NESKOWIN,Measure 120,,,Yes,117
Tillamook,NETARTS,Measure 120,,,Yes,152
Tillamook,OCEANSIDE,Measure 120,,,Yes,78
Tillamook,PINE GROVE,Measure 120,,,Yes,347
Tillamook,ROCKAWAY,Measure 120,,,Yes,146
Tillamook,SOUTH PRAIRIE EAST,Measure 120,,,Yes,26
Tillamook,SOUTH PRAIRIE WEST,Measure 120,,,Yes,25
Tillamook,TILLAMOOK #1,Measure 120,,,Yes,46
Tillamook,TILLAMOOK #2,Measure 120,,,Yes,31
Tillamook,TILLAMOOK #3,Measure 120,,,Yes,20
Tillamook,TILLAMOOK #4,Measure 120,,,Yes,37
Tillamook,TILLAMOOK #5,Measure 120,,,Yes,26
Tillamook,TILLAMOOK #6,Measure 120,,,Yes,12
Tillamook,TRASK,Measure 120,,,Yes,10
Tillamook,UNION,Measure 120,,,Yes,138
Tillamook,WESTSIDE,Measure 120,,,Yes,54
Tillamook,WHEELER,Measure 120,,,Yes,83
Tillamook,NESKOWIN,Measure 21-236,,,No,2
Tillamook,NESKOWIN,Measure 21-236,,,Over Votes,0
Tillamook,NESKOWIN,Measure 21-236,,,Under Votes,1
Tillamook,NESKOWIN,Measure 21-236,,,Yes,12
Tillamook,BAY,Measure 29-185,,,No,48
Tillamook,BEAVER,Measure 29-185,,,No,15
Tillamook,CARNAHAN,Measure 29-185,,,No,141
Tillamook,EASTSIDE,Measure 29-185,,,No,37
Tillamook,FAIRVIEW,Measure 29-185,,,No,374
Tillamook,KILCHIS,Measure 29-185,,,No,135
Tillamook,MAPLELEAF,Measure 29-185,,,No,130
Tillamook,SOUTH PRAIRIE EAST,Measure 29-185,,,No,170
Tillamook,SOUTH PRAIRIE WEST,Measure 29-185,,,No,151
Tillamook,TILLAMOOK #1,Measure 29-185,,,No,95
Tillamook,TILLAMOOK #2,Measure 29-185,,,No,101
Tillamook,TILLAMOOK #3,Measure 29-185,,,No,77
Tillamook,TILLAMOOK #4,Measure 29-185,,,No,104
Tillamook,TILLAMOOK #5,Measure 29-185,,,No,72
Tillamook,TILLAMOOK #6,Measure 29-185,,,No,74
Tillamook,TRASK,Measure 29-185,,,No,92
Tillamook,WESTSIDE,Measure 29-185,,,No,58
Tillamook,BAY,Measure 29-185,,,Over Votes,0
Tillamook,BEAVER,Measure 29-185,,,Over Votes,0
Tillamook,CARNAHAN,Measure 29-185,,,Over Votes,0
Tillamook,EASTSIDE,Measure 29-185,,,Over Votes,0
Tillamook,FAIRVIEW,Measure 29-185,,,Over Votes,0
Tillamook,KILCHIS,Measure 29-185,,,Over Votes,0
Tillamook,MAPLELEAF,Measure 29-185,,,Over Votes,0
Tillamook,SOUTH PRAIRIE EAST,Measure 29-185,,,Over Votes,0
Tillamook,SOUTH PRAIRIE WEST,Measure 29-185,,,Over Votes,0
Tillamook,TILLAMOOK #1,Measure 29-185,,,Over Votes,0
Tillamook,TILLAMOOK #2,Measure 29-185,,,Over Votes,0
Tillamook,TILLAMOOK #3,Measure 29-185,,,Over Votes,0
Tillamook,TILLAMOOK #4,Measure 29-185,,,Over Votes,0
Tillamook,TILLAMOOK #5,Measure 29-185,,,Over Votes,0
Tillamook,TILLAMOOK #6,Measure 29-185,,,Over Votes,0
Tillamook,TRASK,Measure 29-185,,,Over Votes,0
Tillamook,WESTSIDE,Measure 29-185,,,Over Votes,0
Tillamook,BAY,Measure 29-185,,,Under Votes,2
Tillamook,BEAVER,Measure 29-185,,,Under Votes,2
Tillamook,CARNAHAN,Measure 29-185,,,Under Votes,17
Tillamook,EASTSIDE,Measure 29-185,,,Under Votes,8
Tillamook,FAIRVIEW,Measure 29-185,,,Under Votes,31
Tillamook,KILCHIS,Measure 29-185,,,Under Votes,16
Tillamook,MAPLELEAF,Measure 29-185,,,Under Votes,19
Tillamook,SOUTH PRAIRIE EAST,Measure 29-185,,,Under Votes,16
Tillamook,SOUTH PRAIRIE WEST,Measure 29-185,,,Under Votes,6
Tillamook,TILLAMOOK #1,Measure 29-185,,,Under Votes,17
Tillamook,TILLAMOOK #2,Measure 29-185,,,Under Votes,15
Tillamook,TILLAMOOK #3,Measure 29-185,,,Under Votes,11
Tillamook,TILLAMOOK #4,Measure 29-185,,,Under Votes,6
Tillamook,TILLAMOOK #5,Measure 29-185,,,Under Votes,9
Tillamook,TILLAMOOK #6,Measure 29-185,,,Under Votes,9
Tillamook,TRASK,Measure 29-185,,,Under Votes,7
Tillamook,WESTSIDE,Measure 29-185,,,Under Votes,14
Tillamook,BAY,Measure 29-185,,,Yes,68
Tillamook,BEAVER,Measure 29-185,,,Yes,10
Tillamook,CARNAHAN,Measure 29-185,,,Yes,107
Tillamook,EASTSIDE,Measure 29-185,,,Yes,46
Tillamook,FAIRVIEW,Measure 29-185,,,Yes,345
Tillamook,KILCHIS,Measure 29-185,,,Yes,173
Tillamook,MAPLELEAF,Measure 29-185,,,Yes,171
Tillamook,SOUTH PRAIRIE EAST,Measure 29-185,,,Yes,127
Tillamook,SOUTH PRAIRIE WEST,Measure 29-185,,,Yes,148
Tillamook,TILLAMOOK #1,Measure 29-185,,,Yes,149
Tillamook,TILLAMOOK #2,Measure 29-185,,,Yes,88
Tillamook,TILLAMOOK #3,Measure 29-185,,,Yes,75
Tillamook,TILLAMOOK #4,Measure 29-185,,,Yes,109
Tillamook,TILLAMOOK #5,Measure 29-185,,,Yes,93
Tillamook,TILLAMOOK #6,Measure 29-185,,,Yes,92
Tillamook,TRASK,Measure 29-185,,,Yes,51
Tillamook,WESTSIDE,Measure 29-185,,,Yes,120
Tillamook,BAY,Measure 29-186,,,No,179
Tillamook,BEAVER,Measure 29-186,,,No,16
Tillamook,CARNAHAN,Measure 29-186,,,No,147
Tillamook,EASTSIDE,Measure 29-186,,,No,34
Tillamook,FAIRVIEW,Measure 29-186,,,No,381
Tillamook,KILCHIS,Measure 29-186,,,No,135
Tillamook,MAPLELEAF,Measure 29-186,,,No,147
Tillamook,SOUTH PRAIRIE EAST,Measure 29-186,,,No,168
Tillamook,SOUTH PRAIRIE WEST,Measure 29-186,,,No,159
Tillamook,TILLAMOOK #1,Measure 29-186,,,No,96
Tillamook,TILLAMOOK #2,Measure 29-186,,,No,107
Tillamook,TILLAMOOK #3,Measure 29-186,,,No,74
Tillamook,TILLAMOOK #4,Measure 29-186,,,No,110
Tillamook,TILLAMOOK #5,Measure 29-186,,,No,74
Tillamook,TILLAMOOK #6,Measure 29-186,,,No,76
Tillamook,TRASK,Measure 29-186,,,No,101
Tillamook,WESTSIDE,Measure 29-186,,,No,65
Tillamook,BAY,Measure 29-186,,,Over Votes,0
Tillamook,BEAVER,Measure 29-186,,,Over Votes,0
Tillamook,CARNAHAN,Measure 29-186,,,Over Votes,0
Tillamook,EASTSIDE,Measure 29-186,,,Over Votes,0
Tillamook,FAIRVIEW,Measure 29-186,,,Over Votes,0
Tillamook,KILCHIS,Measure 29-186,,,Over Votes,0
Tillamook,MAPLELEAF,Measure 29-186,,,Over Votes,0
Tillamook,SOUTH PRAIRIE EAST,Measure 29-186,,,Over Votes,0
Tillamook,SOUTH PRAIRIE WEST,Measure 29-186,,,Over Votes,0
Tillamook,TILLAMOOK #1,Measure 29-186,,,Over Votes,0
Tillamook,TILLAMOOK #2,Measure 29-186,,,Over Votes,0
Tillamook,TILLAMOOK #3,Measure 29-186,,,Over Votes,0
Tillamook,TILLAMOOK #4,Measure 29-186,,,Over Votes,0
Tillamook,TILLAMOOK #5,Measure 29-186,,,Over Votes,0
Tillamook,TILLAMOOK #6,Measure 29-186,,,Over Votes,0
Tillamook,TRASK,Measure 29-186,,,Over Votes,0
Tillamook,WESTSIDE,Measure 29-186,,,Over Votes,0
Tillamook,BAY,Measure 29-186,,,Under Votes,19
Tillamook,BEAVER,Measure 29-186,,,Under Votes,1
Tillamook,CARNAHAN,Measure 29-186,,,Under Votes,17
Tillamook,EASTSIDE,Measure 29-186,,,Under Votes,6
Tillamook,FAIRVIEW,Measure 29-186,,,Under Votes,33
Tillamook,KILCHIS,Measure 29-186,,,Under Votes,12
Tillamook,MAPLELEAF,Measure 29-186,,,Under Votes,18
Tillamook,SOUTH PRAIRIE EAST,Measure 29-186,,,Under Votes,14
Tillamook,SOUTH PRAIRIE WEST,Measure 29-186,,,Under Votes,6
Tillamook,TILLAMOOK #1,Measure 29-186,,,Under Votes,13
Tillamook,TILLAMOOK #2,Measure 29-186,,,Under Votes,9
Tillamook,TILLAMOOK #3,Measure 29-186,,,Under Votes,12
Tillamook,TILLAMOOK #4,Measure 29-186,,,Under Votes,8
Tillamook,TILLAMOOK #5,Measure 29-186,,,Under Votes,9
Tillamook,TILLAMOOK #6,Measure 29-186,,,Under Votes,8
Tillamook,TRASK,Measure 29-186,,,Under Votes,6
Tillamook,WESTSIDE,Measure 29-186,,,Under Votes,7
Tillamook,BAY,Measure 29-186,,,Yes,475
Tillamook,BEAVER,Measure 29-186,,,Yes,10
Tillamook,CARNAHAN,Measure 29-186,,,Yes,101
Tillamook,EASTSIDE,Measure 29-186,,,Yes,51
Tillamook,FAIRVIEW,Measure 29-186,,,Yes,336
Tillamook,KILCHIS,Measure 29-186,,,Yes,177
Tillamook,MAPLELEAF,Measure 29-186,,,Yes,155
Tillamook,SOUTH PRAIRIE EAST,Measure 29-186,,,Yes,131
Tillamook,SOUTH PRAIRIE WEST,Measure 29-186,,,Yes,140
Tillamook,TILLAMOOK #1,Measure 29-186,,,Yes,152
Tillamook,TILLAMOOK #2,Measure 29-186,,,Yes,88
Tillamook,TILLAMOOK #3,Measure 29-186,,,Yes,77
Tillamook,TILLAMOOK #4,Measure 29-186,,,Yes,101
Tillamook,TILLAMOOK #5,Measure 29-186,,,Yes,91
Tillamook,TILLAMOOK #6,Measure 29-186,,,Yes,91
Tillamook,TRASK,Measure 29-186,,,Yes,43
Tillamook,WESTSIDE,Measure 29-186,,,Yes,120
Tillamook,BAY,Registered Voters,,,Registered Voters,1377
Tillamook,BEAVER,Registered Voters,,,Registered Voters,922
Tillamook,CARNAHAN,Registered Voters,,,Registered Voters,501
Tillamook,CLOVERDALE,Registered Voters,,,Registered Voters,428
Tillamook,EASTSIDE,Registered Voters,,,Registered Voters,237
Tillamook,FAIRVIEW,Registered Voters,,,Registered Voters,1590
Tillamook,FOLEY,Registered Voters,,,Registered Voters,645
Tillamook,GARIBALDI,Registered Voters,,,Registered Voters,966
Tillamook,HEBO,Registered Voters,,,Registered Voters,541
Tillamook,KILCHIS,Registered Voters,,,Registered Voters,723
Tillamook,MAPLELEAF,Registered Voters,,,Registered Voters,623
Tillamook,NEHALEM,Registered Voters,,,Registered Voters,585
Tillamook,NESKOWIN,Registered Voters,,,Registered Voters,769
Tillamook,NETARTS,Registered Voters,,,Registered Voters,972
Tillamook,OCEANSIDE,Registered Voters,,,Registered Voters,365
Tillamook,PINE GROVE,Registered Voters,,,Registered Voters,1847
Tillamook,ROCKAWAY,Registered Voters,,,Registered Voters,1538
Tillamook,SOUTH PRAIRIE EAST,Registered Voters,,,Registered Voters,565
Tillamook,SOUTH PRAIRIE WEST,Registered Voters,,,Registered Voters,610
Tillamook,TILLAMOOK #1,Registered Voters,,,Registered Voters,617
Tillamook,TILLAMOOK #2,Registered Voters,,,Registered Voters,572
Tillamook,TILLAMOOK #3,Registered Voters,,,Registered Voters,586
Tillamook,TILLAMOOK #4,Registered Voters,,,Registered Voters,581
Tillamook,TILLAMOOK #5,Registered Voters,,,Registered Voters,537
Tillamook,TILLAMOOK #6,Registered Voters,,,Registered Voters,491
Tillamook,TRASK,Registered Voters,,,Registered Voters,365
Tillamook,UNION,Registered Voters,,,Registered Voters,1297
Tillamook,WESTSIDE,Registered Voters,,,Registered Voters,344
Tillamook,WHEELER,Registered Voters,,,Registered Voters,540
Tillamook,BAY,State House,32,D,Cyrus Javadi,180
Tillamook,BEAVER,State House,32,D,Cyrus Javadi,70
Tillamook,CARNAHAN,State House,32,D,Cyrus Javadi,40
Tillamook,CLOVERDALE,State House,32,D,Cyrus Javadi,34
Tillamook,FAIRVIEW,State House,32,D,Cyrus Javadi,157
Tillamook,FOLEY,State House,32,D,Cyrus Javadi,78
Tillamook,GARIBALDI,State House,32,D,Cyrus Javadi,109
Tillamook,HEBO,State House,32,D,Cyrus Javadi,58
Tillamook,KILCHIS,State House,32,D,Cyrus Javadi,64
Tillamook,MAPLELEAF,State House,32,D,Cyrus Javadi,50
Tillamook,NEHALEM,State House,32,D,Cyrus Javadi,123
Tillamook,NESKOWIN,State House,32,D,Cyrus Javadi,164
Tillamook,NETARTS,State House,32,D,Cyrus Javadi,196
Tillamook,OCEANSIDE,State House,32,D,Cyrus Javadi,103
Tillamook,PINE GROVE,State House,32,D,Cyrus Javadi,493
Tillamook,ROCKAWAY,State House,32,D,Cyrus Javadi,241
Tillamook,SOUTH PRAIRIE EAST,State House,32,D,Cyrus Javadi,31
Tillamook,SOUTH PRAIRIE WEST,State House,32,D,Cyrus Javadi,39
Tillamook,TILLAMOOK #1,State House,32,D,Cyrus Javadi,60
Tillamook,TILLAMOOK #2,State House,32,D,Cyrus Javadi,51
Tillamook,TILLAMOOK #3,State House,32,D,Cyrus Javadi,41
Tillamook,TILLAMOOK #4,State House,32,D,Cyrus Javadi,56
Tillamook,TILLAMOOK #5,State House,32,D,Cyrus Javadi,40
Tillamook,TILLAMOOK #6,State House,32,D,Cyrus Javadi,48
Tillamook,TRASK,State House,32,D,Cyrus Javadi,25
Tillamook,UNION,State House,32,D,Cyrus Javadi,213
Tillamook,WESTSIDE,State House,32,D,Cyrus Javadi,66
Tillamook,WHEELER,State House,32,D,Cyrus Javadi,112
Tillamook,BAY,State House,32,D,Over Votes,0
Tillamook,BEAVER,State House,32,D,Over Votes,0
Tillamook,CARNAHAN,State House,32,D,Over Votes,0
Tillamook,CLOVERDALE,State House,32,D,Over Votes,0
Tillamook,FAIRVIEW,State House,32,D,Over Votes,0
Tillamook,FOLEY,State House,32,D,Over Votes,0
Tillamook,GARIBALDI,State House,32,D,Over Votes,0
Tillamook,HEBO,State House,32,D,Over Votes,0
Tillamook,KILCHIS,State House,32,D,Over Votes,0
Tillamook,MAPLELEAF,State House,32,D,Over Votes,0
Tillamook,NEHALEM,State House,32,D,Over Votes,0
Tillamook,NESKOWIN,State House,32,D,Over Votes,0
Tillamook,NETARTS,State House,32,D,Over Votes,0
Tillamook,OCEANSIDE,State House,32,D,Over Votes,0
Tillamook,PINE GROVE,State House,32,D,Over Votes,0
Tillamook,ROCKAWAY,State House,32,D,Over Votes,0
Tillamook,SOUTH PRAIRIE EAST,State House,32,D,Over Votes,0
Tillamook,SOUTH PRAIRIE WEST,State House,32,D,Over Votes,0
Tillamook,TILLAMOOK #1,State House,32,D,Over Votes,0
Tillamook,TILLAMOOK #2,State House,32,D,Over Votes,0
Tillamook,TILLAMOOK #3,State House,32,D,Over Votes,0
Tillamook,TILLAMOOK #4,State House,32,D,Over Votes,0
Tillamook,TILLAMOOK #5,State House,32,D,Over Votes,0
Tillamook,TILLAMOOK #6,State House,32,D,Over Votes,0
Tillamook,TRASK,State House,32,D,Over Votes,0
Tillamook,UNION,State House,32,D,Over Votes,0
Tillamook,WESTSIDE,State House,32,D,Over Votes,0
Tillamook,WHEELER,State House,32,D,Over Votes,0
Tillamook,BAY,State House,32,D,Under Votes,38
Tillamook,BEAVER,State House,32,D,Under Votes,27
Tillamook,CARNAHAN,State House,32,D,Under Votes,8
Tillamook,CLOVERDALE,State House,32,D,Under Votes,18
Tillamook,FAIRVIEW,State House,32,D,Under Votes,43
Tillamook,FOLEY,State House,32,D,Under Votes,18
Tillamook,GARIBALDI,State House,32,D,Under Votes,44
Tillamook,HEBO,State House,32,D,Under Votes,18
Tillamook,KILCHIS,State House,32,D,Under Votes,17
Tillamook,MAPLELEAF,State House,32,D,Under Votes,23
Tillamook,NEHALEM,State House,32,D,Under Votes,26
Tillamook,NESKOWIN,State House,32,D,Under Votes,43
Tillamook,NETARTS,State House,32,D,Under Votes,32
Tillamook,OCEANSIDE,State House,32,D,Under Votes,18
Tillamook,PINE GROVE,State House,32,D,Under Votes,113
Tillamook,ROCKAWAY,State House,32,D,Under Votes,60
Tillamook,SOUTH PRAIRIE EAST,State House,32,D,Under Votes,17
Tillamook,SOUTH PRAIRIE WEST,State House,32,D,Under Votes,12
Tillamook,TILLAMOOK #1,State House,32,D,Under Votes,25
Tillamook,TILLAMOOK #2,State House,32,D,Under Votes,12
Tillamook,TILLAMOOK #3,State House,32,D,Under Votes,11
Tillamook,TILLAMOOK #4,State House,32,D,Under Votes,9
Tillamook,TILLAMOOK #5,State House,32,D,Under Votes,13
Tillamook,TILLAMOOK #6,State House,32,D,Under Votes,13
Tillamook,TRASK,State House,32,D,Under Votes,10
Tillamook,UNION,State House,32,D,Under Votes,66
Tillamook,WESTSIDE,State House,32,D,Under Votes,19
Tillamook,WHEELER,State House,32,D,Under Votes,33
Tillamook,BAY,State House,32,D,Write-ins,3
Tillamook,BEAVER,State House,32,D,Write-ins,7
Tillamook,CARNAHAN,State House,32,D,Write-ins,0
Tillamook,CLOVERDALE,State House,32,D,Write-ins,3
Tillamook,FAIRVIEW,State House,32,D,Write-ins,8
Tillamook,FOLEY,State House,32,D,Write-ins,4
Tillamook,GARIBALDI,State House,32,D,Write-ins,3
Tillamook,HEBO,State House,32,D,Write-ins,1
Tillamook,KILCHIS,State House,32,D,Write-ins,5
Tillamook,MAPLELEAF,State House,32,D,Write-ins,6
Tillamook,NEHALEM,State House,32,D,Write-ins,5
Tillamook,NESKOWIN,State House,32,D,Write-ins,1
Tillamook,NETARTS,State House,32,D,Write-ins,3
Tillamook,OCEANSIDE,State House,32,D,Write-ins,0
Tillamook,PINE GROVE,State House,32,D,Write-ins,5
Tillamook,ROCKAWAY,State House,32,D,Write-ins,4
Tillamook,SOUTH PRAIRIE EAST,State House,32,D,Write-ins,2
Tillamook,SOUTH PRAIRIE WEST,State House,32,D,Write-ins,7
Tillamook,TILLAMOOK #1,State House,32,D,Write-ins,10
Tillamook,TILLAMOOK #2,State House,32,D,Write-ins,2
Tillamook,TILLAMOOK #3,State House,32,D,Write-ins,2
Tillamook,TILLAMOOK #4,State House,32,D,Write-ins,2
Tillamook,TILLAMOOK #5,State House,32,D,Write-ins,6
Tillamook,TILLAMOOK #6,State House,32,D,Write-ins,2
Tillamook,TRASK,State House,32,D,Write-ins,4
Tillamook,UNION,State House,32,D,Write-ins,8
Tillamook,WESTSIDE,State House,32,D,Write-ins,0
Tillamook,WHEELER,State House,32,D,Write-ins,1
Tillamook,BAY,State House,32,R,Adam Dean,59
Tillamook,BEAVER,State House,32,R,Adam Dean,36
Tillamook,CARNAHAN,State House,32,R,Adam Dean,17
Tillamook,CLOVERDALE,State House,32,R,Adam Dean,16
Tillamook,FAIRVIEW,State House,32,R,Adam Dean,63
Tillamook,FOLEY,State House,32,R,Adam Dean,32
Tillamook,GARIBALDI,State House,32,R,Adam Dean,44
Tillamook,HEBO,State House,32,R,Adam Dean,21
Tillamook,KILCHIS,State House,32,R,Adam Dean,14
Tillamook,MAPLELEAF,State House,32,R,Adam Dean,24
Tillamook,NESKOWIN,State House,32,R,Adam Dean,35
Tillamook,NETARTS,State House,32,R,Adam Dean,43
Tillamook,PINE GROVE,State House,32,R,Adam Dean,53
Tillamook,ROCKAWAY,State House,32,R,Adam Dean,68
Tillamook,SOUTH PRAIRIE EAST,State House,32,R,Adam Dean,37
Tillamook,SOUTH PRAIRIE WEST,State House,32,R,Adam Dean,13
Tillamook,TILLAMOOK #1,State House,32,R,Adam Dean,14
Tillamook,TILLAMOOK #2,State House,32,R,Adam Dean,20
Tillamook,TILLAMOOK #3,State House,32,R,Adam Dean,11
Tillamook,TILLAMOOK #4,State House,32,R,Adam Dean,8
Tillamook,TILLAMOOK #5,State House,32,R,Adam Dean,15
Tillamook,UNION,State House,32,R,Adam Dean,52
Tillamook,WHEELER,State House,32,R,Adam Dean,11
Tillamook,BAY,State House,32,R,Christian Honl,57
Tillamook,BEAVER,State House,32,R,Christian Honl,28
Tillamook,CARNAHAN,State House,32,R,Christian Honl,16
Tillamook,CLOVERDALE,State House,32,R,Christian Honl,15
Tillamook,FAIRVIEW,State House,32,R,Christian Honl,64
Tillamook,FOLEY,State House,32,R,Christian Honl,28
Tillamook,GARIBALDI,State House,32,R,Christian Honl,51
Tillamook,HEBO,State House,32,R,Christian Honl,11
Tillamook,KILCHIS,State House,32,R,Christian Honl,24
Tillamook,MAPLELEAF,State House,32,R,Christian Honl,29
Tillamook,NESKOWIN,State House,32,R,Christian Honl,20
Tillamook,NETARTS,State House,32,R,Christian Honl,41
Tillamook,PINE GROVE,State House,32,R,Christian Honl,45
Tillamook,ROCKAWAY,State House,32,R,Christian Honl,83
Tillamook,SOUTH PRAIRIE EAST,State House,32,R,Christian Honl,18
Tillamook,SOUTH PRAIRIE WEST,State House,32,R,Christian Honl,11
Tillamook,TILLAMOOK #1,State House,32,R,Christian Honl,10
Tillamook,TILLAMOOK #2,State House,32,R,Christian Honl,20
Tillamook,TILLAMOOK #3,State House,32,R,Christian Honl,12
Tillamook,TILLAMOOK #4,State House,32,R,Christian Honl,22
Tillamook,TILLAMOOK #5,State House,32,R,Christian Honl,12
Tillamook,UNION,State House,32,R,Christian Honl,46
Tillamook,WHEELER,State House,32,R,Christian Honl,12
Tillamook,BAY,State House,32,R,Max Sherman,118
Tillamook,BEAVER,State House,32,R,Max Sherman,156
Tillamook,CARNAHAN,State House,32,R,Max Sherman,124
Tillamook,CLOVERDALE,State House,32,R,Max Sherman,74
Tillamook,FAIRVIEW,State House,32,R,Max Sherman,237
Tillamook,FOLEY,State House,32,R,Max Sherman,45
Tillamook,GARIBALDI,State House,32,R,Max Sherman,62
Tillamook,HEBO,State House,32,R,Max Sherman,63
Tillamook,KILCHIS,State House,32,R,Max Sherman,86
Tillamook,MAPLELEAF,State House,32,R,Max Sherman,105
Tillamook,NESKOWIN,State House,32,R,Max Sherman,58
Tillamook,NETARTS,State House,32,R,Max Sherman,81
Tillamook,PINE GROVE,State House,32,R,Max Sherman,71
Tillamook,ROCKAWAY,State House,32,R,Max Sherman,73
Tillamook,SOUTH PRAIRIE EAST,State House,32,R,Max Sherman,120
Tillamook,SOUTH PRAIRIE WEST,State House,32,R,Max Sherman,131
Tillamook,TILLAMOOK #1,State House,32,R,Max Sherman,53
Tillamook,TILLAMOOK #2,State House,32,R,Max Sherman,26
Tillamook,TILLAMOOK #3,State House,32,R,Max Sherman,34
Tillamook,TILLAMOOK #4,State House,32,R,Max Sherman,50
Tillamook,TILLAMOOK #5,State House,32,R,Max Sherman,30
Tillamook,UNION,State House,32,R,Max Sherman,147
Tillamook,WHEELER,State House,32,R,Max Sherman,13
Tillamook,BAY,State House,32,R,Over Votes,0
Tillamook,BEAVER,State House,32,R,Over Votes,0
Tillamook,CARNAHAN,State House,32,R,Over Votes,0
Tillamook,CLOVERDALE,State House,32,R,Over Votes,0
Tillamook,FAIRVIEW,State House,32,R,Over Votes,1
Tillamook,FOLEY,State House,32,R,Over Votes,0
Tillamook,GARIBALDI,State House,32,R,Over Votes,0
Tillamook,HEBO,State House,32,R,Over Votes,0
Tillamook,KILCHIS,State House,32,R,Over Votes,0
Tillamook,MAPLELEAF,State House,32,R,Over Votes,0
Tillamook,NESKOWIN,State House,32,R,Over Votes,0
Tillamook,NETARTS,State House,32,R,Over Votes,0
Tillamook,PINE GROVE,State House,32,R,Over Votes,0
Tillamook,ROCKAWAY,State House,32,R,Over Votes,0
Tillamook,SOUTH PRAIRIE EAST,State House,32,R,Over Votes,0
Tillamook,SOUTH PRAIRIE WEST,State House,32,R,Over Votes,0
Tillamook,TILLAMOOK #1,State House,32,R,Over Votes,0
Tillamook,TILLAMOOK #2,State House,32,R,Over Votes,0
Tillamook,TILLAMOOK #3,State House,32,R,Over Votes,0
Tillamook,TILLAMOOK #4,State House,32,R,Over Votes,0
Tillamook,TILLAMOOK #5,State House,32,R,Over Votes,0
Tillamook,UNION,State House,32,R,Over Votes,0
Tillamook,WHEELER,State House,32,R,Over Votes,0
Tillamook,BAY,State House,32,R,Under Votes,20
Tillamook,BEAVER,State House,32,R,Under Votes,20
Tillamook,CARNAHAN,State House,32,R,Under Votes,12
Tillamook,CLOVERDALE,State House,32,R,Under Votes,3
Tillamook,FAIRVIEW,State House,32,R,Under Votes,33
Tillamook,FOLEY,State House,32,R,Under Votes,8
Tillamook,GARIBALDI,State House,32,R,Under Votes,27
Tillamook,HEBO,State House,32,R,Under Votes,7
Tillamook,KILCHIS,State House,32,R,Under Votes,15
Tillamook,MAPLELEAF,State House,32,R,Under Votes,24
Tillamook,NESKOWIN,State House,32,R,Under Votes,14
Tillamook,NETARTS,State House,32,R,Under Votes,14
Tillamook,PINE GROVE,State House,32,R,Under Votes,34
Tillamook,ROCKAWAY,State House,32,R,Under Votes,27
Tillamook,SOUTH PRAIRIE EAST,State House,32,R,Under Votes,17
Tillamook,SOUTH PRAIRIE WEST,State House,32,R,Under Votes,10
Tillamook,TILLAMOOK #1,State House,32,R,Under Votes,7
Tillamook,TILLAMOOK #2,State House,32,R,Under Votes,4
Tillamook,TILLAMOOK #3,State House,32,R,Under Votes,4
Tillamook,TILLAMOOK #4,State House,32,R,Under Votes,3
Tillamook,TILLAMOOK #5,State House,32,R,Under Votes,8
Tillamook,UNION,State House,32,R,Under Votes,26
Tillamook,WHEELER,State House,32,R,Under Votes,15
Tillamook,BAY,State House,32,R,Write-ins,4
Tillamook,BEAVER,State House,32,R,Write-ins,1
Tillamook,CARNAHAN,State House,32,R,Write-ins,0
Tillamook,CLOVERDALE,State House,32,R,Write-ins,1
Tillamook,FAIRVIEW,State House,32,R,Write-ins,1
Tillamook,FOLEY,State House,32,R,Write-ins,1
Tillamook,GARIBALDI,State House,32,R,Write-ins,0
Tillamook,HEBO,State House,32,R,Write-ins,1
Tillamook,KILCHIS,State House,32,R,Write-ins,0
Tillamook,MAPLELEAF,State House,32,R,Write-ins,0
Tillamook,NESKOWIN,State House,32,R,Write-ins,1
Tillamook,NETARTS,State House,32,R,Write-ins,2
Tillamook,PINE GROVE,State House,32,R,Write-ins,2
Tillamook,ROCKAWAY,State House,32,R,Write-ins,1
Tillamook,SOUTH PRAIRIE EAST,State House,32,R,Write-ins,1
Tillamook,SOUTH PRAIRIE WEST,State House,32,R,Write-ins,1
Tillamook,TILLAMOOK #1,State House,32,R,Write-ins,0
Tillamook,TILLAMOOK #2,State House,32,R,Write-ins,0
Tillamook,TILLAMOOK #3,State House,32,R,Write-ins,0
Tillamook,TILLAMOOK #4,State House,32,R,Write-ins,0
Tillamook,TILLAMOOK #5,State House,32,R,Write-ins,0
Tillamook,UNION,State House,32,R,Write-ins,0
Tillamook,WHEELER,State House,32,R,Write-ins,0
Tillamook,BAY,State Senate,16,D,Aaron Dickie,8
Tillamook,BEAVER,State Senate,16,D,Aaron Dickie,6
Tillamook,CARNAHAN,State Senate,16,D,Aaron Dickie,4
Tillamook,CLOVERDALE,State Senate,16,D,Aaron Dickie,1
Tillamook,EASTSIDE,State Senate,16,D,Aaron Dickie,3
Tillamook,FAIRVIEW,State Senate,16,D,Aaron Dickie,8
Tillamook,FOLEY,State Senate,16,D,Aaron Dickie,5
Tillamook,GARIBALDI,State Senate,16,D,Aaron Dickie,15
Tillamook,HEBO,State Senate,16,D,Aaron Dickie,1
Tillamook,KILCHIS,State Senate,16,D,Aaron Dickie,3
Tillamook,MAPLELEAF,State Senate,16,D,Aaron Dickie,1
Tillamook,NEHALEM,State Senate,16,D,Aaron Dickie,7
Tillamook,NESKOWIN,State Senate,16,D,Aaron Dickie,6
Tillamook,NETARTS,State Senate,16,D,Aaron Dickie,6
Tillamook,OCEANSIDE,State Senate,16,D,Aaron Dickie,0
Tillamook,PINE GROVE,State Senate,16,D,Aaron Dickie,16
Tillamook,ROCKAWAY,State Senate,16,D,Aaron Dickie,11
Tillamook,SOUTH PRAIRIE EAST,State Senate,16,D,Aaron Dickie,3
Tillamook,SOUTH PRAIRIE WEST,State Senate,16,D,Aaron Dickie,2
Tillamook,TILLAMOOK #1,State Senate,16,D,Aaron Dickie,5
Tillamook,TILLAMOOK #2,State Senate,16,D,Aaron Dickie,2
Tillamook,TILLAMOOK #3,State Senate,16,D,Aaron Dickie,2
Tillamook,TILLAMOOK #4,State Senate,16,D,Aaron Dickie,3
Tillamook,TILLAMOOK #5,State Senate,16,D,Aaron Dickie,4
Tillamook,TILLAMOOK #6,State Senate,16,D,Aaron Dickie,4
Tillamook,TRASK,State Senate,16,D,Aaron Dickie,6
Tillamook,UNION,State Senate,16,D,Aaron Dickie,10
Tillamook,WESTSIDE,State Senate,16,D,Aaron Dickie,5
Tillamook,WHEELER,State Senate,16,D,Aaron Dickie,5
Tillamook,EASTSIDE,State Senate,16,D,Cyrus Javadi,24
Tillamook,BAY,State Senate,16,D,Jordan Gutierrez,13
Tillamook,BEAVER,State Senate,16,D,Jordan Gutierrez,8
Tillamook,CARNAHAN,State Senate,16,D,Jordan Gutierrez,1
Tillamook,CLOVERDALE,State Senate,16,D,Jordan Gutierrez,4
Tillamook,EASTSIDE,State Senate,16,D,Jordan Gutierrez,2
Tillamook,FAIRVIEW,State Senate,16,D,Jordan Gutierrez,8
Tillamook,FOLEY,State Senate,16,D,Jordan Gutierrez,7
Tillamook,GARIBALDI,State Senate,16,D,Jordan Gutierrez,9
Tillamook,HEBO,State Senate,16,D,Jordan Gutierrez,9
Tillamook,KILCHIS,State Senate,16,D,Jordan Gutierrez,10
Tillamook,MAPLELEAF,State Senate,16,D,Jordan Gutierrez,4
Tillamook,NEHALEM,State Senate,16,D,Jordan Gutierrez,8
Tillamook,NESKOWIN,State Senate,16,D,Jordan Gutierrez,10
Tillamook,NETARTS,State Senate,16,D,Jordan Gutierrez,10
Tillamook,OCEANSIDE,State Senate,16,D,Jordan Gutierrez,3
Tillamook,PINE GROVE,State Senate,16,D,Jordan Gutierrez,25
Tillamook,ROCKAWAY,State Senate,16,D,Jordan Gutierrez,23
Tillamook,SOUTH PRAIRIE EAST,State Senate,16,D,Jordan Gutierrez,0
Tillamook,SOUTH PRAIRIE WEST,State Senate,16,D,Jordan Gutierrez,5
Tillamook,TILLAMOOK #1,State Senate,16,D,Jordan Gutierrez,10
Tillamook,TILLAMOOK #2,State Senate,16,D,Jordan Gutierrez,5
Tillamook,TILLAMOOK #3,State Senate,16,D,Jordan Gutierrez,1
Tillamook,TILLAMOOK #4,State Senate,16,D,Jordan Gutierrez,4
Tillamook,TILLAMOOK #5,State Senate,16,D,Jordan Gutierrez,3
Tillamook,TILLAMOOK #6,State Senate,16,D,Jordan Gutierrez,4
Tillamook,TRASK,State Senate,16,D,Jordan Gutierrez,4
Tillamook,UNION,State Senate,16,D,Jordan Gutierrez,21
Tillamook,WESTSIDE,State Senate,16,D,Jordan Gutierrez,5
Tillamook,WHEELER,State Senate,16,D,Jordan Gutierrez,5
Tillamook,BAY,State Senate,16,D,Over Votes,0
Tillamook,BEAVER,State Senate,16,D,Over Votes,0
Tillamook,CARNAHAN,State Senate,16,D,Over Votes,0
Tillamook,CLOVERDALE,State Senate,16,D,Over Votes,0
Tillamook,EASTSIDE,State Senate,16,D,Over Votes,0
Tillamook,FAIRVIEW,State Senate,16,D,Over Votes,0
Tillamook,FOLEY,State Senate,16,D,Over Votes,0
Tillamook,GARIBALDI,State Senate,16,D,Over Votes,0
Tillamook,HEBO,State Senate,16,D,Over Votes,0
Tillamook,KILCHIS,State Senate,16,D,Over Votes,0
Tillamook,MAPLELEAF,State Senate,16,D,Over Votes,0
Tillamook,NEHALEM,State Senate,16,D,Over Votes,0
Tillamook,NESKOWIN,State Senate,16,D,Over Votes,0
Tillamook,NETARTS,State Senate,16,D,Over Votes,0
Tillamook,OCEANSIDE,State Senate,16,D,Over Votes,0
Tillamook,PINE GROVE,State Senate,16,D,Over Votes,0
Tillamook,ROCKAWAY,State Senate,16,D,Over Votes,0
Tillamook,SOUTH PRAIRIE EAST,State Senate,16,D,Over Votes,0
Tillamook,SOUTH PRAIRIE WEST,State Senate,16,D,Over Votes,0
Tillamook,TILLAMOOK #1,State Senate,16,D,Over Votes,0
Tillamook,TILLAMOOK #2,State Senate,16,D,Over Votes,0
Tillamook,TILLAMOOK #3,State Senate,16,D,Over Votes,0
Tillamook,TILLAMOOK #4,State Senate,16,D,Over Votes,0
Tillamook,TILLAMOOK #5,State Senate,16,D,Over Votes,0
Tillamook,TILLAMOOK #6,State Senate,16,D,Over Votes,0
Tillamook,TRASK,State Senate,16,D,Over Votes,0
Tillamook,UNION,State Senate,16,D,Over Votes,0
Tillamook,WESTSIDE,State Senate,16,D,Over Votes,0
Tillamook,WHEELER,State Senate,16,D,Over Votes,0
Tillamook,BAY,State Senate,16,D,Rachel Armitage,149
Tillamook,BEAVER,State Senate,16,D,Rachel Armitage,65
Tillamook,CARNAHAN,State Senate,16,D,Rachel Armitage,30
Tillamook,CLOVERDALE,State Senate,16,D,Rachel Armitage,36
Tillamook,EASTSIDE,State Senate,16,D,Rachel Armitage,17
Tillamook,FAIRVIEW,State Senate,16,D,Rachel Armitage,140
Tillamook,FOLEY,State Senate,16,D,Rachel Armitage,63
Tillamook,GARIBALDI,State Senate,16,D,Rachel Armitage,98
Tillamook,HEBO,State Senate,16,D,Rachel Armitage,52
Tillamook,KILCHIS,State Senate,16,D,Rachel Armitage,58
Tillamook,MAPLELEAF,State Senate,16,D,Rachel Armitage,50
Tillamook,NEHALEM,State Senate,16,D,Rachel Armitage,113
Tillamook,NESKOWIN,State Senate,16,D,Rachel Armitage,164
Tillamook,NETARTS,State Senate,16,D,Rachel Armitage,181
Tillamook,OCEANSIDE,State Senate,16,D,Rachel Armitage,102
Tillamook,PINE GROVE,State Senate,16,D,Rachel Armitage,466
Tillamook,ROCKAWAY,State Senate,16,D,Rachel Armitage,220
Tillamook,SOUTH PRAIRIE EAST,State Senate,16,D,Rachel Armitage,29
Tillamook,SOUTH PRAIRIE WEST,State Senate,16,D,Rachel Armitage,37
Tillamook,TILLAMOOK #1,State Senate,16,D,Rachel Armitage,65
Tillamook,TILLAMOOK #2,State Senate,16,D,Rachel Armitage,50
Tillamook,TILLAMOOK #3,State Senate,16,D,Rachel Armitage,41
Tillamook,TILLAMOOK #4,State Senate,16,D,Rachel Armitage,49
Tillamook,TILLAMOOK #5,State Senate,16,D,Rachel Armitage,36
Tillamook,TILLAMOOK #6,State Senate,16,D,Rachel Armitage,44
Tillamook,TRASK,State Senate,16,D,Rachel Armitage,16
Tillamook,UNION,State Senate,16,D,Rachel Armitage,189
Tillamook,WESTSIDE,State Senate,16,D,Rachel Armitage,66
Tillamook,WHEELER,State Senate,16,D,Rachel Armitage,109
Tillamook,BAY,State Senate,16,D,Under Votes,50
Tillamook,BEAVER,State Senate,16,D,Under Votes,23
Tillamook,CARNAHAN,State Senate,16,D,Under Votes,13
Tillamook,CLOVERDALE,State Senate,16,D,Under Votes,10
Tillamook,EASTSIDE,State Senate,16,D,Under Votes,14
Tillamook,FAIRVIEW,State Senate,16,D,Under Votes,49
Tillamook,FOLEY,State Senate,16,D,Under Votes,24
Tillamook,GARIBALDI,State Senate,16,D,Under Votes,29
Tillamook,HEBO,State Senate,16,D,Under Votes,14
Tillamook,KILCHIS,State Senate,16,D,Under Votes,12
Tillamook,MAPLELEAF,State Senate,16,D,Under Votes,22
Tillamook,NEHALEM,State Senate,16,D,Under Votes,25
Tillamook,NESKOWIN,State Senate,16,D,Under Votes,28
Tillamook,NETARTS,State Senate,16,D,Under Votes,33
Tillamook,OCEANSIDE,State Senate,16,D,Under Votes,16
Tillamook,PINE GROVE,State Senate,16,D,Under Votes,104
Tillamook,ROCKAWAY,State Senate,16,D,Under Votes,47
Tillamook,SOUTH PRAIRIE EAST,State Senate,16,D,Under Votes,17
Tillamook,SOUTH PRAIRIE WEST,State Senate,16,D,Under Votes,11
Tillamook,TILLAMOOK #1,State Senate,16,D,Under Votes,13
Tillamook,TILLAMOOK #2,State Senate,16,D,Under Votes,8
Tillamook,TILLAMOOK #3,State Senate,16,D,Under Votes,10
Tillamook,TILLAMOOK #4,State Senate,16,D,Under Votes,11
Tillamook,TILLAMOOK #5,State Senate,16,D,Under Votes,13
Tillamook,TILLAMOOK #6,State Senate,16,D,Under Votes,10
Tillamook,TRASK,State Senate,16,D,Under Votes,12
Tillamook,UNION,State Senate,16,D,Under Votes,63
Tillamook,WESTSIDE,State Senate,16,D,Under Votes,9
Tillamook,WHEELER,State Senate,16,D,Under Votes,27
Tillamook,BAY,State Senate,16,D,Write-ins,1
Tillamook,BEAVER,State Senate,16,D,Write-ins,2
Tillamook,CARNAHAN,State Senate,16,D,Write-ins,0
Tillamook,CLOVERDALE,State Senate,16,D,Write-ins,4
Tillamook,EASTSIDE,State Senate,16,D,Write-ins,2
Tillamook,FAIRVIEW,State Senate,16,D,Write-ins,3
Tillamook,FOLEY,State Senate,16,D,Write-ins,1
Tillamook,GARIBALDI,State Senate,16,D,Write-ins,5
Tillamook,HEBO,State Senate,16,D,Write-ins,1
Tillamook,KILCHIS,State Senate,16,D,Write-ins,3
Tillamook,MAPLELEAF,State Senate,16,D,Write-ins,2
Tillamook,NEHALEM,State Senate,16,D,Write-ins,1
Tillamook,NESKOWIN,State Senate,16,D,Write-ins,0
Tillamook,NETARTS,State Senate,16,D,Write-ins,1
Tillamook,OCEANSIDE,State Senate,16,D,Write-ins,0
Tillamook,PINE GROVE,State Senate,16,D,Write-ins,0
Tillamook,ROCKAWAY,State Senate,16,D,Write-ins,4
Tillamook,SOUTH PRAIRIE EAST,State Senate,16,D,Write-ins,1
Tillamook,SOUTH PRAIRIE WEST,State Senate,16,D,Write-ins,3
Tillamook,TILLAMOOK #1,State Senate,16,D,Write-ins,2
Tillamook,TILLAMOOK #2,State Senate,16,D,Write-ins,0
Tillamook,TILLAMOOK #3,State Senate,16,D,Write-ins,0
Tillamook,TILLAMOOK #4,State Senate,16,D,Write-ins,0
Tillamook,TILLAMOOK #5,State Senate,16,D,Write-ins,3
Tillamook,TILLAMOOK #6,State Senate,16,D,Write-ins,1
Tillamook,TRASK,State Senate,16,D,Write-ins,1
Tillamook,UNION,State Senate,16,D,Write-ins,4
Tillamook,WESTSIDE,State Senate,16,D,Write-ins,0
Tillamook,WHEELER,State Senate,16,D,Write-ins,0
Tillamook,EASTSIDE,State Senate,16,R,Adam Dean,7
Tillamook,NEHALEM,State Senate,16,R,Adam Dean,24
Tillamook,OCEANSIDE,State Senate,16,R,Adam Dean,13
Tillamook,TILLAMOOK #6,State Senate,16,R,Adam Dean,7
Tillamook,TRASK,State Senate,16,R,Adam Dean,16
Tillamook,WESTSIDE,State Senate,16,R,Adam Dean,12
Tillamook,EASTSIDE,State Senate,16,R,Christian Honl,5
Tillamook,NEHALEM,State Senate,16,R,Christian Honl,5
Tillamook,OCEANSIDE,State Senate,16,R,Christian Honl,5
Tillamook,TILLAMOOK #6,State Senate,16,R,Christian Honl,17
Tillamook,TRASK,State Senate,16,R,Christian Honl,8
Tillamook,WESTSIDE,State Senate,16,R,Christian Honl,4
Tillamook,BAY,State Senate,16,R,Courtney Bangs,155
Tillamook,BEAVER,State Senate,16,R,Courtney Bangs,129
Tillamook,CARNAHAN,State Senate,16,R,Courtney Bangs,88
Tillamook,CLOVERDALE,State Senate,16,R,Courtney Bangs,80
Tillamook,EASTSIDE,State Senate,16,R,Courtney Bangs,22
Tillamook,FAIRVIEW,State Senate,16,R,Courtney Bangs,228
Tillamook,FOLEY,State Senate,16,R,Courtney Bangs,63
Tillamook,GARIBALDI,State Senate,16,R,Courtney Bangs,95
Tillamook,HEBO,State Senate,16,R,Courtney Bangs,46
Tillamook,KILCHIS,State Senate,16,R,Courtney Bangs,74
Tillamook,MAPLELEAF,State Senate,16,R,Courtney Bangs,106
Tillamook,NEHALEM,State Senate,16,R,Courtney Bangs,42
Tillamook,NESKOWIN,State Senate,16,R,Courtney Bangs,81
Tillamook,NETARTS,State Senate,16,R,Courtney Bangs,105
Tillamook,OCEANSIDE,State Senate,16,R,Courtney Bangs,33
Tillamook,PINE GROVE,State Senate,16,R,Courtney Bangs,102
Tillamook,ROCKAWAY,State Senate,16,R,Courtney Bangs,111
Tillamook,SOUTH PRAIRIE EAST,State Senate,16,R,Courtney Bangs,121
Tillamook,SOUTH PRAIRIE WEST,State Senate,16,R,Courtney Bangs,101
Tillamook,TILLAMOOK #1,State Senate,16,R,Courtney Bangs,45
Tillamook,TILLAMOOK #2,State Senate,16,R,Courtney Bangs,42
Tillamook,TILLAMOOK #3,State Senate,16,R,Courtney Bangs,37
Tillamook,TILLAMOOK #4,State Senate,16,R,Courtney Bangs,48
Tillamook,TILLAMOOK #5,State Senate,16,R,Courtney Bangs,31
Tillamook,TILLAMOOK #6,State Senate,16,R,Courtney Bangs,36
Tillamook,TRASK,State Senate,16,R,Courtney Bangs,41
Tillamook,UNION,State Senate,16,R,Courtney Bangs,123
Tillamook,WESTSIDE,State Senate,16,R,Courtney Bangs,39
Tillamook,WHEELER,State Senate,16,R,Courtney Bangs,14
Tillamook,BAY,State Senate,16,R,Frank A. Mansfield,9
Tillamook,BEAVER,State Senate,16,R,Frank A. Mansfield,7
Tillamook,CARNAHAN,State Senate,16,R,Frank A. Mansfield,4
Tillamook,CLOVERDALE,State Senate,16,R,Frank A. Mansfield,6
Tillamook,EASTSIDE,State Senate,16,R,Frank A. Mansfield,1
Tillamook,FAIRVIEW,State Senate,16,R,Frank A. Mansfield,17
Tillamook,FOLEY,State Senate,16,R,Frank A. Mansfield,6
Tillamook,GARIBALDI,State Senate,16,R,Frank A. Mansfield,16
Tillamook,HEBO,State Senate,16,R,Frank A. Mansfield,7
Tillamook,KILCHIS,State Senate,16,R,Frank A. Mansfield,5
Tillamook,MAPLELEAF,State Senate,16,R,Frank A. Mansfield,7
Tillamook,NEHALEM,State Senate,16,R,Frank A. Mansfield,5
Tillamook,NESKOWIN,State Senate,16,R,Frank A. Mansfield,9
Tillamook,NETARTS,State Senate,16,R,Frank A. Mansfield,8
Tillamook,OCEANSIDE,State Senate,16,R,Frank A. Mansfield,4
Tillamook,PINE GROVE,State Senate,16,R,Frank A. Mansfield,14
Tillamook,ROCKAWAY,State Senate,16,R,Frank A. Mansfield,19
Tillamook,SOUTH PRAIRIE EAST,State Senate,16,R,Frank A. Mansfield,6
Tillamook,SOUTH PRAIRIE WEST,State Senate,16,R,Frank A. Mansfield,8
Tillamook,TILLAMOOK #1,State Senate,16,R,Frank A. Mansfield,4
Tillamook,TILLAMOOK #2,State Senate,16,R,Frank A. Mansfield,5
Tillamook,TILLAMOOK #3,State Senate,16,R,Frank A. Mansfield,3
Tillamook,TILLAMOOK #4,State Senate,16,R,Frank A. Mansfield,4
Tillamook,TILLAMOOK #5,State Senate,16,R,Frank A. Mansfield,2
Tillamook,TILLAMOOK #6,State Senate,16,R,Frank A. Mansfield,1
Tillamook,TRASK,State Senate,16,R,Frank A. Mansfield,5
Tillamook,UNION,State Senate,16,R,Frank A. Mansfield,21
Tillamook,WESTSIDE,State Senate,16,R,Frank A. Mansfield,1
Tillamook,WHEELER,State Senate,16,R,Frank A. Mansfield,12
Tillamook,EASTSIDE,State Senate,16,R,Max Sherman,20
Tillamook,NEHALEM,State Senate,16,R,Max Sherman,37
Tillamook,OCEANSIDE,State Senate,16,R,Max Sherman,23
Tillamook,TILLAMOOK #6,State Senate,16,R,Max Sherman,32
Tillamook,TRASK,State Senate,16,R,Max Sherman,40
Tillamook,WESTSIDE,State Senate,16,R,Max Sherman,39
Tillamook,BAY,State Senate,16,R,Over Votes,0
Tillamook,BEAVER,State Senate,16,R,Over Votes,0
Tillamook,CARNAHAN,State Senate,16,R,Over Votes,0
Tillamook,CLOVERDALE,State Senate,16,R,Over Votes,0
Tillamook,EASTSIDE,State Senate,16,R,Over Votes,0
Tillamook,FAIRVIEW,State Senate,16,R,Over Votes,0
Tillamook,FOLEY,State Senate,16,R,Over Votes,0
Tillamook,GARIBALDI,State Senate,16,R,Over Votes,0
Tillamook,HEBO,State Senate,16,R,Over Votes,0
Tillamook,KILCHIS,State Senate,16,R,Over Votes,0
Tillamook,MAPLELEAF,State Senate,16,R,Over Votes,0
Tillamook,NEHALEM,State Senate,16,R,Over Votes,0
Tillamook,NESKOWIN,State Senate,16,R,Over Votes,0
Tillamook,NETARTS,State Senate,16,R,Over Votes,0
Tillamook,OCEANSIDE,State Senate,16,R,Over Votes,0
Tillamook,PINE GROVE,State Senate,16,R,Over Votes,0
Tillamook,ROCKAWAY,State Senate,16,R,Over Votes,0
Tillamook,SOUTH PRAIRIE EAST,State Senate,16,R,Over Votes,0
Tillamook,SOUTH PRAIRIE WEST,State Senate,16,R,Over Votes,0
Tillamook,TILLAMOOK #1,State Senate,16,R,Over Votes,0
Tillamook,TILLAMOOK #2,State Senate,16,R,Over Votes,0
Tillamook,TILLAMOOK #3,State Senate,16,R,Over Votes,0
Tillamook,TILLAMOOK #4,State Senate,16,R,Over Votes,0
Tillamook,TILLAMOOK #5,State Senate,16,R,Over Votes,0
Tillamook,TILLAMOOK #6,State Senate,16,R,Over Votes,0
Tillamook,TRASK,State Senate,16,R,Over Votes,0
Tillamook,UNION,State Senate,16,R,Over Votes,0
Tillamook,WESTSIDE,State Senate,16,R,Over Votes,0
Tillamook,WHEELER,State Senate,16,R,Over Votes,0
Tillamook,BAY,State Senate,16,R,Tripp Dietrich,72
Tillamook,BEAVER,State Senate,16,R,Tripp Dietrich,78
Tillamook,CARNAHAN,State Senate,16,R,Tripp Dietrich,63
Tillamook,CLOVERDALE,State Senate,16,R,Tripp Dietrich,21
Tillamook,EASTSIDE,State Senate,16,R,Tripp Dietrich,8
Tillamook,FAIRVIEW,State Senate,16,R,Tripp Dietrich,123
Tillamook,FOLEY,State Senate,16,R,Tripp Dietrich,33
Tillamook,GARIBALDI,State Senate,16,R,Tripp Dietrich,52
Tillamook,HEBO,State Senate,16,R,Tripp Dietrich,36
Tillamook,KILCHIS,State Senate,16,R,Tripp Dietrich,43
Tillamook,MAPLELEAF,State Senate,16,R,Tripp Dietrich,47
Tillamook,NEHALEM,State Senate,16,R,Tripp Dietrich,23
Tillamook,NESKOWIN,State Senate,16,R,Tripp Dietrich,27
Tillamook,NETARTS,State Senate,16,R,Tripp Dietrich,49
Tillamook,OCEANSIDE,State Senate,16,R,Tripp Dietrich,5
Tillamook,PINE GROVE,State Senate,16,R,Tripp Dietrich,58
Tillamook,ROCKAWAY,State Senate,16,R,Tripp Dietrich,95
Tillamook,SOUTH PRAIRIE EAST,State Senate,16,R,Tripp Dietrich,46
Tillamook,SOUTH PRAIRIE WEST,State Senate,16,R,Tripp Dietrich,42
Tillamook,TILLAMOOK #1,State Senate,16,R,Tripp Dietrich,29
Tillamook,TILLAMOOK #2,State Senate,16,R,Tripp Dietrich,18
Tillamook,TILLAMOOK #3,State Senate,16,R,Tripp Dietrich,17
Tillamook,TILLAMOOK #4,State Senate,16,R,Tripp Dietrich,28
Tillamook,TILLAMOOK #5,State Senate,16,R,Tripp Dietrich,25
Tillamook,TILLAMOOK #6,State Senate,16,R,Tripp Dietrich,21
Tillamook,TRASK,State Senate,16,R,Tripp Dietrich,17
Tillamook,UNION,State Senate,16,R,Tripp Dietrich,88
Tillamook,WESTSIDE,State Senate,16,R,Tripp Dietrich,15
Tillamook,WHEELER,State Senate,16,R,Tripp Dietrich,10
Tillamook,BAY,State Senate,16,R,Under Votes,20
Tillamook,BEAVER,State Senate,16,R,Under Votes,27
Tillamook,CARNAHAN,State Senate,16,R,Under Votes,14
Tillamook,CLOVERDALE,State Senate,16,R,Under Votes,2
Tillamook,EASTSIDE,State Senate,16,R,Under Votes,3
Tillamook,FAIRVIEW,State Senate,16,R,Under Votes,30
Tillamook,FOLEY,State Senate,16,R,Under Votes,11
Tillamook,GARIBALDI,State Senate,16,R,Under Votes,21
Tillamook,HEBO,State Senate,16,R,Under Votes,13
Tillamook,KILCHIS,State Senate,16,R,Under Votes,17
Tillamook,MAPLELEAF,State Senate,16,R,Under Votes,22
Tillamook,NEHALEM,State Senate,16,R,Under Votes,18
Tillamook,NESKOWIN,State Senate,16,R,Under Votes,10
Tillamook,NETARTS,State Senate,16,R,Under Votes,18
Tillamook,OCEANSIDE,State Senate,16,R,Under Votes,17
Tillamook,PINE GROVE,State Senate,16,R,Under Votes,29
Tillamook,ROCKAWAY,State Senate,16,R,Under Votes,26
Tillamook,SOUTH PRAIRIE EAST,State Senate,16,R,Under Votes,19
Tillamook,SOUTH PRAIRIE WEST,State Senate,16,R,Under Votes,14
Tillamook,TILLAMOOK #1,State Senate,16,R,Under Votes,6
Tillamook,TILLAMOOK #2,State Senate,16,R,Under Votes,5
Tillamook,TILLAMOOK #3,State Senate,16,R,Under Votes,4
Tillamook,TILLAMOOK #4,State Senate,16,R,Under Votes,3
Tillamook,TILLAMOOK #5,State Senate,16,R,Under Votes,7
Tillamook,TILLAMOOK #6,State Senate,16,R,Under Votes,16
Tillamook,TRASK,State Senate,16,R,Under Votes,5
Tillamook,UNION,State Senate,16,R,Under Votes,39
Tillamook,WESTSIDE,State Senate,16,R,Under Votes,14
Tillamook,WHEELER,State Senate,16,R,Under Votes,15
Tillamook,BAY,State Senate,16,R,Write-ins,2
Tillamook,BEAVER,State Senate,16,R,Write-ins,0
Tillamook,CARNAHAN,State Senate,16,R,Write-ins,0
Tillamook,CLOVERDALE,State Senate,16,R,Write-ins,0
Tillamook,EASTSIDE,State Senate,16,R,Write-ins,0
Tillamook,FAIRVIEW,State Senate,16,R,Write-ins,1
Tillamook,FOLEY,State Senate,16,R,Write-ins,1
Tillamook,GARIBALDI,State Senate,16,R,Write-ins,0
Tillamook,HEBO,State Senate,16,R,Write-ins,1
Tillamook,KILCHIS,State Senate,16,R,Write-ins,0
Tillamook,MAPLELEAF,State Senate,16,R,Write-ins,0
Tillamook,NEHALEM,State Senate,16,R,Write-ins,2
Tillamook,NESKOWIN,State Senate,16,R,Write-ins,1
Tillamook,NETARTS,State Senate,16,R,Write-ins,1
Tillamook,OCEANSIDE,State Senate,16,R,Write-ins,0
Tillamook,PINE GROVE,State Senate,16,R,Write-ins,2
Tillamook,ROCKAWAY,State Senate,16,R,Write-ins,1
Tillamook,SOUTH PRAIRIE EAST,State Senate,16,R,Write-ins,1
Tillamook,SOUTH PRAIRIE WEST,State Senate,16,R,Write-ins,1
Tillamook,TILLAMOOK #1,State Senate,16,R,Write-ins,0
Tillamook,TILLAMOOK #2,State Senate,16,R,Write-ins,0
Tillamook,TILLAMOOK #3,State Senate,16,R,Write-ins,0
Tillamook,TILLAMOOK #4,State Senate,16,R,Write-ins,0
Tillamook,TILLAMOOK #5,State Senate,16,R,Write-ins,0
Tillamook,TILLAMOOK #6,State Senate,16,R,Write-ins,2
Tillamook,TRASK,State Senate,16,R,Write-ins,0
Tillamook,UNION,State Senate,16,R,Write-ins,0
Tillamook,WESTSIDE,State Senate,16,R,Write-ins,0
Tillamook,WHEELER,State Senate,16,R,Write-ins,0
Tillamook,BAY,U.S. House,1,D,Jamil O. Ahmad,28
Tillamook,BEAVER,U.S. House,1,D,Jamil O. Ahmad,8
Tillamook,CARNAHAN,U.S. House,1,D,Jamil O. Ahmad,7
Tillamook,CLOVERDALE,U.S. House,1,D,Jamil O. Ahmad,3
Tillamook,EASTSIDE,U.S. House,1,D,Jamil O. Ahmad,6
Tillamook,FAIRVIEW,U.S. House,1,D,Jamil O. Ahmad,23
Tillamook,FOLEY,U.S. House,1,D,Jamil O. Ahmad,9
Tillamook,GARIBALDI,U.S. House,1,D,Jamil O. Ahmad,24
Tillamook,HEBO,U.S. House,1,D,Jamil O. Ahmad,14
Tillamook,KILCHIS,U.S. House,1,D,Jamil O. Ahmad,9
Tillamook,MAPLELEAF,U.S. House,1,D,Jamil O. Ahmad,8
Tillamook,NEHALEM,U.S. House,1,D,Jamil O. Ahmad,15
Tillamook,NESKOWIN,U.S. House,1,D,Jamil O. Ahmad,17
Tillamook,NETARTS,U.S. House,1,D,Jamil O. Ahmad,23
Tillamook,OCEANSIDE,U.S. House,1,D,Jamil O. Ahmad,11
Tillamook,PINE GROVE,U.S. House,1,D,Jamil O. Ahmad,43
Tillamook,ROCKAWAY,U.S. House,1,D,Jamil O. Ahmad,44
Tillamook,SOUTH PRAIRIE EAST,U.S. House,1,D,Jamil O. Ahmad,6
Tillamook,SOUTH PRAIRIE WEST,U.S. House,1,D,Jamil O. Ahmad,3
Tillamook,TILLAMOOK #1,U.S. House,1,D,Jamil O. Ahmad,15
Tillamook,TILLAMOOK #2,U.S. House,1,D,Jamil O. Ahmad,5
Tillamook,TILLAMOOK #3,U.S. House,1,D,Jamil O. Ahmad,8
Tillamook,TILLAMOOK #4,U.S. House,1,D,Jamil O. Ahmad,12
Tillamook,TILLAMOOK #5,U.S. House,1,D,Jamil O. Ahmad,8
Tillamook,TILLAMOOK #6,U.S. House,1,D,Jamil O. Ahmad,3
Tillamook,TRASK,U.S. House,1,D,Jamil O. Ahmad,8
Tillamook,UNION,U.S. House,1,D,Jamil O. Ahmad,38
Tillamook,WESTSIDE,U.S. House,1,D,Jamil O. Ahmad,9
Tillamook,WHEELER,U.S. House,1,D,Jamil O. Ahmad,16
Tillamook,BAY,U.S. House,1,D,Over Votes,0
Tillamook,BEAVER,U.S. House,1,D,Over Votes,0
Tillamook,CARNAHAN,U.S. House,1,D,Over Votes,0
Tillamook,CLOVERDALE,U.S. House,1,D,Over Votes,0
Tillamook,EASTSIDE,U.S. House,1,D,Over Votes,0
Tillamook,FAIRVIEW,U.S. House,1,D,Over Votes,0
Tillamook,FOLEY,U.S. House,1,D,Over Votes,0
Tillamook,GARIBALDI,U.S. House,1,D,Over Votes,0
Tillamook,HEBO,U.S. House,1,D,Over Votes,0
Tillamook,KILCHIS,U.S. House,1,D,Over Votes,0
Tillamook,MAPLELEAF,U.S. House,1,D,Over Votes,0
Tillamook,NEHALEM,U.S. House,1,D,Over Votes,0
Tillamook,NESKOWIN,U.S. House,1,D,Over Votes,0
Tillamook,NETARTS,U.S. House,1,D,Over Votes,0
Tillamook,OCEANSIDE,U.S. House,1,D,Over Votes,0
Tillamook,PINE GROVE,U.S. House,1,D,Over Votes,0
Tillamook,ROCKAWAY,U.S. House,1,D,Over Votes,0
Tillamook,SOUTH PRAIRIE EAST,U.S. House,1,D,Over Votes,0
Tillamook,SOUTH PRAIRIE WEST,U.S. House,1,D,Over Votes,0
Tillamook,TILLAMOOK #1,U.S. House,1,D,Over Votes,0
Tillamook,TILLAMOOK #2,U.S. House,1,D,Over Votes,0
Tillamook,TILLAMOOK #3,U.S. House,1,D,Over Votes,0
Tillamook,TILLAMOOK #4,U.S. House,1,D,Over Votes,0
Tillamook,TILLAMOOK #5,U.S. House,1,D,Over Votes,0
Tillamook,TILLAMOOK #6,U.S. House,1,D,Over Votes,0
Tillamook,TRASK,U.S. House,1,D,Over Votes,0
Tillamook,UNION,U.S. House,1,D,Over Votes,0
Tillamook,WESTSIDE,U.S. House,1,D,Over Votes,0
Tillamook,WHEELER,U.S. House,1,D,Over Votes,0
Tillamook,BAY,U.S. House,1,D,Suzanne Bonamici,171
Tillamook,BEAVER,U.S. House,1,D,Suzanne Bonamici,79
Tillamook,CARNAHAN,U.S. House,1,D,Suzanne Bonamici,38
Tillamook,CLOVERDALE,U.S. House,1,D,Suzanne Bonamici,45
Tillamook,EASTSIDE,U.S. House,1,D,Suzanne Bonamici,24
Tillamook,FAIRVIEW,U.S. House,1,D,Suzanne Bonamici,165
Tillamook,FOLEY,U.S. House,1,D,Suzanne Bonamici,86
Tillamook,GARIBALDI,U.S. House,1,D,Suzanne Bonamici,122
Tillamook,HEBO,U.S. House,1,D,Suzanne Bonamici,57
Tillamook,KILCHIS,U.S. House,1,D,Suzanne Bonamici,70
Tillamook,MAPLELEAF,U.S. House,1,D,Suzanne Bonamici,63
Tillamook,NEHALEM,U.S. House,1,D,Suzanne Bonamici,130
Tillamook,NESKOWIN,U.S. House,1,D,Suzanne Bonamici,182
Tillamook,NETARTS,U.S. House,1,D,Suzanne Bonamici,201
Tillamook,OCEANSIDE,U.S. House,1,D,Suzanne Bonamici,107
Tillamook,PINE GROVE,U.S. House,1,D,Suzanne Bonamici,533
Tillamook,ROCKAWAY,U.S. House,1,D,Suzanne Bonamici,249
Tillamook,SOUTH PRAIRIE EAST,U.S. House,1,D,Suzanne Bonamici,35
Tillamook,SOUTH PRAIRIE WEST,U.S. House,1,D,Suzanne Bonamici,47
Tillamook,TILLAMOOK #1,U.S. House,1,D,Suzanne Bonamici,72
Tillamook,TILLAMOOK #2,U.S. House,1,D,Suzanne Bonamici,57
Tillamook,TILLAMOOK #3,U.S. House,1,D,Suzanne Bonamici,43
Tillamook,TILLAMOOK #4,U.S. House,1,D,Suzanne Bonamici,50
Tillamook,TILLAMOOK #5,U.S. House,1,D,Suzanne Bonamici,43
Tillamook,TILLAMOOK #6,U.S. House,1,D,Suzanne Bonamici,56
Tillamook,TRASK,U.S. House,1,D,Suzanne Bonamici,25
Tillamook,UNION,U.S. House,1,D,Suzanne Bonamici,231
Tillamook,WESTSIDE,U.S. House,1,D,Suzanne Bonamici,73
Tillamook,WHEELER,U.S. House,1,D,Suzanne Bonamici,120
Tillamook,BAY,U.S. House,1,D,Under Votes,21
Tillamook,BEAVER,U.S. House,1,D,Under Votes,15
Tillamook,CARNAHAN,U.S. House,1,D,Under Votes,3
Tillamook,CLOVERDALE,U.S. House,1,D,Under Votes,3
Tillamook,EASTSIDE,U.S. House,1,D,Under Votes,0
Tillamook,FAIRVIEW,U.S. House,1,D,Under Votes,17
Tillamook,FOLEY,U.S. House,1,D,Under Votes,4
Tillamook,GARIBALDI,U.S. House,1,D,Under Votes,7
Tillamook,HEBO,U.S. House,1,D,Under Votes,5
Tillamook,KILCHIS,U.S. House,1,D,Under Votes,4
Tillamook,MAPLELEAF,U.S. House,1,D,Under Votes,6
Tillamook,NEHALEM,U.S. House,1,D,Under Votes,8
Tillamook,NESKOWIN,U.S. House,1,D,Under Votes,9
Tillamook,NETARTS,U.S. House,1,D,Under Votes,6
Tillamook,OCEANSIDE,U.S. House,1,D,Under Votes,3
Tillamook,PINE GROVE,U.S. House,1,D,Under Votes,35
Tillamook,ROCKAWAY,U.S. House,1,D,Under Votes,11
Tillamook,SOUTH PRAIRIE EAST,U.S. House,1,D,Under Votes,9
Tillamook,SOUTH PRAIRIE WEST,U.S. House,1,D,Under Votes,4
Tillamook,TILLAMOOK #1,U.S. House,1,D,Under Votes,7
Tillamook,TILLAMOOK #2,U.S. House,1,D,Under Votes,3
Tillamook,TILLAMOOK #3,U.S. House,1,D,Under Votes,3
Tillamook,TILLAMOOK #4,U.S. House,1,D,Under Votes,5
Tillamook,TILLAMOOK #5,U.S. House,1,D,Under Votes,5
Tillamook,TILLAMOOK #6,U.S. House,1,D,Under Votes,4
Tillamook,TRASK,U.S. House,1,D,Under Votes,6
Tillamook,UNION,U.S. House,1,D,Under Votes,14
Tillamook,WESTSIDE,U.S. House,1,D,Under Votes,3
Tillamook,WHEELER,U.S. House,1,D,Under Votes,9
Tillamook,BAY,U.S. House,1,D,Write-ins,1
Tillamook,BEAVER,U.S. House,1,D,Write-ins,2
Tillamook,CARNAHAN,U.S. House,1,D,Write-ins,0
Tillamook,CLOVERDALE,U.S. House,1,D,Write-ins,4
Tillamook,EASTSIDE,U.S. House,1,D,Write-ins,1
Tillamook,FAIRVIEW,U.S. House,1,D,Write-ins,3
Tillamook,FOLEY,U.S. House,1,D,Write-ins,1
Tillamook,GARIBALDI,U.S. House,1,D,Write-ins,3
Tillamook,HEBO,U.S. House,1,D,Write-ins,1
Tillamook,KILCHIS,U.S. House,1,D,Write-ins,3
Tillamook,MAPLELEAF,U.S. House,1,D,Write-ins,2
Tillamook,NEHALEM,U.S. House,1,D,Write-ins,1
Tillamook,NESKOWIN,U.S. House,1,D,Write-ins,0
Tillamook,NETARTS,U.S. House,1,D,Write-ins,1
Tillamook,OCEANSIDE,U.S. House,1,D,Write-ins,0
Tillamook,PINE GROVE,U.S. House,1,D,Write-ins,0
Tillamook,ROCKAWAY,U.S. House,1,D,Write-ins,1
Tillamook,SOUTH PRAIRIE EAST,U.S. House,1,D,Write-ins,0
Tillamook,SOUTH PRAIRIE WEST,U.S. House,1,D,Write-ins,4
Tillamook,TILLAMOOK #1,U.S. House,1,D,Write-ins,1
Tillamook,TILLAMOOK #2,U.S. House,1,D,Write-ins,0
Tillamook,TILLAMOOK #3,U.S. House,1,D,Write-ins,0
Tillamook,TILLAMOOK #4,U.S. House,1,D,Write-ins,0
Tillamook,TILLAMOOK #5,U.S. House,1,D,Write-ins,3
Tillamook,TILLAMOOK #6,U.S. House,1,D,Write-ins,0
Tillamook,TRASK,U.S. House,1,D,Write-ins,0
Tillamook,UNION,U.S. House,1,D,Write-ins,4
Tillamook,WESTSIDE,U.S. House,1,D,Write-ins,0
Tillamook,WHEELER,U.S. House,1,D,Write-ins,1
Tillamook,BAY,U.S. House,1,R,Barbara J. Kahl,152
Tillamook,BEAVER,U.S. House,1,R,Barbara J. Kahl,151
Tillamook,CARNAHAN,U.S. House,1,R,Barbara J. Kahl,103
Tillamook,CLOVERDALE,U.S. House,1,R,Barbara J. Kahl,72
Tillamook,EASTSIDE,U.S. House,1,R,Barbara J. Kahl,22
Tillamook,FAIRVIEW,U.S. House,1,R,Barbara J. Kahl,268
Tillamook,FOLEY,U.S. House,1,R,Barbara J. Kahl,70
Tillamook,GARIBALDI,U.S. House,1,R,Barbara J. Kahl,121
Tillamook,HEBO,U.S. House,1,R,Barbara J. Kahl,64
Tillamook,KILCHIS,U.S. House,1,R,Barbara J. Kahl,73
Tillamook,MAPLELEAF,U.S. House,1,R,Barbara J. Kahl,100
Tillamook,NEHALEM,U.S. House,1,R,Barbara J. Kahl,45
Tillamook,NESKOWIN,U.S. House,1,R,Barbara J. Kahl,85
Tillamook,NETARTS,U.S. House,1,R,Barbara J. Kahl,96
Tillamook,OCEANSIDE,U.S. House,1,R,Barbara J. Kahl,33
Tillamook,PINE GROVE,U.S. House,1,R,Barbara J. Kahl,128
Tillamook,ROCKAWAY,U.S. House,1,R,Barbara J. Kahl,149
Tillamook,SOUTH PRAIRIE EAST,U.S. House,1,R,Barbara J. Kahl,106
Tillamook,SOUTH PRAIRIE WEST,U.S. House,1,R,Barbara J. Kahl,86
Tillamook,TILLAMOOK #1,U.S. House,1,R,Barbara J. Kahl,53
Tillamook,TILLAMOOK #2,U.S. House,1,R,Barbara J. Kahl,39
Tillamook,TILLAMOOK #3,U.S. House,1,R,Barbara J. Kahl,29
Tillamook,TILLAMOOK #4,U.S. House,1,R,Barbara J. Kahl,49
Tillamook,TILLAMOOK #5,U.S. House,1,R,Barbara J. Kahl,39
Tillamook,TILLAMOOK #6,U.S. House,1,R,Barbara J. Kahl,34
Tillamook,TRASK,U.S. House,1,R,Barbara J. Kahl,38
Tillamook,UNION,U.S. House,1,R,Barbara J. Kahl,164
Tillamook,WESTSIDE,U.S. House,1,R,Barbara J. Kahl,38
Tillamook,WHEELER,U.S. House,1,R,Barbara J. Kahl,19
Tillamook,BAY,U.S. House,1,R,John Verbeek,68
Tillamook,BEAVER,U.S. House,1,R,John Verbeek,39
Tillamook,CARNAHAN,U.S. House,1,R,John Verbeek,24
Tillamook,CLOVERDALE,U.S. House,1,R,John Verbeek,21
Tillamook,EASTSIDE,U.S. House,1,R,John Verbeek,1
Tillamook,FAIRVIEW,U.S. House,1,R,John Verbeek,65
Tillamook,FOLEY,U.S. House,1,R,John Verbeek,27
Tillamook,GARIBALDI,U.S. House,1,R,John Verbeek,28
Tillamook,HEBO,U.S. House,1,R,John Verbeek,19
Tillamook,KILCHIS,U.S. House,1,R,John Verbeek,35
Tillamook,MAPLELEAF,U.S. House,1,R,John Verbeek,40
Tillamook,NEHALEM,U.S. House,1,R,John Verbeek,18
Tillamook,NESKOWIN,U.S. House,1,R,John Verbeek,17
Tillamook,NETARTS,U.S. House,1,R,John Verbeek,45
Tillamook,OCEANSIDE,U.S. House,1,R,John Verbeek,9
Tillamook,PINE GROVE,U.S. House,1,R,John Verbeek,37
Tillamook,ROCKAWAY,U.S. House,1,R,John Verbeek,60
Tillamook,SOUTH PRAIRIE EAST,U.S. House,1,R,John Verbeek,36
Tillamook,SOUTH PRAIRIE WEST,U.S. House,1,R,John Verbeek,38
Tillamook,TILLAMOOK #1,U.S. House,1,R,John Verbeek,15
Tillamook,TILLAMOOK #2,U.S. House,1,R,John Verbeek,18
Tillamook,TILLAMOOK #3,U.S. House,1,R,John Verbeek,22
Tillamook,TILLAMOOK #4,U.S. House,1,R,John Verbeek,25
Tillamook,TILLAMOOK #5,U.S. House,1,R,John Verbeek,14
Tillamook,TILLAMOOK #6,U.S. House,1,R,John Verbeek,15
Tillamook,TRASK,U.S. House,1,R,John Verbeek,21
Tillamook,UNION,U.S. House,1,R,John Verbeek,57
Tillamook,WESTSIDE,U.S. House,1,R,John Verbeek,11
Tillamook,WHEELER,U.S. House,1,R,John Verbeek,18
Tillamook,BAY,U.S. House,1,R,Over Votes,0
Tillamook,BEAVER,U.S. House,1,R,Over Votes,0
Tillamook,CARNAHAN,U.S. House,1,R,Over Votes,0
Tillamook,CLOVERDALE,U.S. House,1,R,Over Votes,0
Tillamook,EASTSIDE,U.S. House,1,R,Over Votes,0
Tillamook,FAIRVIEW,U.S. House,1,R,Over Votes,0
Tillamook,FOLEY,U.S. House,1,R,Over Votes,0
Tillamook,GARIBALDI,U.S. House,1,R,Over Votes,0
Tillamook,HEBO,U.S. House,1,R,Over Votes,0
Tillamook,KILCHIS,U.S. House,1,R,Over Votes,0
Tillamook,MAPLELEAF,U.S. House,1,R,Over Votes,0
Tillamook,NEHALEM,U.S. House,1,R,Over Votes,0
Tillamook,NESKOWIN,U.S. House,1,R,Over Votes,0
Tillamook,NETARTS,U.S. House,1,R,Over Votes,0
Tillamook,OCEANSIDE,U.S. House,1,R,Over Votes,0
Tillamook,PINE GROVE,U.S. House,1,R,Over Votes,0
Tillamook,ROCKAWAY,U.S. House,1,R,Over Votes,0
Tillamook,SOUTH PRAIRIE EAST,U.S. House,1,R,Over Votes,0
Tillamook,SOUTH PRAIRIE WEST,U.S. House,1,R,Over Votes,0
Tillamook,TILLAMOOK #1,U.S. House,1,R,Over Votes,0
Tillamook,TILLAMOOK #2,U.S. House,1,R,Over Votes,0
Tillamook,TILLAMOOK #3,U.S. House,1,R,Over Votes,0
Tillamook,TILLAMOOK #4,U.S. House,1,R,Over Votes,0
Tillamook,TILLAMOOK #5,U.S. House,1,R,Over Votes,0
Tillamook,TILLAMOOK #6,U.S. House,1,R,Over Votes,0
Tillamook,TRASK,U.S. House,1,R,Over Votes,0
Tillamook,UNION,U.S. House,1,R,Over Votes,0
Tillamook,WESTSIDE,U.S. House,1,R,Over Votes,0
Tillamook,WHEELER,U.S. House,1,R,Over Votes,0
Tillamook,BAY,U.S. House,1,R,Under Votes,36
Tillamook,BEAVER,U.S. House,1,R,Under Votes,49
Tillamook,CARNAHAN,U.S. House,1,R,Under Votes,40
Tillamook,CLOVERDALE,U.S. House,1,R,Under Votes,15
Tillamook,EASTSIDE,U.S. House,1,R,Under Votes,10
Tillamook,FAIRVIEW,U.S. House,1,R,Under Votes,65
Tillamook,FOLEY,U.S. House,1,R,Under Votes,16
Tillamook,GARIBALDI,U.S. House,1,R,Under Votes,35
Tillamook,HEBO,U.S. House,1,R,Under Votes,19
Tillamook,KILCHIS,U.S. House,1,R,Under Votes,31
Tillamook,MAPLELEAF,U.S. House,1,R,Under Votes,41
Tillamook,NEHALEM,U.S. House,1,R,Under Votes,14
Tillamook,NESKOWIN,U.S. House,1,R,Under Votes,25
Tillamook,NETARTS,U.S. House,1,R,Under Votes,37
Tillamook,OCEANSIDE,U.S. House,1,R,Under Votes,8
Tillamook,PINE GROVE,U.S. House,1,R,Under Votes,37
Tillamook,ROCKAWAY,U.S. House,1,R,Under Votes,42
Tillamook,SOUTH PRAIRIE EAST,U.S. House,1,R,Under Votes,50
Tillamook,SOUTH PRAIRIE WEST,U.S. House,1,R,Under Votes,41
Tillamook,TILLAMOOK #1,U.S. House,1,R,Under Votes,16
Tillamook,TILLAMOOK #2,U.S. House,1,R,Under Votes,12
Tillamook,TILLAMOOK #3,U.S. House,1,R,Under Votes,10
Tillamook,TILLAMOOK #4,U.S. House,1,R,Under Votes,9
Tillamook,TILLAMOOK #5,U.S. House,1,R,Under Votes,12
Tillamook,TILLAMOOK #6,U.S. House,1,R,Under Votes,16
Tillamook,TRASK,U.S. House,1,R,Under Votes,7
Tillamook,UNION,U.S. House,1,R,Under Votes,50
Tillamook,WESTSIDE,U.S. House,1,R,Under Votes,13
Tillamook,WHEELER,U.S. House,1,R,Under Votes,14
Tillamook,BAY,U.S. House,1,R,Write-ins,2
Tillamook,BEAVER,U.S. House,1,R,Write-ins,2
Tillamook,CARNAHAN,U.S. House,1,R,Write-ins,2
Tillamook,CLOVERDALE,U.S. House,1,R,Write-ins,1
Tillamook,EASTSIDE,U.S. House,1,R,Write-ins,0
Tillamook,FAIRVIEW,U.S. House,1,R,Write-ins,1
Tillamook,FOLEY,U.S. House,1,R,Write-ins,1
Tillamook,GARIBALDI,U.S. House,1,R,Write-ins,0
Tillamook,HEBO,U.S. House,1,R,Write-ins,1
Tillamook,KILCHIS,U.S. House,1,R,Write-ins,0
Tillamook,MAPLELEAF,U.S. House,1,R,Write-ins,1
Tillamook,NEHALEM,U.S. House,1,R,Write-ins,1
Tillamook,NESKOWIN,U.S. House,1,R,Write-ins,1
Tillamook,NETARTS,U.S. House,1,R,Write-ins,3
Tillamook,OCEANSIDE,U.S. House,1,R,Write-ins,0
Tillamook,PINE GROVE,U.S. House,1,R,Write-ins,3
Tillamook,ROCKAWAY,U.S. House,1,R,Write-ins,1
Tillamook,SOUTH PRAIRIE EAST,U.S. House,1,R,Write-ins,1
Tillamook,SOUTH PRAIRIE WEST,U.S. House,1,R,Write-ins,1
Tillamook,TILLAMOOK #1,U.S. House,1,R,Write-ins,0
Tillamook,TILLAMOOK #2,U.S. House,1,R,Write-ins,1
Tillamook,TILLAMOOK #3,U.S. House,1,R,Write-ins,0
Tillamook,TILLAMOOK #4,U.S. House,1,R,Write-ins,0
Tillamook,TILLAMOOK #5,U.S. House,1,R,Write-ins,0
Tillamook,TILLAMOOK #6,U.S. House,1,R,Write-ins,1
Tillamook,TRASK,U.S. House,1,R,Write-ins,0
Tillamook,UNION,U.S. House,1,R,Write-ins,0
Tillamook,WESTSIDE,U.S. House,1,R,Write-ins,0
Tillamook,WHEELER,U.S. House,1,R,Write-ins,0
Tillamook,BAY,U.S. Senate,,D,Jeff Merkley,199
Tillamook,BEAVER,U.S. Senate,,D,Jeff Merkley,84
Tillamook,CARNAHAN,U.S. Senate,,D,Jeff Merkley,44
Tillamook,CLOVERDALE,U.S. Senate,,D,Jeff Merkley,48
Tillamook,EASTSIDE,U.S. Senate,,D,Jeff Merkley,23
Tillamook,FAIRVIEW,U.S. Senate,,D,Jeff Merkley,165
Tillamook,FOLEY,U.S. Senate,,D,Jeff Merkley,90
Tillamook,GARIBALDI,U.S. Senate,,D,Jeff Merkley,135
Tillamook,HEBO,U.S. Senate,,D,Jeff Merkley,64
Tillamook,KILCHIS,U.S. Senate,,D,Jeff Merkley,72
Tillamook,MAPLELEAF,U.S. Senate,,D,Jeff Merkley,62
Tillamook,NEHALEM,U.S. Senate,,D,Jeff Merkley,141
Tillamook,NESKOWIN,U.S. Senate,,D,Jeff Merkley,202
Tillamook,NETARTS,U.S. Senate,,D,Jeff Merkley,208
Tillamook,OCEANSIDE,U.S. Senate,,D,Jeff Merkley,115
Tillamook,PINE GROVE,U.S. Senate,,D,Jeff Merkley,568
Tillamook,ROCKAWAY,U.S. Senate,,D,Jeff Merkley,288
Tillamook,SOUTH PRAIRIE EAST,U.S. Senate,,D,Jeff Merkley,37
Tillamook,SOUTH PRAIRIE WEST,U.S. Senate,,D,Jeff Merkley,48
Tillamook,TILLAMOOK #1,U.S. Senate,,D,Jeff Merkley,82
Tillamook,TILLAMOOK #2,U.S. Senate,,D,Jeff Merkley,56
Tillamook,TILLAMOOK #3,U.S. Senate,,D,Jeff Merkley,47
Tillamook,TILLAMOOK #4,U.S. Senate,,D,Jeff Merkley,60
Tillamook,TILLAMOOK #5,U.S. Senate,,D,Jeff Merkley,43
Tillamook,TILLAMOOK #6,U.S. Senate,,D,Jeff Merkley,54
Tillamook,TRASK,U.S. Senate,,D,Jeff Merkley,30
Tillamook,UNION,U.S. Senate,,D,Jeff Merkley,265
Tillamook,WESTSIDE,U.S. Senate,,D,Jeff Merkley,79
Tillamook,WHEELER,U.S. Senate,,D,Jeff Merkley,130
Tillamook,BAY,U.S. Senate,,D,Over Votes,0
Tillamook,BEAVER,U.S. Senate,,D,Over Votes,0
Tillamook,CARNAHAN,U.S. Senate,,D,Over Votes,0
Tillamook,CLOVERDALE,U.S. Senate,,D,Over Votes,0
Tillamook,EASTSIDE,U.S. Senate,,D,Over Votes,0
Tillamook,FAIRVIEW,U.S. Senate,,D,Over Votes,0
Tillamook,FOLEY,U.S. Senate,,D,Over Votes,0
Tillamook,GARIBALDI,U.S. Senate,,D,Over Votes,0
Tillamook,HEBO,U.S. Senate,,D,Over Votes,0
Tillamook,KILCHIS,U.S. Senate,,D,Over Votes,0
Tillamook,MAPLELEAF,U.S. Senate,,D,Over Votes,0
Tillamook,NEHALEM,U.S. Senate,,D,Over Votes,0
Tillamook,NESKOWIN,U.S. Senate,,D,Over Votes,0
Tillamook,NETARTS,U.S. Senate,,D,Over Votes,0
Tillamook,OCEANSIDE,U.S. Senate,,D,Over Votes,0
Tillamook,PINE GROVE,U.S. Senate,,D,Over Votes,0
Tillamook,ROCKAWAY,U.S. Senate,,D,Over Votes,0
Tillamook,SOUTH PRAIRIE EAST,U.S. Senate,,D,Over Votes,0
Tillamook,SOUTH PRAIRIE WEST,U.S. Senate,,D,Over Votes,0
Tillamook,TILLAMOOK #1,U.S. Senate,,D,Over Votes,0
Tillamook,TILLAMOOK #2,U.S. Senate,,D,Over Votes,0
Tillamook,TILLAMOOK #3,U.S. Senate,,D,Over Votes,0
Tillamook,TILLAMOOK #4,U.S. Senate,,D,Over Votes,0
Tillamook,TILLAMOOK #5,U.S. Senate,,D,Over Votes,0
Tillamook,TILLAMOOK #6,U.S. Senate,,D,Over Votes,0
Tillamook,TRASK,U.S. Senate,,D,Over Votes,0
Tillamook,UNION,U.S. Senate,,D,Over Votes,0
Tillamook,WESTSIDE,U.S. Senate,,D,Over Votes,0
Tillamook,WHEELER,U.S. Senate,,D,Over Votes,0
Tillamook,BAY,U.S. Senate,,D,Paul Damian Wells,8
Tillamook,BEAVER,U.S. Senate,,D,Paul Damian Wells,10
Tillamook,CARNAHAN,U.S. Senate,,D,Paul Damian Wells,3
Tillamook,CLOVERDALE,U.S. Senate,,D,Paul Damian Wells,4
Tillamook,EASTSIDE,U.S. Senate,,D,Paul Damian Wells,7
Tillamook,FAIRVIEW,U.S. Senate,,D,Paul Damian Wells,20
Tillamook,FOLEY,U.S. Senate,,D,Paul Damian Wells,5
Tillamook,GARIBALDI,U.S. Senate,,D,Paul Damian Wells,13
Tillamook,HEBO,U.S. Senate,,D,Paul Damian Wells,8
Tillamook,KILCHIS,U.S. Senate,,D,Paul Damian Wells,9
Tillamook,MAPLELEAF,U.S. Senate,,D,Paul Damian Wells,9
Tillamook,NEHALEM,U.S. Senate,,D,Paul Damian Wells,8
Tillamook,NESKOWIN,U.S. Senate,,D,Paul Damian Wells,3
Tillamook,NETARTS,U.S. Senate,,D,Paul Damian Wells,20
Tillamook,OCEANSIDE,U.S. Senate,,D,Paul Damian Wells,4
Tillamook,PINE GROVE,U.S. Senate,,D,Paul Damian Wells,28
Tillamook,ROCKAWAY,U.S. Senate,,D,Paul Damian Wells,8
Tillamook,SOUTH PRAIRIE EAST,U.S. Senate,,D,Paul Damian Wells,7
Tillamook,SOUTH PRAIRIE WEST,U.S. Senate,,D,Paul Damian Wells,4
Tillamook,TILLAMOOK #1,U.S. Senate,,D,Paul Damian Wells,7
Tillamook,TILLAMOOK #2,U.S. Senate,,D,Paul Damian Wells,7
Tillamook,TILLAMOOK #3,U.S. Senate,,D,Paul Damian Wells,3
Tillamook,TILLAMOOK #4,U.S. Senate,,D,Paul Damian Wells,7
Tillamook,TILLAMOOK #5,U.S. Senate,,D,Paul Damian Wells,8
Tillamook,TILLAMOOK #6,U.S. Senate,,D,Paul Damian Wells,7
Tillamook,TRASK,U.S. Senate,,D,Paul Damian Wells,3
Tillamook,UNION,U.S. Senate,,D,Paul Damian Wells,12
Tillamook,WESTSIDE,U.S. Senate,,D,Paul Damian Wells,5
Tillamook,WHEELER,U.S. Senate,,D,Paul Damian Wells,6
Tillamook,BAY,U.S. Senate,,D,Under Votes,13
Tillamook,BEAVER,U.S. Senate,,D,Under Votes,7
Tillamook,CARNAHAN,U.S. Senate,,D,Under Votes,1
Tillamook,CLOVERDALE,U.S. Senate,,D,Under Votes,0
Tillamook,EASTSIDE,U.S. Senate,,D,Under Votes,0
Tillamook,FAIRVIEW,U.S. Senate,,D,Under Votes,20
Tillamook,FOLEY,U.S. Senate,,D,Under Votes,3
Tillamook,GARIBALDI,U.S. Senate,,D,Under Votes,5
Tillamook,HEBO,U.S. Senate,,D,Under Votes,4
Tillamook,KILCHIS,U.S. Senate,,D,Under Votes,3
Tillamook,MAPLELEAF,U.S. Senate,,D,Under Votes,6
Tillamook,NEHALEM,U.S. Senate,,D,Under Votes,4
Tillamook,NESKOWIN,U.S. Senate,,D,Under Votes,3
Tillamook,NETARTS,U.S. Senate,,D,Under Votes,3
Tillamook,OCEANSIDE,U.S. Senate,,D,Under Votes,2
Tillamook,PINE GROVE,U.S. Senate,,D,Under Votes,15
Tillamook,ROCKAWAY,U.S. Senate,,D,Under Votes,8
Tillamook,SOUTH PRAIRIE EAST,U.S. Senate,,D,Under Votes,6
Tillamook,SOUTH PRAIRIE WEST,U.S. Senate,,D,Under Votes,4
Tillamook,TILLAMOOK #1,U.S. Senate,,D,Under Votes,4
Tillamook,TILLAMOOK #2,U.S. Senate,,D,Under Votes,2
Tillamook,TILLAMOOK #3,U.S. Senate,,D,Under Votes,4
Tillamook,TILLAMOOK #4,U.S. Senate,,D,Under Votes,0
Tillamook,TILLAMOOK #5,U.S. Senate,,D,Under Votes,5
Tillamook,TILLAMOOK #6,U.S. Senate,,D,Under Votes,2
Tillamook,TRASK,U.S. Senate,,D,Under Votes,6
Tillamook,UNION,U.S. Senate,,D,Under Votes,8
Tillamook,WESTSIDE,U.S. Senate,,D,Under Votes,1
Tillamook,WHEELER,U.S. Senate,,D,Under Votes,9
Tillamook,BAY,U.S. Senate,,D,Write-ins,1
Tillamook,BEAVER,U.S. Senate,,D,Write-ins,3
Tillamook,CARNAHAN,U.S. Senate,,D,Write-ins,0
Tillamook,CLOVERDALE,U.S. Senate,,D,Write-ins,3
Tillamook,EASTSIDE,U.S. Senate,,D,Write-ins,1
Tillamook,FAIRVIEW,U.S. Senate,,D,Write-ins,3
Tillamook,FOLEY,U.S. Senate,,D,Write-ins,2
Tillamook,GARIBALDI,U.S. Senate,,D,Write-ins,3
Tillamook,HEBO,U.S. Senate,,D,Write-ins,1
Tillamook,KILCHIS,U.S. Senate,,D,Write-ins,2
Tillamook,MAPLELEAF,U.S. Senate,,D,Write-ins,2
Tillamook,NEHALEM,U.S. Senate,,D,Write-ins,1
Tillamook,NESKOWIN,U.S. Senate,,D,Write-ins,0
Tillamook,NETARTS,U.S. Senate,,D,Write-ins,0
Tillamook,OCEANSIDE,U.S. Senate,,D,Write-ins,0
Tillamook,PINE GROVE,U.S. Senate,,D,Write-ins,0
Tillamook,ROCKAWAY,U.S. Senate,,D,Write-ins,1
Tillamook,SOUTH PRAIRIE EAST,U.S. Senate,,D,Write-ins,0
Tillamook,SOUTH PRAIRIE WEST,U.S. Senate,,D,Write-ins,2
Tillamook,TILLAMOOK #1,U.S. Senate,,D,Write-ins,2
Tillamook,TILLAMOOK #2,U.S. Senate,,D,Write-ins,0
Tillamook,TILLAMOOK #3,U.S. Senate,,D,Write-ins,0
Tillamook,TILLAMOOK #4,U.S. Senate,,D,Write-ins,0
Tillamook,TILLAMOOK #5,U.S. Senate,,D,Write-ins,3
Tillamook,TILLAMOOK #6,U.S. Senate,,D,Write-ins,0
Tillamook,TRASK,U.S. Senate,,D,Write-ins,0
Tillamook,UNION,U.S. Senate,,D,Write-ins,2
Tillamook,WESTSIDE,U.S. Senate,,D,Write-ins,0
Tillamook,WHEELER,U.S. Senate,,D,Write-ins,1
Tillamook,BAY,U.S. Senate,,R,Brent Barker,53
Tillamook,BEAVER,U.S. Senate,,R,Brent Barker,35
Tillamook,CARNAHAN,U.S. Senate,,R,Brent Barker,27
Tillamook,CLOVERDALE,U.S. Senate,,R,Brent Barker,21
Tillamook,EASTSIDE,U.S. Senate,,R,Brent Barker,2
Tillamook,FAIRVIEW,U.S. Senate,,R,Brent Barker,88
Tillamook,FOLEY,U.S. Senate,,R,Brent Barker,14
Tillamook,GARIBALDI,U.S. Senate,,R,Brent Barker,34
Tillamook,HEBO,U.S. Senate,,R,Brent Barker,15
Tillamook,KILCHIS,U.S. Senate,,R,Brent Barker,19
Tillamook,MAPLELEAF,U.S. Senate,,R,Brent Barker,28
Tillamook,NEHALEM,U.S. Senate,,R,Brent Barker,11
Tillamook,NESKOWIN,U.S. Senate,,R,Brent Barker,22
Tillamook,NETARTS,U.S. Senate,,R,Brent Barker,34
Tillamook,OCEANSIDE,U.S. Senate,,R,Brent Barker,10
Tillamook,PINE GROVE,U.S. Senate,,R,Brent Barker,52
Tillamook,ROCKAWAY,U.S. Senate,,R,Brent Barker,41
Tillamook,SOUTH PRAIRIE EAST,U.S. Senate,,R,Brent Barker,29
Tillamook,SOUTH PRAIRIE WEST,U.S. Senate,,R,Brent Barker,22
Tillamook,TILLAMOOK #1,U.S. Senate,,R,Brent Barker,11
Tillamook,TILLAMOOK #2,U.S. Senate,,R,Brent Barker,19
Tillamook,TILLAMOOK #3,U.S. Senate,,R,Brent Barker,9
Tillamook,TILLAMOOK #4,U.S. Senate,,R,Brent Barker,9
Tillamook,TILLAMOOK #5,U.S. Senate,,R,Brent Barker,10
Tillamook,TILLAMOOK #6,U.S. Senate,,R,Brent Barker,11
Tillamook,TRASK,U.S. Senate,,R,Brent Barker,8
Tillamook,UNION,U.S. Senate,,R,Brent Barker,65
Tillamook,WESTSIDE,U.S. Senate,,R,Brent Barker,7
Tillamook,WHEELER,U.S. Senate,,R,Brent Barker,7
Tillamook,BAY,U.S. Senate,,R,David A. Burch,8
Tillamook,BEAVER,U.S. Senate,,R,David A. Burch,8
Tillamook,CARNAHAN,U.S. Senate,,R,David A. Burch,4
Tillamook,CLOVERDALE,U.S. Senate,,R,David A. Burch,1
Tillamook,EASTSIDE,U.S. Senate,,R,David A. Burch,0
Tillamook,FAIRVIEW,U.S. Senate,,R,David A. Burch,6
Tillamook,FOLEY,U.S. Senate,,R,David A. Burch,5
Tillamook,GARIBALDI,U.S. Senate,,R,David A. Burch,2
Tillamook,HEBO,U.S. Senate,,R,David A. Burch,4
Tillamook,KILCHIS,U.S. Senate,,R,David A. Burch,9
Tillamook,MAPLELEAF,U.S. Senate,,R,David A. Burch,4
Tillamook,NEHALEM,U.S. Senate,,R,David A. Burch,2
Tillamook,NESKOWIN,U.S. Senate,,R,David A. Burch,0
Tillamook,NETARTS,U.S. Senate,,R,David A. Burch,3
Tillamook,OCEANSIDE,U.S. Senate,,R,David A. Burch,0
Tillamook,PINE GROVE,U.S. Senate,,R,David A. Burch,5
Tillamook,ROCKAWAY,U.S. Senate,,R,David A. Burch,10
Tillamook,SOUTH PRAIRIE EAST,U.S. Senate,,R,David A. Burch,4
Tillamook,SOUTH PRAIRIE WEST,U.S. Senate,,R,David A. Burch,3
Tillamook,TILLAMOOK #1,U.S. Senate,,R,David A. Burch,2
Tillamook,TILLAMOOK #2,U.S. Senate,,R,David A. Burch,5
Tillamook,TILLAMOOK #3,U.S. Senate,,R,David A. Burch,1
Tillamook,TILLAMOOK #4,U.S. Senate,,R,David A. Burch,1
Tillamook,TILLAMOOK #5,U.S. Senate,,R,David A. Burch,1
Tillamook,TILLAMOOK #6,U.S. Senate,,R,David A. Burch,0
Tillamook,TRASK,U.S. Senate,,R,David A. Burch,5
Tillamook,UNION,U.S. Senate,,R,David A. Burch,12
Tillamook,WESTSIDE,U.S. Senate,,R,David A. Burch,1
Tillamook,WHEELER,U.S. Senate,,R,David A. Burch,2
Tillamook,BAY,U.S. Senate,,R,David Brock Smith,55
Tillamook,BEAVER,U.S. Senate,,R,David Brock Smith,55
Tillamook,CARNAHAN,U.S. Senate,,R,David Brock Smith,31
Tillamook,CLOVERDALE,U.S. Senate,,R,David Brock Smith,28
Tillamook,EASTSIDE,U.S. Senate,,R,David Brock Smith,6
Tillamook,FAIRVIEW,U.S. Senate,,R,David Brock Smith,104
Tillamook,FOLEY,U.S. Senate,,R,David Brock Smith,28
Tillamook,GARIBALDI,U.S. Senate,,R,David Brock Smith,37
Tillamook,HEBO,U.S. Senate,,R,David Brock Smith,20
Tillamook,KILCHIS,U.S. Senate,,R,David Brock Smith,26
Tillamook,MAPLELEAF,U.S. Senate,,R,David Brock Smith,39
Tillamook,NEHALEM,U.S. Senate,,R,David Brock Smith,20
Tillamook,NESKOWIN,U.S. Senate,,R,David Brock Smith,27
Tillamook,NETARTS,U.S. Senate,,R,David Brock Smith,40
Tillamook,OCEANSIDE,U.S. Senate,,R,David Brock Smith,10
Tillamook,PINE GROVE,U.S. Senate,,R,David Brock Smith,44
Tillamook,ROCKAWAY,U.S. Senate,,R,David Brock Smith,58
Tillamook,SOUTH PRAIRIE EAST,U.S. Senate,,R,David Brock Smith,39
Tillamook,SOUTH PRAIRIE WEST,U.S. Senate,,R,David Brock Smith,39
Tillamook,TILLAMOOK #1,U.S. Senate,,R,David Brock Smith,28
Tillamook,TILLAMOOK #2,U.S. Senate,,R,David Brock Smith,5
Tillamook,TILLAMOOK #3,U.S. Senate,,R,David Brock Smith,16
Tillamook,TILLAMOOK #4,U.S. Senate,,R,David Brock Smith,21
Tillamook,TILLAMOOK #5,U.S. Senate,,R,David Brock Smith,19
Tillamook,TILLAMOOK #6,U.S. Senate,,R,David Brock Smith,17
Tillamook,TRASK,U.S. Senate,,R,David Brock Smith,14
Tillamook,UNION,U.S. Senate,,R,David Brock Smith,57
Tillamook,WESTSIDE,U.S. Senate,,R,David Brock Smith,14
Tillamook,WHEELER,U.S. Senate,,R,David Brock Smith,7
Tillamook,BAY,U.S. Senate,,R,Deborah C. Brown,10
Tillamook,BEAVER,U.S. Senate,,R,Deborah C. Brown,7
Tillamook,CARNAHAN,U.S. Senate,,R,Deborah C. Brown,12
Tillamook,CLOVERDALE,U.S. Senate,,R,Deborah C. Brown,8
Tillamook,EASTSIDE,U.S. Senate,,R,Deborah C. Brown,1
Tillamook,FAIRVIEW,U.S. Senate,,R,Deborah C. Brown,15
Tillamook,FOLEY,U.S. Senate,,R,Deborah C. Brown,5
Tillamook,GARIBALDI,U.S. Senate,,R,Deborah C. Brown,5
Tillamook,HEBO,U.S. Senate,,R,Deborah C. Brown,4
Tillamook,KILCHIS,U.S. Senate,,R,Deborah C. Brown,7
Tillamook,MAPLELEAF,U.S. Senate,,R,Deborah C. Brown,4
Tillamook,NEHALEM,U.S. Senate,,R,Deborah C. Brown,2
Tillamook,NESKOWIN,U.S. Senate,,R,Deborah C. Brown,4
Tillamook,NETARTS,U.S. Senate,,R,Deborah C. Brown,5
Tillamook,OCEANSIDE,U.S. Senate,,R,Deborah C. Brown,1
Tillamook,PINE GROVE,U.S. Senate,,R,Deborah C. Brown,7
Tillamook,ROCKAWAY,U.S. Senate,,R,Deborah C. Brown,9
Tillamook,SOUTH PRAIRIE EAST,U.S. Senate,,R,Deborah C. Brown,7
Tillamook,SOUTH PRAIRIE WEST,U.S. Senate,,R,Deborah C. Brown,2
Tillamook,TILLAMOOK #1,U.S. Senate,,R,Deborah C. Brown,1
Tillamook,TILLAMOOK #2,U.S. Senate,,R,Deborah C. Brown,3
Tillamook,TILLAMOOK #3,U.S. Senate,,R,Deborah C. Brown,2
Tillamook,TILLAMOOK #4,U.S. Senate,,R,Deborah C. Brown,2
Tillamook,TILLAMOOK #5,U.S. Senate,,R,Deborah C. Brown,1
Tillamook,TILLAMOOK #6,U.S. Senate,,R,Deborah C. Brown,2
Tillamook,TRASK,U.S. Senate,,R,Deborah C. Brown,6
Tillamook,UNION,U.S. Senate,,R,Deborah C. Brown,15
Tillamook,WESTSIDE,U.S. Senate,,R,Deborah C. Brown,1
Tillamook,WHEELER,U.S. Senate,,R,Deborah C. Brown,6
Tillamook,BAY,U.S. Senate,,R,Jo Rae Perkins,62
Tillamook,BEAVER,U.S. Senate,,R,Jo Rae Perkins,69
Tillamook,CARNAHAN,U.S. Senate,,R,Jo Rae Perkins,32
Tillamook,CLOVERDALE,U.S. Senate,,R,Jo Rae Perkins,30
Tillamook,EASTSIDE,U.S. Senate,,R,Jo Rae Perkins,4
Tillamook,FAIRVIEW,U.S. Senate,,R,Jo Rae Perkins,75
Tillamook,FOLEY,U.S. Senate,,R,Jo Rae Perkins,31
Tillamook,GARIBALDI,U.S. Senate,,R,Jo Rae Perkins,39
Tillamook,HEBO,U.S. Senate,,R,Jo Rae Perkins,26
Tillamook,KILCHIS,U.S. Senate,,R,Jo Rae Perkins,40
Tillamook,MAPLELEAF,U.S. Senate,,R,Jo Rae Perkins,34
Tillamook,NEHALEM,U.S. Senate,,R,Jo Rae Perkins,13
Tillamook,NESKOWIN,U.S. Senate,,R,Jo Rae Perkins,35
Tillamook,NETARTS,U.S. Senate,,R,Jo Rae Perkins,39
Tillamook,OCEANSIDE,U.S. Senate,,R,Jo Rae Perkins,14
Tillamook,PINE GROVE,U.S. Senate,,R,Jo Rae Perkins,44
Tillamook,ROCKAWAY,U.S. Senate,,R,Jo Rae Perkins,62
Tillamook,SOUTH PRAIRIE EAST,U.S. Senate,,R,Jo Rae Perkins,52
Tillamook,SOUTH PRAIRIE WEST,U.S. Senate,,R,Jo Rae Perkins,42
Tillamook,TILLAMOOK #1,U.S. Senate,,R,Jo Rae Perkins,17
Tillamook,TILLAMOOK #2,U.S. Senate,,R,Jo Rae Perkins,15
Tillamook,TILLAMOOK #3,U.S. Senate,,R,Jo Rae Perkins,13
Tillamook,TILLAMOOK #4,U.S. Senate,,R,Jo Rae Perkins,30
Tillamook,TILLAMOOK #5,U.S. Senate,,R,Jo Rae Perkins,14
Tillamook,TILLAMOOK #6,U.S. Senate,,R,Jo Rae Perkins,13
Tillamook,TRASK,U.S. Senate,,R,Jo Rae Perkins,19
Tillamook,UNION,U.S. Senate,,R,Jo Rae Perkins,45
Tillamook,WESTSIDE,U.S. Senate,,R,Jo Rae Perkins,16
Tillamook,WHEELER,U.S. Senate,,R,Jo Rae Perkins,6
Tillamook,BAY,U.S. Senate,,R,Over Votes,1
Tillamook,BEAVER,U.S. Senate,,R,Over Votes,0
Tillamook,CARNAHAN,U.S. Senate,,R,Over Votes,0
Tillamook,CLOVERDALE,U.S. Senate,,R,Over Votes,0
Tillamook,EASTSIDE,U.S. Senate,,R,Over Votes,0
Tillamook,FAIRVIEW,U.S. Senate,,R,Over Votes,0
Tillamook,FOLEY,U.S. Senate,,R,Over Votes,0
Tillamook,GARIBALDI,U.S. Senate,,R,Over Votes,0
Tillamook,HEBO,U.S. Senate,,R,Over Votes,0
Tillamook,KILCHIS,U.S. Senate,,R,Over Votes,0
Tillamook,MAPLELEAF,U.S. Senate,,R,Over Votes,0
Tillamook,NEHALEM,U.S. Senate,,R,Over Votes,0
Tillamook,NESKOWIN,U.S. Senate,,R,Over Votes,0
Tillamook,NETARTS,U.S. Senate,,R,Over Votes,0
Tillamook,OCEANSIDE,U.S. Senate,,R,Over Votes,0
Tillamook,PINE GROVE,U.S. Senate,,R,Over Votes,0
Tillamook,ROCKAWAY,U.S. Senate,,R,Over Votes,0
Tillamook,SOUTH PRAIRIE EAST,U.S. Senate,,R,Over Votes,0
Tillamook,SOUTH PRAIRIE WEST,U.S. Senate,,R,Over Votes,1
Tillamook,TILLAMOOK #1,U.S. Senate,,R,Over Votes,0
Tillamook,TILLAMOOK #2,U.S. Senate,,R,Over Votes,0
Tillamook,TILLAMOOK #3,U.S. Senate,,R,Over Votes,0
Tillamook,TILLAMOOK #4,U.S. Senate,,R,Over Votes,0
Tillamook,TILLAMOOK #5,U.S. Senate,,R,Over Votes,0
Tillamook,TILLAMOOK #6,U.S. Senate,,R,Over Votes,0
Tillamook,TRASK,U.S. Senate,,R,Over Votes,0
Tillamook,UNION,U.S. Senate,,R,Over Votes,0
Tillamook,WESTSIDE,U.S. Senate,,R,Over Votes,0
Tillamook,WHEELER,U.S. Senate,,R,Over Votes,0
Tillamook,BAY,U.S. Senate,,R,Russell McAlmond,25
Tillamook,BEAVER,U.S. Senate,,R,Russell McAlmond,24
Tillamook,CARNAHAN,U.S. Senate,,R,Russell McAlmond,30
Tillamook,CLOVERDALE,U.S. Senate,,R,Russell McAlmond,11
Tillamook,EASTSIDE,U.S. Senate,,R,Russell McAlmond,10
Tillamook,FAIRVIEW,U.S. Senate,,R,Russell McAlmond,41
Tillamook,FOLEY,U.S. Senate,,R,Russell McAlmond,13
Tillamook,GARIBALDI,U.S. Senate,,R,Russell McAlmond,30
Tillamook,HEBO,U.S. Senate,,R,Russell McAlmond,11
Tillamook,KILCHIS,U.S. Senate,,R,Russell McAlmond,6
Tillamook,MAPLELEAF,U.S. Senate,,R,Russell McAlmond,30
Tillamook,NEHALEM,U.S. Senate,,R,Russell McAlmond,6
Tillamook,NESKOWIN,U.S. Senate,,R,Russell McAlmond,19
Tillamook,NETARTS,U.S. Senate,,R,Russell McAlmond,16
Tillamook,OCEANSIDE,U.S. Senate,,R,Russell McAlmond,8
Tillamook,PINE GROVE,U.S. Senate,,R,Russell McAlmond,13
Tillamook,ROCKAWAY,U.S. Senate,,R,Russell McAlmond,27
Tillamook,SOUTH PRAIRIE EAST,U.S. Senate,,R,Russell McAlmond,20
Tillamook,SOUTH PRAIRIE WEST,U.S. Senate,,R,Russell McAlmond,16
Tillamook,TILLAMOOK #1,U.S. Senate,,R,Russell McAlmond,9
Tillamook,TILLAMOOK #2,U.S. Senate,,R,Russell McAlmond,7
Tillamook,TILLAMOOK #3,U.S. Senate,,R,Russell McAlmond,9
Tillamook,TILLAMOOK #4,U.S. Senate,,R,Russell McAlmond,8
Tillamook,TILLAMOOK #5,U.S. Senate,,R,Russell McAlmond,8
Tillamook,TILLAMOOK #6,U.S. Senate,,R,Russell McAlmond,8
Tillamook,TRASK,U.S. Senate,,R,Russell McAlmond,6
Tillamook,UNION,U.S. Senate,,R,Russell McAlmond,30
Tillamook,WESTSIDE,U.S. Senate,,R,Russell McAlmond,12
Tillamook,WHEELER,U.S. Senate,,R,Russell McAlmond,5
Tillamook,BAY,U.S. Senate,,R,Timothy Skelton,5
Tillamook,BEAVER,U.S. Senate,,R,Timothy Skelton,1
Tillamook,CARNAHAN,U.S. Senate,,R,Timothy Skelton,3
Tillamook,CLOVERDALE,U.S. Senate,,R,Timothy Skelton,2
Tillamook,EASTSIDE,U.S. Senate,,R,Timothy Skelton,0
Tillamook,FAIRVIEW,U.S. Senate,,R,Timothy Skelton,7
Tillamook,FOLEY,U.S. Senate,,R,Timothy Skelton,1
Tillamook,GARIBALDI,U.S. Senate,,R,Timothy Skelton,5
Tillamook,HEBO,U.S. Senate,,R,Timothy Skelton,5
Tillamook,KILCHIS,U.S. Senate,,R,Timothy Skelton,1
Tillamook,MAPLELEAF,U.S. Senate,,R,Timothy Skelton,2
Tillamook,NEHALEM,U.S. Senate,,R,Timothy Skelton,5
Tillamook,NESKOWIN,U.S. Senate,,R,Timothy Skelton,0
Tillamook,NETARTS,U.S. Senate,,R,Timothy Skelton,4
Tillamook,OCEANSIDE,U.S. Senate,,R,Timothy Skelton,0
Tillamook,PINE GROVE,U.S. Senate,,R,Timothy Skelton,2
Tillamook,ROCKAWAY,U.S. Senate,,R,Timothy Skelton,8
Tillamook,SOUTH PRAIRIE EAST,U.S. Senate,,R,Timothy Skelton,3
Tillamook,SOUTH PRAIRIE WEST,U.S. Senate,,R,Timothy Skelton,5
Tillamook,TILLAMOOK #1,U.S. Senate,,R,Timothy Skelton,2
Tillamook,TILLAMOOK #2,U.S. Senate,,R,Timothy Skelton,3
Tillamook,TILLAMOOK #3,U.S. Senate,,R,Timothy Skelton,3
Tillamook,TILLAMOOK #4,U.S. Senate,,R,Timothy Skelton,2
Tillamook,TILLAMOOK #5,U.S. Senate,,R,Timothy Skelton,1
Tillamook,TILLAMOOK #6,U.S. Senate,,R,Timothy Skelton,0
Tillamook,TRASK,U.S. Senate,,R,Timothy Skelton,1
Tillamook,UNION,U.S. Senate,,R,Timothy Skelton,3
Tillamook,WESTSIDE,U.S. Senate,,R,Timothy Skelton,0
Tillamook,WHEELER,U.S. Senate,,R,Timothy Skelton,3
Tillamook,BAY,U.S. Senate,,R,Under Votes,36
Tillamook,BEAVER,U.S. Senate,,R,Under Votes,40
Tillamook,CARNAHAN,U.S. Senate,,R,Under Votes,30
Tillamook,CLOVERDALE,U.S. Senate,,R,Under Votes,7
Tillamook,EASTSIDE,U.S. Senate,,R,Under Votes,10
Tillamook,FAIRVIEW,U.S. Senate,,R,Under Votes,62
Tillamook,FOLEY,U.S. Senate,,R,Under Votes,16
Tillamook,GARIBALDI,U.S. Senate,,R,Under Votes,32
Tillamook,HEBO,U.S. Senate,,R,Under Votes,16
Tillamook,KILCHIS,U.S. Senate,,R,Under Votes,31
Tillamook,MAPLELEAF,U.S. Senate,,R,Under Votes,40
Tillamook,NEHALEM,U.S. Senate,,R,Under Votes,18
Tillamook,NESKOWIN,U.S. Senate,,R,Under Votes,20
Tillamook,NETARTS,U.S. Senate,,R,Under Votes,39
Tillamook,OCEANSIDE,U.S. Senate,,R,Under Votes,7
Tillamook,PINE GROVE,U.S. Senate,,R,Under Votes,35
Tillamook,ROCKAWAY,U.S. Senate,,R,Under Votes,35
Tillamook,SOUTH PRAIRIE EAST,U.S. Senate,,R,Under Votes,38
Tillamook,SOUTH PRAIRIE WEST,U.S. Senate,,R,Under Votes,35
Tillamook,TILLAMOOK #1,U.S. Senate,,R,Under Votes,11
Tillamook,TILLAMOOK #2,U.S. Senate,,R,Under Votes,12
Tillamook,TILLAMOOK #3,U.S. Senate,,R,Under Votes,8
Tillamook,TILLAMOOK #4,U.S. Senate,,R,Under Votes,10
Tillamook,TILLAMOOK #5,U.S. Senate,,R,Under Votes,11
Tillamook,TILLAMOOK #6,U.S. Senate,,R,Under Votes,14
Tillamook,TRASK,U.S. Senate,,R,Under Votes,7
Tillamook,UNION,U.S. Senate,,R,Under Votes,44
Tillamook,WESTSIDE,U.S. Senate,,R,Under Votes,10
Tillamook,WHEELER,U.S. Senate,,R,Under Votes,15
Tillamook,BAY,U.S. Senate,,R,Write-ins,3
Tillamook,BEAVER,U.S. Senate,,R,Write-ins,2
Tillamook,CARNAHAN,U.S. Senate,,R,Write-ins,0
Tillamook,CLOVERDALE,U.S. Senate,,R,Write-ins,1
Tillamook,EASTSIDE,U.S. Senate,,R,Write-ins,0
Tillamook,FAIRVIEW,U.S. Senate,,R,Write-ins,1
Tillamook,FOLEY,U.S. Senate,,R,Write-ins,1
Tillamook,GARIBALDI,U.S. Senate,,R,Write-ins,0
Tillamook,HEBO,U.S. Senate,,R,Write-ins,2
Tillamook,KILCHIS,U.S. Senate,,R,Write-ins,0
Tillamook,MAPLELEAF,U.S. Senate,,R,Write-ins,1
Tillamook,NEHALEM,U.S. Senate,,R,Write-ins,1
Tillamook,NESKOWIN,U.S. Senate,,R,Write-ins,1
Tillamook,NETARTS,U.S. Senate,,R,Write-ins,1
Tillamook,OCEANSIDE,U.S. Senate,,R,Write-ins,0
Tillamook,PINE GROVE,U.S. Senate,,R,Write-ins,3
Tillamook,ROCKAWAY,U.S. Senate,,R,Write-ins,2
Tillamook,SOUTH PRAIRIE EAST,U.S. Senate,,R,Write-ins,1
Tillamook,SOUTH PRAIRIE WEST,U.S. Senate,,R,Write-ins,1
Tillamook,TILLAMOOK #1,U.S. Senate,,R,Write-ins,3
Tillamook,TILLAMOOK #2,U.S. Senate,,R,Write-ins,1
Tillamook,TILLAMOOK #3,U.S. Senate,,R,Write-ins,0
Tillamook,TILLAMOOK #4,U.S. Senate,,R,Write-ins,0
Tillamook,TILLAMOOK #5,U.S. Senate,,R,Write-ins,0
Tillamook,TILLAMOOK #6,U.S. Senate,,R,Write-ins,1
Tillamook,TRASK,U.S. Senate,,R,Write-ins,0
Tillamook,UNION,U.S. Senate,,R,Write-ins,0
Tillamook,WESTSIDE,U.S. Senate,,R,Write-ins,1
Tillamook,WHEELER,U.S. Senate,,R,Write-ins,0
