county,precinct,office,district,party,candidate,votes
Curry,Precinct 01,Ballots Cast,,,,24
Curry,Precinct 02,Ballots Cast,,,,71
Curry,Precinct 03,Ballots Cast,,,,108
Curry,Precinct 04,Ballots Cast,,,,25
Curry,Precinct 05,Ballots Cast,,,,190
Curry,Precinct 06,Ballots Cast,,,,143
Curry,Precinct 07,Ballots Cast,,,,82
Curry,Precinct 08,Ballots Cast,,,,94
Curry,Precinct 09,Ballots Cast,,,,135
Curry,Precinct 10,Ballots Cast,,,,78
Curry,Precinct 11,Ballots Cast,,,,121
Curry,Precinct 12,Ballots Cast,,,,41
Curry,Precinct 13,Ballots Cast,,,,34
Curry,Precinct 14,Ballots Cast,,,,41
Curry,Precinct 15,Ballots Cast,,,,73
Curry,Precinct 16,Ballots Cast,,,,184
Curry,Precinct 17,Ballots Cast,,,,244
Curry,Precinct 18,Ballots Cast,,,,75
Curry,Precinct 19,Ballots Cast,,,,100
Curry,Precinct 20,Ballots Cast,,,,46
Curry,Precinct 21,Ballots Cast,,,,44
Curry,Precinct 22,Ballots Cast,,,,75
Curry,Precinct 23,Ballots Cast,,,,90
Curry,Precinct 24,Ballots Cast,,,,83
Curry,Precinct 25,Ballots Cast,,,,76
Curry,Precinct 26,Ballots Cast,,,,133
Curry,Precinct 27,Ballots Cast,,,,49
Curry,Precinct 01,Governor,,D,Brittany Jones,1
Curry,Precinct 02,Governor,,D,Brittany Jones,1
Curry,Precinct 03,Governor,,D,Brittany Jones,1
Curry,Precinct 04,Governor,,D,Brittany Jones,0
Curry,Precinct 05,Governor,,D,Brittany Jones,2
Curry,Precinct 06,Governor,,D,Brittany Jones,7
Curry,Precinct 07,Governor,,D,Brittany Jones,2
Curry,Precinct 08,Governor,,D,Brittany Jones,0
Curry,Precinct 09,Governor,,D,Brittany Jones,2
Curry,Precinct 10,Governor,,D,Brittany Jones,3
Curry,Precinct 11,Governor,,D,Brittany Jones,3
Curry,Precinct 12,Governor,,D,Brittany Jones,0
Curry,Precinct 13,Governor,,D,Brittany Jones,1
Curry,Precinct 14,Governor,,D,Brittany Jones,2
Curry,Precinct 15,Governor,,D,Brittany Jones,3
Curry,Precinct 16,Governor,,D,Brittany Jones,7
Curry,Precinct 17,Governor,,D,Brittany Jones,5
Curry,Precinct 18,Governor,,D,Brittany Jones,2
Curry,Precinct 19,Governor,,D,Brittany Jones,0
Curry,Precinct 20,Governor,,D,Brittany Jones,1
Curry,Precinct 21,Governor,,D,Brittany Jones,2
Curry,Precinct 22,Governor,,D,Brittany Jones,1
Curry,Precinct 23,Governor,,D,Brittany Jones,4
Curry,Precinct 24,Governor,,D,Brittany Jones,1
Curry,Precinct 25,Governor,,D,Brittany Jones,1
Curry,Precinct 26,Governor,,D,Brittany Jones,3
Curry,Precinct 27,Governor,,D,Brittany Jones,1
Curry,Precinct 01,Governor,,D,Cal Kishawi,0
Curry,Precinct 02,Governor,,D,Cal Kishawi,1
Curry,Precinct 03,Governor,,D,Cal Kishawi,2
Curry,Precinct 04,Governor,,D,Cal Kishawi,0
Curry,Precinct 05,Governor,,D,Cal Kishawi,1
Curry,Precinct 06,Governor,,D,Cal Kishawi,0
Curry,Precinct 07,Governor,,D,Cal Kishawi,0
Curry,Precinct 08,Governor,,D,Cal Kishawi,1
Curry,Precinct 09,Governor,,D,Cal Kishawi,1
Curry,Precinct 10,Governor,,D,Cal Kishawi,0
Curry,Precinct 11,Governor,,D,Cal Kishawi,0
Curry,Precinct 12,Governor,,D,Cal Kishawi,0
Curry,Precinct 13,Governor,,D,Cal Kishawi,0
Curry,Precinct 14,Governor,,D,Cal Kishawi,1
Curry,Precinct 15,Governor,,D,Cal Kishawi,0
Curry,Precinct 16,Governor,,D,Cal Kishawi,3
Curry,Precinct 17,Governor,,D,Cal Kishawi,1
Curry,Precinct 18,Governor,,D,Cal Kishawi,2
Curry,Precinct 19,Governor,,D,Cal Kishawi,0
Curry,Precinct 20,Governor,,D,Cal Kishawi,0
Curry,Precinct 21,Governor,,D,Cal Kishawi,0
Curry,Precinct 22,Governor,,D,Cal Kishawi,0
Curry,Precinct 23,Governor,,D,Cal Kishawi,1
Curry,Precinct 24,Governor,,D,Cal Kishawi,0
Curry,Precinct 25,Governor,,D,Cal Kishawi,0
Curry,Precinct 26,Governor,,D,Cal Kishawi,1
Curry,Precinct 27,Governor,,D,Cal Kishawi,0
Curry,Precinct 01,Governor,,D,David W. Beem,0
Curry,Precinct 02,Governor,,D,David W. Beem,0
Curry,Precinct 03,Governor,,D,David W. Beem,2
Curry,Precinct 04,Governor,,D,David W. Beem,0
Curry,Precinct 05,Governor,,D,David W. Beem,3
Curry,Precinct 06,Governor,,D,David W. Beem,2
Curry,Precinct 07,Governor,,D,David W. Beem,2
Curry,Precinct 08,Governor,,D,David W. Beem,1
Curry,Precinct 09,Governor,,D,David W. Beem,2
Curry,Precinct 10,Governor,,D,David W. Beem,0
Curry,Precinct 11,Governor,,D,David W. Beem,2
Curry,Precinct 12,Governor,,D,David W. Beem,0
Curry,Precinct 13,Governor,,D,David W. Beem,0
Curry,Precinct 14,Governor,,D,David W. Beem,0
Curry,Precinct 15,Governor,,D,David W. Beem,1
Curry,Precinct 16,Governor,,D,David W. Beem,1
Curry,Precinct 17,Governor,,D,David W. Beem,1
Curry,Precinct 18,Governor,,D,David W. Beem,1
Curry,Precinct 19,Governor,,D,David W. Beem,1
Curry,Precinct 20,Governor,,D,David W. Beem,1
Curry,Precinct 21,Governor,,D,David W. Beem,0
Curry,Precinct 22,Governor,,D,David W. Beem,2
Curry,Precinct 23,Governor,,D,David W. Beem,0
Curry,Precinct 24,Governor,,D,David W. Beem,0
Curry,Precinct 25,Governor,,D,David W. Beem,0
Curry,Precinct 26,Governor,,D,David W. Beem,0
Curry,Precinct 27,Governor,,D,David W. Beem,0
Curry,Precinct 01,Governor,,D,Donnie M. Beckwith,0
Curry,Precinct 02,Governor,,D,Donnie M. Beckwith,0
Curry,Precinct 03,Governor,,D,Donnie M. Beckwith,0
Curry,Precinct 04,Governor,,D,Donnie M. Beckwith,0
Curry,Precinct 05,Governor,,D,Donnie M. Beckwith,1
Curry,Precinct 06,Governor,,D,Donnie M. Beckwith,1
Curry,Precinct 07,Governor,,D,Donnie M. Beckwith,2
Curry,Precinct 08,Governor,,D,Donnie M. Beckwith,0
Curry,Precinct 09,Governor,,D,Donnie M. Beckwith,0
Curry,Precinct 10,Governor,,D,Donnie M. Beckwith,1
Curry,Precinct 11,Governor,,D,Donnie M. Beckwith,1
Curry,Precinct 12,Governor,,D,Donnie M. Beckwith,0
Curry,Precinct 13,Governor,,D,Donnie M. Beckwith,0
Curry,Precinct 14,Governor,,D,Donnie M. Beckwith,0
Curry,Precinct 15,Governor,,D,Donnie M. Beckwith,2
Curry,Precinct 16,Governor,,D,Donnie M. Beckwith,0
Curry,Precinct 17,Governor,,D,Donnie M. Beckwith,1
Curry,Precinct 18,Governor,,D,Donnie M. Beckwith,0
Curry,Precinct 19,Governor,,D,Donnie M. Beckwith,0
Curry,Precinct 20,Governor,,D,Donnie M. Beckwith,0
Curry,Precinct 21,Governor,,D,Donnie M. Beckwith,0
Curry,Precinct 22,Governor,,D,Donnie M. Beckwith,0
Curry,Precinct 23,Governor,,D,Donnie M. Beckwith,0
Curry,Precinct 24,Governor,,D,Donnie M. Beckwith,0
Curry,Precinct 25,Governor,,D,Donnie M. Beckwith,1
Curry,Precinct 26,Governor,,D,Donnie M. Beckwith,1
Curry,Precinct 27,Governor,,D,Donnie M. Beckwith,0
Curry,Precinct 01,Governor,,D,Forest (Fora) Alexander,2
Curry,Precinct 02,Governor,,D,Forest (Fora) Alexander,3
Curry,Precinct 03,Governor,,D,Forest (Fora) Alexander,1
Curry,Precinct 04,Governor,,D,Forest (Fora) Alexander,1
Curry,Precinct 05,Governor,,D,Forest (Fora) Alexander,1
Curry,Precinct 06,Governor,,D,Forest (Fora) Alexander,4
Curry,Precinct 07,Governor,,D,Forest (Fora) Alexander,0
Curry,Precinct 08,Governor,,D,Forest (Fora) Alexander,1
Curry,Precinct 09,Governor,,D,Forest (Fora) Alexander,0
Curry,Precinct 10,Governor,,D,Forest (Fora) Alexander,0
Curry,Precinct 11,Governor,,D,Forest (Fora) Alexander,1
Curry,Precinct 12,Governor,,D,Forest (Fora) Alexander,0
Curry,Precinct 13,Governor,,D,Forest (Fora) Alexander,0
Curry,Precinct 14,Governor,,D,Forest (Fora) Alexander,1
Curry,Precinct 15,Governor,,D,Forest (Fora) Alexander,2
Curry,Precinct 16,Governor,,D,Forest (Fora) Alexander,3
Curry,Precinct 17,Governor,,D,Forest (Fora) Alexander,4
Curry,Precinct 18,Governor,,D,Forest (Fora) Alexander,0
Curry,Precinct 19,Governor,,D,Forest (Fora) Alexander,1
Curry,Precinct 20,Governor,,D,Forest (Fora) Alexander,1
Curry,Precinct 21,Governor,,D,Forest (Fora) Alexander,1
Curry,Precinct 22,Governor,,D,Forest (Fora) Alexander,2
Curry,Precinct 23,Governor,,D,Forest (Fora) Alexander,2
Curry,Precinct 24,Governor,,D,Forest (Fora) Alexander,2
Curry,Precinct 25,Governor,,D,Forest (Fora) Alexander,0
Curry,Precinct 26,Governor,,D,Forest (Fora) Alexander,0
Curry,Precinct 27,Governor,,D,Forest (Fora) Alexander,4
Curry,Precinct 01,Governor,,D,James Atkinson IV,0
Curry,Precinct 02,Governor,,D,James Atkinson IV,0
Curry,Precinct 03,Governor,,D,James Atkinson IV,0
Curry,Precinct 04,Governor,,D,James Atkinson IV,0
Curry,Precinct 05,Governor,,D,James Atkinson IV,1
Curry,Precinct 06,Governor,,D,James Atkinson IV,3
Curry,Precinct 07,Governor,,D,James Atkinson IV,0
Curry,Precinct 08,Governor,,D,James Atkinson IV,1
Curry,Precinct 09,Governor,,D,James Atkinson IV,2
Curry,Precinct 10,Governor,,D,James Atkinson IV,1
Curry,Precinct 11,Governor,,D,James Atkinson IV,0
Curry,Precinct 12,Governor,,D,James Atkinson IV,0
Curry,Precinct 13,Governor,,D,James Atkinson IV,0
Curry,Precinct 14,Governor,,D,James Atkinson IV,0
Curry,Precinct 15,Governor,,D,James Atkinson IV,0
Curry,Precinct 16,Governor,,D,James Atkinson IV,2
Curry,Precinct 17,Governor,,D,James Atkinson IV,5
Curry,Precinct 18,Governor,,D,James Atkinson IV,0
Curry,Precinct 19,Governor,,D,James Atkinson IV,0
Curry,Precinct 20,Governor,,D,James Atkinson IV,0
Curry,Precinct 21,Governor,,D,James Atkinson IV,0
Curry,Precinct 22,Governor,,D,James Atkinson IV,0
Curry,Precinct 23,Governor,,D,James Atkinson IV,0
Curry,Precinct 24,Governor,,D,James Atkinson IV,1
Curry,Precinct 25,Governor,,D,James Atkinson IV,0
Curry,Precinct 26,Governor,,D,James Atkinson IV,1
Curry,Precinct 27,Governor,,D,James Atkinson IV,0
Curry,Precinct 01,Governor,,D,Miranda Weigler,0
Curry,Precinct 02,Governor,,D,Miranda Weigler,3
Curry,Precinct 03,Governor,,D,Miranda Weigler,1
Curry,Precinct 04,Governor,,D,Miranda Weigler,0
Curry,Precinct 05,Governor,,D,Miranda Weigler,4
Curry,Precinct 06,Governor,,D,Miranda Weigler,1
Curry,Precinct 07,Governor,,D,Miranda Weigler,0
Curry,Precinct 08,Governor,,D,Miranda Weigler,5
Curry,Precinct 09,Governor,,D,Miranda Weigler,2
Curry,Precinct 10,Governor,,D,Miranda Weigler,1
Curry,Precinct 11,Governor,,D,Miranda Weigler,2
Curry,Precinct 12,Governor,,D,Miranda Weigler,1
Curry,Precinct 13,Governor,,D,Miranda Weigler,0
Curry,Precinct 14,Governor,,D,Miranda Weigler,1
Curry,Precinct 15,Governor,,D,Miranda Weigler,2
Curry,Precinct 16,Governor,,D,Miranda Weigler,3
Curry,Precinct 17,Governor,,D,Miranda Weigler,3
Curry,Precinct 18,Governor,,D,Miranda Weigler,0
Curry,Precinct 19,Governor,,D,Miranda Weigler,1
Curry,Precinct 20,Governor,,D,Miranda Weigler,0
Curry,Precinct 21,Governor,,D,Miranda Weigler,2
Curry,Precinct 22,Governor,,D,Miranda Weigler,3
Curry,Precinct 23,Governor,,D,Miranda Weigler,4
Curry,Precinct 24,Governor,,D,Miranda Weigler,1
Curry,Precinct 25,Governor,,D,Miranda Weigler,0
Curry,Precinct 26,Governor,,D,Miranda Weigler,1
Curry,Precinct 27,Governor,,D,Miranda Weigler,0
Curry,Precinct 01,Governor,,D,Over Votes,0
Curry,Precinct 02,Governor,,D,Over Votes,0
Curry,Precinct 03,Governor,,D,Over Votes,0
Curry,Precinct 04,Governor,,D,Over Votes,0
Curry,Precinct 05,Governor,,D,Over Votes,0
Curry,Precinct 06,Governor,,D,Over Votes,0
Curry,Precinct 07,Governor,,D,Over Votes,0
Curry,Precinct 08,Governor,,D,Over Votes,0
Curry,Precinct 09,Governor,,D,Over Votes,0
Curry,Precinct 10,Governor,,D,Over Votes,0
Curry,Precinct 11,Governor,,D,Over Votes,0
Curry,Precinct 12,Governor,,D,Over Votes,0
Curry,Precinct 13,Governor,,D,Over Votes,0
Curry,Precinct 14,Governor,,D,Over Votes,0
Curry,Precinct 15,Governor,,D,Over Votes,0
Curry,Precinct 16,Governor,,D,Over Votes,0
Curry,Precinct 17,Governor,,D,Over Votes,0
Curry,Precinct 18,Governor,,D,Over Votes,0
Curry,Precinct 19,Governor,,D,Over Votes,0
Curry,Precinct 20,Governor,,D,Over Votes,0
Curry,Precinct 21,Governor,,D,Over Votes,0
Curry,Precinct 22,Governor,,D,Over Votes,0
Curry,Precinct 23,Governor,,D,Over Votes,0
Curry,Precinct 24,Governor,,D,Over Votes,0
Curry,Precinct 25,Governor,,D,Over Votes,0
Curry,Precinct 26,Governor,,D,Over Votes,0
Curry,Precinct 27,Governor,,D,Over Votes,0
Curry,Precinct 01,Governor,,D,Steve William Laible,0
Curry,Precinct 02,Governor,,D,Steve William Laible,1
Curry,Precinct 03,Governor,,D,Steve William Laible,0
Curry,Precinct 04,Governor,,D,Steve William Laible,1
Curry,Precinct 05,Governor,,D,Steve William Laible,0
Curry,Precinct 06,Governor,,D,Steve William Laible,0
Curry,Precinct 07,Governor,,D,Steve William Laible,0
Curry,Precinct 08,Governor,,D,Steve William Laible,0
Curry,Precinct 09,Governor,,D,Steve William Laible,1
Curry,Precinct 10,Governor,,D,Steve William Laible,2
Curry,Precinct 11,Governor,,D,Steve William Laible,1
Curry,Precinct 12,Governor,,D,Steve William Laible,0
Curry,Precinct 13,Governor,,D,Steve William Laible,0
Curry,Precinct 14,Governor,,D,Steve William Laible,1
Curry,Precinct 15,Governor,,D,Steve William Laible,1
Curry,Precinct 16,Governor,,D,Steve William Laible,1
Curry,Precinct 17,Governor,,D,Steve William Laible,2
Curry,Precinct 18,Governor,,D,Steve William Laible,0
Curry,Precinct 19,Governor,,D,Steve William Laible,0
Curry,Precinct 20,Governor,,D,Steve William Laible,0
Curry,Precinct 21,Governor,,D,Steve William Laible,0
Curry,Precinct 22,Governor,,D,Steve William Laible,0
Curry,Precinct 23,Governor,,D,Steve William Laible,1
Curry,Precinct 24,Governor,,D,Steve William Laible,0
Curry,Precinct 25,Governor,,D,Steve William Laible,0
Curry,Precinct 26,Governor,,D,Steve William Laible,0
Curry,Precinct 27,Governor,,D,Steve William Laible,1
Curry,Precinct 01,Governor,,D,Tina Kotek,18
Curry,Precinct 02,Governor,,D,Tina Kotek,57
Curry,Precinct 03,Governor,,D,Tina Kotek,93
Curry,Precinct 04,Governor,,D,Tina Kotek,18
Curry,Precinct 05,Governor,,D,Tina Kotek,164
Curry,Precinct 06,Governor,,D,Tina Kotek,111
Curry,Precinct 07,Governor,,D,Tina Kotek,69
Curry,Precinct 08,Governor,,D,Tina Kotek,78
Curry,Precinct 09,Governor,,D,Tina Kotek,106
Curry,Precinct 10,Governor,,D,Tina Kotek,64
Curry,Precinct 11,Governor,,D,Tina Kotek,86
Curry,Precinct 12,Governor,,D,Tina Kotek,35
Curry,Precinct 13,Governor,,D,Tina Kotek,31
Curry,Precinct 14,Governor,,D,Tina Kotek,23
Curry,Precinct 15,Governor,,D,Tina Kotek,55
Curry,Precinct 16,Governor,,D,Tina Kotek,140
Curry,Precinct 17,Governor,,D,Tina Kotek,188
Curry,Precinct 18,Governor,,D,Tina Kotek,57
Curry,Precinct 19,Governor,,D,Tina Kotek,83
Curry,Precinct 20,Governor,,D,Tina Kotek,38
Curry,Precinct 21,Governor,,D,Tina Kotek,33
Curry,Precinct 22,Governor,,D,Tina Kotek,58
Curry,Precinct 23,Governor,,D,Tina Kotek,71
Curry,Precinct 24,Governor,,D,Tina Kotek,72
Curry,Precinct 25,Governor,,D,Tina Kotek,65
Curry,Precinct 26,Governor,,D,Tina Kotek,111
Curry,Precinct 27,Governor,,D,Tina Kotek,34
Curry,Precinct 01,Governor,,D,Tristan Sheppard,0
Curry,Precinct 02,Governor,,D,Tristan Sheppard,0
Curry,Precinct 03,Governor,,D,Tristan Sheppard,0
Curry,Precinct 04,Governor,,D,Tristan Sheppard,0
Curry,Precinct 05,Governor,,D,Tristan Sheppard,3
Curry,Precinct 06,Governor,,D,Tristan Sheppard,2
Curry,Precinct 07,Governor,,D,Tristan Sheppard,1
Curry,Precinct 08,Governor,,D,Tristan Sheppard,0
Curry,Precinct 09,Governor,,D,Tristan Sheppard,1
Curry,Precinct 10,Governor,,D,Tristan Sheppard,2
Curry,Precinct 11,Governor,,D,Tristan Sheppard,1
Curry,Precinct 12,Governor,,D,Tristan Sheppard,1
Curry,Precinct 13,Governor,,D,Tristan Sheppard,1
Curry,Precinct 14,Governor,,D,Tristan Sheppard,2
Curry,Precinct 15,Governor,,D,Tristan Sheppard,1
Curry,Precinct 16,Governor,,D,Tristan Sheppard,2
Curry,Precinct 17,Governor,,D,Tristan Sheppard,1
Curry,Precinct 18,Governor,,D,Tristan Sheppard,1
Curry,Precinct 19,Governor,,D,Tristan Sheppard,2
Curry,Precinct 20,Governor,,D,Tristan Sheppard,0
Curry,Precinct 21,Governor,,D,Tristan Sheppard,0
Curry,Precinct 22,Governor,,D,Tristan Sheppard,2
Curry,Precinct 23,Governor,,D,Tristan Sheppard,1
Curry,Precinct 24,Governor,,D,Tristan Sheppard,0
Curry,Precinct 25,Governor,,D,Tristan Sheppard,1
Curry,Precinct 26,Governor,,D,Tristan Sheppard,2
Curry,Precinct 27,Governor,,D,Tristan Sheppard,2
Curry,Precinct 01,Governor,,D,Under Votes,3
Curry,Precinct 02,Governor,,D,Under Votes,3
Curry,Precinct 03,Governor,,D,Under Votes,3
Curry,Precinct 04,Governor,,D,Under Votes,2
Curry,Precinct 05,Governor,,D,Under Votes,8
Curry,Precinct 06,Governor,,D,Under Votes,10
Curry,Precinct 07,Governor,,D,Under Votes,6
Curry,Precinct 08,Governor,,D,Under Votes,5
Curry,Precinct 09,Governor,,D,Under Votes,12
Curry,Precinct 10,Governor,,D,Under Votes,3
Curry,Precinct 11,Governor,,D,Under Votes,18
Curry,Precinct 12,Governor,,D,Under Votes,4
Curry,Precinct 13,Governor,,D,Under Votes,0
Curry,Precinct 14,Governor,,D,Under Votes,9
Curry,Precinct 15,Governor,,D,Under Votes,5
Curry,Precinct 16,Governor,,D,Under Votes,16
Curry,Precinct 17,Governor,,D,Under Votes,27
Curry,Precinct 18,Governor,,D,Under Votes,7
Curry,Precinct 19,Governor,,D,Under Votes,7
Curry,Precinct 20,Governor,,D,Under Votes,3
Curry,Precinct 21,Governor,,D,Under Votes,5
Curry,Precinct 22,Governor,,D,Under Votes,5
Curry,Precinct 23,Governor,,D,Under Votes,3
Curry,Precinct 24,Governor,,D,Under Votes,4
Curry,Precinct 25,Governor,,D,Under Votes,7
Curry,Precinct 26,Governor,,D,Under Votes,11
Curry,Precinct 27,Governor,,D,Under Votes,7
Curry,Precinct 01,Governor,,D,Write-ins,0
Curry,Precinct 02,Governor,,D,Write-ins,2
Curry,Precinct 03,Governor,,D,Write-ins,5
Curry,Precinct 04,Governor,,D,Write-ins,3
Curry,Precinct 05,Governor,,D,Write-ins,2
Curry,Precinct 06,Governor,,D,Write-ins,2
Curry,Precinct 07,Governor,,D,Write-ins,0
Curry,Precinct 08,Governor,,D,Write-ins,2
Curry,Precinct 09,Governor,,D,Write-ins,6
Curry,Precinct 10,Governor,,D,Write-ins,1
Curry,Precinct 11,Governor,,D,Write-ins,6
Curry,Precinct 12,Governor,,D,Write-ins,0
Curry,Precinct 13,Governor,,D,Write-ins,1
Curry,Precinct 14,Governor,,D,Write-ins,1
Curry,Precinct 15,Governor,,D,Write-ins,1
Curry,Precinct 16,Governor,,D,Write-ins,6
Curry,Precinct 17,Governor,,D,Write-ins,6
Curry,Precinct 18,Governor,,D,Write-ins,5
Curry,Precinct 19,Governor,,D,Write-ins,5
Curry,Precinct 20,Governor,,D,Write-ins,2
Curry,Precinct 21,Governor,,D,Write-ins,1
Curry,Precinct 22,Governor,,D,Write-ins,2
Curry,Precinct 23,Governor,,D,Write-ins,3
Curry,Precinct 24,Governor,,D,Write-ins,2
Curry,Precinct 25,Governor,,D,Write-ins,1
Curry,Precinct 26,Governor,,D,Write-ins,2
Curry,Precinct 27,Governor,,D,Write-ins,0
Curry,Precinct 01,Governor,,R,Brad T. Peters,0
Curry,Precinct 02,Governor,,R,Brad T. Peters,2
Curry,Precinct 03,Governor,,R,Brad T. Peters,1
Curry,Precinct 04,Governor,,R,Brad T. Peters,0
Curry,Precinct 05,Governor,,R,Brad T. Peters,1
Curry,Precinct 06,Governor,,R,Brad T. Peters,1
Curry,Precinct 07,Governor,,R,Brad T. Peters,0
Curry,Precinct 08,Governor,,R,Brad T. Peters,0
Curry,Precinct 09,Governor,,R,Brad T. Peters,3
Curry,Precinct 10,Governor,,R,Brad T. Peters,2
Curry,Precinct 11,Governor,,R,Brad T. Peters,0
Curry,Precinct 12,Governor,,R,Brad T. Peters,0
Curry,Precinct 13,Governor,,R,Brad T. Peters,0
Curry,Precinct 14,Governor,,R,Brad T. Peters,2
Curry,Precinct 15,Governor,,R,Brad T. Peters,0
Curry,Precinct 16,Governor,,R,Brad T. Peters,1
Curry,Precinct 17,Governor,,R,Brad T. Peters,7
Curry,Precinct 18,Governor,,R,Brad T. Peters,1
Curry,Precinct 19,Governor,,R,Brad T. Peters,4
Curry,Precinct 20,Governor,,R,Brad T. Peters,0
Curry,Precinct 21,Governor,,R,Brad T. Peters,0
Curry,Precinct 22,Governor,,R,Brad T. Peters,1
Curry,Precinct 23,Governor,,R,Brad T. Peters,2
Curry,Precinct 24,Governor,,R,Brad T. Peters,1
Curry,Precinct 25,Governor,,R,Brad T. Peters,1
Curry,Precinct 26,Governor,,R,Brad T. Peters,2
Curry,Precinct 27,Governor,,R,Brad T. Peters,1
Curry,Precinct 01,Governor,,R,Chris Dudley,4
Curry,Precinct 02,Governor,,R,Chris Dudley,21
Curry,Precinct 03,Governor,,R,Chris Dudley,13
Curry,Precinct 04,Governor,,R,Chris Dudley,2
Curry,Precinct 05,Governor,,R,Chris Dudley,18
Curry,Precinct 06,Governor,,R,Chris Dudley,17
Curry,Precinct 07,Governor,,R,Chris Dudley,6
Curry,Precinct 08,Governor,,R,Chris Dudley,19
Curry,Precinct 09,Governor,,R,Chris Dudley,22
Curry,Precinct 10,Governor,,R,Chris Dudley,14
Curry,Precinct 11,Governor,,R,Chris Dudley,24
Curry,Precinct 12,Governor,,R,Chris Dudley,5
Curry,Precinct 13,Governor,,R,Chris Dudley,11
Curry,Precinct 14,Governor,,R,Chris Dudley,11
Curry,Precinct 15,Governor,,R,Chris Dudley,15
Curry,Precinct 16,Governor,,R,Chris Dudley,31
Curry,Precinct 17,Governor,,R,Chris Dudley,30
Curry,Precinct 18,Governor,,R,Chris Dudley,14
Curry,Precinct 19,Governor,,R,Chris Dudley,36
Curry,Precinct 20,Governor,,R,Chris Dudley,7
Curry,Precinct 21,Governor,,R,Chris Dudley,4
Curry,Precinct 22,Governor,,R,Chris Dudley,19
Curry,Precinct 23,Governor,,R,Chris Dudley,17
Curry,Precinct 24,Governor,,R,Chris Dudley,14
Curry,Precinct 25,Governor,,R,Chris Dudley,8
Curry,Precinct 26,Governor,,R,Chris Dudley,12
Curry,Precinct 27,Governor,,R,Chris Dudley,10
Curry,Precinct 01,Governor,,R,Christine Drazan,12
Curry,Precinct 02,Governor,,R,Christine Drazan,84
Curry,Precinct 03,Governor,,R,Christine Drazan,56
Curry,Precinct 04,Governor,,R,Christine Drazan,38
Curry,Precinct 05,Governor,,R,Christine Drazan,67
Curry,Precinct 06,Governor,,R,Christine Drazan,53
Curry,Precinct 07,Governor,,R,Christine Drazan,21
Curry,Precinct 08,Governor,,R,Christine Drazan,76
Curry,Precinct 09,Governor,,R,Christine Drazan,129
Curry,Precinct 10,Governor,,R,Christine Drazan,83
Curry,Precinct 11,Governor,,R,Christine Drazan,105
Curry,Precinct 12,Governor,,R,Christine Drazan,47
Curry,Precinct 13,Governor,,R,Christine Drazan,46
Curry,Precinct 14,Governor,,R,Christine Drazan,41
Curry,Precinct 15,Governor,,R,Christine Drazan,40
Curry,Precinct 16,Governor,,R,Christine Drazan,155
Curry,Precinct 17,Governor,,R,Christine Drazan,183
Curry,Precinct 18,Governor,,R,Christine Drazan,71
Curry,Precinct 19,Governor,,R,Christine Drazan,117
Curry,Precinct 20,Governor,,R,Christine Drazan,54
Curry,Precinct 21,Governor,,R,Christine Drazan,41
Curry,Precinct 22,Governor,,R,Christine Drazan,55
Curry,Precinct 23,Governor,,R,Christine Drazan,76
Curry,Precinct 24,Governor,,R,Christine Drazan,97
Curry,Precinct 25,Governor,,R,Christine Drazan,64
Curry,Precinct 26,Governor,,R,Christine Drazan,113
Curry,Precinct 27,Governor,,R,Christine Drazan,44
Curry,Precinct 01,Governor,,R,Danielle Bethell,0
Curry,Precinct 02,Governor,,R,Danielle Bethell,5
Curry,Precinct 03,Governor,,R,Danielle Bethell,1
Curry,Precinct 04,Governor,,R,Danielle Bethell,1
Curry,Precinct 05,Governor,,R,Danielle Bethell,2
Curry,Precinct 06,Governor,,R,Danielle Bethell,4
Curry,Precinct 07,Governor,,R,Danielle Bethell,0
Curry,Precinct 08,Governor,,R,Danielle Bethell,5
Curry,Precinct 09,Governor,,R,Danielle Bethell,13
Curry,Precinct 10,Governor,,R,Danielle Bethell,4
Curry,Precinct 11,Governor,,R,Danielle Bethell,11
Curry,Precinct 12,Governor,,R,Danielle Bethell,3
Curry,Precinct 13,Governor,,R,Danielle Bethell,2
Curry,Precinct 14,Governor,,R,Danielle Bethell,1
Curry,Precinct 15,Governor,,R,Danielle Bethell,4
Curry,Precinct 16,Governor,,R,Danielle Bethell,6
Curry,Precinct 17,Governor,,R,Danielle Bethell,16
Curry,Precinct 18,Governor,,R,Danielle Bethell,9
Curry,Precinct 19,Governor,,R,Danielle Bethell,2
Curry,Precinct 20,Governor,,R,Danielle Bethell,0
Curry,Precinct 21,Governor,,R,Danielle Bethell,1
Curry,Precinct 22,Governor,,R,Danielle Bethell,4
Curry,Precinct 23,Governor,,R,Danielle Bethell,2
Curry,Precinct 24,Governor,,R,Danielle Bethell,5
Curry,Precinct 25,Governor,,R,Danielle Bethell,7
Curry,Precinct 26,Governor,,R,Danielle Bethell,7
Curry,Precinct 27,Governor,,R,Danielle Bethell,2
Curry,Precinct 01,Governor,,R,David Medina,2
Curry,Precinct 02,Governor,,R,David Medina,2
Curry,Precinct 03,Governor,,R,David Medina,4
Curry,Precinct 04,Governor,,R,David Medina,1
Curry,Precinct 05,Governor,,R,David Medina,6
Curry,Precinct 06,Governor,,R,David Medina,1
Curry,Precinct 07,Governor,,R,David Medina,2
Curry,Precinct 08,Governor,,R,David Medina,7
Curry,Precinct 09,Governor,,R,David Medina,16
Curry,Precinct 10,Governor,,R,David Medina,8
Curry,Precinct 11,Governor,,R,David Medina,9
Curry,Precinct 12,Governor,,R,David Medina,4
Curry,Precinct 13,Governor,,R,David Medina,0
Curry,Precinct 14,Governor,,R,David Medina,5
Curry,Precinct 15,Governor,,R,David Medina,3
Curry,Precinct 16,Governor,,R,David Medina,17
Curry,Precinct 17,Governor,,R,David Medina,27
Curry,Precinct 18,Governor,,R,David Medina,4
Curry,Precinct 19,Governor,,R,David Medina,9
Curry,Precinct 20,Governor,,R,David Medina,7
Curry,Precinct 21,Governor,,R,David Medina,1
Curry,Precinct 22,Governor,,R,David Medina,2
Curry,Precinct 23,Governor,,R,David Medina,1
Curry,Precinct 24,Governor,,R,David Medina,12
Curry,Precinct 25,Governor,,R,David Medina,5
Curry,Precinct 26,Governor,,R,David Medina,9
Curry,Precinct 27,Governor,,R,David Medina,6
Curry,Precinct 01,Governor,,R,DeAngelo Leroy Turner,0
Curry,Precinct 02,Governor,,R,DeAngelo Leroy Turner,0
Curry,Precinct 03,Governor,,R,DeAngelo Leroy Turner,0
Curry,Precinct 04,Governor,,R,DeAngelo Leroy Turner,0
Curry,Precinct 05,Governor,,R,DeAngelo Leroy Turner,0
Curry,Precinct 06,Governor,,R,DeAngelo Leroy Turner,0
Curry,Precinct 07,Governor,,R,DeAngelo Leroy Turner,0
Curry,Precinct 08,Governor,,R,DeAngelo Leroy Turner,0
Curry,Precinct 09,Governor,,R,DeAngelo Leroy Turner,0
Curry,Precinct 10,Governor,,R,DeAngelo Leroy Turner,0
Curry,Precinct 11,Governor,,R,DeAngelo Leroy Turner,0
Curry,Precinct 12,Governor,,R,DeAngelo Leroy Turner,0
Curry,Precinct 13,Governor,,R,DeAngelo Leroy Turner,0
Curry,Precinct 14,Governor,,R,DeAngelo Leroy Turner,0
Curry,Precinct 15,Governor,,R,DeAngelo Leroy Turner,0
Curry,Precinct 16,Governor,,R,DeAngelo Leroy Turner,0
Curry,Precinct 17,Governor,,R,DeAngelo Leroy Turner,0
Curry,Precinct 18,Governor,,R,DeAngelo Leroy Turner,1
Curry,Precinct 19,Governor,,R,DeAngelo Leroy Turner,1
Curry,Precinct 20,Governor,,R,DeAngelo Leroy Turner,0
Curry,Precinct 21,Governor,,R,DeAngelo Leroy Turner,0
Curry,Precinct 22,Governor,,R,DeAngelo Leroy Turner,0
Curry,Precinct 23,Governor,,R,DeAngelo Leroy Turner,0
Curry,Precinct 24,Governor,,R,DeAngelo Leroy Turner,0
Curry,Precinct 25,Governor,,R,DeAngelo Leroy Turner,0
Curry,Precinct 26,Governor,,R,DeAngelo Leroy Turner,0
Curry,Precinct 27,Governor,,R,DeAngelo Leroy Turner,1
Curry,Precinct 01,Governor,,R,Ed Diehl,1
Curry,Precinct 02,Governor,,R,Ed Diehl,33
Curry,Precinct 03,Governor,,R,Ed Diehl,31
Curry,Precinct 04,Governor,,R,Ed Diehl,28
Curry,Precinct 05,Governor,,R,Ed Diehl,37
Curry,Precinct 06,Governor,,R,Ed Diehl,22
Curry,Precinct 07,Governor,,R,Ed Diehl,9
Curry,Precinct 08,Governor,,R,Ed Diehl,39
Curry,Precinct 09,Governor,,R,Ed Diehl,57
Curry,Precinct 10,Governor,,R,Ed Diehl,20
Curry,Precinct 11,Governor,,R,Ed Diehl,46
Curry,Precinct 12,Governor,,R,Ed Diehl,20
Curry,Precinct 13,Governor,,R,Ed Diehl,22
Curry,Precinct 14,Governor,,R,Ed Diehl,27
Curry,Precinct 15,Governor,,R,Ed Diehl,20
Curry,Precinct 16,Governor,,R,Ed Diehl,63
Curry,Precinct 17,Governor,,R,Ed Diehl,112
Curry,Precinct 18,Governor,,R,Ed Diehl,26
Curry,Precinct 19,Governor,,R,Ed Diehl,54
Curry,Precinct 20,Governor,,R,Ed Diehl,14
Curry,Precinct 21,Governor,,R,Ed Diehl,19
Curry,Precinct 22,Governor,,R,Ed Diehl,29
Curry,Precinct 23,Governor,,R,Ed Diehl,30
Curry,Precinct 24,Governor,,R,Ed Diehl,36
Curry,Precinct 25,Governor,,R,Ed Diehl,35
Curry,Precinct 26,Governor,,R,Ed Diehl,62
Curry,Precinct 27,Governor,,R,Ed Diehl,32
Curry,Precinct 01,Governor,,R,Hope A. Dalrymple,0
Curry,Precinct 02,Governor,,R,Hope A. Dalrymple,0
Curry,Precinct 03,Governor,,R,Hope A. Dalrymple,0
Curry,Precinct 04,Governor,,R,Hope A. Dalrymple,0
Curry,Precinct 05,Governor,,R,Hope A. Dalrymple,0
Curry,Precinct 06,Governor,,R,Hope A. Dalrymple,0
Curry,Precinct 07,Governor,,R,Hope A. Dalrymple,0
Curry,Precinct 08,Governor,,R,Hope A. Dalrymple,1
Curry,Precinct 09,Governor,,R,Hope A. Dalrymple,0
Curry,Precinct 10,Governor,,R,Hope A. Dalrymple,1
Curry,Precinct 11,Governor,,R,Hope A. Dalrymple,1
Curry,Precinct 12,Governor,,R,Hope A. Dalrymple,1
Curry,Precinct 13,Governor,,R,Hope A. Dalrymple,0
Curry,Precinct 14,Governor,,R,Hope A. Dalrymple,1
Curry,Precinct 15,Governor,,R,Hope A. Dalrymple,0
Curry,Precinct 16,Governor,,R,Hope A. Dalrymple,0
Curry,Precinct 17,Governor,,R,Hope A. Dalrymple,1
Curry,Precinct 18,Governor,,R,Hope A. Dalrymple,0
Curry,Precinct 19,Governor,,R,Hope A. Dalrymple,0
Curry,Precinct 20,Governor,,R,Hope A. Dalrymple,0
Curry,Precinct 21,Governor,,R,Hope A. Dalrymple,0
Curry,Precinct 22,Governor,,R,Hope A. Dalrymple,0
Curry,Precinct 23,Governor,,R,Hope A. Dalrymple,0
Curry,Precinct 24,Governor,,R,Hope A. Dalrymple,1
Curry,Precinct 25,Governor,,R,Hope A. Dalrymple,0
Curry,Precinct 26,Governor,,R,Hope A. Dalrymple,0
Curry,Precinct 27,Governor,,R,Hope A. Dalrymple,0
Curry,Precinct 01,Governor,,R,Kyle M. Duyck,0
Curry,Precinct 02,Governor,,R,Kyle M. Duyck,0
Curry,Precinct 03,Governor,,R,Kyle M. Duyck,0
Curry,Precinct 04,Governor,,R,Kyle M. Duyck,0
Curry,Precinct 05,Governor,,R,Kyle M. Duyck,0
Curry,Precinct 06,Governor,,R,Kyle M. Duyck,0
Curry,Precinct 07,Governor,,R,Kyle M. Duyck,0
Curry,Precinct 08,Governor,,R,Kyle M. Duyck,0
Curry,Precinct 09,Governor,,R,Kyle M. Duyck,3
Curry,Precinct 10,Governor,,R,Kyle M. Duyck,1
Curry,Precinct 11,Governor,,R,Kyle M. Duyck,0
Curry,Precinct 12,Governor,,R,Kyle M. Duyck,0
Curry,Precinct 13,Governor,,R,Kyle M. Duyck,1
Curry,Precinct 14,Governor,,R,Kyle M. Duyck,0
Curry,Precinct 15,Governor,,R,Kyle M. Duyck,0
Curry,Precinct 16,Governor,,R,Kyle M. Duyck,1
Curry,Precinct 17,Governor,,R,Kyle M. Duyck,3
Curry,Precinct 18,Governor,,R,Kyle M. Duyck,1
Curry,Precinct 19,Governor,,R,Kyle M. Duyck,1
Curry,Precinct 20,Governor,,R,Kyle M. Duyck,0
Curry,Precinct 21,Governor,,R,Kyle M. Duyck,0
Curry,Precinct 22,Governor,,R,Kyle M. Duyck,0
Curry,Precinct 23,Governor,,R,Kyle M. Duyck,0
Curry,Precinct 24,Governor,,R,Kyle M. Duyck,0
Curry,Precinct 25,Governor,,R,Kyle M. Duyck,0
Curry,Precinct 26,Governor,,R,Kyle M. Duyck,1
Curry,Precinct 27,Governor,,R,Kyle M. Duyck,0
Curry,Precinct 01,Governor,,R,Martin Ward,0
Curry,Precinct 02,Governor,,R,Martin Ward,0
Curry,Precinct 03,Governor,,R,Martin Ward,0
Curry,Precinct 04,Governor,,R,Martin Ward,0
Curry,Precinct 05,Governor,,R,Martin Ward,0
Curry,Precinct 06,Governor,,R,Martin Ward,1
Curry,Precinct 07,Governor,,R,Martin Ward,0
Curry,Precinct 08,Governor,,R,Martin Ward,0
Curry,Precinct 09,Governor,,R,Martin Ward,1
Curry,Precinct 10,Governor,,R,Martin Ward,0
Curry,Precinct 11,Governor,,R,Martin Ward,0
Curry,Precinct 12,Governor,,R,Martin Ward,0
Curry,Precinct 13,Governor,,R,Martin Ward,0
Curry,Precinct 14,Governor,,R,Martin Ward,1
Curry,Precinct 15,Governor,,R,Martin Ward,0
Curry,Precinct 16,Governor,,R,Martin Ward,0
Curry,Precinct 17,Governor,,R,Martin Ward,0
Curry,Precinct 18,Governor,,R,Martin Ward,0
Curry,Precinct 19,Governor,,R,Martin Ward,1
Curry,Precinct 20,Governor,,R,Martin Ward,0
Curry,Precinct 21,Governor,,R,Martin Ward,0
Curry,Precinct 22,Governor,,R,Martin Ward,1
Curry,Precinct 23,Governor,,R,Martin Ward,0
Curry,Precinct 24,Governor,,R,Martin Ward,0
Curry,Precinct 25,Governor,,R,Martin Ward,1
Curry,Precinct 26,Governor,,R,Martin Ward,1
Curry,Precinct 27,Governor,,R,Martin Ward,1
Curry,Precinct 01,Governor,,R,Over Votes,0
Curry,Precinct 02,Governor,,R,Over Votes,0
Curry,Precinct 03,Governor,,R,Over Votes,0
Curry,Precinct 04,Governor,,R,Over Votes,0
Curry,Precinct 05,Governor,,R,Over Votes,0
Curry,Precinct 06,Governor,,R,Over Votes,0
Curry,Precinct 07,Governor,,R,Over Votes,0
Curry,Precinct 08,Governor,,R,Over Votes,0
Curry,Precinct 09,Governor,,R,Over Votes,0
Curry,Precinct 10,Governor,,R,Over Votes,0
Curry,Precinct 11,Governor,,R,Over Votes,0
Curry,Precinct 12,Governor,,R,Over Votes,0
Curry,Precinct 13,Governor,,R,Over Votes,0
Curry,Precinct 14,Governor,,R,Over Votes,0
Curry,Precinct 15,Governor,,R,Over Votes,0
Curry,Precinct 16,Governor,,R,Over Votes,0
Curry,Precinct 17,Governor,,R,Over Votes,0
Curry,Precinct 18,Governor,,R,Over Votes,0
Curry,Precinct 19,Governor,,R,Over Votes,0
Curry,Precinct 20,Governor,,R,Over Votes,0
Curry,Precinct 21,Governor,,R,Over Votes,0
Curry,Precinct 22,Governor,,R,Over Votes,0
Curry,Precinct 23,Governor,,R,Over Votes,0
Curry,Precinct 24,Governor,,R,Over Votes,0
Curry,Precinct 25,Governor,,R,Over Votes,0
Curry,Precinct 26,Governor,,R,Over Votes,0
Curry,Precinct 27,Governor,,R,Over Votes,0
Curry,Precinct 01,Governor,,R,Paul J. Romero Jr,0
Curry,Precinct 02,Governor,,R,Paul J. Romero Jr,0
Curry,Precinct 03,Governor,,R,Paul J. Romero Jr,0
Curry,Precinct 04,Governor,,R,Paul J. Romero Jr,0
Curry,Precinct 05,Governor,,R,Paul J. Romero Jr,0
Curry,Precinct 06,Governor,,R,Paul J. Romero Jr,0
Curry,Precinct 07,Governor,,R,Paul J. Romero Jr,0
Curry,Precinct 08,Governor,,R,Paul J. Romero Jr,0
Curry,Precinct 09,Governor,,R,Paul J. Romero Jr,1
Curry,Precinct 10,Governor,,R,Paul J. Romero Jr,1
Curry,Precinct 11,Governor,,R,Paul J. Romero Jr,2
Curry,Precinct 12,Governor,,R,Paul J. Romero Jr,1
Curry,Precinct 13,Governor,,R,Paul J. Romero Jr,2
Curry,Precinct 14,Governor,,R,Paul J. Romero Jr,0
Curry,Precinct 15,Governor,,R,Paul J. Romero Jr,0
Curry,Precinct 16,Governor,,R,Paul J. Romero Jr,0
Curry,Precinct 17,Governor,,R,Paul J. Romero Jr,4
Curry,Precinct 18,Governor,,R,Paul J. Romero Jr,1
Curry,Precinct 19,Governor,,R,Paul J. Romero Jr,1
Curry,Precinct 20,Governor,,R,Paul J. Romero Jr,0
Curry,Precinct 21,Governor,,R,Paul J. Romero Jr,0
Curry,Precinct 22,Governor,,R,Paul J. Romero Jr,0
Curry,Precinct 23,Governor,,R,Paul J. Romero Jr,0
Curry,Precinct 24,Governor,,R,Paul J. Romero Jr,1
Curry,Precinct 25,Governor,,R,Paul J. Romero Jr,1
Curry,Precinct 26,Governor,,R,Paul J. Romero Jr,0
Curry,Precinct 27,Governor,,R,Paul J. Romero Jr,0
Curry,Precinct 01,Governor,,R,Robert Neuman,0
Curry,Precinct 02,Governor,,R,Robert Neuman,0
Curry,Precinct 03,Governor,,R,Robert Neuman,0
Curry,Precinct 04,Governor,,R,Robert Neuman,0
Curry,Precinct 05,Governor,,R,Robert Neuman,0
Curry,Precinct 06,Governor,,R,Robert Neuman,1
Curry,Precinct 07,Governor,,R,Robert Neuman,0
Curry,Precinct 08,Governor,,R,Robert Neuman,1
Curry,Precinct 09,Governor,,R,Robert Neuman,0
Curry,Precinct 10,Governor,,R,Robert Neuman,1
Curry,Precinct 11,Governor,,R,Robert Neuman,2
Curry,Precinct 12,Governor,,R,Robert Neuman,0
Curry,Precinct 13,Governor,,R,Robert Neuman,0
Curry,Precinct 14,Governor,,R,Robert Neuman,0
Curry,Precinct 15,Governor,,R,Robert Neuman,0
Curry,Precinct 16,Governor,,R,Robert Neuman,3
Curry,Precinct 17,Governor,,R,Robert Neuman,4
Curry,Precinct 18,Governor,,R,Robert Neuman,0
Curry,Precinct 19,Governor,,R,Robert Neuman,0
Curry,Precinct 20,Governor,,R,Robert Neuman,0
Curry,Precinct 21,Governor,,R,Robert Neuman,0
Curry,Precinct 22,Governor,,R,Robert Neuman,0
Curry,Precinct 23,Governor,,R,Robert Neuman,0
Curry,Precinct 24,Governor,,R,Robert Neuman,0
Curry,Precinct 25,Governor,,R,Robert Neuman,0
Curry,Precinct 26,Governor,,R,Robert Neuman,1
Curry,Precinct 27,Governor,,R,Robert Neuman,0
Curry,Precinct 01,Governor,,R,Tim O. Youker,0
Curry,Precinct 02,Governor,,R,Tim O. Youker,0
Curry,Precinct 03,Governor,,R,Tim O. Youker,0
Curry,Precinct 04,Governor,,R,Tim O. Youker,0
Curry,Precinct 05,Governor,,R,Tim O. Youker,0
Curry,Precinct 06,Governor,,R,Tim O. Youker,0
Curry,Precinct 07,Governor,,R,Tim O. Youker,0
Curry,Precinct 08,Governor,,R,Tim O. Youker,0
Curry,Precinct 09,Governor,,R,Tim O. Youker,1
Curry,Precinct 10,Governor,,R,Tim O. Youker,0
Curry,Precinct 11,Governor,,R,Tim O. Youker,1
Curry,Precinct 12,Governor,,R,Tim O. Youker,0
Curry,Precinct 13,Governor,,R,Tim O. Youker,0
Curry,Precinct 14,Governor,,R,Tim O. Youker,0
Curry,Precinct 15,Governor,,R,Tim O. Youker,0
Curry,Precinct 16,Governor,,R,Tim O. Youker,1
Curry,Precinct 17,Governor,,R,Tim O. Youker,1
Curry,Precinct 18,Governor,,R,Tim O. Youker,0
Curry,Precinct 19,Governor,,R,Tim O. Youker,0
Curry,Precinct 20,Governor,,R,Tim O. Youker,0
Curry,Precinct 21,Governor,,R,Tim O. Youker,0
Curry,Precinct 22,Governor,,R,Tim O. Youker,0
Curry,Precinct 23,Governor,,R,Tim O. Youker,0
Curry,Precinct 24,Governor,,R,Tim O. Youker,0
Curry,Precinct 25,Governor,,R,Tim O. Youker,0
Curry,Precinct 26,Governor,,R,Tim O. Youker,0
Curry,Precinct 27,Governor,,R,Tim O. Youker,0
Curry,Precinct 01,Governor,,R,Under Votes,1
Curry,Precinct 02,Governor,,R,Under Votes,5
Curry,Precinct 03,Governor,,R,Under Votes,4
Curry,Precinct 04,Governor,,R,Under Votes,0
Curry,Precinct 05,Governor,,R,Under Votes,0
Curry,Precinct 06,Governor,,R,Under Votes,5
Curry,Precinct 07,Governor,,R,Under Votes,0
Curry,Precinct 08,Governor,,R,Under Votes,1
Curry,Precinct 09,Governor,,R,Under Votes,7
Curry,Precinct 10,Governor,,R,Under Votes,3
Curry,Precinct 11,Governor,,R,Under Votes,4
Curry,Precinct 12,Governor,,R,Under Votes,0
Curry,Precinct 13,Governor,,R,Under Votes,1
Curry,Precinct 14,Governor,,R,Under Votes,1
Curry,Precinct 15,Governor,,R,Under Votes,3
Curry,Precinct 16,Governor,,R,Under Votes,5
Curry,Precinct 17,Governor,,R,Under Votes,15
Curry,Precinct 18,Governor,,R,Under Votes,4
Curry,Precinct 19,Governor,,R,Under Votes,12
Curry,Precinct 20,Governor,,R,Under Votes,2
Curry,Precinct 21,Governor,,R,Under Votes,2
Curry,Precinct 22,Governor,,R,Under Votes,6
Curry,Precinct 23,Governor,,R,Under Votes,1
Curry,Precinct 24,Governor,,R,Under Votes,3
Curry,Precinct 25,Governor,,R,Under Votes,5
Curry,Precinct 26,Governor,,R,Under Votes,8
Curry,Precinct 27,Governor,,R,Under Votes,5
Curry,Precinct 01,Governor,,R,Wen Waddell,0
Curry,Precinct 02,Governor,,R,Wen Waddell,0
Curry,Precinct 03,Governor,,R,Wen Waddell,0
Curry,Precinct 04,Governor,,R,Wen Waddell,0
Curry,Precinct 05,Governor,,R,Wen Waddell,0
Curry,Precinct 06,Governor,,R,Wen Waddell,0
Curry,Precinct 07,Governor,,R,Wen Waddell,0
Curry,Precinct 08,Governor,,R,Wen Waddell,0
Curry,Precinct 09,Governor,,R,Wen Waddell,0
Curry,Precinct 10,Governor,,R,Wen Waddell,0
Curry,Precinct 11,Governor,,R,Wen Waddell,0
Curry,Precinct 12,Governor,,R,Wen Waddell,0
Curry,Precinct 13,Governor,,R,Wen Waddell,0
Curry,Precinct 14,Governor,,R,Wen Waddell,0
Curry,Precinct 15,Governor,,R,Wen Waddell,0
Curry,Precinct 16,Governor,,R,Wen Waddell,0
Curry,Precinct 17,Governor,,R,Wen Waddell,0
Curry,Precinct 18,Governor,,R,Wen Waddell,1
Curry,Precinct 19,Governor,,R,Wen Waddell,0
Curry,Precinct 20,Governor,,R,Wen Waddell,0
Curry,Precinct 21,Governor,,R,Wen Waddell,0
Curry,Precinct 22,Governor,,R,Wen Waddell,0
Curry,Precinct 23,Governor,,R,Wen Waddell,0
Curry,Precinct 24,Governor,,R,Wen Waddell,0
Curry,Precinct 25,Governor,,R,Wen Waddell,0
Curry,Precinct 26,Governor,,R,Wen Waddell,0
Curry,Precinct 27,Governor,,R,Wen Waddell,0
Curry,Precinct 01,Governor,,R,Write-ins,0
Curry,Precinct 02,Governor,,R,Write-ins,0
Curry,Precinct 03,Governor,,R,Write-ins,0
Curry,Precinct 04,Governor,,R,Write-ins,0
Curry,Precinct 05,Governor,,R,Write-ins,3
Curry,Precinct 06,Governor,,R,Write-ins,2
Curry,Precinct 07,Governor,,R,Write-ins,0
Curry,Precinct 08,Governor,,R,Write-ins,2
Curry,Precinct 09,Governor,,R,Write-ins,0
Curry,Precinct 10,Governor,,R,Write-ins,0
Curry,Precinct 11,Governor,,R,Write-ins,0
Curry,Precinct 12,Governor,,R,Write-ins,1
Curry,Precinct 13,Governor,,R,Write-ins,0
Curry,Precinct 14,Governor,,R,Write-ins,1
Curry,Precinct 15,Governor,,R,Write-ins,1
Curry,Precinct 16,Governor,,R,Write-ins,0
Curry,Precinct 17,Governor,,R,Write-ins,0
Curry,Precinct 18,Governor,,R,Write-ins,1
Curry,Precinct 19,Governor,,R,Write-ins,0
Curry,Precinct 20,Governor,,R,Write-ins,1
Curry,Precinct 21,Governor,,R,Write-ins,0
Curry,Precinct 22,Governor,,R,Write-ins,0
Curry,Precinct 23,Governor,,R,Write-ins,0
Curry,Precinct 24,Governor,,R,Write-ins,1
Curry,Precinct 25,Governor,,R,Write-ins,0
Curry,Precinct 26,Governor,,R,Write-ins,1
Curry,Precinct 27,Governor,,R,Write-ins,1
Curry,Precinct 01,Judge of the Circuit Court,"15th District, Position 6",,Cynthia L. Beaman,24
Curry,Precinct 02,Judge of the Circuit Court,"15th District, Position 6",,Cynthia L. Beaman,169
Curry,Precinct 03,Judge of the Circuit Court,"15th District, Position 6",,Cynthia L. Beaman,152
Curry,Precinct 04,Judge of the Circuit Court,"15th District, Position 6",,Cynthia L. Beaman,61
Curry,Precinct 05,Judge of the Circuit Court,"15th District, Position 6",,Cynthia L. Beaman,241
Curry,Precinct 06,Judge of the Circuit Court,"15th District, Position 6",,Cynthia L. Beaman,180
Curry,Precinct 07,Judge of the Circuit Court,"15th District, Position 6",,Cynthia L. Beaman,88
Curry,Precinct 08,Judge of the Circuit Court,"15th District, Position 6",,Cynthia L. Beaman,146
Curry,Precinct 09,Judge of the Circuit Court,"15th District, Position 6",,Cynthia L. Beaman,260
Curry,Precinct 10,Judge of the Circuit Court,"15th District, Position 6",,Cynthia L. Beaman,165
Curry,Precinct 11,Judge of the Circuit Court,"15th District, Position 6",,Cynthia L. Beaman,280
Curry,Precinct 12,Judge of the Circuit Court,"15th District, Position 6",,Cynthia L. Beaman,84
Curry,Precinct 13,Judge of the Circuit Court,"15th District, Position 6",,Cynthia L. Beaman,80
Curry,Precinct 14,Judge of the Circuit Court,"15th District, Position 6",,Cynthia L. Beaman,107
Curry,Precinct 15,Judge of the Circuit Court,"15th District, Position 6",,Cynthia L. Beaman,132
Curry,Precinct 16,Judge of the Circuit Court,"15th District, Position 6",,Cynthia L. Beaman,380
Curry,Precinct 17,Judge of the Circuit Court,"15th District, Position 6",,Cynthia L. Beaman,519
Curry,Precinct 18,Judge of the Circuit Court,"15th District, Position 6",,Cynthia L. Beaman,163
Curry,Precinct 19,Judge of the Circuit Court,"15th District, Position 6",,Cynthia L. Beaman,238
Curry,Precinct 20,Judge of the Circuit Court,"15th District, Position 6",,Cynthia L. Beaman,119
Curry,Precinct 21,Judge of the Circuit Court,"15th District, Position 6",,Cynthia L. Beaman,96
Curry,Precinct 22,Judge of the Circuit Court,"15th District, Position 6",,Cynthia L. Beaman,160
Curry,Precinct 23,Judge of the Circuit Court,"15th District, Position 6",,Cynthia L. Beaman,158
Curry,Precinct 24,Judge of the Circuit Court,"15th District, Position 6",,Cynthia L. Beaman,200
Curry,Precinct 25,Judge of the Circuit Court,"15th District, Position 6",,Cynthia L. Beaman,178
Curry,Precinct 26,Judge of the Circuit Court,"15th District, Position 6",,Cynthia L. Beaman,255
Curry,Precinct 27,Judge of the Circuit Court,"15th District, Position 6",,Cynthia L. Beaman,111
Curry,Precinct 01,Judge of the Circuit Court,"15th District, Position 6",,Over Votes,0
Curry,Precinct 02,Judge of the Circuit Court,"15th District, Position 6",,Over Votes,0
Curry,Precinct 03,Judge of the Circuit Court,"15th District, Position 6",,Over Votes,0
Curry,Precinct 04,Judge of the Circuit Court,"15th District, Position 6",,Over Votes,0
Curry,Precinct 05,Judge of the Circuit Court,"15th District, Position 6",,Over Votes,0
Curry,Precinct 06,Judge of the Circuit Court,"15th District, Position 6",,Over Votes,0
Curry,Precinct 07,Judge of the Circuit Court,"15th District, Position 6",,Over Votes,0
Curry,Precinct 08,Judge of the Circuit Court,"15th District, Position 6",,Over Votes,0
Curry,Precinct 09,Judge of the Circuit Court,"15th District, Position 6",,Over Votes,0
Curry,Precinct 10,Judge of the Circuit Court,"15th District, Position 6",,Over Votes,0
Curry,Precinct 11,Judge of the Circuit Court,"15th District, Position 6",,Over Votes,0
Curry,Precinct 12,Judge of the Circuit Court,"15th District, Position 6",,Over Votes,0
Curry,Precinct 13,Judge of the Circuit Court,"15th District, Position 6",,Over Votes,0
Curry,Precinct 14,Judge of the Circuit Court,"15th District, Position 6",,Over Votes,0
Curry,Precinct 15,Judge of the Circuit Court,"15th District, Position 6",,Over Votes,0
Curry,Precinct 16,Judge of the Circuit Court,"15th District, Position 6",,Over Votes,0
Curry,Precinct 17,Judge of the Circuit Court,"15th District, Position 6",,Over Votes,0
Curry,Precinct 18,Judge of the Circuit Court,"15th District, Position 6",,Over Votes,0
Curry,Precinct 19,Judge of the Circuit Court,"15th District, Position 6",,Over Votes,0
Curry,Precinct 20,Judge of the Circuit Court,"15th District, Position 6",,Over Votes,0
Curry,Precinct 21,Judge of the Circuit Court,"15th District, Position 6",,Over Votes,0
Curry,Precinct 22,Judge of the Circuit Court,"15th District, Position 6",,Over Votes,0
Curry,Precinct 23,Judge of the Circuit Court,"15th District, Position 6",,Over Votes,0
Curry,Precinct 24,Judge of the Circuit Court,"15th District, Position 6",,Over Votes,0
Curry,Precinct 25,Judge of the Circuit Court,"15th District, Position 6",,Over Votes,0
Curry,Precinct 26,Judge of the Circuit Court,"15th District, Position 6",,Over Votes,0
Curry,Precinct 27,Judge of the Circuit Court,"15th District, Position 6",,Over Votes,0
Curry,Precinct 01,Judge of the Circuit Court,"15th District, Position 6",,Under Votes,36
Curry,Precinct 02,Judge of the Circuit Court,"15th District, Position 6",,Under Votes,131
Curry,Precinct 03,Judge of the Circuit Court,"15th District, Position 6",,Under Votes,141
Curry,Precinct 04,Judge of the Circuit Court,"15th District, Position 6",,Under Votes,64
Curry,Precinct 05,Judge of the Circuit Court,"15th District, Position 6",,Under Votes,194
Curry,Precinct 06,Judge of the Circuit Court,"15th District, Position 6",,Under Votes,165
Curry,Precinct 07,Judge of the Circuit Court,"15th District, Position 6",,Under Votes,86
Curry,Precinct 08,Judge of the Circuit Court,"15th District, Position 6",,Under Votes,179
Curry,Precinct 09,Judge of the Circuit Court,"15th District, Position 6",,Under Votes,287
Curry,Precinct 10,Judge of the Circuit Court,"15th District, Position 6",,Under Votes,131
Curry,Precinct 11,Judge of the Circuit Court,"15th District, Position 6",,Under Votes,186
Curry,Precinct 12,Judge of the Circuit Court,"15th District, Position 6",,Under Votes,86
Curry,Precinct 13,Judge of the Circuit Court,"15th District, Position 6",,Under Votes,69
Curry,Precinct 14,Judge of the Circuit Court,"15th District, Position 6",,Under Votes,79
Curry,Precinct 15,Judge of the Circuit Court,"15th District, Position 6",,Under Votes,98
Curry,Precinct 16,Judge of the Circuit Court,"15th District, Position 6",,Under Votes,273
Curry,Precinct 17,Judge of the Circuit Court,"15th District, Position 6",,Under Votes,391
Curry,Precinct 18,Judge of the Circuit Court,"15th District, Position 6",,Under Votes,113
Curry,Precinct 19,Judge of the Circuit Court,"15th District, Position 6",,Under Votes,188
Curry,Precinct 20,Judge of the Circuit Court,"15th District, Position 6",,Under Votes,93
Curry,Precinct 21,Judge of the Circuit Court,"15th District, Position 6",,Under Votes,64
Curry,Precinct 22,Judge of the Circuit Court,"15th District, Position 6",,Under Votes,96
Curry,Precinct 23,Judge of the Circuit Court,"15th District, Position 6",,Under Votes,125
Curry,Precinct 24,Judge of the Circuit Court,"15th District, Position 6",,Under Votes,127
Curry,Precinct 25,Judge of the Circuit Court,"15th District, Position 6",,Under Votes,107
Curry,Precinct 26,Judge of the Circuit Court,"15th District, Position 6",,Under Votes,219
Curry,Precinct 27,Judge of the Circuit Court,"15th District, Position 6",,Under Votes,80
Curry,Precinct 01,Judge of the Circuit Court,"15th District, Position 6",,Write-ins,0
Curry,Precinct 02,Judge of the Circuit Court,"15th District, Position 6",,Write-ins,2
Curry,Precinct 03,Judge of the Circuit Court,"15th District, Position 6",,Write-ins,2
Curry,Precinct 04,Judge of the Circuit Court,"15th District, Position 6",,Write-ins,2
Curry,Precinct 05,Judge of the Circuit Court,"15th District, Position 6",,Write-ins,2
Curry,Precinct 06,Judge of the Circuit Court,"15th District, Position 6",,Write-ins,3
Curry,Precinct 07,Judge of the Circuit Court,"15th District, Position 6",,Write-ins,0
Curry,Precinct 08,Judge of the Circuit Court,"15th District, Position 6",,Write-ins,3
Curry,Precinct 09,Judge of the Circuit Court,"15th District, Position 6",,Write-ins,12
Curry,Precinct 10,Judge of the Circuit Court,"15th District, Position 6",,Write-ins,1
Curry,Precinct 11,Judge of the Circuit Court,"15th District, Position 6",,Write-ins,6
Curry,Precinct 12,Judge of the Circuit Court,"15th District, Position 6",,Write-ins,2
Curry,Precinct 13,Judge of the Circuit Court,"15th District, Position 6",,Write-ins,8
Curry,Precinct 14,Judge of the Circuit Court,"15th District, Position 6",,Write-ins,1
Curry,Precinct 15,Judge of the Circuit Court,"15th District, Position 6",,Write-ins,3
Curry,Precinct 16,Judge of the Circuit Court,"15th District, Position 6",,Write-ins,8
Curry,Precinct 17,Judge of the Circuit Court,"15th District, Position 6",,Write-ins,11
Curry,Precinct 18,Judge of the Circuit Court,"15th District, Position 6",,Write-ins,3
Curry,Precinct 19,Judge of the Circuit Court,"15th District, Position 6",,Write-ins,7
Curry,Precinct 20,Judge of the Circuit Court,"15th District, Position 6",,Write-ins,1
Curry,Precinct 21,Judge of the Circuit Court,"15th District, Position 6",,Write-ins,1
Curry,Precinct 22,Judge of the Circuit Court,"15th District, Position 6",,Write-ins,1
Curry,Precinct 23,Judge of the Circuit Court,"15th District, Position 6",,Write-ins,2
Curry,Precinct 24,Judge of the Circuit Court,"15th District, Position 6",,Write-ins,3
Curry,Precinct 25,Judge of the Circuit Court,"15th District, Position 6",,Write-ins,0
Curry,Precinct 26,Judge of the Circuit Court,"15th District, Position 6",,Write-ins,7
Curry,Precinct 27,Judge of the Circuit Court,"15th District, Position 6",,Write-ins,1
Curry,Precinct 01,Judge of the Court of Appeals,Position 1,,Over Votes,0
Curry,Precinct 02,Judge of the Court of Appeals,Position 1,,Over Votes,0
Curry,Precinct 03,Judge of the Court of Appeals,Position 1,,Over Votes,0
Curry,Precinct 04,Judge of the Court of Appeals,Position 1,,Over Votes,0
Curry,Precinct 05,Judge of the Court of Appeals,Position 1,,Over Votes,0
Curry,Precinct 06,Judge of the Court of Appeals,Position 1,,Over Votes,0
Curry,Precinct 07,Judge of the Court of Appeals,Position 1,,Over Votes,0
Curry,Precinct 08,Judge of the Court of Appeals,Position 1,,Over Votes,0
Curry,Precinct 09,Judge of the Court of Appeals,Position 1,,Over Votes,0
Curry,Precinct 10,Judge of the Court of Appeals,Position 1,,Over Votes,0
Curry,Precinct 11,Judge of the Court of Appeals,Position 1,,Over Votes,0
Curry,Precinct 12,Judge of the Court of Appeals,Position 1,,Over Votes,0
Curry,Precinct 13,Judge of the Court of Appeals,Position 1,,Over Votes,0
Curry,Precinct 14,Judge of the Court of Appeals,Position 1,,Over Votes,0
Curry,Precinct 15,Judge of the Court of Appeals,Position 1,,Over Votes,0
Curry,Precinct 16,Judge of the Court of Appeals,Position 1,,Over Votes,0
Curry,Precinct 17,Judge of the Court of Appeals,Position 1,,Over Votes,0
Curry,Precinct 18,Judge of the Court of Appeals,Position 1,,Over Votes,0
Curry,Precinct 19,Judge of the Court of Appeals,Position 1,,Over Votes,0
Curry,Precinct 20,Judge of the Court of Appeals,Position 1,,Over Votes,0
Curry,Precinct 21,Judge of the Court of Appeals,Position 1,,Over Votes,0
Curry,Precinct 22,Judge of the Court of Appeals,Position 1,,Over Votes,0
Curry,Precinct 23,Judge of the Court of Appeals,Position 1,,Over Votes,0
Curry,Precinct 24,Judge of the Court of Appeals,Position 1,,Over Votes,0
Curry,Precinct 25,Judge of the Court of Appeals,Position 1,,Over Votes,0
Curry,Precinct 26,Judge of the Court of Appeals,Position 1,,Over Votes,0
Curry,Precinct 27,Judge of the Court of Appeals,Position 1,,Over Votes,0
Curry,Precinct 01,Judge of the Court of Appeals,Position 1,,Ryan T. O'Connor,26
Curry,Precinct 02,Judge of the Court of Appeals,Position 1,,Ryan T. O'Connor,144
Curry,Precinct 03,Judge of the Court of Appeals,Position 1,,Ryan T. O'Connor,145
Curry,Precinct 04,Judge of the Court of Appeals,Position 1,,Ryan T. O'Connor,58
Curry,Precinct 05,Judge of the Court of Appeals,Position 1,,Ryan T. O'Connor,250
Curry,Precinct 06,Judge of the Court of Appeals,Position 1,,Ryan T. O'Connor,180
Curry,Precinct 07,Judge of the Court of Appeals,Position 1,,Ryan T. O'Connor,88
Curry,Precinct 08,Judge of the Court of Appeals,Position 1,,Ryan T. O'Connor,138
Curry,Precinct 09,Judge of the Court of Appeals,Position 1,,Ryan T. O'Connor,261
Curry,Precinct 10,Judge of the Court of Appeals,Position 1,,Ryan T. O'Connor,146
Curry,Precinct 11,Judge of the Court of Appeals,Position 1,,Ryan T. O'Connor,255
Curry,Precinct 12,Judge of the Court of Appeals,Position 1,,Ryan T. O'Connor,85
Curry,Precinct 13,Judge of the Court of Appeals,Position 1,,Ryan T. O'Connor,76
Curry,Precinct 14,Judge of the Court of Appeals,Position 1,,Ryan T. O'Connor,96
Curry,Precinct 15,Judge of the Court of Appeals,Position 1,,Ryan T. O'Connor,126
Curry,Precinct 16,Judge of the Court of Appeals,Position 1,,Ryan T. O'Connor,335
Curry,Precinct 17,Judge of the Court of Appeals,Position 1,,Ryan T. O'Connor,483
Curry,Precinct 18,Judge of the Court of Appeals,Position 1,,Ryan T. O'Connor,145
Curry,Precinct 19,Judge of the Court of Appeals,Position 1,,Ryan T. O'Connor,213
Curry,Precinct 20,Judge of the Court of Appeals,Position 1,,Ryan T. O'Connor,105
Curry,Precinct 21,Judge of the Court of Appeals,Position 1,,Ryan T. O'Connor,83
Curry,Precinct 22,Judge of the Court of Appeals,Position 1,,Ryan T. O'Connor,145
Curry,Precinct 23,Judge of the Court of Appeals,Position 1,,Ryan T. O'Connor,151
Curry,Precinct 24,Judge of the Court of Appeals,Position 1,,Ryan T. O'Connor,189
Curry,Precinct 25,Judge of the Court of Appeals,Position 1,,Ryan T. O'Connor,160
Curry,Precinct 26,Judge of the Court of Appeals,Position 1,,Ryan T. O'Connor,238
Curry,Precinct 27,Judge of the Court of Appeals,Position 1,,Ryan T. O'Connor,102
Curry,Precinct 01,Judge of the Court of Appeals,Position 1,,Under Votes,34
Curry,Precinct 02,Judge of the Court of Appeals,Position 1,,Under Votes,155
Curry,Precinct 03,Judge of the Court of Appeals,Position 1,,Under Votes,147
Curry,Precinct 04,Judge of the Court of Appeals,Position 1,,Under Votes,61
Curry,Precinct 05,Judge of the Court of Appeals,Position 1,,Under Votes,185
Curry,Precinct 06,Judge of the Court of Appeals,Position 1,,Under Votes,167
Curry,Precinct 07,Judge of the Court of Appeals,Position 1,,Under Votes,86
Curry,Precinct 08,Judge of the Court of Appeals,Position 1,,Under Votes,184
Curry,Precinct 09,Judge of the Court of Appeals,Position 1,,Under Votes,290
Curry,Precinct 10,Judge of the Court of Appeals,Position 1,,Under Votes,147
Curry,Precinct 11,Judge of the Court of Appeals,Position 1,,Under Votes,215
Curry,Precinct 12,Judge of the Court of Appeals,Position 1,,Under Votes,84
Curry,Precinct 13,Judge of the Court of Appeals,Position 1,,Under Votes,77
Curry,Precinct 14,Judge of the Court of Appeals,Position 1,,Under Votes,90
Curry,Precinct 15,Judge of the Court of Appeals,Position 1,,Under Votes,104
Curry,Precinct 16,Judge of the Court of Appeals,Position 1,,Under Votes,322
Curry,Precinct 17,Judge of the Court of Appeals,Position 1,,Under Votes,431
Curry,Precinct 18,Judge of the Court of Appeals,Position 1,,Under Votes,134
Curry,Precinct 19,Judge of the Court of Appeals,Position 1,,Under Votes,216
Curry,Precinct 20,Judge of the Court of Appeals,Position 1,,Under Votes,108
Curry,Precinct 21,Judge of the Court of Appeals,Position 1,,Under Votes,75
Curry,Precinct 22,Judge of the Court of Appeals,Position 1,,Under Votes,109
Curry,Precinct 23,Judge of the Court of Appeals,Position 1,,Under Votes,133
Curry,Precinct 24,Judge of the Court of Appeals,Position 1,,Under Votes,141
Curry,Precinct 25,Judge of the Court of Appeals,Position 1,,Under Votes,124
Curry,Precinct 26,Judge of the Court of Appeals,Position 1,,Under Votes,239
Curry,Precinct 27,Judge of the Court of Appeals,Position 1,,Under Votes,89
Curry,Precinct 01,Judge of the Court of Appeals,Position 1,,Write-ins,0
Curry,Precinct 02,Judge of the Court of Appeals,Position 1,,Write-ins,3
Curry,Precinct 03,Judge of the Court of Appeals,Position 1,,Write-ins,3
Curry,Precinct 04,Judge of the Court of Appeals,Position 1,,Write-ins,8
Curry,Precinct 05,Judge of the Court of Appeals,Position 1,,Write-ins,2
Curry,Precinct 06,Judge of the Court of Appeals,Position 1,,Write-ins,1
Curry,Precinct 07,Judge of the Court of Appeals,Position 1,,Write-ins,0
Curry,Precinct 08,Judge of the Court of Appeals,Position 1,,Write-ins,6
Curry,Precinct 09,Judge of the Court of Appeals,Position 1,,Write-ins,8
Curry,Precinct 10,Judge of the Court of Appeals,Position 1,,Write-ins,4
Curry,Precinct 11,Judge of the Court of Appeals,Position 1,,Write-ins,2
Curry,Precinct 12,Judge of the Court of Appeals,Position 1,,Write-ins,3
Curry,Precinct 13,Judge of the Court of Appeals,Position 1,,Write-ins,4
Curry,Precinct 14,Judge of the Court of Appeals,Position 1,,Write-ins,1
Curry,Precinct 15,Judge of the Court of Appeals,Position 1,,Write-ins,3
Curry,Precinct 16,Judge of the Court of Appeals,Position 1,,Write-ins,4
Curry,Precinct 17,Judge of the Court of Appeals,Position 1,,Write-ins,7
Curry,Precinct 18,Judge of the Court of Appeals,Position 1,,Write-ins,0
Curry,Precinct 19,Judge of the Court of Appeals,Position 1,,Write-ins,4
Curry,Precinct 20,Judge of the Court of Appeals,Position 1,,Write-ins,0
Curry,Precinct 21,Judge of the Court of Appeals,Position 1,,Write-ins,3
Curry,Precinct 22,Judge of the Court of Appeals,Position 1,,Write-ins,3
Curry,Precinct 23,Judge of the Court of Appeals,Position 1,,Write-ins,1
Curry,Precinct 24,Judge of the Court of Appeals,Position 1,,Write-ins,0
Curry,Precinct 25,Judge of the Court of Appeals,Position 1,,Write-ins,1
Curry,Precinct 26,Judge of the Court of Appeals,Position 1,,Write-ins,4
Curry,Precinct 27,Judge of the Court of Appeals,Position 1,,Write-ins,1
Curry,Precinct 01,Judge of the Court of Appeals,Position 12,,Erin C. Lagesen,26
Curry,Precinct 02,Judge of the Court of Appeals,Position 12,,Erin C. Lagesen,145
Curry,Precinct 03,Judge of the Court of Appeals,Position 12,,Erin C. Lagesen,150
Curry,Precinct 04,Judge of the Court of Appeals,Position 12,,Erin C. Lagesen,58
Curry,Precinct 05,Judge of the Court of Appeals,Position 12,,Erin C. Lagesen,249
Curry,Precinct 06,Judge of the Court of Appeals,Position 12,,Erin C. Lagesen,178
Curry,Precinct 07,Judge of the Court of Appeals,Position 12,,Erin C. Lagesen,89
Curry,Precinct 08,Judge of the Court of Appeals,Position 12,,Erin C. Lagesen,138
Curry,Precinct 09,Judge of the Court of Appeals,Position 12,,Erin C. Lagesen,257
Curry,Precinct 10,Judge of the Court of Appeals,Position 12,,Erin C. Lagesen,144
Curry,Precinct 11,Judge of the Court of Appeals,Position 12,,Erin C. Lagesen,252
Curry,Precinct 12,Judge of the Court of Appeals,Position 12,,Erin C. Lagesen,85
Curry,Precinct 13,Judge of the Court of Appeals,Position 12,,Erin C. Lagesen,74
Curry,Precinct 14,Judge of the Court of Appeals,Position 12,,Erin C. Lagesen,95
Curry,Precinct 15,Judge of the Court of Appeals,Position 12,,Erin C. Lagesen,121
Curry,Precinct 16,Judge of the Court of Appeals,Position 12,,Erin C. Lagesen,332
Curry,Precinct 17,Judge of the Court of Appeals,Position 12,,Erin C. Lagesen,470
Curry,Precinct 18,Judge of the Court of Appeals,Position 12,,Erin C. Lagesen,143
Curry,Precinct 19,Judge of the Court of Appeals,Position 12,,Erin C. Lagesen,220
Curry,Precinct 20,Judge of the Court of Appeals,Position 12,,Erin C. Lagesen,108
Curry,Precinct 21,Judge of the Court of Appeals,Position 12,,Erin C. Lagesen,80
Curry,Precinct 22,Judge of the Court of Appeals,Position 12,,Erin C. Lagesen,138
Curry,Precinct 23,Judge of the Court of Appeals,Position 12,,Erin C. Lagesen,149
Curry,Precinct 24,Judge of the Court of Appeals,Position 12,,Erin C. Lagesen,187
Curry,Precinct 25,Judge of the Court of Appeals,Position 12,,Erin C. Lagesen,157
Curry,Precinct 26,Judge of the Court of Appeals,Position 12,,Erin C. Lagesen,228
Curry,Precinct 27,Judge of the Court of Appeals,Position 12,,Erin C. Lagesen,101
Curry,Precinct 01,Judge of the Court of Appeals,Position 12,,Over Votes,0
Curry,Precinct 02,Judge of the Court of Appeals,Position 12,,Over Votes,0
Curry,Precinct 03,Judge of the Court of Appeals,Position 12,,Over Votes,0
Curry,Precinct 04,Judge of the Court of Appeals,Position 12,,Over Votes,0
Curry,Precinct 05,Judge of the Court of Appeals,Position 12,,Over Votes,0
Curry,Precinct 06,Judge of the Court of Appeals,Position 12,,Over Votes,0
Curry,Precinct 07,Judge of the Court of Appeals,Position 12,,Over Votes,0
Curry,Precinct 08,Judge of the Court of Appeals,Position 12,,Over Votes,0
Curry,Precinct 09,Judge of the Court of Appeals,Position 12,,Over Votes,0
Curry,Precinct 10,Judge of the Court of Appeals,Position 12,,Over Votes,0
Curry,Precinct 11,Judge of the Court of Appeals,Position 12,,Over Votes,0
Curry,Precinct 12,Judge of the Court of Appeals,Position 12,,Over Votes,0
Curry,Precinct 13,Judge of the Court of Appeals,Position 12,,Over Votes,0
Curry,Precinct 14,Judge of the Court of Appeals,Position 12,,Over Votes,0
Curry,Precinct 15,Judge of the Court of Appeals,Position 12,,Over Votes,0
Curry,Precinct 16,Judge of the Court of Appeals,Position 12,,Over Votes,0
Curry,Precinct 17,Judge of the Court of Appeals,Position 12,,Over Votes,0
Curry,Precinct 18,Judge of the Court of Appeals,Position 12,,Over Votes,0
Curry,Precinct 19,Judge of the Court of Appeals,Position 12,,Over Votes,0
Curry,Precinct 20,Judge of the Court of Appeals,Position 12,,Over Votes,0
Curry,Precinct 21,Judge of the Court of Appeals,Position 12,,Over Votes,0
Curry,Precinct 22,Judge of the Court of Appeals,Position 12,,Over Votes,0
Curry,Precinct 23,Judge of the Court of Appeals,Position 12,,Over Votes,0
Curry,Precinct 24,Judge of the Court of Appeals,Position 12,,Over Votes,0
Curry,Precinct 25,Judge of the Court of Appeals,Position 12,,Over Votes,0
Curry,Precinct 26,Judge of the Court of Appeals,Position 12,,Over Votes,0
Curry,Precinct 27,Judge of the Court of Appeals,Position 12,,Over Votes,0
Curry,Precinct 01,Judge of the Court of Appeals,Position 12,,Under Votes,34
Curry,Precinct 02,Judge of the Court of Appeals,Position 12,,Under Votes,154
Curry,Precinct 03,Judge of the Court of Appeals,Position 12,,Under Votes,141
Curry,Precinct 04,Judge of the Court of Appeals,Position 12,,Under Votes,61
Curry,Precinct 05,Judge of the Court of Appeals,Position 12,,Under Votes,186
Curry,Precinct 06,Judge of the Court of Appeals,Position 12,,Under Votes,169
Curry,Precinct 07,Judge of the Court of Appeals,Position 12,,Under Votes,85
Curry,Precinct 08,Judge of the Court of Appeals,Position 12,,Under Votes,186
Curry,Precinct 09,Judge of the Court of Appeals,Position 12,,Under Votes,296
Curry,Precinct 10,Judge of the Court of Appeals,Position 12,,Under Votes,149
Curry,Precinct 11,Judge of the Court of Appeals,Position 12,,Under Votes,217
Curry,Precinct 12,Judge of the Court of Appeals,Position 12,,Under Votes,84
Curry,Precinct 13,Judge of the Court of Appeals,Position 12,,Under Votes,79
Curry,Precinct 14,Judge of the Court of Appeals,Position 12,,Under Votes,91
Curry,Precinct 15,Judge of the Court of Appeals,Position 12,,Under Votes,109
Curry,Precinct 16,Judge of the Court of Appeals,Position 12,,Under Votes,325
Curry,Precinct 17,Judge of the Court of Appeals,Position 12,,Under Votes,444
Curry,Precinct 18,Judge of the Court of Appeals,Position 12,,Under Votes,136
Curry,Precinct 19,Judge of the Court of Appeals,Position 12,,Under Votes,211
Curry,Precinct 20,Judge of the Court of Appeals,Position 12,,Under Votes,105
Curry,Precinct 21,Judge of the Court of Appeals,Position 12,,Under Votes,78
Curry,Precinct 22,Judge of the Court of Appeals,Position 12,,Under Votes,115
Curry,Precinct 23,Judge of the Court of Appeals,Position 12,,Under Votes,135
Curry,Precinct 24,Judge of the Court of Appeals,Position 12,,Under Votes,143
Curry,Precinct 25,Judge of the Court of Appeals,Position 12,,Under Votes,127
Curry,Precinct 26,Judge of the Court of Appeals,Position 12,,Under Votes,249
Curry,Precinct 27,Judge of the Court of Appeals,Position 12,,Under Votes,89
Curry,Precinct 01,Judge of the Court of Appeals,Position 12,,Write-ins,0
Curry,Precinct 02,Judge of the Court of Appeals,Position 12,,Write-ins,3
Curry,Precinct 03,Judge of the Court of Appeals,Position 12,,Write-ins,4
Curry,Precinct 04,Judge of the Court of Appeals,Position 12,,Write-ins,8
Curry,Precinct 05,Judge of the Court of Appeals,Position 12,,Write-ins,2
Curry,Precinct 06,Judge of the Court of Appeals,Position 12,,Write-ins,1
Curry,Precinct 07,Judge of the Court of Appeals,Position 12,,Write-ins,0
Curry,Precinct 08,Judge of the Court of Appeals,Position 12,,Write-ins,4
Curry,Precinct 09,Judge of the Court of Appeals,Position 12,,Write-ins,6
Curry,Precinct 10,Judge of the Court of Appeals,Position 12,,Write-ins,4
Curry,Precinct 11,Judge of the Court of Appeals,Position 12,,Write-ins,3
Curry,Precinct 12,Judge of the Court of Appeals,Position 12,,Write-ins,3
Curry,Precinct 13,Judge of the Court of Appeals,Position 12,,Write-ins,4
Curry,Precinct 14,Judge of the Court of Appeals,Position 12,,Write-ins,1
Curry,Precinct 15,Judge of the Court of Appeals,Position 12,,Write-ins,3
Curry,Precinct 16,Judge of the Court of Appeals,Position 12,,Write-ins,4
Curry,Precinct 17,Judge of the Court of Appeals,Position 12,,Write-ins,7
Curry,Precinct 18,Judge of the Court of Appeals,Position 12,,Write-ins,0
Curry,Precinct 19,Judge of the Court of Appeals,Position 12,,Write-ins,2
Curry,Precinct 20,Judge of the Court of Appeals,Position 12,,Write-ins,0
Curry,Precinct 21,Judge of the Court of Appeals,Position 12,,Write-ins,3
Curry,Precinct 22,Judge of the Court of Appeals,Position 12,,Write-ins,4
Curry,Precinct 23,Judge of the Court of Appeals,Position 12,,Write-ins,1
Curry,Precinct 24,Judge of the Court of Appeals,Position 12,,Write-ins,0
Curry,Precinct 25,Judge of the Court of Appeals,Position 12,,Write-ins,1
Curry,Precinct 26,Judge of the Court of Appeals,Position 12,,Write-ins,4
Curry,Precinct 27,Judge of the Court of Appeals,Position 12,,Write-ins,2
Curry,Precinct 01,Judge of the Court of Appeals,Position 13,,Doug Tookey,25
Curry,Precinct 02,Judge of the Court of Appeals,Position 13,,Doug Tookey,140
Curry,Precinct 03,Judge of the Court of Appeals,Position 13,,Doug Tookey,144
Curry,Precinct 04,Judge of the Court of Appeals,Position 13,,Doug Tookey,58
Curry,Precinct 05,Judge of the Court of Appeals,Position 13,,Doug Tookey,247
Curry,Precinct 06,Judge of the Court of Appeals,Position 13,,Doug Tookey,178
Curry,Precinct 07,Judge of the Court of Appeals,Position 13,,Doug Tookey,83
Curry,Precinct 08,Judge of the Court of Appeals,Position 13,,Doug Tookey,133
Curry,Precinct 09,Judge of the Court of Appeals,Position 13,,Doug Tookey,252
Curry,Precinct 10,Judge of the Court of Appeals,Position 13,,Doug Tookey,144
Curry,Precinct 11,Judge of the Court of Appeals,Position 13,,Doug Tookey,251
Curry,Precinct 12,Judge of the Court of Appeals,Position 13,,Doug Tookey,86
Curry,Precinct 13,Judge of the Court of Appeals,Position 13,,Doug Tookey,72
Curry,Precinct 14,Judge of the Court of Appeals,Position 13,,Doug Tookey,97
Curry,Precinct 15,Judge of the Court of Appeals,Position 13,,Doug Tookey,122
Curry,Precinct 16,Judge of the Court of Appeals,Position 13,,Doug Tookey,331
Curry,Precinct 17,Judge of the Court of Appeals,Position 13,,Doug Tookey,470
Curry,Precinct 18,Judge of the Court of Appeals,Position 13,,Doug Tookey,140
Curry,Precinct 19,Judge of the Court of Appeals,Position 13,,Doug Tookey,207
Curry,Precinct 20,Judge of the Court of Appeals,Position 13,,Doug Tookey,104
Curry,Precinct 21,Judge of the Court of Appeals,Position 13,,Doug Tookey,80
Curry,Precinct 22,Judge of the Court of Appeals,Position 13,,Doug Tookey,140
Curry,Precinct 23,Judge of the Court of Appeals,Position 13,,Doug Tookey,149
Curry,Precinct 24,Judge of the Court of Appeals,Position 13,,Doug Tookey,180
Curry,Precinct 25,Judge of the Court of Appeals,Position 13,,Doug Tookey,157
Curry,Precinct 26,Judge of the Court of Appeals,Position 13,,Doug Tookey,227
Curry,Precinct 27,Judge of the Court of Appeals,Position 13,,Doug Tookey,99
Curry,Precinct 01,Judge of the Court of Appeals,Position 13,,Over Votes,0
Curry,Precinct 02,Judge of the Court of Appeals,Position 13,,Over Votes,0
Curry,Precinct 03,Judge of the Court of Appeals,Position 13,,Over Votes,0
Curry,Precinct 04,Judge of the Court of Appeals,Position 13,,Over Votes,0
Curry,Precinct 05,Judge of the Court of Appeals,Position 13,,Over Votes,0
Curry,Precinct 06,Judge of the Court of Appeals,Position 13,,Over Votes,0
Curry,Precinct 07,Judge of the Court of Appeals,Position 13,,Over Votes,0
Curry,Precinct 08,Judge of the Court of Appeals,Position 13,,Over Votes,0
Curry,Precinct 09,Judge of the Court of Appeals,Position 13,,Over Votes,0
Curry,Precinct 10,Judge of the Court of Appeals,Position 13,,Over Votes,0
Curry,Precinct 11,Judge of the Court of Appeals,Position 13,,Over Votes,0
Curry,Precinct 12,Judge of the Court of Appeals,Position 13,,Over Votes,0
Curry,Precinct 13,Judge of the Court of Appeals,Position 13,,Over Votes,0
Curry,Precinct 14,Judge of the Court of Appeals,Position 13,,Over Votes,0
Curry,Precinct 15,Judge of the Court of Appeals,Position 13,,Over Votes,0
Curry,Precinct 16,Judge of the Court of Appeals,Position 13,,Over Votes,0
Curry,Precinct 17,Judge of the Court of Appeals,Position 13,,Over Votes,0
Curry,Precinct 18,Judge of the Court of Appeals,Position 13,,Over Votes,0
Curry,Precinct 19,Judge of the Court of Appeals,Position 13,,Over Votes,0
Curry,Precinct 20,Judge of the Court of Appeals,Position 13,,Over Votes,0
Curry,Precinct 21,Judge of the Court of Appeals,Position 13,,Over Votes,0
Curry,Precinct 22,Judge of the Court of Appeals,Position 13,,Over Votes,0
Curry,Precinct 23,Judge of the Court of Appeals,Position 13,,Over Votes,0
Curry,Precinct 24,Judge of the Court of Appeals,Position 13,,Over Votes,0
Curry,Precinct 25,Judge of the Court of Appeals,Position 13,,Over Votes,0
Curry,Precinct 26,Judge of the Court of Appeals,Position 13,,Over Votes,0
Curry,Precinct 27,Judge of the Court of Appeals,Position 13,,Over Votes,0
Curry,Precinct 01,Judge of the Court of Appeals,Position 13,,Under Votes,35
Curry,Precinct 02,Judge of the Court of Appeals,Position 13,,Under Votes,159
Curry,Precinct 03,Judge of the Court of Appeals,Position 13,,Under Votes,148
Curry,Precinct 04,Judge of the Court of Appeals,Position 13,,Under Votes,61
Curry,Precinct 05,Judge of the Court of Appeals,Position 13,,Under Votes,188
Curry,Precinct 06,Judge of the Court of Appeals,Position 13,,Under Votes,169
Curry,Precinct 07,Judge of the Court of Appeals,Position 13,,Under Votes,91
Curry,Precinct 08,Judge of the Court of Appeals,Position 13,,Under Votes,189
Curry,Precinct 09,Judge of the Court of Appeals,Position 13,,Under Votes,303
Curry,Precinct 10,Judge of the Court of Appeals,Position 13,,Under Votes,149
Curry,Precinct 11,Judge of the Court of Appeals,Position 13,,Under Votes,218
Curry,Precinct 12,Judge of the Court of Appeals,Position 13,,Under Votes,83
Curry,Precinct 13,Judge of the Court of Appeals,Position 13,,Under Votes,81
Curry,Precinct 14,Judge of the Court of Appeals,Position 13,,Under Votes,89
Curry,Precinct 15,Judge of the Court of Appeals,Position 13,,Under Votes,108
Curry,Precinct 16,Judge of the Court of Appeals,Position 13,,Under Votes,326
Curry,Precinct 17,Judge of the Court of Appeals,Position 13,,Under Votes,445
Curry,Precinct 18,Judge of the Court of Appeals,Position 13,,Under Votes,139
Curry,Precinct 19,Judge of the Court of Appeals,Position 13,,Under Votes,222
Curry,Precinct 20,Judge of the Court of Appeals,Position 13,,Under Votes,108
Curry,Precinct 21,Judge of the Court of Appeals,Position 13,,Under Votes,78
Curry,Precinct 22,Judge of the Court of Appeals,Position 13,,Under Votes,113
Curry,Precinct 23,Judge of the Court of Appeals,Position 13,,Under Votes,135
Curry,Precinct 24,Judge of the Court of Appeals,Position 13,,Under Votes,150
Curry,Precinct 25,Judge of the Court of Appeals,Position 13,,Under Votes,127
Curry,Precinct 26,Judge of the Court of Appeals,Position 13,,Under Votes,250
Curry,Precinct 27,Judge of the Court of Appeals,Position 13,,Under Votes,92
Curry,Precinct 01,Judge of the Court of Appeals,Position 13,,Write-ins,0
Curry,Precinct 02,Judge of the Court of Appeals,Position 13,,Write-ins,3
Curry,Precinct 03,Judge of the Court of Appeals,Position 13,,Write-ins,3
Curry,Precinct 04,Judge of the Court of Appeals,Position 13,,Write-ins,8
Curry,Precinct 05,Judge of the Court of Appeals,Position 13,,Write-ins,2
Curry,Precinct 06,Judge of the Court of Appeals,Position 13,,Write-ins,1
Curry,Precinct 07,Judge of the Court of Appeals,Position 13,,Write-ins,0
Curry,Precinct 08,Judge of the Court of Appeals,Position 13,,Write-ins,6
Curry,Precinct 09,Judge of the Court of Appeals,Position 13,,Write-ins,4
Curry,Precinct 10,Judge of the Court of Appeals,Position 13,,Write-ins,4
Curry,Precinct 11,Judge of the Court of Appeals,Position 13,,Write-ins,3
Curry,Precinct 12,Judge of the Court of Appeals,Position 13,,Write-ins,3
Curry,Precinct 13,Judge of the Court of Appeals,Position 13,,Write-ins,4
Curry,Precinct 14,Judge of the Court of Appeals,Position 13,,Write-ins,1
Curry,Precinct 15,Judge of the Court of Appeals,Position 13,,Write-ins,3
Curry,Precinct 16,Judge of the Court of Appeals,Position 13,,Write-ins,4
Curry,Precinct 17,Judge of the Court of Appeals,Position 13,,Write-ins,6
Curry,Precinct 18,Judge of the Court of Appeals,Position 13,,Write-ins,0
Curry,Precinct 19,Judge of the Court of Appeals,Position 13,,Write-ins,4
Curry,Precinct 20,Judge of the Court of Appeals,Position 13,,Write-ins,1
Curry,Precinct 21,Judge of the Court of Appeals,Position 13,,Write-ins,3
Curry,Precinct 22,Judge of the Court of Appeals,Position 13,,Write-ins,4
Curry,Precinct 23,Judge of the Court of Appeals,Position 13,,Write-ins,1
Curry,Precinct 24,Judge of the Court of Appeals,Position 13,,Write-ins,0
Curry,Precinct 25,Judge of the Court of Appeals,Position 13,,Write-ins,1
Curry,Precinct 26,Judge of the Court of Appeals,Position 13,,Write-ins,4
Curry,Precinct 27,Judge of the Court of Appeals,Position 13,,Write-ins,1
Curry,Precinct 01,Judge of the Court of Appeals,Position 9,,Jacqueline Kamins,25
Curry,Precinct 02,Judge of the Court of Appeals,Position 9,,Jacqueline Kamins,145
Curry,Precinct 03,Judge of the Court of Appeals,Position 9,,Jacqueline Kamins,145
Curry,Precinct 04,Judge of the Court of Appeals,Position 9,,Jacqueline Kamins,58
Curry,Precinct 05,Judge of the Court of Appeals,Position 9,,Jacqueline Kamins,250
Curry,Precinct 06,Judge of the Court of Appeals,Position 9,,Jacqueline Kamins,178
Curry,Precinct 07,Judge of the Court of Appeals,Position 9,,Jacqueline Kamins,93
Curry,Precinct 08,Judge of the Court of Appeals,Position 9,,Jacqueline Kamins,139
Curry,Precinct 09,Judge of the Court of Appeals,Position 9,,Jacqueline Kamins,257
Curry,Precinct 10,Judge of the Court of Appeals,Position 9,,Jacqueline Kamins,144
Curry,Precinct 11,Judge of the Court of Appeals,Position 9,,Jacqueline Kamins,257
Curry,Precinct 12,Judge of the Court of Appeals,Position 9,,Jacqueline Kamins,83
Curry,Precinct 13,Judge of the Court of Appeals,Position 9,,Jacqueline Kamins,74
Curry,Precinct 14,Judge of the Court of Appeals,Position 9,,Jacqueline Kamins,94
Curry,Precinct 15,Judge of the Court of Appeals,Position 9,,Jacqueline Kamins,123
Curry,Precinct 16,Judge of the Court of Appeals,Position 9,,Jacqueline Kamins,336
Curry,Precinct 17,Judge of the Court of Appeals,Position 9,,Jacqueline Kamins,470
Curry,Precinct 18,Judge of the Court of Appeals,Position 9,,Jacqueline Kamins,139
Curry,Precinct 19,Judge of the Court of Appeals,Position 9,,Jacqueline Kamins,214
Curry,Precinct 20,Judge of the Court of Appeals,Position 9,,Jacqueline Kamins,110
Curry,Precinct 21,Judge of the Court of Appeals,Position 9,,Jacqueline Kamins,83
Curry,Precinct 22,Judge of the Court of Appeals,Position 9,,Jacqueline Kamins,141
Curry,Precinct 23,Judge of the Court of Appeals,Position 9,,Jacqueline Kamins,149
Curry,Precinct 24,Judge of the Court of Appeals,Position 9,,Jacqueline Kamins,185
Curry,Precinct 25,Judge of the Court of Appeals,Position 9,,Jacqueline Kamins,158
Curry,Precinct 26,Judge of the Court of Appeals,Position 9,,Jacqueline Kamins,231
Curry,Precinct 27,Judge of the Court of Appeals,Position 9,,Jacqueline Kamins,96
Curry,Precinct 01,Judge of the Court of Appeals,Position 9,,Over Votes,0
Curry,Precinct 02,Judge of the Court of Appeals,Position 9,,Over Votes,0
Curry,Precinct 03,Judge of the Court of Appeals,Position 9,,Over Votes,0
Curry,Precinct 04,Judge of the Court of Appeals,Position 9,,Over Votes,0
Curry,Precinct 05,Judge of the Court of Appeals,Position 9,,Over Votes,0
Curry,Precinct 06,Judge of the Court of Appeals,Position 9,,Over Votes,0
Curry,Precinct 07,Judge of the Court of Appeals,Position 9,,Over Votes,0
Curry,Precinct 08,Judge of the Court of Appeals,Position 9,,Over Votes,0
Curry,Precinct 09,Judge of the Court of Appeals,Position 9,,Over Votes,0
Curry,Precinct 10,Judge of the Court of Appeals,Position 9,,Over Votes,0
Curry,Precinct 11,Judge of the Court of Appeals,Position 9,,Over Votes,0
Curry,Precinct 12,Judge of the Court of Appeals,Position 9,,Over Votes,0
Curry,Precinct 13,Judge of the Court of Appeals,Position 9,,Over Votes,0
Curry,Precinct 14,Judge of the Court of Appeals,Position 9,,Over Votes,0
Curry,Precinct 15,Judge of the Court of Appeals,Position 9,,Over Votes,0
Curry,Precinct 16,Judge of the Court of Appeals,Position 9,,Over Votes,0
Curry,Precinct 17,Judge of the Court of Appeals,Position 9,,Over Votes,0
Curry,Precinct 18,Judge of the Court of Appeals,Position 9,,Over Votes,0
Curry,Precinct 19,Judge of the Court of Appeals,Position 9,,Over Votes,0
Curry,Precinct 20,Judge of the Court of Appeals,Position 9,,Over Votes,0
Curry,Precinct 21,Judge of the Court of Appeals,Position 9,,Over Votes,0
Curry,Precinct 22,Judge of the Court of Appeals,Position 9,,Over Votes,0
Curry,Precinct 23,Judge of the Court of Appeals,Position 9,,Over Votes,0
Curry,Precinct 24,Judge of the Court of Appeals,Position 9,,Over Votes,0
Curry,Precinct 25,Judge of the Court of Appeals,Position 9,,Over Votes,0
Curry,Precinct 26,Judge of the Court of Appeals,Position 9,,Over Votes,0
Curry,Precinct 27,Judge of the Court of Appeals,Position 9,,Over Votes,0
Curry,Precinct 01,Judge of the Court of Appeals,Position 9,,Under Votes,34
Curry,Precinct 02,Judge of the Court of Appeals,Position 9,,Under Votes,154
Curry,Precinct 03,Judge of the Court of Appeals,Position 9,,Under Votes,146
Curry,Precinct 04,Judge of the Court of Appeals,Position 9,,Under Votes,61
Curry,Precinct 05,Judge of the Court of Appeals,Position 9,,Under Votes,185
Curry,Precinct 06,Judge of the Court of Appeals,Position 9,,Under Votes,169
Curry,Precinct 07,Judge of the Court of Appeals,Position 9,,Under Votes,81
Curry,Precinct 08,Judge of the Court of Appeals,Position 9,,Under Votes,185
Curry,Precinct 09,Judge of the Court of Appeals,Position 9,,Under Votes,296
Curry,Precinct 10,Judge of the Court of Appeals,Position 9,,Under Votes,149
Curry,Precinct 11,Judge of the Court of Appeals,Position 9,,Under Votes,211
Curry,Precinct 12,Judge of the Court of Appeals,Position 9,,Under Votes,85
Curry,Precinct 13,Judge of the Court of Appeals,Position 9,,Under Votes,79
Curry,Precinct 14,Judge of the Court of Appeals,Position 9,,Under Votes,91
Curry,Precinct 15,Judge of the Court of Appeals,Position 9,,Under Votes,107
Curry,Precinct 16,Judge of the Court of Appeals,Position 9,,Under Votes,321
Curry,Precinct 17,Judge of the Court of Appeals,Position 9,,Under Votes,444
Curry,Precinct 18,Judge of the Court of Appeals,Position 9,,Under Votes,140
Curry,Precinct 19,Judge of the Court of Appeals,Position 9,,Under Votes,215
Curry,Precinct 20,Judge of the Court of Appeals,Position 9,,Under Votes,103
Curry,Precinct 21,Judge of the Court of Appeals,Position 9,,Under Votes,75
Curry,Precinct 22,Judge of the Court of Appeals,Position 9,,Under Votes,112
Curry,Precinct 23,Judge of the Court of Appeals,Position 9,,Under Votes,134
Curry,Precinct 24,Judge of the Court of Appeals,Position 9,,Under Votes,145
Curry,Precinct 25,Judge of the Court of Appeals,Position 9,,Under Votes,126
Curry,Precinct 26,Judge of the Court of Appeals,Position 9,,Under Votes,245
Curry,Precinct 27,Judge of the Court of Appeals,Position 9,,Under Votes,94
Curry,Precinct 01,Judge of the Court of Appeals,Position 9,,Write-ins,1
Curry,Precinct 02,Judge of the Court of Appeals,Position 9,,Write-ins,3
Curry,Precinct 03,Judge of the Court of Appeals,Position 9,,Write-ins,4
Curry,Precinct 04,Judge of the Court of Appeals,Position 9,,Write-ins,8
Curry,Precinct 05,Judge of the Court of Appeals,Position 9,,Write-ins,2
Curry,Precinct 06,Judge of the Court of Appeals,Position 9,,Write-ins,1
Curry,Precinct 07,Judge of the Court of Appeals,Position 9,,Write-ins,0
Curry,Precinct 08,Judge of the Court of Appeals,Position 9,,Write-ins,4
Curry,Precinct 09,Judge of the Court of Appeals,Position 9,,Write-ins,6
Curry,Precinct 10,Judge of the Court of Appeals,Position 9,,Write-ins,4
Curry,Precinct 11,Judge of the Court of Appeals,Position 9,,Write-ins,4
Curry,Precinct 12,Judge of the Court of Appeals,Position 9,,Write-ins,4
Curry,Precinct 13,Judge of the Court of Appeals,Position 9,,Write-ins,4
Curry,Precinct 14,Judge of the Court of Appeals,Position 9,,Write-ins,2
Curry,Precinct 15,Judge of the Court of Appeals,Position 9,,Write-ins,3
Curry,Precinct 16,Judge of the Court of Appeals,Position 9,,Write-ins,4
Curry,Precinct 17,Judge of the Court of Appeals,Position 9,,Write-ins,7
Curry,Precinct 18,Judge of the Court of Appeals,Position 9,,Write-ins,0
Curry,Precinct 19,Judge of the Court of Appeals,Position 9,,Write-ins,4
Curry,Precinct 20,Judge of the Court of Appeals,Position 9,,Write-ins,0
Curry,Precinct 21,Judge of the Court of Appeals,Position 9,,Write-ins,3
Curry,Precinct 22,Judge of the Court of Appeals,Position 9,,Write-ins,4
Curry,Precinct 23,Judge of the Court of Appeals,Position 9,,Write-ins,2
Curry,Precinct 24,Judge of the Court of Appeals,Position 9,,Write-ins,0
Curry,Precinct 25,Judge of the Court of Appeals,Position 9,,Write-ins,1
Curry,Precinct 26,Judge of the Court of Appeals,Position 9,,Write-ins,5
Curry,Precinct 27,Judge of the Court of Appeals,Position 9,,Write-ins,2
Curry,Precinct 01,Measure 120,,,No,45
Curry,Precinct 02,Measure 120,,,No,273
Curry,Precinct 03,Measure 120,,,No,247
Curry,Precinct 04,Measure 120,,,No,118
Curry,Precinct 05,Measure 120,,,No,345
Curry,Precinct 06,Measure 120,,,No,263
Curry,Precinct 07,Measure 120,,,No,125
Curry,Precinct 08,Measure 120,,,No,295
Curry,Precinct 09,Measure 120,,,No,496
Curry,Precinct 10,Measure 120,,,No,259
Curry,Precinct 11,Measure 120,,,No,391
Curry,Precinct 12,Measure 120,,,No,150
Curry,Precinct 13,Measure 120,,,No,133
Curry,Precinct 14,Measure 120,,,No,163
Curry,Precinct 15,Measure 120,,,No,204
Curry,Precinct 16,Measure 120,,,No,558
Curry,Precinct 17,Measure 120,,,No,801
Curry,Precinct 18,Measure 120,,,No,248
Curry,Precinct 19,Measure 120,,,No,388
Curry,Precinct 20,Measure 120,,,No,195
Curry,Precinct 21,Measure 120,,,No,144
Curry,Precinct 22,Measure 120,,,No,238
Curry,Precinct 23,Measure 120,,,No,244
Curry,Precinct 24,Measure 120,,,No,294
Curry,Precinct 25,Measure 120,,,No,256
Curry,Precinct 26,Measure 120,,,No,426
Curry,Precinct 27,Measure 120,,,No,171
Curry,Precinct 01,Measure 120,,,Over Votes,0
Curry,Precinct 02,Measure 120,,,Over Votes,0
Curry,Precinct 03,Measure 120,,,Over Votes,0
Curry,Precinct 04,Measure 120,,,Over Votes,0
Curry,Precinct 05,Measure 120,,,Over Votes,0
Curry,Precinct 06,Measure 120,,,Over Votes,0
Curry,Precinct 07,Measure 120,,,Over Votes,0
Curry,Precinct 08,Measure 120,,,Over Votes,0
Curry,Precinct 09,Measure 120,,,Over Votes,0
Curry,Precinct 10,Measure 120,,,Over Votes,0
Curry,Precinct 11,Measure 120,,,Over Votes,0
Curry,Precinct 12,Measure 120,,,Over Votes,0
Curry,Precinct 13,Measure 120,,,Over Votes,0
Curry,Precinct 14,Measure 120,,,Over Votes,0
Curry,Precinct 15,Measure 120,,,Over Votes,0
Curry,Precinct 16,Measure 120,,,Over Votes,0
Curry,Precinct 17,Measure 120,,,Over Votes,0
Curry,Precinct 18,Measure 120,,,Over Votes,0
Curry,Precinct 19,Measure 120,,,Over Votes,0
Curry,Precinct 20,Measure 120,,,Over Votes,0
Curry,Precinct 21,Measure 120,,,Over Votes,0
Curry,Precinct 22,Measure 120,,,Over Votes,0
Curry,Precinct 23,Measure 120,,,Over Votes,0
Curry,Precinct 24,Measure 120,,,Over Votes,0
Curry,Precinct 25,Measure 120,,,Over Votes,0
Curry,Precinct 26,Measure 120,,,Over Votes,0
Curry,Precinct 27,Measure 120,,,Over Votes,0
Curry,Precinct 01,Measure 120,,,Under Votes,3
Curry,Precinct 02,Measure 120,,,Under Votes,4
Curry,Precinct 03,Measure 120,,,Under Votes,2
Curry,Precinct 04,Measure 120,,,Under Votes,1
Curry,Precinct 05,Measure 120,,,Under Votes,7
Curry,Precinct 06,Measure 120,,,Under Votes,12
Curry,Precinct 07,Measure 120,,,Under Votes,6
Curry,Precinct 08,Measure 120,,,Under Votes,3
Curry,Precinct 09,Measure 120,,,Under Votes,9
Curry,Precinct 10,Measure 120,,,Under Votes,8
Curry,Precinct 11,Measure 120,,,Under Votes,18
Curry,Precinct 12,Measure 120,,,Under Votes,4
Curry,Precinct 13,Measure 120,,,Under Votes,2
Curry,Precinct 14,Measure 120,,,Under Votes,7
Curry,Precinct 15,Measure 120,,,Under Votes,2
Curry,Precinct 16,Measure 120,,,Under Votes,19
Curry,Precinct 17,Measure 120,,,Under Votes,13
Curry,Precinct 18,Measure 120,,,Under Votes,7
Curry,Precinct 19,Measure 120,,,Under Votes,7
Curry,Precinct 20,Measure 120,,,Under Votes,3
Curry,Precinct 21,Measure 120,,,Under Votes,4
Curry,Precinct 22,Measure 120,,,Under Votes,6
Curry,Precinct 23,Measure 120,,,Under Votes,7
Curry,Precinct 24,Measure 120,,,Under Votes,5
Curry,Precinct 25,Measure 120,,,Under Votes,6
Curry,Precinct 26,Measure 120,,,Under Votes,7
Curry,Precinct 27,Measure 120,,,Under Votes,5
Curry,Precinct 01,Measure 120,,,Yes,12
Curry,Precinct 02,Measure 120,,,Yes,25
Curry,Precinct 03,Measure 120,,,Yes,46
Curry,Precinct 04,Measure 120,,,Yes,8
Curry,Precinct 05,Measure 120,,,Yes,85
Curry,Precinct 06,Measure 120,,,Yes,73
Curry,Precinct 07,Measure 120,,,Yes,43
Curry,Precinct 08,Measure 120,,,Yes,30
Curry,Precinct 09,Measure 120,,,Yes,54
Curry,Precinct 10,Measure 120,,,Yes,30
Curry,Precinct 11,Measure 120,,,Yes,63
Curry,Precinct 12,Measure 120,,,Yes,18
Curry,Precinct 13,Measure 120,,,Yes,22
Curry,Precinct 14,Measure 120,,,Yes,17
Curry,Precinct 15,Measure 120,,,Yes,27
Curry,Precinct 16,Measure 120,,,Yes,84
Curry,Precinct 17,Measure 120,,,Yes,107
Curry,Precinct 18,Measure 120,,,Yes,24
Curry,Precinct 19,Measure 120,,,Yes,38
Curry,Precinct 20,Measure 120,,,Yes,15
Curry,Precinct 21,Measure 120,,,Yes,13
Curry,Precinct 22,Measure 120,,,Yes,13
Curry,Precinct 23,Measure 120,,,Yes,34
Curry,Precinct 24,Measure 120,,,Yes,31
Curry,Precinct 25,Measure 120,,,Yes,23
Curry,Precinct 26,Measure 120,,,Yes,48
Curry,Precinct 27,Measure 120,,,Yes,16
Curry,Precinct 02,Measure 8-118,,,No,170
Curry,Precinct 13,Measure 8-118,,,No,33
Curry,Precinct 14,Measure 8-118,,,No,114
Curry,Precinct 15,Measure 8-118,,,No,126
Curry,Precinct 16,Measure 8-118,,,No,357
Curry,Precinct 17,Measure 8-118,,,No,484
Curry,Precinct 18,Measure 8-118,,,No,151
Curry,Precinct 19,Measure 8-118,,,No,244
Curry,Precinct 21,Measure 8-118,,,No,87
Curry,Precinct 22,Measure 8-118,,,No,130
Curry,Precinct 23,Measure 8-118,,,No,169
Curry,Precinct 24,Measure 8-118,,,No,183
Curry,Precinct 25,Measure 8-118,,,No,137
Curry,Precinct 26,Measure 8-118,,,No,306
Curry,Precinct 27,Measure 8-118,,,No,117
Curry,Precinct 02,Measure 8-118,,,Over Votes,0
Curry,Precinct 13,Measure 8-118,,,Over Votes,0
Curry,Precinct 14,Measure 8-118,,,Over Votes,0
Curry,Precinct 15,Measure 8-118,,,Over Votes,0
Curry,Precinct 16,Measure 8-118,,,Over Votes,0
Curry,Precinct 17,Measure 8-118,,,Over Votes,0
Curry,Precinct 18,Measure 8-118,,,Over Votes,0
Curry,Precinct 19,Measure 8-118,,,Over Votes,0
Curry,Precinct 21,Measure 8-118,,,Over Votes,0
Curry,Precinct 22,Measure 8-118,,,Over Votes,0
Curry,Precinct 23,Measure 8-118,,,Over Votes,0
Curry,Precinct 24,Measure 8-118,,,Over Votes,0
Curry,Precinct 25,Measure 8-118,,,Over Votes,0
Curry,Precinct 26,Measure 8-118,,,Over Votes,0
Curry,Precinct 27,Measure 8-118,,,Over Votes,0
Curry,Precinct 02,Measure 8-118,,,Under Votes,11
Curry,Precinct 13,Measure 8-118,,,Under Votes,4
Curry,Precinct 14,Measure 8-118,,,Under Votes,6
Curry,Precinct 15,Measure 8-118,,,Under Votes,4
Curry,Precinct 16,Measure 8-118,,,Under Votes,28
Curry,Precinct 17,Measure 8-118,,,Under Votes,21
Curry,Precinct 18,Measure 8-118,,,Under Votes,20
Curry,Precinct 19,Measure 8-118,,,Under Votes,20
Curry,Precinct 21,Measure 8-118,,,Under Votes,6
Curry,Precinct 22,Measure 8-118,,,Under Votes,11
Curry,Precinct 23,Measure 8-118,,,Under Votes,14
Curry,Precinct 24,Measure 8-118,,,Under Votes,13
Curry,Precinct 25,Measure 8-118,,,Under Votes,8
Curry,Precinct 26,Measure 8-118,,,Under Votes,18
Curry,Precinct 27,Measure 8-118,,,Under Votes,6
Curry,Precinct 02,Measure 8-118,,,Yes,121
Curry,Precinct 13,Measure 8-118,,,Yes,19
Curry,Precinct 14,Measure 8-118,,,Yes,67
Curry,Precinct 15,Measure 8-118,,,Yes,103
Curry,Precinct 16,Measure 8-118,,,Yes,276
Curry,Precinct 17,Measure 8-118,,,Yes,416
Curry,Precinct 18,Measure 8-118,,,Yes,108
Curry,Precinct 19,Measure 8-118,,,Yes,169
Curry,Precinct 21,Measure 8-118,,,Yes,68
Curry,Precinct 22,Measure 8-118,,,Yes,116
Curry,Precinct 23,Measure 8-118,,,Yes,102
Curry,Precinct 24,Measure 8-118,,,Yes,134
Curry,Precinct 25,Measure 8-118,,,Yes,140
Curry,Precinct 26,Measure 8-118,,,Yes,157
Curry,Precinct 27,Measure 8-118,,,Yes,69
Curry,Precinct 06,Measure 8-119,,,No,146
Curry,Precinct 07,Measure 8-119,,,No,64
Curry,Precinct 06,Measure 8-119,,,Over Votes,0
Curry,Precinct 07,Measure 8-119,,,Over Votes,0
Curry,Precinct 06,Measure 8-119,,,Under Votes,6
Curry,Precinct 07,Measure 8-119,,,Under Votes,4
Curry,Precinct 06,Measure 8-119,,,Yes,196
Curry,Precinct 07,Measure 8-119,,,Yes,106
Curry,Precinct 01,Registered Voters,,,,33
Curry,Precinct 02,Registered Voters,,,,121
Curry,Precinct 03,Registered Voters,,,,157
Curry,Precinct 04,Registered Voters,,,,48
Curry,Precinct 05,Registered Voters,,,,271
Curry,Precinct 06,Registered Voters,,,,187
Curry,Precinct 07,Registered Voters,,,,116
Curry,Precinct 08,Registered Voters,,,,146
Curry,Precinct 09,Registered Voters,,,,206
Curry,Precinct 10,Registered Voters,,,,140
Curry,Precinct 11,Registered Voters,,,,203
Curry,Precinct 12,Registered Voters,,,,70
Curry,Precinct 13,Registered Voters,,,,51
Curry,Precinct 14,Registered Voters,,,,70
Curry,Precinct 15,Registered Voters,,,,113
Curry,Precinct 16,Registered Voters,,,,342
Curry,Precinct 17,Registered Voters,,,,402
Curry,Precinct 18,Registered Voters,,,,112
Curry,Precinct 19,Registered Voters,,,,159
Curry,Precinct 20,Registered Voters,,,,71
Curry,Precinct 21,Registered Voters,,,,62
Curry,Precinct 22,Registered Voters,,,,134
Curry,Precinct 23,Registered Voters,,,,135
Curry,Precinct 24,Registered Voters,,,,138
Curry,Precinct 25,Registered Voters,,,,156
Curry,Precinct 26,Registered Voters,,,,208
Curry,Precinct 27,Registered Voters,,,,67
Curry,Precinct 01,State House,1,D,Bret Cecil,15
Curry,Precinct 02,State House,1,D,Bret Cecil,54
Curry,Precinct 03,State House,1,D,Bret Cecil,78
Curry,Precinct 04,State House,1,D,Bret Cecil,21
Curry,Precinct 05,State House,1,D,Bret Cecil,156
Curry,Precinct 06,State House,1,D,Bret Cecil,117
Curry,Precinct 07,State House,1,D,Bret Cecil,76
Curry,Precinct 08,State House,1,D,Bret Cecil,77
Curry,Precinct 09,State House,1,D,Bret Cecil,108
Curry,Precinct 10,State House,1,D,Bret Cecil,55
Curry,Precinct 11,State House,1,D,Bret Cecil,95
Curry,Precinct 12,State House,1,D,Bret Cecil,31
Curry,Precinct 13,State House,1,D,Bret Cecil,26
Curry,Precinct 14,State House,1,D,Bret Cecil,29
Curry,Precinct 15,State House,1,D,Bret Cecil,60
Curry,Precinct 16,State House,1,D,Bret Cecil,132
Curry,Precinct 17,State House,1,D,Bret Cecil,177
Curry,Precinct 18,State House,1,D,Bret Cecil,53
Curry,Precinct 19,State House,1,D,Bret Cecil,69
Curry,Precinct 20,State House,1,D,Bret Cecil,35
Curry,Precinct 21,State House,1,D,Bret Cecil,32
Curry,Precinct 22,State House,1,D,Bret Cecil,57
Curry,Precinct 23,State House,1,D,Bret Cecil,73
Curry,Precinct 24,State House,1,D,Bret Cecil,66
Curry,Precinct 25,State House,1,D,Bret Cecil,54
Curry,Precinct 26,State House,1,D,Bret Cecil,105
Curry,Precinct 27,State House,1,D,Bret Cecil,42
Curry,Precinct 01,State House,1,D,Over Votes,0
Curry,Precinct 02,State House,1,D,Over Votes,0
Curry,Precinct 03,State House,1,D,Over Votes,0
Curry,Precinct 04,State House,1,D,Over Votes,0
Curry,Precinct 05,State House,1,D,Over Votes,0
Curry,Precinct 06,State House,1,D,Over Votes,0
Curry,Precinct 07,State House,1,D,Over Votes,0
Curry,Precinct 08,State House,1,D,Over Votes,0
Curry,Precinct 09,State House,1,D,Over Votes,0
Curry,Precinct 10,State House,1,D,Over Votes,0
Curry,Precinct 11,State House,1,D,Over Votes,0
Curry,Precinct 12,State House,1,D,Over Votes,0
Curry,Precinct 13,State House,1,D,Over Votes,0
Curry,Precinct 14,State House,1,D,Over Votes,0
Curry,Precinct 15,State House,1,D,Over Votes,0
Curry,Precinct 16,State House,1,D,Over Votes,0
Curry,Precinct 17,State House,1,D,Over Votes,0
Curry,Precinct 18,State House,1,D,Over Votes,0
Curry,Precinct 19,State House,1,D,Over Votes,0
Curry,Precinct 20,State House,1,D,Over Votes,0
Curry,Precinct 21,State House,1,D,Over Votes,0
Curry,Precinct 22,State House,1,D,Over Votes,0
Curry,Precinct 23,State House,1,D,Over Votes,0
Curry,Precinct 24,State House,1,D,Over Votes,0
Curry,Precinct 25,State House,1,D,Over Votes,0
Curry,Precinct 26,State House,1,D,Over Votes,0
Curry,Precinct 27,State House,1,D,Over Votes,0
Curry,Precinct 01,State House,1,D,Under Votes,9
Curry,Precinct 02,State House,1,D,Under Votes,16
Curry,Precinct 03,State House,1,D,Under Votes,30
Curry,Precinct 04,State House,1,D,Under Votes,3
Curry,Precinct 05,State House,1,D,Under Votes,33
Curry,Precinct 06,State House,1,D,Under Votes,25
Curry,Precinct 07,State House,1,D,Under Votes,6
Curry,Precinct 08,State House,1,D,Under Votes,15
Curry,Precinct 09,State House,1,D,Under Votes,25
Curry,Precinct 10,State House,1,D,Under Votes,23
Curry,Precinct 11,State House,1,D,Under Votes,23
Curry,Precinct 12,State House,1,D,Under Votes,10
Curry,Precinct 13,State House,1,D,Under Votes,7
Curry,Precinct 14,State House,1,D,Under Votes,12
Curry,Precinct 15,State House,1,D,Under Votes,13
Curry,Precinct 16,State House,1,D,Under Votes,50
Curry,Precinct 17,State House,1,D,Under Votes,65
Curry,Precinct 18,State House,1,D,Under Votes,21
Curry,Precinct 19,State House,1,D,Under Votes,30
Curry,Precinct 20,State House,1,D,Under Votes,9
Curry,Precinct 21,State House,1,D,Under Votes,12
Curry,Precinct 22,State House,1,D,Under Votes,17
Curry,Precinct 23,State House,1,D,Under Votes,17
Curry,Precinct 24,State House,1,D,Under Votes,15
Curry,Precinct 25,State House,1,D,Under Votes,21
Curry,Precinct 26,State House,1,D,Under Votes,28
Curry,Precinct 27,State House,1,D,Under Votes,6
Curry,Precinct 01,State House,1,D,Write-ins,0
Curry,Precinct 02,State House,1,D,Write-ins,1
Curry,Precinct 03,State House,1,D,Write-ins,0
Curry,Precinct 04,State House,1,D,Write-ins,1
Curry,Precinct 05,State House,1,D,Write-ins,1
Curry,Precinct 06,State House,1,D,Write-ins,1
Curry,Precinct 07,State House,1,D,Write-ins,0
Curry,Precinct 08,State House,1,D,Write-ins,2
Curry,Precinct 09,State House,1,D,Write-ins,2
Curry,Precinct 10,State House,1,D,Write-ins,0
Curry,Precinct 11,State House,1,D,Write-ins,3
Curry,Precinct 12,State House,1,D,Write-ins,0
Curry,Precinct 13,State House,1,D,Write-ins,1
Curry,Precinct 14,State House,1,D,Write-ins,0
Curry,Precinct 15,State House,1,D,Write-ins,0
Curry,Precinct 16,State House,1,D,Write-ins,2
Curry,Precinct 17,State House,1,D,Write-ins,2
Curry,Precinct 18,State House,1,D,Write-ins,1
Curry,Precinct 19,State House,1,D,Write-ins,1
Curry,Precinct 20,State House,1,D,Write-ins,2
Curry,Precinct 21,State House,1,D,Write-ins,0
Curry,Precinct 22,State House,1,D,Write-ins,1
Curry,Precinct 23,State House,1,D,Write-ins,0
Curry,Precinct 24,State House,1,D,Write-ins,2
Curry,Precinct 25,State House,1,D,Write-ins,1
Curry,Precinct 26,State House,1,D,Write-ins,0
Curry,Precinct 27,State House,1,D,Write-ins,1
Curry,Precinct 01,State House,1,R,Court Boice,17
Curry,Precinct 02,State House,1,R,Court Boice,119
Curry,Precinct 03,State House,1,R,Court Boice,73
Curry,Precinct 04,State House,1,R,Court Boice,54
Curry,Precinct 05,State House,1,R,Court Boice,102
Curry,Precinct 06,State House,1,R,Court Boice,85
Curry,Precinct 07,State House,1,R,Court Boice,29
Curry,Precinct 08,State House,1,R,Court Boice,111
Curry,Precinct 09,State House,1,R,Court Boice,181
Curry,Precinct 10,State House,1,R,Court Boice,102
Curry,Precinct 11,State House,1,R,Court Boice,157
Curry,Precinct 12,State House,1,R,Court Boice,59
Curry,Precinct 13,State House,1,R,Court Boice,77
Curry,Precinct 14,State House,1,R,Court Boice,64
Curry,Precinct 15,State House,1,R,Court Boice,55
Curry,Precinct 16,State House,1,R,Court Boice,208
Curry,Precinct 17,State House,1,R,Court Boice,307
Curry,Precinct 18,State House,1,R,Court Boice,91
Curry,Precinct 19,State House,1,R,Court Boice,187
Curry,Precinct 20,State House,1,R,Court Boice,70
Curry,Precinct 21,State House,1,R,Court Boice,53
Curry,Precinct 22,State House,1,R,Court Boice,93
Curry,Precinct 23,State House,1,R,Court Boice,86
Curry,Precinct 24,State House,1,R,Court Boice,118
Curry,Precinct 25,State House,1,R,Court Boice,101
Curry,Precinct 26,State House,1,R,Court Boice,153
Curry,Precinct 27,State House,1,R,Court Boice,82
Curry,Precinct 01,State House,1,R,Over Votes,0
Curry,Precinct 02,State House,1,R,Over Votes,0
Curry,Precinct 03,State House,1,R,Over Votes,0
Curry,Precinct 04,State House,1,R,Over Votes,0
Curry,Precinct 05,State House,1,R,Over Votes,0
Curry,Precinct 06,State House,1,R,Over Votes,0
Curry,Precinct 07,State House,1,R,Over Votes,0
Curry,Precinct 08,State House,1,R,Over Votes,0
Curry,Precinct 09,State House,1,R,Over Votes,0
Curry,Precinct 10,State House,1,R,Over Votes,0
Curry,Precinct 11,State House,1,R,Over Votes,0
Curry,Precinct 12,State House,1,R,Over Votes,0
Curry,Precinct 13,State House,1,R,Over Votes,0
Curry,Precinct 14,State House,1,R,Over Votes,0
Curry,Precinct 15,State House,1,R,Over Votes,0
Curry,Precinct 16,State House,1,R,Over Votes,0
Curry,Precinct 17,State House,1,R,Over Votes,0
Curry,Precinct 18,State House,1,R,Over Votes,0
Curry,Precinct 19,State House,1,R,Over Votes,0
Curry,Precinct 20,State House,1,R,Over Votes,0
Curry,Precinct 21,State House,1,R,Over Votes,0
Curry,Precinct 22,State House,1,R,Over Votes,0
Curry,Precinct 23,State House,1,R,Over Votes,0
Curry,Precinct 24,State House,1,R,Over Votes,0
Curry,Precinct 25,State House,1,R,Over Votes,0
Curry,Precinct 26,State House,1,R,Over Votes,0
Curry,Precinct 27,State House,1,R,Over Votes,0
Curry,Precinct 01,State House,1,R,Under Votes,2
Curry,Precinct 02,State House,1,R,Under Votes,33
Curry,Precinct 03,State House,1,R,Under Votes,37
Curry,Precinct 04,State House,1,R,Under Votes,15
Curry,Precinct 05,State House,1,R,Under Votes,31
Curry,Precinct 06,State House,1,R,Under Votes,20
Curry,Precinct 07,State House,1,R,Under Votes,9
Curry,Precinct 08,State House,1,R,Under Votes,33
Curry,Precinct 09,State House,1,R,Under Votes,61
Curry,Precinct 10,State House,1,R,Under Votes,36
Curry,Precinct 11,State House,1,R,Under Votes,45
Curry,Precinct 12,State House,1,R,Under Votes,19
Curry,Precinct 13,State House,1,R,Under Votes,8
Curry,Precinct 14,State House,1,R,Under Votes,24
Curry,Precinct 15,State House,1,R,Under Votes,30
Curry,Precinct 16,State House,1,R,Under Votes,71
Curry,Precinct 17,State House,1,R,Under Votes,86
Curry,Precinct 18,State House,1,R,Under Votes,41
Curry,Precinct 19,State House,1,R,Under Votes,48
Curry,Precinct 20,State House,1,R,Under Votes,15
Curry,Precinct 21,State House,1,R,Under Votes,14
Curry,Precinct 22,State House,1,R,Under Votes,22
Curry,Precinct 23,State House,1,R,Under Votes,42
Curry,Precinct 24,State House,1,R,Under Votes,50
Curry,Precinct 25,State House,1,R,Under Votes,25
Curry,Precinct 26,State House,1,R,Under Votes,58
Curry,Precinct 27,State House,1,R,Under Votes,18
Curry,Precinct 01,State House,1,R,Write-ins,1
Curry,Precinct 02,State House,1,R,Write-ins,0
Curry,Precinct 03,State House,1,R,Write-ins,0
Curry,Precinct 04,State House,1,R,Write-ins,1
Curry,Precinct 05,State House,1,R,Write-ins,1
Curry,Precinct 06,State House,1,R,Write-ins,2
Curry,Precinct 07,State House,1,R,Write-ins,0
Curry,Precinct 08,State House,1,R,Write-ins,7
Curry,Precinct 09,State House,1,R,Write-ins,11
Curry,Precinct 10,State House,1,R,Write-ins,0
Curry,Precinct 11,State House,1,R,Write-ins,3
Curry,Precinct 12,State House,1,R,Write-ins,4
Curry,Precinct 13,State House,1,R,Write-ins,0
Curry,Precinct 14,State House,1,R,Write-ins,3
Curry,Precinct 15,State House,1,R,Write-ins,1
Curry,Precinct 16,State House,1,R,Write-ins,4
Curry,Precinct 17,State House,1,R,Write-ins,10
Curry,Precinct 18,State House,1,R,Write-ins,2
Curry,Precinct 19,State House,1,R,Write-ins,3
Curry,Precinct 20,State House,1,R,Write-ins,0
Curry,Precinct 21,State House,1,R,Write-ins,1
Curry,Precinct 22,State House,1,R,Write-ins,2
Curry,Precinct 23,State House,1,R,Write-ins,1
Curry,Precinct 24,State House,1,R,Write-ins,3
Curry,Precinct 25,State House,1,R,Write-ins,1
Curry,Precinct 26,State House,1,R,Write-ins,6
Curry,Precinct 27,State House,1,R,Write-ins,3
Curry,Precinct 01,U.S. House,4,D,Daniel B. Bahlen,1
Curry,Precinct 02,U.S. House,4,D,Daniel B. Bahlen,2
Curry,Precinct 03,U.S. House,4,D,Daniel B. Bahlen,2
Curry,Precinct 04,U.S. House,4,D,Daniel B. Bahlen,0
Curry,Precinct 05,U.S. House,4,D,Daniel B. Bahlen,8
Curry,Precinct 06,U.S. House,4,D,Daniel B. Bahlen,0
Curry,Precinct 07,U.S. House,4,D,Daniel B. Bahlen,1
Curry,Precinct 08,U.S. House,4,D,Daniel B. Bahlen,2
Curry,Precinct 09,U.S. House,4,D,Daniel B. Bahlen,2
Curry,Precinct 10,U.S. House,4,D,Daniel B. Bahlen,1
Curry,Precinct 11,U.S. House,4,D,Daniel B. Bahlen,6
Curry,Precinct 12,U.S. House,4,D,Daniel B. Bahlen,0
Curry,Precinct 13,U.S. House,4,D,Daniel B. Bahlen,0
Curry,Precinct 14,U.S. House,4,D,Daniel B. Bahlen,3
Curry,Precinct 15,U.S. House,4,D,Daniel B. Bahlen,2
Curry,Precinct 16,U.S. House,4,D,Daniel B. Bahlen,6
Curry,Precinct 17,U.S. House,4,D,Daniel B. Bahlen,5
Curry,Precinct 18,U.S. House,4,D,Daniel B. Bahlen,3
Curry,Precinct 19,U.S. House,4,D,Daniel B. Bahlen,1
Curry,Precinct 20,U.S. House,4,D,Daniel B. Bahlen,1
Curry,Precinct 21,U.S. House,4,D,Daniel B. Bahlen,1
Curry,Precinct 22,U.S. House,4,D,Daniel B. Bahlen,1
Curry,Precinct 23,U.S. House,4,D,Daniel B. Bahlen,2
Curry,Precinct 24,U.S. House,4,D,Daniel B. Bahlen,1
Curry,Precinct 25,U.S. House,4,D,Daniel B. Bahlen,2
Curry,Precinct 26,U.S. House,4,D,Daniel B. Bahlen,1
Curry,Precinct 27,U.S. House,4,D,Daniel B. Bahlen,0
Curry,Precinct 01,U.S. House,4,D,Melissa Bird,5
Curry,Precinct 02,U.S. House,4,D,Melissa Bird,9
Curry,Precinct 03,U.S. House,4,D,Melissa Bird,22
Curry,Precinct 04,U.S. House,4,D,Melissa Bird,6
Curry,Precinct 05,U.S. House,4,D,Melissa Bird,41
Curry,Precinct 06,U.S. House,4,D,Melissa Bird,34
Curry,Precinct 07,U.S. House,4,D,Melissa Bird,16
Curry,Precinct 08,U.S. House,4,D,Melissa Bird,13
Curry,Precinct 09,U.S. House,4,D,Melissa Bird,22
Curry,Precinct 10,U.S. House,4,D,Melissa Bird,13
Curry,Precinct 11,U.S. House,4,D,Melissa Bird,26
Curry,Precinct 12,U.S. House,4,D,Melissa Bird,4
Curry,Precinct 13,U.S. House,4,D,Melissa Bird,7
Curry,Precinct 14,U.S. House,4,D,Melissa Bird,6
Curry,Precinct 15,U.S. House,4,D,Melissa Bird,7
Curry,Precinct 16,U.S. House,4,D,Melissa Bird,36
Curry,Precinct 17,U.S. House,4,D,Melissa Bird,32
Curry,Precinct 18,U.S. House,4,D,Melissa Bird,9
Curry,Precinct 19,U.S. House,4,D,Melissa Bird,9
Curry,Precinct 20,U.S. House,4,D,Melissa Bird,5
Curry,Precinct 21,U.S. House,4,D,Melissa Bird,9
Curry,Precinct 22,U.S. House,4,D,Melissa Bird,22
Curry,Precinct 23,U.S. House,4,D,Melissa Bird,16
Curry,Precinct 24,U.S. House,4,D,Melissa Bird,15
Curry,Precinct 25,U.S. House,4,D,Melissa Bird,7
Curry,Precinct 26,U.S. House,4,D,Melissa Bird,31
Curry,Precinct 27,U.S. House,4,D,Melissa Bird,9
Curry,Precinct 01,U.S. House,4,D,Over Votes,0
Curry,Precinct 02,U.S. House,4,D,Over Votes,0
Curry,Precinct 03,U.S. House,4,D,Over Votes,0
Curry,Precinct 04,U.S. House,4,D,Over Votes,0
Curry,Precinct 05,U.S. House,4,D,Over Votes,0
Curry,Precinct 06,U.S. House,4,D,Over Votes,0
Curry,Precinct 07,U.S. House,4,D,Over Votes,0
Curry,Precinct 08,U.S. House,4,D,Over Votes,0
Curry,Precinct 09,U.S. House,4,D,Over Votes,0
Curry,Precinct 10,U.S. House,4,D,Over Votes,0
Curry,Precinct 11,U.S. House,4,D,Over Votes,0
Curry,Precinct 12,U.S. House,4,D,Over Votes,0
Curry,Precinct 13,U.S. House,4,D,Over Votes,0
Curry,Precinct 14,U.S. House,4,D,Over Votes,0
Curry,Precinct 15,U.S. House,4,D,Over Votes,0
Curry,Precinct 16,U.S. House,4,D,Over Votes,0
Curry,Precinct 17,U.S. House,4,D,Over Votes,1
Curry,Precinct 18,U.S. House,4,D,Over Votes,0
Curry,Precinct 19,U.S. House,4,D,Over Votes,0
Curry,Precinct 20,U.S. House,4,D,Over Votes,0
Curry,Precinct 21,U.S. House,4,D,Over Votes,0
Curry,Precinct 22,U.S. House,4,D,Over Votes,0
Curry,Precinct 23,U.S. House,4,D,Over Votes,0
Curry,Precinct 24,U.S. House,4,D,Over Votes,0
Curry,Precinct 25,U.S. House,4,D,Over Votes,0
Curry,Precinct 26,U.S. House,4,D,Over Votes,0
Curry,Precinct 27,U.S. House,4,D,Over Votes,0
Curry,Precinct 01,U.S. House,4,D,Under Votes,3
Curry,Precinct 02,U.S. House,4,D,Under Votes,5
Curry,Precinct 03,U.S. House,4,D,Under Votes,1
Curry,Precinct 04,U.S. House,4,D,Under Votes,1
Curry,Precinct 05,U.S. House,4,D,Under Votes,6
Curry,Precinct 06,U.S. House,4,D,Under Votes,15
Curry,Precinct 07,U.S. House,4,D,Under Votes,4
Curry,Precinct 08,U.S. House,4,D,Under Votes,3
Curry,Precinct 09,U.S. House,4,D,Under Votes,9
Curry,Precinct 10,U.S. House,4,D,Under Votes,3
Curry,Precinct 11,U.S. House,4,D,Under Votes,6
Curry,Precinct 12,U.S. House,4,D,Under Votes,5
Curry,Precinct 13,U.S. House,4,D,Under Votes,0
Curry,Precinct 14,U.S. House,4,D,Under Votes,7
Curry,Precinct 15,U.S. House,4,D,Under Votes,4
Curry,Precinct 16,U.S. House,4,D,Under Votes,13
Curry,Precinct 17,U.S. House,4,D,Under Votes,17
Curry,Precinct 18,U.S. House,4,D,Under Votes,4
Curry,Precinct 19,U.S. House,4,D,Under Votes,5
Curry,Precinct 20,U.S. House,4,D,Under Votes,6
Curry,Precinct 21,U.S. House,4,D,Under Votes,0
Curry,Precinct 22,U.S. House,4,D,Under Votes,4
Curry,Precinct 23,U.S. House,4,D,Under Votes,5
Curry,Precinct 24,U.S. House,4,D,Under Votes,3
Curry,Precinct 25,U.S. House,4,D,Under Votes,6
Curry,Precinct 26,U.S. House,4,D,Under Votes,4
Curry,Precinct 27,U.S. House,4,D,Under Votes,1
Curry,Precinct 01,U.S. House,4,D,Val Hoyle,15
Curry,Precinct 02,U.S. House,4,D,Val Hoyle,54
Curry,Precinct 03,U.S. House,4,D,Val Hoyle,83
Curry,Precinct 04,U.S. House,4,D,Val Hoyle,17
Curry,Precinct 05,U.S. House,4,D,Val Hoyle,135
Curry,Precinct 06,U.S. House,4,D,Val Hoyle,94
Curry,Precinct 07,U.S. House,4,D,Val Hoyle,61
Curry,Precinct 08,U.S. House,4,D,Val Hoyle,76
Curry,Precinct 09,U.S. House,4,D,Val Hoyle,100
Curry,Precinct 10,U.S. House,4,D,Val Hoyle,61
Curry,Precinct 11,U.S. House,4,D,Val Hoyle,81
Curry,Precinct 12,U.S. House,4,D,Val Hoyle,32
Curry,Precinct 13,U.S. House,4,D,Val Hoyle,25
Curry,Precinct 14,U.S. House,4,D,Val Hoyle,24
Curry,Precinct 15,U.S. House,4,D,Val Hoyle,60
Curry,Precinct 16,U.S. House,4,D,Val Hoyle,128
Curry,Precinct 17,U.S. House,4,D,Val Hoyle,186
Curry,Precinct 18,U.S. House,4,D,Val Hoyle,57
Curry,Precinct 19,U.S. House,4,D,Val Hoyle,84
Curry,Precinct 20,U.S. House,4,D,Val Hoyle,32
Curry,Precinct 21,U.S. House,4,D,Val Hoyle,34
Curry,Precinct 22,U.S. House,4,D,Val Hoyle,48
Curry,Precinct 23,U.S. House,4,D,Val Hoyle,66
Curry,Precinct 24,U.S. House,4,D,Val Hoyle,62
Curry,Precinct 25,U.S. House,4,D,Val Hoyle,61
Curry,Precinct 26,U.S. House,4,D,Val Hoyle,97
Curry,Precinct 27,U.S. House,4,D,Val Hoyle,39
Curry,Precinct 01,U.S. House,4,D,Write-ins,0
Curry,Precinct 02,U.S. House,4,D,Write-ins,1
Curry,Precinct 03,U.S. House,4,D,Write-ins,0
Curry,Precinct 04,U.S. House,4,D,Write-ins,1
Curry,Precinct 05,U.S. House,4,D,Write-ins,0
Curry,Precinct 06,U.S. House,4,D,Write-ins,0
Curry,Precinct 07,U.S. House,4,D,Write-ins,0
Curry,Precinct 08,U.S. House,4,D,Write-ins,0
Curry,Precinct 09,U.S. House,4,D,Write-ins,2
Curry,Precinct 10,U.S. House,4,D,Write-ins,0
Curry,Precinct 11,U.S. House,4,D,Write-ins,2
Curry,Precinct 12,U.S. House,4,D,Write-ins,0
Curry,Precinct 13,U.S. House,4,D,Write-ins,2
Curry,Precinct 14,U.S. House,4,D,Write-ins,1
Curry,Precinct 15,U.S. House,4,D,Write-ins,0
Curry,Precinct 16,U.S. House,4,D,Write-ins,1
Curry,Precinct 17,U.S. House,4,D,Write-ins,3
Curry,Precinct 18,U.S. House,4,D,Write-ins,2
Curry,Precinct 19,U.S. House,4,D,Write-ins,1
Curry,Precinct 20,U.S. House,4,D,Write-ins,2
Curry,Precinct 21,U.S. House,4,D,Write-ins,0
Curry,Precinct 22,U.S. House,4,D,Write-ins,0
Curry,Precinct 23,U.S. House,4,D,Write-ins,1
Curry,Precinct 24,U.S. House,4,D,Write-ins,2
Curry,Precinct 25,U.S. House,4,D,Write-ins,0
Curry,Precinct 26,U.S. House,4,D,Write-ins,0
Curry,Precinct 27,U.S. House,4,D,Write-ins,0
Curry,Precinct 01,U.S. House,4,R,Monique DeSpain,10
Curry,Precinct 02,U.S. House,4,R,Monique DeSpain,98
Curry,Precinct 03,U.S. House,4,R,Monique DeSpain,74
Curry,Precinct 04,U.S. House,4,R,Monique DeSpain,49
Curry,Precinct 05,U.S. House,4,R,Monique DeSpain,89
Curry,Precinct 06,U.S. House,4,R,Monique DeSpain,60
Curry,Precinct 07,U.S. House,4,R,Monique DeSpain,21
Curry,Precinct 08,U.S. House,4,R,Monique DeSpain,104
Curry,Precinct 09,U.S. House,4,R,Monique DeSpain,151
Curry,Precinct 10,U.S. House,4,R,Monique DeSpain,78
Curry,Precinct 11,U.S. House,4,R,Monique DeSpain,137
Curry,Precinct 12,U.S. House,4,R,Monique DeSpain,58
Curry,Precinct 13,U.S. House,4,R,Monique DeSpain,52
Curry,Precinct 14,U.S. House,4,R,Monique DeSpain,64
Curry,Precinct 15,U.S. House,4,R,Monique DeSpain,57
Curry,Precinct 16,U.S. House,4,R,Monique DeSpain,175
Curry,Precinct 17,U.S. House,4,R,Monique DeSpain,296
Curry,Precinct 18,U.S. House,4,R,Monique DeSpain,93
Curry,Precinct 19,U.S. House,4,R,Monique DeSpain,164
Curry,Precinct 20,U.S. House,4,R,Monique DeSpain,59
Curry,Precinct 21,U.S. House,4,R,Monique DeSpain,50
Curry,Precinct 22,U.S. House,4,R,Monique DeSpain,75
Curry,Precinct 23,U.S. House,4,R,Monique DeSpain,101
Curry,Precinct 24,U.S. House,4,R,Monique DeSpain,119
Curry,Precinct 25,U.S. House,4,R,Monique DeSpain,81
Curry,Precinct 26,U.S. House,4,R,Monique DeSpain,151
Curry,Precinct 27,U.S. House,4,R,Monique DeSpain,69
Curry,Precinct 01,U.S. House,4,R,Over Votes,0
Curry,Precinct 02,U.S. House,4,R,Over Votes,0
Curry,Precinct 03,U.S. House,4,R,Over Votes,0
Curry,Precinct 04,U.S. House,4,R,Over Votes,0
Curry,Precinct 05,U.S. House,4,R,Over Votes,0
Curry,Precinct 06,U.S. House,4,R,Over Votes,0
Curry,Precinct 07,U.S. House,4,R,Over Votes,0
Curry,Precinct 08,U.S. House,4,R,Over Votes,0
Curry,Precinct 09,U.S. House,4,R,Over Votes,0
Curry,Precinct 10,U.S. House,4,R,Over Votes,0
Curry,Precinct 11,U.S. House,4,R,Over Votes,0
Curry,Precinct 12,U.S. House,4,R,Over Votes,0
Curry,Precinct 13,U.S. House,4,R,Over Votes,0
Curry,Precinct 14,U.S. House,4,R,Over Votes,0
Curry,Precinct 15,U.S. House,4,R,Over Votes,0
Curry,Precinct 16,U.S. House,4,R,Over Votes,0
Curry,Precinct 17,U.S. House,4,R,Over Votes,0
Curry,Precinct 18,U.S. House,4,R,Over Votes,0
Curry,Precinct 19,U.S. House,4,R,Over Votes,0
Curry,Precinct 20,U.S. House,4,R,Over Votes,0
Curry,Precinct 21,U.S. House,4,R,Over Votes,0
Curry,Precinct 22,U.S. House,4,R,Over Votes,0
Curry,Precinct 23,U.S. House,4,R,Over Votes,0
Curry,Precinct 24,U.S. House,4,R,Over Votes,0
Curry,Precinct 25,U.S. House,4,R,Over Votes,0
Curry,Precinct 26,U.S. House,4,R,Over Votes,0
Curry,Precinct 27,U.S. House,4,R,Over Votes,0
Curry,Precinct 01,U.S. House,4,R,Stefan G. Strek,5
Curry,Precinct 02,U.S. House,4,R,Stefan G. Strek,17
Curry,Precinct 03,U.S. House,4,R,Stefan G. Strek,17
Curry,Precinct 04,U.S. House,4,R,Stefan G. Strek,4
Curry,Precinct 05,U.S. House,4,R,Stefan G. Strek,16
Curry,Precinct 06,U.S. House,4,R,Stefan G. Strek,22
Curry,Precinct 07,U.S. House,4,R,Stefan G. Strek,4
Curry,Precinct 08,U.S. House,4,R,Stefan G. Strek,19
Curry,Precinct 09,U.S. House,4,R,Stefan G. Strek,37
Curry,Precinct 10,U.S. House,4,R,Stefan G. Strek,15
Curry,Precinct 11,U.S. House,4,R,Stefan G. Strek,28
Curry,Precinct 12,U.S. House,4,R,Stefan G. Strek,9
Curry,Precinct 13,U.S. House,4,R,Stefan G. Strek,10
Curry,Precinct 14,U.S. House,4,R,Stefan G. Strek,11
Curry,Precinct 15,U.S. House,4,R,Stefan G. Strek,10
Curry,Precinct 16,U.S. House,4,R,Stefan G. Strek,58
Curry,Precinct 17,U.S. House,4,R,Stefan G. Strek,41
Curry,Precinct 18,U.S. House,4,R,Stefan G. Strek,8
Curry,Precinct 19,U.S. House,4,R,Stefan G. Strek,26
Curry,Precinct 20,U.S. House,4,R,Stefan G. Strek,11
Curry,Precinct 21,U.S. House,4,R,Stefan G. Strek,3
Curry,Precinct 22,U.S. House,4,R,Stefan G. Strek,13
Curry,Precinct 23,U.S. House,4,R,Stefan G. Strek,6
Curry,Precinct 24,U.S. House,4,R,Stefan G. Strek,21
Curry,Precinct 25,U.S. House,4,R,Stefan G. Strek,23
Curry,Precinct 26,U.S. House,4,R,Stefan G. Strek,19
Curry,Precinct 27,U.S. House,4,R,Stefan G. Strek,7
Curry,Precinct 01,U.S. House,4,R,Under Votes,5
Curry,Precinct 02,U.S. House,4,R,Under Votes,37
Curry,Precinct 03,U.S. House,4,R,Under Votes,19
Curry,Precinct 04,U.S. House,4,R,Under Votes,16
Curry,Precinct 05,U.S. House,4,R,Under Votes,25
Curry,Precinct 06,U.S. House,4,R,Under Votes,23
Curry,Precinct 07,U.S. House,4,R,Under Votes,13
Curry,Precinct 08,U.S. House,4,R,Under Votes,26
Curry,Precinct 09,U.S. House,4,R,Under Votes,61
Curry,Precinct 10,U.S. House,4,R,Under Votes,44
Curry,Precinct 11,U.S. House,4,R,Under Votes,38
Curry,Precinct 12,U.S. House,4,R,Under Votes,14
Curry,Precinct 13,U.S. House,4,R,Under Votes,23
Curry,Precinct 14,U.S. House,4,R,Under Votes,15
Curry,Precinct 15,U.S. House,4,R,Under Votes,18
Curry,Precinct 16,U.S. House,4,R,Under Votes,48
Curry,Precinct 17,U.S. House,4,R,Under Votes,61
Curry,Precinct 18,U.S. House,4,R,Under Votes,30
Curry,Precinct 19,U.S. House,4,R,Under Votes,46
Curry,Precinct 20,U.S. House,4,R,Under Votes,13
Curry,Precinct 21,U.S. House,4,R,Under Votes,14
Curry,Precinct 22,U.S. House,4,R,Under Votes,26
Curry,Precinct 23,U.S. House,4,R,Under Votes,21
Curry,Precinct 24,U.S. House,4,R,Under Votes,30
Curry,Precinct 25,U.S. House,4,R,Under Votes,21
Curry,Precinct 26,U.S. House,4,R,Under Votes,45
Curry,Precinct 27,U.S. House,4,R,Under Votes,24
Curry,Precinct 01,U.S. House,4,R,Write-ins,0
Curry,Precinct 02,U.S. House,4,R,Write-ins,0
Curry,Precinct 03,U.S. House,4,R,Write-ins,0
Curry,Precinct 04,U.S. House,4,R,Write-ins,1
Curry,Precinct 05,U.S. House,4,R,Write-ins,4
Curry,Precinct 06,U.S. House,4,R,Write-ins,2
Curry,Precinct 07,U.S. House,4,R,Write-ins,0
Curry,Precinct 08,U.S. House,4,R,Write-ins,2
Curry,Precinct 09,U.S. House,4,R,Write-ins,4
Curry,Precinct 10,U.S. House,4,R,Write-ins,1
Curry,Precinct 11,U.S. House,4,R,Write-ins,2
Curry,Precinct 12,U.S. House,4,R,Write-ins,1
Curry,Precinct 13,U.S. House,4,R,Write-ins,0
Curry,Precinct 14,U.S. House,4,R,Write-ins,1
Curry,Precinct 15,U.S. House,4,R,Write-ins,1
Curry,Precinct 16,U.S. House,4,R,Write-ins,2
Curry,Precinct 17,U.S. House,4,R,Write-ins,5
Curry,Precinct 18,U.S. House,4,R,Write-ins,3
Curry,Precinct 19,U.S. House,4,R,Write-ins,2
Curry,Precinct 20,U.S. House,4,R,Write-ins,2
Curry,Precinct 21,U.S. House,4,R,Write-ins,1
Curry,Precinct 22,U.S. House,4,R,Write-ins,3
Curry,Precinct 23,U.S. House,4,R,Write-ins,1
Curry,Precinct 24,U.S. House,4,R,Write-ins,1
Curry,Precinct 25,U.S. House,4,R,Write-ins,2
Curry,Precinct 26,U.S. House,4,R,Write-ins,2
Curry,Precinct 27,U.S. House,4,R,Write-ins,3
Curry,Precinct 01,U.S. Senate,,D,Jeff Merkley,16
Curry,Precinct 02,U.S. Senate,,D,Jeff Merkley,61
Curry,Precinct 03,U.S. Senate,,D,Jeff Merkley,100
Curry,Precinct 04,U.S. Senate,,D,Jeff Merkley,23
Curry,Precinct 05,U.S. Senate,,D,Jeff Merkley,180
Curry,Precinct 06,U.S. Senate,,D,Jeff Merkley,129
Curry,Precinct 07,U.S. Senate,,D,Jeff Merkley,78
Curry,Precinct 08,U.S. Senate,,D,Jeff Merkley,89
Curry,Precinct 09,U.S. Senate,,D,Jeff Merkley,117
Curry,Precinct 10,U.S. Senate,,D,Jeff Merkley,74
Curry,Precinct 11,U.S. Senate,,D,Jeff Merkley,110
Curry,Precinct 12,U.S. Senate,,D,Jeff Merkley,38
Curry,Precinct 13,U.S. Senate,,D,Jeff Merkley,32
Curry,Precinct 14,U.S. Senate,,D,Jeff Merkley,35
Curry,Precinct 15,U.S. Senate,,D,Jeff Merkley,67
Curry,Precinct 16,U.S. Senate,,D,Jeff Merkley,164
Curry,Precinct 17,U.S. Senate,,D,Jeff Merkley,216
Curry,Precinct 18,U.S. Senate,,D,Jeff Merkley,64
Curry,Precinct 19,U.S. Senate,,D,Jeff Merkley,88
Curry,Precinct 20,U.S. Senate,,D,Jeff Merkley,40
Curry,Precinct 21,U.S. Senate,,D,Jeff Merkley,41
Curry,Precinct 22,U.S. Senate,,D,Jeff Merkley,66
Curry,Precinct 23,U.S. Senate,,D,Jeff Merkley,84
Curry,Precinct 24,U.S. Senate,,D,Jeff Merkley,77
Curry,Precinct 25,U.S. Senate,,D,Jeff Merkley,71
Curry,Precinct 26,U.S. Senate,,D,Jeff Merkley,118
Curry,Precinct 27,U.S. Senate,,D,Jeff Merkley,47
Curry,Precinct 01,U.S. Senate,,D,Over Votes,0
Curry,Precinct 02,U.S. Senate,,D,Over Votes,0
Curry,Precinct 03,U.S. Senate,,D,Over Votes,0
Curry,Precinct 04,U.S. Senate,,D,Over Votes,0
Curry,Precinct 05,U.S. Senate,,D,Over Votes,0
Curry,Precinct 06,U.S. Senate,,D,Over Votes,0
Curry,Precinct 07,U.S. Senate,,D,Over Votes,0
Curry,Precinct 08,U.S. Senate,,D,Over Votes,0
Curry,Precinct 09,U.S. Senate,,D,Over Votes,0
Curry,Precinct 10,U.S. Senate,,D,Over Votes,0
Curry,Precinct 11,U.S. Senate,,D,Over Votes,0
Curry,Precinct 12,U.S. Senate,,D,Over Votes,0
Curry,Precinct 13,U.S. Senate,,D,Over Votes,0
Curry,Precinct 14,U.S. Senate,,D,Over Votes,1
Curry,Precinct 15,U.S. Senate,,D,Over Votes,0
Curry,Precinct 16,U.S. Senate,,D,Over Votes,0
Curry,Precinct 17,U.S. Senate,,D,Over Votes,0
Curry,Precinct 18,U.S. Senate,,D,Over Votes,0
Curry,Precinct 19,U.S. Senate,,D,Over Votes,0
Curry,Precinct 20,U.S. Senate,,D,Over Votes,0
Curry,Precinct 21,U.S. Senate,,D,Over Votes,0
Curry,Precinct 22,U.S. Senate,,D,Over Votes,0
Curry,Precinct 23,U.S. Senate,,D,Over Votes,0
Curry,Precinct 24,U.S. Senate,,D,Over Votes,0
Curry,Precinct 25,U.S. Senate,,D,Over Votes,0
Curry,Precinct 26,U.S. Senate,,D,Over Votes,0
Curry,Precinct 27,U.S. Senate,,D,Over Votes,0
Curry,Precinct 01,U.S. Senate,,D,Paul Damian Wells,5
Curry,Precinct 02,U.S. Senate,,D,Paul Damian Wells,7
Curry,Precinct 03,U.S. Senate,,D,Paul Damian Wells,4
Curry,Precinct 04,U.S. Senate,,D,Paul Damian Wells,0
Curry,Precinct 05,U.S. Senate,,D,Paul Damian Wells,7
Curry,Precinct 06,U.S. Senate,,D,Paul Damian Wells,6
Curry,Precinct 07,U.S. Senate,,D,Paul Damian Wells,3
Curry,Precinct 08,U.S. Senate,,D,Paul Damian Wells,4
Curry,Precinct 09,U.S. Senate,,D,Paul Damian Wells,10
Curry,Precinct 10,U.S. Senate,,D,Paul Damian Wells,1
Curry,Precinct 11,U.S. Senate,,D,Paul Damian Wells,5
Curry,Precinct 12,U.S. Senate,,D,Paul Damian Wells,2
Curry,Precinct 13,U.S. Senate,,D,Paul Damian Wells,1
Curry,Precinct 14,U.S. Senate,,D,Paul Damian Wells,3
Curry,Precinct 15,U.S. Senate,,D,Paul Damian Wells,3
Curry,Precinct 16,U.S. Senate,,D,Paul Damian Wells,11
Curry,Precinct 17,U.S. Senate,,D,Paul Damian Wells,15
Curry,Precinct 18,U.S. Senate,,D,Paul Damian Wells,7
Curry,Precinct 19,U.S. Senate,,D,Paul Damian Wells,6
Curry,Precinct 20,U.S. Senate,,D,Paul Damian Wells,2
Curry,Precinct 21,U.S. Senate,,D,Paul Damian Wells,2
Curry,Precinct 22,U.S. Senate,,D,Paul Damian Wells,7
Curry,Precinct 23,U.S. Senate,,D,Paul Damian Wells,4
Curry,Precinct 24,U.S. Senate,,D,Paul Damian Wells,2
Curry,Precinct 25,U.S. Senate,,D,Paul Damian Wells,2
Curry,Precinct 26,U.S. Senate,,D,Paul Damian Wells,11
Curry,Precinct 27,U.S. Senate,,D,Paul Damian Wells,2
Curry,Precinct 01,U.S. Senate,,D,Under Votes,3
Curry,Precinct 02,U.S. Senate,,D,Under Votes,2
Curry,Precinct 03,U.S. Senate,,D,Under Votes,4
Curry,Precinct 04,U.S. Senate,,D,Under Votes,0
Curry,Precinct 05,U.S. Senate,,D,Under Votes,3
Curry,Precinct 06,U.S. Senate,,D,Under Votes,8
Curry,Precinct 07,U.S. Senate,,D,Under Votes,1
Curry,Precinct 08,U.S. Senate,,D,Under Votes,0
Curry,Precinct 09,U.S. Senate,,D,Under Votes,6
Curry,Precinct 10,U.S. Senate,,D,Under Votes,3
Curry,Precinct 11,U.S. Senate,,D,Under Votes,3
Curry,Precinct 12,U.S. Senate,,D,Under Votes,1
Curry,Precinct 13,U.S. Senate,,D,Under Votes,0
Curry,Precinct 14,U.S. Senate,,D,Under Votes,1
Curry,Precinct 15,U.S. Senate,,D,Under Votes,3
Curry,Precinct 16,U.S. Senate,,D,Under Votes,8
Curry,Precinct 17,U.S. Senate,,D,Under Votes,9
Curry,Precinct 18,U.S. Senate,,D,Under Votes,2
Curry,Precinct 19,U.S. Senate,,D,Under Votes,5
Curry,Precinct 20,U.S. Senate,,D,Under Votes,2
Curry,Precinct 21,U.S. Senate,,D,Under Votes,1
Curry,Precinct 22,U.S. Senate,,D,Under Votes,2
Curry,Precinct 23,U.S. Senate,,D,Under Votes,2
Curry,Precinct 24,U.S. Senate,,D,Under Votes,2
Curry,Precinct 25,U.S. Senate,,D,Under Votes,2
Curry,Precinct 26,U.S. Senate,,D,Under Votes,4
Curry,Precinct 27,U.S. Senate,,D,Under Votes,0
Curry,Precinct 01,U.S. Senate,,D,Write-ins,0
Curry,Precinct 02,U.S. Senate,,D,Write-ins,1
Curry,Precinct 03,U.S. Senate,,D,Write-ins,0
Curry,Precinct 04,U.S. Senate,,D,Write-ins,2
Curry,Precinct 05,U.S. Senate,,D,Write-ins,0
Curry,Precinct 06,U.S. Senate,,D,Write-ins,0
Curry,Precinct 07,U.S. Senate,,D,Write-ins,0
Curry,Precinct 08,U.S. Senate,,D,Write-ins,1
Curry,Precinct 09,U.S. Senate,,D,Write-ins,2
Curry,Precinct 10,U.S. Senate,,D,Write-ins,0
Curry,Precinct 11,U.S. Senate,,D,Write-ins,3
Curry,Precinct 12,U.S. Senate,,D,Write-ins,0
Curry,Precinct 13,U.S. Senate,,D,Write-ins,1
Curry,Precinct 14,U.S. Senate,,D,Write-ins,1
Curry,Precinct 15,U.S. Senate,,D,Write-ins,0
Curry,Precinct 16,U.S. Senate,,D,Write-ins,1
Curry,Precinct 17,U.S. Senate,,D,Write-ins,4
Curry,Precinct 18,U.S. Senate,,D,Write-ins,2
Curry,Precinct 19,U.S. Senate,,D,Write-ins,1
Curry,Precinct 20,U.S. Senate,,D,Write-ins,2
Curry,Precinct 21,U.S. Senate,,D,Write-ins,0
Curry,Precinct 22,U.S. Senate,,D,Write-ins,0
Curry,Precinct 23,U.S. Senate,,D,Write-ins,0
Curry,Precinct 24,U.S. Senate,,D,Write-ins,2
Curry,Precinct 25,U.S. Senate,,D,Write-ins,1
Curry,Precinct 26,U.S. Senate,,D,Write-ins,0
Curry,Precinct 27,U.S. Senate,,D,Write-ins,0
Curry,Precinct 01,U.S. Senate,,R,Brent Barker,1
Curry,Precinct 02,U.S. Senate,,R,Brent Barker,15
Curry,Precinct 03,U.S. Senate,,R,Brent Barker,6
Curry,Precinct 04,U.S. Senate,,R,Brent Barker,5
Curry,Precinct 05,U.S. Senate,,R,Brent Barker,10
Curry,Precinct 06,U.S. Senate,,R,Brent Barker,8
Curry,Precinct 07,U.S. Senate,,R,Brent Barker,6
Curry,Precinct 08,U.S. Senate,,R,Brent Barker,22
Curry,Precinct 09,U.S. Senate,,R,Brent Barker,34
Curry,Precinct 10,U.S. Senate,,R,Brent Barker,16
Curry,Precinct 11,U.S. Senate,,R,Brent Barker,15
Curry,Precinct 12,U.S. Senate,,R,Brent Barker,12
Curry,Precinct 13,U.S. Senate,,R,Brent Barker,6
Curry,Precinct 14,U.S. Senate,,R,Brent Barker,20
Curry,Precinct 15,U.S. Senate,,R,Brent Barker,9
Curry,Precinct 16,U.S. Senate,,R,Brent Barker,35
Curry,Precinct 17,U.S. Senate,,R,Brent Barker,58
Curry,Precinct 18,U.S. Senate,,R,Brent Barker,21
Curry,Precinct 19,U.S. Senate,,R,Brent Barker,26
Curry,Precinct 20,U.S. Senate,,R,Brent Barker,8
Curry,Precinct 21,U.S. Senate,,R,Brent Barker,8
Curry,Precinct 22,U.S. Senate,,R,Brent Barker,10
Curry,Precinct 23,U.S. Senate,,R,Brent Barker,15
Curry,Precinct 24,U.S. Senate,,R,Brent Barker,20
Curry,Precinct 25,U.S. Senate,,R,Brent Barker,9
Curry,Precinct 26,U.S. Senate,,R,Brent Barker,32
Curry,Precinct 27,U.S. Senate,,R,Brent Barker,15
Curry,Precinct 01,U.S. Senate,,R,David A. Burch,2
Curry,Precinct 02,U.S. Senate,,R,David A. Burch,1
Curry,Precinct 03,U.S. Senate,,R,David A. Burch,0
Curry,Precinct 04,U.S. Senate,,R,David A. Burch,0
Curry,Precinct 05,U.S. Senate,,R,David A. Burch,1
Curry,Precinct 06,U.S. Senate,,R,David A. Burch,2
Curry,Precinct 07,U.S. Senate,,R,David A. Burch,0
Curry,Precinct 08,U.S. Senate,,R,David A. Burch,2
Curry,Precinct 09,U.S. Senate,,R,David A. Burch,1
Curry,Precinct 10,U.S. Senate,,R,David A. Burch,1
Curry,Precinct 11,U.S. Senate,,R,David A. Burch,5
Curry,Precinct 12,U.S. Senate,,R,David A. Burch,1
Curry,Precinct 13,U.S. Senate,,R,David A. Burch,0
Curry,Precinct 14,U.S. Senate,,R,David A. Burch,0
Curry,Precinct 15,U.S. Senate,,R,David A. Burch,2
Curry,Precinct 16,U.S. Senate,,R,David A. Burch,2
Curry,Precinct 17,U.S. Senate,,R,David A. Burch,6
Curry,Precinct 18,U.S. Senate,,R,David A. Burch,0
Curry,Precinct 19,U.S. Senate,,R,David A. Burch,0
Curry,Precinct 20,U.S. Senate,,R,David A. Burch,0
Curry,Precinct 21,U.S. Senate,,R,David A. Burch,2
Curry,Precinct 22,U.S. Senate,,R,David A. Burch,1
Curry,Precinct 23,U.S. Senate,,R,David A. Burch,1
Curry,Precinct 24,U.S. Senate,,R,David A. Burch,3
Curry,Precinct 25,U.S. Senate,,R,David A. Burch,2
Curry,Precinct 26,U.S. Senate,,R,David A. Burch,0
Curry,Precinct 27,U.S. Senate,,R,David A. Burch,1
Curry,Precinct 01,U.S. Senate,,R,David Brock Smith,13
Curry,Precinct 02,U.S. Senate,,R,David Brock Smith,99
Curry,Precinct 03,U.S. Senate,,R,David Brock Smith,70
Curry,Precinct 04,U.S. Senate,,R,David Brock Smith,46
Curry,Precinct 05,U.S. Senate,,R,David Brock Smith,93
Curry,Precinct 06,U.S. Senate,,R,David Brock Smith,71
Curry,Precinct 07,U.S. Senate,,R,David Brock Smith,27
Curry,Precinct 08,U.S. Senate,,R,David Brock Smith,80
Curry,Precinct 09,U.S. Senate,,R,David Brock Smith,137
Curry,Precinct 10,U.S. Senate,,R,David Brock Smith,74
Curry,Precinct 11,U.S. Senate,,R,David Brock Smith,114
Curry,Precinct 12,U.S. Senate,,R,David Brock Smith,53
Curry,Precinct 13,U.S. Senate,,R,David Brock Smith,62
Curry,Precinct 14,U.S. Senate,,R,David Brock Smith,48
Curry,Precinct 15,U.S. Senate,,R,David Brock Smith,52
Curry,Precinct 16,U.S. Senate,,R,David Brock Smith,165
Curry,Precinct 17,U.S. Senate,,R,David Brock Smith,205
Curry,Precinct 18,U.S. Senate,,R,David Brock Smith,70
Curry,Precinct 19,U.S. Senate,,R,David Brock Smith,134
Curry,Precinct 20,U.S. Senate,,R,David Brock Smith,57
Curry,Precinct 21,U.S. Senate,,R,David Brock Smith,42
Curry,Precinct 22,U.S. Senate,,R,David Brock Smith,63
Curry,Precinct 23,U.S. Senate,,R,David Brock Smith,70
Curry,Precinct 24,U.S. Senate,,R,David Brock Smith,88
Curry,Precinct 25,U.S. Senate,,R,David Brock Smith,70
Curry,Precinct 26,U.S. Senate,,R,David Brock Smith,125
Curry,Precinct 27,U.S. Senate,,R,David Brock Smith,66
Curry,Precinct 01,U.S. Senate,,R,Deborah C. Brown,0
Curry,Precinct 02,U.S. Senate,,R,Deborah C. Brown,5
Curry,Precinct 03,U.S. Senate,,R,Deborah C. Brown,2
Curry,Precinct 04,U.S. Senate,,R,Deborah C. Brown,1
Curry,Precinct 05,U.S. Senate,,R,Deborah C. Brown,3
Curry,Precinct 06,U.S. Senate,,R,Deborah C. Brown,1
Curry,Precinct 07,U.S. Senate,,R,Deborah C. Brown,1
Curry,Precinct 08,U.S. Senate,,R,Deborah C. Brown,5
Curry,Precinct 09,U.S. Senate,,R,Deborah C. Brown,6
Curry,Precinct 10,U.S. Senate,,R,Deborah C. Brown,9
Curry,Precinct 11,U.S. Senate,,R,Deborah C. Brown,5
Curry,Precinct 12,U.S. Senate,,R,Deborah C. Brown,1
Curry,Precinct 13,U.S. Senate,,R,Deborah C. Brown,2
Curry,Precinct 14,U.S. Senate,,R,Deborah C. Brown,5
Curry,Precinct 15,U.S. Senate,,R,Deborah C. Brown,3
Curry,Precinct 16,U.S. Senate,,R,Deborah C. Brown,7
Curry,Precinct 17,U.S. Senate,,R,Deborah C. Brown,6
Curry,Precinct 18,U.S. Senate,,R,Deborah C. Brown,5
Curry,Precinct 19,U.S. Senate,,R,Deborah C. Brown,0
Curry,Precinct 20,U.S. Senate,,R,Deborah C. Brown,3
Curry,Precinct 21,U.S. Senate,,R,Deborah C. Brown,3
Curry,Precinct 22,U.S. Senate,,R,Deborah C. Brown,0
Curry,Precinct 23,U.S. Senate,,R,Deborah C. Brown,0
Curry,Precinct 24,U.S. Senate,,R,Deborah C. Brown,2
Curry,Precinct 25,U.S. Senate,,R,Deborah C. Brown,5
Curry,Precinct 26,U.S. Senate,,R,Deborah C. Brown,0
Curry,Precinct 27,U.S. Senate,,R,Deborah C. Brown,1
Curry,Precinct 01,U.S. Senate,,R,Jo Rae Perkins,1
Curry,Precinct 02,U.S. Senate,,R,Jo Rae Perkins,13
Curry,Precinct 03,U.S. Senate,,R,Jo Rae Perkins,15
Curry,Precinct 04,U.S. Senate,,R,Jo Rae Perkins,13
Curry,Precinct 05,U.S. Senate,,R,Jo Rae Perkins,16
Curry,Precinct 06,U.S. Senate,,R,Jo Rae Perkins,13
Curry,Precinct 07,U.S. Senate,,R,Jo Rae Perkins,2
Curry,Precinct 08,U.S. Senate,,R,Jo Rae Perkins,22
Curry,Precinct 09,U.S. Senate,,R,Jo Rae Perkins,32
Curry,Precinct 10,U.S. Senate,,R,Jo Rae Perkins,14
Curry,Precinct 11,U.S. Senate,,R,Jo Rae Perkins,33
Curry,Precinct 12,U.S. Senate,,R,Jo Rae Perkins,6
Curry,Precinct 13,U.S. Senate,,R,Jo Rae Perkins,12
Curry,Precinct 14,U.S. Senate,,R,Jo Rae Perkins,7
Curry,Precinct 15,U.S. Senate,,R,Jo Rae Perkins,8
Curry,Precinct 16,U.S. Senate,,R,Jo Rae Perkins,31
Curry,Precinct 17,U.S. Senate,,R,Jo Rae Perkins,69
Curry,Precinct 18,U.S. Senate,,R,Jo Rae Perkins,18
Curry,Precinct 19,U.S. Senate,,R,Jo Rae Perkins,42
Curry,Precinct 20,U.S. Senate,,R,Jo Rae Perkins,10
Curry,Precinct 21,U.S. Senate,,R,Jo Rae Perkins,5
Curry,Precinct 22,U.S. Senate,,R,Jo Rae Perkins,18
Curry,Precinct 23,U.S. Senate,,R,Jo Rae Perkins,21
Curry,Precinct 24,U.S. Senate,,R,Jo Rae Perkins,35
Curry,Precinct 25,U.S. Senate,,R,Jo Rae Perkins,26
Curry,Precinct 26,U.S. Senate,,R,Jo Rae Perkins,26
Curry,Precinct 27,U.S. Senate,,R,Jo Rae Perkins,11
Curry,Precinct 01,U.S. Senate,,R,Over Votes,0
Curry,Precinct 02,U.S. Senate,,R,Over Votes,0
Curry,Precinct 03,U.S. Senate,,R,Over Votes,0
Curry,Precinct 04,U.S. Senate,,R,Over Votes,0
Curry,Precinct 05,U.S. Senate,,R,Over Votes,0
Curry,Precinct 06,U.S. Senate,,R,Over Votes,0
Curry,Precinct 07,U.S. Senate,,R,Over Votes,0
Curry,Precinct 08,U.S. Senate,,R,Over Votes,0
Curry,Precinct 09,U.S. Senate,,R,Over Votes,0
Curry,Precinct 10,U.S. Senate,,R,Over Votes,0
Curry,Precinct 11,U.S. Senate,,R,Over Votes,0
Curry,Precinct 12,U.S. Senate,,R,Over Votes,0
Curry,Precinct 13,U.S. Senate,,R,Over Votes,0
Curry,Precinct 14,U.S. Senate,,R,Over Votes,0
Curry,Precinct 15,U.S. Senate,,R,Over Votes,1
Curry,Precinct 16,U.S. Senate,,R,Over Votes,0
Curry,Precinct 17,U.S. Senate,,R,Over Votes,0
Curry,Precinct 18,U.S. Senate,,R,Over Votes,0
Curry,Precinct 19,U.S. Senate,,R,Over Votes,0
Curry,Precinct 20,U.S. Senate,,R,Over Votes,0
Curry,Precinct 21,U.S. Senate,,R,Over Votes,0
Curry,Precinct 22,U.S. Senate,,R,Over Votes,0
Curry,Precinct 23,U.S. Senate,,R,Over Votes,0
Curry,Precinct 24,U.S. Senate,,R,Over Votes,0
Curry,Precinct 25,U.S. Senate,,R,Over Votes,0
Curry,Precinct 26,U.S. Senate,,R,Over Votes,0
Curry,Precinct 27,U.S. Senate,,R,Over Votes,0
Curry,Precinct 01,U.S. Senate,,R,Russell McAlmond,1
Curry,Precinct 02,U.S. Senate,,R,Russell McAlmond,4
Curry,Precinct 03,U.S. Senate,,R,Russell McAlmond,7
Curry,Precinct 04,U.S. Senate,,R,Russell McAlmond,3
Curry,Precinct 05,U.S. Senate,,R,Russell McAlmond,6
Curry,Precinct 06,U.S. Senate,,R,Russell McAlmond,5
Curry,Precinct 07,U.S. Senate,,R,Russell McAlmond,1
Curry,Precinct 08,U.S. Senate,,R,Russell McAlmond,13
Curry,Precinct 09,U.S. Senate,,R,Russell McAlmond,21
Curry,Precinct 10,U.S. Senate,,R,Russell McAlmond,6
Curry,Precinct 11,U.S. Senate,,R,Russell McAlmond,12
Curry,Precinct 12,U.S. Senate,,R,Russell McAlmond,3
Curry,Precinct 13,U.S. Senate,,R,Russell McAlmond,0
Curry,Precinct 14,U.S. Senate,,R,Russell McAlmond,3
Curry,Precinct 15,U.S. Senate,,R,Russell McAlmond,4
Curry,Precinct 16,U.S. Senate,,R,Russell McAlmond,18
Curry,Precinct 17,U.S. Senate,,R,Russell McAlmond,26
Curry,Precinct 18,U.S. Senate,,R,Russell McAlmond,6
Curry,Precinct 19,U.S. Senate,,R,Russell McAlmond,9
Curry,Precinct 20,U.S. Senate,,R,Russell McAlmond,2
Curry,Precinct 21,U.S. Senate,,R,Russell McAlmond,2
Curry,Precinct 22,U.S. Senate,,R,Russell McAlmond,8
Curry,Precinct 23,U.S. Senate,,R,Russell McAlmond,9
Curry,Precinct 24,U.S. Senate,,R,Russell McAlmond,10
Curry,Precinct 25,U.S. Senate,,R,Russell McAlmond,7
Curry,Precinct 26,U.S. Senate,,R,Russell McAlmond,12
Curry,Precinct 27,U.S. Senate,,R,Russell McAlmond,3
Curry,Precinct 01,U.S. Senate,,R,Timothy Skelton,0
Curry,Precinct 02,U.S. Senate,,R,Timothy Skelton,2
Curry,Precinct 03,U.S. Senate,,R,Timothy Skelton,0
Curry,Precinct 04,U.S. Senate,,R,Timothy Skelton,0
Curry,Precinct 05,U.S. Senate,,R,Timothy Skelton,0
Curry,Precinct 06,U.S. Senate,,R,Timothy Skelton,0
Curry,Precinct 07,U.S. Senate,,R,Timothy Skelton,0
Curry,Precinct 08,U.S. Senate,,R,Timothy Skelton,0
Curry,Precinct 09,U.S. Senate,,R,Timothy Skelton,2
Curry,Precinct 10,U.S. Senate,,R,Timothy Skelton,4
Curry,Precinct 11,U.S. Senate,,R,Timothy Skelton,4
Curry,Precinct 12,U.S. Senate,,R,Timothy Skelton,0
Curry,Precinct 13,U.S. Senate,,R,Timothy Skelton,0
Curry,Precinct 14,U.S. Senate,,R,Timothy Skelton,3
Curry,Precinct 15,U.S. Senate,,R,Timothy Skelton,0
Curry,Precinct 16,U.S. Senate,,R,Timothy Skelton,6
Curry,Precinct 17,U.S. Senate,,R,Timothy Skelton,2
Curry,Precinct 18,U.S. Senate,,R,Timothy Skelton,0
Curry,Precinct 19,U.S. Senate,,R,Timothy Skelton,4
Curry,Precinct 20,U.S. Senate,,R,Timothy Skelton,1
Curry,Precinct 21,U.S. Senate,,R,Timothy Skelton,0
Curry,Precinct 22,U.S. Senate,,R,Timothy Skelton,2
Curry,Precinct 23,U.S. Senate,,R,Timothy Skelton,0
Curry,Precinct 24,U.S. Senate,,R,Timothy Skelton,0
Curry,Precinct 25,U.S. Senate,,R,Timothy Skelton,1
Curry,Precinct 26,U.S. Senate,,R,Timothy Skelton,1
Curry,Precinct 27,U.S. Senate,,R,Timothy Skelton,0
Curry,Precinct 01,U.S. Senate,,R,Under Votes,2
Curry,Precinct 02,U.S. Senate,,R,Under Votes,13
Curry,Precinct 03,U.S. Senate,,R,Under Votes,10
Curry,Precinct 04,U.S. Senate,,R,Under Votes,2
Curry,Precinct 05,U.S. Senate,,R,Under Votes,2
Curry,Precinct 06,U.S. Senate,,R,Under Votes,5
Curry,Precinct 07,U.S. Senate,,R,Under Votes,1
Curry,Precinct 08,U.S. Senate,,R,Under Votes,7
Curry,Precinct 09,U.S. Senate,,R,Under Votes,18
Curry,Precinct 10,U.S. Senate,,R,Under Votes,12
Curry,Precinct 11,U.S. Senate,,R,Under Votes,14
Curry,Precinct 12,U.S. Senate,,R,Under Votes,6
Curry,Precinct 13,U.S. Senate,,R,Under Votes,3
Curry,Precinct 14,U.S. Senate,,R,Under Votes,5
Curry,Precinct 15,U.S. Senate,,R,Under Votes,6
Curry,Precinct 16,U.S. Senate,,R,Under Votes,18
Curry,Precinct 17,U.S. Senate,,R,Under Votes,30
Curry,Precinct 18,U.S. Senate,,R,Under Votes,12
Curry,Precinct 19,U.S. Senate,,R,Under Votes,23
Curry,Precinct 20,U.S. Senate,,R,Under Votes,2
Curry,Precinct 21,U.S. Senate,,R,Under Votes,6
Curry,Precinct 22,U.S. Senate,,R,Under Votes,15
Curry,Precinct 23,U.S. Senate,,R,Under Votes,11
Curry,Precinct 24,U.S. Senate,,R,Under Votes,12
Curry,Precinct 25,U.S. Senate,,R,Under Votes,7
Curry,Precinct 26,U.S. Senate,,R,Under Votes,20
Curry,Precinct 27,U.S. Senate,,R,Under Votes,5
Curry,Precinct 01,U.S. Senate,,R,Write-ins,0
Curry,Precinct 02,U.S. Senate,,R,Write-ins,0
Curry,Precinct 03,U.S. Senate,,R,Write-ins,0
Curry,Precinct 04,U.S. Senate,,R,Write-ins,0
Curry,Precinct 05,U.S. Senate,,R,Write-ins,3
Curry,Precinct 06,U.S. Senate,,R,Write-ins,2
Curry,Precinct 07,U.S. Senate,,R,Write-ins,0
Curry,Precinct 08,U.S. Senate,,R,Write-ins,0
Curry,Precinct 09,U.S. Senate,,R,Write-ins,2
Curry,Precinct 10,U.S. Senate,,R,Write-ins,2
Curry,Precinct 11,U.S. Senate,,R,Write-ins,3
Curry,Precinct 12,U.S. Senate,,R,Write-ins,0
Curry,Precinct 13,U.S. Senate,,R,Write-ins,0
Curry,Precinct 14,U.S. Senate,,R,Write-ins,0
Curry,Precinct 15,U.S. Senate,,R,Write-ins,1
Curry,Precinct 16,U.S. Senate,,R,Write-ins,1
Curry,Precinct 17,U.S. Senate,,R,Write-ins,1
Curry,Precinct 18,U.S. Senate,,R,Write-ins,2
Curry,Precinct 19,U.S. Senate,,R,Write-ins,0
Curry,Precinct 20,U.S. Senate,,R,Write-ins,2
Curry,Precinct 21,U.S. Senate,,R,Write-ins,0
Curry,Precinct 22,U.S. Senate,,R,Write-ins,0
Curry,Precinct 23,U.S. Senate,,R,Write-ins,2
Curry,Precinct 24,U.S. Senate,,R,Write-ins,1
Curry,Precinct 25,U.S. Senate,,R,Write-ins,0
Curry,Precinct 26,U.S. Senate,,R,Write-ins,1
Curry,Precinct 27,U.S. Senate,,R,Write-ins,1
