county,precinct,office,district,party,candidate,votes
Union,01 LG City,Ballots Cast,,,,1357
Union,02-LG City,Ballots Cast,,,,1134
Union,03-LG City,Ballots Cast,,,,1105
Union,04-LG Rural,Ballots Cast,,,,308
Union,05-LG Rural,Ballots Cast,,,,869
Union,06-Cove City,Ballots Cast,,,,275
Union,07-Cove Rural,Ballots Cast,,,,500
Union,08-Elgin City,Ballots Cast,,,,514
Union,09-Elgin Rural,Ballots Cast,,,,446
Union,10-Imb City,Ballots Cast,,,,144
Union,11-Imb/Sum Rural,Ballots Cast,,,,517
Union,12-Sum City,Ballots Cast,,,,47
Union,13-NP Rural,Ballots Cast,,,,62
Union,14-NP City,Ballots Cast,,,,141
Union,15-Union Rural,Ballots Cast,,,,185
Union,16-Union City,Ballots Cast,,,,818
Union,17-Ant/BC,Ballots Cast,,,,44
Union,18-IC City,Ballots Cast,,,,470
Union,19-IC Rural,Ballots Cast,,,,216
Union,01 LG City,Ballots Cast Blank,,,,0
Union,02-LG City,Ballots Cast Blank,,,,0
Union,03-LG City,Ballots Cast Blank,,,,1
Union,04-LG Rural,Ballots Cast Blank,,,,0
Union,05-LG Rural,Ballots Cast Blank,,,,0
Union,06-Cove City,Ballots Cast Blank,,,,0
Union,07-Cove Rural,Ballots Cast Blank,,,,0
Union,08-Elgin City,Ballots Cast Blank,,,,0
Union,09-Elgin Rural,Ballots Cast Blank,,,,0
Union,10-Imb City,Ballots Cast Blank,,,,0
Union,11-Imb/Sum Rural,Ballots Cast Blank,,,,0
Union,12-Sum City,Ballots Cast Blank,,,,0
Union,13-NP Rural,Ballots Cast Blank,,,,0
Union,14-NP City,Ballots Cast Blank,,,,0
Union,15-Union Rural,Ballots Cast Blank,,,,0
Union,16-Union City,Ballots Cast Blank,,,,0
Union,17-Ant/BC,Ballots Cast Blank,,,,0
Union,18-IC City,Ballots Cast Blank,,,,0
Union,19-IC Rural,Ballots Cast Blank,,,,1
Union,01 LG City,District Attorney,,,Kelsie McDaniel,732
Union,02-LG City,District Attorney,,,Kelsie McDaniel,634
Union,03-LG City,District Attorney,,,Kelsie McDaniel,623
Union,04-LG Rural,District Attorney,,,Kelsie McDaniel,171
Union,05-LG Rural,District Attorney,,,Kelsie McDaniel,487
Union,06-Cove City,District Attorney,,,Kelsie McDaniel,130
Union,07-Cove Rural,District Attorney,,,Kelsie McDaniel,278
Union,08-Elgin City,District Attorney,,,Kelsie McDaniel,321
Union,09-Elgin Rural,District Attorney,,,Kelsie McDaniel,231
Union,10-Imb City,District Attorney,,,Kelsie McDaniel,78
Union,11-Imb/Sum Rural,District Attorney,,,Kelsie McDaniel,302
Union,12-Sum City,District Attorney,,,Kelsie McDaniel,30
Union,13-NP Rural,District Attorney,,,Kelsie McDaniel,38
Union,14-NP City,District Attorney,,,Kelsie McDaniel,85
Union,15-Union Rural,District Attorney,,,Kelsie McDaniel,73
Union,16-Union City,District Attorney,,,Kelsie McDaniel,413
Union,17-Ant/BC,District Attorney,,,Kelsie McDaniel,18
Union,18-IC City,District Attorney,,,Kelsie McDaniel,309
Union,19-IC Rural,District Attorney,,,Kelsie McDaniel,120
Union,01 LG City,District Attorney,,,Over Votes,0
Union,02-LG City,District Attorney,,,Over Votes,0
Union,03-LG City,District Attorney,,,Over Votes,0
Union,04-LG Rural,District Attorney,,,Over Votes,0
Union,05-LG Rural,District Attorney,,,Over Votes,0
Union,06-Cove City,District Attorney,,,Over Votes,0
Union,07-Cove Rural,District Attorney,,,Over Votes,0
Union,08-Elgin City,District Attorney,,,Over Votes,0
Union,09-Elgin Rural,District Attorney,,,Over Votes,0
Union,10-Imb City,District Attorney,,,Over Votes,0
Union,11-Imb/Sum Rural,District Attorney,,,Over Votes,0
Union,12-Sum City,District Attorney,,,Over Votes,0
Union,13-NP Rural,District Attorney,,,Over Votes,0
Union,14-NP City,District Attorney,,,Over Votes,0
Union,15-Union Rural,District Attorney,,,Over Votes,0
Union,16-Union City,District Attorney,,,Over Votes,0
Union,17-Ant/BC,District Attorney,,,Over Votes,0
Union,18-IC City,District Attorney,,,Over Votes,0
Union,19-IC Rural,District Attorney,,,Over Votes,0
Union,01 LG City,District Attorney,,,Under Votes,564
Union,02-LG City,District Attorney,,,Under Votes,469
Union,03-LG City,District Attorney,,,Under Votes,449
Union,04-LG Rural,District Attorney,,,Under Votes,128
Union,05-LG Rural,District Attorney,,,Under Votes,362
Union,06-Cove City,District Attorney,,,Under Votes,143
Union,07-Cove Rural,District Attorney,,,Under Votes,210
Union,08-Elgin City,District Attorney,,,Under Votes,176
Union,09-Elgin Rural,District Attorney,,,Under Votes,205
Union,10-Imb City,District Attorney,,,Under Votes,62
Union,11-Imb/Sum Rural,District Attorney,,,Under Votes,207
Union,12-Sum City,District Attorney,,,Under Votes,16
Union,13-NP Rural,District Attorney,,,Under Votes,24
Union,14-NP City,District Attorney,,,Under Votes,54
Union,15-Union Rural,District Attorney,,,Under Votes,104
Union,16-Union City,District Attorney,,,Under Votes,361
Union,17-Ant/BC,District Attorney,,,Under Votes,25
Union,18-IC City,District Attorney,,,Under Votes,151
Union,19-IC Rural,District Attorney,,,Under Votes,91
Union,01 LG City,District Attorney,,,Write-ins,61
Union,02-LG City,District Attorney,,,Write-ins,31
Union,03-LG City,District Attorney,,,Write-ins,33
Union,04-LG Rural,District Attorney,,,Write-ins,9
Union,05-LG Rural,District Attorney,,,Write-ins,20
Union,06-Cove City,District Attorney,,,Write-ins,2
Union,07-Cove Rural,District Attorney,,,Write-ins,12
Union,08-Elgin City,District Attorney,,,Write-ins,17
Union,09-Elgin Rural,District Attorney,,,Write-ins,10
Union,10-Imb City,District Attorney,,,Write-ins,4
Union,11-Imb/Sum Rural,District Attorney,,,Write-ins,8
Union,12-Sum City,District Attorney,,,Write-ins,1
Union,13-NP Rural,District Attorney,,,Write-ins,0
Union,14-NP City,District Attorney,,,Write-ins,2
Union,15-Union Rural,District Attorney,,,Write-ins,8
Union,16-Union City,District Attorney,,,Write-ins,44
Union,17-Ant/BC,District Attorney,,,Write-ins,1
Union,18-IC City,District Attorney,,,Write-ins,10
Union,19-IC Rural,District Attorney,,,Write-ins,5
Union,01 LG City,Governor,,D,Brittany Jones,11
Union,02-LG City,Governor,,D,Brittany Jones,11
Union,03-LG City,Governor,,D,Brittany Jones,6
Union,04-LG Rural,Governor,,D,Brittany Jones,0
Union,05-LG Rural,Governor,,D,Brittany Jones,4
Union,06-Cove City,Governor,,D,Brittany Jones,2
Union,07-Cove Rural,Governor,,D,Brittany Jones,2
Union,08-Elgin City,Governor,,D,Brittany Jones,2
Union,09-Elgin Rural,Governor,,D,Brittany Jones,3
Union,10-Imb City,Governor,,D,Brittany Jones,2
Union,11-Imb/Sum Rural,Governor,,D,Brittany Jones,2
Union,12-Sum City,Governor,,D,Brittany Jones,1
Union,13-NP Rural,Governor,,D,Brittany Jones,0
Union,14-NP City,Governor,,D,Brittany Jones,0
Union,15-Union Rural,Governor,,D,Brittany Jones,1
Union,16-Union City,Governor,,D,Brittany Jones,5
Union,17-Ant/BC,Governor,,D,Brittany Jones,0
Union,18-IC City,Governor,,D,Brittany Jones,2
Union,19-IC Rural,Governor,,D,Brittany Jones,0
Union,01 LG City,Governor,,D,Cal Kishawi,2
Union,02-LG City,Governor,,D,Cal Kishawi,2
Union,03-LG City,Governor,,D,Cal Kishawi,0
Union,04-LG Rural,Governor,,D,Cal Kishawi,0
Union,05-LG Rural,Governor,,D,Cal Kishawi,1
Union,06-Cove City,Governor,,D,Cal Kishawi,1
Union,07-Cove Rural,Governor,,D,Cal Kishawi,1
Union,08-Elgin City,Governor,,D,Cal Kishawi,0
Union,09-Elgin Rural,Governor,,D,Cal Kishawi,3
Union,10-Imb City,Governor,,D,Cal Kishawi,0
Union,11-Imb/Sum Rural,Governor,,D,Cal Kishawi,0
Union,12-Sum City,Governor,,D,Cal Kishawi,0
Union,13-NP Rural,Governor,,D,Cal Kishawi,0
Union,14-NP City,Governor,,D,Cal Kishawi,0
Union,15-Union Rural,Governor,,D,Cal Kishawi,2
Union,16-Union City,Governor,,D,Cal Kishawi,2
Union,17-Ant/BC,Governor,,D,Cal Kishawi,0
Union,18-IC City,Governor,,D,Cal Kishawi,0
Union,19-IC Rural,Governor,,D,Cal Kishawi,0
Union,01 LG City,Governor,,D,David W. Beem,6
Union,02-LG City,Governor,,D,David W. Beem,4
Union,03-LG City,Governor,,D,David W. Beem,9
Union,04-LG Rural,Governor,,D,David W. Beem,3
Union,05-LG Rural,Governor,,D,David W. Beem,4
Union,06-Cove City,Governor,,D,David W. Beem,2
Union,07-Cove Rural,Governor,,D,David W. Beem,1
Union,08-Elgin City,Governor,,D,David W. Beem,2
Union,09-Elgin Rural,Governor,,D,David W. Beem,1
Union,10-Imb City,Governor,,D,David W. Beem,0
Union,11-Imb/Sum Rural,Governor,,D,David W. Beem,0
Union,12-Sum City,Governor,,D,David W. Beem,0
Union,13-NP Rural,Governor,,D,David W. Beem,0
Union,14-NP City,Governor,,D,David W. Beem,0
Union,15-Union Rural,Governor,,D,David W. Beem,0
Union,16-Union City,Governor,,D,David W. Beem,5
Union,17-Ant/BC,Governor,,D,David W. Beem,0
Union,18-IC City,Governor,,D,David W. Beem,1
Union,19-IC Rural,Governor,,D,David W. Beem,3
Union,01 LG City,Governor,,D,Donnie M. Beckwith,3
Union,02-LG City,Governor,,D,Donnie M. Beckwith,3
Union,03-LG City,Governor,,D,Donnie M. Beckwith,3
Union,04-LG Rural,Governor,,D,Donnie M. Beckwith,0
Union,05-LG Rural,Governor,,D,Donnie M. Beckwith,0
Union,06-Cove City,Governor,,D,Donnie M. Beckwith,0
Union,07-Cove Rural,Governor,,D,Donnie M. Beckwith,0
Union,08-Elgin City,Governor,,D,Donnie M. Beckwith,0
Union,09-Elgin Rural,Governor,,D,Donnie M. Beckwith,1
Union,10-Imb City,Governor,,D,Donnie M. Beckwith,0
Union,11-Imb/Sum Rural,Governor,,D,Donnie M. Beckwith,2
Union,12-Sum City,Governor,,D,Donnie M. Beckwith,0
Union,13-NP Rural,Governor,,D,Donnie M. Beckwith,0
Union,14-NP City,Governor,,D,Donnie M. Beckwith,0
Union,15-Union Rural,Governor,,D,Donnie M. Beckwith,0
Union,16-Union City,Governor,,D,Donnie M. Beckwith,0
Union,17-Ant/BC,Governor,,D,Donnie M. Beckwith,0
Union,18-IC City,Governor,,D,Donnie M. Beckwith,1
Union,19-IC Rural,Governor,,D,Donnie M. Beckwith,0
Union,01 LG City,Governor,,D,Forest (Fora) Alexander,7
Union,02-LG City,Governor,,D,Forest (Fora) Alexander,4
Union,03-LG City,Governor,,D,Forest (Fora) Alexander,15
Union,04-LG Rural,Governor,,D,Forest (Fora) Alexander,2
Union,05-LG Rural,Governor,,D,Forest (Fora) Alexander,3
Union,06-Cove City,Governor,,D,Forest (Fora) Alexander,0
Union,07-Cove Rural,Governor,,D,Forest (Fora) Alexander,1
Union,08-Elgin City,Governor,,D,Forest (Fora) Alexander,0
Union,09-Elgin Rural,Governor,,D,Forest (Fora) Alexander,1
Union,10-Imb City,Governor,,D,Forest (Fora) Alexander,3
Union,11-Imb/Sum Rural,Governor,,D,Forest (Fora) Alexander,2
Union,12-Sum City,Governor,,D,Forest (Fora) Alexander,0
Union,13-NP Rural,Governor,,D,Forest (Fora) Alexander,0
Union,14-NP City,Governor,,D,Forest (Fora) Alexander,1
Union,15-Union Rural,Governor,,D,Forest (Fora) Alexander,0
Union,16-Union City,Governor,,D,Forest (Fora) Alexander,1
Union,17-Ant/BC,Governor,,D,Forest (Fora) Alexander,0
Union,18-IC City,Governor,,D,Forest (Fora) Alexander,2
Union,19-IC Rural,Governor,,D,Forest (Fora) Alexander,1
Union,01 LG City,Governor,,D,James Atkinson IV,7
Union,02-LG City,Governor,,D,James Atkinson IV,6
Union,03-LG City,Governor,,D,James Atkinson IV,4
Union,04-LG Rural,Governor,,D,James Atkinson IV,2
Union,05-LG Rural,Governor,,D,James Atkinson IV,1
Union,06-Cove City,Governor,,D,James Atkinson IV,0
Union,07-Cove Rural,Governor,,D,James Atkinson IV,1
Union,08-Elgin City,Governor,,D,James Atkinson IV,6
Union,09-Elgin Rural,Governor,,D,James Atkinson IV,2
Union,10-Imb City,Governor,,D,James Atkinson IV,1
Union,11-Imb/Sum Rural,Governor,,D,James Atkinson IV,0
Union,12-Sum City,Governor,,D,James Atkinson IV,0
Union,13-NP Rural,Governor,,D,James Atkinson IV,1
Union,14-NP City,Governor,,D,James Atkinson IV,2
Union,15-Union Rural,Governor,,D,James Atkinson IV,1
Union,16-Union City,Governor,,D,James Atkinson IV,0
Union,17-Ant/BC,Governor,,D,James Atkinson IV,1
Union,18-IC City,Governor,,D,James Atkinson IV,2
Union,19-IC Rural,Governor,,D,James Atkinson IV,0
Union,01 LG City,Governor,,D,Miranda Weigler,4
Union,02-LG City,Governor,,D,Miranda Weigler,7
Union,03-LG City,Governor,,D,Miranda Weigler,3
Union,04-LG Rural,Governor,,D,Miranda Weigler,0
Union,05-LG Rural,Governor,,D,Miranda Weigler,5
Union,06-Cove City,Governor,,D,Miranda Weigler,0
Union,07-Cove Rural,Governor,,D,Miranda Weigler,1
Union,08-Elgin City,Governor,,D,Miranda Weigler,1
Union,09-Elgin Rural,Governor,,D,Miranda Weigler,2
Union,10-Imb City,Governor,,D,Miranda Weigler,0
Union,11-Imb/Sum Rural,Governor,,D,Miranda Weigler,1
Union,12-Sum City,Governor,,D,Miranda Weigler,0
Union,13-NP Rural,Governor,,D,Miranda Weigler,0
Union,14-NP City,Governor,,D,Miranda Weigler,0
Union,15-Union Rural,Governor,,D,Miranda Weigler,1
Union,16-Union City,Governor,,D,Miranda Weigler,2
Union,17-Ant/BC,Governor,,D,Miranda Weigler,1
Union,18-IC City,Governor,,D,Miranda Weigler,3
Union,19-IC Rural,Governor,,D,Miranda Weigler,1
Union,01 LG City,Governor,,D,Over Votes,0
Union,02-LG City,Governor,,D,Over Votes,0
Union,03-LG City,Governor,,D,Over Votes,0
Union,04-LG Rural,Governor,,D,Over Votes,0
Union,05-LG Rural,Governor,,D,Over Votes,0
Union,06-Cove City,Governor,,D,Over Votes,0
Union,07-Cove Rural,Governor,,D,Over Votes,0
Union,08-Elgin City,Governor,,D,Over Votes,0
Union,09-Elgin Rural,Governor,,D,Over Votes,0
Union,10-Imb City,Governor,,D,Over Votes,0
Union,11-Imb/Sum Rural,Governor,,D,Over Votes,1
Union,12-Sum City,Governor,,D,Over Votes,0
Union,13-NP Rural,Governor,,D,Over Votes,0
Union,14-NP City,Governor,,D,Over Votes,0
Union,15-Union Rural,Governor,,D,Over Votes,0
Union,16-Union City,Governor,,D,Over Votes,0
Union,17-Ant/BC,Governor,,D,Over Votes,0
Union,18-IC City,Governor,,D,Over Votes,0
Union,19-IC Rural,Governor,,D,Over Votes,0
Union,01 LG City,Governor,,D,Steve William Laible,2
Union,02-LG City,Governor,,D,Steve William Laible,5
Union,03-LG City,Governor,,D,Steve William Laible,2
Union,04-LG Rural,Governor,,D,Steve William Laible,1
Union,05-LG Rural,Governor,,D,Steve William Laible,1
Union,06-Cove City,Governor,,D,Steve William Laible,1
Union,07-Cove Rural,Governor,,D,Steve William Laible,0
Union,08-Elgin City,Governor,,D,Steve William Laible,4
Union,09-Elgin Rural,Governor,,D,Steve William Laible,0
Union,10-Imb City,Governor,,D,Steve William Laible,0
Union,11-Imb/Sum Rural,Governor,,D,Steve William Laible,0
Union,12-Sum City,Governor,,D,Steve William Laible,0
Union,13-NP Rural,Governor,,D,Steve William Laible,0
Union,14-NP City,Governor,,D,Steve William Laible,1
Union,15-Union Rural,Governor,,D,Steve William Laible,0
Union,16-Union City,Governor,,D,Steve William Laible,3
Union,17-Ant/BC,Governor,,D,Steve William Laible,0
Union,18-IC City,Governor,,D,Steve William Laible,0
Union,19-IC Rural,Governor,,D,Steve William Laible,0
Union,01 LG City,Governor,,D,Tina Kotek,359
Union,02-LG City,Governor,,D,Tina Kotek,184
Union,03-LG City,Governor,,D,Tina Kotek,135
Union,04-LG Rural,Governor,,D,Tina Kotek,36
Union,05-LG Rural,Governor,,D,Tina Kotek,100
Union,06-Cove City,Governor,,D,Tina Kotek,21
Union,07-Cove Rural,Governor,,D,Tina Kotek,62
Union,08-Elgin City,Governor,,D,Tina Kotek,31
Union,09-Elgin Rural,Governor,,D,Tina Kotek,24
Union,10-Imb City,Governor,,D,Tina Kotek,9
Union,11-Imb/Sum Rural,Governor,,D,Tina Kotek,42
Union,12-Sum City,Governor,,D,Tina Kotek,5
Union,13-NP Rural,Governor,,D,Tina Kotek,2
Union,14-NP City,Governor,,D,Tina Kotek,13
Union,15-Union Rural,Governor,,D,Tina Kotek,11
Union,16-Union City,Governor,,D,Tina Kotek,99
Union,17-Ant/BC,Governor,,D,Tina Kotek,3
Union,18-IC City,Governor,,D,Tina Kotek,59
Union,19-IC Rural,Governor,,D,Tina Kotek,16
Union,01 LG City,Governor,,D,Tristan Sheppard,6
Union,02-LG City,Governor,,D,Tristan Sheppard,9
Union,03-LG City,Governor,,D,Tristan Sheppard,2
Union,04-LG Rural,Governor,,D,Tristan Sheppard,1
Union,05-LG Rural,Governor,,D,Tristan Sheppard,5
Union,06-Cove City,Governor,,D,Tristan Sheppard,1
Union,07-Cove Rural,Governor,,D,Tristan Sheppard,0
Union,08-Elgin City,Governor,,D,Tristan Sheppard,0
Union,09-Elgin Rural,Governor,,D,Tristan Sheppard,1
Union,10-Imb City,Governor,,D,Tristan Sheppard,2
Union,11-Imb/Sum Rural,Governor,,D,Tristan Sheppard,2
Union,12-Sum City,Governor,,D,Tristan Sheppard,0
Union,13-NP Rural,Governor,,D,Tristan Sheppard,0
Union,14-NP City,Governor,,D,Tristan Sheppard,0
Union,15-Union Rural,Governor,,D,Tristan Sheppard,0
Union,16-Union City,Governor,,D,Tristan Sheppard,2
Union,17-Ant/BC,Governor,,D,Tristan Sheppard,1
Union,18-IC City,Governor,,D,Tristan Sheppard,1
Union,19-IC Rural,Governor,,D,Tristan Sheppard,0
Union,01 LG City,Governor,,D,Under Votes,38
Union,02-LG City,Governor,,D,Under Votes,25
Union,03-LG City,Governor,,D,Under Votes,33
Union,04-LG Rural,Governor,,D,Under Votes,5
Union,05-LG Rural,Governor,,D,Under Votes,18
Union,06-Cove City,Governor,,D,Under Votes,4
Union,07-Cove Rural,Governor,,D,Under Votes,9
Union,08-Elgin City,Governor,,D,Under Votes,11
Union,09-Elgin Rural,Governor,,D,Under Votes,9
Union,10-Imb City,Governor,,D,Under Votes,4
Union,11-Imb/Sum Rural,Governor,,D,Under Votes,6
Union,12-Sum City,Governor,,D,Under Votes,0
Union,13-NP Rural,Governor,,D,Under Votes,0
Union,14-NP City,Governor,,D,Under Votes,3
Union,15-Union Rural,Governor,,D,Under Votes,6
Union,16-Union City,Governor,,D,Under Votes,14
Union,17-Ant/BC,Governor,,D,Under Votes,0
Union,18-IC City,Governor,,D,Under Votes,15
Union,19-IC Rural,Governor,,D,Under Votes,4
Union,01 LG City,Governor,,D,Write-ins,9
Union,02-LG City,Governor,,D,Write-ins,14
Union,03-LG City,Governor,,D,Write-ins,23
Union,04-LG Rural,Governor,,D,Write-ins,3
Union,05-LG Rural,Governor,,D,Write-ins,13
Union,06-Cove City,Governor,,D,Write-ins,1
Union,07-Cove Rural,Governor,,D,Write-ins,4
Union,08-Elgin City,Governor,,D,Write-ins,6
Union,09-Elgin Rural,Governor,,D,Write-ins,2
Union,10-Imb City,Governor,,D,Write-ins,1
Union,11-Imb/Sum Rural,Governor,,D,Write-ins,4
Union,12-Sum City,Governor,,D,Write-ins,0
Union,13-NP Rural,Governor,,D,Write-ins,0
Union,14-NP City,Governor,,D,Write-ins,0
Union,15-Union Rural,Governor,,D,Write-ins,5
Union,16-Union City,Governor,,D,Write-ins,11
Union,17-Ant/BC,Governor,,D,Write-ins,0
Union,18-IC City,Governor,,D,Write-ins,3
Union,19-IC Rural,Governor,,D,Write-ins,1
Union,01 LG City,Governor,,R,Brad T. Peters,10
Union,02-LG City,Governor,,R,Brad T. Peters,3
Union,03-LG City,Governor,,R,Brad T. Peters,2
Union,04-LG Rural,Governor,,R,Brad T. Peters,0
Union,05-LG Rural,Governor,,R,Brad T. Peters,1
Union,06-Cove City,Governor,,R,Brad T. Peters,0
Union,07-Cove Rural,Governor,,R,Brad T. Peters,1
Union,08-Elgin City,Governor,,R,Brad T. Peters,5
Union,09-Elgin Rural,Governor,,R,Brad T. Peters,1
Union,10-Imb City,Governor,,R,Brad T. Peters,0
Union,11-Imb/Sum Rural,Governor,,R,Brad T. Peters,1
Union,12-Sum City,Governor,,R,Brad T. Peters,0
Union,13-NP Rural,Governor,,R,Brad T. Peters,0
Union,14-NP City,Governor,,R,Brad T. Peters,0
Union,15-Union Rural,Governor,,R,Brad T. Peters,0
Union,16-Union City,Governor,,R,Brad T. Peters,6
Union,17-Ant/BC,Governor,,R,Brad T. Peters,0
Union,18-IC City,Governor,,R,Brad T. Peters,1
Union,19-IC Rural,Governor,,R,Brad T. Peters,0
Union,01 LG City,Governor,,R,Chris Dudley,98
Union,02-LG City,Governor,,R,Chris Dudley,108
Union,03-LG City,Governor,,R,Chris Dudley,86
Union,04-LG Rural,Governor,,R,Chris Dudley,30
Union,05-LG Rural,Governor,,R,Chris Dudley,87
Union,06-Cove City,Governor,,R,Chris Dudley,22
Union,07-Cove Rural,Governor,,R,Chris Dudley,60
Union,08-Elgin City,Governor,,R,Chris Dudley,36
Union,09-Elgin Rural,Governor,,R,Chris Dudley,35
Union,10-Imb City,Governor,,R,Chris Dudley,9
Union,11-Imb/Sum Rural,Governor,,R,Chris Dudley,51
Union,12-Sum City,Governor,,R,Chris Dudley,6
Union,13-NP Rural,Governor,,R,Chris Dudley,9
Union,14-NP City,Governor,,R,Chris Dudley,5
Union,15-Union Rural,Governor,,R,Chris Dudley,21
Union,16-Union City,Governor,,R,Chris Dudley,74
Union,17-Ant/BC,Governor,,R,Chris Dudley,2
Union,18-IC City,Governor,,R,Chris Dudley,57
Union,19-IC Rural,Governor,,R,Chris Dudley,20
Union,01 LG City,Governor,,R,Christine Drazan,190
Union,02-LG City,Governor,,R,Christine Drazan,220
Union,03-LG City,Governor,,R,Christine Drazan,227
Union,04-LG Rural,Governor,,R,Christine Drazan,78
Union,05-LG Rural,Governor,,R,Christine Drazan,217
Union,06-Cove City,Governor,,R,Christine Drazan,73
Union,07-Cove Rural,Governor,,R,Christine Drazan,124
Union,08-Elgin City,Governor,,R,Christine Drazan,145
Union,09-Elgin Rural,Governor,,R,Christine Drazan,156
Union,10-Imb City,Governor,,R,Christine Drazan,42
Union,11-Imb/Sum Rural,Governor,,R,Christine Drazan,131
Union,12-Sum City,Governor,,R,Christine Drazan,13
Union,13-NP Rural,Governor,,R,Christine Drazan,14
Union,14-NP City,Governor,,R,Christine Drazan,23
Union,15-Union Rural,Governor,,R,Christine Drazan,61
Union,16-Union City,Governor,,R,Christine Drazan,177
Union,17-Ant/BC,Governor,,R,Christine Drazan,9
Union,18-IC City,Governor,,R,Christine Drazan,112
Union,19-IC Rural,Governor,,R,Christine Drazan,60
Union,01 LG City,Governor,,R,Danielle Bethell,15
Union,02-LG City,Governor,,R,Danielle Bethell,12
Union,03-LG City,Governor,,R,Danielle Bethell,12
Union,04-LG Rural,Governor,,R,Danielle Bethell,4
Union,05-LG Rural,Governor,,R,Danielle Bethell,4
Union,06-Cove City,Governor,,R,Danielle Bethell,7
Union,07-Cove Rural,Governor,,R,Danielle Bethell,6
Union,08-Elgin City,Governor,,R,Danielle Bethell,3
Union,09-Elgin Rural,Governor,,R,Danielle Bethell,0
Union,10-Imb City,Governor,,R,Danielle Bethell,3
Union,11-Imb/Sum Rural,Governor,,R,Danielle Bethell,8
Union,12-Sum City,Governor,,R,Danielle Bethell,0
Union,13-NP Rural,Governor,,R,Danielle Bethell,0
Union,14-NP City,Governor,,R,Danielle Bethell,2
Union,15-Union Rural,Governor,,R,Danielle Bethell,3
Union,16-Union City,Governor,,R,Danielle Bethell,8
Union,17-Ant/BC,Governor,,R,Danielle Bethell,1
Union,18-IC City,Governor,,R,Danielle Bethell,5
Union,19-IC Rural,Governor,,R,Danielle Bethell,2
Union,01 LG City,Governor,,R,David Medina,19
Union,02-LG City,Governor,,R,David Medina,34
Union,03-LG City,Governor,,R,David Medina,36
Union,04-LG Rural,Governor,,R,David Medina,2
Union,05-LG Rural,Governor,,R,David Medina,25
Union,06-Cove City,Governor,,R,David Medina,8
Union,07-Cove Rural,Governor,,R,David Medina,14
Union,08-Elgin City,Governor,,R,David Medina,17
Union,09-Elgin Rural,Governor,,R,David Medina,9
Union,10-Imb City,Governor,,R,David Medina,3
Union,11-Imb/Sum Rural,Governor,,R,David Medina,6
Union,12-Sum City,Governor,,R,David Medina,1
Union,13-NP Rural,Governor,,R,David Medina,3
Union,14-NP City,Governor,,R,David Medina,6
Union,15-Union Rural,Governor,,R,David Medina,3
Union,16-Union City,Governor,,R,David Medina,29
Union,17-Ant/BC,Governor,,R,David Medina,0
Union,18-IC City,Governor,,R,David Medina,11
Union,19-IC Rural,Governor,,R,David Medina,8
Union,01 LG City,Governor,,R,DeAngelo Leroy Turner,0
Union,02-LG City,Governor,,R,DeAngelo Leroy Turner,1
Union,03-LG City,Governor,,R,DeAngelo Leroy Turner,1
Union,04-LG Rural,Governor,,R,DeAngelo Leroy Turner,0
Union,05-LG Rural,Governor,,R,DeAngelo Leroy Turner,0
Union,06-Cove City,Governor,,R,DeAngelo Leroy Turner,0
Union,07-Cove Rural,Governor,,R,DeAngelo Leroy Turner,0
Union,08-Elgin City,Governor,,R,DeAngelo Leroy Turner,0
Union,09-Elgin Rural,Governor,,R,DeAngelo Leroy Turner,0
Union,10-Imb City,Governor,,R,DeAngelo Leroy Turner,0
Union,11-Imb/Sum Rural,Governor,,R,DeAngelo Leroy Turner,0
Union,12-Sum City,Governor,,R,DeAngelo Leroy Turner,0
Union,13-NP Rural,Governor,,R,DeAngelo Leroy Turner,0
Union,14-NP City,Governor,,R,DeAngelo Leroy Turner,0
Union,15-Union Rural,Governor,,R,DeAngelo Leroy Turner,0
Union,16-Union City,Governor,,R,DeAngelo Leroy Turner,1
Union,17-Ant/BC,Governor,,R,DeAngelo Leroy Turner,0
Union,18-IC City,Governor,,R,DeAngelo Leroy Turner,0
Union,19-IC Rural,Governor,,R,DeAngelo Leroy Turner,1
Union,01 LG City,Governor,,R,Ed Diehl,158
Union,02-LG City,Governor,,R,Ed Diehl,163
Union,03-LG City,Governor,,R,Ed Diehl,213
Union,04-LG Rural,Governor,,R,Ed Diehl,75
Union,05-LG Rural,Governor,,R,Ed Diehl,181
Union,06-Cove City,Governor,,R,Ed Diehl,66
Union,07-Cove Rural,Governor,,R,Ed Diehl,98
Union,08-Elgin City,Governor,,R,Ed Diehl,127
Union,09-Elgin Rural,Governor,,R,Ed Diehl,106
Union,10-Imb City,Governor,,R,Ed Diehl,40
Union,11-Imb/Sum Rural,Governor,,R,Ed Diehl,147
Union,12-Sum City,Governor,,R,Ed Diehl,11
Union,13-NP Rural,Governor,,R,Ed Diehl,25
Union,14-NP City,Governor,,R,Ed Diehl,36
Union,15-Union Rural,Governor,,R,Ed Diehl,42
Union,16-Union City,Governor,,R,Ed Diehl,168
Union,17-Ant/BC,Governor,,R,Ed Diehl,21
Union,18-IC City,Governor,,R,Ed Diehl,102
Union,19-IC Rural,Governor,,R,Ed Diehl,57
Union,01 LG City,Governor,,R,Hope A. Dalrymple,1
Union,02-LG City,Governor,,R,Hope A. Dalrymple,1
Union,03-LG City,Governor,,R,Hope A. Dalrymple,0
Union,04-LG Rural,Governor,,R,Hope A. Dalrymple,1
Union,05-LG Rural,Governor,,R,Hope A. Dalrymple,1
Union,06-Cove City,Governor,,R,Hope A. Dalrymple,0
Union,07-Cove Rural,Governor,,R,Hope A. Dalrymple,0
Union,08-Elgin City,Governor,,R,Hope A. Dalrymple,0
Union,09-Elgin Rural,Governor,,R,Hope A. Dalrymple,0
Union,10-Imb City,Governor,,R,Hope A. Dalrymple,0
Union,11-Imb/Sum Rural,Governor,,R,Hope A. Dalrymple,0
Union,12-Sum City,Governor,,R,Hope A. Dalrymple,1
Union,13-NP Rural,Governor,,R,Hope A. Dalrymple,0
Union,14-NP City,Governor,,R,Hope A. Dalrymple,0
Union,15-Union Rural,Governor,,R,Hope A. Dalrymple,2
Union,16-Union City,Governor,,R,Hope A. Dalrymple,0
Union,17-Ant/BC,Governor,,R,Hope A. Dalrymple,0
Union,18-IC City,Governor,,R,Hope A. Dalrymple,0
Union,19-IC Rural,Governor,,R,Hope A. Dalrymple,0
Union,01 LG City,Governor,,R,Kyle M. Duyck,9
Union,02-LG City,Governor,,R,Kyle M. Duyck,3
Union,03-LG City,Governor,,R,Kyle M. Duyck,0
Union,04-LG Rural,Governor,,R,Kyle M. Duyck,0
Union,05-LG Rural,Governor,,R,Kyle M. Duyck,2
Union,06-Cove City,Governor,,R,Kyle M. Duyck,1
Union,07-Cove Rural,Governor,,R,Kyle M. Duyck,1
Union,08-Elgin City,Governor,,R,Kyle M. Duyck,1
Union,09-Elgin Rural,Governor,,R,Kyle M. Duyck,1
Union,10-Imb City,Governor,,R,Kyle M. Duyck,0
Union,11-Imb/Sum Rural,Governor,,R,Kyle M. Duyck,1
Union,12-Sum City,Governor,,R,Kyle M. Duyck,0
Union,13-NP Rural,Governor,,R,Kyle M. Duyck,0
Union,14-NP City,Governor,,R,Kyle M. Duyck,0
Union,15-Union Rural,Governor,,R,Kyle M. Duyck,0
Union,16-Union City,Governor,,R,Kyle M. Duyck,3
Union,17-Ant/BC,Governor,,R,Kyle M. Duyck,0
Union,18-IC City,Governor,,R,Kyle M. Duyck,0
Union,19-IC Rural,Governor,,R,Kyle M. Duyck,0
Union,01 LG City,Governor,,R,Martin Ward,0
Union,02-LG City,Governor,,R,Martin Ward,0
Union,03-LG City,Governor,,R,Martin Ward,1
Union,04-LG Rural,Governor,,R,Martin Ward,0
Union,05-LG Rural,Governor,,R,Martin Ward,0
Union,06-Cove City,Governor,,R,Martin Ward,0
Union,07-Cove Rural,Governor,,R,Martin Ward,2
Union,08-Elgin City,Governor,,R,Martin Ward,0
Union,09-Elgin Rural,Governor,,R,Martin Ward,0
Union,10-Imb City,Governor,,R,Martin Ward,0
Union,11-Imb/Sum Rural,Governor,,R,Martin Ward,0
Union,12-Sum City,Governor,,R,Martin Ward,0
Union,13-NP Rural,Governor,,R,Martin Ward,0
Union,14-NP City,Governor,,R,Martin Ward,0
Union,15-Union Rural,Governor,,R,Martin Ward,0
Union,16-Union City,Governor,,R,Martin Ward,0
Union,17-Ant/BC,Governor,,R,Martin Ward,0
Union,18-IC City,Governor,,R,Martin Ward,1
Union,19-IC Rural,Governor,,R,Martin Ward,1
Union,01 LG City,Governor,,R,Over Votes,0
Union,02-LG City,Governor,,R,Over Votes,1
Union,03-LG City,Governor,,R,Over Votes,0
Union,04-LG Rural,Governor,,R,Over Votes,0
Union,05-LG Rural,Governor,,R,Over Votes,0
Union,06-Cove City,Governor,,R,Over Votes,0
Union,07-Cove Rural,Governor,,R,Over Votes,2
Union,08-Elgin City,Governor,,R,Over Votes,1
Union,09-Elgin Rural,Governor,,R,Over Votes,2
Union,10-Imb City,Governor,,R,Over Votes,0
Union,11-Imb/Sum Rural,Governor,,R,Over Votes,1
Union,12-Sum City,Governor,,R,Over Votes,0
Union,13-NP Rural,Governor,,R,Over Votes,0
Union,14-NP City,Governor,,R,Over Votes,0
Union,15-Union Rural,Governor,,R,Over Votes,0
Union,16-Union City,Governor,,R,Over Votes,0
Union,17-Ant/BC,Governor,,R,Over Votes,0
Union,18-IC City,Governor,,R,Over Votes,0
Union,19-IC Rural,Governor,,R,Over Votes,0
Union,01 LG City,Governor,,R,Paul J. Romero Jr,4
Union,02-LG City,Governor,,R,Paul J. Romero Jr,1
Union,03-LG City,Governor,,R,Paul J. Romero Jr,1
Union,04-LG Rural,Governor,,R,Paul J. Romero Jr,1
Union,05-LG Rural,Governor,,R,Paul J. Romero Jr,1
Union,06-Cove City,Governor,,R,Paul J. Romero Jr,0
Union,07-Cove Rural,Governor,,R,Paul J. Romero Jr,1
Union,08-Elgin City,Governor,,R,Paul J. Romero Jr,2
Union,09-Elgin Rural,Governor,,R,Paul J. Romero Jr,5
Union,10-Imb City,Governor,,R,Paul J. Romero Jr,0
Union,11-Imb/Sum Rural,Governor,,R,Paul J. Romero Jr,0
Union,12-Sum City,Governor,,R,Paul J. Romero Jr,0
Union,13-NP Rural,Governor,,R,Paul J. Romero Jr,0
Union,14-NP City,Governor,,R,Paul J. Romero Jr,0
Union,15-Union Rural,Governor,,R,Paul J. Romero Jr,0
Union,16-Union City,Governor,,R,Paul J. Romero Jr,2
Union,17-Ant/BC,Governor,,R,Paul J. Romero Jr,0
Union,18-IC City,Governor,,R,Paul J. Romero Jr,2
Union,19-IC Rural,Governor,,R,Paul J. Romero Jr,1
Union,01 LG City,Governor,,R,Robert Neuman,0
Union,02-LG City,Governor,,R,Robert Neuman,0
Union,03-LG City,Governor,,R,Robert Neuman,1
Union,04-LG Rural,Governor,,R,Robert Neuman,0
Union,05-LG Rural,Governor,,R,Robert Neuman,1
Union,06-Cove City,Governor,,R,Robert Neuman,0
Union,07-Cove Rural,Governor,,R,Robert Neuman,0
Union,08-Elgin City,Governor,,R,Robert Neuman,0
Union,09-Elgin Rural,Governor,,R,Robert Neuman,0
Union,10-Imb City,Governor,,R,Robert Neuman,0
Union,11-Imb/Sum Rural,Governor,,R,Robert Neuman,0
Union,12-Sum City,Governor,,R,Robert Neuman,1
Union,13-NP Rural,Governor,,R,Robert Neuman,0
Union,14-NP City,Governor,,R,Robert Neuman,0
Union,15-Union Rural,Governor,,R,Robert Neuman,0
Union,16-Union City,Governor,,R,Robert Neuman,0
Union,17-Ant/BC,Governor,,R,Robert Neuman,0
Union,18-IC City,Governor,,R,Robert Neuman,0
Union,19-IC Rural,Governor,,R,Robert Neuman,0
Union,01 LG City,Governor,,R,Tim O. Youker,0
Union,02-LG City,Governor,,R,Tim O. Youker,0
Union,03-LG City,Governor,,R,Tim O. Youker,1
Union,04-LG Rural,Governor,,R,Tim O. Youker,0
Union,05-LG Rural,Governor,,R,Tim O. Youker,0
Union,06-Cove City,Governor,,R,Tim O. Youker,0
Union,07-Cove Rural,Governor,,R,Tim O. Youker,0
Union,08-Elgin City,Governor,,R,Tim O. Youker,0
Union,09-Elgin Rural,Governor,,R,Tim O. Youker,0
Union,10-Imb City,Governor,,R,Tim O. Youker,0
Union,11-Imb/Sum Rural,Governor,,R,Tim O. Youker,0
Union,12-Sum City,Governor,,R,Tim O. Youker,0
Union,13-NP Rural,Governor,,R,Tim O. Youker,0
Union,14-NP City,Governor,,R,Tim O. Youker,0
Union,15-Union Rural,Governor,,R,Tim O. Youker,0
Union,16-Union City,Governor,,R,Tim O. Youker,0
Union,17-Ant/BC,Governor,,R,Tim O. Youker,0
Union,18-IC City,Governor,,R,Tim O. Youker,0
Union,19-IC Rural,Governor,,R,Tim O. Youker,0
Union,01 LG City,Governor,,R,Under Votes,16
Union,02-LG City,Governor,,R,Under Votes,17
Union,03-LG City,Governor,,R,Under Votes,14
Union,04-LG Rural,Governor,,R,Under Votes,5
Union,05-LG Rural,Governor,,R,Under Votes,14
Union,06-Cove City,Governor,,R,Under Votes,7
Union,07-Cove Rural,Governor,,R,Under Votes,6
Union,08-Elgin City,Governor,,R,Under Votes,4
Union,09-Elgin Rural,Governor,,R,Under Votes,4
Union,10-Imb City,Governor,,R,Under Votes,3
Union,11-Imb/Sum Rural,Governor,,R,Under Votes,4
Union,12-Sum City,Governor,,R,Under Votes,0
Union,13-NP Rural,Governor,,R,Under Votes,1
Union,14-NP City,Governor,,R,Under Votes,3
Union,15-Union Rural,Governor,,R,Under Votes,4
Union,16-Union City,Governor,,R,Under Votes,3
Union,17-Ant/BC,Governor,,R,Under Votes,0
Union,18-IC City,Governor,,R,Under Votes,2
Union,19-IC Rural,Governor,,R,Under Votes,2
Union,01 LG City,Governor,,R,Wen Waddell,0
Union,02-LG City,Governor,,R,Wen Waddell,0
Union,03-LG City,Governor,,R,Wen Waddell,0
Union,04-LG Rural,Governor,,R,Wen Waddell,0
Union,05-LG Rural,Governor,,R,Wen Waddell,0
Union,06-Cove City,Governor,,R,Wen Waddell,0
Union,07-Cove Rural,Governor,,R,Wen Waddell,0
Union,08-Elgin City,Governor,,R,Wen Waddell,1
Union,09-Elgin Rural,Governor,,R,Wen Waddell,0
Union,10-Imb City,Governor,,R,Wen Waddell,0
Union,11-Imb/Sum Rural,Governor,,R,Wen Waddell,0
Union,12-Sum City,Governor,,R,Wen Waddell,0
Union,13-NP Rural,Governor,,R,Wen Waddell,0
Union,14-NP City,Governor,,R,Wen Waddell,1
Union,15-Union Rural,Governor,,R,Wen Waddell,0
Union,16-Union City,Governor,,R,Wen Waddell,0
Union,17-Ant/BC,Governor,,R,Wen Waddell,0
Union,18-IC City,Governor,,R,Wen Waddell,0
Union,19-IC Rural,Governor,,R,Wen Waddell,0
Union,01 LG City,Governor,,R,Write-ins,0
Union,02-LG City,Governor,,R,Write-ins,4
Union,03-LG City,Governor,,R,Write-ins,1
Union,04-LG Rural,Governor,,R,Write-ins,1
Union,05-LG Rural,Governor,,R,Write-ins,5
Union,06-Cove City,Governor,,R,Write-ins,2
Union,07-Cove Rural,Governor,,R,Write-ins,1
Union,08-Elgin City,Governor,,R,Write-ins,1
Union,09-Elgin Rural,Governor,,R,Write-ins,0
Union,10-Imb City,Governor,,R,Write-ins,0
Union,11-Imb/Sum Rural,Governor,,R,Write-ins,0
Union,12-Sum City,Governor,,R,Write-ins,0
Union,13-NP Rural,Governor,,R,Write-ins,0
Union,14-NP City,Governor,,R,Write-ins,0
Union,15-Union Rural,Governor,,R,Write-ins,0
Union,16-Union City,Governor,,R,Write-ins,0
Union,17-Ant/BC,Governor,,R,Write-ins,0
Union,18-IC City,Governor,,R,Write-ins,2
Union,19-IC Rural,Governor,,R,Write-ins,0
Union,01 LG City,Judge of the Court of Appeals,Position 1,,Over Votes,0
Union,02-LG City,Judge of the Court of Appeals,Position 1,,Over Votes,0
Union,03-LG City,Judge of the Court of Appeals,Position 1,,Over Votes,0
Union,04-LG Rural,Judge of the Court of Appeals,Position 1,,Over Votes,0
Union,05-LG Rural,Judge of the Court of Appeals,Position 1,,Over Votes,0
Union,06-Cove City,Judge of the Court of Appeals,Position 1,,Over Votes,0
Union,07-Cove Rural,Judge of the Court of Appeals,Position 1,,Over Votes,0
Union,08-Elgin City,Judge of the Court of Appeals,Position 1,,Over Votes,0
Union,09-Elgin Rural,Judge of the Court of Appeals,Position 1,,Over Votes,0
Union,10-Imb City,Judge of the Court of Appeals,Position 1,,Over Votes,0
Union,11-Imb/Sum Rural,Judge of the Court of Appeals,Position 1,,Over Votes,0
Union,12-Sum City,Judge of the Court of Appeals,Position 1,,Over Votes,0
Union,13-NP Rural,Judge of the Court of Appeals,Position 1,,Over Votes,0
Union,14-NP City,Judge of the Court of Appeals,Position 1,,Over Votes,0
Union,15-Union Rural,Judge of the Court of Appeals,Position 1,,Over Votes,0
Union,16-Union City,Judge of the Court of Appeals,Position 1,,Over Votes,0
Union,17-Ant/BC,Judge of the Court of Appeals,Position 1,,Over Votes,0
Union,18-IC City,Judge of the Court of Appeals,Position 1,,Over Votes,0
Union,19-IC Rural,Judge of the Court of Appeals,Position 1,,Over Votes,0
Union,01 LG City,Judge of the Court of Appeals,Position 1,,Ryan T. O'Connor,750
Union,02-LG City,Judge of the Court of Appeals,Position 1,,Ryan T. O'Connor,616
Union,03-LG City,Judge of the Court of Appeals,Position 1,,Ryan T. O'Connor,632
Union,04-LG Rural,Judge of the Court of Appeals,Position 1,,Ryan T. O'Connor,148
Union,05-LG Rural,Judge of the Court of Appeals,Position 1,,Ryan T. O'Connor,470
Union,06-Cove City,Judge of the Court of Appeals,Position 1,,Ryan T. O'Connor,114
Union,07-Cove Rural,Judge of the Court of Appeals,Position 1,,Ryan T. O'Connor,244
Union,08-Elgin City,Judge of the Court of Appeals,Position 1,,Ryan T. O'Connor,322
Union,09-Elgin Rural,Judge of the Court of Appeals,Position 1,,Ryan T. O'Connor,225
Union,10-Imb City,Judge of the Court of Appeals,Position 1,,Ryan T. O'Connor,70
Union,11-Imb/Sum Rural,Judge of the Court of Appeals,Position 1,,Ryan T. O'Connor,263
Union,12-Sum City,Judge of the Court of Appeals,Position 1,,Ryan T. O'Connor,31
Union,13-NP Rural,Judge of the Court of Appeals,Position 1,,Ryan T. O'Connor,22
Union,14-NP City,Judge of the Court of Appeals,Position 1,,Ryan T. O'Connor,78
Union,15-Union Rural,Judge of the Court of Appeals,Position 1,,Ryan T. O'Connor,80
Union,16-Union City,Judge of the Court of Appeals,Position 1,,Ryan T. O'Connor,436
Union,17-Ant/BC,Judge of the Court of Appeals,Position 1,,Ryan T. O'Connor,19
Union,18-IC City,Judge of the Court of Appeals,Position 1,,Ryan T. O'Connor,301
Union,19-IC Rural,Judge of the Court of Appeals,Position 1,,Ryan T. O'Connor,115
Union,01 LG City,Judge of the Court of Appeals,Position 1,,Under Votes,589
Union,02-LG City,Judge of the Court of Appeals,Position 1,,Under Votes,507
Union,03-LG City,Judge of the Court of Appeals,Position 1,,Under Votes,459
Union,04-LG Rural,Judge of the Court of Appeals,Position 1,,Under Votes,156
Union,05-LG Rural,Judge of the Court of Appeals,Position 1,,Under Votes,393
Union,06-Cove City,Judge of the Court of Appeals,Position 1,,Under Votes,155
Union,07-Cove Rural,Judge of the Court of Appeals,Position 1,,Under Votes,252
Union,08-Elgin City,Judge of the Court of Appeals,Position 1,,Under Votes,171
Union,09-Elgin Rural,Judge of the Court of Appeals,Position 1,,Under Votes,213
Union,10-Imb City,Judge of the Court of Appeals,Position 1,,Under Votes,74
Union,11-Imb/Sum Rural,Judge of the Court of Appeals,Position 1,,Under Votes,249
Union,12-Sum City,Judge of the Court of Appeals,Position 1,,Under Votes,16
Union,13-NP Rural,Judge of the Court of Appeals,Position 1,,Under Votes,40
Union,14-NP City,Judge of the Court of Appeals,Position 1,,Under Votes,62
Union,15-Union Rural,Judge of the Court of Appeals,Position 1,,Under Votes,103
Union,16-Union City,Judge of the Court of Appeals,Position 1,,Under Votes,378
Union,17-Ant/BC,Judge of the Court of Appeals,Position 1,,Under Votes,23
Union,18-IC City,Judge of the Court of Appeals,Position 1,,Under Votes,162
Union,19-IC Rural,Judge of the Court of Appeals,Position 1,,Under Votes,101
Union,01 LG City,Judge of the Court of Appeals,Position 1,,Write-ins,18
Union,02-LG City,Judge of the Court of Appeals,Position 1,,Write-ins,11
Union,03-LG City,Judge of the Court of Appeals,Position 1,,Write-ins,14
Union,04-LG Rural,Judge of the Court of Appeals,Position 1,,Write-ins,4
Union,05-LG Rural,Judge of the Court of Appeals,Position 1,,Write-ins,6
Union,06-Cove City,Judge of the Court of Appeals,Position 1,,Write-ins,6
Union,07-Cove Rural,Judge of the Court of Appeals,Position 1,,Write-ins,4
Union,08-Elgin City,Judge of the Court of Appeals,Position 1,,Write-ins,21
Union,09-Elgin Rural,Judge of the Court of Appeals,Position 1,,Write-ins,8
Union,10-Imb City,Judge of the Court of Appeals,Position 1,,Write-ins,0
Union,11-Imb/Sum Rural,Judge of the Court of Appeals,Position 1,,Write-ins,5
Union,12-Sum City,Judge of the Court of Appeals,Position 1,,Write-ins,0
Union,13-NP Rural,Judge of the Court of Appeals,Position 1,,Write-ins,0
Union,14-NP City,Judge of the Court of Appeals,Position 1,,Write-ins,1
Union,15-Union Rural,Judge of the Court of Appeals,Position 1,,Write-ins,2
Union,16-Union City,Judge of the Court of Appeals,Position 1,,Write-ins,4
Union,17-Ant/BC,Judge of the Court of Appeals,Position 1,,Write-ins,2
Union,18-IC City,Judge of the Court of Appeals,Position 1,,Write-ins,7
Union,19-IC Rural,Judge of the Court of Appeals,Position 1,,Write-ins,0
Union,01 LG City,Judge of the Court of Appeals,Position 12,,Erin C. Lagesen,739
Union,02-LG City,Judge of the Court of Appeals,Position 12,,Erin C. Lagesen,624
Union,03-LG City,Judge of the Court of Appeals,Position 12,,Erin C. Lagesen,621
Union,04-LG Rural,Judge of the Court of Appeals,Position 12,,Erin C. Lagesen,146
Union,05-LG Rural,Judge of the Court of Appeals,Position 12,,Erin C. Lagesen,470
Union,06-Cove City,Judge of the Court of Appeals,Position 12,,Erin C. Lagesen,112
Union,07-Cove Rural,Judge of the Court of Appeals,Position 12,,Erin C. Lagesen,241
Union,08-Elgin City,Judge of the Court of Appeals,Position 12,,Erin C. Lagesen,318
Union,09-Elgin Rural,Judge of the Court of Appeals,Position 12,,Erin C. Lagesen,225
Union,10-Imb City,Judge of the Court of Appeals,Position 12,,Erin C. Lagesen,70
Union,11-Imb/Sum Rural,Judge of the Court of Appeals,Position 12,,Erin C. Lagesen,262
Union,12-Sum City,Judge of the Court of Appeals,Position 12,,Erin C. Lagesen,31
Union,13-NP Rural,Judge of the Court of Appeals,Position 12,,Erin C. Lagesen,22
Union,14-NP City,Judge of the Court of Appeals,Position 12,,Erin C. Lagesen,79
Union,15-Union Rural,Judge of the Court of Appeals,Position 12,,Erin C. Lagesen,77
Union,16-Union City,Judge of the Court of Appeals,Position 12,,Erin C. Lagesen,423
Union,17-Ant/BC,Judge of the Court of Appeals,Position 12,,Erin C. Lagesen,18
Union,18-IC City,Judge of the Court of Appeals,Position 12,,Erin C. Lagesen,294
Union,19-IC Rural,Judge of the Court of Appeals,Position 12,,Erin C. Lagesen,113
Union,01 LG City,Judge of the Court of Appeals,Position 12,,Over Votes,0
Union,02-LG City,Judge of the Court of Appeals,Position 12,,Over Votes,0
Union,03-LG City,Judge of the Court of Appeals,Position 12,,Over Votes,0
Union,04-LG Rural,Judge of the Court of Appeals,Position 12,,Over Votes,0
Union,05-LG Rural,Judge of the Court of Appeals,Position 12,,Over Votes,0
Union,06-Cove City,Judge of the Court of Appeals,Position 12,,Over Votes,0
Union,07-Cove Rural,Judge of the Court of Appeals,Position 12,,Over Votes,0
Union,08-Elgin City,Judge of the Court of Appeals,Position 12,,Over Votes,2
Union,09-Elgin Rural,Judge of the Court of Appeals,Position 12,,Over Votes,0
Union,10-Imb City,Judge of the Court of Appeals,Position 12,,Over Votes,0
Union,11-Imb/Sum Rural,Judge of the Court of Appeals,Position 12,,Over Votes,0
Union,12-Sum City,Judge of the Court of Appeals,Position 12,,Over Votes,0
Union,13-NP Rural,Judge of the Court of Appeals,Position 12,,Over Votes,0
Union,14-NP City,Judge of the Court of Appeals,Position 12,,Over Votes,0
Union,15-Union Rural,Judge of the Court of Appeals,Position 12,,Over Votes,0
Union,16-Union City,Judge of the Court of Appeals,Position 12,,Over Votes,0
Union,17-Ant/BC,Judge of the Court of Appeals,Position 12,,Over Votes,0
Union,18-IC City,Judge of the Court of Appeals,Position 12,,Over Votes,0
Union,19-IC Rural,Judge of the Court of Appeals,Position 12,,Over Votes,0
Union,01 LG City,Judge of the Court of Appeals,Position 12,,Under Votes,601
Union,02-LG City,Judge of the Court of Appeals,Position 12,,Under Votes,501
Union,03-LG City,Judge of the Court of Appeals,Position 12,,Under Votes,466
Union,04-LG Rural,Judge of the Court of Appeals,Position 12,,Under Votes,158
Union,05-LG Rural,Judge of the Court of Appeals,Position 12,,Under Votes,393
Union,06-Cove City,Judge of the Court of Appeals,Position 12,,Under Votes,157
Union,07-Cove Rural,Judge of the Court of Appeals,Position 12,,Under Votes,255
Union,08-Elgin City,Judge of the Court of Appeals,Position 12,,Under Votes,174
Union,09-Elgin Rural,Judge of the Court of Appeals,Position 12,,Under Votes,212
Union,10-Imb City,Judge of the Court of Appeals,Position 12,,Under Votes,74
Union,11-Imb/Sum Rural,Judge of the Court of Appeals,Position 12,,Under Votes,251
Union,12-Sum City,Judge of the Court of Appeals,Position 12,,Under Votes,16
Union,13-NP Rural,Judge of the Court of Appeals,Position 12,,Under Votes,40
Union,14-NP City,Judge of the Court of Appeals,Position 12,,Under Votes,62
Union,15-Union Rural,Judge of the Court of Appeals,Position 12,,Under Votes,105
Union,16-Union City,Judge of the Court of Appeals,Position 12,,Under Votes,385
Union,17-Ant/BC,Judge of the Court of Appeals,Position 12,,Under Votes,24
Union,18-IC City,Judge of the Court of Appeals,Position 12,,Under Votes,167
Union,19-IC Rural,Judge of the Court of Appeals,Position 12,,Under Votes,102
Union,01 LG City,Judge of the Court of Appeals,Position 12,,Write-ins,17
Union,02-LG City,Judge of the Court of Appeals,Position 12,,Write-ins,9
Union,03-LG City,Judge of the Court of Appeals,Position 12,,Write-ins,18
Union,04-LG Rural,Judge of the Court of Appeals,Position 12,,Write-ins,4
Union,05-LG Rural,Judge of the Court of Appeals,Position 12,,Write-ins,6
Union,06-Cove City,Judge of the Court of Appeals,Position 12,,Write-ins,6
Union,07-Cove Rural,Judge of the Court of Appeals,Position 12,,Write-ins,4
Union,08-Elgin City,Judge of the Court of Appeals,Position 12,,Write-ins,20
Union,09-Elgin Rural,Judge of the Court of Appeals,Position 12,,Write-ins,9
Union,10-Imb City,Judge of the Court of Appeals,Position 12,,Write-ins,0
Union,11-Imb/Sum Rural,Judge of the Court of Appeals,Position 12,,Write-ins,4
Union,12-Sum City,Judge of the Court of Appeals,Position 12,,Write-ins,0
Union,13-NP Rural,Judge of the Court of Appeals,Position 12,,Write-ins,0
Union,14-NP City,Judge of the Court of Appeals,Position 12,,Write-ins,0
Union,15-Union Rural,Judge of the Court of Appeals,Position 12,,Write-ins,3
Union,16-Union City,Judge of the Court of Appeals,Position 12,,Write-ins,10
Union,17-Ant/BC,Judge of the Court of Appeals,Position 12,,Write-ins,2
Union,18-IC City,Judge of the Court of Appeals,Position 12,,Write-ins,9
Union,19-IC Rural,Judge of the Court of Appeals,Position 12,,Write-ins,1
Union,01 LG City,Judge of the Court of Appeals,Position 13,,Doug Tookey,740
Union,02-LG City,Judge of the Court of Appeals,Position 13,,Doug Tookey,624
Union,03-LG City,Judge of the Court of Appeals,Position 13,,Doug Tookey,624
Union,04-LG Rural,Judge of the Court of Appeals,Position 13,,Doug Tookey,146
Union,05-LG Rural,Judge of the Court of Appeals,Position 13,,Doug Tookey,465
Union,06-Cove City,Judge of the Court of Appeals,Position 13,,Doug Tookey,112
Union,07-Cove Rural,Judge of the Court of Appeals,Position 13,,Doug Tookey,243
Union,08-Elgin City,Judge of the Court of Appeals,Position 13,,Doug Tookey,321
Union,09-Elgin Rural,Judge of the Court of Appeals,Position 13,,Doug Tookey,222
Union,10-Imb City,Judge of the Court of Appeals,Position 13,,Doug Tookey,75
Union,11-Imb/Sum Rural,Judge of the Court of Appeals,Position 13,,Doug Tookey,263
Union,12-Sum City,Judge of the Court of Appeals,Position 13,,Doug Tookey,31
Union,13-NP Rural,Judge of the Court of Appeals,Position 13,,Doug Tookey,21
Union,14-NP City,Judge of the Court of Appeals,Position 13,,Doug Tookey,77
Union,15-Union Rural,Judge of the Court of Appeals,Position 13,,Doug Tookey,77
Union,16-Union City,Judge of the Court of Appeals,Position 13,,Doug Tookey,422
Union,17-Ant/BC,Judge of the Court of Appeals,Position 13,,Doug Tookey,19
Union,18-IC City,Judge of the Court of Appeals,Position 13,,Doug Tookey,294
Union,19-IC Rural,Judge of the Court of Appeals,Position 13,,Doug Tookey,114
Union,01 LG City,Judge of the Court of Appeals,Position 13,,Over Votes,0
Union,02-LG City,Judge of the Court of Appeals,Position 13,,Over Votes,0
Union,03-LG City,Judge of the Court of Appeals,Position 13,,Over Votes,0
Union,04-LG Rural,Judge of the Court of Appeals,Position 13,,Over Votes,0
Union,05-LG Rural,Judge of the Court of Appeals,Position 13,,Over Votes,0
Union,06-Cove City,Judge of the Court of Appeals,Position 13,,Over Votes,0
Union,07-Cove Rural,Judge of the Court of Appeals,Position 13,,Over Votes,0
Union,08-Elgin City,Judge of the Court of Appeals,Position 13,,Over Votes,0
Union,09-Elgin Rural,Judge of the Court of Appeals,Position 13,,Over Votes,0
Union,10-Imb City,Judge of the Court of Appeals,Position 13,,Over Votes,0
Union,11-Imb/Sum Rural,Judge of the Court of Appeals,Position 13,,Over Votes,0
Union,12-Sum City,Judge of the Court of Appeals,Position 13,,Over Votes,0
Union,13-NP Rural,Judge of the Court of Appeals,Position 13,,Over Votes,0
Union,14-NP City,Judge of the Court of Appeals,Position 13,,Over Votes,0
Union,15-Union Rural,Judge of the Court of Appeals,Position 13,,Over Votes,0
Union,16-Union City,Judge of the Court of Appeals,Position 13,,Over Votes,0
Union,17-Ant/BC,Judge of the Court of Appeals,Position 13,,Over Votes,0
Union,18-IC City,Judge of the Court of Appeals,Position 13,,Over Votes,0
Union,19-IC Rural,Judge of the Court of Appeals,Position 13,,Over Votes,0
Union,01 LG City,Judge of the Court of Appeals,Position 13,,Under Votes,600
Union,02-LG City,Judge of the Court of Appeals,Position 13,,Under Votes,500
Union,03-LG City,Judge of the Court of Appeals,Position 13,,Under Votes,464
Union,04-LG Rural,Judge of the Court of Appeals,Position 13,,Under Votes,158
Union,05-LG Rural,Judge of the Court of Appeals,Position 13,,Under Votes,398
Union,06-Cove City,Judge of the Court of Appeals,Position 13,,Under Votes,157
Union,07-Cove Rural,Judge of the Court of Appeals,Position 13,,Under Votes,253
Union,08-Elgin City,Judge of the Court of Appeals,Position 13,,Under Votes,175
Union,09-Elgin Rural,Judge of the Court of Appeals,Position 13,,Under Votes,215
Union,10-Imb City,Judge of the Court of Appeals,Position 13,,Under Votes,69
Union,11-Imb/Sum Rural,Judge of the Court of Appeals,Position 13,,Under Votes,250
Union,12-Sum City,Judge of the Court of Appeals,Position 13,,Under Votes,16
Union,13-NP Rural,Judge of the Court of Appeals,Position 13,,Under Votes,41
Union,14-NP City,Judge of the Court of Appeals,Position 13,,Under Votes,63
Union,15-Union Rural,Judge of the Court of Appeals,Position 13,,Under Votes,105
Union,16-Union City,Judge of the Court of Appeals,Position 13,,Under Votes,389
Union,17-Ant/BC,Judge of the Court of Appeals,Position 13,,Under Votes,23
Union,18-IC City,Judge of the Court of Appeals,Position 13,,Under Votes,169
Union,19-IC Rural,Judge of the Court of Appeals,Position 13,,Under Votes,101
Union,01 LG City,Judge of the Court of Appeals,Position 13,,Write-ins,17
Union,02-LG City,Judge of the Court of Appeals,Position 13,,Write-ins,10
Union,03-LG City,Judge of the Court of Appeals,Position 13,,Write-ins,17
Union,04-LG Rural,Judge of the Court of Appeals,Position 13,,Write-ins,4
Union,05-LG Rural,Judge of the Court of Appeals,Position 13,,Write-ins,6
Union,06-Cove City,Judge of the Court of Appeals,Position 13,,Write-ins,6
Union,07-Cove Rural,Judge of the Court of Appeals,Position 13,,Write-ins,4
Union,08-Elgin City,Judge of the Court of Appeals,Position 13,,Write-ins,18
Union,09-Elgin Rural,Judge of the Court of Appeals,Position 13,,Write-ins,9
Union,10-Imb City,Judge of the Court of Appeals,Position 13,,Write-ins,0
Union,11-Imb/Sum Rural,Judge of the Court of Appeals,Position 13,,Write-ins,4
Union,12-Sum City,Judge of the Court of Appeals,Position 13,,Write-ins,0
Union,13-NP Rural,Judge of the Court of Appeals,Position 13,,Write-ins,0
Union,14-NP City,Judge of the Court of Appeals,Position 13,,Write-ins,1
Union,15-Union Rural,Judge of the Court of Appeals,Position 13,,Write-ins,3
Union,16-Union City,Judge of the Court of Appeals,Position 13,,Write-ins,7
Union,17-Ant/BC,Judge of the Court of Appeals,Position 13,,Write-ins,2
Union,18-IC City,Judge of the Court of Appeals,Position 13,,Write-ins,7
Union,19-IC Rural,Judge of the Court of Appeals,Position 13,,Write-ins,1
Union,01 LG City,Judge of the Court of Appeals,Position 9,,Jacqueline Kamins,738
Union,02-LG City,Judge of the Court of Appeals,Position 9,,Jacqueline Kamins,607
Union,03-LG City,Judge of the Court of Appeals,Position 9,,Jacqueline Kamins,615
Union,04-LG Rural,Judge of the Court of Appeals,Position 9,,Jacqueline Kamins,143
Union,05-LG Rural,Judge of the Court of Appeals,Position 9,,Jacqueline Kamins,463
Union,06-Cove City,Judge of the Court of Appeals,Position 9,,Jacqueline Kamins,107
Union,07-Cove Rural,Judge of the Court of Appeals,Position 9,,Jacqueline Kamins,243
Union,08-Elgin City,Judge of the Court of Appeals,Position 9,,Jacqueline Kamins,317
Union,09-Elgin Rural,Judge of the Court of Appeals,Position 9,,Jacqueline Kamins,225
Union,10-Imb City,Judge of the Court of Appeals,Position 9,,Jacqueline Kamins,71
Union,11-Imb/Sum Rural,Judge of the Court of Appeals,Position 9,,Jacqueline Kamins,264
Union,12-Sum City,Judge of the Court of Appeals,Position 9,,Jacqueline Kamins,30
Union,13-NP Rural,Judge of the Court of Appeals,Position 9,,Jacqueline Kamins,21
Union,14-NP City,Judge of the Court of Appeals,Position 9,,Jacqueline Kamins,77
Union,15-Union Rural,Judge of the Court of Appeals,Position 9,,Jacqueline Kamins,78
Union,16-Union City,Judge of the Court of Appeals,Position 9,,Jacqueline Kamins,425
Union,17-Ant/BC,Judge of the Court of Appeals,Position 9,,Jacqueline Kamins,19
Union,18-IC City,Judge of the Court of Appeals,Position 9,,Jacqueline Kamins,291
Union,19-IC Rural,Judge of the Court of Appeals,Position 9,,Jacqueline Kamins,113
Union,01 LG City,Judge of the Court of Appeals,Position 9,,Over Votes,0
Union,02-LG City,Judge of the Court of Appeals,Position 9,,Over Votes,0
Union,03-LG City,Judge of the Court of Appeals,Position 9,,Over Votes,0
Union,04-LG Rural,Judge of the Court of Appeals,Position 9,,Over Votes,0
Union,05-LG Rural,Judge of the Court of Appeals,Position 9,,Over Votes,0
Union,06-Cove City,Judge of the Court of Appeals,Position 9,,Over Votes,0
Union,07-Cove Rural,Judge of the Court of Appeals,Position 9,,Over Votes,0
Union,08-Elgin City,Judge of the Court of Appeals,Position 9,,Over Votes,0
Union,09-Elgin Rural,Judge of the Court of Appeals,Position 9,,Over Votes,0
Union,10-Imb City,Judge of the Court of Appeals,Position 9,,Over Votes,0
Union,11-Imb/Sum Rural,Judge of the Court of Appeals,Position 9,,Over Votes,0
Union,12-Sum City,Judge of the Court of Appeals,Position 9,,Over Votes,0
Union,13-NP Rural,Judge of the Court of Appeals,Position 9,,Over Votes,0
Union,14-NP City,Judge of the Court of Appeals,Position 9,,Over Votes,0
Union,15-Union Rural,Judge of the Court of Appeals,Position 9,,Over Votes,0
Union,16-Union City,Judge of the Court of Appeals,Position 9,,Over Votes,0
Union,17-Ant/BC,Judge of the Court of Appeals,Position 9,,Over Votes,0
Union,18-IC City,Judge of the Court of Appeals,Position 9,,Over Votes,0
Union,19-IC Rural,Judge of the Court of Appeals,Position 9,,Over Votes,0
Union,01 LG City,Judge of the Court of Appeals,Position 9,,Under Votes,600
Union,02-LG City,Judge of the Court of Appeals,Position 9,,Under Votes,517
Union,03-LG City,Judge of the Court of Appeals,Position 9,,Under Votes,476
Union,04-LG Rural,Judge of the Court of Appeals,Position 9,,Under Votes,161
Union,05-LG Rural,Judge of the Court of Appeals,Position 9,,Under Votes,401
Union,06-Cove City,Judge of the Court of Appeals,Position 9,,Under Votes,162
Union,07-Cove Rural,Judge of the Court of Appeals,Position 9,,Under Votes,253
Union,08-Elgin City,Judge of the Court of Appeals,Position 9,,Under Votes,175
Union,09-Elgin Rural,Judge of the Court of Appeals,Position 9,,Under Votes,212
Union,10-Imb City,Judge of the Court of Appeals,Position 9,,Under Votes,73
Union,11-Imb/Sum Rural,Judge of the Court of Appeals,Position 9,,Under Votes,249
Union,12-Sum City,Judge of the Court of Appeals,Position 9,,Under Votes,17
Union,13-NP Rural,Judge of the Court of Appeals,Position 9,,Under Votes,41
Union,14-NP City,Judge of the Court of Appeals,Position 9,,Under Votes,63
Union,15-Union Rural,Judge of the Court of Appeals,Position 9,,Under Votes,105
Union,16-Union City,Judge of the Court of Appeals,Position 9,,Under Votes,388
Union,17-Ant/BC,Judge of the Court of Appeals,Position 9,,Under Votes,23
Union,18-IC City,Judge of the Court of Appeals,Position 9,,Under Votes,169
Union,19-IC Rural,Judge of the Court of Appeals,Position 9,,Under Votes,101
Union,01 LG City,Judge of the Court of Appeals,Position 9,,Write-ins,19
Union,02-LG City,Judge of the Court of Appeals,Position 9,,Write-ins,10
Union,03-LG City,Judge of the Court of Appeals,Position 9,,Write-ins,14
Union,04-LG Rural,Judge of the Court of Appeals,Position 9,,Write-ins,4
Union,05-LG Rural,Judge of the Court of Appeals,Position 9,,Write-ins,5
Union,06-Cove City,Judge of the Court of Appeals,Position 9,,Write-ins,6
Union,07-Cove Rural,Judge of the Court of Appeals,Position 9,,Write-ins,4
Union,08-Elgin City,Judge of the Court of Appeals,Position 9,,Write-ins,22
Union,09-Elgin Rural,Judge of the Court of Appeals,Position 9,,Write-ins,9
Union,10-Imb City,Judge of the Court of Appeals,Position 9,,Write-ins,0
Union,11-Imb/Sum Rural,Judge of the Court of Appeals,Position 9,,Write-ins,4
Union,12-Sum City,Judge of the Court of Appeals,Position 9,,Write-ins,0
Union,13-NP Rural,Judge of the Court of Appeals,Position 9,,Write-ins,0
Union,14-NP City,Judge of the Court of Appeals,Position 9,,Write-ins,1
Union,15-Union Rural,Judge of the Court of Appeals,Position 9,,Write-ins,2
Union,16-Union City,Judge of the Court of Appeals,Position 9,,Write-ins,5
Union,17-Ant/BC,Judge of the Court of Appeals,Position 9,,Write-ins,2
Union,18-IC City,Judge of the Court of Appeals,Position 9,,Write-ins,10
Union,19-IC Rural,Judge of the Court of Appeals,Position 9,,Write-ins,2
Union,01 LG City,Judge of the Supreme Court,Position 4,,Christopher L. Garrett,754
Union,02-LG City,Judge of the Supreme Court,Position 4,,Christopher L. Garrett,616
Union,03-LG City,Judge of the Supreme Court,Position 4,,Christopher L. Garrett,633
Union,04-LG Rural,Judge of the Supreme Court,Position 4,,Christopher L. Garrett,147
Union,05-LG Rural,Judge of the Supreme Court,Position 4,,Christopher L. Garrett,469
Union,06-Cove City,Judge of the Supreme Court,Position 4,,Christopher L. Garrett,121
Union,07-Cove Rural,Judge of the Supreme Court,Position 4,,Christopher L. Garrett,243
Union,08-Elgin City,Judge of the Supreme Court,Position 4,,Christopher L. Garrett,329
Union,09-Elgin Rural,Judge of the Supreme Court,Position 4,,Christopher L. Garrett,225
Union,10-Imb City,Judge of the Supreme Court,Position 4,,Christopher L. Garrett,73
Union,11-Imb/Sum Rural,Judge of the Supreme Court,Position 4,,Christopher L. Garrett,268
Union,12-Sum City,Judge of the Supreme Court,Position 4,,Christopher L. Garrett,30
Union,13-NP Rural,Judge of the Supreme Court,Position 4,,Christopher L. Garrett,23
Union,14-NP City,Judge of the Supreme Court,Position 4,,Christopher L. Garrett,75
Union,15-Union Rural,Judge of the Supreme Court,Position 4,,Christopher L. Garrett,80
Union,16-Union City,Judge of the Supreme Court,Position 4,,Christopher L. Garrett,430
Union,17-Ant/BC,Judge of the Supreme Court,Position 4,,Christopher L. Garrett,19
Union,18-IC City,Judge of the Supreme Court,Position 4,,Christopher L. Garrett,298
Union,19-IC Rural,Judge of the Supreme Court,Position 4,,Christopher L. Garrett,114
Union,01 LG City,Judge of the Supreme Court,Position 4,,Over Votes,0
Union,02-LG City,Judge of the Supreme Court,Position 4,,Over Votes,1
Union,03-LG City,Judge of the Supreme Court,Position 4,,Over Votes,0
Union,04-LG Rural,Judge of the Supreme Court,Position 4,,Over Votes,0
Union,05-LG Rural,Judge of the Supreme Court,Position 4,,Over Votes,0
Union,06-Cove City,Judge of the Supreme Court,Position 4,,Over Votes,0
Union,07-Cove Rural,Judge of the Supreme Court,Position 4,,Over Votes,0
Union,08-Elgin City,Judge of the Supreme Court,Position 4,,Over Votes,0
Union,09-Elgin Rural,Judge of the Supreme Court,Position 4,,Over Votes,0
Union,10-Imb City,Judge of the Supreme Court,Position 4,,Over Votes,0
Union,11-Imb/Sum Rural,Judge of the Supreme Court,Position 4,,Over Votes,0
Union,12-Sum City,Judge of the Supreme Court,Position 4,,Over Votes,0
Union,13-NP Rural,Judge of the Supreme Court,Position 4,,Over Votes,0
Union,14-NP City,Judge of the Supreme Court,Position 4,,Over Votes,0
Union,15-Union Rural,Judge of the Supreme Court,Position 4,,Over Votes,0
Union,16-Union City,Judge of the Supreme Court,Position 4,,Over Votes,0
Union,17-Ant/BC,Judge of the Supreme Court,Position 4,,Over Votes,0
Union,18-IC City,Judge of the Supreme Court,Position 4,,Over Votes,1
Union,19-IC Rural,Judge of the Supreme Court,Position 4,,Over Votes,0
Union,01 LG City,Judge of the Supreme Court,Position 4,,Under Votes,584
Union,02-LG City,Judge of the Supreme Court,Position 4,,Under Votes,505
Union,03-LG City,Judge of the Supreme Court,Position 4,,Under Votes,455
Union,04-LG Rural,Judge of the Supreme Court,Position 4,,Under Votes,157
Union,05-LG Rural,Judge of the Supreme Court,Position 4,,Under Votes,392
Union,06-Cove City,Judge of the Supreme Court,Position 4,,Under Votes,149
Union,07-Cove Rural,Judge of the Supreme Court,Position 4,,Under Votes,252
Union,08-Elgin City,Judge of the Supreme Court,Position 4,,Under Votes,168
Union,09-Elgin Rural,Judge of the Supreme Court,Position 4,,Under Votes,212
Union,10-Imb City,Judge of the Supreme Court,Position 4,,Under Votes,70
Union,11-Imb/Sum Rural,Judge of the Supreme Court,Position 4,,Under Votes,244
Union,12-Sum City,Judge of the Supreme Court,Position 4,,Under Votes,16
Union,13-NP Rural,Judge of the Supreme Court,Position 4,,Under Votes,37
Union,14-NP City,Judge of the Supreme Court,Position 4,,Under Votes,65
Union,15-Union Rural,Judge of the Supreme Court,Position 4,,Under Votes,103
Union,16-Union City,Judge of the Supreme Court,Position 4,,Under Votes,376
Union,17-Ant/BC,Judge of the Supreme Court,Position 4,,Under Votes,23
Union,18-IC City,Judge of the Supreme Court,Position 4,,Under Votes,162
Union,19-IC Rural,Judge of the Supreme Court,Position 4,,Under Votes,99
Union,01 LG City,Judge of the Supreme Court,Position 4,,Write-ins,19
Union,02-LG City,Judge of the Supreme Court,Position 4,,Write-ins,12
Union,03-LG City,Judge of the Supreme Court,Position 4,,Write-ins,17
Union,04-LG Rural,Judge of the Supreme Court,Position 4,,Write-ins,4
Union,05-LG Rural,Judge of the Supreme Court,Position 4,,Write-ins,8
Union,06-Cove City,Judge of the Supreme Court,Position 4,,Write-ins,5
Union,07-Cove Rural,Judge of the Supreme Court,Position 4,,Write-ins,5
Union,08-Elgin City,Judge of the Supreme Court,Position 4,,Write-ins,17
Union,09-Elgin Rural,Judge of the Supreme Court,Position 4,,Write-ins,9
Union,10-Imb City,Judge of the Supreme Court,Position 4,,Write-ins,1
Union,11-Imb/Sum Rural,Judge of the Supreme Court,Position 4,,Write-ins,5
Union,12-Sum City,Judge of the Supreme Court,Position 4,,Write-ins,1
Union,13-NP Rural,Judge of the Supreme Court,Position 4,,Write-ins,2
Union,14-NP City,Judge of the Supreme Court,Position 4,,Write-ins,1
Union,15-Union Rural,Judge of the Supreme Court,Position 4,,Write-ins,2
Union,16-Union City,Judge of the Supreme Court,Position 4,,Write-ins,12
Union,17-Ant/BC,Judge of the Supreme Court,Position 4,,Write-ins,2
Union,18-IC City,Judge of the Supreme Court,Position 4,,Write-ins,9
Union,19-IC Rural,Judge of the Supreme Court,Position 4,,Write-ins,3
Union,01 LG City,Labor Commissioner,,,Chris Lynch,428
Union,02-LG City,Labor Commissioner,,,Chris Lynch,387
Union,03-LG City,Labor Commissioner,,,Chris Lynch,460
Union,04-LG Rural,Labor Commissioner,,,Chris Lynch,118
Union,05-LG Rural,Labor Commissioner,,,Chris Lynch,334
Union,06-Cove City,Labor Commissioner,,,Chris Lynch,106
Union,07-Cove Rural,Labor Commissioner,,,Chris Lynch,196
Union,08-Elgin City,Labor Commissioner,,,Chris Lynch,243
Union,09-Elgin Rural,Labor Commissioner,,,Chris Lynch,209
Union,10-Imb City,Labor Commissioner,,,Chris Lynch,51
Union,11-Imb/Sum Rural,Labor Commissioner,,,Chris Lynch,207
Union,12-Sum City,Labor Commissioner,,,Chris Lynch,19
Union,13-NP Rural,Labor Commissioner,,,Chris Lynch,26
Union,14-NP City,Labor Commissioner,,,Chris Lynch,65
Union,15-Union Rural,Labor Commissioner,,,Chris Lynch,62
Union,16-Union City,Labor Commissioner,,,Chris Lynch,299
Union,17-Ant/BC,Labor Commissioner,,,Chris Lynch,19
Union,18-IC City,Labor Commissioner,,,Chris Lynch,199
Union,19-IC Rural,Labor Commissioner,,,Chris Lynch,96
Union,01 LG City,Labor Commissioner,,,Christina E. Stephenson,644
Union,02-LG City,Labor Commissioner,,,Christina E. Stephenson,419
Union,03-LG City,Labor Commissioner,,,Christina E. Stephenson,376
Union,04-LG Rural,Labor Commissioner,,,Christina E. Stephenson,97
Union,05-LG Rural,Labor Commissioner,,,Christina E. Stephenson,286
Union,06-Cove City,Labor Commissioner,,,Christina E. Stephenson,87
Union,07-Cove Rural,Labor Commissioner,,,Christina E. Stephenson,160
Union,08-Elgin City,Labor Commissioner,,,Christina E. Stephenson,150
Union,09-Elgin Rural,Labor Commissioner,,,Christina E. Stephenson,103
Union,10-Imb City,Labor Commissioner,,,Christina E. Stephenson,44
Union,11-Imb/Sum Rural,Labor Commissioner,,,Christina E. Stephenson,163
Union,12-Sum City,Labor Commissioner,,,Christina E. Stephenson,17
Union,13-NP Rural,Labor Commissioner,,,Christina E. Stephenson,10
Union,14-NP City,Labor Commissioner,,,Christina E. Stephenson,27
Union,15-Union Rural,Labor Commissioner,,,Christina E. Stephenson,53
Union,16-Union City,Labor Commissioner,,,Christina E. Stephenson,283
Union,17-Ant/BC,Labor Commissioner,,,Christina E. Stephenson,13
Union,18-IC City,Labor Commissioner,,,Christina E. Stephenson,153
Union,19-IC Rural,Labor Commissioner,,,Christina E. Stephenson,52
Union,01 LG City,Labor Commissioner,,,Over Votes,1
Union,02-LG City,Labor Commissioner,,,Over Votes,0
Union,03-LG City,Labor Commissioner,,,Over Votes,0
Union,04-LG Rural,Labor Commissioner,,,Over Votes,0
Union,05-LG Rural,Labor Commissioner,,,Over Votes,0
Union,06-Cove City,Labor Commissioner,,,Over Votes,0
Union,07-Cove Rural,Labor Commissioner,,,Over Votes,0
Union,08-Elgin City,Labor Commissioner,,,Over Votes,1
Union,09-Elgin Rural,Labor Commissioner,,,Over Votes,0
Union,10-Imb City,Labor Commissioner,,,Over Votes,0
Union,11-Imb/Sum Rural,Labor Commissioner,,,Over Votes,0
Union,12-Sum City,Labor Commissioner,,,Over Votes,0
Union,13-NP Rural,Labor Commissioner,,,Over Votes,0
Union,14-NP City,Labor Commissioner,,,Over Votes,0
Union,15-Union Rural,Labor Commissioner,,,Over Votes,0
Union,16-Union City,Labor Commissioner,,,Over Votes,0
Union,17-Ant/BC,Labor Commissioner,,,Over Votes,0
Union,18-IC City,Labor Commissioner,,,Over Votes,0
Union,19-IC Rural,Labor Commissioner,,,Over Votes,0
Union,01 LG City,Labor Commissioner,,,Under Votes,282
Union,02-LG City,Labor Commissioner,,,Under Votes,322
Union,03-LG City,Labor Commissioner,,,Under Votes,267
Union,04-LG Rural,Labor Commissioner,,,Under Votes,92
Union,05-LG Rural,Labor Commissioner,,,Under Votes,246
Union,06-Cove City,Labor Commissioner,,,Under Votes,81
Union,07-Cove Rural,Labor Commissioner,,,Under Votes,143
Union,08-Elgin City,Labor Commissioner,,,Under Votes,116
Union,09-Elgin Rural,Labor Commissioner,,,Under Votes,130
Union,10-Imb City,Labor Commissioner,,,Under Votes,49
Union,11-Imb/Sum Rural,Labor Commissioner,,,Under Votes,147
Union,12-Sum City,Labor Commissioner,,,Under Votes,11
Union,13-NP Rural,Labor Commissioner,,,Under Votes,26
Union,14-NP City,Labor Commissioner,,,Under Votes,48
Union,15-Union Rural,Labor Commissioner,,,Under Votes,70
Union,16-Union City,Labor Commissioner,,,Under Votes,230
Union,17-Ant/BC,Labor Commissioner,,,Under Votes,12
Union,18-IC City,Labor Commissioner,,,Under Votes,118
Union,19-IC Rural,Labor Commissioner,,,Under Votes,68
Union,01 LG City,Labor Commissioner,,,Write-ins,2
Union,02-LG City,Labor Commissioner,,,Write-ins,6
Union,03-LG City,Labor Commissioner,,,Write-ins,2
Union,04-LG Rural,Labor Commissioner,,,Write-ins,1
Union,05-LG Rural,Labor Commissioner,,,Write-ins,3
Union,06-Cove City,Labor Commissioner,,,Write-ins,1
Union,07-Cove Rural,Labor Commissioner,,,Write-ins,1
Union,08-Elgin City,Labor Commissioner,,,Write-ins,4
Union,09-Elgin Rural,Labor Commissioner,,,Write-ins,4
Union,10-Imb City,Labor Commissioner,,,Write-ins,0
Union,11-Imb/Sum Rural,Labor Commissioner,,,Write-ins,0
Union,12-Sum City,Labor Commissioner,,,Write-ins,0
Union,13-NP Rural,Labor Commissioner,,,Write-ins,0
Union,14-NP City,Labor Commissioner,,,Write-ins,1
Union,15-Union Rural,Labor Commissioner,,,Write-ins,0
Union,16-Union City,Labor Commissioner,,,Write-ins,6
Union,17-Ant/BC,Labor Commissioner,,,Write-ins,0
Union,18-IC City,Labor Commissioner,,,Write-ins,0
Union,19-IC Rural,Labor Commissioner,,,Write-ins,0
Union,01 LG City,Measure 120,,,No,1012
Union,02-LG City,Measure 120,,,No,960
Union,03-LG City,Measure 120,,,No,996
Union,04-LG Rural,Measure 120,,,No,278
Union,05-LG Rural,Measure 120,,,No,793
Union,06-Cove City,Measure 120,,,No,246
Union,07-Cove Rural,Measure 120,,,No,437
Union,08-Elgin City,Measure 120,,,No,502
Union,09-Elgin Rural,Measure 120,,,No,427
Union,10-Imb City,Measure 120,,,No,135
Union,11-Imb/Sum Rural,Measure 120,,,No,460
Union,12-Sum City,Measure 120,,,No,43
Union,13-NP Rural,Measure 120,,,No,59
Union,14-NP City,Measure 120,,,No,136
Union,15-Union Rural,Measure 120,,,No,169
Union,16-Union City,Measure 120,,,No,741
Union,17-Ant/BC,Measure 120,,,No,41
Union,18-IC City,Measure 120,,,No,432
Union,19-IC Rural,Measure 120,,,No,202
Union,01 LG City,Measure 120,,,Over Votes,0
Union,02-LG City,Measure 120,,,Over Votes,0
Union,03-LG City,Measure 120,,,Over Votes,0
Union,04-LG Rural,Measure 120,,,Over Votes,0
Union,05-LG Rural,Measure 120,,,Over Votes,1
Union,06-Cove City,Measure 120,,,Over Votes,0
Union,07-Cove Rural,Measure 120,,,Over Votes,2
Union,08-Elgin City,Measure 120,,,Over Votes,2
Union,09-Elgin Rural,Measure 120,,,Over Votes,0
Union,10-Imb City,Measure 120,,,Over Votes,0
Union,11-Imb/Sum Rural,Measure 120,,,Over Votes,0
Union,12-Sum City,Measure 120,,,Over Votes,0
Union,13-NP Rural,Measure 120,,,Over Votes,0
Union,14-NP City,Measure 120,,,Over Votes,0
Union,15-Union Rural,Measure 120,,,Over Votes,0
Union,16-Union City,Measure 120,,,Over Votes,0
Union,17-Ant/BC,Measure 120,,,Over Votes,0
Union,18-IC City,Measure 120,,,Over Votes,0
Union,19-IC Rural,Measure 120,,,Over Votes,0
Union,01 LG City,Measure 120,,,Under Votes,43
Union,02-LG City,Measure 120,,,Under Votes,39
Union,03-LG City,Measure 120,,,Under Votes,26
Union,04-LG Rural,Measure 120,,,Under Votes,9
Union,05-LG Rural,Measure 120,,,Under Votes,24
Union,06-Cove City,Measure 120,,,Under Votes,6
Union,07-Cove Rural,Measure 120,,,Under Votes,11
Union,08-Elgin City,Measure 120,,,Under Votes,5
Union,09-Elgin Rural,Measure 120,,,Under Votes,5
Union,10-Imb City,Measure 120,,,Under Votes,3
Union,11-Imb/Sum Rural,Measure 120,,,Under Votes,13
Union,12-Sum City,Measure 120,,,Under Votes,2
Union,13-NP Rural,Measure 120,,,Under Votes,1
Union,14-NP City,Measure 120,,,Under Votes,4
Union,15-Union Rural,Measure 120,,,Under Votes,4
Union,16-Union City,Measure 120,,,Under Votes,14
Union,17-Ant/BC,Measure 120,,,Under Votes,2
Union,18-IC City,Measure 120,,,Under Votes,18
Union,19-IC Rural,Measure 120,,,Under Votes,7
Union,01 LG City,Measure 120,,,Yes,302
Union,02-LG City,Measure 120,,,Yes,135
Union,03-LG City,Measure 120,,,Yes,83
Union,04-LG Rural,Measure 120,,,Yes,21
Union,05-LG Rural,Measure 120,,,Yes,51
Union,06-Cove City,Measure 120,,,Yes,23
Union,07-Cove Rural,Measure 120,,,Yes,50
Union,08-Elgin City,Measure 120,,,Yes,5
Union,09-Elgin Rural,Measure 120,,,Yes,14
Union,10-Imb City,Measure 120,,,Yes,6
Union,11-Imb/Sum Rural,Measure 120,,,Yes,44
Union,12-Sum City,Measure 120,,,Yes,2
Union,13-NP Rural,Measure 120,,,Yes,2
Union,14-NP City,Measure 120,,,Yes,1
Union,15-Union Rural,Measure 120,,,Yes,12
Union,16-Union City,Measure 120,,,Yes,63
Union,17-Ant/BC,Measure 120,,,Yes,1
Union,18-IC City,Measure 120,,,Yes,20
Union,19-IC Rural,Measure 120,,,Yes,7
Union,01 LG City,Registered Voters,,,,2945
Union,02-LG City,Registered Voters,,,,2907
Union,03-LG City,Registered Voters,,,,3111
Union,04-LG Rural,Registered Voters,,,,516
Union,05-LG Rural,Registered Voters,,,,1626
Union,06-Cove City,Registered Voters,,,,533
Union,07-Cove Rural,Registered Voters,,,,835
Union,08-Elgin City,Registered Voters,,,,1289
Union,09-Elgin Rural,Registered Voters,,,,825
Union,10-Imb City,Registered Voters,,,,238
Union,11-Imb/Sum Rural,Registered Voters,,,,853
Union,12-Sum City,Registered Voters,,,,87
Union,13-NP Rural,Registered Voters,,,,140
Union,14-NP City,Registered Voters,,,,381
Union,15-Union Rural,Registered Voters,,,,320
Union,16-Union City,Registered Voters,,,,1675
Union,17-Ant/BC,Registered Voters,,,,90
Union,18-IC City,Registered Voters,,,,910
Union,19-IC Rural,Registered Voters,,,,363
Union,01 LG City,State House,58,D,Brian Campbell,278
Union,02-LG City,State House,58,D,Brian Campbell,170
Union,03-LG City,State House,58,D,Brian Campbell,148
Union,04-LG Rural,State House,58,D,Brian Campbell,23
Union,05-LG Rural,State House,58,D,Brian Campbell,89
Union,06-Cove City,State House,58,D,Brian Campbell,18
Union,07-Cove Rural,State House,58,D,Brian Campbell,39
Union,08-Elgin City,State House,58,D,Brian Campbell,37
Union,09-Elgin Rural,State House,58,D,Brian Campbell,23
Union,10-Imb City,State House,58,D,Brian Campbell,18
Union,11-Imb/Sum Rural,State House,58,D,Brian Campbell,35
Union,12-Sum City,State House,58,D,Brian Campbell,2
Union,13-NP Rural,State House,58,D,Brian Campbell,2
Union,14-NP City,State House,58,D,Brian Campbell,11
Union,15-Union Rural,State House,58,D,Brian Campbell,8
Union,16-Union City,State House,58,D,Brian Campbell,88
Union,17-Ant/BC,State House,58,D,Brian Campbell,4
Union,18-IC City,State House,58,D,Brian Campbell,61
Union,19-IC Rural,State House,58,D,Brian Campbell,14
Union,01 LG City,State House,58,D,Over Votes,0
Union,02-LG City,State House,58,D,Over Votes,0
Union,03-LG City,State House,58,D,Over Votes,0
Union,04-LG Rural,State House,58,D,Over Votes,0
Union,05-LG Rural,State House,58,D,Over Votes,0
Union,06-Cove City,State House,58,D,Over Votes,0
Union,07-Cove Rural,State House,58,D,Over Votes,0
Union,08-Elgin City,State House,58,D,Over Votes,0
Union,09-Elgin Rural,State House,58,D,Over Votes,0
Union,10-Imb City,State House,58,D,Over Votes,0
Union,11-Imb/Sum Rural,State House,58,D,Over Votes,0
Union,12-Sum City,State House,58,D,Over Votes,0
Union,13-NP Rural,State House,58,D,Over Votes,0
Union,14-NP City,State House,58,D,Over Votes,0
Union,15-Union Rural,State House,58,D,Over Votes,0
Union,16-Union City,State House,58,D,Over Votes,0
Union,17-Ant/BC,State House,58,D,Over Votes,0
Union,18-IC City,State House,58,D,Over Votes,0
Union,19-IC Rural,State House,58,D,Over Votes,0
Union,01 LG City,State House,58,D,Under Votes,169
Union,02-LG City,State House,58,D,Under Votes,100
Union,03-LG City,State House,58,D,Under Votes,78
Union,04-LG Rural,State House,58,D,Under Votes,30
Union,05-LG Rural,State House,58,D,Under Votes,60
Union,06-Cove City,State House,58,D,Under Votes,15
Union,07-Cove Rural,State House,58,D,Under Votes,41
Union,08-Elgin City,State House,58,D,Under Votes,25
Union,09-Elgin Rural,State House,58,D,Under Votes,25
Union,10-Imb City,State House,58,D,Under Votes,4
Union,11-Imb/Sum Rural,State House,58,D,Under Votes,26
Union,12-Sum City,State House,58,D,Under Votes,4
Union,13-NP Rural,State House,58,D,Under Votes,1
Union,14-NP City,State House,58,D,Under Votes,9
Union,15-Union Rural,State House,58,D,Under Votes,17
Union,16-Union City,State House,58,D,Under Votes,50
Union,17-Ant/BC,State House,58,D,Under Votes,2
Union,18-IC City,State House,58,D,Under Votes,27
Union,19-IC Rural,State House,58,D,Under Votes,12
Union,01 LG City,State House,58,D,Write-ins,7
Union,02-LG City,State House,58,D,Write-ins,4
Union,03-LG City,State House,58,D,Write-ins,9
Union,04-LG Rural,State House,58,D,Write-ins,0
Union,05-LG Rural,State House,58,D,Write-ins,6
Union,06-Cove City,State House,58,D,Write-ins,0
Union,07-Cove Rural,State House,58,D,Write-ins,2
Union,08-Elgin City,State House,58,D,Write-ins,1
Union,09-Elgin Rural,State House,58,D,Write-ins,1
Union,10-Imb City,State House,58,D,Write-ins,0
Union,11-Imb/Sum Rural,State House,58,D,Write-ins,1
Union,12-Sum City,State House,58,D,Write-ins,0
Union,13-NP Rural,State House,58,D,Write-ins,0
Union,14-NP City,State House,58,D,Write-ins,0
Union,15-Union Rural,State House,58,D,Write-ins,2
Union,16-Union City,State House,58,D,Write-ins,6
Union,17-Ant/BC,State House,58,D,Write-ins,0
Union,18-IC City,State House,58,D,Write-ins,1
Union,19-IC Rural,State House,58,D,Write-ins,0
Union,01 LG City,State House,58,R,Bobby Levy,369
Union,02-LG City,State House,58,R,Bobby Levy,437
Union,03-LG City,State House,58,R,Bobby Levy,433
Union,04-LG Rural,State House,58,R,Bobby Levy,151
Union,05-LG Rural,State House,58,R,Bobby Levy,395
Union,06-Cove City,State House,58,R,Bobby Levy,121
Union,07-Cove Rural,State House,58,R,Bobby Levy,234
Union,08-Elgin City,State House,58,R,Bobby Levy,283
Union,09-Elgin Rural,State House,58,R,Bobby Levy,239
Union,10-Imb City,State House,58,R,Bobby Levy,74
Union,11-Imb/Sum Rural,State House,58,R,Bobby Levy,254
Union,12-Sum City,State House,58,R,Bobby Levy,30
Union,13-NP Rural,State House,58,R,Bobby Levy,37
Union,14-NP City,State House,58,R,Bobby Levy,53
Union,15-Union Rural,State House,58,R,Bobby Levy,89
Union,16-Union City,State House,58,R,Bobby Levy,354
Union,17-Ant/BC,State House,58,R,Bobby Levy,19
Union,18-IC City,State House,58,R,Bobby Levy,226
Union,19-IC Rural,State House,58,R,Bobby Levy,118
Union,01 LG City,State House,58,R,Over Votes,0
Union,02-LG City,State House,58,R,Over Votes,0
Union,03-LG City,State House,58,R,Over Votes,0
Union,04-LG Rural,State House,58,R,Over Votes,0
Union,05-LG Rural,State House,58,R,Over Votes,0
Union,06-Cove City,State House,58,R,Over Votes,0
Union,07-Cove Rural,State House,58,R,Over Votes,0
Union,08-Elgin City,State House,58,R,Over Votes,0
Union,09-Elgin Rural,State House,58,R,Over Votes,0
Union,10-Imb City,State House,58,R,Over Votes,0
Union,11-Imb/Sum Rural,State House,58,R,Over Votes,0
Union,12-Sum City,State House,58,R,Over Votes,0
Union,13-NP Rural,State House,58,R,Over Votes,0
Union,14-NP City,State House,58,R,Over Votes,0
Union,15-Union Rural,State House,58,R,Over Votes,0
Union,16-Union City,State House,58,R,Over Votes,0
Union,17-Ant/BC,State House,58,R,Over Votes,0
Union,18-IC City,State House,58,R,Over Votes,0
Union,19-IC Rural,State House,58,R,Over Votes,0
Union,01 LG City,State House,58,R,Under Votes,144
Union,02-LG City,State House,58,R,Under Votes,128
Union,03-LG City,State House,58,R,Under Votes,160
Union,04-LG Rural,State House,58,R,Under Votes,45
Union,05-LG Rural,State House,58,R,Under Votes,141
Union,06-Cove City,State House,58,R,Under Votes,65
Union,07-Cove Rural,State House,58,R,Under Votes,79
Union,08-Elgin City,State House,58,R,Under Votes,55
Union,09-Elgin Rural,State House,58,R,Under Votes,80
Union,10-Imb City,State House,58,R,Under Votes,26
Union,11-Imb/Sum Rural,State House,58,R,Under Votes,95
Union,12-Sum City,State House,58,R,Under Votes,3
Union,13-NP Rural,State House,58,R,Under Votes,15
Union,14-NP City,State House,58,R,Under Votes,23
Union,15-Union Rural,State House,58,R,Under Votes,47
Union,16-Union City,State House,58,R,Under Votes,113
Union,17-Ant/BC,State House,58,R,Under Votes,14
Union,18-IC City,State House,58,R,Under Votes,67
Union,19-IC Rural,State House,58,R,Under Votes,34
Union,01 LG City,State House,58,R,Write-ins,7
Union,02-LG City,State House,58,R,Write-ins,3
Union,03-LG City,State House,58,R,Write-ins,3
Union,04-LG Rural,State House,58,R,Write-ins,1
Union,05-LG Rural,State House,58,R,Write-ins,3
Union,06-Cove City,State House,58,R,Write-ins,0
Union,07-Cove Rural,State House,58,R,Write-ins,3
Union,08-Elgin City,State House,58,R,Write-ins,5
Union,09-Elgin Rural,State House,58,R,Write-ins,0
Union,10-Imb City,State House,58,R,Write-ins,0
Union,11-Imb/Sum Rural,State House,58,R,Write-ins,1
Union,12-Sum City,State House,58,R,Write-ins,0
Union,13-NP Rural,State House,58,R,Write-ins,0
Union,14-NP City,State House,58,R,Write-ins,0
Union,15-Union Rural,State House,58,R,Write-ins,0
Union,16-Union City,State House,58,R,Write-ins,4
Union,17-Ant/BC,State House,58,R,Write-ins,0
Union,18-IC City,State House,58,R,Write-ins,2
Union,19-IC Rural,State House,58,R,Write-ins,0
Union,01 LG City,U.S. House,2,D,Chris Beck,139
Union,02-LG City,U.S. House,2,D,Chris Beck,66
Union,03-LG City,U.S. House,2,D,Chris Beck,45
Union,04-LG Rural,U.S. House,2,D,Chris Beck,15
Union,05-LG Rural,U.S. House,2,D,Chris Beck,31
Union,06-Cove City,U.S. House,2,D,Chris Beck,9
Union,07-Cove Rural,U.S. House,2,D,Chris Beck,24
Union,08-Elgin City,U.S. House,2,D,Chris Beck,6
Union,09-Elgin Rural,U.S. House,2,D,Chris Beck,11
Union,10-Imb City,U.S. House,2,D,Chris Beck,2
Union,11-Imb/Sum Rural,U.S. House,2,D,Chris Beck,11
Union,12-Sum City,U.S. House,2,D,Chris Beck,2
Union,13-NP Rural,U.S. House,2,D,Chris Beck,0
Union,14-NP City,U.S. House,2,D,Chris Beck,6
Union,15-Union Rural,U.S. House,2,D,Chris Beck,8
Union,16-Union City,U.S. House,2,D,Chris Beck,34
Union,17-Ant/BC,U.S. House,2,D,Chris Beck,3
Union,18-IC City,U.S. House,2,D,Chris Beck,15
Union,19-IC Rural,U.S. House,2,D,Chris Beck,7
Union,01 LG City,U.S. House,2,D,Dawn Rasmussen,75
Union,02-LG City,U.S. House,2,D,Dawn Rasmussen,46
Union,03-LG City,U.S. House,2,D,Dawn Rasmussen,45
Union,04-LG Rural,U.S. House,2,D,Dawn Rasmussen,2
Union,05-LG Rural,U.S. House,2,D,Dawn Rasmussen,34
Union,06-Cove City,U.S. House,2,D,Dawn Rasmussen,8
Union,07-Cove Rural,U.S. House,2,D,Dawn Rasmussen,19
Union,08-Elgin City,U.S. House,2,D,Dawn Rasmussen,9
Union,09-Elgin Rural,U.S. House,2,D,Dawn Rasmussen,7
Union,10-Imb City,U.S. House,2,D,Dawn Rasmussen,7
Union,11-Imb/Sum Rural,U.S. House,2,D,Dawn Rasmussen,7
Union,12-Sum City,U.S. House,2,D,Dawn Rasmussen,0
Union,13-NP Rural,U.S. House,2,D,Dawn Rasmussen,0
Union,14-NP City,U.S. House,2,D,Dawn Rasmussen,4
Union,15-Union Rural,U.S. House,2,D,Dawn Rasmussen,2
Union,16-Union City,U.S. House,2,D,Dawn Rasmussen,21
Union,17-Ant/BC,U.S. House,2,D,Dawn Rasmussen,0
Union,18-IC City,U.S. House,2,D,Dawn Rasmussen,15
Union,19-IC Rural,U.S. House,2,D,Dawn Rasmussen,3
Union,01 LG City,U.S. House,2,D,Mary Doyle,109
Union,02-LG City,U.S. House,2,D,Mary Doyle,54
Union,03-LG City,U.S. House,2,D,Mary Doyle,48
Union,04-LG Rural,U.S. House,2,D,Mary Doyle,11
Union,05-LG Rural,U.S. House,2,D,Mary Doyle,29
Union,06-Cove City,U.S. House,2,D,Mary Doyle,5
Union,07-Cove Rural,U.S. House,2,D,Mary Doyle,18
Union,08-Elgin City,U.S. House,2,D,Mary Doyle,16
Union,09-Elgin Rural,U.S. House,2,D,Mary Doyle,9
Union,10-Imb City,U.S. House,2,D,Mary Doyle,4
Union,11-Imb/Sum Rural,U.S. House,2,D,Mary Doyle,13
Union,12-Sum City,U.S. House,2,D,Mary Doyle,3
Union,13-NP Rural,U.S. House,2,D,Mary Doyle,1
Union,14-NP City,U.S. House,2,D,Mary Doyle,4
Union,15-Union Rural,U.S. House,2,D,Mary Doyle,3
Union,16-Union City,U.S. House,2,D,Mary Doyle,33
Union,17-Ant/BC,U.S. House,2,D,Mary Doyle,0
Union,18-IC City,U.S. House,2,D,Mary Doyle,23
Union,19-IC Rural,U.S. House,2,D,Mary Doyle,6
Union,01 LG City,U.S. House,2,D,Over Votes,1
Union,02-LG City,U.S. House,2,D,Over Votes,0
Union,03-LG City,U.S. House,2,D,Over Votes,0
Union,04-LG Rural,U.S. House,2,D,Over Votes,0
Union,05-LG Rural,U.S. House,2,D,Over Votes,0
Union,06-Cove City,U.S. House,2,D,Over Votes,0
Union,07-Cove Rural,U.S. House,2,D,Over Votes,0
Union,08-Elgin City,U.S. House,2,D,Over Votes,2
Union,09-Elgin Rural,U.S. House,2,D,Over Votes,0
Union,10-Imb City,U.S. House,2,D,Over Votes,0
Union,11-Imb/Sum Rural,U.S. House,2,D,Over Votes,0
Union,12-Sum City,U.S. House,2,D,Over Votes,0
Union,13-NP Rural,U.S. House,2,D,Over Votes,0
Union,14-NP City,U.S. House,2,D,Over Votes,0
Union,15-Union Rural,U.S. House,2,D,Over Votes,0
Union,16-Union City,U.S. House,2,D,Over Votes,1
Union,17-Ant/BC,U.S. House,2,D,Over Votes,0
Union,18-IC City,U.S. House,2,D,Over Votes,1
Union,19-IC Rural,U.S. House,2,D,Over Votes,0
Union,01 LG City,U.S. House,2,D,Patty Snow,36
Union,02-LG City,U.S. House,2,D,Patty Snow,18
Union,03-LG City,U.S. House,2,D,Patty Snow,18
Union,04-LG Rural,U.S. House,2,D,Patty Snow,3
Union,05-LG Rural,U.S. House,2,D,Patty Snow,13
Union,06-Cove City,U.S. House,2,D,Patty Snow,2
Union,07-Cove Rural,U.S. House,2,D,Patty Snow,7
Union,08-Elgin City,U.S. House,2,D,Patty Snow,5
Union,09-Elgin Rural,U.S. House,2,D,Patty Snow,3
Union,10-Imb City,U.S. House,2,D,Patty Snow,3
Union,11-Imb/Sum Rural,U.S. House,2,D,Patty Snow,6
Union,12-Sum City,U.S. House,2,D,Patty Snow,0
Union,13-NP Rural,U.S. House,2,D,Patty Snow,0
Union,14-NP City,U.S. House,2,D,Patty Snow,0
Union,15-Union Rural,U.S. House,2,D,Patty Snow,0
Union,16-Union City,U.S. House,2,D,Patty Snow,9
Union,17-Ant/BC,U.S. House,2,D,Patty Snow,1
Union,18-IC City,U.S. House,2,D,Patty Snow,4
Union,19-IC Rural,U.S. House,2,D,Patty Snow,3
Union,01 LG City,U.S. House,2,D,Peter Quince,7
Union,02-LG City,U.S. House,2,D,Peter Quince,9
Union,03-LG City,U.S. House,2,D,Peter Quince,10
Union,04-LG Rural,U.S. House,2,D,Peter Quince,1
Union,05-LG Rural,U.S. House,2,D,Peter Quince,4
Union,06-Cove City,U.S. House,2,D,Peter Quince,0
Union,07-Cove Rural,U.S. House,2,D,Peter Quince,0
Union,08-Elgin City,U.S. House,2,D,Peter Quince,3
Union,09-Elgin Rural,U.S. House,2,D,Peter Quince,0
Union,10-Imb City,U.S. House,2,D,Peter Quince,0
Union,11-Imb/Sum Rural,U.S. House,2,D,Peter Quince,1
Union,12-Sum City,U.S. House,2,D,Peter Quince,0
Union,13-NP Rural,U.S. House,2,D,Peter Quince,1
Union,14-NP City,U.S. House,2,D,Peter Quince,0
Union,15-Union Rural,U.S. House,2,D,Peter Quince,0
Union,16-Union City,U.S. House,2,D,Peter Quince,3
Union,17-Ant/BC,U.S. House,2,D,Peter Quince,0
Union,18-IC City,U.S. House,2,D,Peter Quince,1
Union,19-IC Rural,U.S. House,2,D,Peter Quince,0
Union,01 LG City,U.S. House,2,D,Rebecca Mueller,47
Union,02-LG City,U.S. House,2,D,Rebecca Mueller,35
Union,03-LG City,U.S. House,2,D,Rebecca Mueller,25
Union,04-LG Rural,U.S. House,2,D,Rebecca Mueller,7
Union,05-LG Rural,U.S. House,2,D,Rebecca Mueller,15
Union,06-Cove City,U.S. House,2,D,Rebecca Mueller,4
Union,07-Cove Rural,U.S. House,2,D,Rebecca Mueller,5
Union,08-Elgin City,U.S. House,2,D,Rebecca Mueller,6
Union,09-Elgin Rural,U.S. House,2,D,Rebecca Mueller,5
Union,10-Imb City,U.S. House,2,D,Rebecca Mueller,1
Union,11-Imb/Sum Rural,U.S. House,2,D,Rebecca Mueller,7
Union,12-Sum City,U.S. House,2,D,Rebecca Mueller,0
Union,13-NP Rural,U.S. House,2,D,Rebecca Mueller,0
Union,14-NP City,U.S. House,2,D,Rebecca Mueller,2
Union,15-Union Rural,U.S. House,2,D,Rebecca Mueller,3
Union,16-Union City,U.S. House,2,D,Rebecca Mueller,11
Union,17-Ant/BC,U.S. House,2,D,Rebecca Mueller,1
Union,18-IC City,U.S. House,2,D,Rebecca Mueller,11
Union,19-IC Rural,U.S. House,2,D,Rebecca Mueller,2
Union,01 LG City,U.S. House,2,D,Under Votes,34
Union,02-LG City,U.S. House,2,D,Under Votes,44
Union,03-LG City,U.S. House,2,D,Under Votes,37
Union,04-LG Rural,U.S. House,2,D,Under Votes,13
Union,05-LG Rural,U.S. House,2,D,Under Votes,25
Union,06-Cove City,U.S. House,2,D,Under Votes,5
Union,07-Cove Rural,U.S. House,2,D,Under Votes,8
Union,08-Elgin City,U.S. House,2,D,Under Votes,14
Union,09-Elgin Rural,U.S. House,2,D,Under Votes,14
Union,10-Imb City,U.S. House,2,D,Under Votes,5
Union,11-Imb/Sum Rural,U.S. House,2,D,Under Votes,17
Union,12-Sum City,U.S. House,2,D,Under Votes,1
Union,13-NP Rural,U.S. House,2,D,Under Votes,1
Union,14-NP City,U.S. House,2,D,Under Votes,4
Union,15-Union Rural,U.S. House,2,D,Under Votes,9
Union,16-Union City,U.S. House,2,D,Under Votes,26
Union,17-Ant/BC,U.S. House,2,D,Under Votes,0
Union,18-IC City,U.S. House,2,D,Under Votes,17
Union,19-IC Rural,U.S. House,2,D,Under Votes,4
Union,01 LG City,U.S. House,2,D,Write-ins,6
Union,02-LG City,U.S. House,2,D,Write-ins,2
Union,03-LG City,U.S. House,2,D,Write-ins,7
Union,04-LG Rural,U.S. House,2,D,Write-ins,1
Union,05-LG Rural,U.S. House,2,D,Write-ins,4
Union,06-Cove City,U.S. House,2,D,Write-ins,0
Union,07-Cove Rural,U.S. House,2,D,Write-ins,1
Union,08-Elgin City,U.S. House,2,D,Write-ins,2
Union,09-Elgin Rural,U.S. House,2,D,Write-ins,0
Union,10-Imb City,U.S. House,2,D,Write-ins,0
Union,11-Imb/Sum Rural,U.S. House,2,D,Write-ins,0
Union,12-Sum City,U.S. House,2,D,Write-ins,0
Union,13-NP Rural,U.S. House,2,D,Write-ins,0
Union,14-NP City,U.S. House,2,D,Write-ins,0
Union,15-Union Rural,U.S. House,2,D,Write-ins,2
Union,16-Union City,U.S. House,2,D,Write-ins,6
Union,17-Ant/BC,U.S. House,2,D,Write-ins,1
Union,18-IC City,U.S. House,2,D,Write-ins,2
Union,19-IC Rural,U.S. House,2,D,Write-ins,1
Union,01 LG City,U.S. House,2,R,Andrea Carr,27
Union,02-LG City,U.S. House,2,R,Andrea Carr,29
Union,03-LG City,U.S. House,2,R,Andrea Carr,45
Union,04-LG Rural,U.S. House,2,R,Andrea Carr,11
Union,05-LG Rural,U.S. House,2,R,Andrea Carr,17
Union,06-Cove City,U.S. House,2,R,Andrea Carr,8
Union,07-Cove Rural,U.S. House,2,R,Andrea Carr,12
Union,08-Elgin City,U.S. House,2,R,Andrea Carr,11
Union,09-Elgin Rural,U.S. House,2,R,Andrea Carr,7
Union,10-Imb City,U.S. House,2,R,Andrea Carr,2
Union,11-Imb/Sum Rural,U.S. House,2,R,Andrea Carr,9
Union,12-Sum City,U.S. House,2,R,Andrea Carr,3
Union,13-NP Rural,U.S. House,2,R,Andrea Carr,2
Union,14-NP City,U.S. House,2,R,Andrea Carr,3
Union,15-Union Rural,U.S. House,2,R,Andrea Carr,8
Union,16-Union City,U.S. House,2,R,Andrea Carr,18
Union,17-Ant/BC,U.S. House,2,R,Andrea Carr,1
Union,18-IC City,U.S. House,2,R,Andrea Carr,10
Union,19-IC Rural,U.S. House,2,R,Andrea Carr,6
Union,01 LG City,U.S. House,2,R,Cliff Bentz,331
Union,02-LG City,U.S. House,2,R,Cliff Bentz,386
Union,03-LG City,U.S. House,2,R,Cliff Bentz,387
Union,04-LG Rural,U.S. House,2,R,Cliff Bentz,142
Union,05-LG Rural,U.S. House,2,R,Cliff Bentz,403
Union,06-Cove City,U.S. House,2,R,Cliff Bentz,112
Union,07-Cove Rural,U.S. House,2,R,Cliff Bentz,222
Union,08-Elgin City,U.S. House,2,R,Cliff Bentz,251
Union,09-Elgin Rural,U.S. House,2,R,Cliff Bentz,237
Union,10-Imb City,U.S. House,2,R,Cliff Bentz,80
Union,11-Imb/Sum Rural,U.S. House,2,R,Cliff Bentz,239
Union,12-Sum City,U.S. House,2,R,Cliff Bentz,25
Union,13-NP Rural,U.S. House,2,R,Cliff Bentz,43
Union,14-NP City,U.S. House,2,R,Cliff Bentz,60
Union,15-Union Rural,U.S. House,2,R,Cliff Bentz,98
Union,16-Union City,U.S. House,2,R,Cliff Bentz,314
Union,17-Ant/BC,U.S. House,2,R,Cliff Bentz,30
Union,18-IC City,U.S. House,2,R,Cliff Bentz,209
Union,19-IC Rural,U.S. House,2,R,Cliff Bentz,109
Union,01 LG City,U.S. House,2,R,Over Votes,0
Union,02-LG City,U.S. House,2,R,Over Votes,2
Union,03-LG City,U.S. House,2,R,Over Votes,0
Union,04-LG Rural,U.S. House,2,R,Over Votes,0
Union,05-LG Rural,U.S. House,2,R,Over Votes,0
Union,06-Cove City,U.S. House,2,R,Over Votes,0
Union,07-Cove Rural,U.S. House,2,R,Over Votes,0
Union,08-Elgin City,U.S. House,2,R,Over Votes,0
Union,09-Elgin Rural,U.S. House,2,R,Over Votes,0
Union,10-Imb City,U.S. House,2,R,Over Votes,0
Union,11-Imb/Sum Rural,U.S. House,2,R,Over Votes,0
Union,12-Sum City,U.S. House,2,R,Over Votes,0
Union,13-NP Rural,U.S. House,2,R,Over Votes,0
Union,14-NP City,U.S. House,2,R,Over Votes,0
Union,15-Union Rural,U.S. House,2,R,Over Votes,0
Union,16-Union City,U.S. House,2,R,Over Votes,0
Union,17-Ant/BC,U.S. House,2,R,Over Votes,0
Union,18-IC City,U.S. House,2,R,Over Votes,0
Union,19-IC Rural,U.S. House,2,R,Over Votes,0
Union,01 LG City,U.S. House,2,R,Peter J. Larson,128
Union,02-LG City,U.S. House,2,R,Peter J. Larson,91
Union,03-LG City,U.S. House,2,R,Peter J. Larson,96
Union,04-LG Rural,U.S. House,2,R,Peter J. Larson,34
Union,05-LG Rural,U.S. House,2,R,Peter J. Larson,71
Union,06-Cove City,U.S. House,2,R,Peter J. Larson,38
Union,07-Cove Rural,U.S. House,2,R,Peter J. Larson,63
Union,08-Elgin City,U.S. House,2,R,Peter J. Larson,48
Union,09-Elgin Rural,U.S. House,2,R,Peter J. Larson,43
Union,10-Imb City,U.S. House,2,R,Peter J. Larson,14
Union,11-Imb/Sum Rural,U.S. House,2,R,Peter J. Larson,78
Union,12-Sum City,U.S. House,2,R,Peter J. Larson,3
Union,13-NP Rural,U.S. House,2,R,Peter J. Larson,6
Union,14-NP City,U.S. House,2,R,Peter J. Larson,7
Union,15-Union Rural,U.S. House,2,R,Peter J. Larson,20
Union,16-Union City,U.S. House,2,R,Peter J. Larson,91
Union,17-Ant/BC,U.S. House,2,R,Peter J. Larson,2
Union,18-IC City,U.S. House,2,R,Peter J. Larson,53
Union,19-IC Rural,U.S. House,2,R,Peter J. Larson,26
Union,01 LG City,U.S. House,2,R,Under Votes,33
Union,02-LG City,U.S. House,2,R,Under Votes,57
Union,03-LG City,U.S. House,2,R,Under Votes,65
Union,04-LG Rural,U.S. House,2,R,Under Votes,9
Union,05-LG Rural,U.S. House,2,R,Under Votes,44
Union,06-Cove City,U.S. House,2,R,Under Votes,27
Union,07-Cove Rural,U.S. House,2,R,Under Votes,19
Union,08-Elgin City,U.S. House,2,R,Under Votes,32
Union,09-Elgin Rural,U.S. House,2,R,Under Votes,28
Union,10-Imb City,U.S. House,2,R,Under Votes,4
Union,11-Imb/Sum Rural,U.S. House,2,R,Under Votes,23
Union,12-Sum City,U.S. House,2,R,Under Votes,2
Union,13-NP Rural,U.S. House,2,R,Under Votes,1
Union,14-NP City,U.S. House,2,R,Under Votes,6
Union,15-Union Rural,U.S. House,2,R,Under Votes,10
Union,16-Union City,U.S. House,2,R,Under Votes,48
Union,17-Ant/BC,U.S. House,2,R,Under Votes,0
Union,18-IC City,U.S. House,2,R,Under Votes,22
Union,19-IC Rural,U.S. House,2,R,Under Votes,11
Union,01 LG City,U.S. House,2,R,Write-ins,1
Union,02-LG City,U.S. House,2,R,Write-ins,3
Union,03-LG City,U.S. House,2,R,Write-ins,3
Union,04-LG Rural,U.S. House,2,R,Write-ins,1
Union,05-LG Rural,U.S. House,2,R,Write-ins,4
Union,06-Cove City,U.S. House,2,R,Write-ins,1
Union,07-Cove Rural,U.S. House,2,R,Write-ins,0
Union,08-Elgin City,U.S. House,2,R,Write-ins,1
Union,09-Elgin Rural,U.S. House,2,R,Write-ins,4
Union,10-Imb City,U.S. House,2,R,Write-ins,0
Union,11-Imb/Sum Rural,U.S. House,2,R,Write-ins,1
Union,12-Sum City,U.S. House,2,R,Write-ins,0
Union,13-NP Rural,U.S. House,2,R,Write-ins,0
Union,14-NP City,U.S. House,2,R,Write-ins,0
Union,15-Union Rural,U.S. House,2,R,Write-ins,0
Union,16-Union City,U.S. House,2,R,Write-ins,0
Union,17-Ant/BC,U.S. House,2,R,Write-ins,0
Union,18-IC City,U.S. House,2,R,Write-ins,1
Union,19-IC Rural,U.S. House,2,R,Write-ins,0
Union,01 LG City,U.S. Senate,,D,Jeff Merkley,404
Union,02-LG City,U.S. Senate,,D,Jeff Merkley,235
Union,03-LG City,U.S. Senate,,D,Jeff Merkley,190
Union,04-LG Rural,U.S. Senate,,D,Jeff Merkley,44
Union,05-LG Rural,U.S. Senate,,D,Jeff Merkley,129
Union,06-Cove City,U.S. Senate,,D,Jeff Merkley,29
Union,07-Cove Rural,U.S. Senate,,D,Jeff Merkley,67
Union,08-Elgin City,U.S. Senate,,D,Jeff Merkley,45
Union,09-Elgin Rural,U.S. Senate,,D,Jeff Merkley,33
Union,10-Imb City,U.S. Senate,,D,Jeff Merkley,16
Union,11-Imb/Sum Rural,U.S. Senate,,D,Jeff Merkley,50
Union,12-Sum City,U.S. Senate,,D,Jeff Merkley,4
Union,13-NP Rural,U.S. Senate,,D,Jeff Merkley,2
Union,14-NP City,U.S. Senate,,D,Jeff Merkley,17
Union,15-Union Rural,U.S. Senate,,D,Jeff Merkley,19
Union,16-Union City,U.S. Senate,,D,Jeff Merkley,116
Union,17-Ant/BC,U.S. Senate,,D,Jeff Merkley,6
Union,18-IC City,U.S. Senate,,D,Jeff Merkley,73
Union,19-IC Rural,U.S. Senate,,D,Jeff Merkley,19
Union,01 LG City,U.S. Senate,,D,Over Votes,0
Union,02-LG City,U.S. Senate,,D,Over Votes,0
Union,03-LG City,U.S. Senate,,D,Over Votes,0
Union,04-LG Rural,U.S. Senate,,D,Over Votes,0
Union,05-LG Rural,U.S. Senate,,D,Over Votes,0
Union,06-Cove City,U.S. Senate,,D,Over Votes,0
Union,07-Cove Rural,U.S. Senate,,D,Over Votes,0
Union,08-Elgin City,U.S. Senate,,D,Over Votes,0
Union,09-Elgin Rural,U.S. Senate,,D,Over Votes,0
Union,10-Imb City,U.S. Senate,,D,Over Votes,0
Union,11-Imb/Sum Rural,U.S. Senate,,D,Over Votes,0
Union,12-Sum City,U.S. Senate,,D,Over Votes,0
Union,13-NP Rural,U.S. Senate,,D,Over Votes,0
Union,14-NP City,U.S. Senate,,D,Over Votes,0
Union,15-Union Rural,U.S. Senate,,D,Over Votes,0
Union,16-Union City,U.S. Senate,,D,Over Votes,0
Union,17-Ant/BC,U.S. Senate,,D,Over Votes,0
Union,18-IC City,U.S. Senate,,D,Over Votes,0
Union,19-IC Rural,U.S. Senate,,D,Over Votes,0
Union,01 LG City,U.S. Senate,,D,Paul Damian Wells,36
Union,02-LG City,U.S. Senate,,D,Paul Damian Wells,26
Union,03-LG City,U.S. Senate,,D,Paul Damian Wells,25
Union,04-LG Rural,U.S. Senate,,D,Paul Damian Wells,4
Union,05-LG Rural,U.S. Senate,,D,Paul Damian Wells,20
Union,06-Cove City,U.S. Senate,,D,Paul Damian Wells,1
Union,07-Cove Rural,U.S. Senate,,D,Paul Damian Wells,11
Union,08-Elgin City,U.S. Senate,,D,Paul Damian Wells,12
Union,09-Elgin Rural,U.S. Senate,,D,Paul Damian Wells,12
Union,10-Imb City,U.S. Senate,,D,Paul Damian Wells,5
Union,11-Imb/Sum Rural,U.S. Senate,,D,Paul Damian Wells,8
Union,12-Sum City,U.S. Senate,,D,Paul Damian Wells,1
Union,13-NP Rural,U.S. Senate,,D,Paul Damian Wells,1
Union,14-NP City,U.S. Senate,,D,Paul Damian Wells,2
Union,15-Union Rural,U.S. Senate,,D,Paul Damian Wells,5
Union,16-Union City,U.S. Senate,,D,Paul Damian Wells,16
Union,17-Ant/BC,U.S. Senate,,D,Paul Damian Wells,0
Union,18-IC City,U.S. Senate,,D,Paul Damian Wells,11
Union,19-IC Rural,U.S. Senate,,D,Paul Damian Wells,4
Union,01 LG City,U.S. Senate,,D,Under Votes,11
Union,02-LG City,U.S. Senate,,D,Under Votes,11
Union,03-LG City,U.S. Senate,,D,Under Votes,17
Union,04-LG Rural,U.S. Senate,,D,Under Votes,5
Union,05-LG Rural,U.S. Senate,,D,Under Votes,4
Union,06-Cove City,U.S. Senate,,D,Under Votes,3
Union,07-Cove Rural,U.S. Senate,,D,Under Votes,4
Union,08-Elgin City,U.S. Senate,,D,Under Votes,4
Union,09-Elgin Rural,U.S. Senate,,D,Under Votes,4
Union,10-Imb City,U.S. Senate,,D,Under Votes,1
Union,11-Imb/Sum Rural,U.S. Senate,,D,Under Votes,4
Union,12-Sum City,U.S. Senate,,D,Under Votes,1
Union,13-NP Rural,U.S. Senate,,D,Under Votes,0
Union,14-NP City,U.S. Senate,,D,Under Votes,1
Union,15-Union Rural,U.S. Senate,,D,Under Votes,1
Union,16-Union City,U.S. Senate,,D,Under Votes,7
Union,17-Ant/BC,U.S. Senate,,D,Under Votes,0
Union,18-IC City,U.S. Senate,,D,Under Votes,5
Union,19-IC Rural,U.S. Senate,,D,Under Votes,3
Union,01 LG City,U.S. Senate,,D,Write-ins,3
Union,02-LG City,U.S. Senate,,D,Write-ins,2
Union,03-LG City,U.S. Senate,,D,Write-ins,3
Union,04-LG Rural,U.S. Senate,,D,Write-ins,0
Union,05-LG Rural,U.S. Senate,,D,Write-ins,2
Union,06-Cove City,U.S. Senate,,D,Write-ins,0
Union,07-Cove Rural,U.S. Senate,,D,Write-ins,0
Union,08-Elgin City,U.S. Senate,,D,Write-ins,2
Union,09-Elgin Rural,U.S. Senate,,D,Write-ins,0
Union,10-Imb City,U.S. Senate,,D,Write-ins,0
Union,11-Imb/Sum Rural,U.S. Senate,,D,Write-ins,0
Union,12-Sum City,U.S. Senate,,D,Write-ins,0
Union,13-NP Rural,U.S. Senate,,D,Write-ins,0
Union,14-NP City,U.S. Senate,,D,Write-ins,0
Union,15-Union Rural,U.S. Senate,,D,Write-ins,2
Union,16-Union City,U.S. Senate,,D,Write-ins,5
Union,17-Ant/BC,U.S. Senate,,D,Write-ins,0
Union,18-IC City,U.S. Senate,,D,Write-ins,0
Union,19-IC Rural,U.S. Senate,,D,Write-ins,0
Union,01 LG City,U.S. Senate,,R,Brent Barker,104
Union,02-LG City,U.S. Senate,,R,Brent Barker,114
Union,03-LG City,U.S. Senate,,R,Brent Barker,129
Union,04-LG Rural,U.S. Senate,,R,Brent Barker,35
Union,05-LG Rural,U.S. Senate,,R,Brent Barker,97
Union,06-Cove City,U.S. Senate,,R,Brent Barker,34
Union,07-Cove Rural,U.S. Senate,,R,Brent Barker,73
Union,08-Elgin City,U.S. Senate,,R,Brent Barker,73
Union,09-Elgin Rural,U.S. Senate,,R,Brent Barker,69
Union,10-Imb City,U.S. Senate,,R,Brent Barker,20
Union,11-Imb/Sum Rural,U.S. Senate,,R,Brent Barker,61
Union,12-Sum City,U.S. Senate,,R,Brent Barker,11
Union,13-NP Rural,U.S. Senate,,R,Brent Barker,9
Union,14-NP City,U.S. Senate,,R,Brent Barker,17
Union,15-Union Rural,U.S. Senate,,R,Brent Barker,29
Union,16-Union City,U.S. Senate,,R,Brent Barker,121
Union,17-Ant/BC,U.S. Senate,,R,Brent Barker,2
Union,18-IC City,U.S. Senate,,R,Brent Barker,46
Union,19-IC Rural,U.S. Senate,,R,Brent Barker,35
Union,01 LG City,U.S. Senate,,R,David A. Burch,16
Union,02-LG City,U.S. Senate,,R,David A. Burch,7
Union,03-LG City,U.S. Senate,,R,David A. Burch,19
Union,04-LG Rural,U.S. Senate,,R,David A. Burch,4
Union,05-LG Rural,U.S. Senate,,R,David A. Burch,4
Union,06-Cove City,U.S. Senate,,R,David A. Burch,1
Union,07-Cove Rural,U.S. Senate,,R,David A. Burch,3
Union,08-Elgin City,U.S. Senate,,R,David A. Burch,11
Union,09-Elgin Rural,U.S. Senate,,R,David A. Burch,3
Union,10-Imb City,U.S. Senate,,R,David A. Burch,2
Union,11-Imb/Sum Rural,U.S. Senate,,R,David A. Burch,8
Union,12-Sum City,U.S. Senate,,R,David A. Burch,0
Union,13-NP Rural,U.S. Senate,,R,David A. Burch,1
Union,14-NP City,U.S. Senate,,R,David A. Burch,2
Union,15-Union Rural,U.S. Senate,,R,David A. Burch,1
Union,16-Union City,U.S. Senate,,R,David A. Burch,4
Union,17-Ant/BC,U.S. Senate,,R,David A. Burch,0
Union,18-IC City,U.S. Senate,,R,David A. Burch,2
Union,19-IC Rural,U.S. Senate,,R,David A. Burch,2
Union,01 LG City,U.S. Senate,,R,David Brock Smith,152
Union,02-LG City,U.S. Senate,,R,David Brock Smith,127
Union,03-LG City,U.S. Senate,,R,David Brock Smith,148
Union,04-LG Rural,U.S. Senate,,R,David Brock Smith,62
Union,05-LG Rural,U.S. Senate,,R,David Brock Smith,167
Union,06-Cove City,U.S. Senate,,R,David Brock Smith,38
Union,07-Cove Rural,U.S. Senate,,R,David Brock Smith,87
Union,08-Elgin City,U.S. Senate,,R,David Brock Smith,91
Union,09-Elgin Rural,U.S. Senate,,R,David Brock Smith,82
Union,10-Imb City,U.S. Senate,,R,David Brock Smith,30
Union,11-Imb/Sum Rural,U.S. Senate,,R,David Brock Smith,81
Union,12-Sum City,U.S. Senate,,R,David Brock Smith,6
Union,13-NP Rural,U.S. Senate,,R,David Brock Smith,13
Union,14-NP City,U.S. Senate,,R,David Brock Smith,18
Union,15-Union Rural,U.S. Senate,,R,David Brock Smith,24
Union,16-Union City,U.S. Senate,,R,David Brock Smith,96
Union,17-Ant/BC,U.S. Senate,,R,David Brock Smith,8
Union,18-IC City,U.S. Senate,,R,David Brock Smith,84
Union,19-IC Rural,U.S. Senate,,R,David Brock Smith,48
Union,01 LG City,U.S. Senate,,R,Deborah C. Brown,19
Union,02-LG City,U.S. Senate,,R,Deborah C. Brown,23
Union,03-LG City,U.S. Senate,,R,Deborah C. Brown,22
Union,04-LG Rural,U.S. Senate,,R,Deborah C. Brown,8
Union,05-LG Rural,U.S. Senate,,R,Deborah C. Brown,18
Union,06-Cove City,U.S. Senate,,R,Deborah C. Brown,2
Union,07-Cove Rural,U.S. Senate,,R,Deborah C. Brown,3
Union,08-Elgin City,U.S. Senate,,R,Deborah C. Brown,13
Union,09-Elgin Rural,U.S. Senate,,R,Deborah C. Brown,4
Union,10-Imb City,U.S. Senate,,R,Deborah C. Brown,2
Union,11-Imb/Sum Rural,U.S. Senate,,R,Deborah C. Brown,13
Union,12-Sum City,U.S. Senate,,R,Deborah C. Brown,0
Union,13-NP Rural,U.S. Senate,,R,Deborah C. Brown,0
Union,14-NP City,U.S. Senate,,R,Deborah C. Brown,4
Union,15-Union Rural,U.S. Senate,,R,Deborah C. Brown,7
Union,16-Union City,U.S. Senate,,R,Deborah C. Brown,21
Union,17-Ant/BC,U.S. Senate,,R,Deborah C. Brown,8
Union,18-IC City,U.S. Senate,,R,Deborah C. Brown,11
Union,19-IC Rural,U.S. Senate,,R,Deborah C. Brown,3
Union,01 LG City,U.S. Senate,,R,Jo Rae Perkins,102
Union,02-LG City,U.S. Senate,,R,Jo Rae Perkins,136
Union,03-LG City,U.S. Senate,,R,Jo Rae Perkins,117
Union,04-LG Rural,U.S. Senate,,R,Jo Rae Perkins,43
Union,05-LG Rural,U.S. Senate,,R,Jo Rae Perkins,99
Union,06-Cove City,U.S. Senate,,R,Jo Rae Perkins,53
Union,07-Cove Rural,U.S. Senate,,R,Jo Rae Perkins,76
Union,08-Elgin City,U.S. Senate,,R,Jo Rae Perkins,80
Union,09-Elgin Rural,U.S. Senate,,R,Jo Rae Perkins,66
Union,10-Imb City,U.S. Senate,,R,Jo Rae Perkins,24
Union,11-Imb/Sum Rural,U.S. Senate,,R,Jo Rae Perkins,95
Union,12-Sum City,U.S. Senate,,R,Jo Rae Perkins,8
Union,13-NP Rural,U.S. Senate,,R,Jo Rae Perkins,19
Union,14-NP City,U.S. Senate,,R,Jo Rae Perkins,15
Union,15-Union Rural,U.S. Senate,,R,Jo Rae Perkins,33
Union,16-Union City,U.S. Senate,,R,Jo Rae Perkins,118
Union,17-Ant/BC,U.S. Senate,,R,Jo Rae Perkins,9
Union,18-IC City,U.S. Senate,,R,Jo Rae Perkins,67
Union,19-IC Rural,U.S. Senate,,R,Jo Rae Perkins,21
Union,01 LG City,U.S. Senate,,R,Over Votes,2
Union,02-LG City,U.S. Senate,,R,Over Votes,0
Union,03-LG City,U.S. Senate,,R,Over Votes,3
Union,04-LG Rural,U.S. Senate,,R,Over Votes,0
Union,05-LG Rural,U.S. Senate,,R,Over Votes,1
Union,06-Cove City,U.S. Senate,,R,Over Votes,0
Union,07-Cove Rural,U.S. Senate,,R,Over Votes,0
Union,08-Elgin City,U.S. Senate,,R,Over Votes,0
Union,09-Elgin Rural,U.S. Senate,,R,Over Votes,0
Union,10-Imb City,U.S. Senate,,R,Over Votes,0
Union,11-Imb/Sum Rural,U.S. Senate,,R,Over Votes,0
Union,12-Sum City,U.S. Senate,,R,Over Votes,0
Union,13-NP Rural,U.S. Senate,,R,Over Votes,0
Union,14-NP City,U.S. Senate,,R,Over Votes,0
Union,15-Union Rural,U.S. Senate,,R,Over Votes,0
Union,16-Union City,U.S. Senate,,R,Over Votes,1
Union,17-Ant/BC,U.S. Senate,,R,Over Votes,0
Union,18-IC City,U.S. Senate,,R,Over Votes,1
Union,19-IC Rural,U.S. Senate,,R,Over Votes,1
Union,01 LG City,U.S. Senate,,R,Russell McAlmond,41
Union,02-LG City,U.S. Senate,,R,Russell McAlmond,48
Union,03-LG City,U.S. Senate,,R,Russell McAlmond,60
Union,04-LG Rural,U.S. Senate,,R,Russell McAlmond,15
Union,05-LG Rural,U.S. Senate,,R,Russell McAlmond,50
Union,06-Cove City,U.S. Senate,,R,Russell McAlmond,14
Union,07-Cove Rural,U.S. Senate,,R,Russell McAlmond,31
Union,08-Elgin City,U.S. Senate,,R,Russell McAlmond,33
Union,09-Elgin Rural,U.S. Senate,,R,Russell McAlmond,26
Union,10-Imb City,U.S. Senate,,R,Russell McAlmond,5
Union,11-Imb/Sum Rural,U.S. Senate,,R,Russell McAlmond,36
Union,12-Sum City,U.S. Senate,,R,Russell McAlmond,6
Union,13-NP Rural,U.S. Senate,,R,Russell McAlmond,1
Union,14-NP City,U.S. Senate,,R,Russell McAlmond,2
Union,15-Union Rural,U.S. Senate,,R,Russell McAlmond,12
Union,16-Union City,U.S. Senate,,R,Russell McAlmond,43
Union,17-Ant/BC,U.S. Senate,,R,Russell McAlmond,4
Union,18-IC City,U.S. Senate,,R,Russell McAlmond,39
Union,19-IC Rural,U.S. Senate,,R,Russell McAlmond,16
Union,01 LG City,U.S. Senate,,R,Timothy Skelton,4
Union,02-LG City,U.S. Senate,,R,Timothy Skelton,6
Union,03-LG City,U.S. Senate,,R,Timothy Skelton,6
Union,04-LG Rural,U.S. Senate,,R,Timothy Skelton,4
Union,05-LG Rural,U.S. Senate,,R,Timothy Skelton,5
Union,06-Cove City,U.S. Senate,,R,Timothy Skelton,0
Union,07-Cove Rural,U.S. Senate,,R,Timothy Skelton,1
Union,08-Elgin City,U.S. Senate,,R,Timothy Skelton,7
Union,09-Elgin Rural,U.S. Senate,,R,Timothy Skelton,1
Union,10-Imb City,U.S. Senate,,R,Timothy Skelton,2
Union,11-Imb/Sum Rural,U.S. Senate,,R,Timothy Skelton,2
Union,12-Sum City,U.S. Senate,,R,Timothy Skelton,0
Union,13-NP Rural,U.S. Senate,,R,Timothy Skelton,0
Union,14-NP City,U.S. Senate,,R,Timothy Skelton,0
Union,15-Union Rural,U.S. Senate,,R,Timothy Skelton,1
Union,16-Union City,U.S. Senate,,R,Timothy Skelton,6
Union,17-Ant/BC,U.S. Senate,,R,Timothy Skelton,0
Union,18-IC City,U.S. Senate,,R,Timothy Skelton,4
Union,19-IC Rural,U.S. Senate,,R,Timothy Skelton,1
Union,01 LG City,U.S. Senate,,R,Under Votes,76
Union,02-LG City,U.S. Senate,,R,Under Votes,101
Union,03-LG City,U.S. Senate,,R,Under Votes,87
Union,04-LG Rural,U.S. Senate,,R,Under Votes,25
Union,05-LG Rural,U.S. Senate,,R,Under Votes,93
Union,06-Cove City,U.S. Senate,,R,Under Votes,43
Union,07-Cove Rural,U.S. Senate,,R,Under Votes,40
Union,08-Elgin City,U.S. Senate,,R,Under Votes,33
Union,09-Elgin Rural,U.S. Senate,,R,Under Votes,67
Union,10-Imb City,U.S. Senate,,R,Under Votes,15
Union,11-Imb/Sum Rural,U.S. Senate,,R,Under Votes,54
Union,12-Sum City,U.S. Senate,,R,Under Votes,2
Union,13-NP Rural,U.S. Senate,,R,Under Votes,9
Union,14-NP City,U.S. Senate,,R,Under Votes,18
Union,15-Union Rural,U.S. Senate,,R,Under Votes,29
Union,16-Union City,U.S. Senate,,R,Under Votes,61
Union,17-Ant/BC,U.S. Senate,,R,Under Votes,2
Union,18-IC City,U.S. Senate,,R,Under Votes,40
Union,19-IC Rural,U.S. Senate,,R,Under Votes,25
Union,01 LG City,U.S. Senate,,R,Write-ins,4
Union,02-LG City,U.S. Senate,,R,Write-ins,6
Union,03-LG City,U.S. Senate,,R,Write-ins,5
Union,04-LG Rural,U.S. Senate,,R,Write-ins,1
Union,05-LG Rural,U.S. Senate,,R,Write-ins,5
Union,06-Cove City,U.S. Senate,,R,Write-ins,1
Union,07-Cove Rural,U.S. Senate,,R,Write-ins,2
Union,08-Elgin City,U.S. Senate,,R,Write-ins,2
Union,09-Elgin Rural,U.S. Senate,,R,Write-ins,1
Union,10-Imb City,U.S. Senate,,R,Write-ins,0
Union,11-Imb/Sum Rural,U.S. Senate,,R,Write-ins,0
Union,12-Sum City,U.S. Senate,,R,Write-ins,0
Union,13-NP Rural,U.S. Senate,,R,Write-ins,0
Union,14-NP City,U.S. Senate,,R,Write-ins,0
Union,15-Union Rural,U.S. Senate,,R,Write-ins,0
Union,16-Union City,U.S. Senate,,R,Write-ins,0
Union,17-Ant/BC,U.S. Senate,,R,Write-ins,0
Union,18-IC City,U.S. Senate,,R,Write-ins,1
Union,19-IC Rural,U.S. Senate,,R,Write-ins,0
