county,precinct,office,district,party,candidate,votes
Clatsop,101 - Astoria West,Ballots Cast,,,,1590
Clatsop,102 - Astoria East,Ballots Cast,,,,1090
Clatsop,103 - John Day/Walluski,Ballots Cast,,,,433
Clatsop,104 - Astoria South,Ballots Cast,,,,496
Clatsop,105 - Svensen,Ballots Cast,,,,651
Clatsop,106 - Knappa,Ballots Cast,,,,666
Clatsop,107 - Westport/Hillcrest,Ballots Cast,,,,197
Clatsop,108 - Jewell,Ballots Cast,,,,232
Clatsop,109 - Olney,Ballots Cast,,,,262
Clatsop,110 - Stanley Acres,Ballots Cast,,,,122
Clatsop,111 - Lewis and Clark/Chadwell,Ballots Cast,,,,836
Clatsop,112 - Warrenton East,Ballots Cast,,,,412
Clatsop,113 - Warrenton West,Ballots Cast,,,,1258
Clatsop,114 - Clatsop Plains North,Ballots Cast,,,,456
Clatsop,115 - Clatsop Plains South,Ballots Cast,,,,815
Clatsop,116 - Gearhart,Ballots Cast,,,,927
Clatsop,117 - Seaside North,Ballots Cast,,,,294
Clatsop,118 - Seaside West,Ballots Cast,,,,318
Clatsop,119 - Seaside East,Ballots Cast,,,,534
Clatsop,120 - Seaside South,Ballots Cast,,,,682
Clatsop,121 - Necanicum,Ballots Cast,,,,171
Clatsop,122 - Arch Cape,Ballots Cast,,,,145
Clatsop,123 - Cannon Beach,Ballots Cast,,,,605
Clatsop,124 - Hamlet,Ballots Cast,,,,169
Clatsop,125 - Elsie,Ballots Cast,,,,168
Clatsop,101 - Astoria West,Ballots Cast Blank,,,,0
Clatsop,102 - Astoria East,Ballots Cast Blank,,,,0
Clatsop,103 - John Day/Walluski,Ballots Cast Blank,,,,0
Clatsop,104 - Astoria South,Ballots Cast Blank,,,,1
Clatsop,105 - Svensen,Ballots Cast Blank,,,,1
Clatsop,106 - Knappa,Ballots Cast Blank,,,,1
Clatsop,107 - Westport/Hillcrest,Ballots Cast Blank,,,,0
Clatsop,108 - Jewell,Ballots Cast Blank,,,,1
Clatsop,109 - Olney,Ballots Cast Blank,,,,0
Clatsop,110 - Stanley Acres,Ballots Cast Blank,,,,0
Clatsop,111 - Lewis and Clark/Chadwell,Ballots Cast Blank,,,,0
Clatsop,112 - Warrenton East,Ballots Cast Blank,,,,0
Clatsop,113 - Warrenton West,Ballots Cast Blank,,,,0
Clatsop,114 - Clatsop Plains North,Ballots Cast Blank,,,,1
Clatsop,115 - Clatsop Plains South,Ballots Cast Blank,,,,1
Clatsop,116 - Gearhart,Ballots Cast Blank,,,,0
Clatsop,117 - Seaside North,Ballots Cast Blank,,,,0
Clatsop,118 - Seaside West,Ballots Cast Blank,,,,0
Clatsop,119 - Seaside East,Ballots Cast Blank,,,,1
Clatsop,120 - Seaside South,Ballots Cast Blank,,,,0
Clatsop,121 - Necanicum,Ballots Cast Blank,,,,0
Clatsop,122 - Arch Cape,Ballots Cast Blank,,,,0
Clatsop,123 - Cannon Beach,Ballots Cast Blank,,,,0
Clatsop,124 - Hamlet,Ballots Cast Blank,,,,0
Clatsop,125 - Elsie,Ballots Cast Blank,,,,0
Clatsop,101 - Astoria West,District Attorney,,,Dawn H. Buzzard,935
Clatsop,102 - Astoria East,District Attorney,,,Dawn H. Buzzard,633
Clatsop,103 - John Day/Walluski,District Attorney,,,Dawn H. Buzzard,260
Clatsop,104 - Astoria South,District Attorney,,,Dawn H. Buzzard,317
Clatsop,105 - Svensen,District Attorney,,,Dawn H. Buzzard,349
Clatsop,106 - Knappa,District Attorney,,,Dawn H. Buzzard,382
Clatsop,107 - Westport/Hillcrest,District Attorney,,,Dawn H. Buzzard,121
Clatsop,108 - Jewell,District Attorney,,,Dawn H. Buzzard,99
Clatsop,109 - Olney,District Attorney,,,Dawn H. Buzzard,124
Clatsop,110 - Stanley Acres,District Attorney,,,Dawn H. Buzzard,66
Clatsop,111 - Lewis and Clark/Chadwell,District Attorney,,,Dawn H. Buzzard,468
Clatsop,112 - Warrenton East,District Attorney,,,Dawn H. Buzzard,252
Clatsop,113 - Warrenton West,District Attorney,,,Dawn H. Buzzard,773
Clatsop,114 - Clatsop Plains North,District Attorney,,,Dawn H. Buzzard,267
Clatsop,115 - Clatsop Plains South,District Attorney,,,Dawn H. Buzzard,469
Clatsop,116 - Gearhart,District Attorney,,,Dawn H. Buzzard,559
Clatsop,117 - Seaside North,District Attorney,,,Dawn H. Buzzard,167
Clatsop,118 - Seaside West,District Attorney,,,Dawn H. Buzzard,178
Clatsop,119 - Seaside East,District Attorney,,,Dawn H. Buzzard,348
Clatsop,120 - Seaside South,District Attorney,,,Dawn H. Buzzard,430
Clatsop,121 - Necanicum,District Attorney,,,Dawn H. Buzzard,83
Clatsop,122 - Arch Cape,District Attorney,,,Dawn H. Buzzard,77
Clatsop,123 - Cannon Beach,District Attorney,,,Dawn H. Buzzard,360
Clatsop,124 - Hamlet,District Attorney,,,Dawn H. Buzzard,104
Clatsop,125 - Elsie,District Attorney,,,Dawn H. Buzzard,85
Clatsop,101 - Astoria West,District Attorney,,,Over Votes,0
Clatsop,102 - Astoria East,District Attorney,,,Over Votes,0
Clatsop,103 - John Day/Walluski,District Attorney,,,Over Votes,0
Clatsop,104 - Astoria South,District Attorney,,,Over Votes,0
Clatsop,105 - Svensen,District Attorney,,,Over Votes,0
Clatsop,106 - Knappa,District Attorney,,,Over Votes,0
Clatsop,107 - Westport/Hillcrest,District Attorney,,,Over Votes,0
Clatsop,108 - Jewell,District Attorney,,,Over Votes,0
Clatsop,109 - Olney,District Attorney,,,Over Votes,0
Clatsop,110 - Stanley Acres,District Attorney,,,Over Votes,0
Clatsop,111 - Lewis and Clark/Chadwell,District Attorney,,,Over Votes,0
Clatsop,112 - Warrenton East,District Attorney,,,Over Votes,0
Clatsop,113 - Warrenton West,District Attorney,,,Over Votes,0
Clatsop,114 - Clatsop Plains North,District Attorney,,,Over Votes,0
Clatsop,115 - Clatsop Plains South,District Attorney,,,Over Votes,0
Clatsop,116 - Gearhart,District Attorney,,,Over Votes,0
Clatsop,117 - Seaside North,District Attorney,,,Over Votes,0
Clatsop,118 - Seaside West,District Attorney,,,Over Votes,0
Clatsop,119 - Seaside East,District Attorney,,,Over Votes,0
Clatsop,120 - Seaside South,District Attorney,,,Over Votes,0
Clatsop,121 - Necanicum,District Attorney,,,Over Votes,0
Clatsop,122 - Arch Cape,District Attorney,,,Over Votes,0
Clatsop,123 - Cannon Beach,District Attorney,,,Over Votes,0
Clatsop,124 - Hamlet,District Attorney,,,Over Votes,0
Clatsop,125 - Elsie,District Attorney,,,Over Votes,0
Clatsop,101 - Astoria West,District Attorney,,,Under Votes,629
Clatsop,102 - Astoria East,District Attorney,,,Under Votes,443
Clatsop,103 - John Day/Walluski,District Attorney,,,Under Votes,166
Clatsop,104 - Astoria South,District Attorney,,,Under Votes,175
Clatsop,105 - Svensen,District Attorney,,,Under Votes,292
Clatsop,106 - Knappa,District Attorney,,,Under Votes,280
Clatsop,107 - Westport/Hillcrest,District Attorney,,,Under Votes,75
Clatsop,108 - Jewell,District Attorney,,,Under Votes,130
Clatsop,109 - Olney,District Attorney,,,Under Votes,135
Clatsop,110 - Stanley Acres,District Attorney,,,Under Votes,55
Clatsop,111 - Lewis and Clark/Chadwell,District Attorney,,,Under Votes,360
Clatsop,112 - Warrenton East,District Attorney,,,Under Votes,154
Clatsop,113 - Warrenton West,District Attorney,,,Under Votes,469
Clatsop,114 - Clatsop Plains North,District Attorney,,,Under Votes,179
Clatsop,115 - Clatsop Plains South,District Attorney,,,Under Votes,331
Clatsop,116 - Gearhart,District Attorney,,,Under Votes,368
Clatsop,117 - Seaside North,District Attorney,,,Under Votes,121
Clatsop,118 - Seaside West,District Attorney,,,Under Votes,137
Clatsop,119 - Seaside East,District Attorney,,,Under Votes,185
Clatsop,120 - Seaside South,District Attorney,,,Under Votes,242
Clatsop,121 - Necanicum,District Attorney,,,Under Votes,86
Clatsop,122 - Arch Cape,District Attorney,,,Under Votes,68
Clatsop,123 - Cannon Beach,District Attorney,,,Under Votes,241
Clatsop,124 - Hamlet,District Attorney,,,Under Votes,65
Clatsop,125 - Elsie,District Attorney,,,Under Votes,81
Clatsop,101 - Astoria West,District Attorney,,,Write-ins,26
Clatsop,102 - Astoria East,District Attorney,,,Write-ins,14
Clatsop,103 - John Day/Walluski,District Attorney,,,Write-ins,7
Clatsop,104 - Astoria South,District Attorney,,,Write-ins,4
Clatsop,105 - Svensen,District Attorney,,,Write-ins,10
Clatsop,106 - Knappa,District Attorney,,,Write-ins,4
Clatsop,107 - Westport/Hillcrest,District Attorney,,,Write-ins,1
Clatsop,108 - Jewell,District Attorney,,,Write-ins,3
Clatsop,109 - Olney,District Attorney,,,Write-ins,3
Clatsop,110 - Stanley Acres,District Attorney,,,Write-ins,1
Clatsop,111 - Lewis and Clark/Chadwell,District Attorney,,,Write-ins,8
Clatsop,112 - Warrenton East,District Attorney,,,Write-ins,6
Clatsop,113 - Warrenton West,District Attorney,,,Write-ins,16
Clatsop,114 - Clatsop Plains North,District Attorney,,,Write-ins,10
Clatsop,115 - Clatsop Plains South,District Attorney,,,Write-ins,15
Clatsop,116 - Gearhart,District Attorney,,,Write-ins,0
Clatsop,117 - Seaside North,District Attorney,,,Write-ins,6
Clatsop,118 - Seaside West,District Attorney,,,Write-ins,3
Clatsop,119 - Seaside East,District Attorney,,,Write-ins,1
Clatsop,120 - Seaside South,District Attorney,,,Write-ins,10
Clatsop,121 - Necanicum,District Attorney,,,Write-ins,2
Clatsop,122 - Arch Cape,District Attorney,,,Write-ins,0
Clatsop,123 - Cannon Beach,District Attorney,,,Write-ins,4
Clatsop,124 - Hamlet,District Attorney,,,Write-ins,0
Clatsop,125 - Elsie,District Attorney,,,Write-ins,2
Clatsop,101 - Astoria West,Governor,,D,Brittany Jones,16
Clatsop,102 - Astoria East,Governor,,D,Brittany Jones,11
Clatsop,103 - John Day/Walluski,Governor,,D,Brittany Jones,11
Clatsop,104 - Astoria South,Governor,,D,Brittany Jones,3
Clatsop,105 - Svensen,Governor,,D,Brittany Jones,10
Clatsop,106 - Knappa,Governor,,D,Brittany Jones,4
Clatsop,107 - Westport/Hillcrest,Governor,,D,Brittany Jones,2
Clatsop,108 - Jewell,Governor,,D,Brittany Jones,2
Clatsop,109 - Olney,Governor,,D,Brittany Jones,1
Clatsop,110 - Stanley Acres,Governor,,D,Brittany Jones,2
Clatsop,111 - Lewis and Clark/Chadwell,Governor,,D,Brittany Jones,4
Clatsop,112 - Warrenton East,Governor,,D,Brittany Jones,5
Clatsop,113 - Warrenton West,Governor,,D,Brittany Jones,13
Clatsop,114 - Clatsop Plains North,Governor,,D,Brittany Jones,5
Clatsop,115 - Clatsop Plains South,Governor,,D,Brittany Jones,6
Clatsop,116 - Gearhart,Governor,,D,Brittany Jones,3
Clatsop,117 - Seaside North,Governor,,D,Brittany Jones,8
Clatsop,118 - Seaside West,Governor,,D,Brittany Jones,5
Clatsop,119 - Seaside East,Governor,,D,Brittany Jones,2
Clatsop,120 - Seaside South,Governor,,D,Brittany Jones,7
Clatsop,121 - Necanicum,Governor,,D,Brittany Jones,4
Clatsop,122 - Arch Cape,Governor,,D,Brittany Jones,1
Clatsop,123 - Cannon Beach,Governor,,D,Brittany Jones,3
Clatsop,124 - Hamlet,Governor,,D,Brittany Jones,2
Clatsop,125 - Elsie,Governor,,D,Brittany Jones,6
Clatsop,101 - Astoria West,Governor,,D,Cal Kishawi,6
Clatsop,102 - Astoria East,Governor,,D,Cal Kishawi,6
Clatsop,103 - John Day/Walluski,Governor,,D,Cal Kishawi,1
Clatsop,104 - Astoria South,Governor,,D,Cal Kishawi,2
Clatsop,105 - Svensen,Governor,,D,Cal Kishawi,1
Clatsop,106 - Knappa,Governor,,D,Cal Kishawi,1
Clatsop,107 - Westport/Hillcrest,Governor,,D,Cal Kishawi,1
Clatsop,108 - Jewell,Governor,,D,Cal Kishawi,0
Clatsop,109 - Olney,Governor,,D,Cal Kishawi,1
Clatsop,110 - Stanley Acres,Governor,,D,Cal Kishawi,1
Clatsop,111 - Lewis and Clark/Chadwell,Governor,,D,Cal Kishawi,1
Clatsop,112 - Warrenton East,Governor,,D,Cal Kishawi,1
Clatsop,113 - Warrenton West,Governor,,D,Cal Kishawi,6
Clatsop,114 - Clatsop Plains North,Governor,,D,Cal Kishawi,3
Clatsop,115 - Clatsop Plains South,Governor,,D,Cal Kishawi,0
Clatsop,116 - Gearhart,Governor,,D,Cal Kishawi,0
Clatsop,117 - Seaside North,Governor,,D,Cal Kishawi,0
Clatsop,118 - Seaside West,Governor,,D,Cal Kishawi,0
Clatsop,119 - Seaside East,Governor,,D,Cal Kishawi,3
Clatsop,120 - Seaside South,Governor,,D,Cal Kishawi,3
Clatsop,121 - Necanicum,Governor,,D,Cal Kishawi,0
Clatsop,122 - Arch Cape,Governor,,D,Cal Kishawi,0
Clatsop,123 - Cannon Beach,Governor,,D,Cal Kishawi,0
Clatsop,124 - Hamlet,Governor,,D,Cal Kishawi,0
Clatsop,125 - Elsie,Governor,,D,Cal Kishawi,0
Clatsop,101 - Astoria West,Governor,,D,David W. Beem,4
Clatsop,102 - Astoria East,Governor,,D,David W. Beem,4
Clatsop,103 - John Day/Walluski,Governor,,D,David W. Beem,2
Clatsop,104 - Astoria South,Governor,,D,David W. Beem,1
Clatsop,105 - Svensen,Governor,,D,David W. Beem,2
Clatsop,106 - Knappa,Governor,,D,David W. Beem,3
Clatsop,107 - Westport/Hillcrest,Governor,,D,David W. Beem,2
Clatsop,108 - Jewell,Governor,,D,David W. Beem,1
Clatsop,109 - Olney,Governor,,D,David W. Beem,0
Clatsop,110 - Stanley Acres,Governor,,D,David W. Beem,1
Clatsop,111 - Lewis and Clark/Chadwell,Governor,,D,David W. Beem,1
Clatsop,112 - Warrenton East,Governor,,D,David W. Beem,1
Clatsop,113 - Warrenton West,Governor,,D,David W. Beem,3
Clatsop,114 - Clatsop Plains North,Governor,,D,David W. Beem,2
Clatsop,115 - Clatsop Plains South,Governor,,D,David W. Beem,5
Clatsop,116 - Gearhart,Governor,,D,David W. Beem,2
Clatsop,117 - Seaside North,Governor,,D,David W. Beem,4
Clatsop,118 - Seaside West,Governor,,D,David W. Beem,2
Clatsop,119 - Seaside East,Governor,,D,David W. Beem,2
Clatsop,120 - Seaside South,Governor,,D,David W. Beem,1
Clatsop,121 - Necanicum,Governor,,D,David W. Beem,2
Clatsop,122 - Arch Cape,Governor,,D,David W. Beem,0
Clatsop,123 - Cannon Beach,Governor,,D,David W. Beem,3
Clatsop,124 - Hamlet,Governor,,D,David W. Beem,0
Clatsop,125 - Elsie,Governor,,D,David W. Beem,1
Clatsop,101 - Astoria West,Governor,,D,Donnie M. Beckwith,0
Clatsop,102 - Astoria East,Governor,,D,Donnie M. Beckwith,1
Clatsop,103 - John Day/Walluski,Governor,,D,Donnie M. Beckwith,0
Clatsop,104 - Astoria South,Governor,,D,Donnie M. Beckwith,0
Clatsop,105 - Svensen,Governor,,D,Donnie M. Beckwith,6
Clatsop,106 - Knappa,Governor,,D,Donnie M. Beckwith,7
Clatsop,107 - Westport/Hillcrest,Governor,,D,Donnie M. Beckwith,2
Clatsop,108 - Jewell,Governor,,D,Donnie M. Beckwith,0
Clatsop,109 - Olney,Governor,,D,Donnie M. Beckwith,0
Clatsop,110 - Stanley Acres,Governor,,D,Donnie M. Beckwith,0
Clatsop,111 - Lewis and Clark/Chadwell,Governor,,D,Donnie M. Beckwith,2
Clatsop,112 - Warrenton East,Governor,,D,Donnie M. Beckwith,0
Clatsop,113 - Warrenton West,Governor,,D,Donnie M. Beckwith,0
Clatsop,114 - Clatsop Plains North,Governor,,D,Donnie M. Beckwith,1
Clatsop,115 - Clatsop Plains South,Governor,,D,Donnie M. Beckwith,1
Clatsop,116 - Gearhart,Governor,,D,Donnie M. Beckwith,1
Clatsop,117 - Seaside North,Governor,,D,Donnie M. Beckwith,2
Clatsop,118 - Seaside West,Governor,,D,Donnie M. Beckwith,1
Clatsop,119 - Seaside East,Governor,,D,Donnie M. Beckwith,1
Clatsop,120 - Seaside South,Governor,,D,Donnie M. Beckwith,6
Clatsop,121 - Necanicum,Governor,,D,Donnie M. Beckwith,1
Clatsop,122 - Arch Cape,Governor,,D,Donnie M. Beckwith,0
Clatsop,123 - Cannon Beach,Governor,,D,Donnie M. Beckwith,0
Clatsop,124 - Hamlet,Governor,,D,Donnie M. Beckwith,0
Clatsop,125 - Elsie,Governor,,D,Donnie M. Beckwith,1
Clatsop,101 - Astoria West,Governor,,D,Forest (Fora) Alexander,21
Clatsop,102 - Astoria East,Governor,,D,Forest (Fora) Alexander,12
Clatsop,103 - John Day/Walluski,Governor,,D,Forest (Fora) Alexander,5
Clatsop,104 - Astoria South,Governor,,D,Forest (Fora) Alexander,3
Clatsop,105 - Svensen,Governor,,D,Forest (Fora) Alexander,5
Clatsop,106 - Knappa,Governor,,D,Forest (Fora) Alexander,3
Clatsop,107 - Westport/Hillcrest,Governor,,D,Forest (Fora) Alexander,3
Clatsop,108 - Jewell,Governor,,D,Forest (Fora) Alexander,1
Clatsop,109 - Olney,Governor,,D,Forest (Fora) Alexander,1
Clatsop,110 - Stanley Acres,Governor,,D,Forest (Fora) Alexander,1
Clatsop,111 - Lewis and Clark/Chadwell,Governor,,D,Forest (Fora) Alexander,7
Clatsop,112 - Warrenton East,Governor,,D,Forest (Fora) Alexander,5
Clatsop,113 - Warrenton West,Governor,,D,Forest (Fora) Alexander,9
Clatsop,114 - Clatsop Plains North,Governor,,D,Forest (Fora) Alexander,2
Clatsop,115 - Clatsop Plains South,Governor,,D,Forest (Fora) Alexander,8
Clatsop,116 - Gearhart,Governor,,D,Forest (Fora) Alexander,5
Clatsop,117 - Seaside North,Governor,,D,Forest (Fora) Alexander,1
Clatsop,118 - Seaside West,Governor,,D,Forest (Fora) Alexander,4
Clatsop,119 - Seaside East,Governor,,D,Forest (Fora) Alexander,3
Clatsop,120 - Seaside South,Governor,,D,Forest (Fora) Alexander,3
Clatsop,121 - Necanicum,Governor,,D,Forest (Fora) Alexander,1
Clatsop,122 - Arch Cape,Governor,,D,Forest (Fora) Alexander,0
Clatsop,123 - Cannon Beach,Governor,,D,Forest (Fora) Alexander,3
Clatsop,124 - Hamlet,Governor,,D,Forest (Fora) Alexander,0
Clatsop,125 - Elsie,Governor,,D,Forest (Fora) Alexander,1
Clatsop,101 - Astoria West,Governor,,D,James Atkinson IV,6
Clatsop,102 - Astoria East,Governor,,D,James Atkinson IV,5
Clatsop,103 - John Day/Walluski,Governor,,D,James Atkinson IV,3
Clatsop,104 - Astoria South,Governor,,D,James Atkinson IV,3
Clatsop,105 - Svensen,Governor,,D,James Atkinson IV,6
Clatsop,106 - Knappa,Governor,,D,James Atkinson IV,1
Clatsop,107 - Westport/Hillcrest,Governor,,D,James Atkinson IV,2
Clatsop,108 - Jewell,Governor,,D,James Atkinson IV,3
Clatsop,109 - Olney,Governor,,D,James Atkinson IV,0
Clatsop,110 - Stanley Acres,Governor,,D,James Atkinson IV,0
Clatsop,111 - Lewis and Clark/Chadwell,Governor,,D,James Atkinson IV,0
Clatsop,112 - Warrenton East,Governor,,D,James Atkinson IV,0
Clatsop,113 - Warrenton West,Governor,,D,James Atkinson IV,9
Clatsop,114 - Clatsop Plains North,Governor,,D,James Atkinson IV,3
Clatsop,115 - Clatsop Plains South,Governor,,D,James Atkinson IV,6
Clatsop,116 - Gearhart,Governor,,D,James Atkinson IV,3
Clatsop,117 - Seaside North,Governor,,D,James Atkinson IV,2
Clatsop,118 - Seaside West,Governor,,D,James Atkinson IV,1
Clatsop,119 - Seaside East,Governor,,D,James Atkinson IV,2
Clatsop,120 - Seaside South,Governor,,D,James Atkinson IV,7
Clatsop,121 - Necanicum,Governor,,D,James Atkinson IV,0
Clatsop,122 - Arch Cape,Governor,,D,James Atkinson IV,1
Clatsop,123 - Cannon Beach,Governor,,D,James Atkinson IV,2
Clatsop,124 - Hamlet,Governor,,D,James Atkinson IV,0
Clatsop,125 - Elsie,Governor,,D,James Atkinson IV,0
Clatsop,101 - Astoria West,Governor,,D,Miranda Weigler,20
Clatsop,102 - Astoria East,Governor,,D,Miranda Weigler,10
Clatsop,103 - John Day/Walluski,Governor,,D,Miranda Weigler,1
Clatsop,104 - Astoria South,Governor,,D,Miranda Weigler,10
Clatsop,105 - Svensen,Governor,,D,Miranda Weigler,2
Clatsop,106 - Knappa,Governor,,D,Miranda Weigler,5
Clatsop,107 - Westport/Hillcrest,Governor,,D,Miranda Weigler,1
Clatsop,108 - Jewell,Governor,,D,Miranda Weigler,2
Clatsop,109 - Olney,Governor,,D,Miranda Weigler,0
Clatsop,110 - Stanley Acres,Governor,,D,Miranda Weigler,1
Clatsop,111 - Lewis and Clark/Chadwell,Governor,,D,Miranda Weigler,2
Clatsop,112 - Warrenton East,Governor,,D,Miranda Weigler,3
Clatsop,113 - Warrenton West,Governor,,D,Miranda Weigler,9
Clatsop,114 - Clatsop Plains North,Governor,,D,Miranda Weigler,1
Clatsop,115 - Clatsop Plains South,Governor,,D,Miranda Weigler,6
Clatsop,116 - Gearhart,Governor,,D,Miranda Weigler,7
Clatsop,117 - Seaside North,Governor,,D,Miranda Weigler,4
Clatsop,118 - Seaside West,Governor,,D,Miranda Weigler,1
Clatsop,119 - Seaside East,Governor,,D,Miranda Weigler,0
Clatsop,120 - Seaside South,Governor,,D,Miranda Weigler,6
Clatsop,121 - Necanicum,Governor,,D,Miranda Weigler,1
Clatsop,122 - Arch Cape,Governor,,D,Miranda Weigler,3
Clatsop,123 - Cannon Beach,Governor,,D,Miranda Weigler,4
Clatsop,124 - Hamlet,Governor,,D,Miranda Weigler,1
Clatsop,125 - Elsie,Governor,,D,Miranda Weigler,0
Clatsop,101 - Astoria West,Governor,,D,Over Votes,0
Clatsop,102 - Astoria East,Governor,,D,Over Votes,0
Clatsop,103 - John Day/Walluski,Governor,,D,Over Votes,0
Clatsop,104 - Astoria South,Governor,,D,Over Votes,0
Clatsop,105 - Svensen,Governor,,D,Over Votes,0
Clatsop,106 - Knappa,Governor,,D,Over Votes,0
Clatsop,107 - Westport/Hillcrest,Governor,,D,Over Votes,0
Clatsop,108 - Jewell,Governor,,D,Over Votes,0
Clatsop,109 - Olney,Governor,,D,Over Votes,0
Clatsop,110 - Stanley Acres,Governor,,D,Over Votes,0
Clatsop,111 - Lewis and Clark/Chadwell,Governor,,D,Over Votes,0
Clatsop,112 - Warrenton East,Governor,,D,Over Votes,0
Clatsop,113 - Warrenton West,Governor,,D,Over Votes,0
Clatsop,114 - Clatsop Plains North,Governor,,D,Over Votes,0
Clatsop,115 - Clatsop Plains South,Governor,,D,Over Votes,0
Clatsop,116 - Gearhart,Governor,,D,Over Votes,0
Clatsop,117 - Seaside North,Governor,,D,Over Votes,0
Clatsop,118 - Seaside West,Governor,,D,Over Votes,0
Clatsop,119 - Seaside East,Governor,,D,Over Votes,0
Clatsop,120 - Seaside South,Governor,,D,Over Votes,0
Clatsop,121 - Necanicum,Governor,,D,Over Votes,0
Clatsop,122 - Arch Cape,Governor,,D,Over Votes,0
Clatsop,123 - Cannon Beach,Governor,,D,Over Votes,0
Clatsop,124 - Hamlet,Governor,,D,Over Votes,0
Clatsop,125 - Elsie,Governor,,D,Over Votes,0
Clatsop,101 - Astoria West,Governor,,D,Steve William Laible,4
Clatsop,102 - Astoria East,Governor,,D,Steve William Laible,6
Clatsop,103 - John Day/Walluski,Governor,,D,Steve William Laible,1
Clatsop,104 - Astoria South,Governor,,D,Steve William Laible,3
Clatsop,105 - Svensen,Governor,,D,Steve William Laible,2
Clatsop,106 - Knappa,Governor,,D,Steve William Laible,2
Clatsop,107 - Westport/Hillcrest,Governor,,D,Steve William Laible,3
Clatsop,108 - Jewell,Governor,,D,Steve William Laible,2
Clatsop,109 - Olney,Governor,,D,Steve William Laible,2
Clatsop,110 - Stanley Acres,Governor,,D,Steve William Laible,2
Clatsop,111 - Lewis and Clark/Chadwell,Governor,,D,Steve William Laible,3
Clatsop,112 - Warrenton East,Governor,,D,Steve William Laible,5
Clatsop,113 - Warrenton West,Governor,,D,Steve William Laible,4
Clatsop,114 - Clatsop Plains North,Governor,,D,Steve William Laible,2
Clatsop,115 - Clatsop Plains South,Governor,,D,Steve William Laible,1
Clatsop,116 - Gearhart,Governor,,D,Steve William Laible,1
Clatsop,117 - Seaside North,Governor,,D,Steve William Laible,0
Clatsop,118 - Seaside West,Governor,,D,Steve William Laible,1
Clatsop,119 - Seaside East,Governor,,D,Steve William Laible,1
Clatsop,120 - Seaside South,Governor,,D,Steve William Laible,3
Clatsop,121 - Necanicum,Governor,,D,Steve William Laible,0
Clatsop,122 - Arch Cape,Governor,,D,Steve William Laible,1
Clatsop,123 - Cannon Beach,Governor,,D,Steve William Laible,0
Clatsop,124 - Hamlet,Governor,,D,Steve William Laible,0
Clatsop,125 - Elsie,Governor,,D,Steve William Laible,1
Clatsop,101 - Astoria West,Governor,,D,Tina Kotek,756
Clatsop,102 - Astoria East,Governor,,D,Tina Kotek,474
Clatsop,103 - John Day/Walluski,Governor,,D,Tina Kotek,107
Clatsop,104 - Astoria South,Governor,,D,Tina Kotek,202
Clatsop,105 - Svensen,Governor,,D,Tina Kotek,124
Clatsop,106 - Knappa,Governor,,D,Tina Kotek,137
Clatsop,107 - Westport/Hillcrest,Governor,,D,Tina Kotek,25
Clatsop,108 - Jewell,Governor,,D,Tina Kotek,48
Clatsop,109 - Olney,Governor,,D,Tina Kotek,37
Clatsop,110 - Stanley Acres,Governor,,D,Tina Kotek,16
Clatsop,111 - Lewis and Clark/Chadwell,Governor,,D,Tina Kotek,185
Clatsop,112 - Warrenton East,Governor,,D,Tina Kotek,105
Clatsop,113 - Warrenton West,Governor,,D,Tina Kotek,272
Clatsop,114 - Clatsop Plains North,Governor,,D,Tina Kotek,114
Clatsop,115 - Clatsop Plains South,Governor,,D,Tina Kotek,224
Clatsop,116 - Gearhart,Governor,,D,Tina Kotek,312
Clatsop,117 - Seaside North,Governor,,D,Tina Kotek,95
Clatsop,118 - Seaside West,Governor,,D,Tina Kotek,105
Clatsop,119 - Seaside East,Governor,,D,Tina Kotek,173
Clatsop,120 - Seaside South,Governor,,D,Tina Kotek,216
Clatsop,121 - Necanicum,Governor,,D,Tina Kotek,33
Clatsop,122 - Arch Cape,Governor,,D,Tina Kotek,61
Clatsop,123 - Cannon Beach,Governor,,D,Tina Kotek,258
Clatsop,124 - Hamlet,Governor,,D,Tina Kotek,51
Clatsop,125 - Elsie,Governor,,D,Tina Kotek,40
Clatsop,101 - Astoria West,Governor,,D,Tristan Sheppard,6
Clatsop,102 - Astoria East,Governor,,D,Tristan Sheppard,3
Clatsop,103 - John Day/Walluski,Governor,,D,Tristan Sheppard,3
Clatsop,104 - Astoria South,Governor,,D,Tristan Sheppard,3
Clatsop,105 - Svensen,Governor,,D,Tristan Sheppard,5
Clatsop,106 - Knappa,Governor,,D,Tristan Sheppard,5
Clatsop,107 - Westport/Hillcrest,Governor,,D,Tristan Sheppard,2
Clatsop,108 - Jewell,Governor,,D,Tristan Sheppard,0
Clatsop,109 - Olney,Governor,,D,Tristan Sheppard,0
Clatsop,110 - Stanley Acres,Governor,,D,Tristan Sheppard,1
Clatsop,111 - Lewis and Clark/Chadwell,Governor,,D,Tristan Sheppard,9
Clatsop,112 - Warrenton East,Governor,,D,Tristan Sheppard,7
Clatsop,113 - Warrenton West,Governor,,D,Tristan Sheppard,10
Clatsop,114 - Clatsop Plains North,Governor,,D,Tristan Sheppard,1
Clatsop,115 - Clatsop Plains South,Governor,,D,Tristan Sheppard,3
Clatsop,116 - Gearhart,Governor,,D,Tristan Sheppard,3
Clatsop,117 - Seaside North,Governor,,D,Tristan Sheppard,1
Clatsop,118 - Seaside West,Governor,,D,Tristan Sheppard,3
Clatsop,119 - Seaside East,Governor,,D,Tristan Sheppard,2
Clatsop,120 - Seaside South,Governor,,D,Tristan Sheppard,4
Clatsop,121 - Necanicum,Governor,,D,Tristan Sheppard,2
Clatsop,122 - Arch Cape,Governor,,D,Tristan Sheppard,1
Clatsop,123 - Cannon Beach,Governor,,D,Tristan Sheppard,3
Clatsop,124 - Hamlet,Governor,,D,Tristan Sheppard,1
Clatsop,125 - Elsie,Governor,,D,Tristan Sheppard,0
Clatsop,101 - Astoria West,Governor,,D,Under Votes,70
Clatsop,102 - Astoria East,Governor,,D,Under Votes,43
Clatsop,103 - John Day/Walluski,Governor,,D,Under Votes,15
Clatsop,104 - Astoria South,Governor,,D,Under Votes,28
Clatsop,105 - Svensen,Governor,,D,Under Votes,29
Clatsop,106 - Knappa,Governor,,D,Under Votes,31
Clatsop,107 - Westport/Hillcrest,Governor,,D,Under Votes,7
Clatsop,108 - Jewell,Governor,,D,Under Votes,9
Clatsop,109 - Olney,Governor,,D,Under Votes,8
Clatsop,110 - Stanley Acres,Governor,,D,Under Votes,2
Clatsop,111 - Lewis and Clark/Chadwell,Governor,,D,Under Votes,29
Clatsop,112 - Warrenton East,Governor,,D,Under Votes,23
Clatsop,113 - Warrenton West,Governor,,D,Under Votes,36
Clatsop,114 - Clatsop Plains North,Governor,,D,Under Votes,15
Clatsop,115 - Clatsop Plains South,Governor,,D,Under Votes,28
Clatsop,116 - Gearhart,Governor,,D,Under Votes,37
Clatsop,117 - Seaside North,Governor,,D,Under Votes,11
Clatsop,118 - Seaside West,Governor,,D,Under Votes,10
Clatsop,119 - Seaside East,Governor,,D,Under Votes,16
Clatsop,120 - Seaside South,Governor,,D,Under Votes,19
Clatsop,121 - Necanicum,Governor,,D,Under Votes,4
Clatsop,122 - Arch Cape,Governor,,D,Under Votes,14
Clatsop,123 - Cannon Beach,Governor,,D,Under Votes,28
Clatsop,124 - Hamlet,Governor,,D,Under Votes,6
Clatsop,125 - Elsie,Governor,,D,Under Votes,5
Clatsop,101 - Astoria West,Governor,,D,Write-ins,22
Clatsop,102 - Astoria East,Governor,,D,Write-ins,13
Clatsop,103 - John Day/Walluski,Governor,,D,Write-ins,9
Clatsop,104 - Astoria South,Governor,,D,Write-ins,9
Clatsop,105 - Svensen,Governor,,D,Write-ins,6
Clatsop,106 - Knappa,Governor,,D,Write-ins,7
Clatsop,107 - Westport/Hillcrest,Governor,,D,Write-ins,2
Clatsop,108 - Jewell,Governor,,D,Write-ins,2
Clatsop,109 - Olney,Governor,,D,Write-ins,5
Clatsop,110 - Stanley Acres,Governor,,D,Write-ins,1
Clatsop,111 - Lewis and Clark/Chadwell,Governor,,D,Write-ins,8
Clatsop,112 - Warrenton East,Governor,,D,Write-ins,5
Clatsop,113 - Warrenton West,Governor,,D,Write-ins,10
Clatsop,114 - Clatsop Plains North,Governor,,D,Write-ins,4
Clatsop,115 - Clatsop Plains South,Governor,,D,Write-ins,6
Clatsop,116 - Gearhart,Governor,,D,Write-ins,13
Clatsop,117 - Seaside North,Governor,,D,Write-ins,4
Clatsop,118 - Seaside West,Governor,,D,Write-ins,4
Clatsop,119 - Seaside East,Governor,,D,Write-ins,6
Clatsop,120 - Seaside South,Governor,,D,Write-ins,8
Clatsop,121 - Necanicum,Governor,,D,Write-ins,3
Clatsop,122 - Arch Cape,Governor,,D,Write-ins,0
Clatsop,123 - Cannon Beach,Governor,,D,Write-ins,1
Clatsop,124 - Hamlet,Governor,,D,Write-ins,1
Clatsop,125 - Elsie,Governor,,D,Write-ins,3
Clatsop,101 - Astoria West,Governor,,R,Brad T. Peters,1
Clatsop,102 - Astoria East,Governor,,R,Brad T. Peters,1
Clatsop,103 - John Day/Walluski,Governor,,R,Brad T. Peters,1
Clatsop,104 - Astoria South,Governor,,R,Brad T. Peters,0
Clatsop,105 - Svensen,Governor,,R,Brad T. Peters,1
Clatsop,106 - Knappa,Governor,,R,Brad T. Peters,0
Clatsop,107 - Westport/Hillcrest,Governor,,R,Brad T. Peters,0
Clatsop,108 - Jewell,Governor,,R,Brad T. Peters,1
Clatsop,109 - Olney,Governor,,R,Brad T. Peters,1
Clatsop,110 - Stanley Acres,Governor,,R,Brad T. Peters,0
Clatsop,111 - Lewis and Clark/Chadwell,Governor,,R,Brad T. Peters,2
Clatsop,112 - Warrenton East,Governor,,R,Brad T. Peters,1
Clatsop,113 - Warrenton West,Governor,,R,Brad T. Peters,1
Clatsop,114 - Clatsop Plains North,Governor,,R,Brad T. Peters,0
Clatsop,115 - Clatsop Plains South,Governor,,R,Brad T. Peters,3
Clatsop,116 - Gearhart,Governor,,R,Brad T. Peters,1
Clatsop,117 - Seaside North,Governor,,R,Brad T. Peters,0
Clatsop,118 - Seaside West,Governor,,R,Brad T. Peters,0
Clatsop,119 - Seaside East,Governor,,R,Brad T. Peters,1
Clatsop,120 - Seaside South,Governor,,R,Brad T. Peters,4
Clatsop,121 - Necanicum,Governor,,R,Brad T. Peters,0
Clatsop,122 - Arch Cape,Governor,,R,Brad T. Peters,0
Clatsop,123 - Cannon Beach,Governor,,R,Brad T. Peters,1
Clatsop,124 - Hamlet,Governor,,R,Brad T. Peters,0
Clatsop,125 - Elsie,Governor,,R,Brad T. Peters,1
Clatsop,101 - Astoria West,Governor,,R,Chris Dudley,58
Clatsop,102 - Astoria East,Governor,,R,Chris Dudley,50
Clatsop,103 - John Day/Walluski,Governor,,R,Chris Dudley,34
Clatsop,104 - Astoria South,Governor,,R,Chris Dudley,22
Clatsop,105 - Svensen,Governor,,R,Chris Dudley,58
Clatsop,106 - Knappa,Governor,,R,Chris Dudley,44
Clatsop,107 - Westport/Hillcrest,Governor,,R,Chris Dudley,4
Clatsop,108 - Jewell,Governor,,R,Chris Dudley,19
Clatsop,109 - Olney,Governor,,R,Chris Dudley,22
Clatsop,110 - Stanley Acres,Governor,,R,Chris Dudley,21
Clatsop,111 - Lewis and Clark/Chadwell,Governor,,R,Chris Dudley,66
Clatsop,112 - Warrenton East,Governor,,R,Chris Dudley,31
Clatsop,113 - Warrenton West,Governor,,R,Chris Dudley,100
Clatsop,114 - Clatsop Plains North,Governor,,R,Chris Dudley,35
Clatsop,115 - Clatsop Plains South,Governor,,R,Chris Dudley,105
Clatsop,116 - Gearhart,Governor,,R,Chris Dudley,90
Clatsop,117 - Seaside North,Governor,,R,Chris Dudley,19
Clatsop,118 - Seaside West,Governor,,R,Chris Dudley,16
Clatsop,119 - Seaside East,Governor,,R,Chris Dudley,33
Clatsop,120 - Seaside South,Governor,,R,Chris Dudley,55
Clatsop,121 - Necanicum,Governor,,R,Chris Dudley,22
Clatsop,122 - Arch Cape,Governor,,R,Chris Dudley,4
Clatsop,123 - Cannon Beach,Governor,,R,Chris Dudley,39
Clatsop,124 - Hamlet,Governor,,R,Chris Dudley,12
Clatsop,125 - Elsie,Governor,,R,Chris Dudley,9
Clatsop,101 - Astoria West,Governor,,R,Christine Drazan,106
Clatsop,102 - Astoria East,Governor,,R,Christine Drazan,84
Clatsop,103 - John Day/Walluski,Governor,,R,Christine Drazan,72
Clatsop,104 - Astoria South,Governor,,R,Christine Drazan,37
Clatsop,105 - Svensen,Governor,,R,Christine Drazan,102
Clatsop,106 - Knappa,Governor,,R,Christine Drazan,112
Clatsop,107 - Westport/Hillcrest,Governor,,R,Christine Drazan,38
Clatsop,108 - Jewell,Governor,,R,Christine Drazan,34
Clatsop,109 - Olney,Governor,,R,Christine Drazan,73
Clatsop,110 - Stanley Acres,Governor,,R,Christine Drazan,16
Clatsop,111 - Lewis and Clark/Chadwell,Governor,,R,Christine Drazan,168
Clatsop,112 - Warrenton East,Governor,,R,Christine Drazan,60
Clatsop,113 - Warrenton West,Governor,,R,Christine Drazan,233
Clatsop,114 - Clatsop Plains North,Governor,,R,Christine Drazan,72
Clatsop,115 - Clatsop Plains South,Governor,,R,Christine Drazan,139
Clatsop,116 - Gearhart,Governor,,R,Christine Drazan,116
Clatsop,117 - Seaside North,Governor,,R,Christine Drazan,39
Clatsop,118 - Seaside West,Governor,,R,Christine Drazan,40
Clatsop,119 - Seaside East,Governor,,R,Christine Drazan,73
Clatsop,120 - Seaside South,Governor,,R,Christine Drazan,73
Clatsop,121 - Necanicum,Governor,,R,Christine Drazan,27
Clatsop,122 - Arch Cape,Governor,,R,Christine Drazan,12
Clatsop,123 - Cannon Beach,Governor,,R,Christine Drazan,50
Clatsop,124 - Hamlet,Governor,,R,Christine Drazan,21
Clatsop,125 - Elsie,Governor,,R,Christine Drazan,33
Clatsop,101 - Astoria West,Governor,,R,Danielle Bethell,2
Clatsop,102 - Astoria East,Governor,,R,Danielle Bethell,4
Clatsop,103 - John Day/Walluski,Governor,,R,Danielle Bethell,2
Clatsop,104 - Astoria South,Governor,,R,Danielle Bethell,5
Clatsop,105 - Svensen,Governor,,R,Danielle Bethell,3
Clatsop,106 - Knappa,Governor,,R,Danielle Bethell,7
Clatsop,107 - Westport/Hillcrest,Governor,,R,Danielle Bethell,0
Clatsop,108 - Jewell,Governor,,R,Danielle Bethell,2
Clatsop,109 - Olney,Governor,,R,Danielle Bethell,2
Clatsop,110 - Stanley Acres,Governor,,R,Danielle Bethell,1
Clatsop,111 - Lewis and Clark/Chadwell,Governor,,R,Danielle Bethell,0
Clatsop,112 - Warrenton East,Governor,,R,Danielle Bethell,2
Clatsop,113 - Warrenton West,Governor,,R,Danielle Bethell,5
Clatsop,114 - Clatsop Plains North,Governor,,R,Danielle Bethell,1
Clatsop,115 - Clatsop Plains South,Governor,,R,Danielle Bethell,1
Clatsop,116 - Gearhart,Governor,,R,Danielle Bethell,10
Clatsop,117 - Seaside North,Governor,,R,Danielle Bethell,5
Clatsop,118 - Seaside West,Governor,,R,Danielle Bethell,2
Clatsop,119 - Seaside East,Governor,,R,Danielle Bethell,3
Clatsop,120 - Seaside South,Governor,,R,Danielle Bethell,4
Clatsop,121 - Necanicum,Governor,,R,Danielle Bethell,1
Clatsop,122 - Arch Cape,Governor,,R,Danielle Bethell,3
Clatsop,123 - Cannon Beach,Governor,,R,Danielle Bethell,4
Clatsop,124 - Hamlet,Governor,,R,Danielle Bethell,0
Clatsop,125 - Elsie,Governor,,R,Danielle Bethell,0
Clatsop,101 - Astoria West,Governor,,R,David Medina,8
Clatsop,102 - Astoria East,Governor,,R,David Medina,10
Clatsop,103 - John Day/Walluski,Governor,,R,David Medina,9
Clatsop,104 - Astoria South,Governor,,R,David Medina,4
Clatsop,105 - Svensen,Governor,,R,David Medina,8
Clatsop,106 - Knappa,Governor,,R,David Medina,20
Clatsop,107 - Westport/Hillcrest,Governor,,R,David Medina,4
Clatsop,108 - Jewell,Governor,,R,David Medina,4
Clatsop,109 - Olney,Governor,,R,David Medina,11
Clatsop,110 - Stanley Acres,Governor,,R,David Medina,1
Clatsop,111 - Lewis and Clark/Chadwell,Governor,,R,David Medina,18
Clatsop,112 - Warrenton East,Governor,,R,David Medina,1
Clatsop,113 - Warrenton West,Governor,,R,David Medina,20
Clatsop,114 - Clatsop Plains North,Governor,,R,David Medina,7
Clatsop,115 - Clatsop Plains South,Governor,,R,David Medina,7
Clatsop,116 - Gearhart,Governor,,R,David Medina,14
Clatsop,117 - Seaside North,Governor,,R,David Medina,5
Clatsop,118 - Seaside West,Governor,,R,David Medina,2
Clatsop,119 - Seaside East,Governor,,R,David Medina,6
Clatsop,120 - Seaside South,Governor,,R,David Medina,8
Clatsop,121 - Necanicum,Governor,,R,David Medina,4
Clatsop,122 - Arch Cape,Governor,,R,David Medina,2
Clatsop,123 - Cannon Beach,Governor,,R,David Medina,4
Clatsop,124 - Hamlet,Governor,,R,David Medina,3
Clatsop,125 - Elsie,Governor,,R,David Medina,6
Clatsop,101 - Astoria West,Governor,,R,DeAngelo Leroy Turner,0
Clatsop,102 - Astoria East,Governor,,R,DeAngelo Leroy Turner,0
Clatsop,103 - John Day/Walluski,Governor,,R,DeAngelo Leroy Turner,0
Clatsop,104 - Astoria South,Governor,,R,DeAngelo Leroy Turner,0
Clatsop,105 - Svensen,Governor,,R,DeAngelo Leroy Turner,0
Clatsop,106 - Knappa,Governor,,R,DeAngelo Leroy Turner,0
Clatsop,107 - Westport/Hillcrest,Governor,,R,DeAngelo Leroy Turner,0
Clatsop,108 - Jewell,Governor,,R,DeAngelo Leroy Turner,0
Clatsop,109 - Olney,Governor,,R,DeAngelo Leroy Turner,0
Clatsop,110 - Stanley Acres,Governor,,R,DeAngelo Leroy Turner,0
Clatsop,111 - Lewis and Clark/Chadwell,Governor,,R,DeAngelo Leroy Turner,0
Clatsop,112 - Warrenton East,Governor,,R,DeAngelo Leroy Turner,0
Clatsop,113 - Warrenton West,Governor,,R,DeAngelo Leroy Turner,0
Clatsop,114 - Clatsop Plains North,Governor,,R,DeAngelo Leroy Turner,0
Clatsop,115 - Clatsop Plains South,Governor,,R,DeAngelo Leroy Turner,0
Clatsop,116 - Gearhart,Governor,,R,DeAngelo Leroy Turner,0
Clatsop,117 - Seaside North,Governor,,R,DeAngelo Leroy Turner,0
Clatsop,118 - Seaside West,Governor,,R,DeAngelo Leroy Turner,0
Clatsop,119 - Seaside East,Governor,,R,DeAngelo Leroy Turner,0
Clatsop,120 - Seaside South,Governor,,R,DeAngelo Leroy Turner,0
Clatsop,121 - Necanicum,Governor,,R,DeAngelo Leroy Turner,0
Clatsop,122 - Arch Cape,Governor,,R,DeAngelo Leroy Turner,0
Clatsop,123 - Cannon Beach,Governor,,R,DeAngelo Leroy Turner,0
Clatsop,124 - Hamlet,Governor,,R,DeAngelo Leroy Turner,0
Clatsop,125 - Elsie,Governor,,R,DeAngelo Leroy Turner,0
Clatsop,101 - Astoria West,Governor,,R,Ed Diehl,62
Clatsop,102 - Astoria East,Governor,,R,Ed Diehl,60
Clatsop,103 - John Day/Walluski,Governor,,R,Ed Diehl,47
Clatsop,104 - Astoria South,Governor,,R,Ed Diehl,23
Clatsop,105 - Svensen,Governor,,R,Ed Diehl,97
Clatsop,106 - Knappa,Governor,,R,Ed Diehl,93
Clatsop,107 - Westport/Hillcrest,Governor,,R,Ed Diehl,39
Clatsop,108 - Jewell,Governor,,R,Ed Diehl,38
Clatsop,109 - Olney,Governor,,R,Ed Diehl,28
Clatsop,110 - Stanley Acres,Governor,,R,Ed Diehl,22
Clatsop,111 - Lewis and Clark/Chadwell,Governor,,R,Ed Diehl,92
Clatsop,112 - Warrenton East,Governor,,R,Ed Diehl,30
Clatsop,113 - Warrenton West,Governor,,R,Ed Diehl,134
Clatsop,114 - Clatsop Plains North,Governor,,R,Ed Diehl,57
Clatsop,115 - Clatsop Plains South,Governor,,R,Ed Diehl,49
Clatsop,116 - Gearhart,Governor,,R,Ed Diehl,44
Clatsop,117 - Seaside North,Governor,,R,Ed Diehl,9
Clatsop,118 - Seaside West,Governor,,R,Ed Diehl,14
Clatsop,119 - Seaside East,Governor,,R,Ed Diehl,42
Clatsop,120 - Seaside South,Governor,,R,Ed Diehl,42
Clatsop,121 - Necanicum,Governor,,R,Ed Diehl,8
Clatsop,122 - Arch Cape,Governor,,R,Ed Diehl,5
Clatsop,123 - Cannon Beach,Governor,,R,Ed Diehl,16
Clatsop,124 - Hamlet,Governor,,R,Ed Diehl,20
Clatsop,125 - Elsie,Governor,,R,Ed Diehl,14
Clatsop,101 - Astoria West,Governor,,R,Hope A. Dalrymple,0
Clatsop,102 - Astoria East,Governor,,R,Hope A. Dalrymple,1
Clatsop,103 - John Day/Walluski,Governor,,R,Hope A. Dalrymple,0
Clatsop,104 - Astoria South,Governor,,R,Hope A. Dalrymple,0
Clatsop,105 - Svensen,Governor,,R,Hope A. Dalrymple,1
Clatsop,106 - Knappa,Governor,,R,Hope A. Dalrymple,0
Clatsop,107 - Westport/Hillcrest,Governor,,R,Hope A. Dalrymple,0
Clatsop,108 - Jewell,Governor,,R,Hope A. Dalrymple,0
Clatsop,109 - Olney,Governor,,R,Hope A. Dalrymple,0
Clatsop,110 - Stanley Acres,Governor,,R,Hope A. Dalrymple,0
Clatsop,111 - Lewis and Clark/Chadwell,Governor,,R,Hope A. Dalrymple,0
Clatsop,112 - Warrenton East,Governor,,R,Hope A. Dalrymple,0
Clatsop,113 - Warrenton West,Governor,,R,Hope A. Dalrymple,2
Clatsop,114 - Clatsop Plains North,Governor,,R,Hope A. Dalrymple,0
Clatsop,115 - Clatsop Plains South,Governor,,R,Hope A. Dalrymple,0
Clatsop,116 - Gearhart,Governor,,R,Hope A. Dalrymple,0
Clatsop,117 - Seaside North,Governor,,R,Hope A. Dalrymple,0
Clatsop,118 - Seaside West,Governor,,R,Hope A. Dalrymple,0
Clatsop,119 - Seaside East,Governor,,R,Hope A. Dalrymple,0
Clatsop,120 - Seaside South,Governor,,R,Hope A. Dalrymple,1
Clatsop,121 - Necanicum,Governor,,R,Hope A. Dalrymple,1
Clatsop,122 - Arch Cape,Governor,,R,Hope A. Dalrymple,0
Clatsop,123 - Cannon Beach,Governor,,R,Hope A. Dalrymple,0
Clatsop,124 - Hamlet,Governor,,R,Hope A. Dalrymple,0
Clatsop,125 - Elsie,Governor,,R,Hope A. Dalrymple,0
Clatsop,101 - Astoria West,Governor,,R,Kyle M. Duyck,2
Clatsop,102 - Astoria East,Governor,,R,Kyle M. Duyck,3
Clatsop,103 - John Day/Walluski,Governor,,R,Kyle M. Duyck,1
Clatsop,104 - Astoria South,Governor,,R,Kyle M. Duyck,1
Clatsop,105 - Svensen,Governor,,R,Kyle M. Duyck,1
Clatsop,106 - Knappa,Governor,,R,Kyle M. Duyck,2
Clatsop,107 - Westport/Hillcrest,Governor,,R,Kyle M. Duyck,1
Clatsop,108 - Jewell,Governor,,R,Kyle M. Duyck,0
Clatsop,109 - Olney,Governor,,R,Kyle M. Duyck,0
Clatsop,110 - Stanley Acres,Governor,,R,Kyle M. Duyck,0
Clatsop,111 - Lewis and Clark/Chadwell,Governor,,R,Kyle M. Duyck,1
Clatsop,112 - Warrenton East,Governor,,R,Kyle M. Duyck,0
Clatsop,113 - Warrenton West,Governor,,R,Kyle M. Duyck,3
Clatsop,114 - Clatsop Plains North,Governor,,R,Kyle M. Duyck,1
Clatsop,115 - Clatsop Plains South,Governor,,R,Kyle M. Duyck,1
Clatsop,116 - Gearhart,Governor,,R,Kyle M. Duyck,1
Clatsop,117 - Seaside North,Governor,,R,Kyle M. Duyck,0
Clatsop,118 - Seaside West,Governor,,R,Kyle M. Duyck,0
Clatsop,119 - Seaside East,Governor,,R,Kyle M. Duyck,1
Clatsop,120 - Seaside South,Governor,,R,Kyle M. Duyck,1
Clatsop,121 - Necanicum,Governor,,R,Kyle M. Duyck,0
Clatsop,122 - Arch Cape,Governor,,R,Kyle M. Duyck,2
Clatsop,123 - Cannon Beach,Governor,,R,Kyle M. Duyck,1
Clatsop,124 - Hamlet,Governor,,R,Kyle M. Duyck,0
Clatsop,125 - Elsie,Governor,,R,Kyle M. Duyck,0
Clatsop,101 - Astoria West,Governor,,R,Martin Ward,1
Clatsop,102 - Astoria East,Governor,,R,Martin Ward,2
Clatsop,103 - John Day/Walluski,Governor,,R,Martin Ward,1
Clatsop,104 - Astoria South,Governor,,R,Martin Ward,0
Clatsop,105 - Svensen,Governor,,R,Martin Ward,0
Clatsop,106 - Knappa,Governor,,R,Martin Ward,2
Clatsop,107 - Westport/Hillcrest,Governor,,R,Martin Ward,0
Clatsop,108 - Jewell,Governor,,R,Martin Ward,0
Clatsop,109 - Olney,Governor,,R,Martin Ward,0
Clatsop,110 - Stanley Acres,Governor,,R,Martin Ward,0
Clatsop,111 - Lewis and Clark/Chadwell,Governor,,R,Martin Ward,0
Clatsop,112 - Warrenton East,Governor,,R,Martin Ward,0
Clatsop,113 - Warrenton West,Governor,,R,Martin Ward,0
Clatsop,114 - Clatsop Plains North,Governor,,R,Martin Ward,0
Clatsop,115 - Clatsop Plains South,Governor,,R,Martin Ward,0
Clatsop,116 - Gearhart,Governor,,R,Martin Ward,0
Clatsop,117 - Seaside North,Governor,,R,Martin Ward,1
Clatsop,118 - Seaside West,Governor,,R,Martin Ward,0
Clatsop,119 - Seaside East,Governor,,R,Martin Ward,0
Clatsop,120 - Seaside South,Governor,,R,Martin Ward,0
Clatsop,121 - Necanicum,Governor,,R,Martin Ward,0
Clatsop,122 - Arch Cape,Governor,,R,Martin Ward,0
Clatsop,123 - Cannon Beach,Governor,,R,Martin Ward,2
Clatsop,124 - Hamlet,Governor,,R,Martin Ward,0
Clatsop,125 - Elsie,Governor,,R,Martin Ward,0
Clatsop,101 - Astoria West,Governor,,R,Over Votes,1
Clatsop,102 - Astoria East,Governor,,R,Over Votes,0
Clatsop,103 - John Day/Walluski,Governor,,R,Over Votes,0
Clatsop,104 - Astoria South,Governor,,R,Over Votes,0
Clatsop,105 - Svensen,Governor,,R,Over Votes,0
Clatsop,106 - Knappa,Governor,,R,Over Votes,0
Clatsop,107 - Westport/Hillcrest,Governor,,R,Over Votes,0
Clatsop,108 - Jewell,Governor,,R,Over Votes,0
Clatsop,109 - Olney,Governor,,R,Over Votes,1
Clatsop,110 - Stanley Acres,Governor,,R,Over Votes,0
Clatsop,111 - Lewis and Clark/Chadwell,Governor,,R,Over Votes,0
Clatsop,112 - Warrenton East,Governor,,R,Over Votes,0
Clatsop,113 - Warrenton West,Governor,,R,Over Votes,0
Clatsop,114 - Clatsop Plains North,Governor,,R,Over Votes,0
Clatsop,115 - Clatsop Plains South,Governor,,R,Over Votes,0
Clatsop,116 - Gearhart,Governor,,R,Over Votes,0
Clatsop,117 - Seaside North,Governor,,R,Over Votes,0
Clatsop,118 - Seaside West,Governor,,R,Over Votes,0
Clatsop,119 - Seaside East,Governor,,R,Over Votes,0
Clatsop,120 - Seaside South,Governor,,R,Over Votes,0
Clatsop,121 - Necanicum,Governor,,R,Over Votes,0
Clatsop,122 - Arch Cape,Governor,,R,Over Votes,0
Clatsop,123 - Cannon Beach,Governor,,R,Over Votes,0
Clatsop,124 - Hamlet,Governor,,R,Over Votes,0
Clatsop,125 - Elsie,Governor,,R,Over Votes,0
Clatsop,101 - Astoria West,Governor,,R,Paul J. Romero Jr,3
Clatsop,102 - Astoria East,Governor,,R,Paul J. Romero Jr,0
Clatsop,103 - John Day/Walluski,Governor,,R,Paul J. Romero Jr,1
Clatsop,104 - Astoria South,Governor,,R,Paul J. Romero Jr,1
Clatsop,105 - Svensen,Governor,,R,Paul J. Romero Jr,0
Clatsop,106 - Knappa,Governor,,R,Paul J. Romero Jr,1
Clatsop,107 - Westport/Hillcrest,Governor,,R,Paul J. Romero Jr,1
Clatsop,108 - Jewell,Governor,,R,Paul J. Romero Jr,0
Clatsop,109 - Olney,Governor,,R,Paul J. Romero Jr,0
Clatsop,110 - Stanley Acres,Governor,,R,Paul J. Romero Jr,0
Clatsop,111 - Lewis and Clark/Chadwell,Governor,,R,Paul J. Romero Jr,1
Clatsop,112 - Warrenton East,Governor,,R,Paul J. Romero Jr,0
Clatsop,113 - Warrenton West,Governor,,R,Paul J. Romero Jr,2
Clatsop,114 - Clatsop Plains North,Governor,,R,Paul J. Romero Jr,1
Clatsop,115 - Clatsop Plains South,Governor,,R,Paul J. Romero Jr,2
Clatsop,116 - Gearhart,Governor,,R,Paul J. Romero Jr,0
Clatsop,117 - Seaside North,Governor,,R,Paul J. Romero Jr,0
Clatsop,118 - Seaside West,Governor,,R,Paul J. Romero Jr,0
Clatsop,119 - Seaside East,Governor,,R,Paul J. Romero Jr,0
Clatsop,120 - Seaside South,Governor,,R,Paul J. Romero Jr,2
Clatsop,121 - Necanicum,Governor,,R,Paul J. Romero Jr,1
Clatsop,122 - Arch Cape,Governor,,R,Paul J. Romero Jr,0
Clatsop,123 - Cannon Beach,Governor,,R,Paul J. Romero Jr,0
Clatsop,124 - Hamlet,Governor,,R,Paul J. Romero Jr,1
Clatsop,125 - Elsie,Governor,,R,Paul J. Romero Jr,0
Clatsop,101 - Astoria West,Governor,,R,Robert Neuman,2
Clatsop,102 - Astoria East,Governor,,R,Robert Neuman,0
Clatsop,103 - John Day/Walluski,Governor,,R,Robert Neuman,0
Clatsop,104 - Astoria South,Governor,,R,Robert Neuman,0
Clatsop,105 - Svensen,Governor,,R,Robert Neuman,0
Clatsop,106 - Knappa,Governor,,R,Robert Neuman,1
Clatsop,107 - Westport/Hillcrest,Governor,,R,Robert Neuman,0
Clatsop,108 - Jewell,Governor,,R,Robert Neuman,0
Clatsop,109 - Olney,Governor,,R,Robert Neuman,0
Clatsop,110 - Stanley Acres,Governor,,R,Robert Neuman,0
Clatsop,111 - Lewis and Clark/Chadwell,Governor,,R,Robert Neuman,1
Clatsop,112 - Warrenton East,Governor,,R,Robert Neuman,0
Clatsop,113 - Warrenton West,Governor,,R,Robert Neuman,2
Clatsop,114 - Clatsop Plains North,Governor,,R,Robert Neuman,1
Clatsop,115 - Clatsop Plains South,Governor,,R,Robert Neuman,0
Clatsop,116 - Gearhart,Governor,,R,Robert Neuman,0
Clatsop,117 - Seaside North,Governor,,R,Robert Neuman,0
Clatsop,118 - Seaside West,Governor,,R,Robert Neuman,1
Clatsop,119 - Seaside East,Governor,,R,Robert Neuman,0
Clatsop,120 - Seaside South,Governor,,R,Robert Neuman,1
Clatsop,121 - Necanicum,Governor,,R,Robert Neuman,0
Clatsop,122 - Arch Cape,Governor,,R,Robert Neuman,0
Clatsop,123 - Cannon Beach,Governor,,R,Robert Neuman,0
Clatsop,124 - Hamlet,Governor,,R,Robert Neuman,0
Clatsop,125 - Elsie,Governor,,R,Robert Neuman,0
Clatsop,101 - Astoria West,Governor,,R,Tim O. Youker,0
Clatsop,102 - Astoria East,Governor,,R,Tim O. Youker,0
Clatsop,103 - John Day/Walluski,Governor,,R,Tim O. Youker,0
Clatsop,104 - Astoria South,Governor,,R,Tim O. Youker,0
Clatsop,105 - Svensen,Governor,,R,Tim O. Youker,0
Clatsop,106 - Knappa,Governor,,R,Tim O. Youker,1
Clatsop,107 - Westport/Hillcrest,Governor,,R,Tim O. Youker,1
Clatsop,108 - Jewell,Governor,,R,Tim O. Youker,0
Clatsop,109 - Olney,Governor,,R,Tim O. Youker,0
Clatsop,110 - Stanley Acres,Governor,,R,Tim O. Youker,0
Clatsop,111 - Lewis and Clark/Chadwell,Governor,,R,Tim O. Youker,0
Clatsop,112 - Warrenton East,Governor,,R,Tim O. Youker,0
Clatsop,113 - Warrenton West,Governor,,R,Tim O. Youker,2
Clatsop,114 - Clatsop Plains North,Governor,,R,Tim O. Youker,1
Clatsop,115 - Clatsop Plains South,Governor,,R,Tim O. Youker,0
Clatsop,116 - Gearhart,Governor,,R,Tim O. Youker,0
Clatsop,117 - Seaside North,Governor,,R,Tim O. Youker,0
Clatsop,118 - Seaside West,Governor,,R,Tim O. Youker,0
Clatsop,119 - Seaside East,Governor,,R,Tim O. Youker,0
Clatsop,120 - Seaside South,Governor,,R,Tim O. Youker,0
Clatsop,121 - Necanicum,Governor,,R,Tim O. Youker,0
Clatsop,122 - Arch Cape,Governor,,R,Tim O. Youker,0
Clatsop,123 - Cannon Beach,Governor,,R,Tim O. Youker,0
Clatsop,124 - Hamlet,Governor,,R,Tim O. Youker,0
Clatsop,125 - Elsie,Governor,,R,Tim O. Youker,0
Clatsop,101 - Astoria West,Governor,,R,Under Votes,18
Clatsop,102 - Astoria East,Governor,,R,Under Votes,3
Clatsop,103 - John Day/Walluski,Governor,,R,Under Votes,4
Clatsop,104 - Astoria South,Governor,,R,Under Votes,5
Clatsop,105 - Svensen,Governor,,R,Under Votes,14
Clatsop,106 - Knappa,Governor,,R,Under Votes,11
Clatsop,107 - Westport/Hillcrest,Governor,,R,Under Votes,4
Clatsop,108 - Jewell,Governor,,R,Under Votes,2
Clatsop,109 - Olney,Governor,,R,Under Votes,2
Clatsop,110 - Stanley Acres,Governor,,R,Under Votes,0
Clatsop,111 - Lewis and Clark/Chadwell,Governor,,R,Under Votes,16
Clatsop,112 - Warrenton East,Governor,,R,Under Votes,2
Clatsop,113 - Warrenton West,Governor,,R,Under Votes,11
Clatsop,114 - Clatsop Plains North,Governor,,R,Under Votes,7
Clatsop,115 - Clatsop Plains South,Governor,,R,Under Votes,10
Clatsop,116 - Gearhart,Governor,,R,Under Votes,14
Clatsop,117 - Seaside North,Governor,,R,Under Votes,3
Clatsop,118 - Seaside West,Governor,,R,Under Votes,3
Clatsop,119 - Seaside East,Governor,,R,Under Votes,6
Clatsop,120 - Seaside South,Governor,,R,Under Votes,3
Clatsop,121 - Necanicum,Governor,,R,Under Votes,1
Clatsop,122 - Arch Cape,Governor,,R,Under Votes,1
Clatsop,123 - Cannon Beach,Governor,,R,Under Votes,3
Clatsop,124 - Hamlet,Governor,,R,Under Votes,0
Clatsop,125 - Elsie,Governor,,R,Under Votes,0
Clatsop,101 - Astoria West,Governor,,R,Wen Waddell,0
Clatsop,102 - Astoria East,Governor,,R,Wen Waddell,0
Clatsop,103 - John Day/Walluski,Governor,,R,Wen Waddell,0
Clatsop,104 - Astoria South,Governor,,R,Wen Waddell,0
Clatsop,105 - Svensen,Governor,,R,Wen Waddell,0
Clatsop,106 - Knappa,Governor,,R,Wen Waddell,0
Clatsop,107 - Westport/Hillcrest,Governor,,R,Wen Waddell,0
Clatsop,108 - Jewell,Governor,,R,Wen Waddell,0
Clatsop,109 - Olney,Governor,,R,Wen Waddell,0
Clatsop,110 - Stanley Acres,Governor,,R,Wen Waddell,0
Clatsop,111 - Lewis and Clark/Chadwell,Governor,,R,Wen Waddell,0
Clatsop,112 - Warrenton East,Governor,,R,Wen Waddell,1
Clatsop,113 - Warrenton West,Governor,,R,Wen Waddell,1
Clatsop,114 - Clatsop Plains North,Governor,,R,Wen Waddell,0
Clatsop,115 - Clatsop Plains South,Governor,,R,Wen Waddell,0
Clatsop,116 - Gearhart,Governor,,R,Wen Waddell,0
Clatsop,117 - Seaside North,Governor,,R,Wen Waddell,0
Clatsop,118 - Seaside West,Governor,,R,Wen Waddell,0
Clatsop,119 - Seaside East,Governor,,R,Wen Waddell,0
Clatsop,120 - Seaside South,Governor,,R,Wen Waddell,0
Clatsop,121 - Necanicum,Governor,,R,Wen Waddell,0
Clatsop,122 - Arch Cape,Governor,,R,Wen Waddell,0
Clatsop,123 - Cannon Beach,Governor,,R,Wen Waddell,0
Clatsop,124 - Hamlet,Governor,,R,Wen Waddell,0
Clatsop,125 - Elsie,Governor,,R,Wen Waddell,0
Clatsop,101 - Astoria West,Governor,,R,Write-ins,1
Clatsop,102 - Astoria East,Governor,,R,Write-ins,0
Clatsop,103 - John Day/Walluski,Governor,,R,Write-ins,0
Clatsop,104 - Astoria South,Governor,,R,Write-ins,1
Clatsop,105 - Svensen,Governor,,R,Write-ins,1
Clatsop,106 - Knappa,Governor,,R,Write-ins,0
Clatsop,107 - Westport/Hillcrest,Governor,,R,Write-ins,0
Clatsop,108 - Jewell,Governor,,R,Write-ins,1
Clatsop,109 - Olney,Governor,,R,Write-ins,0
Clatsop,110 - Stanley Acres,Governor,,R,Write-ins,0
Clatsop,111 - Lewis and Clark/Chadwell,Governor,,R,Write-ins,1
Clatsop,112 - Warrenton East,Governor,,R,Write-ins,0
Clatsop,113 - Warrenton West,Governor,,R,Write-ins,4
Clatsop,114 - Clatsop Plains North,Governor,,R,Write-ins,0
Clatsop,115 - Clatsop Plains South,Governor,,R,Write-ins,0
Clatsop,116 - Gearhart,Governor,,R,Write-ins,1
Clatsop,117 - Seaside North,Governor,,R,Write-ins,0
Clatsop,118 - Seaside West,Governor,,R,Write-ins,2
Clatsop,119 - Seaside East,Governor,,R,Write-ins,1
Clatsop,120 - Seaside South,Governor,,R,Write-ins,1
Clatsop,121 - Necanicum,Governor,,R,Write-ins,1
Clatsop,122 - Arch Cape,Governor,,R,Write-ins,0
Clatsop,123 - Cannon Beach,Governor,,R,Write-ins,0
Clatsop,124 - Hamlet,Governor,,R,Write-ins,1
Clatsop,125 - Elsie,Governor,,R,Write-ins,0
Clatsop,101 - Astoria West,Judge of the Circuit Court,"18th District, Position 1",,Beau V. Peterson,839
Clatsop,102 - Astoria East,Judge of the Circuit Court,"18th District, Position 1",,Beau V. Peterson,600
Clatsop,103 - John Day/Walluski,Judge of the Circuit Court,"18th District, Position 1",,Beau V. Peterson,232
Clatsop,104 - Astoria South,Judge of the Circuit Court,"18th District, Position 1",,Beau V. Peterson,283
Clatsop,105 - Svensen,Judge of the Circuit Court,"18th District, Position 1",,Beau V. Peterson,328
Clatsop,106 - Knappa,Judge of the Circuit Court,"18th District, Position 1",,Beau V. Peterson,357
Clatsop,107 - Westport/Hillcrest,Judge of the Circuit Court,"18th District, Position 1",,Beau V. Peterson,115
Clatsop,108 - Jewell,Judge of the Circuit Court,"18th District, Position 1",,Beau V. Peterson,86
Clatsop,109 - Olney,Judge of the Circuit Court,"18th District, Position 1",,Beau V. Peterson,115
Clatsop,110 - Stanley Acres,Judge of the Circuit Court,"18th District, Position 1",,Beau V. Peterson,63
Clatsop,111 - Lewis and Clark/Chadwell,Judge of the Circuit Court,"18th District, Position 1",,Beau V. Peterson,431
Clatsop,112 - Warrenton East,Judge of the Circuit Court,"18th District, Position 1",,Beau V. Peterson,239
Clatsop,113 - Warrenton West,Judge of the Circuit Court,"18th District, Position 1",,Beau V. Peterson,730
Clatsop,114 - Clatsop Plains North,Judge of the Circuit Court,"18th District, Position 1",,Beau V. Peterson,255
Clatsop,115 - Clatsop Plains South,Judge of the Circuit Court,"18th District, Position 1",,Beau V. Peterson,414
Clatsop,116 - Gearhart,Judge of the Circuit Court,"18th District, Position 1",,Beau V. Peterson,502
Clatsop,117 - Seaside North,Judge of the Circuit Court,"18th District, Position 1",,Beau V. Peterson,152
Clatsop,118 - Seaside West,Judge of the Circuit Court,"18th District, Position 1",,Beau V. Peterson,166
Clatsop,119 - Seaside East,Judge of the Circuit Court,"18th District, Position 1",,Beau V. Peterson,317
Clatsop,120 - Seaside South,Judge of the Circuit Court,"18th District, Position 1",,Beau V. Peterson,403
Clatsop,121 - Necanicum,Judge of the Circuit Court,"18th District, Position 1",,Beau V. Peterson,75
Clatsop,122 - Arch Cape,Judge of the Circuit Court,"18th District, Position 1",,Beau V. Peterson,73
Clatsop,123 - Cannon Beach,Judge of the Circuit Court,"18th District, Position 1",,Beau V. Peterson,322
Clatsop,124 - Hamlet,Judge of the Circuit Court,"18th District, Position 1",,Beau V. Peterson,93
Clatsop,125 - Elsie,Judge of the Circuit Court,"18th District, Position 1",,Beau V. Peterson,82
Clatsop,101 - Astoria West,Judge of the Circuit Court,"18th District, Position 1",,Over Votes,0
Clatsop,102 - Astoria East,Judge of the Circuit Court,"18th District, Position 1",,Over Votes,0
Clatsop,103 - John Day/Walluski,Judge of the Circuit Court,"18th District, Position 1",,Over Votes,0
Clatsop,104 - Astoria South,Judge of the Circuit Court,"18th District, Position 1",,Over Votes,0
Clatsop,105 - Svensen,Judge of the Circuit Court,"18th District, Position 1",,Over Votes,0
Clatsop,106 - Knappa,Judge of the Circuit Court,"18th District, Position 1",,Over Votes,0
Clatsop,107 - Westport/Hillcrest,Judge of the Circuit Court,"18th District, Position 1",,Over Votes,0
Clatsop,108 - Jewell,Judge of the Circuit Court,"18th District, Position 1",,Over Votes,0
Clatsop,109 - Olney,Judge of the Circuit Court,"18th District, Position 1",,Over Votes,0
Clatsop,110 - Stanley Acres,Judge of the Circuit Court,"18th District, Position 1",,Over Votes,0
Clatsop,111 - Lewis and Clark/Chadwell,Judge of the Circuit Court,"18th District, Position 1",,Over Votes,0
Clatsop,112 - Warrenton East,Judge of the Circuit Court,"18th District, Position 1",,Over Votes,0
Clatsop,113 - Warrenton West,Judge of the Circuit Court,"18th District, Position 1",,Over Votes,0
Clatsop,114 - Clatsop Plains North,Judge of the Circuit Court,"18th District, Position 1",,Over Votes,0
Clatsop,115 - Clatsop Plains South,Judge of the Circuit Court,"18th District, Position 1",,Over Votes,0
Clatsop,116 - Gearhart,Judge of the Circuit Court,"18th District, Position 1",,Over Votes,0
Clatsop,117 - Seaside North,Judge of the Circuit Court,"18th District, Position 1",,Over Votes,0
Clatsop,118 - Seaside West,Judge of the Circuit Court,"18th District, Position 1",,Over Votes,0
Clatsop,119 - Seaside East,Judge of the Circuit Court,"18th District, Position 1",,Over Votes,0
Clatsop,120 - Seaside South,Judge of the Circuit Court,"18th District, Position 1",,Over Votes,0
Clatsop,121 - Necanicum,Judge of the Circuit Court,"18th District, Position 1",,Over Votes,0
Clatsop,122 - Arch Cape,Judge of the Circuit Court,"18th District, Position 1",,Over Votes,0
Clatsop,123 - Cannon Beach,Judge of the Circuit Court,"18th District, Position 1",,Over Votes,0
Clatsop,124 - Hamlet,Judge of the Circuit Court,"18th District, Position 1",,Over Votes,0
Clatsop,125 - Elsie,Judge of the Circuit Court,"18th District, Position 1",,Over Votes,0
Clatsop,101 - Astoria West,Judge of the Circuit Court,"18th District, Position 1",,Under Votes,742
Clatsop,102 - Astoria East,Judge of the Circuit Court,"18th District, Position 1",,Under Votes,487
Clatsop,103 - John Day/Walluski,Judge of the Circuit Court,"18th District, Position 1",,Under Votes,199
Clatsop,104 - Astoria South,Judge of the Circuit Court,"18th District, Position 1",,Under Votes,209
Clatsop,105 - Svensen,Judge of the Circuit Court,"18th District, Position 1",,Under Votes,322
Clatsop,106 - Knappa,Judge of the Circuit Court,"18th District, Position 1",,Under Votes,307
Clatsop,107 - Westport/Hillcrest,Judge of the Circuit Court,"18th District, Position 1",,Under Votes,81
Clatsop,108 - Jewell,Judge of the Circuit Court,"18th District, Position 1",,Under Votes,143
Clatsop,109 - Olney,Judge of the Circuit Court,"18th District, Position 1",,Under Votes,146
Clatsop,110 - Stanley Acres,Judge of the Circuit Court,"18th District, Position 1",,Under Votes,58
Clatsop,111 - Lewis and Clark/Chadwell,Judge of the Circuit Court,"18th District, Position 1",,Under Votes,402
Clatsop,112 - Warrenton East,Judge of the Circuit Court,"18th District, Position 1",,Under Votes,169
Clatsop,113 - Warrenton West,Judge of the Circuit Court,"18th District, Position 1",,Under Votes,520
Clatsop,114 - Clatsop Plains North,Judge of the Circuit Court,"18th District, Position 1",,Under Votes,199
Clatsop,115 - Clatsop Plains South,Judge of the Circuit Court,"18th District, Position 1",,Under Votes,395
Clatsop,116 - Gearhart,Judge of the Circuit Court,"18th District, Position 1",,Under Votes,424
Clatsop,117 - Seaside North,Judge of the Circuit Court,"18th District, Position 1",,Under Votes,141
Clatsop,118 - Seaside West,Judge of the Circuit Court,"18th District, Position 1",,Under Votes,152
Clatsop,119 - Seaside East,Judge of the Circuit Court,"18th District, Position 1",,Under Votes,215
Clatsop,120 - Seaside South,Judge of the Circuit Court,"18th District, Position 1",,Under Votes,270
Clatsop,121 - Necanicum,Judge of the Circuit Court,"18th District, Position 1",,Under Votes,95
Clatsop,122 - Arch Cape,Judge of the Circuit Court,"18th District, Position 1",,Under Votes,72
Clatsop,123 - Cannon Beach,Judge of the Circuit Court,"18th District, Position 1",,Under Votes,283
Clatsop,124 - Hamlet,Judge of the Circuit Court,"18th District, Position 1",,Under Votes,75
Clatsop,125 - Elsie,Judge of the Circuit Court,"18th District, Position 1",,Under Votes,83
Clatsop,101 - Astoria West,Judge of the Circuit Court,"18th District, Position 1",,Write-ins,9
Clatsop,102 - Astoria East,Judge of the Circuit Court,"18th District, Position 1",,Write-ins,3
Clatsop,103 - John Day/Walluski,Judge of the Circuit Court,"18th District, Position 1",,Write-ins,2
Clatsop,104 - Astoria South,Judge of the Circuit Court,"18th District, Position 1",,Write-ins,4
Clatsop,105 - Svensen,Judge of the Circuit Court,"18th District, Position 1",,Write-ins,1
Clatsop,106 - Knappa,Judge of the Circuit Court,"18th District, Position 1",,Write-ins,2
Clatsop,107 - Westport/Hillcrest,Judge of the Circuit Court,"18th District, Position 1",,Write-ins,1
Clatsop,108 - Jewell,Judge of the Circuit Court,"18th District, Position 1",,Write-ins,3
Clatsop,109 - Olney,Judge of the Circuit Court,"18th District, Position 1",,Write-ins,1
Clatsop,110 - Stanley Acres,Judge of the Circuit Court,"18th District, Position 1",,Write-ins,1
Clatsop,111 - Lewis and Clark/Chadwell,Judge of the Circuit Court,"18th District, Position 1",,Write-ins,3
Clatsop,112 - Warrenton East,Judge of the Circuit Court,"18th District, Position 1",,Write-ins,4
Clatsop,113 - Warrenton West,Judge of the Circuit Court,"18th District, Position 1",,Write-ins,8
Clatsop,114 - Clatsop Plains North,Judge of the Circuit Court,"18th District, Position 1",,Write-ins,2
Clatsop,115 - Clatsop Plains South,Judge of the Circuit Court,"18th District, Position 1",,Write-ins,6
Clatsop,116 - Gearhart,Judge of the Circuit Court,"18th District, Position 1",,Write-ins,1
Clatsop,117 - Seaside North,Judge of the Circuit Court,"18th District, Position 1",,Write-ins,1
Clatsop,118 - Seaside West,Judge of the Circuit Court,"18th District, Position 1",,Write-ins,0
Clatsop,119 - Seaside East,Judge of the Circuit Court,"18th District, Position 1",,Write-ins,2
Clatsop,120 - Seaside South,Judge of the Circuit Court,"18th District, Position 1",,Write-ins,9
Clatsop,121 - Necanicum,Judge of the Circuit Court,"18th District, Position 1",,Write-ins,1
Clatsop,122 - Arch Cape,Judge of the Circuit Court,"18th District, Position 1",,Write-ins,0
Clatsop,123 - Cannon Beach,Judge of the Circuit Court,"18th District, Position 1",,Write-ins,0
Clatsop,124 - Hamlet,Judge of the Circuit Court,"18th District, Position 1",,Write-ins,1
Clatsop,125 - Elsie,Judge of the Circuit Court,"18th District, Position 1",,Write-ins,3
Clatsop,101 - Astoria West,Judge of the Court of Appeals,Position 1,,Over Votes,0
Clatsop,102 - Astoria East,Judge of the Court of Appeals,Position 1,,Over Votes,0
Clatsop,103 - John Day/Walluski,Judge of the Court of Appeals,Position 1,,Over Votes,0
Clatsop,104 - Astoria South,Judge of the Court of Appeals,Position 1,,Over Votes,0
Clatsop,105 - Svensen,Judge of the Court of Appeals,Position 1,,Over Votes,0
Clatsop,106 - Knappa,Judge of the Court of Appeals,Position 1,,Over Votes,0
Clatsop,107 - Westport/Hillcrest,Judge of the Court of Appeals,Position 1,,Over Votes,0
Clatsop,108 - Jewell,Judge of the Court of Appeals,Position 1,,Over Votes,0
Clatsop,109 - Olney,Judge of the Court of Appeals,Position 1,,Over Votes,0
Clatsop,110 - Stanley Acres,Judge of the Court of Appeals,Position 1,,Over Votes,0
Clatsop,111 - Lewis and Clark/Chadwell,Judge of the Court of Appeals,Position 1,,Over Votes,0
Clatsop,112 - Warrenton East,Judge of the Court of Appeals,Position 1,,Over Votes,0
Clatsop,113 - Warrenton West,Judge of the Court of Appeals,Position 1,,Over Votes,0
Clatsop,114 - Clatsop Plains North,Judge of the Court of Appeals,Position 1,,Over Votes,0
Clatsop,115 - Clatsop Plains South,Judge of the Court of Appeals,Position 1,,Over Votes,0
Clatsop,116 - Gearhart,Judge of the Court of Appeals,Position 1,,Over Votes,0
Clatsop,117 - Seaside North,Judge of the Court of Appeals,Position 1,,Over Votes,0
Clatsop,118 - Seaside West,Judge of the Court of Appeals,Position 1,,Over Votes,0
Clatsop,119 - Seaside East,Judge of the Court of Appeals,Position 1,,Over Votes,0
Clatsop,120 - Seaside South,Judge of the Court of Appeals,Position 1,,Over Votes,0
Clatsop,121 - Necanicum,Judge of the Court of Appeals,Position 1,,Over Votes,0
Clatsop,122 - Arch Cape,Judge of the Court of Appeals,Position 1,,Over Votes,0
Clatsop,123 - Cannon Beach,Judge of the Court of Appeals,Position 1,,Over Votes,0
Clatsop,124 - Hamlet,Judge of the Court of Appeals,Position 1,,Over Votes,0
Clatsop,125 - Elsie,Judge of the Court of Appeals,Position 1,,Over Votes,0
Clatsop,101 - Astoria West,Judge of the Court of Appeals,Position 1,,Ryan T. O'Connor,864
Clatsop,102 - Astoria East,Judge of the Court of Appeals,Position 1,,Ryan T. O'Connor,601
Clatsop,103 - John Day/Walluski,Judge of the Court of Appeals,Position 1,,Ryan T. O'Connor,243
Clatsop,104 - Astoria South,Judge of the Court of Appeals,Position 1,,Ryan T. O'Connor,293
Clatsop,105 - Svensen,Judge of the Court of Appeals,Position 1,,Ryan T. O'Connor,330
Clatsop,106 - Knappa,Judge of the Court of Appeals,Position 1,,Ryan T. O'Connor,352
Clatsop,107 - Westport/Hillcrest,Judge of the Court of Appeals,Position 1,,Ryan T. O'Connor,117
Clatsop,108 - Jewell,Judge of the Court of Appeals,Position 1,,Ryan T. O'Connor,92
Clatsop,109 - Olney,Judge of the Court of Appeals,Position 1,,Ryan T. O'Connor,109
Clatsop,110 - Stanley Acres,Judge of the Court of Appeals,Position 1,,Ryan T. O'Connor,64
Clatsop,111 - Lewis and Clark/Chadwell,Judge of the Court of Appeals,Position 1,,Ryan T. O'Connor,431
Clatsop,112 - Warrenton East,Judge of the Court of Appeals,Position 1,,Ryan T. O'Connor,240
Clatsop,113 - Warrenton West,Judge of the Court of Appeals,Position 1,,Ryan T. O'Connor,712
Clatsop,114 - Clatsop Plains North,Judge of the Court of Appeals,Position 1,,Ryan T. O'Connor,256
Clatsop,115 - Clatsop Plains South,Judge of the Court of Appeals,Position 1,,Ryan T. O'Connor,419
Clatsop,116 - Gearhart,Judge of the Court of Appeals,Position 1,,Ryan T. O'Connor,517
Clatsop,117 - Seaside North,Judge of the Court of Appeals,Position 1,,Ryan T. O'Connor,158
Clatsop,118 - Seaside West,Judge of the Court of Appeals,Position 1,,Ryan T. O'Connor,172
Clatsop,119 - Seaside East,Judge of the Court of Appeals,Position 1,,Ryan T. O'Connor,330
Clatsop,120 - Seaside South,Judge of the Court of Appeals,Position 1,,Ryan T. O'Connor,427
Clatsop,121 - Necanicum,Judge of the Court of Appeals,Position 1,,Ryan T. O'Connor,80
Clatsop,122 - Arch Cape,Judge of the Court of Appeals,Position 1,,Ryan T. O'Connor,73
Clatsop,123 - Cannon Beach,Judge of the Court of Appeals,Position 1,,Ryan T. O'Connor,337
Clatsop,124 - Hamlet,Judge of the Court of Appeals,Position 1,,Ryan T. O'Connor,95
Clatsop,125 - Elsie,Judge of the Court of Appeals,Position 1,,Ryan T. O'Connor,84
Clatsop,101 - Astoria West,Judge of the Court of Appeals,Position 1,,Under Votes,721
Clatsop,102 - Astoria East,Judge of the Court of Appeals,Position 1,,Under Votes,485
Clatsop,103 - John Day/Walluski,Judge of the Court of Appeals,Position 1,,Under Votes,184
Clatsop,104 - Astoria South,Judge of the Court of Appeals,Position 1,,Under Votes,196
Clatsop,105 - Svensen,Judge of the Court of Appeals,Position 1,,Under Votes,316
Clatsop,106 - Knappa,Judge of the Court of Appeals,Position 1,,Under Votes,312
Clatsop,107 - Westport/Hillcrest,Judge of the Court of Appeals,Position 1,,Under Votes,79
Clatsop,108 - Jewell,Judge of the Court of Appeals,Position 1,,Under Votes,134
Clatsop,109 - Olney,Judge of the Court of Appeals,Position 1,,Under Votes,150
Clatsop,110 - Stanley Acres,Judge of the Court of Appeals,Position 1,,Under Votes,56
Clatsop,111 - Lewis and Clark/Chadwell,Judge of the Court of Appeals,Position 1,,Under Votes,400
Clatsop,112 - Warrenton East,Judge of the Court of Appeals,Position 1,,Under Votes,169
Clatsop,113 - Warrenton West,Judge of the Court of Appeals,Position 1,,Under Votes,529
Clatsop,114 - Clatsop Plains North,Judge of the Court of Appeals,Position 1,,Under Votes,196
Clatsop,115 - Clatsop Plains South,Judge of the Court of Appeals,Position 1,,Under Votes,386
Clatsop,116 - Gearhart,Judge of the Court of Appeals,Position 1,,Under Votes,406
Clatsop,117 - Seaside North,Judge of the Court of Appeals,Position 1,,Under Votes,134
Clatsop,118 - Seaside West,Judge of the Court of Appeals,Position 1,,Under Votes,146
Clatsop,119 - Seaside East,Judge of the Court of Appeals,Position 1,,Under Votes,202
Clatsop,120 - Seaside South,Judge of the Court of Appeals,Position 1,,Under Votes,245
Clatsop,121 - Necanicum,Judge of the Court of Appeals,Position 1,,Under Votes,89
Clatsop,122 - Arch Cape,Judge of the Court of Appeals,Position 1,,Under Votes,71
Clatsop,123 - Cannon Beach,Judge of the Court of Appeals,Position 1,,Under Votes,267
Clatsop,124 - Hamlet,Judge of the Court of Appeals,Position 1,,Under Votes,73
Clatsop,125 - Elsie,Judge of the Court of Appeals,Position 1,,Under Votes,82
Clatsop,101 - Astoria West,Judge of the Court of Appeals,Position 1,,Write-ins,5
Clatsop,102 - Astoria East,Judge of the Court of Appeals,Position 1,,Write-ins,4
Clatsop,103 - John Day/Walluski,Judge of the Court of Appeals,Position 1,,Write-ins,6
Clatsop,104 - Astoria South,Judge of the Court of Appeals,Position 1,,Write-ins,7
Clatsop,105 - Svensen,Judge of the Court of Appeals,Position 1,,Write-ins,5
Clatsop,106 - Knappa,Judge of the Court of Appeals,Position 1,,Write-ins,2
Clatsop,107 - Westport/Hillcrest,Judge of the Court of Appeals,Position 1,,Write-ins,1
Clatsop,108 - Jewell,Judge of the Court of Appeals,Position 1,,Write-ins,6
Clatsop,109 - Olney,Judge of the Court of Appeals,Position 1,,Write-ins,3
Clatsop,110 - Stanley Acres,Judge of the Court of Appeals,Position 1,,Write-ins,2
Clatsop,111 - Lewis and Clark/Chadwell,Judge of the Court of Appeals,Position 1,,Write-ins,5
Clatsop,112 - Warrenton East,Judge of the Court of Appeals,Position 1,,Write-ins,3
Clatsop,113 - Warrenton West,Judge of the Court of Appeals,Position 1,,Write-ins,17
Clatsop,114 - Clatsop Plains North,Judge of the Court of Appeals,Position 1,,Write-ins,4
Clatsop,115 - Clatsop Plains South,Judge of the Court of Appeals,Position 1,,Write-ins,10
Clatsop,116 - Gearhart,Judge of the Court of Appeals,Position 1,,Write-ins,4
Clatsop,117 - Seaside North,Judge of the Court of Appeals,Position 1,,Write-ins,2
Clatsop,118 - Seaside West,Judge of the Court of Appeals,Position 1,,Write-ins,0
Clatsop,119 - Seaside East,Judge of the Court of Appeals,Position 1,,Write-ins,2
Clatsop,120 - Seaside South,Judge of the Court of Appeals,Position 1,,Write-ins,10
Clatsop,121 - Necanicum,Judge of the Court of Appeals,Position 1,,Write-ins,2
Clatsop,122 - Arch Cape,Judge of the Court of Appeals,Position 1,,Write-ins,1
Clatsop,123 - Cannon Beach,Judge of the Court of Appeals,Position 1,,Write-ins,1
Clatsop,124 - Hamlet,Judge of the Court of Appeals,Position 1,,Write-ins,1
Clatsop,125 - Elsie,Judge of the Court of Appeals,Position 1,,Write-ins,2
Clatsop,101 - Astoria West,Judge of the Court of Appeals,Position 12,,Erin C. Lagesen,863
Clatsop,102 - Astoria East,Judge of the Court of Appeals,Position 12,,Erin C. Lagesen,606
Clatsop,103 - John Day/Walluski,Judge of the Court of Appeals,Position 12,,Erin C. Lagesen,234
Clatsop,104 - Astoria South,Judge of the Court of Appeals,Position 12,,Erin C. Lagesen,293
Clatsop,105 - Svensen,Judge of the Court of Appeals,Position 12,,Erin C. Lagesen,329
Clatsop,106 - Knappa,Judge of the Court of Appeals,Position 12,,Erin C. Lagesen,347
Clatsop,107 - Westport/Hillcrest,Judge of the Court of Appeals,Position 12,,Erin C. Lagesen,117
Clatsop,108 - Jewell,Judge of the Court of Appeals,Position 12,,Erin C. Lagesen,92
Clatsop,109 - Olney,Judge of the Court of Appeals,Position 12,,Erin C. Lagesen,106
Clatsop,110 - Stanley Acres,Judge of the Court of Appeals,Position 12,,Erin C. Lagesen,63
Clatsop,111 - Lewis and Clark/Chadwell,Judge of the Court of Appeals,Position 12,,Erin C. Lagesen,432
Clatsop,112 - Warrenton East,Judge of the Court of Appeals,Position 12,,Erin C. Lagesen,241
Clatsop,113 - Warrenton West,Judge of the Court of Appeals,Position 12,,Erin C. Lagesen,712
Clatsop,114 - Clatsop Plains North,Judge of the Court of Appeals,Position 12,,Erin C. Lagesen,255
Clatsop,115 - Clatsop Plains South,Judge of the Court of Appeals,Position 12,,Erin C. Lagesen,415
Clatsop,116 - Gearhart,Judge of the Court of Appeals,Position 12,,Erin C. Lagesen,504
Clatsop,117 - Seaside North,Judge of the Court of Appeals,Position 12,,Erin C. Lagesen,156
Clatsop,118 - Seaside West,Judge of the Court of Appeals,Position 12,,Erin C. Lagesen,172
Clatsop,119 - Seaside East,Judge of the Court of Appeals,Position 12,,Erin C. Lagesen,326
Clatsop,120 - Seaside South,Judge of the Court of Appeals,Position 12,,Erin C. Lagesen,418
Clatsop,121 - Necanicum,Judge of the Court of Appeals,Position 12,,Erin C. Lagesen,76
Clatsop,122 - Arch Cape,Judge of the Court of Appeals,Position 12,,Erin C. Lagesen,74
Clatsop,123 - Cannon Beach,Judge of the Court of Appeals,Position 12,,Erin C. Lagesen,341
Clatsop,124 - Hamlet,Judge of the Court of Appeals,Position 12,,Erin C. Lagesen,96
Clatsop,125 - Elsie,Judge of the Court of Appeals,Position 12,,Erin C. Lagesen,88
Clatsop,101 - Astoria West,Judge of the Court of Appeals,Position 12,,Over Votes,0
Clatsop,102 - Astoria East,Judge of the Court of Appeals,Position 12,,Over Votes,0
Clatsop,103 - John Day/Walluski,Judge of the Court of Appeals,Position 12,,Over Votes,0
Clatsop,104 - Astoria South,Judge of the Court of Appeals,Position 12,,Over Votes,0
Clatsop,105 - Svensen,Judge of the Court of Appeals,Position 12,,Over Votes,0
Clatsop,106 - Knappa,Judge of the Court of Appeals,Position 12,,Over Votes,0
Clatsop,107 - Westport/Hillcrest,Judge of the Court of Appeals,Position 12,,Over Votes,0
Clatsop,108 - Jewell,Judge of the Court of Appeals,Position 12,,Over Votes,0
Clatsop,109 - Olney,Judge of the Court of Appeals,Position 12,,Over Votes,0
Clatsop,110 - Stanley Acres,Judge of the Court of Appeals,Position 12,,Over Votes,0
Clatsop,111 - Lewis and Clark/Chadwell,Judge of the Court of Appeals,Position 12,,Over Votes,0
Clatsop,112 - Warrenton East,Judge of the Court of Appeals,Position 12,,Over Votes,0
Clatsop,113 - Warrenton West,Judge of the Court of Appeals,Position 12,,Over Votes,0
Clatsop,114 - Clatsop Plains North,Judge of the Court of Appeals,Position 12,,Over Votes,0
Clatsop,115 - Clatsop Plains South,Judge of the Court of Appeals,Position 12,,Over Votes,0
Clatsop,116 - Gearhart,Judge of the Court of Appeals,Position 12,,Over Votes,0
Clatsop,117 - Seaside North,Judge of the Court of Appeals,Position 12,,Over Votes,0
Clatsop,118 - Seaside West,Judge of the Court of Appeals,Position 12,,Over Votes,0
Clatsop,119 - Seaside East,Judge of the Court of Appeals,Position 12,,Over Votes,0
Clatsop,120 - Seaside South,Judge of the Court of Appeals,Position 12,,Over Votes,0
Clatsop,121 - Necanicum,Judge of the Court of Appeals,Position 12,,Over Votes,0
Clatsop,122 - Arch Cape,Judge of the Court of Appeals,Position 12,,Over Votes,0
Clatsop,123 - Cannon Beach,Judge of the Court of Appeals,Position 12,,Over Votes,0
Clatsop,124 - Hamlet,Judge of the Court of Appeals,Position 12,,Over Votes,0
Clatsop,125 - Elsie,Judge of the Court of Appeals,Position 12,,Over Votes,0
Clatsop,101 - Astoria West,Judge of the Court of Appeals,Position 12,,Under Votes,722
Clatsop,102 - Astoria East,Judge of the Court of Appeals,Position 12,,Under Votes,482
Clatsop,103 - John Day/Walluski,Judge of the Court of Appeals,Position 12,,Under Votes,191
Clatsop,104 - Astoria South,Judge of the Court of Appeals,Position 12,,Under Votes,197
Clatsop,105 - Svensen,Judge of the Court of Appeals,Position 12,,Under Votes,318
Clatsop,106 - Knappa,Judge of the Court of Appeals,Position 12,,Under Votes,315
Clatsop,107 - Westport/Hillcrest,Judge of the Court of Appeals,Position 12,,Under Votes,79
Clatsop,108 - Jewell,Judge of the Court of Appeals,Position 12,,Under Votes,136
Clatsop,109 - Olney,Judge of the Court of Appeals,Position 12,,Under Votes,153
Clatsop,110 - Stanley Acres,Judge of the Court of Appeals,Position 12,,Under Votes,56
Clatsop,111 - Lewis and Clark/Chadwell,Judge of the Court of Appeals,Position 12,,Under Votes,398
Clatsop,112 - Warrenton East,Judge of the Court of Appeals,Position 12,,Under Votes,166
Clatsop,113 - Warrenton West,Judge of the Court of Appeals,Position 12,,Under Votes,528
Clatsop,114 - Clatsop Plains North,Judge of the Court of Appeals,Position 12,,Under Votes,197
Clatsop,115 - Clatsop Plains South,Judge of the Court of Appeals,Position 12,,Under Votes,390
Clatsop,116 - Gearhart,Judge of the Court of Appeals,Position 12,,Under Votes,419
Clatsop,117 - Seaside North,Judge of the Court of Appeals,Position 12,,Under Votes,135
Clatsop,118 - Seaside West,Judge of the Court of Appeals,Position 12,,Under Votes,146
Clatsop,119 - Seaside East,Judge of the Court of Appeals,Position 12,,Under Votes,208
Clatsop,120 - Seaside South,Judge of the Court of Appeals,Position 12,,Under Votes,255
Clatsop,121 - Necanicum,Judge of the Court of Appeals,Position 12,,Under Votes,93
Clatsop,122 - Arch Cape,Judge of the Court of Appeals,Position 12,,Under Votes,71
Clatsop,123 - Cannon Beach,Judge of the Court of Appeals,Position 12,,Under Votes,263
Clatsop,124 - Hamlet,Judge of the Court of Appeals,Position 12,,Under Votes,71
Clatsop,125 - Elsie,Judge of the Court of Appeals,Position 12,,Under Votes,79
Clatsop,101 - Astoria West,Judge of the Court of Appeals,Position 12,,Write-ins,5
Clatsop,102 - Astoria East,Judge of the Court of Appeals,Position 12,,Write-ins,2
Clatsop,103 - John Day/Walluski,Judge of the Court of Appeals,Position 12,,Write-ins,8
Clatsop,104 - Astoria South,Judge of the Court of Appeals,Position 12,,Write-ins,6
Clatsop,105 - Svensen,Judge of the Court of Appeals,Position 12,,Write-ins,4
Clatsop,106 - Knappa,Judge of the Court of Appeals,Position 12,,Write-ins,4
Clatsop,107 - Westport/Hillcrest,Judge of the Court of Appeals,Position 12,,Write-ins,1
Clatsop,108 - Jewell,Judge of the Court of Appeals,Position 12,,Write-ins,4
Clatsop,109 - Olney,Judge of the Court of Appeals,Position 12,,Write-ins,3
Clatsop,110 - Stanley Acres,Judge of the Court of Appeals,Position 12,,Write-ins,3
Clatsop,111 - Lewis and Clark/Chadwell,Judge of the Court of Appeals,Position 12,,Write-ins,6
Clatsop,112 - Warrenton East,Judge of the Court of Appeals,Position 12,,Write-ins,5
Clatsop,113 - Warrenton West,Judge of the Court of Appeals,Position 12,,Write-ins,18
Clatsop,114 - Clatsop Plains North,Judge of the Court of Appeals,Position 12,,Write-ins,4
Clatsop,115 - Clatsop Plains South,Judge of the Court of Appeals,Position 12,,Write-ins,10
Clatsop,116 - Gearhart,Judge of the Court of Appeals,Position 12,,Write-ins,4
Clatsop,117 - Seaside North,Judge of the Court of Appeals,Position 12,,Write-ins,3
Clatsop,118 - Seaside West,Judge of the Court of Appeals,Position 12,,Write-ins,0
Clatsop,119 - Seaside East,Judge of the Court of Appeals,Position 12,,Write-ins,0
Clatsop,120 - Seaside South,Judge of the Court of Appeals,Position 12,,Write-ins,9
Clatsop,121 - Necanicum,Judge of the Court of Appeals,Position 12,,Write-ins,2
Clatsop,122 - Arch Cape,Judge of the Court of Appeals,Position 12,,Write-ins,0
Clatsop,123 - Cannon Beach,Judge of the Court of Appeals,Position 12,,Write-ins,1
Clatsop,124 - Hamlet,Judge of the Court of Appeals,Position 12,,Write-ins,2
Clatsop,125 - Elsie,Judge of the Court of Appeals,Position 12,,Write-ins,1
Clatsop,101 - Astoria West,Judge of the Court of Appeals,Position 13,,Doug Tookey,856
Clatsop,102 - Astoria East,Judge of the Court of Appeals,Position 13,,Doug Tookey,601
Clatsop,103 - John Day/Walluski,Judge of the Court of Appeals,Position 13,,Doug Tookey,231
Clatsop,104 - Astoria South,Judge of the Court of Appeals,Position 13,,Doug Tookey,291
Clatsop,105 - Svensen,Judge of the Court of Appeals,Position 13,,Doug Tookey,326
Clatsop,106 - Knappa,Judge of the Court of Appeals,Position 13,,Doug Tookey,342
Clatsop,107 - Westport/Hillcrest,Judge of the Court of Appeals,Position 13,,Doug Tookey,118
Clatsop,108 - Jewell,Judge of the Court of Appeals,Position 13,,Doug Tookey,91
Clatsop,109 - Olney,Judge of the Court of Appeals,Position 13,,Doug Tookey,106
Clatsop,110 - Stanley Acres,Judge of the Court of Appeals,Position 13,,Doug Tookey,59
Clatsop,111 - Lewis and Clark/Chadwell,Judge of the Court of Appeals,Position 13,,Doug Tookey,427
Clatsop,112 - Warrenton East,Judge of the Court of Appeals,Position 13,,Doug Tookey,238
Clatsop,113 - Warrenton West,Judge of the Court of Appeals,Position 13,,Doug Tookey,714
Clatsop,114 - Clatsop Plains North,Judge of the Court of Appeals,Position 13,,Doug Tookey,252
Clatsop,115 - Clatsop Plains South,Judge of the Court of Appeals,Position 13,,Doug Tookey,411
Clatsop,116 - Gearhart,Judge of the Court of Appeals,Position 13,,Doug Tookey,508
Clatsop,117 - Seaside North,Judge of the Court of Appeals,Position 13,,Doug Tookey,151
Clatsop,118 - Seaside West,Judge of the Court of Appeals,Position 13,,Doug Tookey,167
Clatsop,119 - Seaside East,Judge of the Court of Appeals,Position 13,,Doug Tookey,320
Clatsop,120 - Seaside South,Judge of the Court of Appeals,Position 13,,Doug Tookey,415
Clatsop,121 - Necanicum,Judge of the Court of Appeals,Position 13,,Doug Tookey,74
Clatsop,122 - Arch Cape,Judge of the Court of Appeals,Position 13,,Doug Tookey,72
Clatsop,123 - Cannon Beach,Judge of the Court of Appeals,Position 13,,Doug Tookey,340
Clatsop,124 - Hamlet,Judge of the Court of Appeals,Position 13,,Doug Tookey,95
Clatsop,125 - Elsie,Judge of the Court of Appeals,Position 13,,Doug Tookey,86
Clatsop,101 - Astoria West,Judge of the Court of Appeals,Position 13,,Over Votes,0
Clatsop,102 - Astoria East,Judge of the Court of Appeals,Position 13,,Over Votes,0
Clatsop,103 - John Day/Walluski,Judge of the Court of Appeals,Position 13,,Over Votes,0
Clatsop,104 - Astoria South,Judge of the Court of Appeals,Position 13,,Over Votes,0
Clatsop,105 - Svensen,Judge of the Court of Appeals,Position 13,,Over Votes,0
Clatsop,106 - Knappa,Judge of the Court of Appeals,Position 13,,Over Votes,0
Clatsop,107 - Westport/Hillcrest,Judge of the Court of Appeals,Position 13,,Over Votes,0
Clatsop,108 - Jewell,Judge of the Court of Appeals,Position 13,,Over Votes,0
Clatsop,109 - Olney,Judge of the Court of Appeals,Position 13,,Over Votes,0
Clatsop,110 - Stanley Acres,Judge of the Court of Appeals,Position 13,,Over Votes,0
Clatsop,111 - Lewis and Clark/Chadwell,Judge of the Court of Appeals,Position 13,,Over Votes,0
Clatsop,112 - Warrenton East,Judge of the Court of Appeals,Position 13,,Over Votes,0
Clatsop,113 - Warrenton West,Judge of the Court of Appeals,Position 13,,Over Votes,0
Clatsop,114 - Clatsop Plains North,Judge of the Court of Appeals,Position 13,,Over Votes,0
Clatsop,115 - Clatsop Plains South,Judge of the Court of Appeals,Position 13,,Over Votes,0
Clatsop,116 - Gearhart,Judge of the Court of Appeals,Position 13,,Over Votes,0
Clatsop,117 - Seaside North,Judge of the Court of Appeals,Position 13,,Over Votes,0
Clatsop,118 - Seaside West,Judge of the Court of Appeals,Position 13,,Over Votes,0
Clatsop,119 - Seaside East,Judge of the Court of Appeals,Position 13,,Over Votes,0
Clatsop,120 - Seaside South,Judge of the Court of Appeals,Position 13,,Over Votes,0
Clatsop,121 - Necanicum,Judge of the Court of Appeals,Position 13,,Over Votes,0
Clatsop,122 - Arch Cape,Judge of the Court of Appeals,Position 13,,Over Votes,0
Clatsop,123 - Cannon Beach,Judge of the Court of Appeals,Position 13,,Over Votes,0
Clatsop,124 - Hamlet,Judge of the Court of Appeals,Position 13,,Over Votes,0
Clatsop,125 - Elsie,Judge of the Court of Appeals,Position 13,,Over Votes,0
Clatsop,101 - Astoria West,Judge of the Court of Appeals,Position 13,,Under Votes,728
Clatsop,102 - Astoria East,Judge of the Court of Appeals,Position 13,,Under Votes,487
Clatsop,103 - John Day/Walluski,Judge of the Court of Appeals,Position 13,,Under Votes,196
Clatsop,104 - Astoria South,Judge of the Court of Appeals,Position 13,,Under Votes,200
Clatsop,105 - Svensen,Judge of the Court of Appeals,Position 13,,Under Votes,321
Clatsop,106 - Knappa,Judge of the Court of Appeals,Position 13,,Under Votes,320
Clatsop,107 - Westport/Hillcrest,Judge of the Court of Appeals,Position 13,,Under Votes,78
Clatsop,108 - Jewell,Judge of the Court of Appeals,Position 13,,Under Votes,138
Clatsop,109 - Olney,Judge of the Court of Appeals,Position 13,,Under Votes,153
Clatsop,110 - Stanley Acres,Judge of the Court of Appeals,Position 13,,Under Votes,60
Clatsop,111 - Lewis and Clark/Chadwell,Judge of the Court of Appeals,Position 13,,Under Votes,403
Clatsop,112 - Warrenton East,Judge of the Court of Appeals,Position 13,,Under Votes,170
Clatsop,113 - Warrenton West,Judge of the Court of Appeals,Position 13,,Under Votes,526
Clatsop,114 - Clatsop Plains North,Judge of the Court of Appeals,Position 13,,Under Votes,200
Clatsop,115 - Clatsop Plains South,Judge of the Court of Appeals,Position 13,,Under Votes,395
Clatsop,116 - Gearhart,Judge of the Court of Appeals,Position 13,,Under Votes,415
Clatsop,117 - Seaside North,Judge of the Court of Appeals,Position 13,,Under Votes,141
Clatsop,118 - Seaside West,Judge of the Court of Appeals,Position 13,,Under Votes,151
Clatsop,119 - Seaside East,Judge of the Court of Appeals,Position 13,,Under Votes,211
Clatsop,120 - Seaside South,Judge of the Court of Appeals,Position 13,,Under Votes,259
Clatsop,121 - Necanicum,Judge of the Court of Appeals,Position 13,,Under Votes,95
Clatsop,122 - Arch Cape,Judge of the Court of Appeals,Position 13,,Under Votes,73
Clatsop,123 - Cannon Beach,Judge of the Court of Appeals,Position 13,,Under Votes,265
Clatsop,124 - Hamlet,Judge of the Court of Appeals,Position 13,,Under Votes,73
Clatsop,125 - Elsie,Judge of the Court of Appeals,Position 13,,Under Votes,80
Clatsop,101 - Astoria West,Judge of the Court of Appeals,Position 13,,Write-ins,6
Clatsop,102 - Astoria East,Judge of the Court of Appeals,Position 13,,Write-ins,2
Clatsop,103 - John Day/Walluski,Judge of the Court of Appeals,Position 13,,Write-ins,6
Clatsop,104 - Astoria South,Judge of the Court of Appeals,Position 13,,Write-ins,5
Clatsop,105 - Svensen,Judge of the Court of Appeals,Position 13,,Write-ins,4
Clatsop,106 - Knappa,Judge of the Court of Appeals,Position 13,,Write-ins,4
Clatsop,107 - Westport/Hillcrest,Judge of the Court of Appeals,Position 13,,Write-ins,1
Clatsop,108 - Jewell,Judge of the Court of Appeals,Position 13,,Write-ins,3
Clatsop,109 - Olney,Judge of the Court of Appeals,Position 13,,Write-ins,3
Clatsop,110 - Stanley Acres,Judge of the Court of Appeals,Position 13,,Write-ins,3
Clatsop,111 - Lewis and Clark/Chadwell,Judge of the Court of Appeals,Position 13,,Write-ins,6
Clatsop,112 - Warrenton East,Judge of the Court of Appeals,Position 13,,Write-ins,4
Clatsop,113 - Warrenton West,Judge of the Court of Appeals,Position 13,,Write-ins,18
Clatsop,114 - Clatsop Plains North,Judge of the Court of Appeals,Position 13,,Write-ins,4
Clatsop,115 - Clatsop Plains South,Judge of the Court of Appeals,Position 13,,Write-ins,9
Clatsop,116 - Gearhart,Judge of the Court of Appeals,Position 13,,Write-ins,4
Clatsop,117 - Seaside North,Judge of the Court of Appeals,Position 13,,Write-ins,2
Clatsop,118 - Seaside West,Judge of the Court of Appeals,Position 13,,Write-ins,0
Clatsop,119 - Seaside East,Judge of the Court of Appeals,Position 13,,Write-ins,3
Clatsop,120 - Seaside South,Judge of the Court of Appeals,Position 13,,Write-ins,8
Clatsop,121 - Necanicum,Judge of the Court of Appeals,Position 13,,Write-ins,2
Clatsop,122 - Arch Cape,Judge of the Court of Appeals,Position 13,,Write-ins,0
Clatsop,123 - Cannon Beach,Judge of the Court of Appeals,Position 13,,Write-ins,0
Clatsop,124 - Hamlet,Judge of the Court of Appeals,Position 13,,Write-ins,1
Clatsop,125 - Elsie,Judge of the Court of Appeals,Position 13,,Write-ins,2
Clatsop,101 - Astoria West,Judge of the Court of Appeals,Position 9,,Jacqueline Kamins,868
Clatsop,102 - Astoria East,Judge of the Court of Appeals,Position 9,,Jacqueline Kamins,607
Clatsop,103 - John Day/Walluski,Judge of the Court of Appeals,Position 9,,Jacqueline Kamins,234
Clatsop,104 - Astoria South,Judge of the Court of Appeals,Position 9,,Jacqueline Kamins,295
Clatsop,105 - Svensen,Judge of the Court of Appeals,Position 9,,Jacqueline Kamins,322
Clatsop,106 - Knappa,Judge of the Court of Appeals,Position 9,,Jacqueline Kamins,348
Clatsop,107 - Westport/Hillcrest,Judge of the Court of Appeals,Position 9,,Jacqueline Kamins,114
Clatsop,108 - Jewell,Judge of the Court of Appeals,Position 9,,Jacqueline Kamins,92
Clatsop,109 - Olney,Judge of the Court of Appeals,Position 9,,Jacqueline Kamins,102
Clatsop,110 - Stanley Acres,Judge of the Court of Appeals,Position 9,,Jacqueline Kamins,60
Clatsop,111 - Lewis and Clark/Chadwell,Judge of the Court of Appeals,Position 9,,Jacqueline Kamins,423
Clatsop,112 - Warrenton East,Judge of the Court of Appeals,Position 9,,Jacqueline Kamins,241
Clatsop,113 - Warrenton West,Judge of the Court of Appeals,Position 9,,Jacqueline Kamins,708
Clatsop,114 - Clatsop Plains North,Judge of the Court of Appeals,Position 9,,Jacqueline Kamins,252
Clatsop,115 - Clatsop Plains South,Judge of the Court of Appeals,Position 9,,Jacqueline Kamins,415
Clatsop,116 - Gearhart,Judge of the Court of Appeals,Position 9,,Jacqueline Kamins,506
Clatsop,117 - Seaside North,Judge of the Court of Appeals,Position 9,,Jacqueline Kamins,159
Clatsop,118 - Seaside West,Judge of the Court of Appeals,Position 9,,Jacqueline Kamins,169
Clatsop,119 - Seaside East,Judge of the Court of Appeals,Position 9,,Jacqueline Kamins,319
Clatsop,120 - Seaside South,Judge of the Court of Appeals,Position 9,,Jacqueline Kamins,421
Clatsop,121 - Necanicum,Judge of the Court of Appeals,Position 9,,Jacqueline Kamins,76
Clatsop,122 - Arch Cape,Judge of the Court of Appeals,Position 9,,Jacqueline Kamins,74
Clatsop,123 - Cannon Beach,Judge of the Court of Appeals,Position 9,,Jacqueline Kamins,342
Clatsop,124 - Hamlet,Judge of the Court of Appeals,Position 9,,Jacqueline Kamins,94
Clatsop,125 - Elsie,Judge of the Court of Appeals,Position 9,,Jacqueline Kamins,88
Clatsop,101 - Astoria West,Judge of the Court of Appeals,Position 9,,Over Votes,0
Clatsop,102 - Astoria East,Judge of the Court of Appeals,Position 9,,Over Votes,0
Clatsop,103 - John Day/Walluski,Judge of the Court of Appeals,Position 9,,Over Votes,0
Clatsop,104 - Astoria South,Judge of the Court of Appeals,Position 9,,Over Votes,0
Clatsop,105 - Svensen,Judge of the Court of Appeals,Position 9,,Over Votes,0
Clatsop,106 - Knappa,Judge of the Court of Appeals,Position 9,,Over Votes,1
Clatsop,107 - Westport/Hillcrest,Judge of the Court of Appeals,Position 9,,Over Votes,0
Clatsop,108 - Jewell,Judge of the Court of Appeals,Position 9,,Over Votes,0
Clatsop,109 - Olney,Judge of the Court of Appeals,Position 9,,Over Votes,0
Clatsop,110 - Stanley Acres,Judge of the Court of Appeals,Position 9,,Over Votes,0
Clatsop,111 - Lewis and Clark/Chadwell,Judge of the Court of Appeals,Position 9,,Over Votes,0
Clatsop,112 - Warrenton East,Judge of the Court of Appeals,Position 9,,Over Votes,0
Clatsop,113 - Warrenton West,Judge of the Court of Appeals,Position 9,,Over Votes,0
Clatsop,114 - Clatsop Plains North,Judge of the Court of Appeals,Position 9,,Over Votes,0
Clatsop,115 - Clatsop Plains South,Judge of the Court of Appeals,Position 9,,Over Votes,0
Clatsop,116 - Gearhart,Judge of the Court of Appeals,Position 9,,Over Votes,0
Clatsop,117 - Seaside North,Judge of the Court of Appeals,Position 9,,Over Votes,0
Clatsop,118 - Seaside West,Judge of the Court of Appeals,Position 9,,Over Votes,0
Clatsop,119 - Seaside East,Judge of the Court of Appeals,Position 9,,Over Votes,0
Clatsop,120 - Seaside South,Judge of the Court of Appeals,Position 9,,Over Votes,0
Clatsop,121 - Necanicum,Judge of the Court of Appeals,Position 9,,Over Votes,0
Clatsop,122 - Arch Cape,Judge of the Court of Appeals,Position 9,,Over Votes,0
Clatsop,123 - Cannon Beach,Judge of the Court of Appeals,Position 9,,Over Votes,0
Clatsop,124 - Hamlet,Judge of the Court of Appeals,Position 9,,Over Votes,0
Clatsop,125 - Elsie,Judge of the Court of Appeals,Position 9,,Over Votes,0
Clatsop,101 - Astoria West,Judge of the Court of Appeals,Position 9,,Under Votes,715
Clatsop,102 - Astoria East,Judge of the Court of Appeals,Position 9,,Under Votes,480
Clatsop,103 - John Day/Walluski,Judge of the Court of Appeals,Position 9,,Under Votes,191
Clatsop,104 - Astoria South,Judge of the Court of Appeals,Position 9,,Under Votes,195
Clatsop,105 - Svensen,Judge of the Court of Appeals,Position 9,,Under Votes,324
Clatsop,106 - Knappa,Judge of the Court of Appeals,Position 9,,Under Votes,315
Clatsop,107 - Westport/Hillcrest,Judge of the Court of Appeals,Position 9,,Under Votes,82
Clatsop,108 - Jewell,Judge of the Court of Appeals,Position 9,,Under Votes,136
Clatsop,109 - Olney,Judge of the Court of Appeals,Position 9,,Under Votes,157
Clatsop,110 - Stanley Acres,Judge of the Court of Appeals,Position 9,,Under Votes,59
Clatsop,111 - Lewis and Clark/Chadwell,Judge of the Court of Appeals,Position 9,,Under Votes,409
Clatsop,112 - Warrenton East,Judge of the Court of Appeals,Position 9,,Under Votes,168
Clatsop,113 - Warrenton West,Judge of the Court of Appeals,Position 9,,Under Votes,534
Clatsop,114 - Clatsop Plains North,Judge of the Court of Appeals,Position 9,,Under Votes,200
Clatsop,115 - Clatsop Plains South,Judge of the Court of Appeals,Position 9,,Under Votes,390
Clatsop,116 - Gearhart,Judge of the Court of Appeals,Position 9,,Under Votes,417
Clatsop,117 - Seaside North,Judge of the Court of Appeals,Position 9,,Under Votes,133
Clatsop,118 - Seaside West,Judge of the Court of Appeals,Position 9,,Under Votes,149
Clatsop,119 - Seaside East,Judge of the Court of Appeals,Position 9,,Under Votes,212
Clatsop,120 - Seaside South,Judge of the Court of Appeals,Position 9,,Under Votes,252
Clatsop,121 - Necanicum,Judge of the Court of Appeals,Position 9,,Under Votes,93
Clatsop,122 - Arch Cape,Judge of the Court of Appeals,Position 9,,Under Votes,71
Clatsop,123 - Cannon Beach,Judge of the Court of Appeals,Position 9,,Under Votes,262
Clatsop,124 - Hamlet,Judge of the Court of Appeals,Position 9,,Under Votes,73
Clatsop,125 - Elsie,Judge of the Court of Appeals,Position 9,,Under Votes,79
Clatsop,101 - Astoria West,Judge of the Court of Appeals,Position 9,,Write-ins,7
Clatsop,102 - Astoria East,Judge of the Court of Appeals,Position 9,,Write-ins,3
Clatsop,103 - John Day/Walluski,Judge of the Court of Appeals,Position 9,,Write-ins,8
Clatsop,104 - Astoria South,Judge of the Court of Appeals,Position 9,,Write-ins,6
Clatsop,105 - Svensen,Judge of the Court of Appeals,Position 9,,Write-ins,5
Clatsop,106 - Knappa,Judge of the Court of Appeals,Position 9,,Write-ins,2
Clatsop,107 - Westport/Hillcrest,Judge of the Court of Appeals,Position 9,,Write-ins,1
Clatsop,108 - Jewell,Judge of the Court of Appeals,Position 9,,Write-ins,4
Clatsop,109 - Olney,Judge of the Court of Appeals,Position 9,,Write-ins,3
Clatsop,110 - Stanley Acres,Judge of the Court of Appeals,Position 9,,Write-ins,3
Clatsop,111 - Lewis and Clark/Chadwell,Judge of the Court of Appeals,Position 9,,Write-ins,4
Clatsop,112 - Warrenton East,Judge of the Court of Appeals,Position 9,,Write-ins,3
Clatsop,113 - Warrenton West,Judge of the Court of Appeals,Position 9,,Write-ins,16
Clatsop,114 - Clatsop Plains North,Judge of the Court of Appeals,Position 9,,Write-ins,4
Clatsop,115 - Clatsop Plains South,Judge of the Court of Appeals,Position 9,,Write-ins,10
Clatsop,116 - Gearhart,Judge of the Court of Appeals,Position 9,,Write-ins,4
Clatsop,117 - Seaside North,Judge of the Court of Appeals,Position 9,,Write-ins,2
Clatsop,118 - Seaside West,Judge of the Court of Appeals,Position 9,,Write-ins,0
Clatsop,119 - Seaside East,Judge of the Court of Appeals,Position 9,,Write-ins,3
Clatsop,120 - Seaside South,Judge of the Court of Appeals,Position 9,,Write-ins,9
Clatsop,121 - Necanicum,Judge of the Court of Appeals,Position 9,,Write-ins,2
Clatsop,122 - Arch Cape,Judge of the Court of Appeals,Position 9,,Write-ins,0
Clatsop,123 - Cannon Beach,Judge of the Court of Appeals,Position 9,,Write-ins,1
Clatsop,124 - Hamlet,Judge of the Court of Appeals,Position 9,,Write-ins,2
Clatsop,125 - Elsie,Judge of the Court of Appeals,Position 9,,Write-ins,1
Clatsop,101 - Astoria West,Judge of the Supreme Court,Position 4,,Christopher L. Garrett,863
Clatsop,102 - Astoria East,Judge of the Supreme Court,Position 4,,Christopher L. Garrett,608
Clatsop,103 - John Day/Walluski,Judge of the Supreme Court,Position 4,,Christopher L. Garrett,240
Clatsop,104 - Astoria South,Judge of the Supreme Court,Position 4,,Christopher L. Garrett,295
Clatsop,105 - Svensen,Judge of the Supreme Court,Position 4,,Christopher L. Garrett,318
Clatsop,106 - Knappa,Judge of the Supreme Court,Position 4,,Christopher L. Garrett,352
Clatsop,107 - Westport/Hillcrest,Judge of the Supreme Court,Position 4,,Christopher L. Garrett,117
Clatsop,108 - Jewell,Judge of the Supreme Court,Position 4,,Christopher L. Garrett,94
Clatsop,109 - Olney,Judge of the Supreme Court,Position 4,,Christopher L. Garrett,114
Clatsop,110 - Stanley Acres,Judge of the Supreme Court,Position 4,,Christopher L. Garrett,62
Clatsop,111 - Lewis and Clark/Chadwell,Judge of the Supreme Court,Position 4,,Christopher L. Garrett,436
Clatsop,112 - Warrenton East,Judge of the Supreme Court,Position 4,,Christopher L. Garrett,243
Clatsop,113 - Warrenton West,Judge of the Supreme Court,Position 4,,Christopher L. Garrett,706
Clatsop,114 - Clatsop Plains North,Judge of the Supreme Court,Position 4,,Christopher L. Garrett,263
Clatsop,115 - Clatsop Plains South,Judge of the Supreme Court,Position 4,,Christopher L. Garrett,430
Clatsop,116 - Gearhart,Judge of the Supreme Court,Position 4,,Christopher L. Garrett,518
Clatsop,117 - Seaside North,Judge of the Supreme Court,Position 4,,Christopher L. Garrett,151
Clatsop,118 - Seaside West,Judge of the Supreme Court,Position 4,,Christopher L. Garrett,169
Clatsop,119 - Seaside East,Judge of the Supreme Court,Position 4,,Christopher L. Garrett,329
Clatsop,120 - Seaside South,Judge of the Supreme Court,Position 4,,Christopher L. Garrett,422
Clatsop,121 - Necanicum,Judge of the Supreme Court,Position 4,,Christopher L. Garrett,74
Clatsop,122 - Arch Cape,Judge of the Supreme Court,Position 4,,Christopher L. Garrett,75
Clatsop,123 - Cannon Beach,Judge of the Supreme Court,Position 4,,Christopher L. Garrett,339
Clatsop,124 - Hamlet,Judge of the Supreme Court,Position 4,,Christopher L. Garrett,95
Clatsop,125 - Elsie,Judge of the Supreme Court,Position 4,,Christopher L. Garrett,87
Clatsop,101 - Astoria West,Judge of the Supreme Court,Position 4,,Over Votes,0
Clatsop,102 - Astoria East,Judge of the Supreme Court,Position 4,,Over Votes,0
Clatsop,103 - John Day/Walluski,Judge of the Supreme Court,Position 4,,Over Votes,0
Clatsop,104 - Astoria South,Judge of the Supreme Court,Position 4,,Over Votes,0
Clatsop,105 - Svensen,Judge of the Supreme Court,Position 4,,Over Votes,0
Clatsop,106 - Knappa,Judge of the Supreme Court,Position 4,,Over Votes,0
Clatsop,107 - Westport/Hillcrest,Judge of the Supreme Court,Position 4,,Over Votes,0
Clatsop,108 - Jewell,Judge of the Supreme Court,Position 4,,Over Votes,0
Clatsop,109 - Olney,Judge of the Supreme Court,Position 4,,Over Votes,0
Clatsop,110 - Stanley Acres,Judge of the Supreme Court,Position 4,,Over Votes,0
Clatsop,111 - Lewis and Clark/Chadwell,Judge of the Supreme Court,Position 4,,Over Votes,0
Clatsop,112 - Warrenton East,Judge of the Supreme Court,Position 4,,Over Votes,0
Clatsop,113 - Warrenton West,Judge of the Supreme Court,Position 4,,Over Votes,0
Clatsop,114 - Clatsop Plains North,Judge of the Supreme Court,Position 4,,Over Votes,0
Clatsop,115 - Clatsop Plains South,Judge of the Supreme Court,Position 4,,Over Votes,0
Clatsop,116 - Gearhart,Judge of the Supreme Court,Position 4,,Over Votes,0
Clatsop,117 - Seaside North,Judge of the Supreme Court,Position 4,,Over Votes,0
Clatsop,118 - Seaside West,Judge of the Supreme Court,Position 4,,Over Votes,0
Clatsop,119 - Seaside East,Judge of the Supreme Court,Position 4,,Over Votes,0
Clatsop,120 - Seaside South,Judge of the Supreme Court,Position 4,,Over Votes,0
Clatsop,121 - Necanicum,Judge of the Supreme Court,Position 4,,Over Votes,0
Clatsop,122 - Arch Cape,Judge of the Supreme Court,Position 4,,Over Votes,0
Clatsop,123 - Cannon Beach,Judge of the Supreme Court,Position 4,,Over Votes,0
Clatsop,124 - Hamlet,Judge of the Supreme Court,Position 4,,Over Votes,0
Clatsop,125 - Elsie,Judge of the Supreme Court,Position 4,,Over Votes,0
Clatsop,101 - Astoria West,Judge of the Supreme Court,Position 4,,Under Votes,719
Clatsop,102 - Astoria East,Judge of the Supreme Court,Position 4,,Under Votes,479
Clatsop,103 - John Day/Walluski,Judge of the Supreme Court,Position 4,,Under Votes,186
Clatsop,104 - Astoria South,Judge of the Supreme Court,Position 4,,Under Votes,197
Clatsop,105 - Svensen,Judge of the Supreme Court,Position 4,,Under Votes,325
Clatsop,106 - Knappa,Judge of the Supreme Court,Position 4,,Under Votes,309
Clatsop,107 - Westport/Hillcrest,Judge of the Supreme Court,Position 4,,Under Votes,79
Clatsop,108 - Jewell,Judge of the Supreme Court,Position 4,,Under Votes,134
Clatsop,109 - Olney,Judge of the Supreme Court,Position 4,,Under Votes,144
Clatsop,110 - Stanley Acres,Judge of the Supreme Court,Position 4,,Under Votes,57
Clatsop,111 - Lewis and Clark/Chadwell,Judge of the Supreme Court,Position 4,,Under Votes,394
Clatsop,112 - Warrenton East,Judge of the Supreme Court,Position 4,,Under Votes,164
Clatsop,113 - Warrenton West,Judge of the Supreme Court,Position 4,,Under Votes,533
Clatsop,114 - Clatsop Plains North,Judge of the Supreme Court,Position 4,,Under Votes,189
Clatsop,115 - Clatsop Plains South,Judge of the Supreme Court,Position 4,,Under Votes,373
Clatsop,116 - Gearhart,Judge of the Supreme Court,Position 4,,Under Votes,404
Clatsop,117 - Seaside North,Judge of the Supreme Court,Position 4,,Under Votes,136
Clatsop,118 - Seaside West,Judge of the Supreme Court,Position 4,,Under Votes,148
Clatsop,119 - Seaside East,Judge of the Supreme Court,Position 4,,Under Votes,202
Clatsop,120 - Seaside South,Judge of the Supreme Court,Position 4,,Under Votes,247
Clatsop,121 - Necanicum,Judge of the Supreme Court,Position 4,,Under Votes,95
Clatsop,122 - Arch Cape,Judge of the Supreme Court,Position 4,,Under Votes,70
Clatsop,123 - Cannon Beach,Judge of the Supreme Court,Position 4,,Under Votes,265
Clatsop,124 - Hamlet,Judge of the Supreme Court,Position 4,,Under Votes,72
Clatsop,125 - Elsie,Judge of the Supreme Court,Position 4,,Under Votes,80
Clatsop,101 - Astoria West,Judge of the Supreme Court,Position 4,,Write-ins,8
Clatsop,102 - Astoria East,Judge of the Supreme Court,Position 4,,Write-ins,3
Clatsop,103 - John Day/Walluski,Judge of the Supreme Court,Position 4,,Write-ins,7
Clatsop,104 - Astoria South,Judge of the Supreme Court,Position 4,,Write-ins,4
Clatsop,105 - Svensen,Judge of the Supreme Court,Position 4,,Write-ins,8
Clatsop,106 - Knappa,Judge of the Supreme Court,Position 4,,Write-ins,5
Clatsop,107 - Westport/Hillcrest,Judge of the Supreme Court,Position 4,,Write-ins,1
Clatsop,108 - Jewell,Judge of the Supreme Court,Position 4,,Write-ins,4
Clatsop,109 - Olney,Judge of the Supreme Court,Position 4,,Write-ins,4
Clatsop,110 - Stanley Acres,Judge of the Supreme Court,Position 4,,Write-ins,3
Clatsop,111 - Lewis and Clark/Chadwell,Judge of the Supreme Court,Position 4,,Write-ins,6
Clatsop,112 - Warrenton East,Judge of the Supreme Court,Position 4,,Write-ins,5
Clatsop,113 - Warrenton West,Judge of the Supreme Court,Position 4,,Write-ins,19
Clatsop,114 - Clatsop Plains North,Judge of the Supreme Court,Position 4,,Write-ins,4
Clatsop,115 - Clatsop Plains South,Judge of the Supreme Court,Position 4,,Write-ins,12
Clatsop,116 - Gearhart,Judge of the Supreme Court,Position 4,,Write-ins,5
Clatsop,117 - Seaside North,Judge of the Supreme Court,Position 4,,Write-ins,7
Clatsop,118 - Seaside West,Judge of the Supreme Court,Position 4,,Write-ins,1
Clatsop,119 - Seaside East,Judge of the Supreme Court,Position 4,,Write-ins,3
Clatsop,120 - Seaside South,Judge of the Supreme Court,Position 4,,Write-ins,13
Clatsop,121 - Necanicum,Judge of the Supreme Court,Position 4,,Write-ins,2
Clatsop,122 - Arch Cape,Judge of the Supreme Court,Position 4,,Write-ins,0
Clatsop,123 - Cannon Beach,Judge of the Supreme Court,Position 4,,Write-ins,1
Clatsop,124 - Hamlet,Judge of the Supreme Court,Position 4,,Write-ins,2
Clatsop,125 - Elsie,Judge of the Supreme Court,Position 4,,Write-ins,1
Clatsop,101 - Astoria West,Labor Commissioner,,,Chris Lynch,295
Clatsop,102 - Astoria East,Labor Commissioner,,,Chris Lynch,228
Clatsop,103 - John Day/Walluski,Labor Commissioner,,,Chris Lynch,130
Clatsop,104 - Astoria South,Labor Commissioner,,,Chris Lynch,97
Clatsop,105 - Svensen,Labor Commissioner,,,Chris Lynch,190
Clatsop,106 - Knappa,Labor Commissioner,,,Chris Lynch,208
Clatsop,107 - Westport/Hillcrest,Labor Commissioner,,,Chris Lynch,92
Clatsop,108 - Jewell,Labor Commissioner,,,Chris Lynch,69
Clatsop,109 - Olney,Labor Commissioner,,,Chris Lynch,94
Clatsop,110 - Stanley Acres,Labor Commissioner,,,Chris Lynch,46
Clatsop,111 - Lewis and Clark/Chadwell,Labor Commissioner,,,Chris Lynch,255
Clatsop,112 - Warrenton East,Labor Commissioner,,,Chris Lynch,117
Clatsop,113 - Warrenton West,Labor Commissioner,,,Chris Lynch,406
Clatsop,114 - Clatsop Plains North,Labor Commissioner,,,Chris Lynch,129
Clatsop,115 - Clatsop Plains South,Labor Commissioner,,,Chris Lynch,212
Clatsop,116 - Gearhart,Labor Commissioner,,,Chris Lynch,204
Clatsop,117 - Seaside North,Labor Commissioner,,,Chris Lynch,69
Clatsop,118 - Seaside West,Labor Commissioner,,,Chris Lynch,79
Clatsop,119 - Seaside East,Labor Commissioner,,,Chris Lynch,140
Clatsop,120 - Seaside South,Labor Commissioner,,,Chris Lynch,192
Clatsop,121 - Necanicum,Labor Commissioner,,,Chris Lynch,53
Clatsop,122 - Arch Cape,Labor Commissioner,,,Chris Lynch,31
Clatsop,123 - Cannon Beach,Labor Commissioner,,,Chris Lynch,109
Clatsop,124 - Hamlet,Labor Commissioner,,,Chris Lynch,52
Clatsop,125 - Elsie,Labor Commissioner,,,Chris Lynch,37
Clatsop,101 - Astoria West,Labor Commissioner,,,Christina E. Stephenson,920
Clatsop,102 - Astoria East,Labor Commissioner,,,Christina E. Stephenson,609
Clatsop,103 - John Day/Walluski,Labor Commissioner,,,Christina E. Stephenson,184
Clatsop,104 - Astoria South,Labor Commissioner,,,Christina E. Stephenson,269
Clatsop,105 - Svensen,Labor Commissioner,,,Christina E. Stephenson,273
Clatsop,106 - Knappa,Labor Commissioner,,,Christina E. Stephenson,241
Clatsop,107 - Westport/Hillcrest,Labor Commissioner,,,Christina E. Stephenson,60
Clatsop,108 - Jewell,Labor Commissioner,,,Christina E. Stephenson,91
Clatsop,109 - Olney,Labor Commissioner,,,Christina E. Stephenson,81
Clatsop,110 - Stanley Acres,Labor Commissioner,,,Christina E. Stephenson,39
Clatsop,111 - Lewis and Clark/Chadwell,Labor Commissioner,,,Christina E. Stephenson,318
Clatsop,112 - Warrenton East,Labor Commissioner,,,Christina E. Stephenson,194
Clatsop,113 - Warrenton West,Labor Commissioner,,,Christina E. Stephenson,508
Clatsop,114 - Clatsop Plains North,Labor Commissioner,,,Christina E. Stephenson,200
Clatsop,115 - Clatsop Plains South,Labor Commissioner,,,Christina E. Stephenson,359
Clatsop,116 - Gearhart,Labor Commissioner,,,Christina E. Stephenson,442
Clatsop,117 - Seaside North,Labor Commissioner,,,Christina E. Stephenson,141
Clatsop,118 - Seaside West,Labor Commissioner,,,Christina E. Stephenson,161
Clatsop,119 - Seaside East,Labor Commissioner,,,Christina E. Stephenson,276
Clatsop,120 - Seaside South,Labor Commissioner,,,Christina E. Stephenson,345
Clatsop,121 - Necanicum,Labor Commissioner,,,Christina E. Stephenson,56
Clatsop,122 - Arch Cape,Labor Commissioner,,,Christina E. Stephenson,74
Clatsop,123 - Cannon Beach,Labor Commissioner,,,Christina E. Stephenson,335
Clatsop,124 - Hamlet,Labor Commissioner,,,Christina E. Stephenson,78
Clatsop,125 - Elsie,Labor Commissioner,,,Christina E. Stephenson,82
Clatsop,101 - Astoria West,Labor Commissioner,,,Over Votes,0
Clatsop,102 - Astoria East,Labor Commissioner,,,Over Votes,0
Clatsop,103 - John Day/Walluski,Labor Commissioner,,,Over Votes,0
Clatsop,104 - Astoria South,Labor Commissioner,,,Over Votes,0
Clatsop,105 - Svensen,Labor Commissioner,,,Over Votes,0
Clatsop,106 - Knappa,Labor Commissioner,,,Over Votes,0
Clatsop,107 - Westport/Hillcrest,Labor Commissioner,,,Over Votes,0
Clatsop,108 - Jewell,Labor Commissioner,,,Over Votes,0
Clatsop,109 - Olney,Labor Commissioner,,,Over Votes,0
Clatsop,110 - Stanley Acres,Labor Commissioner,,,Over Votes,0
Clatsop,111 - Lewis and Clark/Chadwell,Labor Commissioner,,,Over Votes,0
Clatsop,112 - Warrenton East,Labor Commissioner,,,Over Votes,0
Clatsop,113 - Warrenton West,Labor Commissioner,,,Over Votes,0
Clatsop,114 - Clatsop Plains North,Labor Commissioner,,,Over Votes,0
Clatsop,115 - Clatsop Plains South,Labor Commissioner,,,Over Votes,0
Clatsop,116 - Gearhart,Labor Commissioner,,,Over Votes,0
Clatsop,117 - Seaside North,Labor Commissioner,,,Over Votes,0
Clatsop,118 - Seaside West,Labor Commissioner,,,Over Votes,1
Clatsop,119 - Seaside East,Labor Commissioner,,,Over Votes,0
Clatsop,120 - Seaside South,Labor Commissioner,,,Over Votes,0
Clatsop,121 - Necanicum,Labor Commissioner,,,Over Votes,0
Clatsop,122 - Arch Cape,Labor Commissioner,,,Over Votes,0
Clatsop,123 - Cannon Beach,Labor Commissioner,,,Over Votes,0
Clatsop,124 - Hamlet,Labor Commissioner,,,Over Votes,0
Clatsop,125 - Elsie,Labor Commissioner,,,Over Votes,0
Clatsop,101 - Astoria West,Labor Commissioner,,,Under Votes,374
Clatsop,102 - Astoria East,Labor Commissioner,,,Under Votes,250
Clatsop,103 - John Day/Walluski,Labor Commissioner,,,Under Votes,115
Clatsop,104 - Astoria South,Labor Commissioner,,,Under Votes,129
Clatsop,105 - Svensen,Labor Commissioner,,,Under Votes,183
Clatsop,106 - Knappa,Labor Commissioner,,,Under Votes,216
Clatsop,107 - Westport/Hillcrest,Labor Commissioner,,,Under Votes,44
Clatsop,108 - Jewell,Labor Commissioner,,,Under Votes,72
Clatsop,109 - Olney,Labor Commissioner,,,Under Votes,87
Clatsop,110 - Stanley Acres,Labor Commissioner,,,Under Votes,37
Clatsop,111 - Lewis and Clark/Chadwell,Labor Commissioner,,,Under Votes,262
Clatsop,112 - Warrenton East,Labor Commissioner,,,Under Votes,101
Clatsop,113 - Warrenton West,Labor Commissioner,,,Under Votes,337
Clatsop,114 - Clatsop Plains North,Labor Commissioner,,,Under Votes,125
Clatsop,115 - Clatsop Plains South,Labor Commissioner,,,Under Votes,241
Clatsop,116 - Gearhart,Labor Commissioner,,,Under Votes,281
Clatsop,117 - Seaside North,Labor Commissioner,,,Under Votes,84
Clatsop,118 - Seaside West,Labor Commissioner,,,Under Votes,76
Clatsop,119 - Seaside East,Labor Commissioner,,,Under Votes,117
Clatsop,120 - Seaside South,Labor Commissioner,,,Under Votes,141
Clatsop,121 - Necanicum,Labor Commissioner,,,Under Votes,62
Clatsop,122 - Arch Cape,Labor Commissioner,,,Under Votes,40
Clatsop,123 - Cannon Beach,Labor Commissioner,,,Under Votes,161
Clatsop,124 - Hamlet,Labor Commissioner,,,Under Votes,39
Clatsop,125 - Elsie,Labor Commissioner,,,Under Votes,48
Clatsop,101 - Astoria West,Labor Commissioner,,,Write-ins,1
Clatsop,102 - Astoria East,Labor Commissioner,,,Write-ins,3
Clatsop,103 - John Day/Walluski,Labor Commissioner,,,Write-ins,4
Clatsop,104 - Astoria South,Labor Commissioner,,,Write-ins,1
Clatsop,105 - Svensen,Labor Commissioner,,,Write-ins,5
Clatsop,106 - Knappa,Labor Commissioner,,,Write-ins,1
Clatsop,107 - Westport/Hillcrest,Labor Commissioner,,,Write-ins,1
Clatsop,108 - Jewell,Labor Commissioner,,,Write-ins,0
Clatsop,109 - Olney,Labor Commissioner,,,Write-ins,0
Clatsop,110 - Stanley Acres,Labor Commissioner,,,Write-ins,0
Clatsop,111 - Lewis and Clark/Chadwell,Labor Commissioner,,,Write-ins,1
Clatsop,112 - Warrenton East,Labor Commissioner,,,Write-ins,0
Clatsop,113 - Warrenton West,Labor Commissioner,,,Write-ins,7
Clatsop,114 - Clatsop Plains North,Labor Commissioner,,,Write-ins,2
Clatsop,115 - Clatsop Plains South,Labor Commissioner,,,Write-ins,3
Clatsop,116 - Gearhart,Labor Commissioner,,,Write-ins,0
Clatsop,117 - Seaside North,Labor Commissioner,,,Write-ins,0
Clatsop,118 - Seaside West,Labor Commissioner,,,Write-ins,1
Clatsop,119 - Seaside East,Labor Commissioner,,,Write-ins,1
Clatsop,120 - Seaside South,Labor Commissioner,,,Write-ins,4
Clatsop,121 - Necanicum,Labor Commissioner,,,Write-ins,0
Clatsop,122 - Arch Cape,Labor Commissioner,,,Write-ins,0
Clatsop,123 - Cannon Beach,Labor Commissioner,,,Write-ins,0
Clatsop,124 - Hamlet,Labor Commissioner,,,Write-ins,0
Clatsop,125 - Elsie,Labor Commissioner,,,Write-ins,1
Clatsop,101 - Astoria West,Registered Voters,,,,3439
Clatsop,102 - Astoria East,Registered Voters,,,,2498
Clatsop,103 - John Day/Walluski,Registered Voters,,,,991
Clatsop,104 - Astoria South,Registered Voters,,,,1299
Clatsop,105 - Svensen,Registered Voters,,,,1361
Clatsop,106 - Knappa,Registered Voters,,,,1550
Clatsop,107 - Westport/Hillcrest,Registered Voters,,,,524
Clatsop,108 - Jewell,Registered Voters,,,,542
Clatsop,109 - Olney,Registered Voters,,,,562
Clatsop,110 - Stanley Acres,Registered Voters,,,,263
Clatsop,111 - Lewis and Clark/Chadwell,Registered Voters,,,,1975
Clatsop,112 - Warrenton East,Registered Voters,,,,1418
Clatsop,113 - Warrenton West,Registered Voters,,,,3249
Clatsop,114 - Clatsop Plains North,Registered Voters,,,,1056
Clatsop,115 - Clatsop Plains South,Registered Voters,,,,1668
Clatsop,116 - Gearhart,Registered Voters,,,,1650
Clatsop,117 - Seaside North,Registered Voters,,,,963
Clatsop,118 - Seaside West,Registered Voters,,,,915
Clatsop,119 - Seaside East,Registered Voters,,,,1350
Clatsop,120 - Seaside South,Registered Voters,,,,1879
Clatsop,121 - Necanicum,Registered Voters,,,,498
Clatsop,122 - Arch Cape,Registered Voters,,,,264
Clatsop,123 - Cannon Beach,Registered Voters,,,,1221
Clatsop,124 - Hamlet,Registered Voters,,,,349
Clatsop,125 - Elsie,Registered Voters,,,,354
Clatsop,101 - Astoria West,State House,32,D,Cyrus Javadi,714
Clatsop,102 - Astoria East,State House,32,D,Cyrus Javadi,469
Clatsop,103 - John Day/Walluski,State House,32,D,Cyrus Javadi,115
Clatsop,104 - Astoria South,State House,32,D,Cyrus Javadi,211
Clatsop,105 - Svensen,State House,32,D,Cyrus Javadi,130
Clatsop,106 - Knappa,State House,32,D,Cyrus Javadi,154
Clatsop,107 - Westport/Hillcrest,State House,32,D,Cyrus Javadi,38
Clatsop,108 - Jewell,State House,32,D,Cyrus Javadi,42
Clatsop,109 - Olney,State House,32,D,Cyrus Javadi,38
Clatsop,110 - Stanley Acres,State House,32,D,Cyrus Javadi,19
Clatsop,111 - Lewis and Clark/Chadwell,State House,32,D,Cyrus Javadi,183
Clatsop,112 - Warrenton East,State House,32,D,Cyrus Javadi,118
Clatsop,113 - Warrenton West,State House,32,D,Cyrus Javadi,300
Clatsop,114 - Clatsop Plains North,State House,32,D,Cyrus Javadi,121
Clatsop,115 - Clatsop Plains South,State House,32,D,Cyrus Javadi,221
Clatsop,116 - Gearhart,State House,32,D,Cyrus Javadi,300
Clatsop,117 - Seaside North,State House,32,D,Cyrus Javadi,98
Clatsop,118 - Seaside West,State House,32,D,Cyrus Javadi,102
Clatsop,119 - Seaside East,State House,32,D,Cyrus Javadi,168
Clatsop,120 - Seaside South,State House,32,D,Cyrus Javadi,219
Clatsop,121 - Necanicum,State House,32,D,Cyrus Javadi,38
Clatsop,122 - Arch Cape,State House,32,D,Cyrus Javadi,62
Clatsop,123 - Cannon Beach,State House,32,D,Cyrus Javadi,228
Clatsop,124 - Hamlet,State House,32,D,Cyrus Javadi,52
Clatsop,125 - Elsie,State House,32,D,Cyrus Javadi,44
Clatsop,101 - Astoria West,State House,32,D,Over Votes,0
Clatsop,102 - Astoria East,State House,32,D,Over Votes,0
Clatsop,103 - John Day/Walluski,State House,32,D,Over Votes,0
Clatsop,104 - Astoria South,State House,32,D,Over Votes,0
Clatsop,105 - Svensen,State House,32,D,Over Votes,0
Clatsop,106 - Knappa,State House,32,D,Over Votes,0
Clatsop,107 - Westport/Hillcrest,State House,32,D,Over Votes,0
Clatsop,108 - Jewell,State House,32,D,Over Votes,0
Clatsop,109 - Olney,State House,32,D,Over Votes,0
Clatsop,110 - Stanley Acres,State House,32,D,Over Votes,0
Clatsop,111 - Lewis and Clark/Chadwell,State House,32,D,Over Votes,0
Clatsop,112 - Warrenton East,State House,32,D,Over Votes,0
Clatsop,113 - Warrenton West,State House,32,D,Over Votes,0
Clatsop,114 - Clatsop Plains North,State House,32,D,Over Votes,0
Clatsop,115 - Clatsop Plains South,State House,32,D,Over Votes,0
Clatsop,116 - Gearhart,State House,32,D,Over Votes,0
Clatsop,117 - Seaside North,State House,32,D,Over Votes,0
Clatsop,118 - Seaside West,State House,32,D,Over Votes,0
Clatsop,119 - Seaside East,State House,32,D,Over Votes,0
Clatsop,120 - Seaside South,State House,32,D,Over Votes,0
Clatsop,121 - Necanicum,State House,32,D,Over Votes,0
Clatsop,122 - Arch Cape,State House,32,D,Over Votes,0
Clatsop,123 - Cannon Beach,State House,32,D,Over Votes,0
Clatsop,124 - Hamlet,State House,32,D,Over Votes,0
Clatsop,125 - Elsie,State House,32,D,Over Votes,0
Clatsop,101 - Astoria West,State House,32,D,Under Votes,203
Clatsop,102 - Astoria East,State House,32,D,Under Votes,116
Clatsop,103 - John Day/Walluski,State House,32,D,Under Votes,40
Clatsop,104 - Astoria South,State House,32,D,Under Votes,54
Clatsop,105 - Svensen,State House,32,D,Under Votes,58
Clatsop,106 - Knappa,State House,32,D,Under Votes,49
Clatsop,107 - Westport/Hillcrest,State House,32,D,Under Votes,12
Clatsop,108 - Jewell,State House,32,D,Under Votes,27
Clatsop,109 - Olney,State House,32,D,Under Votes,15
Clatsop,110 - Stanley Acres,State House,32,D,Under Votes,8
Clatsop,111 - Lewis and Clark/Chadwell,State House,32,D,Under Votes,63
Clatsop,112 - Warrenton East,State House,32,D,Under Votes,41
Clatsop,113 - Warrenton West,State House,32,D,Under Votes,74
Clatsop,114 - Clatsop Plains North,State House,32,D,Under Votes,30
Clatsop,115 - Clatsop Plains South,State House,32,D,Under Votes,71
Clatsop,116 - Gearhart,State House,32,D,Under Votes,83
Clatsop,117 - Seaside North,State House,32,D,Under Votes,33
Clatsop,118 - Seaside West,State House,32,D,Under Votes,34
Clatsop,119 - Seaside East,State House,32,D,Under Votes,39
Clatsop,120 - Seaside South,State House,32,D,Under Votes,61
Clatsop,121 - Necanicum,State House,32,D,Under Votes,12
Clatsop,122 - Arch Cape,State House,32,D,Under Votes,20
Clatsop,123 - Cannon Beach,State House,32,D,Under Votes,77
Clatsop,124 - Hamlet,State House,32,D,Under Votes,9
Clatsop,125 - Elsie,State House,32,D,Under Votes,13
Clatsop,101 - Astoria West,State House,32,D,Write-ins,14
Clatsop,102 - Astoria East,State House,32,D,Write-ins,3
Clatsop,103 - John Day/Walluski,State House,32,D,Write-ins,3
Clatsop,104 - Astoria South,State House,32,D,Write-ins,2
Clatsop,105 - Svensen,State House,32,D,Write-ins,10
Clatsop,106 - Knappa,State House,32,D,Write-ins,3
Clatsop,107 - Westport/Hillcrest,State House,32,D,Write-ins,2
Clatsop,108 - Jewell,State House,32,D,Write-ins,1
Clatsop,109 - Olney,State House,32,D,Write-ins,2
Clatsop,110 - Stanley Acres,State House,32,D,Write-ins,1
Clatsop,111 - Lewis and Clark/Chadwell,State House,32,D,Write-ins,5
Clatsop,112 - Warrenton East,State House,32,D,Write-ins,1
Clatsop,113 - Warrenton West,State House,32,D,Write-ins,7
Clatsop,114 - Clatsop Plains North,State House,32,D,Write-ins,2
Clatsop,115 - Clatsop Plains South,State House,32,D,Write-ins,2
Clatsop,116 - Gearhart,State House,32,D,Write-ins,4
Clatsop,117 - Seaside North,State House,32,D,Write-ins,1
Clatsop,118 - Seaside West,State House,32,D,Write-ins,1
Clatsop,119 - Seaside East,State House,32,D,Write-ins,4
Clatsop,120 - Seaside South,State House,32,D,Write-ins,3
Clatsop,121 - Necanicum,State House,32,D,Write-ins,1
Clatsop,122 - Arch Cape,State House,32,D,Write-ins,0
Clatsop,123 - Cannon Beach,State House,32,D,Write-ins,0
Clatsop,124 - Hamlet,State House,32,D,Write-ins,1
Clatsop,125 - Elsie,State House,32,D,Write-ins,1
Clatsop,101 - Astoria West,State House,32,R,Adam Dean,66
Clatsop,102 - Astoria East,State House,32,R,Adam Dean,60
Clatsop,103 - John Day/Walluski,State House,32,R,Adam Dean,58
Clatsop,104 - Astoria South,State House,32,R,Adam Dean,16
Clatsop,105 - Svensen,State House,32,R,Adam Dean,82
Clatsop,106 - Knappa,State House,32,R,Adam Dean,75
Clatsop,107 - Westport/Hillcrest,State House,32,R,Adam Dean,37
Clatsop,108 - Jewell,State House,32,R,Adam Dean,31
Clatsop,109 - Olney,State House,32,R,Adam Dean,43
Clatsop,110 - Stanley Acres,State House,32,R,Adam Dean,20
Clatsop,111 - Lewis and Clark/Chadwell,State House,32,R,Adam Dean,114
Clatsop,112 - Warrenton East,State House,32,R,Adam Dean,40
Clatsop,113 - Warrenton West,State House,32,R,Adam Dean,157
Clatsop,114 - Clatsop Plains North,State House,32,R,Adam Dean,68
Clatsop,115 - Clatsop Plains South,State House,32,R,Adam Dean,133
Clatsop,116 - Gearhart,State House,32,R,Adam Dean,132
Clatsop,117 - Seaside North,State House,32,R,Adam Dean,37
Clatsop,118 - Seaside West,State House,32,R,Adam Dean,34
Clatsop,119 - Seaside East,State House,32,R,Adam Dean,70
Clatsop,120 - Seaside South,State House,32,R,Adam Dean,82
Clatsop,121 - Necanicum,State House,32,R,Adam Dean,36
Clatsop,122 - Arch Cape,State House,32,R,Adam Dean,15
Clatsop,123 - Cannon Beach,State House,32,R,Adam Dean,55
Clatsop,124 - Hamlet,State House,32,R,Adam Dean,31
Clatsop,125 - Elsie,State House,32,R,Adam Dean,22
Clatsop,101 - Astoria West,State House,32,R,Christian Honl,115
Clatsop,102 - Astoria East,State House,32,R,Christian Honl,112
Clatsop,103 - John Day/Walluski,State House,32,R,Christian Honl,56
Clatsop,104 - Astoria South,State House,32,R,Christian Honl,56
Clatsop,105 - Svensen,State House,32,R,Christian Honl,97
Clatsop,106 - Knappa,State House,32,R,Christian Honl,97
Clatsop,107 - Westport/Hillcrest,State House,32,R,Christian Honl,17
Clatsop,108 - Jewell,State House,32,R,Christian Honl,34
Clatsop,109 - Olney,State House,32,R,Christian Honl,56
Clatsop,110 - Stanley Acres,State House,32,R,Christian Honl,20
Clatsop,111 - Lewis and Clark/Chadwell,State House,32,R,Christian Honl,105
Clatsop,112 - Warrenton East,State House,32,R,Christian Honl,48
Clatsop,113 - Warrenton West,State House,32,R,Christian Honl,215
Clatsop,114 - Clatsop Plains North,State House,32,R,Christian Honl,63
Clatsop,115 - Clatsop Plains South,State House,32,R,Christian Honl,82
Clatsop,116 - Gearhart,State House,32,R,Christian Honl,77
Clatsop,117 - Seaside North,State House,32,R,Christian Honl,21
Clatsop,118 - Seaside West,State House,32,R,Christian Honl,26
Clatsop,119 - Seaside East,State House,32,R,Christian Honl,39
Clatsop,120 - Seaside South,State House,32,R,Christian Honl,63
Clatsop,121 - Necanicum,State House,32,R,Christian Honl,10
Clatsop,122 - Arch Cape,State House,32,R,Christian Honl,10
Clatsop,123 - Cannon Beach,State House,32,R,Christian Honl,26
Clatsop,124 - Hamlet,State House,32,R,Christian Honl,10
Clatsop,125 - Elsie,State House,32,R,Christian Honl,15
Clatsop,101 - Astoria West,State House,32,R,Max Sherman,51
Clatsop,102 - Astoria East,State House,32,R,Max Sherman,33
Clatsop,103 - John Day/Walluski,State House,32,R,Max Sherman,42
Clatsop,104 - Astoria South,State House,32,R,Max Sherman,15
Clatsop,105 - Svensen,State House,32,R,Max Sherman,57
Clatsop,106 - Knappa,State House,32,R,Max Sherman,69
Clatsop,107 - Westport/Hillcrest,State House,32,R,Max Sherman,28
Clatsop,108 - Jewell,State House,32,R,Max Sherman,22
Clatsop,109 - Olney,State House,32,R,Max Sherman,33
Clatsop,110 - Stanley Acres,State House,32,R,Max Sherman,15
Clatsop,111 - Lewis and Clark/Chadwell,State House,32,R,Max Sherman,100
Clatsop,112 - Warrenton East,State House,32,R,Max Sherman,24
Clatsop,113 - Warrenton West,State House,32,R,Max Sherman,100
Clatsop,114 - Clatsop Plains North,State House,32,R,Max Sherman,34
Clatsop,115 - Clatsop Plains South,State House,32,R,Max Sherman,52
Clatsop,116 - Gearhart,State House,32,R,Max Sherman,38
Clatsop,117 - Seaside North,State House,32,R,Max Sherman,13
Clatsop,118 - Seaside West,State House,32,R,Max Sherman,9
Clatsop,119 - Seaside East,State House,32,R,Max Sherman,29
Clatsop,120 - Seaside South,State House,32,R,Max Sherman,29
Clatsop,121 - Necanicum,State House,32,R,Max Sherman,9
Clatsop,122 - Arch Cape,State House,32,R,Max Sherman,2
Clatsop,123 - Cannon Beach,State House,32,R,Max Sherman,22
Clatsop,124 - Hamlet,State House,32,R,Max Sherman,12
Clatsop,125 - Elsie,State House,32,R,Max Sherman,15
Clatsop,101 - Astoria West,State House,32,R,Over Votes,0
Clatsop,102 - Astoria East,State House,32,R,Over Votes,0
Clatsop,103 - John Day/Walluski,State House,32,R,Over Votes,0
Clatsop,104 - Astoria South,State House,32,R,Over Votes,0
Clatsop,105 - Svensen,State House,32,R,Over Votes,0
Clatsop,106 - Knappa,State House,32,R,Over Votes,0
Clatsop,107 - Westport/Hillcrest,State House,32,R,Over Votes,0
Clatsop,108 - Jewell,State House,32,R,Over Votes,0
Clatsop,109 - Olney,State House,32,R,Over Votes,0
Clatsop,110 - Stanley Acres,State House,32,R,Over Votes,0
Clatsop,111 - Lewis and Clark/Chadwell,State House,32,R,Over Votes,0
Clatsop,112 - Warrenton East,State House,32,R,Over Votes,0
Clatsop,113 - Warrenton West,State House,32,R,Over Votes,0
Clatsop,114 - Clatsop Plains North,State House,32,R,Over Votes,0
Clatsop,115 - Clatsop Plains South,State House,32,R,Over Votes,0
Clatsop,116 - Gearhart,State House,32,R,Over Votes,0
Clatsop,117 - Seaside North,State House,32,R,Over Votes,0
Clatsop,118 - Seaside West,State House,32,R,Over Votes,0
Clatsop,119 - Seaside East,State House,32,R,Over Votes,0
Clatsop,120 - Seaside South,State House,32,R,Over Votes,0
Clatsop,121 - Necanicum,State House,32,R,Over Votes,0
Clatsop,122 - Arch Cape,State House,32,R,Over Votes,0
Clatsop,123 - Cannon Beach,State House,32,R,Over Votes,0
Clatsop,124 - Hamlet,State House,32,R,Over Votes,0
Clatsop,125 - Elsie,State House,32,R,Over Votes,0
Clatsop,101 - Astoria West,State House,32,R,Under Votes,32
Clatsop,102 - Astoria East,State House,32,R,Under Votes,13
Clatsop,103 - John Day/Walluski,State House,32,R,Under Votes,16
Clatsop,104 - Astoria South,State House,32,R,Under Votes,12
Clatsop,105 - Svensen,State House,32,R,Under Votes,50
Clatsop,106 - Knappa,State House,32,R,Under Votes,52
Clatsop,107 - Westport/Hillcrest,State House,32,R,Under Votes,10
Clatsop,108 - Jewell,State House,32,R,Under Votes,13
Clatsop,109 - Olney,State House,32,R,Under Votes,8
Clatsop,110 - Stanley Acres,State House,32,R,Under Votes,6
Clatsop,111 - Lewis and Clark/Chadwell,State House,32,R,Under Votes,45
Clatsop,112 - Warrenton East,State House,32,R,Under Votes,16
Clatsop,113 - Warrenton West,State House,32,R,Under Votes,43
Clatsop,114 - Clatsop Plains North,State House,32,R,Under Votes,18
Clatsop,115 - Clatsop Plains South,State House,32,R,Under Votes,48
Clatsop,116 - Gearhart,State House,32,R,Under Votes,43
Clatsop,117 - Seaside North,State House,32,R,Under Votes,10
Clatsop,118 - Seaside West,State House,32,R,Under Votes,9
Clatsop,119 - Seaside East,State House,32,R,Under Votes,27
Clatsop,120 - Seaside South,State House,32,R,Under Votes,20
Clatsop,121 - Necanicum,State House,32,R,Under Votes,11
Clatsop,122 - Arch Cape,State House,32,R,Under Votes,2
Clatsop,123 - Cannon Beach,State House,32,R,Under Votes,16
Clatsop,124 - Hamlet,State House,32,R,Under Votes,5
Clatsop,125 - Elsie,State House,32,R,Under Votes,11
Clatsop,101 - Astoria West,State House,32,R,Write-ins,1
Clatsop,102 - Astoria East,State House,32,R,Write-ins,0
Clatsop,103 - John Day/Walluski,State House,32,R,Write-ins,0
Clatsop,104 - Astoria South,State House,32,R,Write-ins,0
Clatsop,105 - Svensen,State House,32,R,Write-ins,0
Clatsop,106 - Knappa,State House,32,R,Write-ins,1
Clatsop,107 - Westport/Hillcrest,State House,32,R,Write-ins,0
Clatsop,108 - Jewell,State House,32,R,Write-ins,1
Clatsop,109 - Olney,State House,32,R,Write-ins,0
Clatsop,110 - Stanley Acres,State House,32,R,Write-ins,0
Clatsop,111 - Lewis and Clark/Chadwell,State House,32,R,Write-ins,2
Clatsop,112 - Warrenton East,State House,32,R,Write-ins,0
Clatsop,113 - Warrenton West,State House,32,R,Write-ins,5
Clatsop,114 - Clatsop Plains North,State House,32,R,Write-ins,0
Clatsop,115 - Clatsop Plains South,State House,32,R,Write-ins,2
Clatsop,116 - Gearhart,State House,32,R,Write-ins,1
Clatsop,117 - Seaside North,State House,32,R,Write-ins,0
Clatsop,118 - Seaside West,State House,32,R,Write-ins,2
Clatsop,119 - Seaside East,State House,32,R,Write-ins,1
Clatsop,120 - Seaside South,State House,32,R,Write-ins,1
Clatsop,121 - Necanicum,State House,32,R,Write-ins,0
Clatsop,122 - Arch Cape,State House,32,R,Write-ins,0
Clatsop,123 - Cannon Beach,State House,32,R,Write-ins,1
Clatsop,124 - Hamlet,State House,32,R,Write-ins,0
Clatsop,125 - Elsie,State House,32,R,Write-ins,0
Clatsop,101 - Astoria West,State Senate,16,D,Aaron Dickie,19
Clatsop,102 - Astoria East,State Senate,16,D,Aaron Dickie,8
Clatsop,103 - John Day/Walluski,State Senate,16,D,Aaron Dickie,5
Clatsop,104 - Astoria South,State Senate,16,D,Aaron Dickie,2
Clatsop,105 - Svensen,State Senate,16,D,Aaron Dickie,13
Clatsop,106 - Knappa,State Senate,16,D,Aaron Dickie,8
Clatsop,107 - Westport/Hillcrest,State Senate,16,D,Aaron Dickie,8
Clatsop,108 - Jewell,State Senate,16,D,Aaron Dickie,2
Clatsop,109 - Olney,State Senate,16,D,Aaron Dickie,0
Clatsop,110 - Stanley Acres,State Senate,16,D,Aaron Dickie,0
Clatsop,111 - Lewis and Clark/Chadwell,State Senate,16,D,Aaron Dickie,5
Clatsop,112 - Warrenton East,State Senate,16,D,Aaron Dickie,5
Clatsop,113 - Warrenton West,State Senate,16,D,Aaron Dickie,17
Clatsop,114 - Clatsop Plains North,State Senate,16,D,Aaron Dickie,10
Clatsop,115 - Clatsop Plains South,State Senate,16,D,Aaron Dickie,9
Clatsop,116 - Gearhart,State Senate,16,D,Aaron Dickie,7
Clatsop,117 - Seaside North,State Senate,16,D,Aaron Dickie,5
Clatsop,118 - Seaside West,State Senate,16,D,Aaron Dickie,3
Clatsop,119 - Seaside East,State Senate,16,D,Aaron Dickie,6
Clatsop,120 - Seaside South,State Senate,16,D,Aaron Dickie,8
Clatsop,121 - Necanicum,State Senate,16,D,Aaron Dickie,3
Clatsop,122 - Arch Cape,State Senate,16,D,Aaron Dickie,1
Clatsop,123 - Cannon Beach,State Senate,16,D,Aaron Dickie,4
Clatsop,124 - Hamlet,State Senate,16,D,Aaron Dickie,0
Clatsop,125 - Elsie,State Senate,16,D,Aaron Dickie,2
Clatsop,101 - Astoria West,State Senate,16,D,Jordan Gutierrez,55
Clatsop,102 - Astoria East,State Senate,16,D,Jordan Gutierrez,35
Clatsop,103 - John Day/Walluski,State Senate,16,D,Jordan Gutierrez,9
Clatsop,104 - Astoria South,State Senate,16,D,Jordan Gutierrez,12
Clatsop,105 - Svensen,State Senate,16,D,Jordan Gutierrez,15
Clatsop,106 - Knappa,State Senate,16,D,Jordan Gutierrez,17
Clatsop,107 - Westport/Hillcrest,State Senate,16,D,Jordan Gutierrez,3
Clatsop,108 - Jewell,State Senate,16,D,Jordan Gutierrez,3
Clatsop,109 - Olney,State Senate,16,D,Jordan Gutierrez,3
Clatsop,110 - Stanley Acres,State Senate,16,D,Jordan Gutierrez,0
Clatsop,111 - Lewis and Clark/Chadwell,State Senate,16,D,Jordan Gutierrez,17
Clatsop,112 - Warrenton East,State Senate,16,D,Jordan Gutierrez,15
Clatsop,113 - Warrenton West,State Senate,16,D,Jordan Gutierrez,23
Clatsop,114 - Clatsop Plains North,State Senate,16,D,Jordan Gutierrez,11
Clatsop,115 - Clatsop Plains South,State Senate,16,D,Jordan Gutierrez,16
Clatsop,116 - Gearhart,State Senate,16,D,Jordan Gutierrez,20
Clatsop,117 - Seaside North,State Senate,16,D,Jordan Gutierrez,11
Clatsop,118 - Seaside West,State Senate,16,D,Jordan Gutierrez,12
Clatsop,119 - Seaside East,State Senate,16,D,Jordan Gutierrez,11
Clatsop,120 - Seaside South,State Senate,16,D,Jordan Gutierrez,21
Clatsop,121 - Necanicum,State Senate,16,D,Jordan Gutierrez,5
Clatsop,122 - Arch Cape,State Senate,16,D,Jordan Gutierrez,5
Clatsop,123 - Cannon Beach,State Senate,16,D,Jordan Gutierrez,10
Clatsop,124 - Hamlet,State Senate,16,D,Jordan Gutierrez,2
Clatsop,125 - Elsie,State Senate,16,D,Jordan Gutierrez,3
Clatsop,101 - Astoria West,State Senate,16,D,Over Votes,0
Clatsop,102 - Astoria East,State Senate,16,D,Over Votes,0
Clatsop,103 - John Day/Walluski,State Senate,16,D,Over Votes,0
Clatsop,104 - Astoria South,State Senate,16,D,Over Votes,0
Clatsop,105 - Svensen,State Senate,16,D,Over Votes,0
Clatsop,106 - Knappa,State Senate,16,D,Over Votes,0
Clatsop,107 - Westport/Hillcrest,State Senate,16,D,Over Votes,0
Clatsop,108 - Jewell,State Senate,16,D,Over Votes,0
Clatsop,109 - Olney,State Senate,16,D,Over Votes,0
Clatsop,110 - Stanley Acres,State Senate,16,D,Over Votes,0
Clatsop,111 - Lewis and Clark/Chadwell,State Senate,16,D,Over Votes,0
Clatsop,112 - Warrenton East,State Senate,16,D,Over Votes,0
Clatsop,113 - Warrenton West,State Senate,16,D,Over Votes,0
Clatsop,114 - Clatsop Plains North,State Senate,16,D,Over Votes,0
Clatsop,115 - Clatsop Plains South,State Senate,16,D,Over Votes,1
Clatsop,116 - Gearhart,State Senate,16,D,Over Votes,0
Clatsop,117 - Seaside North,State Senate,16,D,Over Votes,0
Clatsop,118 - Seaside West,State Senate,16,D,Over Votes,0
Clatsop,119 - Seaside East,State Senate,16,D,Over Votes,0
Clatsop,120 - Seaside South,State Senate,16,D,Over Votes,0
Clatsop,121 - Necanicum,State Senate,16,D,Over Votes,0
Clatsop,122 - Arch Cape,State Senate,16,D,Over Votes,0
Clatsop,123 - Cannon Beach,State Senate,16,D,Over Votes,0
Clatsop,124 - Hamlet,State Senate,16,D,Over Votes,0
Clatsop,125 - Elsie,State Senate,16,D,Over Votes,0
Clatsop,101 - Astoria West,State Senate,16,D,Rachel Armitage,696
Clatsop,102 - Astoria East,State Senate,16,D,Rachel Armitage,460
Clatsop,103 - John Day/Walluski,State Senate,16,D,Rachel Armitage,114
Clatsop,104 - Astoria South,State Senate,16,D,Rachel Armitage,200
Clatsop,105 - Svensen,State Senate,16,D,Rachel Armitage,123
Clatsop,106 - Knappa,State Senate,16,D,Rachel Armitage,134
Clatsop,107 - Westport/Hillcrest,State Senate,16,D,Rachel Armitage,33
Clatsop,108 - Jewell,State Senate,16,D,Rachel Armitage,43
Clatsop,109 - Olney,State Senate,16,D,Rachel Armitage,37
Clatsop,110 - Stanley Acres,State Senate,16,D,Rachel Armitage,18
Clatsop,111 - Lewis and Clark/Chadwell,State Senate,16,D,Rachel Armitage,168
Clatsop,112 - Warrenton East,State Senate,16,D,Rachel Armitage,103
Clatsop,113 - Warrenton West,State Senate,16,D,Rachel Armitage,287
Clatsop,114 - Clatsop Plains North,State Senate,16,D,Rachel Armitage,98
Clatsop,115 - Clatsop Plains South,State Senate,16,D,Rachel Armitage,212
Clatsop,116 - Gearhart,State Senate,16,D,Rachel Armitage,273
Clatsop,117 - Seaside North,State Senate,16,D,Rachel Armitage,90
Clatsop,118 - Seaside West,State Senate,16,D,Rachel Armitage,100
Clatsop,119 - Seaside East,State Senate,16,D,Rachel Armitage,164
Clatsop,120 - Seaside South,State Senate,16,D,Rachel Armitage,206
Clatsop,121 - Necanicum,State Senate,16,D,Rachel Armitage,34
Clatsop,122 - Arch Cape,State Senate,16,D,Rachel Armitage,63
Clatsop,123 - Cannon Beach,State Senate,16,D,Rachel Armitage,226
Clatsop,124 - Hamlet,State Senate,16,D,Rachel Armitage,48
Clatsop,125 - Elsie,State Senate,16,D,Rachel Armitage,47
Clatsop,101 - Astoria West,State Senate,16,D,Under Votes,156
Clatsop,102 - Astoria East,State Senate,16,D,Under Votes,81
Clatsop,103 - John Day/Walluski,State Senate,16,D,Under Votes,28
Clatsop,104 - Astoria South,State Senate,16,D,Under Votes,49
Clatsop,105 - Svensen,State Senate,16,D,Under Votes,41
Clatsop,106 - Knappa,State Senate,16,D,Under Votes,44
Clatsop,107 - Westport/Hillcrest,State Senate,16,D,Under Votes,8
Clatsop,108 - Jewell,State Senate,16,D,Under Votes,21
Clatsop,109 - Olney,State Senate,16,D,Under Votes,13
Clatsop,110 - Stanley Acres,State Senate,16,D,Under Votes,9
Clatsop,111 - Lewis and Clark/Chadwell,State Senate,16,D,Under Votes,57
Clatsop,112 - Warrenton East,State Senate,16,D,Under Votes,35
Clatsop,113 - Warrenton West,State Senate,16,D,Under Votes,52
Clatsop,114 - Clatsop Plains North,State Senate,16,D,Under Votes,33
Clatsop,115 - Clatsop Plains South,State Senate,16,D,Under Votes,56
Clatsop,116 - Gearhart,State Senate,16,D,Under Votes,85
Clatsop,117 - Seaside North,State Senate,16,D,Under Votes,25
Clatsop,118 - Seaside West,State Senate,16,D,Under Votes,20
Clatsop,119 - Seaside East,State Senate,16,D,Under Votes,28
Clatsop,120 - Seaside South,State Senate,16,D,Under Votes,46
Clatsop,121 - Necanicum,State Senate,16,D,Under Votes,7
Clatsop,122 - Arch Cape,State Senate,16,D,Under Votes,13
Clatsop,123 - Cannon Beach,State Senate,16,D,Under Votes,64
Clatsop,124 - Hamlet,State Senate,16,D,Under Votes,11
Clatsop,125 - Elsie,State Senate,16,D,Under Votes,5
Clatsop,101 - Astoria West,State Senate,16,D,Write-ins,5
Clatsop,102 - Astoria East,State Senate,16,D,Write-ins,4
Clatsop,103 - John Day/Walluski,State Senate,16,D,Write-ins,2
Clatsop,104 - Astoria South,State Senate,16,D,Write-ins,4
Clatsop,105 - Svensen,State Senate,16,D,Write-ins,6
Clatsop,106 - Knappa,State Senate,16,D,Write-ins,3
Clatsop,107 - Westport/Hillcrest,State Senate,16,D,Write-ins,0
Clatsop,108 - Jewell,State Senate,16,D,Write-ins,1
Clatsop,109 - Olney,State Senate,16,D,Write-ins,2
Clatsop,110 - Stanley Acres,State Senate,16,D,Write-ins,1
Clatsop,111 - Lewis and Clark/Chadwell,State Senate,16,D,Write-ins,4
Clatsop,112 - Warrenton East,State Senate,16,D,Write-ins,2
Clatsop,113 - Warrenton West,State Senate,16,D,Write-ins,2
Clatsop,114 - Clatsop Plains North,State Senate,16,D,Write-ins,1
Clatsop,115 - Clatsop Plains South,State Senate,16,D,Write-ins,0
Clatsop,116 - Gearhart,State Senate,16,D,Write-ins,2
Clatsop,117 - Seaside North,State Senate,16,D,Write-ins,1
Clatsop,118 - Seaside West,State Senate,16,D,Write-ins,2
Clatsop,119 - Seaside East,State Senate,16,D,Write-ins,2
Clatsop,120 - Seaside South,State Senate,16,D,Write-ins,2
Clatsop,121 - Necanicum,State Senate,16,D,Write-ins,2
Clatsop,122 - Arch Cape,State Senate,16,D,Write-ins,0
Clatsop,123 - Cannon Beach,State Senate,16,D,Write-ins,1
Clatsop,124 - Hamlet,State Senate,16,D,Write-ins,1
Clatsop,125 - Elsie,State Senate,16,D,Write-ins,1
Clatsop,101 - Astoria West,State Senate,16,R,Courtney Bangs,183
Clatsop,102 - Astoria East,State Senate,16,R,Courtney Bangs,150
Clatsop,103 - John Day/Walluski,State Senate,16,R,Courtney Bangs,131
Clatsop,104 - Astoria South,State Senate,16,R,Courtney Bangs,70
Clatsop,105 - Svensen,State Senate,16,R,Courtney Bangs,231
Clatsop,106 - Knappa,State Senate,16,R,Courtney Bangs,239
Clatsop,107 - Westport/Hillcrest,State Senate,16,R,Courtney Bangs,66
Clatsop,108 - Jewell,State Senate,16,R,Courtney Bangs,55
Clatsop,109 - Olney,State Senate,16,R,Courtney Bangs,114
Clatsop,110 - Stanley Acres,State Senate,16,R,Courtney Bangs,48
Clatsop,111 - Lewis and Clark/Chadwell,State Senate,16,R,Courtney Bangs,250
Clatsop,112 - Warrenton East,State Senate,16,R,Courtney Bangs,89
Clatsop,113 - Warrenton West,State Senate,16,R,Courtney Bangs,341
Clatsop,114 - Clatsop Plains North,State Senate,16,R,Courtney Bangs,134
Clatsop,115 - Clatsop Plains South,State Senate,16,R,Courtney Bangs,184
Clatsop,116 - Gearhart,State Senate,16,R,Courtney Bangs,156
Clatsop,117 - Seaside North,State Senate,16,R,Courtney Bangs,53
Clatsop,118 - Seaside West,State Senate,16,R,Courtney Bangs,44
Clatsop,119 - Seaside East,State Senate,16,R,Courtney Bangs,81
Clatsop,120 - Seaside South,State Senate,16,R,Courtney Bangs,110
Clatsop,121 - Necanicum,State Senate,16,R,Courtney Bangs,32
Clatsop,122 - Arch Cape,State Senate,16,R,Courtney Bangs,18
Clatsop,123 - Cannon Beach,State Senate,16,R,Courtney Bangs,66
Clatsop,124 - Hamlet,State Senate,16,R,Courtney Bangs,33
Clatsop,125 - Elsie,State Senate,16,R,Courtney Bangs,30
Clatsop,101 - Astoria West,State Senate,16,R,Frank A. Mansfield,13
Clatsop,102 - Astoria East,State Senate,16,R,Frank A. Mansfield,17
Clatsop,103 - John Day/Walluski,State Senate,16,R,Frank A. Mansfield,8
Clatsop,104 - Astoria South,State Senate,16,R,Frank A. Mansfield,5
Clatsop,105 - Svensen,State Senate,16,R,Frank A. Mansfield,9
Clatsop,106 - Knappa,State Senate,16,R,Frank A. Mansfield,17
Clatsop,107 - Westport/Hillcrest,State Senate,16,R,Frank A. Mansfield,8
Clatsop,108 - Jewell,State Senate,16,R,Frank A. Mansfield,9
Clatsop,109 - Olney,State Senate,16,R,Frank A. Mansfield,2
Clatsop,110 - Stanley Acres,State Senate,16,R,Frank A. Mansfield,0
Clatsop,111 - Lewis and Clark/Chadwell,State Senate,16,R,Frank A. Mansfield,23
Clatsop,112 - Warrenton East,State Senate,16,R,Frank A. Mansfield,5
Clatsop,113 - Warrenton West,State Senate,16,R,Frank A. Mansfield,51
Clatsop,114 - Clatsop Plains North,State Senate,16,R,Frank A. Mansfield,11
Clatsop,115 - Clatsop Plains South,State Senate,16,R,Frank A. Mansfield,17
Clatsop,116 - Gearhart,State Senate,16,R,Frank A. Mansfield,10
Clatsop,117 - Seaside North,State Senate,16,R,Frank A. Mansfield,5
Clatsop,118 - Seaside West,State Senate,16,R,Frank A. Mansfield,6
Clatsop,119 - Seaside East,State Senate,16,R,Frank A. Mansfield,8
Clatsop,120 - Seaside South,State Senate,16,R,Frank A. Mansfield,17
Clatsop,121 - Necanicum,State Senate,16,R,Frank A. Mansfield,6
Clatsop,122 - Arch Cape,State Senate,16,R,Frank A. Mansfield,1
Clatsop,123 - Cannon Beach,State Senate,16,R,Frank A. Mansfield,6
Clatsop,124 - Hamlet,State Senate,16,R,Frank A. Mansfield,1
Clatsop,125 - Elsie,State Senate,16,R,Frank A. Mansfield,1
Clatsop,101 - Astoria West,State Senate,16,R,Over Votes,0
Clatsop,102 - Astoria East,State Senate,16,R,Over Votes,0
Clatsop,103 - John Day/Walluski,State Senate,16,R,Over Votes,0
Clatsop,104 - Astoria South,State Senate,16,R,Over Votes,0
Clatsop,105 - Svensen,State Senate,16,R,Over Votes,0
Clatsop,106 - Knappa,State Senate,16,R,Over Votes,0
Clatsop,107 - Westport/Hillcrest,State Senate,16,R,Over Votes,0
Clatsop,108 - Jewell,State Senate,16,R,Over Votes,0
Clatsop,109 - Olney,State Senate,16,R,Over Votes,0
Clatsop,110 - Stanley Acres,State Senate,16,R,Over Votes,0
Clatsop,111 - Lewis and Clark/Chadwell,State Senate,16,R,Over Votes,0
Clatsop,112 - Warrenton East,State Senate,16,R,Over Votes,0
Clatsop,113 - Warrenton West,State Senate,16,R,Over Votes,0
Clatsop,114 - Clatsop Plains North,State Senate,16,R,Over Votes,0
Clatsop,115 - Clatsop Plains South,State Senate,16,R,Over Votes,0
Clatsop,116 - Gearhart,State Senate,16,R,Over Votes,0
Clatsop,117 - Seaside North,State Senate,16,R,Over Votes,0
Clatsop,118 - Seaside West,State Senate,16,R,Over Votes,0
Clatsop,119 - Seaside East,State Senate,16,R,Over Votes,0
Clatsop,120 - Seaside South,State Senate,16,R,Over Votes,0
Clatsop,121 - Necanicum,State Senate,16,R,Over Votes,0
Clatsop,122 - Arch Cape,State Senate,16,R,Over Votes,0
Clatsop,123 - Cannon Beach,State Senate,16,R,Over Votes,0
Clatsop,124 - Hamlet,State Senate,16,R,Over Votes,0
Clatsop,125 - Elsie,State Senate,16,R,Over Votes,0
Clatsop,101 - Astoria West,State Senate,16,R,Tripp Dietrich,41
Clatsop,102 - Astoria East,State Senate,16,R,Tripp Dietrich,40
Clatsop,103 - John Day/Walluski,State Senate,16,R,Tripp Dietrich,26
Clatsop,104 - Astoria South,State Senate,16,R,Tripp Dietrich,11
Clatsop,105 - Svensen,State Senate,16,R,Tripp Dietrich,30
Clatsop,106 - Knappa,State Senate,16,R,Tripp Dietrich,20
Clatsop,107 - Westport/Hillcrest,State Senate,16,R,Tripp Dietrich,12
Clatsop,108 - Jewell,State Senate,16,R,Tripp Dietrich,23
Clatsop,109 - Olney,State Senate,16,R,Tripp Dietrich,17
Clatsop,110 - Stanley Acres,State Senate,16,R,Tripp Dietrich,10
Clatsop,111 - Lewis and Clark/Chadwell,State Senate,16,R,Tripp Dietrich,60
Clatsop,112 - Warrenton East,State Senate,16,R,Tripp Dietrich,22
Clatsop,113 - Warrenton West,State Senate,16,R,Tripp Dietrich,90
Clatsop,114 - Clatsop Plains North,State Senate,16,R,Tripp Dietrich,24
Clatsop,115 - Clatsop Plains South,State Senate,16,R,Tripp Dietrich,72
Clatsop,116 - Gearhart,State Senate,16,R,Tripp Dietrich,78
Clatsop,117 - Seaside North,State Senate,16,R,Tripp Dietrich,13
Clatsop,118 - Seaside West,State Senate,16,R,Tripp Dietrich,16
Clatsop,119 - Seaside East,State Senate,16,R,Tripp Dietrich,53
Clatsop,120 - Seaside South,State Senate,16,R,Tripp Dietrich,45
Clatsop,121 - Necanicum,State Senate,16,R,Tripp Dietrich,18
Clatsop,122 - Arch Cape,State Senate,16,R,Tripp Dietrich,7
Clatsop,123 - Cannon Beach,State Senate,16,R,Tripp Dietrich,27
Clatsop,124 - Hamlet,State Senate,16,R,Tripp Dietrich,20
Clatsop,125 - Elsie,State Senate,16,R,Tripp Dietrich,24
Clatsop,101 - Astoria West,State Senate,16,R,Under Votes,26
Clatsop,102 - Astoria East,State Senate,16,R,Under Votes,11
Clatsop,103 - John Day/Walluski,State Senate,16,R,Under Votes,7
Clatsop,104 - Astoria South,State Senate,16,R,Under Votes,12
Clatsop,105 - Svensen,State Senate,16,R,Under Votes,16
Clatsop,106 - Knappa,State Senate,16,R,Under Votes,18
Clatsop,107 - Westport/Hillcrest,State Senate,16,R,Under Votes,6
Clatsop,108 - Jewell,State Senate,16,R,Under Votes,14
Clatsop,109 - Olney,State Senate,16,R,Under Votes,7
Clatsop,110 - Stanley Acres,State Senate,16,R,Under Votes,3
Clatsop,111 - Lewis and Clark/Chadwell,State Senate,16,R,Under Votes,31
Clatsop,112 - Warrenton East,State Senate,16,R,Under Votes,12
Clatsop,113 - Warrenton West,State Senate,16,R,Under Votes,35
Clatsop,114 - Clatsop Plains North,State Senate,16,R,Under Votes,14
Clatsop,115 - Clatsop Plains South,State Senate,16,R,Under Votes,42
Clatsop,116 - Gearhart,State Senate,16,R,Under Votes,45
Clatsop,117 - Seaside North,State Senate,16,R,Under Votes,10
Clatsop,118 - Seaside West,State Senate,16,R,Under Votes,12
Clatsop,119 - Seaside East,State Senate,16,R,Under Votes,22
Clatsop,120 - Seaside South,State Senate,16,R,Under Votes,22
Clatsop,121 - Necanicum,State Senate,16,R,Under Votes,10
Clatsop,122 - Arch Cape,State Senate,16,R,Under Votes,3
Clatsop,123 - Cannon Beach,State Senate,16,R,Under Votes,21
Clatsop,124 - Hamlet,State Senate,16,R,Under Votes,4
Clatsop,125 - Elsie,State Senate,16,R,Under Votes,8
Clatsop,101 - Astoria West,State Senate,16,R,Write-ins,2
Clatsop,102 - Astoria East,State Senate,16,R,Write-ins,0
Clatsop,103 - John Day/Walluski,State Senate,16,R,Write-ins,0
Clatsop,104 - Astoria South,State Senate,16,R,Write-ins,1
Clatsop,105 - Svensen,State Senate,16,R,Write-ins,0
Clatsop,106 - Knappa,State Senate,16,R,Write-ins,0
Clatsop,107 - Westport/Hillcrest,State Senate,16,R,Write-ins,0
Clatsop,108 - Jewell,State Senate,16,R,Write-ins,0
Clatsop,109 - Olney,State Senate,16,R,Write-ins,0
Clatsop,110 - Stanley Acres,State Senate,16,R,Write-ins,0
Clatsop,111 - Lewis and Clark/Chadwell,State Senate,16,R,Write-ins,2
Clatsop,112 - Warrenton East,State Senate,16,R,Write-ins,0
Clatsop,113 - Warrenton West,State Senate,16,R,Write-ins,3
Clatsop,114 - Clatsop Plains North,State Senate,16,R,Write-ins,0
Clatsop,115 - Clatsop Plains South,State Senate,16,R,Write-ins,2
Clatsop,116 - Gearhart,State Senate,16,R,Write-ins,2
Clatsop,117 - Seaside North,State Senate,16,R,Write-ins,0
Clatsop,118 - Seaside West,State Senate,16,R,Write-ins,2
Clatsop,119 - Seaside East,State Senate,16,R,Write-ins,2
Clatsop,120 - Seaside South,State Senate,16,R,Write-ins,1
Clatsop,121 - Necanicum,State Senate,16,R,Write-ins,0
Clatsop,122 - Arch Cape,State Senate,16,R,Write-ins,0
Clatsop,123 - Cannon Beach,State Senate,16,R,Write-ins,0
Clatsop,124 - Hamlet,State Senate,16,R,Write-ins,0
Clatsop,125 - Elsie,State Senate,16,R,Write-ins,0
Clatsop,101 - Astoria West,U.S. House,1,D,Jamil O. Ahmad,106
Clatsop,102 - Astoria East,U.S. House,1,D,Jamil O. Ahmad,69
Clatsop,103 - John Day/Walluski,U.S. House,1,D,Jamil O. Ahmad,19
Clatsop,104 - Astoria South,U.S. House,1,D,Jamil O. Ahmad,43
Clatsop,105 - Svensen,U.S. House,1,D,Jamil O. Ahmad,29
Clatsop,106 - Knappa,U.S. House,1,D,Jamil O. Ahmad,16
Clatsop,107 - Westport/Hillcrest,U.S. House,1,D,Jamil O. Ahmad,14
Clatsop,108 - Jewell,U.S. House,1,D,Jamil O. Ahmad,11
Clatsop,109 - Olney,U.S. House,1,D,Jamil O. Ahmad,9
Clatsop,110 - Stanley Acres,U.S. House,1,D,Jamil O. Ahmad,4
Clatsop,111 - Lewis and Clark/Chadwell,U.S. House,1,D,Jamil O. Ahmad,18
Clatsop,112 - Warrenton East,U.S. House,1,D,Jamil O. Ahmad,18
Clatsop,113 - Warrenton West,U.S. House,1,D,Jamil O. Ahmad,46
Clatsop,114 - Clatsop Plains North,U.S. House,1,D,Jamil O. Ahmad,22
Clatsop,115 - Clatsop Plains South,U.S. House,1,D,Jamil O. Ahmad,32
Clatsop,116 - Gearhart,U.S. House,1,D,Jamil O. Ahmad,22
Clatsop,117 - Seaside North,U.S. House,1,D,Jamil O. Ahmad,17
Clatsop,118 - Seaside West,U.S. House,1,D,Jamil O. Ahmad,18
Clatsop,119 - Seaside East,U.S. House,1,D,Jamil O. Ahmad,33
Clatsop,120 - Seaside South,U.S. House,1,D,Jamil O. Ahmad,27
Clatsop,121 - Necanicum,U.S. House,1,D,Jamil O. Ahmad,7
Clatsop,122 - Arch Cape,U.S. House,1,D,Jamil O. Ahmad,5
Clatsop,123 - Cannon Beach,U.S. House,1,D,Jamil O. Ahmad,18
Clatsop,124 - Hamlet,U.S. House,1,D,Jamil O. Ahmad,4
Clatsop,125 - Elsie,U.S. House,1,D,Jamil O. Ahmad,7
Clatsop,101 - Astoria West,U.S. House,1,D,Over Votes,0
Clatsop,102 - Astoria East,U.S. House,1,D,Over Votes,0
Clatsop,103 - John Day/Walluski,U.S. House,1,D,Over Votes,0
Clatsop,104 - Astoria South,U.S. House,1,D,Over Votes,0
Clatsop,105 - Svensen,U.S. House,1,D,Over Votes,0
Clatsop,106 - Knappa,U.S. House,1,D,Over Votes,0
Clatsop,107 - Westport/Hillcrest,U.S. House,1,D,Over Votes,0
Clatsop,108 - Jewell,U.S. House,1,D,Over Votes,0
Clatsop,109 - Olney,U.S. House,1,D,Over Votes,0
Clatsop,110 - Stanley Acres,U.S. House,1,D,Over Votes,0
Clatsop,111 - Lewis and Clark/Chadwell,U.S. House,1,D,Over Votes,0
Clatsop,112 - Warrenton East,U.S. House,1,D,Over Votes,0
Clatsop,113 - Warrenton West,U.S. House,1,D,Over Votes,0
Clatsop,114 - Clatsop Plains North,U.S. House,1,D,Over Votes,1
Clatsop,115 - Clatsop Plains South,U.S. House,1,D,Over Votes,0
Clatsop,116 - Gearhart,U.S. House,1,D,Over Votes,0
Clatsop,117 - Seaside North,U.S. House,1,D,Over Votes,0
Clatsop,118 - Seaside West,U.S. House,1,D,Over Votes,0
Clatsop,119 - Seaside East,U.S. House,1,D,Over Votes,0
Clatsop,120 - Seaside South,U.S. House,1,D,Over Votes,0
Clatsop,121 - Necanicum,U.S. House,1,D,Over Votes,0
Clatsop,122 - Arch Cape,U.S. House,1,D,Over Votes,0
Clatsop,123 - Cannon Beach,U.S. House,1,D,Over Votes,0
Clatsop,124 - Hamlet,U.S. House,1,D,Over Votes,0
Clatsop,125 - Elsie,U.S. House,1,D,Over Votes,0
Clatsop,101 - Astoria West,U.S. House,1,D,Suzanne Bonamici,787
Clatsop,102 - Astoria East,U.S. House,1,D,Suzanne Bonamici,500
Clatsop,103 - John Day/Walluski,U.S. House,1,D,Suzanne Bonamici,131
Clatsop,104 - Astoria South,U.S. House,1,D,Suzanne Bonamici,216
Clatsop,105 - Svensen,U.S. House,1,D,Suzanne Bonamici,148
Clatsop,106 - Knappa,U.S. House,1,D,Suzanne Bonamici,185
Clatsop,107 - Westport/Hillcrest,U.S. House,1,D,Suzanne Bonamici,34
Clatsop,108 - Jewell,U.S. House,1,D,Suzanne Bonamici,49
Clatsop,109 - Olney,U.S. House,1,D,Suzanne Bonamici,42
Clatsop,110 - Stanley Acres,U.S. House,1,D,Suzanne Bonamici,22
Clatsop,111 - Lewis and Clark/Chadwell,U.S. House,1,D,Suzanne Bonamici,219
Clatsop,112 - Warrenton East,U.S. House,1,D,Suzanne Bonamici,135
Clatsop,113 - Warrenton West,U.S. House,1,D,Suzanne Bonamici,315
Clatsop,114 - Clatsop Plains North,U.S. House,1,D,Suzanne Bonamici,122
Clatsop,115 - Clatsop Plains South,U.S. House,1,D,Suzanne Bonamici,250
Clatsop,116 - Gearhart,U.S. House,1,D,Suzanne Bonamici,348
Clatsop,117 - Seaside North,U.S. House,1,D,Suzanne Bonamici,108
Clatsop,118 - Seaside West,U.S. House,1,D,Suzanne Bonamici,114
Clatsop,119 - Seaside East,U.S. House,1,D,Suzanne Bonamici,167
Clatsop,120 - Seaside South,U.S. House,1,D,Suzanne Bonamici,241
Clatsop,121 - Necanicum,U.S. House,1,D,Suzanne Bonamici,41
Clatsop,122 - Arch Cape,U.S. House,1,D,Suzanne Bonamici,72
Clatsop,123 - Cannon Beach,U.S. House,1,D,Suzanne Bonamici,274
Clatsop,124 - Hamlet,U.S. House,1,D,Suzanne Bonamici,54
Clatsop,125 - Elsie,U.S. House,1,D,Suzanne Bonamici,47
Clatsop,101 - Astoria West,U.S. House,1,D,Under Votes,34
Clatsop,102 - Astoria East,U.S. House,1,D,Under Votes,17
Clatsop,103 - John Day/Walluski,U.S. House,1,D,Under Votes,7
Clatsop,104 - Astoria South,U.S. House,1,D,Under Votes,8
Clatsop,105 - Svensen,U.S. House,1,D,Under Votes,17
Clatsop,106 - Knappa,U.S. House,1,D,Under Votes,4
Clatsop,107 - Westport/Hillcrest,U.S. House,1,D,Under Votes,3
Clatsop,108 - Jewell,U.S. House,1,D,Under Votes,8
Clatsop,109 - Olney,U.S. House,1,D,Under Votes,2
Clatsop,110 - Stanley Acres,U.S. House,1,D,Under Votes,2
Clatsop,111 - Lewis and Clark/Chadwell,U.S. House,1,D,Under Votes,12
Clatsop,112 - Warrenton East,U.S. House,1,D,Under Votes,6
Clatsop,113 - Warrenton West,U.S. House,1,D,Under Votes,19
Clatsop,114 - Clatsop Plains North,U.S. House,1,D,Under Votes,6
Clatsop,115 - Clatsop Plains South,U.S. House,1,D,Under Votes,12
Clatsop,116 - Gearhart,U.S. House,1,D,Under Votes,16
Clatsop,117 - Seaside North,U.S. House,1,D,Under Votes,7
Clatsop,118 - Seaside West,U.S. House,1,D,Under Votes,4
Clatsop,119 - Seaside East,U.S. House,1,D,Under Votes,7
Clatsop,120 - Seaside South,U.S. House,1,D,Under Votes,13
Clatsop,121 - Necanicum,U.S. House,1,D,Under Votes,2
Clatsop,122 - Arch Cape,U.S. House,1,D,Under Votes,5
Clatsop,123 - Cannon Beach,U.S. House,1,D,Under Votes,13
Clatsop,124 - Hamlet,U.S. House,1,D,Under Votes,3
Clatsop,125 - Elsie,U.S. House,1,D,Under Votes,2
Clatsop,101 - Astoria West,U.S. House,1,D,Write-ins,4
Clatsop,102 - Astoria East,U.S. House,1,D,Write-ins,2
Clatsop,103 - John Day/Walluski,U.S. House,1,D,Write-ins,1
Clatsop,104 - Astoria South,U.S. House,1,D,Write-ins,0
Clatsop,105 - Svensen,U.S. House,1,D,Write-ins,4
Clatsop,106 - Knappa,U.S. House,1,D,Write-ins,1
Clatsop,107 - Westport/Hillcrest,U.S. House,1,D,Write-ins,1
Clatsop,108 - Jewell,U.S. House,1,D,Write-ins,2
Clatsop,109 - Olney,U.S. House,1,D,Write-ins,2
Clatsop,110 - Stanley Acres,U.S. House,1,D,Write-ins,0
Clatsop,111 - Lewis and Clark/Chadwell,U.S. House,1,D,Write-ins,2
Clatsop,112 - Warrenton East,U.S. House,1,D,Write-ins,1
Clatsop,113 - Warrenton West,U.S. House,1,D,Write-ins,1
Clatsop,114 - Clatsop Plains North,U.S. House,1,D,Write-ins,2
Clatsop,115 - Clatsop Plains South,U.S. House,1,D,Write-ins,0
Clatsop,116 - Gearhart,U.S. House,1,D,Write-ins,1
Clatsop,117 - Seaside North,U.S. House,1,D,Write-ins,0
Clatsop,118 - Seaside West,U.S. House,1,D,Write-ins,1
Clatsop,119 - Seaside East,U.S. House,1,D,Write-ins,4
Clatsop,120 - Seaside South,U.S. House,1,D,Write-ins,2
Clatsop,121 - Necanicum,U.S. House,1,D,Write-ins,1
Clatsop,122 - Arch Cape,U.S. House,1,D,Write-ins,0
Clatsop,123 - Cannon Beach,U.S. House,1,D,Write-ins,0
Clatsop,124 - Hamlet,U.S. House,1,D,Write-ins,1
Clatsop,125 - Elsie,U.S. House,1,D,Write-ins,2
Clatsop,101 - Astoria West,U.S. House,1,R,Barbara J. Kahl,168
Clatsop,102 - Astoria East,U.S. House,1,R,Barbara J. Kahl,149
Clatsop,103 - John Day/Walluski,U.S. House,1,R,Barbara J. Kahl,108
Clatsop,104 - Astoria South,U.S. House,1,R,Barbara J. Kahl,57
Clatsop,105 - Svensen,U.S. House,1,R,Barbara J. Kahl,154
Clatsop,106 - Knappa,U.S. House,1,R,Barbara J. Kahl,146
Clatsop,107 - Westport/Hillcrest,U.S. House,1,R,Barbara J. Kahl,60
Clatsop,108 - Jewell,U.S. House,1,R,Barbara J. Kahl,65
Clatsop,109 - Olney,U.S. House,1,R,Barbara J. Kahl,85
Clatsop,110 - Stanley Acres,U.S. House,1,R,Barbara J. Kahl,36
Clatsop,111 - Lewis and Clark/Chadwell,U.S. House,1,R,Barbara J. Kahl,209
Clatsop,112 - Warrenton East,U.S. House,1,R,Barbara J. Kahl,82
Clatsop,113 - Warrenton West,U.S. House,1,R,Barbara J. Kahl,323
Clatsop,114 - Clatsop Plains North,U.S. House,1,R,Barbara J. Kahl,105
Clatsop,115 - Clatsop Plains South,U.S. House,1,R,Barbara J. Kahl,189
Clatsop,116 - Gearhart,U.S. House,1,R,Barbara J. Kahl,177
Clatsop,117 - Seaside North,U.S. House,1,R,Barbara J. Kahl,52
Clatsop,118 - Seaside West,U.S. House,1,R,Barbara J. Kahl,49
Clatsop,119 - Seaside East,U.S. House,1,R,Barbara J. Kahl,103
Clatsop,120 - Seaside South,U.S. House,1,R,Barbara J. Kahl,124
Clatsop,121 - Necanicum,U.S. House,1,R,Barbara J. Kahl,36
Clatsop,122 - Arch Cape,U.S. House,1,R,Barbara J. Kahl,23
Clatsop,123 - Cannon Beach,U.S. House,1,R,Barbara J. Kahl,82
Clatsop,124 - Hamlet,U.S. House,1,R,Barbara J. Kahl,44
Clatsop,125 - Elsie,U.S. House,1,R,Barbara J. Kahl,39
Clatsop,101 - Astoria West,U.S. House,1,R,John Verbeek,44
Clatsop,102 - Astoria East,U.S. House,1,R,John Verbeek,31
Clatsop,103 - John Day/Walluski,U.S. House,1,R,John Verbeek,30
Clatsop,104 - Astoria South,U.S. House,1,R,John Verbeek,18
Clatsop,105 - Svensen,U.S. House,1,R,John Verbeek,58
Clatsop,106 - Knappa,U.S. House,1,R,John Verbeek,58
Clatsop,107 - Westport/Hillcrest,U.S. House,1,R,John Verbeek,19
Clatsop,108 - Jewell,U.S. House,1,R,John Verbeek,19
Clatsop,109 - Olney,U.S. House,1,R,John Verbeek,26
Clatsop,110 - Stanley Acres,U.S. House,1,R,John Verbeek,10
Clatsop,111 - Lewis and Clark/Chadwell,U.S. House,1,R,John Verbeek,70
Clatsop,112 - Warrenton East,U.S. House,1,R,John Verbeek,26
Clatsop,113 - Warrenton West,U.S. House,1,R,John Verbeek,108
Clatsop,114 - Clatsop Plains North,U.S. House,1,R,John Verbeek,40
Clatsop,115 - Clatsop Plains South,U.S. House,1,R,John Verbeek,59
Clatsop,116 - Gearhart,U.S. House,1,R,John Verbeek,60
Clatsop,117 - Seaside North,U.S. House,1,R,John Verbeek,16
Clatsop,118 - Seaside West,U.S. House,1,R,John Verbeek,15
Clatsop,119 - Seaside East,U.S. House,1,R,John Verbeek,26
Clatsop,120 - Seaside South,U.S. House,1,R,John Verbeek,35
Clatsop,121 - Necanicum,U.S. House,1,R,John Verbeek,15
Clatsop,122 - Arch Cape,U.S. House,1,R,John Verbeek,3
Clatsop,123 - Cannon Beach,U.S. House,1,R,John Verbeek,16
Clatsop,124 - Hamlet,U.S. House,1,R,John Verbeek,8
Clatsop,125 - Elsie,U.S. House,1,R,John Verbeek,15
Clatsop,101 - Astoria West,U.S. House,1,R,Over Votes,0
Clatsop,102 - Astoria East,U.S. House,1,R,Over Votes,0
Clatsop,103 - John Day/Walluski,U.S. House,1,R,Over Votes,0
Clatsop,104 - Astoria South,U.S. House,1,R,Over Votes,0
Clatsop,105 - Svensen,U.S. House,1,R,Over Votes,0
Clatsop,106 - Knappa,U.S. House,1,R,Over Votes,0
Clatsop,107 - Westport/Hillcrest,U.S. House,1,R,Over Votes,0
Clatsop,108 - Jewell,U.S. House,1,R,Over Votes,0
Clatsop,109 - Olney,U.S. House,1,R,Over Votes,0
Clatsop,110 - Stanley Acres,U.S. House,1,R,Over Votes,0
Clatsop,111 - Lewis and Clark/Chadwell,U.S. House,1,R,Over Votes,0
Clatsop,112 - Warrenton East,U.S. House,1,R,Over Votes,0
Clatsop,113 - Warrenton West,U.S. House,1,R,Over Votes,0
Clatsop,114 - Clatsop Plains North,U.S. House,1,R,Over Votes,0
Clatsop,115 - Clatsop Plains South,U.S. House,1,R,Over Votes,0
Clatsop,116 - Gearhart,U.S. House,1,R,Over Votes,0
Clatsop,117 - Seaside North,U.S. House,1,R,Over Votes,0
Clatsop,118 - Seaside West,U.S. House,1,R,Over Votes,0
Clatsop,119 - Seaside East,U.S. House,1,R,Over Votes,0
Clatsop,120 - Seaside South,U.S. House,1,R,Over Votes,0
Clatsop,121 - Necanicum,U.S. House,1,R,Over Votes,0
Clatsop,122 - Arch Cape,U.S. House,1,R,Over Votes,0
Clatsop,123 - Cannon Beach,U.S. House,1,R,Over Votes,0
Clatsop,124 - Hamlet,U.S. House,1,R,Over Votes,0
Clatsop,125 - Elsie,U.S. House,1,R,Over Votes,0
Clatsop,101 - Astoria West,U.S. House,1,R,Under Votes,53
Clatsop,102 - Astoria East,U.S. House,1,R,Under Votes,36
Clatsop,103 - John Day/Walluski,U.S. House,1,R,Under Votes,33
Clatsop,104 - Astoria South,U.S. House,1,R,Under Votes,22
Clatsop,105 - Svensen,U.S. House,1,R,Under Votes,73
Clatsop,106 - Knappa,U.S. House,1,R,Under Votes,89
Clatsop,107 - Westport/Hillcrest,U.S. House,1,R,Under Votes,13
Clatsop,108 - Jewell,U.S. House,1,R,Under Votes,16
Clatsop,109 - Olney,U.S. House,1,R,Under Votes,29
Clatsop,110 - Stanley Acres,U.S. House,1,R,Under Votes,14
Clatsop,111 - Lewis and Clark/Chadwell,U.S. House,1,R,Under Votes,84
Clatsop,112 - Warrenton East,U.S. House,1,R,Under Votes,20
Clatsop,113 - Warrenton West,U.S. House,1,R,Under Votes,84
Clatsop,114 - Clatsop Plains North,U.S. House,1,R,Under Votes,37
Clatsop,115 - Clatsop Plains South,U.S. House,1,R,Under Votes,68
Clatsop,116 - Gearhart,U.S. House,1,R,Under Votes,50
Clatsop,117 - Seaside North,U.S. House,1,R,Under Votes,13
Clatsop,118 - Seaside West,U.S. House,1,R,Under Votes,14
Clatsop,119 - Seaside East,U.S. House,1,R,Under Votes,34
Clatsop,120 - Seaside South,U.S. House,1,R,Under Votes,35
Clatsop,121 - Necanicum,U.S. House,1,R,Under Votes,15
Clatsop,122 - Arch Cape,U.S. House,1,R,Under Votes,3
Clatsop,123 - Cannon Beach,U.S. House,1,R,Under Votes,22
Clatsop,124 - Hamlet,U.S. House,1,R,Under Votes,6
Clatsop,125 - Elsie,U.S. House,1,R,Under Votes,9
Clatsop,101 - Astoria West,U.S. House,1,R,Write-ins,0
Clatsop,102 - Astoria East,U.S. House,1,R,Write-ins,2
Clatsop,103 - John Day/Walluski,U.S. House,1,R,Write-ins,1
Clatsop,104 - Astoria South,U.S. House,1,R,Write-ins,2
Clatsop,105 - Svensen,U.S. House,1,R,Write-ins,1
Clatsop,106 - Knappa,U.S. House,1,R,Write-ins,1
Clatsop,107 - Westport/Hillcrest,U.S. House,1,R,Write-ins,0
Clatsop,108 - Jewell,U.S. House,1,R,Write-ins,1
Clatsop,109 - Olney,U.S. House,1,R,Write-ins,0
Clatsop,110 - Stanley Acres,U.S. House,1,R,Write-ins,1
Clatsop,111 - Lewis and Clark/Chadwell,U.S. House,1,R,Write-ins,3
Clatsop,112 - Warrenton East,U.S. House,1,R,Write-ins,0
Clatsop,113 - Warrenton West,U.S. House,1,R,Write-ins,5
Clatsop,114 - Clatsop Plains North,U.S. House,1,R,Write-ins,1
Clatsop,115 - Clatsop Plains South,U.S. House,1,R,Write-ins,1
Clatsop,116 - Gearhart,U.S. House,1,R,Write-ins,4
Clatsop,117 - Seaside North,U.S. House,1,R,Write-ins,0
Clatsop,118 - Seaside West,U.S. House,1,R,Write-ins,2
Clatsop,119 - Seaside East,U.S. House,1,R,Write-ins,3
Clatsop,120 - Seaside South,U.S. House,1,R,Write-ins,1
Clatsop,121 - Necanicum,U.S. House,1,R,Write-ins,0
Clatsop,122 - Arch Cape,U.S. House,1,R,Write-ins,0
Clatsop,123 - Cannon Beach,U.S. House,1,R,Write-ins,0
Clatsop,124 - Hamlet,U.S. House,1,R,Write-ins,0
Clatsop,125 - Elsie,U.S. House,1,R,Write-ins,0
Clatsop,101 - Astoria West,U.S. Senate,,D,Jeff Merkley,853
Clatsop,102 - Astoria East,U.S. Senate,,D,Jeff Merkley,543
Clatsop,103 - John Day/Walluski,U.S. Senate,,D,Jeff Merkley,132
Clatsop,104 - Astoria South,U.S. Senate,,D,Jeff Merkley,245
Clatsop,105 - Svensen,U.S. Senate,,D,Jeff Merkley,160
Clatsop,106 - Knappa,U.S. Senate,,D,Jeff Merkley,186
Clatsop,107 - Westport/Hillcrest,U.S. Senate,,D,Jeff Merkley,40
Clatsop,108 - Jewell,U.S. Senate,,D,Jeff Merkley,54
Clatsop,109 - Olney,U.S. Senate,,D,Jeff Merkley,44
Clatsop,110 - Stanley Acres,U.S. Senate,,D,Jeff Merkley,21
Clatsop,111 - Lewis and Clark/Chadwell,U.S. Senate,,D,Jeff Merkley,221
Clatsop,112 - Warrenton East,U.S. Senate,,D,Jeff Merkley,141
Clatsop,113 - Warrenton West,U.S. Senate,,D,Jeff Merkley,331
Clatsop,114 - Clatsop Plains North,U.S. Senate,,D,Jeff Merkley,133
Clatsop,115 - Clatsop Plains South,U.S. Senate,,D,Jeff Merkley,268
Clatsop,116 - Gearhart,U.S. Senate,,D,Jeff Merkley,355
Clatsop,117 - Seaside North,U.S. Senate,,D,Jeff Merkley,113
Clatsop,118 - Seaside West,U.S. Senate,,D,Jeff Merkley,128
Clatsop,119 - Seaside East,U.S. Senate,,D,Jeff Merkley,188
Clatsop,120 - Seaside South,U.S. Senate,,D,Jeff Merkley,251
Clatsop,121 - Necanicum,U.S. Senate,,D,Jeff Merkley,40
Clatsop,122 - Arch Cape,U.S. Senate,,D,Jeff Merkley,74
Clatsop,123 - Cannon Beach,U.S. Senate,,D,Jeff Merkley,286
Clatsop,124 - Hamlet,U.S. Senate,,D,Jeff Merkley,58
Clatsop,125 - Elsie,U.S. Senate,,D,Jeff Merkley,52
Clatsop,101 - Astoria West,U.S. Senate,,D,Over Votes,0
Clatsop,102 - Astoria East,U.S. Senate,,D,Over Votes,0
Clatsop,103 - John Day/Walluski,U.S. Senate,,D,Over Votes,0
Clatsop,104 - Astoria South,U.S. Senate,,D,Over Votes,0
Clatsop,105 - Svensen,U.S. Senate,,D,Over Votes,0
Clatsop,106 - Knappa,U.S. Senate,,D,Over Votes,0
Clatsop,107 - Westport/Hillcrest,U.S. Senate,,D,Over Votes,0
Clatsop,108 - Jewell,U.S. Senate,,D,Over Votes,0
Clatsop,109 - Olney,U.S. Senate,,D,Over Votes,0
Clatsop,110 - Stanley Acres,U.S. Senate,,D,Over Votes,0
Clatsop,111 - Lewis and Clark/Chadwell,U.S. Senate,,D,Over Votes,0
Clatsop,112 - Warrenton East,U.S. Senate,,D,Over Votes,0
Clatsop,113 - Warrenton West,U.S. Senate,,D,Over Votes,0
Clatsop,114 - Clatsop Plains North,U.S. Senate,,D,Over Votes,0
Clatsop,115 - Clatsop Plains South,U.S. Senate,,D,Over Votes,0
Clatsop,116 - Gearhart,U.S. Senate,,D,Over Votes,0
Clatsop,117 - Seaside North,U.S. Senate,,D,Over Votes,0
Clatsop,118 - Seaside West,U.S. Senate,,D,Over Votes,0
Clatsop,119 - Seaside East,U.S. Senate,,D,Over Votes,0
Clatsop,120 - Seaside South,U.S. Senate,,D,Over Votes,0
Clatsop,121 - Necanicum,U.S. Senate,,D,Over Votes,0
Clatsop,122 - Arch Cape,U.S. Senate,,D,Over Votes,0
Clatsop,123 - Cannon Beach,U.S. Senate,,D,Over Votes,0
Clatsop,124 - Hamlet,U.S. Senate,,D,Over Votes,0
Clatsop,125 - Elsie,U.S. Senate,,D,Over Votes,0
Clatsop,101 - Astoria West,U.S. Senate,,D,Paul Damian Wells,44
Clatsop,102 - Astoria East,U.S. Senate,,D,Paul Damian Wells,29
Clatsop,103 - John Day/Walluski,U.S. Senate,,D,Paul Damian Wells,18
Clatsop,104 - Astoria South,U.S. Senate,,D,Paul Damian Wells,14
Clatsop,105 - Svensen,U.S. Senate,,D,Paul Damian Wells,25
Clatsop,106 - Knappa,U.S. Senate,,D,Paul Damian Wells,13
Clatsop,107 - Westport/Hillcrest,U.S. Senate,,D,Paul Damian Wells,11
Clatsop,108 - Jewell,U.S. Senate,,D,Paul Damian Wells,10
Clatsop,109 - Olney,U.S. Senate,,D,Paul Damian Wells,7
Clatsop,110 - Stanley Acres,U.S. Senate,,D,Paul Damian Wells,4
Clatsop,111 - Lewis and Clark/Chadwell,U.S. Senate,,D,Paul Damian Wells,19
Clatsop,112 - Warrenton East,U.S. Senate,,D,Paul Damian Wells,12
Clatsop,113 - Warrenton West,U.S. Senate,,D,Paul Damian Wells,37
Clatsop,114 - Clatsop Plains North,U.S. Senate,,D,Paul Damian Wells,15
Clatsop,115 - Clatsop Plains South,U.S. Senate,,D,Paul Damian Wells,16
Clatsop,116 - Gearhart,U.S. Senate,,D,Paul Damian Wells,15
Clatsop,117 - Seaside North,U.S. Senate,,D,Paul Damian Wells,13
Clatsop,118 - Seaside West,U.S. Senate,,D,Paul Damian Wells,5
Clatsop,119 - Seaside East,U.S. Senate,,D,Paul Damian Wells,12
Clatsop,120 - Seaside South,U.S. Senate,,D,Paul Damian Wells,22
Clatsop,121 - Necanicum,U.S. Senate,,D,Paul Damian Wells,7
Clatsop,122 - Arch Cape,U.S. Senate,,D,Paul Damian Wells,5
Clatsop,123 - Cannon Beach,U.S. Senate,,D,Paul Damian Wells,7
Clatsop,124 - Hamlet,U.S. Senate,,D,Paul Damian Wells,2
Clatsop,125 - Elsie,U.S. Senate,,D,Paul Damian Wells,5
Clatsop,101 - Astoria West,U.S. Senate,,D,Under Votes,29
Clatsop,102 - Astoria East,U.S. Senate,,D,Under Votes,14
Clatsop,103 - John Day/Walluski,U.S. Senate,,D,Under Votes,7
Clatsop,104 - Astoria South,U.S. Senate,,D,Under Votes,7
Clatsop,105 - Svensen,U.S. Senate,,D,Under Votes,11
Clatsop,106 - Knappa,U.S. Senate,,D,Under Votes,6
Clatsop,107 - Westport/Hillcrest,U.S. Senate,,D,Under Votes,1
Clatsop,108 - Jewell,U.S. Senate,,D,Under Votes,5
Clatsop,109 - Olney,U.S. Senate,,D,Under Votes,2
Clatsop,110 - Stanley Acres,U.S. Senate,,D,Under Votes,3
Clatsop,111 - Lewis and Clark/Chadwell,U.S. Senate,,D,Under Votes,9
Clatsop,112 - Warrenton East,U.S. Senate,,D,Under Votes,7
Clatsop,113 - Warrenton West,U.S. Senate,,D,Under Votes,11
Clatsop,114 - Clatsop Plains North,U.S. Senate,,D,Under Votes,4
Clatsop,115 - Clatsop Plains South,U.S. Senate,,D,Under Votes,10
Clatsop,116 - Gearhart,U.S. Senate,,D,Under Votes,16
Clatsop,117 - Seaside North,U.S. Senate,,D,Under Votes,6
Clatsop,118 - Seaside West,U.S. Senate,,D,Under Votes,3
Clatsop,119 - Seaside East,U.S. Senate,,D,Under Votes,8
Clatsop,120 - Seaside South,U.S. Senate,,D,Under Votes,7
Clatsop,121 - Necanicum,U.S. Senate,,D,Under Votes,3
Clatsop,122 - Arch Cape,U.S. Senate,,D,Under Votes,3
Clatsop,123 - Cannon Beach,U.S. Senate,,D,Under Votes,12
Clatsop,124 - Hamlet,U.S. Senate,,D,Under Votes,1
Clatsop,125 - Elsie,U.S. Senate,,D,Under Votes,0
Clatsop,101 - Astoria West,U.S. Senate,,D,Write-ins,5
Clatsop,102 - Astoria East,U.S. Senate,,D,Write-ins,2
Clatsop,103 - John Day/Walluski,U.S. Senate,,D,Write-ins,1
Clatsop,104 - Astoria South,U.S. Senate,,D,Write-ins,1
Clatsop,105 - Svensen,U.S. Senate,,D,Write-ins,2
Clatsop,106 - Knappa,U.S. Senate,,D,Write-ins,1
Clatsop,107 - Westport/Hillcrest,U.S. Senate,,D,Write-ins,0
Clatsop,108 - Jewell,U.S. Senate,,D,Write-ins,1
Clatsop,109 - Olney,U.S. Senate,,D,Write-ins,2
Clatsop,110 - Stanley Acres,U.S. Senate,,D,Write-ins,0
Clatsop,111 - Lewis and Clark/Chadwell,U.S. Senate,,D,Write-ins,2
Clatsop,112 - Warrenton East,U.S. Senate,,D,Write-ins,0
Clatsop,113 - Warrenton West,U.S. Senate,,D,Write-ins,2
Clatsop,114 - Clatsop Plains North,U.S. Senate,,D,Write-ins,1
Clatsop,115 - Clatsop Plains South,U.S. Senate,,D,Write-ins,0
Clatsop,116 - Gearhart,U.S. Senate,,D,Write-ins,1
Clatsop,117 - Seaside North,U.S. Senate,,D,Write-ins,0
Clatsop,118 - Seaside West,U.S. Senate,,D,Write-ins,1
Clatsop,119 - Seaside East,U.S. Senate,,D,Write-ins,3
Clatsop,120 - Seaside South,U.S. Senate,,D,Write-ins,3
Clatsop,121 - Necanicum,U.S. Senate,,D,Write-ins,1
Clatsop,122 - Arch Cape,U.S. Senate,,D,Write-ins,0
Clatsop,123 - Cannon Beach,U.S. Senate,,D,Write-ins,0
Clatsop,124 - Hamlet,U.S. Senate,,D,Write-ins,1
Clatsop,125 - Elsie,U.S. Senate,,D,Write-ins,1
Clatsop,101 - Astoria West,U.S. Senate,,R,Brent Barker,65
Clatsop,102 - Astoria East,U.S. Senate,,R,Brent Barker,36
Clatsop,103 - John Day/Walluski,U.S. Senate,,R,Brent Barker,41
Clatsop,104 - Astoria South,U.S. Senate,,R,Brent Barker,19
Clatsop,105 - Svensen,U.S. Senate,,R,Brent Barker,37
Clatsop,106 - Knappa,U.S. Senate,,R,Brent Barker,48
Clatsop,107 - Westport/Hillcrest,U.S. Senate,,R,Brent Barker,14
Clatsop,108 - Jewell,U.S. Senate,,R,Brent Barker,18
Clatsop,109 - Olney,U.S. Senate,,R,Brent Barker,24
Clatsop,110 - Stanley Acres,U.S. Senate,,R,Brent Barker,17
Clatsop,111 - Lewis and Clark/Chadwell,U.S. Senate,,R,Brent Barker,59
Clatsop,112 - Warrenton East,U.S. Senate,,R,Brent Barker,21
Clatsop,113 - Warrenton West,U.S. Senate,,R,Brent Barker,104
Clatsop,114 - Clatsop Plains North,U.S. Senate,,R,Brent Barker,34
Clatsop,115 - Clatsop Plains South,U.S. Senate,,R,Brent Barker,68
Clatsop,116 - Gearhart,U.S. Senate,,R,Brent Barker,68
Clatsop,117 - Seaside North,U.S. Senate,,R,Brent Barker,19
Clatsop,118 - Seaside West,U.S. Senate,,R,Brent Barker,11
Clatsop,119 - Seaside East,U.S. Senate,,R,Brent Barker,31
Clatsop,120 - Seaside South,U.S. Senate,,R,Brent Barker,40
Clatsop,121 - Necanicum,U.S. Senate,,R,Brent Barker,20
Clatsop,122 - Arch Cape,U.S. Senate,,R,Brent Barker,7
Clatsop,123 - Cannon Beach,U.S. Senate,,R,Brent Barker,33
Clatsop,124 - Hamlet,U.S. Senate,,R,Brent Barker,14
Clatsop,125 - Elsie,U.S. Senate,,R,Brent Barker,17
Clatsop,101 - Astoria West,U.S. Senate,,R,David A. Burch,5
Clatsop,102 - Astoria East,U.S. Senate,,R,David A. Burch,2
Clatsop,103 - John Day/Walluski,U.S. Senate,,R,David A. Burch,4
Clatsop,104 - Astoria South,U.S. Senate,,R,David A. Burch,1
Clatsop,105 - Svensen,U.S. Senate,,R,David A. Burch,4
Clatsop,106 - Knappa,U.S. Senate,,R,David A. Burch,6
Clatsop,107 - Westport/Hillcrest,U.S. Senate,,R,David A. Burch,3
Clatsop,108 - Jewell,U.S. Senate,,R,David A. Burch,1
Clatsop,109 - Olney,U.S. Senate,,R,David A. Burch,1
Clatsop,110 - Stanley Acres,U.S. Senate,,R,David A. Burch,1
Clatsop,111 - Lewis and Clark/Chadwell,U.S. Senate,,R,David A. Burch,9
Clatsop,112 - Warrenton East,U.S. Senate,,R,David A. Burch,1
Clatsop,113 - Warrenton West,U.S. Senate,,R,David A. Burch,8
Clatsop,114 - Clatsop Plains North,U.S. Senate,,R,David A. Burch,3
Clatsop,115 - Clatsop Plains South,U.S. Senate,,R,David A. Burch,5
Clatsop,116 - Gearhart,U.S. Senate,,R,David A. Burch,4
Clatsop,117 - Seaside North,U.S. Senate,,R,David A. Burch,3
Clatsop,118 - Seaside West,U.S. Senate,,R,David A. Burch,2
Clatsop,119 - Seaside East,U.S. Senate,,R,David A. Burch,2
Clatsop,120 - Seaside South,U.S. Senate,,R,David A. Burch,7
Clatsop,121 - Necanicum,U.S. Senate,,R,David A. Burch,1
Clatsop,122 - Arch Cape,U.S. Senate,,R,David A. Burch,0
Clatsop,123 - Cannon Beach,U.S. Senate,,R,David A. Burch,3
Clatsop,124 - Hamlet,U.S. Senate,,R,David A. Burch,0
Clatsop,125 - Elsie,U.S. Senate,,R,David A. Burch,0
Clatsop,101 - Astoria West,U.S. Senate,,R,David Brock Smith,62
Clatsop,102 - Astoria East,U.S. Senate,,R,David Brock Smith,56
Clatsop,103 - John Day/Walluski,U.S. Senate,,R,David Brock Smith,38
Clatsop,104 - Astoria South,U.S. Senate,,R,David Brock Smith,27
Clatsop,105 - Svensen,U.S. Senate,,R,David Brock Smith,93
Clatsop,106 - Knappa,U.S. Senate,,R,David Brock Smith,76
Clatsop,107 - Westport/Hillcrest,U.S. Senate,,R,David Brock Smith,14
Clatsop,108 - Jewell,U.S. Senate,,R,David Brock Smith,22
Clatsop,109 - Olney,U.S. Senate,,R,David Brock Smith,39
Clatsop,110 - Stanley Acres,U.S. Senate,,R,David Brock Smith,12
Clatsop,111 - Lewis and Clark/Chadwell,U.S. Senate,,R,David Brock Smith,99
Clatsop,112 - Warrenton East,U.S. Senate,,R,David Brock Smith,33
Clatsop,113 - Warrenton West,U.S. Senate,,R,David Brock Smith,109
Clatsop,114 - Clatsop Plains North,U.S. Senate,,R,David Brock Smith,47
Clatsop,115 - Clatsop Plains South,U.S. Senate,,R,David Brock Smith,62
Clatsop,116 - Gearhart,U.S. Senate,,R,David Brock Smith,69
Clatsop,117 - Seaside North,U.S. Senate,,R,David Brock Smith,18
Clatsop,118 - Seaside West,U.S. Senate,,R,David Brock Smith,15
Clatsop,119 - Seaside East,U.S. Senate,,R,David Brock Smith,41
Clatsop,120 - Seaside South,U.S. Senate,,R,David Brock Smith,42
Clatsop,121 - Necanicum,U.S. Senate,,R,David Brock Smith,10
Clatsop,122 - Arch Cape,U.S. Senate,,R,David Brock Smith,7
Clatsop,123 - Cannon Beach,U.S. Senate,,R,David Brock Smith,26
Clatsop,124 - Hamlet,U.S. Senate,,R,David Brock Smith,14
Clatsop,125 - Elsie,U.S. Senate,,R,David Brock Smith,17
Clatsop,101 - Astoria West,U.S. Senate,,R,Deborah C. Brown,12
Clatsop,102 - Astoria East,U.S. Senate,,R,Deborah C. Brown,14
Clatsop,103 - John Day/Walluski,U.S. Senate,,R,Deborah C. Brown,8
Clatsop,104 - Astoria South,U.S. Senate,,R,Deborah C. Brown,5
Clatsop,105 - Svensen,U.S. Senate,,R,Deborah C. Brown,11
Clatsop,106 - Knappa,U.S. Senate,,R,Deborah C. Brown,14
Clatsop,107 - Westport/Hillcrest,U.S. Senate,,R,Deborah C. Brown,7
Clatsop,108 - Jewell,U.S. Senate,,R,Deborah C. Brown,3
Clatsop,109 - Olney,U.S. Senate,,R,Deborah C. Brown,3
Clatsop,110 - Stanley Acres,U.S. Senate,,R,Deborah C. Brown,3
Clatsop,111 - Lewis and Clark/Chadwell,U.S. Senate,,R,Deborah C. Brown,10
Clatsop,112 - Warrenton East,U.S. Senate,,R,Deborah C. Brown,6
Clatsop,113 - Warrenton West,U.S. Senate,,R,Deborah C. Brown,18
Clatsop,114 - Clatsop Plains North,U.S. Senate,,R,Deborah C. Brown,7
Clatsop,115 - Clatsop Plains South,U.S. Senate,,R,Deborah C. Brown,12
Clatsop,116 - Gearhart,U.S. Senate,,R,Deborah C. Brown,12
Clatsop,117 - Seaside North,U.S. Senate,,R,Deborah C. Brown,4
Clatsop,118 - Seaside West,U.S. Senate,,R,Deborah C. Brown,2
Clatsop,119 - Seaside East,U.S. Senate,,R,Deborah C. Brown,9
Clatsop,120 - Seaside South,U.S. Senate,,R,Deborah C. Brown,4
Clatsop,121 - Necanicum,U.S. Senate,,R,Deborah C. Brown,3
Clatsop,122 - Arch Cape,U.S. Senate,,R,Deborah C. Brown,0
Clatsop,123 - Cannon Beach,U.S. Senate,,R,Deborah C. Brown,8
Clatsop,124 - Hamlet,U.S. Senate,,R,Deborah C. Brown,1
Clatsop,125 - Elsie,U.S. Senate,,R,Deborah C. Brown,5
Clatsop,101 - Astoria West,U.S. Senate,,R,Jo Rae Perkins,56
Clatsop,102 - Astoria East,U.S. Senate,,R,Jo Rae Perkins,63
Clatsop,103 - John Day/Walluski,U.S. Senate,,R,Jo Rae Perkins,34
Clatsop,104 - Astoria South,U.S. Senate,,R,Jo Rae Perkins,18
Clatsop,105 - Svensen,U.S. Senate,,R,Jo Rae Perkins,67
Clatsop,106 - Knappa,U.S. Senate,,R,Jo Rae Perkins,60
Clatsop,107 - Westport/Hillcrest,U.S. Senate,,R,Jo Rae Perkins,34
Clatsop,108 - Jewell,U.S. Senate,,R,Jo Rae Perkins,29
Clatsop,109 - Olney,U.S. Senate,,R,Jo Rae Perkins,34
Clatsop,110 - Stanley Acres,U.S. Senate,,R,Jo Rae Perkins,13
Clatsop,111 - Lewis and Clark/Chadwell,U.S. Senate,,R,Jo Rae Perkins,89
Clatsop,112 - Warrenton East,U.S. Senate,,R,Jo Rae Perkins,35
Clatsop,113 - Warrenton West,U.S. Senate,,R,Jo Rae Perkins,161
Clatsop,114 - Clatsop Plains North,U.S. Senate,,R,Jo Rae Perkins,47
Clatsop,115 - Clatsop Plains South,U.S. Senate,,R,Jo Rae Perkins,85
Clatsop,116 - Gearhart,U.S. Senate,,R,Jo Rae Perkins,60
Clatsop,117 - Seaside North,U.S. Senate,,R,Jo Rae Perkins,23
Clatsop,118 - Seaside West,U.S. Senate,,R,Jo Rae Perkins,22
Clatsop,119 - Seaside East,U.S. Senate,,R,Jo Rae Perkins,31
Clatsop,120 - Seaside South,U.S. Senate,,R,Jo Rae Perkins,46
Clatsop,121 - Necanicum,U.S. Senate,,R,Jo Rae Perkins,14
Clatsop,122 - Arch Cape,U.S. Senate,,R,Jo Rae Perkins,10
Clatsop,123 - Cannon Beach,U.S. Senate,,R,Jo Rae Perkins,29
Clatsop,124 - Hamlet,U.S. Senate,,R,Jo Rae Perkins,11
Clatsop,125 - Elsie,U.S. Senate,,R,Jo Rae Perkins,8
Clatsop,101 - Astoria West,U.S. Senate,,R,Over Votes,0
Clatsop,102 - Astoria East,U.S. Senate,,R,Over Votes,0
Clatsop,103 - John Day/Walluski,U.S. Senate,,R,Over Votes,0
Clatsop,104 - Astoria South,U.S. Senate,,R,Over Votes,0
Clatsop,105 - Svensen,U.S. Senate,,R,Over Votes,0
Clatsop,106 - Knappa,U.S. Senate,,R,Over Votes,1
Clatsop,107 - Westport/Hillcrest,U.S. Senate,,R,Over Votes,0
Clatsop,108 - Jewell,U.S. Senate,,R,Over Votes,0
Clatsop,109 - Olney,U.S. Senate,,R,Over Votes,0
Clatsop,110 - Stanley Acres,U.S. Senate,,R,Over Votes,0
Clatsop,111 - Lewis and Clark/Chadwell,U.S. Senate,,R,Over Votes,0
Clatsop,112 - Warrenton East,U.S. Senate,,R,Over Votes,1
Clatsop,113 - Warrenton West,U.S. Senate,,R,Over Votes,0
Clatsop,114 - Clatsop Plains North,U.S. Senate,,R,Over Votes,0
Clatsop,115 - Clatsop Plains South,U.S. Senate,,R,Over Votes,0
Clatsop,116 - Gearhart,U.S. Senate,,R,Over Votes,1
Clatsop,117 - Seaside North,U.S. Senate,,R,Over Votes,0
Clatsop,118 - Seaside West,U.S. Senate,,R,Over Votes,0
Clatsop,119 - Seaside East,U.S. Senate,,R,Over Votes,0
Clatsop,120 - Seaside South,U.S. Senate,,R,Over Votes,0
Clatsop,121 - Necanicum,U.S. Senate,,R,Over Votes,0
Clatsop,122 - Arch Cape,U.S. Senate,,R,Over Votes,0
Clatsop,123 - Cannon Beach,U.S. Senate,,R,Over Votes,0
Clatsop,124 - Hamlet,U.S. Senate,,R,Over Votes,1
Clatsop,125 - Elsie,U.S. Senate,,R,Over Votes,0
Clatsop,101 - Astoria West,U.S. Senate,,R,Russell McAlmond,20
Clatsop,102 - Astoria East,U.S. Senate,,R,Russell McAlmond,19
Clatsop,103 - John Day/Walluski,U.S. Senate,,R,Russell McAlmond,14
Clatsop,104 - Astoria South,U.S. Senate,,R,Russell McAlmond,10
Clatsop,105 - Svensen,U.S. Senate,,R,Russell McAlmond,17
Clatsop,106 - Knappa,U.S. Senate,,R,Russell McAlmond,21
Clatsop,107 - Westport/Hillcrest,U.S. Senate,,R,Russell McAlmond,9
Clatsop,108 - Jewell,U.S. Senate,,R,Russell McAlmond,10
Clatsop,109 - Olney,U.S. Senate,,R,Russell McAlmond,13
Clatsop,110 - Stanley Acres,U.S. Senate,,R,Russell McAlmond,4
Clatsop,111 - Lewis and Clark/Chadwell,U.S. Senate,,R,Russell McAlmond,28
Clatsop,112 - Warrenton East,U.S. Senate,,R,Russell McAlmond,9
Clatsop,113 - Warrenton West,U.S. Senate,,R,Russell McAlmond,47
Clatsop,114 - Clatsop Plains North,U.S. Senate,,R,Russell McAlmond,14
Clatsop,115 - Clatsop Plains South,U.S. Senate,,R,Russell McAlmond,25
Clatsop,116 - Gearhart,U.S. Senate,,R,Russell McAlmond,22
Clatsop,117 - Seaside North,U.S. Senate,,R,Russell McAlmond,2
Clatsop,118 - Seaside West,U.S. Senate,,R,Russell McAlmond,11
Clatsop,119 - Seaside East,U.S. Senate,,R,Russell McAlmond,22
Clatsop,120 - Seaside South,U.S. Senate,,R,Russell McAlmond,23
Clatsop,121 - Necanicum,U.S. Senate,,R,Russell McAlmond,6
Clatsop,122 - Arch Cape,U.S. Senate,,R,Russell McAlmond,1
Clatsop,123 - Cannon Beach,U.S. Senate,,R,Russell McAlmond,4
Clatsop,124 - Hamlet,U.S. Senate,,R,Russell McAlmond,11
Clatsop,125 - Elsie,U.S. Senate,,R,Russell McAlmond,5
Clatsop,101 - Astoria West,U.S. Senate,,R,Timothy Skelton,1
Clatsop,102 - Astoria East,U.S. Senate,,R,Timothy Skelton,1
Clatsop,103 - John Day/Walluski,U.S. Senate,,R,Timothy Skelton,3
Clatsop,104 - Astoria South,U.S. Senate,,R,Timothy Skelton,0
Clatsop,105 - Svensen,U.S. Senate,,R,Timothy Skelton,2
Clatsop,106 - Knappa,U.S. Senate,,R,Timothy Skelton,2
Clatsop,107 - Westport/Hillcrest,U.S. Senate,,R,Timothy Skelton,1
Clatsop,108 - Jewell,U.S. Senate,,R,Timothy Skelton,1
Clatsop,109 - Olney,U.S. Senate,,R,Timothy Skelton,4
Clatsop,110 - Stanley Acres,U.S. Senate,,R,Timothy Skelton,2
Clatsop,111 - Lewis and Clark/Chadwell,U.S. Senate,,R,Timothy Skelton,1
Clatsop,112 - Warrenton East,U.S. Senate,,R,Timothy Skelton,2
Clatsop,113 - Warrenton West,U.S. Senate,,R,Timothy Skelton,4
Clatsop,114 - Clatsop Plains North,U.S. Senate,,R,Timothy Skelton,1
Clatsop,115 - Clatsop Plains South,U.S. Senate,,R,Timothy Skelton,0
Clatsop,116 - Gearhart,U.S. Senate,,R,Timothy Skelton,2
Clatsop,117 - Seaside North,U.S. Senate,,R,Timothy Skelton,0
Clatsop,118 - Seaside West,U.S. Senate,,R,Timothy Skelton,2
Clatsop,119 - Seaside East,U.S. Senate,,R,Timothy Skelton,2
Clatsop,120 - Seaside South,U.S. Senate,,R,Timothy Skelton,2
Clatsop,121 - Necanicum,U.S. Senate,,R,Timothy Skelton,0
Clatsop,122 - Arch Cape,U.S. Senate,,R,Timothy Skelton,1
Clatsop,123 - Cannon Beach,U.S. Senate,,R,Timothy Skelton,1
Clatsop,124 - Hamlet,U.S. Senate,,R,Timothy Skelton,0
Clatsop,125 - Elsie,U.S. Senate,,R,Timothy Skelton,0
Clatsop,101 - Astoria West,U.S. Senate,,R,Under Votes,44
Clatsop,102 - Astoria East,U.S. Senate,,R,Under Votes,23
Clatsop,103 - John Day/Walluski,U.S. Senate,,R,Under Votes,30
Clatsop,104 - Astoria South,U.S. Senate,,R,Under Votes,17
Clatsop,105 - Svensen,U.S. Senate,,R,Under Votes,55
Clatsop,106 - Knappa,U.S. Senate,,R,Under Votes,65
Clatsop,107 - Westport/Hillcrest,U.S. Senate,,R,Under Votes,10
Clatsop,108 - Jewell,U.S. Senate,,R,Under Votes,15
Clatsop,109 - Olney,U.S. Senate,,R,Under Votes,22
Clatsop,110 - Stanley Acres,U.S. Senate,,R,Under Votes,7
Clatsop,111 - Lewis and Clark/Chadwell,U.S. Senate,,R,Under Votes,68
Clatsop,112 - Warrenton East,U.S. Senate,,R,Under Votes,19
Clatsop,113 - Warrenton West,U.S. Senate,,R,Under Votes,63
Clatsop,114 - Clatsop Plains North,U.S. Senate,,R,Under Votes,29
Clatsop,115 - Clatsop Plains South,U.S. Senate,,R,Under Votes,59
Clatsop,116 - Gearhart,U.S. Senate,,R,Under Votes,48
Clatsop,117 - Seaside North,U.S. Senate,,R,Under Votes,12
Clatsop,118 - Seaside West,U.S. Senate,,R,Under Votes,13
Clatsop,119 - Seaside East,U.S. Senate,,R,Under Votes,26
Clatsop,120 - Seaside South,U.S. Senate,,R,Under Votes,29
Clatsop,121 - Necanicum,U.S. Senate,,R,Under Votes,12
Clatsop,122 - Arch Cape,U.S. Senate,,R,Under Votes,3
Clatsop,123 - Cannon Beach,U.S. Senate,,R,Under Votes,16
Clatsop,124 - Hamlet,U.S. Senate,,R,Under Votes,5
Clatsop,125 - Elsie,U.S. Senate,,R,Under Votes,11
Clatsop,101 - Astoria West,U.S. Senate,,R,Write-ins,0
Clatsop,102 - Astoria East,U.S. Senate,,R,Write-ins,4
Clatsop,103 - John Day/Walluski,U.S. Senate,,R,Write-ins,0
Clatsop,104 - Astoria South,U.S. Senate,,R,Write-ins,2
Clatsop,105 - Svensen,U.S. Senate,,R,Write-ins,0
Clatsop,106 - Knappa,U.S. Senate,,R,Write-ins,1
Clatsop,107 - Westport/Hillcrest,U.S. Senate,,R,Write-ins,0
Clatsop,108 - Jewell,U.S. Senate,,R,Write-ins,2
Clatsop,109 - Olney,U.S. Senate,,R,Write-ins,0
Clatsop,110 - Stanley Acres,U.S. Senate,,R,Write-ins,2
Clatsop,111 - Lewis and Clark/Chadwell,U.S. Senate,,R,Write-ins,3
Clatsop,112 - Warrenton East,U.S. Senate,,R,Write-ins,1
Clatsop,113 - Warrenton West,U.S. Senate,,R,Write-ins,6
Clatsop,114 - Clatsop Plains North,U.S. Senate,,R,Write-ins,1
Clatsop,115 - Clatsop Plains South,U.S. Senate,,R,Write-ins,1
Clatsop,116 - Gearhart,U.S. Senate,,R,Write-ins,5
Clatsop,117 - Seaside North,U.S. Senate,,R,Write-ins,0
Clatsop,118 - Seaside West,U.S. Senate,,R,Write-ins,2
Clatsop,119 - Seaside East,U.S. Senate,,R,Write-ins,2
Clatsop,120 - Seaside South,U.S. Senate,,R,Write-ins,2
Clatsop,121 - Necanicum,U.S. Senate,,R,Write-ins,0
Clatsop,122 - Arch Cape,U.S. Senate,,R,Write-ins,0
Clatsop,123 - Cannon Beach,U.S. Senate,,R,Write-ins,0
Clatsop,124 - Hamlet,U.S. Senate,,R,Write-ins,1
Clatsop,125 - Elsie,U.S. Senate,,R,Write-ins,0
