county,precinct,office,district,party,candidate,votes
Benton,01,Ballots Cast,,,Ballots Cast,1477
Benton,02,Ballots Cast,,,Ballots Cast,386
Benton,03,Ballots Cast,,,Ballots Cast,1108
Benton,04,Ballots Cast,,,Ballots Cast,290
Benton,05,Ballots Cast,,,Ballots Cast,594
Benton,06,Ballots Cast,,,Ballots Cast,1058
Benton,07,Ballots Cast,,,Ballots Cast,1516
Benton,08,Ballots Cast,,,Ballots Cast,1716
Benton,09,Ballots Cast,,,Ballots Cast,972
Benton,10,Ballots Cast,,,Ballots Cast,804
Benton,11,Ballots Cast,,,Ballots Cast,1428
Benton,12,Ballots Cast,,,Ballots Cast,152
Benton,13,Ballots Cast,,,Ballots Cast,64
Benton,14,Ballots Cast,,,Ballots Cast,88
Benton,15,Ballots Cast,,,Ballots Cast,710
Benton,16,Ballots Cast,,,Ballots Cast,1776
Benton,17,Ballots Cast,,,Ballots Cast,18
Benton,18,Ballots Cast,,,Ballots Cast,290
Benton,01,Registered Voters,,,Registered Voters,4963
Benton,02,Registered Voters,,,Registered Voters,2117
Benton,03,Registered Voters,,,Registered Voters,4371
Benton,04,Registered Voters,,,Registered Voters,1232
Benton,05,Registered Voters,,,Registered Voters,2494
Benton,06,Registered Voters,,,Registered Voters,3843
Benton,07,Registered Voters,,,Registered Voters,4143
Benton,08,Registered Voters,,,Registered Voters,5275
Benton,09,Registered Voters,,,Registered Voters,4091
Benton,10,Registered Voters,,,Registered Voters,4160
Benton,11,Registered Voters,,,Registered Voters,7197
Benton,12,Registered Voters,,,Registered Voters,1008
Benton,13,Registered Voters,,,Registered Voters,522
Benton,14,Registered Voters,,,Registered Voters,789
Benton,15,Registered Voters,,,Registered Voters,3399
Benton,16,Registered Voters,,,Registered Voters,6258
Benton,17,Registered Voters,,,Registered Voters,56
Benton,18,Registered Voters,,,Registered Voters,1749
Benton,19,Registered Voters,,,Registered Voters,1438
Benton,20,Registered Voters,,,Registered Voters,1100
Benton,21,Registered Voters,,,Registered Voters,957
Benton,01,U.S. Senate,,D,Jeff Merkley,1373
Benton,01,U.S. Senate,,D,Paul Damian Wells,66
Benton,01,U.S. Senate,,D,Write-ins,3
Benton,01,U.S. Senate,,D,Under Votes,35
Benton,02,U.S. Senate,,D,Jeff Merkley,354
Benton,02,U.S. Senate,,D,Paul Damian Wells,25
Benton,02,U.S. Senate,,D,Under Votes,7
Benton,03,U.S. Senate,,D,Jeff Merkley,1042
Benton,03,U.S. Senate,,D,Paul Damian Wells,46
Benton,03,U.S. Senate,,D,Write-ins,1
Benton,03,U.S. Senate,,D,Under Votes,19
Benton,04,U.S. Senate,,D,Jeff Merkley,275
Benton,04,U.S. Senate,,D,Paul Damian Wells,10
Benton,04,U.S. Senate,,D,Write-ins,1
Benton,04,U.S. Senate,,D,Under Votes,4
Benton,05,U.S. Senate,,D,Jeff Merkley,553
Benton,05,U.S. Senate,,D,Paul Damian Wells,36
Benton,05,U.S. Senate,,D,Under Votes,5
Benton,06,U.S. Senate,,D,Jeff Merkley,974
Benton,06,U.S. Senate,,D,Paul Damian Wells,59
Benton,06,U.S. Senate,,D,Write-ins,4
Benton,06,U.S. Senate,,D,Over Votes,1
Benton,06,U.S. Senate,,D,Under Votes,20
Benton,07,U.S. Senate,,D,Jeff Merkley,1433
Benton,07,U.S. Senate,,D,Paul Damian Wells,67
Benton,07,U.S. Senate,,D,Under Votes,16
Benton,08,U.S. Senate,,D,Jeff Merkley,1642
Benton,08,U.S. Senate,,D,Paul Damian Wells,56
Benton,08,U.S. Senate,,D,Write-ins,1
Benton,08,U.S. Senate,,D,Under Votes,17
Benton,09,U.S. Senate,,D,Jeff Merkley,875
Benton,09,U.S. Senate,,D,Paul Damian Wells,62
Benton,09,U.S. Senate,,D,Write-ins,3
Benton,09,U.S. Senate,,D,Under Votes,32
Benton,10,U.S. Senate,,D,Jeff Merkley,747
Benton,10,U.S. Senate,,D,Paul Damian Wells,43
Benton,10,U.S. Senate,,D,Write-ins,2
Benton,10,U.S. Senate,,D,Under Votes,12
Benton,11,U.S. Senate,,D,Jeff Merkley,1269
Benton,11,U.S. Senate,,D,Paul Damian Wells,96
Benton,11,U.S. Senate,,D,Write-ins,6
Benton,11,U.S. Senate,,D,Over Votes,1
Benton,11,U.S. Senate,,D,Under Votes,56
Benton,12,U.S. Senate,,D,Jeff Merkley,141
Benton,12,U.S. Senate,,D,Paul Damian Wells,8
Benton,12,U.S. Senate,,D,Under Votes,3
Benton,13,U.S. Senate,,D,Jeff Merkley,56
Benton,13,U.S. Senate,,D,Paul Damian Wells,5
Benton,13,U.S. Senate,,D,Under Votes,3
Benton,14,U.S. Senate,,D,Jeff Merkley,81
Benton,14,U.S. Senate,,D,Paul Damian Wells,5
Benton,14,U.S. Senate,,D,Under Votes,2
Benton,15,U.S. Senate,,D,Jeff Merkley,659
Benton,15,U.S. Senate,,D,Paul Damian Wells,28
Benton,15,U.S. Senate,,D,Write-ins,4
Benton,15,U.S. Senate,,D,Under Votes,19
Benton,16,U.S. Senate,,D,Jeff Merkley,1615
Benton,16,U.S. Senate,,D,Paul Damian Wells,111
Benton,16,U.S. Senate,,D,Write-ins,7
Benton,16,U.S. Senate,,D,Over Votes,2
Benton,16,U.S. Senate,,D,Under Votes,41
Benton,17,U.S. Senate,,D,Jeff Merkley,15
Benton,17,U.S. Senate,,D,Paul Damian Wells,2
Benton,17,U.S. Senate,,D,Under Votes,1
Benton,18,U.S. Senate,,D,Jeff Merkley,241
Benton,18,U.S. Senate,,D,Paul Damian Wells,37
Benton,18,U.S. Senate,,D,Write-ins,2
Benton,18,U.S. Senate,,D,Under Votes,10
Benton,19,U.S. Senate,,D,Jeff Merkley,319
Benton,19,U.S. Senate,,D,Paul Damian Wells,15
Benton,19,U.S. Senate,,D,Write-ins,5
Benton,19,U.S. Senate,,D,Under Votes,14
Benton,20,U.S. Senate,,D,Jeff Merkley,133
Benton,20,U.S. Senate,,D,Paul Damian Wells,23
Benton,20,U.S. Senate,,D,Over Votes,1
Benton,20,U.S. Senate,,D,Under Votes,5
Benton,21,U.S. Senate,,D,Jeff Merkley,89
Benton,21,U.S. Senate,,D,Paul Damian Wells,16
Benton,21,U.S. Senate,,D,Under Votes,2
Benton,01,U.S. House,4,D,Daniel Bahlen,26
Benton,01,U.S. House,4,D,Melissa Bird,403
Benton,01,U.S. House,4,D,Val Hoyle,997
Benton,01,U.S. House,4,D,Write-ins,1
Benton,01,U.S. House,4,D,Over Votes,1
Benton,01,U.S. House,4,D,Under Votes,49
Benton,02,U.S. House,4,D,Daniel Bahlen,6
Benton,02,U.S. House,4,D,Melissa Bird,170
Benton,02,U.S. House,4,D,Val Hoyle,197
Benton,02,U.S. House,4,D,Under Votes,13
Benton,03,U.S. House,4,D,Daniel Bahlen,6
Benton,03,U.S. House,4,D,Melissa Bird,488
Benton,03,U.S. House,4,D,Val Hoyle,584
Benton,03,U.S. House,4,D,Under Votes,30
Benton,04,U.S. House,4,D,Daniel Bahlen,2
Benton,04,U.S. House,4,D,Melissa Bird,97
Benton,04,U.S. House,4,D,Val Hoyle,182
Benton,04,U.S. House,4,D,Under Votes,9
Benton,05,U.S. House,4,D,Daniel Bahlen,2
Benton,05,U.S. House,4,D,Melissa Bird,207
Benton,05,U.S. House,4,D,Val Hoyle,366
Benton,05,U.S. House,4,D,Write-ins,1
Benton,05,U.S. House,4,D,Under Votes,18
Benton,06,U.S. House,4,D,Daniel Bahlen,7
Benton,06,U.S. House,4,D,Melissa Bird,331
Benton,06,U.S. House,4,D,Val Hoyle,679
Benton,06,U.S. House,4,D,Write-ins,4
Benton,06,U.S. House,4,D,Over Votes,1
Benton,06,U.S. House,4,D,Under Votes,36
Benton,07,U.S. House,4,D,Daniel Bahlen,12
Benton,07,U.S. House,4,D,Melissa Bird,412
Benton,07,U.S. House,4,D,Val Hoyle,1036
Benton,07,U.S. House,4,D,Over Votes,4
Benton,07,U.S. House,4,D,Under Votes,52
Benton,08,U.S. House,4,D,Daniel Bahlen,18
Benton,08,U.S. House,4,D,Melissa Bird,323
Benton,08,U.S. House,4,D,Val Hoyle,1322
Benton,08,U.S. House,4,D,Write-ins,2
Benton,08,U.S. House,4,D,Over Votes,1
Benton,08,U.S. House,4,D,Under Votes,50
Benton,09,U.S. House,4,D,Daniel Bahlen,13
Benton,09,U.S. House,4,D,Melissa Bird,257
Benton,09,U.S. House,4,D,Val Hoyle,663
Benton,09,U.S. House,4,D,Write-ins,4
Benton,09,U.S. House,4,D,Under Votes,35
Benton,10,U.S. House,4,D,Daniel Bahlen,8
Benton,10,U.S. House,4,D,Melissa Bird,248
Benton,10,U.S. House,4,D,Val Hoyle,523
Benton,10,U.S. House,4,D,Write-ins,1
Benton,10,U.S. House,4,D,Under Votes,24
Benton,11,U.S. House,4,D,Daniel Bahlen,28
Benton,11,U.S. House,4,D,Melissa Bird,356
Benton,11,U.S. House,4,D,Val Hoyle,970
Benton,11,U.S. House,4,D,Write-ins,8
Benton,11,U.S. House,4,D,Under Votes,66
Benton,12,U.S. House,4,D,Daniel Bahlen,1
Benton,12,U.S. House,4,D,Melissa Bird,46
Benton,12,U.S. House,4,D,Val Hoyle,100
Benton,12,U.S. House,4,D,Under Votes,5
Benton,13,U.S. House,4,D,Daniel Bahlen,0
Benton,13,U.S. House,4,D,Melissa Bird,16
Benton,13,U.S. House,4,D,Val Hoyle,47
Benton,13,U.S. House,4,D,Under Votes,1
Benton,14,U.S. House,4,D,Daniel Bahlen,3
Benton,14,U.S. House,4,D,Melissa Bird,28
Benton,14,U.S. House,4,D,Val Hoyle,52
Benton,14,U.S. House,4,D,Under Votes,5
Benton,15,U.S. House,4,D,Daniel Bahlen,18
Benton,15,U.S. House,4,D,Melissa Bird,144
Benton,15,U.S. House,4,D,Val Hoyle,514
Benton,15,U.S. House,4,D,Write-ins,5
Benton,15,U.S. House,4,D,Over Votes,1
Benton,15,U.S. House,4,D,Under Votes,28
Benton,16,U.S. House,4,D,Daniel Bahlen,22
Benton,16,U.S. House,4,D,Melissa Bird,381
Benton,16,U.S. House,4,D,Val Hoyle,1285
Benton,16,U.S. House,4,D,Write-ins,4
Benton,16,U.S. House,4,D,Under Votes,84
Benton,17,U.S. House,4,D,Daniel Bahlen,0
Benton,17,U.S. House,4,D,Melissa Bird,12
Benton,17,U.S. House,4,D,Val Hoyle,5
Benton,17,U.S. House,4,D,Under Votes,1
Benton,18,U.S. House,4,D,Daniel Bahlen,17
Benton,18,U.S. House,4,D,Melissa Bird,63
Benton,18,U.S. House,4,D,Val Hoyle,193
Benton,18,U.S. House,4,D,Under Votes,17
Benton,19,U.S. House,4,D,Daniel Bahlen,6
Benton,19,U.S. House,4,D,Melissa Bird,89
Benton,19,U.S. House,4,D,Val Hoyle,237
Benton,19,U.S. House,4,D,Write-ins,5
Benton,19,U.S. House,4,D,Under Votes,16
Benton,20,U.S. House,4,D,Daniel Bahlen,12
Benton,20,U.S. House,4,D,Melissa Bird,41
Benton,20,U.S. House,4,D,Val Hoyle,100
Benton,20,U.S. House,4,D,Write-ins,1
Benton,20,U.S. House,4,D,Under Votes,8
Benton,21,U.S. House,4,D,Daniel Bahlen,6
Benton,21,U.S. House,4,D,Melissa Bird,16
Benton,21,U.S. House,4,D,Val Hoyle,80
Benton,21,U.S. House,4,D,Write-ins,1
Benton,21,U.S. House,4,D,Under Votes,4
Benton,01,Governor,,D,Forest (Fora) Alexander,27
Benton,01,Governor,,D,James Atkinson IV,4
Benton,01,Governor,,D,Cal Kishawi,6
Benton,01,Governor,,D,Tina Kotek,1236
Benton,01,Governor,,D,Donnie M Beckwith,2
Benton,01,Governor,,D,David W Beem,11
Benton,01,Governor,,D,Steve William Laible,10
Benton,01,Governor,,D,Brittany Jones,18
Benton,01,Governor,,D,Tristan Sheppard,16
Benton,01,Governor,,D,Miranda Weigler,17
Benton,01,Governor,,D,Write-ins,12
Benton,01,Governor,,D,Over Votes,3
Benton,01,Governor,,D,Under Votes,107
Benton,02,Governor,,D,Forest (Fora) Alexander,23
Benton,02,Governor,,D,James Atkinson IV,3
Benton,02,Governor,,D,Cal Kishawi,1
Benton,02,Governor,,D,Tina Kotek,300
Benton,02,Governor,,D,Donnie M Beckwith,1
Benton,02,Governor,,D,David W Beem,0
Benton,02,Governor,,D,Steve William Laible,2
Benton,02,Governor,,D,Brittany Jones,17
Benton,02,Governor,,D,Tristan Sheppard,3
Benton,02,Governor,,D,Miranda Weigler,4
Benton,02,Governor,,D,Write-ins,2
Benton,02,Governor,,D,Under Votes,28
Benton,03,Governor,,D,Forest (Fora) Alexander,34
Benton,03,Governor,,D,James Atkinson IV,1
Benton,03,Governor,,D,Cal Kishawi,0
Benton,03,Governor,,D,Tina Kotek,919
Benton,03,Governor,,D,Donnie M Beckwith,0
Benton,03,Governor,,D,David W Beem,1
Benton,03,Governor,,D,Steve William Laible,5
Benton,03,Governor,,D,Brittany Jones,29
Benton,03,Governor,,D,Tristan Sheppard,5
Benton,03,Governor,,D,Miranda Weigler,21
Benton,03,Governor,,D,Write-ins,11
Benton,03,Governor,,D,Under Votes,78
Benton,04,Governor,,D,Forest (Fora) Alexander,12
Benton,04,Governor,,D,James Atkinson IV,0
Benton,04,Governor,,D,Cal Kishawi,0
Benton,04,Governor,,D,Tina Kotek,231
Benton,04,Governor,,D,Donnie M Beckwith,0
Benton,04,Governor,,D,David W Beem,0
Benton,04,Governor,,D,Steve William Laible,1
Benton,04,Governor,,D,Brittany Jones,4
Benton,04,Governor,,D,Tristan Sheppard,1
Benton,04,Governor,,D,Miranda Weigler,6
Benton,04,Governor,,D,Write-ins,4
Benton,04,Governor,,D,Under Votes,27
Benton,05,Governor,,D,Forest (Fora) Alexander,14
Benton,05,Governor,,D,James Atkinson IV,1
Benton,05,Governor,,D,Cal Kishawi,3
Benton,05,Governor,,D,Tina Kotek,504
Benton,05,Governor,,D,Donnie M Beckwith,0
Benton,05,Governor,,D,David W Beem,1
Benton,05,Governor,,D,Steve William Laible,1
Benton,05,Governor,,D,Brittany Jones,8
Benton,05,Governor,,D,Tristan Sheppard,3
Benton,05,Governor,,D,Miranda Weigler,14
Benton,05,Governor,,D,Write-ins,3
Benton,05,Governor,,D,Under Votes,40
Benton,06,Governor,,D,Forest (Fora) Alexander,28
Benton,06,Governor,,D,James Atkinson IV,4
Benton,06,Governor,,D,Cal Kishawi,1
Benton,06,Governor,,D,Tina Kotek,865
Benton,06,Governor,,D,Donnie M Beckwith,0
Benton,06,Governor,,D,David W Beem,3
Benton,06,Governor,,D,Steve William Laible,5
Benton,06,Governor,,D,Brittany Jones,17
Benton,06,Governor,,D,Tristan Sheppard,16
Benton,06,Governor,,D,Miranda Weigler,24
Benton,06,Governor,,D,Write-ins,15
Benton,06,Governor,,D,Over Votes,2
Benton,06,Governor,,D,Under Votes,69
Benton,07,Governor,,D,Forest (Fora) Alexander,36
Benton,07,Governor,,D,James Atkinson IV,13
Benton,07,Governor,,D,Cal Kishawi,5
Benton,07,Governor,,D,Tina Kotek,1292
Benton,07,Governor,,D,Donnie M Beckwith,0
Benton,07,Governor,,D,David W Beem,3
Benton,07,Governor,,D,Steve William Laible,4
Benton,07,Governor,,D,Brittany Jones,16
Benton,07,Governor,,D,Tristan Sheppard,8
Benton,07,Governor,,D,Miranda Weigler,20
Benton,07,Governor,,D,Write-ins,11
Benton,07,Governor,,D,Under Votes,97
Benton,08,Governor,,D,Forest (Fora) Alexander,21
Benton,08,Governor,,D,James Atkinson IV,6
Benton,08,Governor,,D,Cal Kishawi,1
Benton,08,Governor,,D,Tina Kotek,1484
Benton,08,Governor,,D,Donnie M Beckwith,3
Benton,08,Governor,,D,David W Beem,7
Benton,08,Governor,,D,Steve William Laible,5
Benton,08,Governor,,D,Brittany Jones,13
Benton,08,Governor,,D,Tristan Sheppard,12
Benton,08,Governor,,D,Miranda Weigler,25
Benton,08,Governor,,D,Write-ins,11
Benton,08,Governor,,D,Under Votes,119
Benton,09,Governor,,D,Forest (Fora) Alexander,30
Benton,09,Governor,,D,James Atkinson IV,11
Benton,09,Governor,,D,Cal Kishawi,8
Benton,09,Governor,,D,Tina Kotek,758
Benton,09,Governor,,D,Donnie M Beckwith,0
Benton,09,Governor,,D,David W Beem,4
Benton,09,Governor,,D,Steve William Laible,5
Benton,09,Governor,,D,Brittany Jones,23
Benton,09,Governor,,D,Tristan Sheppard,13
Benton,09,Governor,,D,Miranda Weigler,25
Benton,09,Governor,,D,Write-ins,20
Benton,09,Governor,,D,Over Votes,1
Benton,09,Governor,,D,Under Votes,73
Benton,10,Governor,,D,Forest (Fora) Alexander,24
Benton,10,Governor,,D,James Atkinson IV,8
Benton,10,Governor,,D,Cal Kishawi,4
Benton,10,Governor,,D,Tina Kotek,617
Benton,10,Governor,,D,Donnie M Beckwith,1
Benton,10,Governor,,D,David W Beem,2
Benton,10,Governor,,D,Steve William Laible,5
Benton,10,Governor,,D,Brittany Jones,23
Benton,10,Governor,,D,Tristan Sheppard,9
Benton,10,Governor,,D,Miranda Weigler,29
Benton,10,Governor,,D,Write-ins,20
Benton,10,Governor,,D,Under Votes,61
Benton,11,Governor,,D,Forest (Fora) Alexander,40
Benton,11,Governor,,D,James Atkinson IV,14
Benton,11,Governor,,D,Cal Kishawi,8
Benton,11,Governor,,D,Tina Kotek,1084
Benton,11,Governor,,D,Donnie M Beckwith,1
Benton,11,Governor,,D,David W Beem,13
Benton,11,Governor,,D,Steve William Laible,12
Benton,11,Governor,,D,Brittany Jones,43
Benton,11,Governor,,D,Tristan Sheppard,21
Benton,11,Governor,,D,Miranda Weigler,35
Benton,11,Governor,,D,Write-ins,35
Benton,11,Governor,,D,Under Votes,120
Benton,12,Governor,,D,Forest (Fora) Alexander,3
Benton,12,Governor,,D,James Atkinson IV,0
Benton,12,Governor,,D,Cal Kishawi,0
Benton,12,Governor,,D,Tina Kotek,122
Benton,12,Governor,,D,Donnie M Beckwith,0
Benton,12,Governor,,D,David W Beem,1
Benton,12,Governor,,D,Steve William Laible,0
Benton,12,Governor,,D,Brittany Jones,4
Benton,12,Governor,,D,Tristan Sheppard,3
Benton,12,Governor,,D,Miranda Weigler,6
Benton,12,Governor,,D,Write-ins,1
Benton,12,Governor,,D,Under Votes,12
Benton,13,Governor,,D,Forest (Fora) Alexander,2
Benton,13,Governor,,D,James Atkinson IV,1
Benton,13,Governor,,D,Cal Kishawi,0
Benton,13,Governor,,D,Tina Kotek,45
Benton,13,Governor,,D,Donnie M Beckwith,0
Benton,13,Governor,,D,David W Beem,1
Benton,13,Governor,,D,Steve William Laible,0
Benton,13,Governor,,D,Brittany Jones,3
Benton,13,Governor,,D,Tristan Sheppard,0
Benton,13,Governor,,D,Miranda Weigler,1
Benton,13,Governor,,D,Write-ins,3
Benton,13,Governor,,D,Under Votes,8
Benton,14,Governor,,D,Forest (Fora) Alexander,1
Benton,14,Governor,,D,James Atkinson IV,0
Benton,14,Governor,,D,Cal Kishawi,2
Benton,14,Governor,,D,Tina Kotek,58
Benton,14,Governor,,D,Donnie M Beckwith,1
Benton,14,Governor,,D,David W Beem,1
Benton,14,Governor,,D,Steve William Laible,0
Benton,14,Governor,,D,Brittany Jones,5
Benton,14,Governor,,D,Tristan Sheppard,3
Benton,14,Governor,,D,Miranda Weigler,4
Benton,14,Governor,,D,Write-ins,4
Benton,14,Governor,,D,Under Votes,9
Benton,15,Governor,,D,Forest (Fora) Alexander,8
Benton,15,Governor,,D,James Atkinson IV,9
Benton,15,Governor,,D,Cal Kishawi,3
Benton,15,Governor,,D,Tina Kotek,559
Benton,15,Governor,,D,Donnie M Beckwith,4
Benton,15,Governor,,D,David W Beem,4
Benton,15,Governor,,D,Steve William Laible,5
Benton,15,Governor,,D,Brittany Jones,14
Benton,15,Governor,,D,Tristan Sheppard,5
Benton,15,Governor,,D,Miranda Weigler,13
Benton,15,Governor,,D,Write-ins,17
Benton,15,Governor,,D,Under Votes,68
Benton,16,Governor,,D,Forest (Fora) Alexander,24
Benton,16,Governor,,D,James Atkinson IV,19
Benton,16,Governor,,D,Cal Kishawi,2
Benton,16,Governor,,D,Tina Kotek,1424
Benton,16,Governor,,D,Donnie M Beckwith,2
Benton,16,Governor,,D,David W Beem,5
Benton,16,Governor,,D,Steve William Laible,16
Benton,16,Governor,,D,Brittany Jones,29
Benton,16,Governor,,D,Tristan Sheppard,17
Benton,16,Governor,,D,Miranda Weigler,20
Benton,16,Governor,,D,Write-ins,23
Benton,16,Governor,,D,Over Votes,1
Benton,16,Governor,,D,Under Votes,183
Benton,17,Governor,,D,Forest (Fora) Alexander,2
Benton,17,Governor,,D,James Atkinson IV,1
Benton,17,Governor,,D,Cal Kishawi,0
Benton,17,Governor,,D,Tina Kotek,11
Benton,17,Governor,,D,Donnie M Beckwith,0
Benton,17,Governor,,D,David W Beem,0
Benton,17,Governor,,D,Steve William Laible,0
Benton,17,Governor,,D,Brittany Jones,2
Benton,17,Governor,,D,Tristan Sheppard,0
Benton,17,Governor,,D,Miranda Weigler,0
Benton,17,Governor,,D,Under Votes,2
Benton,18,Governor,,D,Forest (Fora) Alexander,9
Benton,18,Governor,,D,James Atkinson IV,4
Benton,18,Governor,,D,Cal Kishawi,2
Benton,18,Governor,,D,Tina Kotek,190
Benton,18,Governor,,D,Donnie M Beckwith,1
Benton,18,Governor,,D,David W Beem,4
Benton,18,Governor,,D,Steve William Laible,3
Benton,18,Governor,,D,Brittany Jones,16
Benton,18,Governor,,D,Tristan Sheppard,9
Benton,18,Governor,,D,Miranda Weigler,5
Benton,18,Governor,,D,Write-ins,6
Benton,18,Governor,,D,Under Votes,39
Benton,19,Governor,,D,Forest (Fora) Alexander,6
Benton,19,Governor,,D,James Atkinson IV,4
Benton,19,Governor,,D,Cal Kishawi,1
Benton,19,Governor,,D,Tina Kotek,261
Benton,19,Governor,,D,Donnie M Beckwith,1
Benton,19,Governor,,D,David W Beem,2
Benton,19,Governor,,D,Steve William Laible,6
Benton,19,Governor,,D,Brittany Jones,9
Benton,19,Governor,,D,Tristan Sheppard,9
Benton,19,Governor,,D,Miranda Weigler,8
Benton,19,Governor,,D,Write-ins,16
Benton,19,Governor,,D,Under Votes,30
Benton,20,Governor,,D,Forest (Fora) Alexander,5
Benton,20,Governor,,D,James Atkinson IV,6
Benton,20,Governor,,D,Cal Kishawi,2
Benton,20,Governor,,D,Tina Kotek,104
Benton,20,Governor,,D,Donnie M Beckwith,0
Benton,20,Governor,,D,David W Beem,7
Benton,20,Governor,,D,Steve William Laible,1
Benton,20,Governor,,D,Brittany Jones,6
Benton,20,Governor,,D,Tristan Sheppard,8
Benton,20,Governor,,D,Miranda Weigler,5
Benton,20,Governor,,D,Write-ins,2
Benton,20,Governor,,D,Over Votes,1
Benton,20,Governor,,D,Under Votes,15
Benton,21,Governor,,D,Forest (Fora) Alexander,0
Benton,21,Governor,,D,James Atkinson IV,2
Benton,21,Governor,,D,Cal Kishawi,0
Benton,21,Governor,,D,Tina Kotek,71
Benton,21,Governor,,D,Donnie M Beckwith,1
Benton,21,Governor,,D,David W Beem,3
Benton,21,Governor,,D,Steve William Laible,0
Benton,21,Governor,,D,Brittany Jones,4
Benton,21,Governor,,D,Tristan Sheppard,3
Benton,21,Governor,,D,Miranda Weigler,2
Benton,21,Governor,,D,Write-ins,5
Benton,21,Governor,,D,Under Votes,16
Benton,01,State Senate,8,D,Sara Gelser Blouin,1258
Benton,01,State Senate,8,D,Write-ins,5
Benton,01,State Senate,8,D,Under Votes,206
Benton,02,State Senate,8,D,Sara Gelser Blouin,327
Benton,02,State Senate,8,D,Write-ins,1
Benton,02,State Senate,8,D,Under Votes,56
Benton,03,State Senate,8,D,Sara Gelser Blouin,930
Benton,03,State Senate,8,D,Write-ins,7
Benton,03,State Senate,8,D,Under Votes,167
Benton,04,State Senate,8,D,Sara Gelser Blouin,242
Benton,04,State Senate,8,D,Write-ins,2
Benton,04,State Senate,8,D,Under Votes,42
Benton,05,State Senate,8,D,Sara Gelser Blouin,500
Benton,05,State Senate,8,D,Write-ins,1
Benton,05,State Senate,8,D,Over Votes,1
Benton,05,State Senate,8,D,Under Votes,90
Benton,06,State Senate,8,D,Sara Gelser Blouin,888
Benton,06,State Senate,8,D,Write-ins,7
Benton,06,State Senate,8,D,Under Votes,154
Benton,07,State Senate,8,D,Sara Gelser Blouin,1314
Benton,07,State Senate,8,D,Write-ins,7
Benton,07,State Senate,8,D,Under Votes,184
Benton,08,State Senate,8,D,Sara Gelser Blouin,1480
Benton,08,State Senate,8,D,Write-ins,13
Benton,08,State Senate,8,D,Under Votes,214
Benton,09,State Senate,8,D,Sara Gelser Blouin,799
Benton,09,State Senate,8,D,Write-ins,7
Benton,09,State Senate,8,D,Under Votes,165
Benton,11,State Senate,8,D,Sara Gelser Blouin,1142
Benton,11,State Senate,8,D,Write-ins,15
Benton,11,State Senate,8,D,Under Votes,269
Benton,12,State Senate,8,D,Sara Gelser Blouin,127
Benton,12,State Senate,8,D,Under Votes,25
Benton,16,State Senate,8,D,Sara Gelser Blouin,1460
Benton,16,State Senate,8,D,Write-ins,7
Benton,16,State Senate,8,D,Under Votes,298
Benton,17,State Senate,8,D,Sara Gelser Blouin,13
Benton,17,State Senate,8,D,Under Votes,5
Benton,18,State Senate,8,D,Sara Gelser Blouin,221
Benton,18,State Senate,8,D,Write-ins,2
Benton,18,State Senate,8,D,Under Votes,65
Benton,10,State House,10,D,David Gomberg,612
Benton,10,State House,10,D,Write-ins,2
Benton,10,State House,10,D,Under Votes,189
Benton,13,State House,10,D,David Gomberg,45
Benton,13,State House,10,D,Under Votes,19
Benton,14,State House,10,D,David Gomberg,66
Benton,14,State House,10,D,Write-ins,1
Benton,14,State House,10,D,Under Votes,21
Benton,15,State House,10,D,David Gomberg,501
Benton,15,State House,10,D,Write-ins,4
Benton,15,State House,10,D,Under Votes,204
Benton,19,State House,10,D,David Gomberg,262
Benton,19,State House,10,D,Write-ins,3
Benton,19,State House,10,D,Under Votes,88
Benton,20,State House,10,D,David Gomberg,116
Benton,20,State House,10,D,Write-ins,2
Benton,20,State House,10,D,Over Votes,1
Benton,20,State House,10,D,Under Votes,43
Benton,21,State House,10,D,David Gomberg,72
Benton,21,State House,10,D,Under Votes,35
Benton,11,State House,15,D,Joanna Robinson,1088
Benton,11,State House,15,D,Write-ins,9
Benton,11,State House,15,D,Under Votes,329
Benton,17,State House,15,D,Joanna Robinson,13
Benton,17,State House,15,D,Under Votes,5
Benton,01,State House,16,D,Sarah Finger McDonald,1227
Benton,01,State House,16,D,Write-ins,7
Benton,01,State House,16,D,Under Votes,235
Benton,02,State House,16,D,Sarah Finger McDonald,311
Benton,02,State House,16,D,Write-ins,4
Benton,02,State House,16,D,Under Votes,69
Benton,03,State House,16,D,Sarah Finger McDonald,899
Benton,03,State House,16,D,Write-ins,5
Benton,03,State House,16,D,Under Votes,200
Benton,04,State House,16,D,Sarah Finger McDonald,234
Benton,04,State House,16,D,Write-ins,2
Benton,04,State House,16,D,Under Votes,50
Benton,05,State House,16,D,Sarah Finger McDonald,487
Benton,05,State House,16,D,Write-ins,3
Benton,05,State House,16,D,Under Votes,102
Benton,06,State House,16,D,Sarah Finger McDonald,888
Benton,06,State House,16,D,Write-ins,5
Benton,06,State House,16,D,Under Votes,156
Benton,07,State House,16,D,Sarah Finger McDonald,1290
Benton,07,State House,16,D,Write-ins,5
Benton,07,State House,16,D,Under Votes,210
Benton,08,State House,16,D,Sarah Finger McDonald,1453
Benton,08,State House,16,D,Write-ins,9
Benton,08,State House,16,D,Under Votes,245
Benton,09,State House,16,D,Sarah Finger McDonald,790
Benton,09,State House,16,D,Write-ins,5
Benton,09,State House,16,D,Under Votes,176
Benton,12,State House,16,D,Sarah Finger McDonald,126
Benton,12,State House,16,D,Under Votes,26
Benton,16,State House,16,D,Sarah Finger McDonald,1404
Benton,16,State House,16,D,Write-ins,7
Benton,16,State House,16,D,Under Votes,354
Benton,18,State House,16,D,Sarah Finger McDonald,209
Benton,18,State House,16,D,Under Votes,79
Benton,01,County Commissioner,Position 1,D,Pat Malone,677
Benton,01,County Commissioner,Position 1,D,John Wilson,680
Benton,01,County Commissioner,Position 1,D,Write-ins,3
Benton,01,County Commissioner,Position 1,D,Over Votes,1
Benton,01,County Commissioner,Position 1,D,Under Votes,108
Benton,02,County Commissioner,Position 1,D,Pat Malone,136
Benton,02,County Commissioner,Position 1,D,John Wilson,209
Benton,02,County Commissioner,Position 1,D,Under Votes,39
Benton,03,County Commissioner,Position 1,D,Pat Malone,448
Benton,03,County Commissioner,Position 1,D,John Wilson,565
Benton,03,County Commissioner,Position 1,D,Under Votes,91
Benton,04,County Commissioner,Position 1,D,Pat Malone,120
Benton,04,County Commissioner,Position 1,D,John Wilson,140
Benton,04,County Commissioner,Position 1,D,Under Votes,26
Benton,05,County Commissioner,Position 1,D,Pat Malone,208
Benton,05,County Commissioner,Position 1,D,John Wilson,335
Benton,05,County Commissioner,Position 1,D,Write-ins,1
Benton,05,County Commissioner,Position 1,D,Under Votes,48
Benton,06,County Commissioner,Position 1,D,Pat Malone,401
Benton,06,County Commissioner,Position 1,D,John Wilson,573
Benton,06,County Commissioner,Position 1,D,Write-ins,1
Benton,06,County Commissioner,Position 1,D,Over Votes,2
Benton,06,County Commissioner,Position 1,D,Under Votes,72
Benton,07,County Commissioner,Position 1,D,Pat Malone,646
Benton,07,County Commissioner,Position 1,D,John Wilson,771
Benton,07,County Commissioner,Position 1,D,Write-ins,2
Benton,07,County Commissioner,Position 1,D,Under Votes,86
Benton,08,County Commissioner,Position 1,D,Pat Malone,837
Benton,08,County Commissioner,Position 1,D,John Wilson,748
Benton,08,County Commissioner,Position 1,D,Write-ins,2
Benton,08,County Commissioner,Position 1,D,Under Votes,120
Benton,09,County Commissioner,Position 1,D,Pat Malone,386
Benton,09,County Commissioner,Position 1,D,John Wilson,496
Benton,09,County Commissioner,Position 1,D,Write-ins,1
Benton,09,County Commissioner,Position 1,D,Under Votes,88
Benton,10,County Commissioner,Position 1,D,Pat Malone,398
Benton,10,County Commissioner,Position 1,D,John Wilson,327
Benton,10,County Commissioner,Position 1,D,Over Votes,1
Benton,10,County Commissioner,Position 1,D,Under Votes,77
Benton,11,County Commissioner,Position 1,D,Pat Malone,688
Benton,11,County Commissioner,Position 1,D,John Wilson,536
Benton,11,County Commissioner,Position 1,D,Write-ins,2
Benton,11,County Commissioner,Position 1,D,Under Votes,200
Benton,12,County Commissioner,Position 1,D,Pat Malone,42
Benton,12,County Commissioner,Position 1,D,John Wilson,98
Benton,12,County Commissioner,Position 1,D,Write-ins,1
Benton,12,County Commissioner,Position 1,D,Under Votes,11
Benton,13,County Commissioner,Position 1,D,Pat Malone,35
Benton,13,County Commissioner,Position 1,D,John Wilson,17
Benton,13,County Commissioner,Position 1,D,Under Votes,12
Benton,14,County Commissioner,Position 1,D,Pat Malone,52
Benton,14,County Commissioner,Position 1,D,John Wilson,23
Benton,14,County Commissioner,Position 1,D,Write-ins,1
Benton,14,County Commissioner,Position 1,D,Under Votes,12
Benton,15,County Commissioner,Position 1,D,Pat Malone,397
Benton,15,County Commissioner,Position 1,D,John Wilson,262
Benton,15,County Commissioner,Position 1,D,Write-ins,1
Benton,15,County Commissioner,Position 1,D,Under Votes,49
Benton,16,County Commissioner,Position 1,D,Pat Malone,662
Benton,16,County Commissioner,Position 1,D,John Wilson,942
Benton,16,County Commissioner,Position 1,D,Write-ins,2
Benton,16,County Commissioner,Position 1,D,Under Votes,159
Benton,17,County Commissioner,Position 1,D,Pat Malone,4
Benton,17,County Commissioner,Position 1,D,John Wilson,10
Benton,17,County Commissioner,Position 1,D,Under Votes,4
Benton,18,County Commissioner,Position 1,D,Pat Malone,128
Benton,18,County Commissioner,Position 1,D,John Wilson,112
Benton,18,County Commissioner,Position 1,D,Under Votes,48
Benton,19,County Commissioner,Position 1,D,Pat Malone,174
Benton,19,County Commissioner,Position 1,D,John Wilson,142
Benton,19,County Commissioner,Position 1,D,Write-ins,1
Benton,19,County Commissioner,Position 1,D,Under Votes,36
Benton,20,County Commissioner,Position 1,D,Pat Malone,85
Benton,20,County Commissioner,Position 1,D,John Wilson,59
Benton,20,County Commissioner,Position 1,D,Write-ins,2
Benton,20,County Commissioner,Position 1,D,Over Votes,1
Benton,20,County Commissioner,Position 1,D,Under Votes,15
Benton,21,County Commissioner,Position 1,D,Pat Malone,60
Benton,21,County Commissioner,Position 1,D,John Wilson,34
Benton,21,County Commissioner,Position 1,D,Under Votes,13
Benton,01,U.S. Senate,,R,Brent Barker,79
Benton,01,U.S. Senate,,R,Deborah C Brown,10
Benton,01,U.S. Senate,,R,David A Burch,7
Benton,01,U.S. Senate,,R,Russell McAlmond,44
Benton,01,U.S. Senate,,R,Jo Rae Perkins,109
Benton,01,U.S. Senate,,R,Timothy Skelton,3
Benton,01,U.S. Senate,,R,David Brock Smith,107
Benton,01,U.S. Senate,,R,Write-ins,6
Benton,01,U.S. Senate,,R,Under Votes,61
Benton,02,U.S. Senate,,R,Brent Barker,12
Benton,02,U.S. Senate,,R,Deborah C Brown,3
Benton,02,U.S. Senate,,R,David A Burch,0
Benton,02,U.S. Senate,,R,Russell McAlmond,9
Benton,02,U.S. Senate,,R,Jo Rae Perkins,13
Benton,02,U.S. Senate,,R,Timothy Skelton,1
Benton,02,U.S. Senate,,R,David Brock Smith,23
Benton,02,U.S. Senate,,R,Write-ins,2
Benton,02,U.S. Senate,,R,Under Votes,9
Benton,03,U.S. Senate,,R,Brent Barker,42
Benton,03,U.S. Senate,,R,Deborah C Brown,3
Benton,03,U.S. Senate,,R,David A Burch,4
Benton,03,U.S. Senate,,R,Russell McAlmond,21
Benton,03,U.S. Senate,,R,Jo Rae Perkins,78
Benton,03,U.S. Senate,,R,Timothy Skelton,6
Benton,03,U.S. Senate,,R,David Brock Smith,57
Benton,03,U.S. Senate,,R,Write-ins,4
Benton,03,U.S. Senate,,R,Under Votes,42
Benton,04,U.S. Senate,,R,Brent Barker,5
Benton,04,U.S. Senate,,R,Deborah C Brown,3
Benton,04,U.S. Senate,,R,David A Burch,2
Benton,04,U.S. Senate,,R,Russell McAlmond,1
Benton,04,U.S. Senate,,R,Jo Rae Perkins,6
Benton,04,U.S. Senate,,R,Timothy Skelton,3
Benton,04,U.S. Senate,,R,David Brock Smith,9
Benton,04,U.S. Senate,,R,Under Votes,2
Benton,05,U.S. Senate,,R,Brent Barker,13
Benton,05,U.S. Senate,,R,Deborah C Brown,3
Benton,05,U.S. Senate,,R,David A Burch,0
Benton,05,U.S. Senate,,R,Russell McAlmond,14
Benton,05,U.S. Senate,,R,Jo Rae Perkins,12
Benton,05,U.S. Senate,,R,Timothy Skelton,0
Benton,05,U.S. Senate,,R,David Brock Smith,19
Benton,05,U.S. Senate,,R,Write-ins,4
Benton,05,U.S. Senate,,R,Under Votes,9
Benton,06,U.S. Senate,,R,Brent Barker,35
Benton,06,U.S. Senate,,R,Deborah C Brown,8
Benton,06,U.S. Senate,,R,David A Burch,1
Benton,06,U.S. Senate,,R,Russell McAlmond,19
Benton,06,U.S. Senate,,R,Jo Rae Perkins,44
Benton,06,U.S. Senate,,R,Timothy Skelton,5
Benton,06,U.S. Senate,,R,David Brock Smith,52
Benton,06,U.S. Senate,,R,Write-ins,2
Benton,06,U.S. Senate,,R,Under Votes,21
Benton,07,U.S. Senate,,R,Brent Barker,29
Benton,07,U.S. Senate,,R,Deborah C Brown,6
Benton,07,U.S. Senate,,R,David A Burch,6
Benton,07,U.S. Senate,,R,Russell McAlmond,21
Benton,07,U.S. Senate,,R,Jo Rae Perkins,42
Benton,07,U.S. Senate,,R,Timothy Skelton,2
Benton,07,U.S. Senate,,R,David Brock Smith,54
Benton,07,U.S. Senate,,R,Write-ins,3
Benton,07,U.S. Senate,,R,Under Votes,43
Benton,08,U.S. Senate,,R,Brent Barker,76
Benton,08,U.S. Senate,,R,Deborah C Brown,8
Benton,08,U.S. Senate,,R,David A Burch,6
Benton,08,U.S. Senate,,R,Russell McAlmond,53
Benton,08,U.S. Senate,,R,Jo Rae Perkins,102
Benton,08,U.S. Senate,,R,Timothy Skelton,3
Benton,08,U.S. Senate,,R,David Brock Smith,87
Benton,08,U.S. Senate,,R,Write-ins,6
Benton,08,U.S. Senate,,R,Under Votes,59
Benton,09,U.S. Senate,,R,Brent Barker,50
Benton,09,U.S. Senate,,R,Deborah C Brown,10
Benton,09,U.S. Senate,,R,David A Burch,8
Benton,09,U.S. Senate,,R,Russell McAlmond,29
Benton,09,U.S. Senate,,R,Jo Rae Perkins,115
Benton,09,U.S. Senate,,R,Timothy Skelton,3
Benton,09,U.S. Senate,,R,David Brock Smith,91
Benton,09,U.S. Senate,,R,Write-ins,6
Benton,09,U.S. Senate,,R,Under Votes,44
Benton,10,U.S. Senate,,R,Brent Barker,91
Benton,10,U.S. Senate,,R,Deborah C Brown,10
Benton,10,U.S. Senate,,R,David A Burch,7
Benton,10,U.S. Senate,,R,Russell McAlmond,61
Benton,10,U.S. Senate,,R,Jo Rae Perkins,156
Benton,10,U.S. Senate,,R,Timothy Skelton,7
Benton,10,U.S. Senate,,R,David Brock Smith,106
Benton,10,U.S. Senate,,R,Write-ins,8
Benton,10,U.S. Senate,,R,Under Votes,54
Benton,11,U.S. Senate,,R,Brent Barker,280
Benton,11,U.S. Senate,,R,Deborah C Brown,47
Benton,11,U.S. Senate,,R,David A Burch,28
Benton,11,U.S. Senate,,R,Russell McAlmond,138
Benton,11,U.S. Senate,,R,Jo Rae Perkins,484
Benton,11,U.S. Senate,,R,Timothy Skelton,11
Benton,11,U.S. Senate,,R,David Brock Smith,337
Benton,11,U.S. Senate,,R,Write-ins,6
Benton,11,U.S. Senate,,R,Under Votes,181
Benton,12,U.S. Senate,,R,Brent Barker,32
Benton,12,U.S. Senate,,R,Deborah C Brown,2
Benton,12,U.S. Senate,,R,David A Burch,3
Benton,12,U.S. Senate,,R,Russell McAlmond,10
Benton,12,U.S. Senate,,R,Jo Rae Perkins,33
Benton,12,U.S. Senate,,R,Timothy Skelton,1
Benton,12,U.S. Senate,,R,David Brock Smith,30
Benton,12,U.S. Senate,,R,Under Votes,14
Benton,13,U.S. Senate,,R,Brent Barker,9
Benton,13,U.S. Senate,,R,Deborah C Brown,2
Benton,13,U.S. Senate,,R,David A Burch,2
Benton,13,U.S. Senate,,R,Russell McAlmond,6
Benton,13,U.S. Senate,,R,Jo Rae Perkins,33
Benton,13,U.S. Senate,,R,Timothy Skelton,1
Benton,13,U.S. Senate,,R,David Brock Smith,21
Benton,13,U.S. Senate,,R,Write-ins,1
Benton,13,U.S. Senate,,R,Under Votes,12
Benton,14,U.S. Senate,,R,Brent Barker,24
Benton,14,U.S. Senate,,R,Deborah C Brown,5
Benton,14,U.S. Senate,,R,David A Burch,3
Benton,14,U.S. Senate,,R,Russell McAlmond,13
Benton,14,U.S. Senate,,R,Jo Rae Perkins,64
Benton,14,U.S. Senate,,R,Timothy Skelton,3
Benton,14,U.S. Senate,,R,David Brock Smith,39
Benton,14,U.S. Senate,,R,Write-ins,1
Benton,14,U.S. Senate,,R,Under Votes,38
Benton,15,U.S. Senate,,R,Brent Barker,118
Benton,15,U.S. Senate,,R,Deborah C Brown,16
Benton,15,U.S. Senate,,R,David A Burch,5
Benton,15,U.S. Senate,,R,Russell McAlmond,44
Benton,15,U.S. Senate,,R,Jo Rae Perkins,206
Benton,15,U.S. Senate,,R,Timothy Skelton,12
Benton,15,U.S. Senate,,R,David Brock Smith,167
Benton,15,U.S. Senate,,R,Write-ins,3
Benton,15,U.S. Senate,,R,Under Votes,113
Benton,16,U.S. Senate,,R,Brent Barker,168
Benton,16,U.S. Senate,,R,Deborah C Brown,21
Benton,16,U.S. Senate,,R,David A Burch,13
Benton,16,U.S. Senate,,R,Russell McAlmond,88
Benton,16,U.S. Senate,,R,Jo Rae Perkins,226
Benton,16,U.S. Senate,,R,Timothy Skelton,7
Benton,16,U.S. Senate,,R,David Brock Smith,219
Benton,16,U.S. Senate,,R,Write-ins,6
Benton,16,U.S. Senate,,R,Under Votes,123
Benton,17,U.S. Senate,,R,Brent Barker,1
Benton,17,U.S. Senate,,R,Deborah C Brown,0
Benton,17,U.S. Senate,,R,David A Burch,0
Benton,17,U.S. Senate,,R,Russell McAlmond,1
Benton,17,U.S. Senate,,R,Jo Rae Perkins,5
Benton,17,U.S. Senate,,R,Timothy Skelton,0
Benton,17,U.S. Senate,,R,David Brock Smith,1
Benton,17,U.S. Senate,,R,Under Votes,3
Benton,18,U.S. Senate,,R,Brent Barker,96
Benton,18,U.S. Senate,,R,Deborah C Brown,6
Benton,18,U.S. Senate,,R,David A Burch,4
Benton,18,U.S. Senate,,R,Russell McAlmond,55
Benton,18,U.S. Senate,,R,Jo Rae Perkins,161
Benton,18,U.S. Senate,,R,Timothy Skelton,1
Benton,18,U.S. Senate,,R,David Brock Smith,127
Benton,18,U.S. Senate,,R,Over Votes,1
Benton,18,U.S. Senate,,R,Under Votes,59
Benton,19,U.S. Senate,,R,Brent Barker,52
Benton,19,U.S. Senate,,R,Deborah C Brown,4
Benton,19,U.S. Senate,,R,David A Burch,5
Benton,19,U.S. Senate,,R,Russell McAlmond,23
Benton,19,U.S. Senate,,R,Jo Rae Perkins,95
Benton,19,U.S. Senate,,R,Timothy Skelton,1
Benton,19,U.S. Senate,,R,David Brock Smith,86
Benton,19,U.S. Senate,,R,Write-ins,3
Benton,19,U.S. Senate,,R,Over Votes,1
Benton,19,U.S. Senate,,R,Under Votes,40
Benton,20,U.S. Senate,,R,Brent Barker,45
Benton,20,U.S. Senate,,R,Deborah C Brown,5
Benton,20,U.S. Senate,,R,David A Burch,4
Benton,20,U.S. Senate,,R,Russell McAlmond,27
Benton,20,U.S. Senate,,R,Jo Rae Perkins,72
Benton,20,U.S. Senate,,R,Timothy Skelton,3
Benton,20,U.S. Senate,,R,David Brock Smith,86
Benton,20,U.S. Senate,,R,Write-ins,1
Benton,20,U.S. Senate,,R,Under Votes,43
Benton,21,U.S. Senate,,R,Brent Barker,39
Benton,21,U.S. Senate,,R,Deborah C Brown,5
Benton,21,U.S. Senate,,R,David A Burch,8
Benton,21,U.S. Senate,,R,Russell McAlmond,25
Benton,21,U.S. Senate,,R,Jo Rae Perkins,68
Benton,21,U.S. Senate,,R,Timothy Skelton,5
Benton,21,U.S. Senate,,R,David Brock Smith,73
Benton,21,U.S. Senate,,R,Write-ins,1
Benton,21,U.S. Senate,,R,Under Votes,35
Benton,01,U.S. House,4,R,Monique DeSpain,309
Benton,01,U.S. House,4,R,Stefan G Strek,39
Benton,01,U.S. House,4,R,Write-ins,5
Benton,01,U.S. House,4,R,Under Votes,73
Benton,02,U.S. House,4,R,Monique DeSpain,43
Benton,02,U.S. House,4,R,Stefan G Strek,13
Benton,02,U.S. House,4,R,Write-ins,2
Benton,02,U.S. House,4,R,Under Votes,14
Benton,03,U.S. House,4,R,Monique DeSpain,177
Benton,03,U.S. House,4,R,Stefan G Strek,33
Benton,03,U.S. House,4,R,Write-ins,3
Benton,03,U.S. House,4,R,Under Votes,44
Benton,04,U.S. House,4,R,Monique DeSpain,21
Benton,04,U.S. House,4,R,Stefan G Strek,6
Benton,04,U.S. House,4,R,Under Votes,4
Benton,05,U.S. House,4,R,Monique DeSpain,51
Benton,05,U.S. House,4,R,Stefan G Strek,8
Benton,05,U.S. House,4,R,Write-ins,2
Benton,05,U.S. House,4,R,Under Votes,13
Benton,06,U.S. House,4,R,Monique DeSpain,129
Benton,06,U.S. House,4,R,Stefan G Strek,24
Benton,06,U.S. House,4,R,Write-ins,2
Benton,06,U.S. House,4,R,Under Votes,32
Benton,07,U.S. House,4,R,Monique DeSpain,140
Benton,07,U.S. House,4,R,Stefan G Strek,21
Benton,07,U.S. House,4,R,Write-ins,3
Benton,07,U.S. House,4,R,Under Votes,42
Benton,08,U.S. House,4,R,Monique DeSpain,291
Benton,08,U.S. House,4,R,Stefan G Strek,46
Benton,08,U.S. House,4,R,Write-ins,5
Benton,08,U.S. House,4,R,Under Votes,58
Benton,09,U.S. House,4,R,Monique DeSpain,243
Benton,09,U.S. House,4,R,Stefan G Strek,53
Benton,09,U.S. House,4,R,Write-ins,6
Benton,09,U.S. House,4,R,Under Votes,54
Benton,10,U.S. House,4,R,Monique DeSpain,369
Benton,10,U.S. House,4,R,Stefan G Strek,50
Benton,10,U.S. House,4,R,Write-ins,5
Benton,10,U.S. House,4,R,Under Votes,76
Benton,11,U.S. House,4,R,Monique DeSpain,1102
Benton,11,U.S. House,4,R,Stefan G Strek,173
Benton,11,U.S. House,4,R,Write-ins,6
Benton,11,U.S. House,4,R,Under Votes,231
Benton,12,U.S. House,4,R,Monique DeSpain,94
Benton,12,U.S. House,4,R,Stefan G Strek,8
Benton,12,U.S. House,4,R,Under Votes,23
Benton,13,U.S. House,4,R,Monique DeSpain,62
Benton,13,U.S. House,4,R,Stefan G Strek,13
Benton,13,U.S. House,4,R,Under Votes,12
Benton,14,U.S. House,4,R,Monique DeSpain,108
Benton,14,U.S. House,4,R,Stefan G Strek,33
Benton,14,U.S. House,4,R,Write-ins,1
Benton,14,U.S. House,4,R,Under Votes,48
Benton,15,U.S. House,4,R,Monique DeSpain,463
Benton,15,U.S. House,4,R,Stefan G Strek,75
Benton,15,U.S. House,4,R,Write-ins,3
Benton,15,U.S. House,4,R,Under Votes,143
Benton,16,U.S. House,4,R,Monique DeSpain,639
Benton,16,U.S. House,4,R,Stefan G Strek,77
Benton,16,U.S. House,4,R,Write-ins,9
Benton,16,U.S. House,4,R,Under Votes,146
Benton,17,U.S. House,4,R,Monique DeSpain,5
Benton,17,U.S. House,4,R,Stefan G Strek,3
Benton,17,U.S. House,4,R,Under Votes,3
Benton,18,U.S. House,4,R,Monique DeSpain,359
Benton,18,U.S. House,4,R,Stefan G Strek,61
Benton,18,U.S. House,4,R,Under Votes,90
Benton,19,U.S. House,4,R,Monique DeSpain,240
Benton,19,U.S. House,4,R,Stefan G Strek,21
Benton,19,U.S. House,4,R,Write-ins,4
Benton,19,U.S. House,4,R,Under Votes,45
Benton,20,U.S. House,4,R,Monique DeSpain,205
Benton,20,U.S. House,4,R,Stefan G Strek,30
Benton,20,U.S. House,4,R,Write-ins,1
Benton,20,U.S. House,4,R,Under Votes,50
Benton,21,U.S. House,4,R,Monique DeSpain,186
Benton,21,U.S. House,4,R,Stefan G Strek,29
Benton,21,U.S. House,4,R,Write-ins,1
Benton,21,U.S. House,4,R,Under Votes,43
Benton,01,Governor,,R,Danielle Bethell,10
Benton,01,Governor,,R,Hope A Dalrymple,0
Benton,01,Governor,,R,Ed Diehl,105
Benton,01,Governor,,R,Christine Drazan,171
Benton,01,Governor,,R,Chris Dudley,92
Benton,01,Governor,,R,Kyle M Duyck,1
Benton,01,Governor,,R,David Medina,16
Benton,01,Governor,,R,Robert Neuman,2
Benton,01,Governor,,R,Brad T Peters,2
Benton,01,Governor,,R,Paul J. Romero Jr,2
Benton,01,Governor,,R,Wen Waddell,1
Benton,01,Governor,,R,Martin Ward,0
Benton,01,Governor,,R,Tim O Youker,0
Benton,01,Governor,,R,DeAngelo Leroy Turner,1
Benton,01,Governor,,R,Write-ins,3
Benton,01,Governor,,R,Under Votes,20
Benton,02,Governor,,R,Danielle Bethell,5
Benton,02,Governor,,R,Hope A Dalrymple,0
Benton,02,Governor,,R,Ed Diehl,19
Benton,02,Governor,,R,Christine Drazan,21
Benton,02,Governor,,R,Chris Dudley,15
Benton,02,Governor,,R,Kyle M Duyck,0
Benton,02,Governor,,R,David Medina,4
Benton,02,Governor,,R,Robert Neuman,0
Benton,02,Governor,,R,Brad T Peters,2
Benton,02,Governor,,R,Paul J. Romero Jr,2
Benton,02,Governor,,R,Wen Waddell,0
Benton,02,Governor,,R,Martin Ward,0
Benton,02,Governor,,R,Tim O Youker,0
Benton,02,Governor,,R,DeAngelo Leroy Turner,0
Benton,02,Governor,,R,Write-ins,1
Benton,02,Governor,,R,Under Votes,3
Benton,03,Governor,,R,Danielle Bethell,5
Benton,03,Governor,,R,Hope A Dalrymple,0
Benton,03,Governor,,R,Ed Diehl,80
Benton,03,Governor,,R,Christine Drazan,100
Benton,03,Governor,,R,Chris Dudley,45
Benton,03,Governor,,R,Kyle M Duyck,1
Benton,03,Governor,,R,David Medina,13
Benton,03,Governor,,R,Robert Neuman,1
Benton,03,Governor,,R,Brad T Peters,0
Benton,03,Governor,,R,Paul J. Romero Jr,1
Benton,03,Governor,,R,Wen Waddell,0
Benton,03,Governor,,R,Martin Ward,1
Benton,03,Governor,,R,Tim O Youker,1
Benton,03,Governor,,R,DeAngelo Leroy Turner,0
Benton,03,Governor,,R,Write-ins,1
Benton,03,Governor,,R,Under Votes,8
Benton,04,Governor,,R,Danielle Bethell,2
Benton,04,Governor,,R,Hope A Dalrymple,0
Benton,04,Governor,,R,Ed Diehl,5
Benton,04,Governor,,R,Christine Drazan,14
Benton,04,Governor,,R,Chris Dudley,4
Benton,04,Governor,,R,Kyle M Duyck,0
Benton,04,Governor,,R,David Medina,4
Benton,04,Governor,,R,Robert Neuman,0
Benton,04,Governor,,R,Brad T Peters,0
Benton,04,Governor,,R,Paul J. Romero Jr,1
Benton,04,Governor,,R,Wen Waddell,0
Benton,04,Governor,,R,Martin Ward,0
Benton,04,Governor,,R,Tim O Youker,0
Benton,04,Governor,,R,DeAngelo Leroy Turner,0
Benton,04,Governor,,R,Under Votes,1
Benton,05,Governor,,R,Danielle Bethell,2
Benton,05,Governor,,R,Hope A Dalrymple,0
Benton,05,Governor,,R,Ed Diehl,28
Benton,05,Governor,,R,Christine Drazan,26
Benton,05,Governor,,R,Chris Dudley,7
Benton,05,Governor,,R,Kyle M Duyck,1
Benton,05,Governor,,R,David Medina,1
Benton,05,Governor,,R,Robert Neuman,2
Benton,05,Governor,,R,Brad T Peters,0
Benton,05,Governor,,R,Paul J. Romero Jr,0
Benton,05,Governor,,R,Wen Waddell,0
Benton,05,Governor,,R,Martin Ward,0
Benton,05,Governor,,R,Tim O Youker,0
Benton,05,Governor,,R,DeAngelo Leroy Turner,0
Benton,05,Governor,,R,Write-ins,5
Benton,05,Governor,,R,Under Votes,1
Benton,06,Governor,,R,Danielle Bethell,1
Benton,06,Governor,,R,Hope A Dalrymple,0
Benton,06,Governor,,R,Ed Diehl,48
Benton,06,Governor,,R,Christine Drazan,89
Benton,06,Governor,,R,Chris Dudley,27
Benton,06,Governor,,R,Kyle M Duyck,3
Benton,06,Governor,,R,David Medina,7
Benton,06,Governor,,R,Robert Neuman,0
Benton,06,Governor,,R,Brad T Peters,1
Benton,06,Governor,,R,Paul J. Romero Jr,0
Benton,06,Governor,,R,Wen Waddell,1
Benton,06,Governor,,R,Martin Ward,0
Benton,06,Governor,,R,Tim O Youker,0
Benton,06,Governor,,R,DeAngelo Leroy Turner,1
Benton,06,Governor,,R,Write-ins,2
Benton,06,Governor,,R,Under Votes,7
Benton,07,Governor,,R,Danielle Bethell,5
Benton,07,Governor,,R,Hope A Dalrymple,0
Benton,07,Governor,,R,Ed Diehl,39
Benton,07,Governor,,R,Christine Drazan,95
Benton,07,Governor,,R,Chris Dudley,45
Benton,07,Governor,,R,Kyle M Duyck,0
Benton,07,Governor,,R,David Medina,3
Benton,07,Governor,,R,Robert Neuman,0
Benton,07,Governor,,R,Brad T Peters,2
Benton,07,Governor,,R,Paul J. Romero Jr,0
Benton,07,Governor,,R,Wen Waddell,0
Benton,07,Governor,,R,Martin Ward,0
Benton,07,Governor,,R,Tim O Youker,0
Benton,07,Governor,,R,DeAngelo Leroy Turner,0
Benton,07,Governor,,R,Write-ins,4
Benton,07,Governor,,R,Under Votes,13
Benton,08,Governor,,R,Danielle Bethell,9
Benton,08,Governor,,R,Hope A Dalrymple,0
Benton,08,Governor,,R,Ed Diehl,89
Benton,08,Governor,,R,Christine Drazan,176
Benton,08,Governor,,R,Chris Dudley,80
Benton,08,Governor,,R,Kyle M Duyck,5
Benton,08,Governor,,R,David Medina,8
Benton,08,Governor,,R,Robert Neuman,4
Benton,08,Governor,,R,Brad T Peters,7
Benton,08,Governor,,R,Paul J. Romero Jr,1
Benton,08,Governor,,R,Wen Waddell,0
Benton,08,Governor,,R,Martin Ward,0
Benton,08,Governor,,R,Tim O Youker,0
Benton,08,Governor,,R,DeAngelo Leroy Turner,0
Benton,08,Governor,,R,Write-ins,3
Benton,08,Governor,,R,Over Votes,1
Benton,08,Governor,,R,Under Votes,17
Benton,09,Governor,,R,Danielle Bethell,6
Benton,09,Governor,,R,Hope A Dalrymple,2
Benton,09,Governor,,R,Ed Diehl,101
Benton,09,Governor,,R,Christine Drazan,150
Benton,09,Governor,,R,Chris Dudley,59
Benton,09,Governor,,R,Kyle M Duyck,1
Benton,09,Governor,,R,David Medina,14
Benton,09,Governor,,R,Robert Neuman,2
Benton,09,Governor,,R,Brad T Peters,2
Benton,09,Governor,,R,Paul J. Romero Jr,0
Benton,09,Governor,,R,Wen Waddell,0
Benton,09,Governor,,R,Martin Ward,1
Benton,09,Governor,,R,Tim O Youker,1
Benton,09,Governor,,R,DeAngelo Leroy Turner,1
Benton,09,Governor,,R,Write-ins,5
Benton,09,Governor,,R,Over Votes,1
Benton,09,Governor,,R,Under Votes,10
Benton,10,Governor,,R,Danielle Bethell,14
Benton,10,Governor,,R,Hope A Dalrymple,0
Benton,10,Governor,,R,Ed Diehl,180
Benton,10,Governor,,R,Christine Drazan,190
Benton,10,Governor,,R,Chris Dudley,73
Benton,10,Governor,,R,Kyle M Duyck,3
Benton,10,Governor,,R,David Medina,22
Benton,10,Governor,,R,Robert Neuman,1
Benton,10,Governor,,R,Brad T Peters,0
Benton,10,Governor,,R,Paul J. Romero Jr,2
Benton,10,Governor,,R,Wen Waddell,0
Benton,10,Governor,,R,Martin Ward,0
Benton,10,Governor,,R,Tim O Youker,0
Benton,10,Governor,,R,DeAngelo Leroy Turner,0
Benton,10,Governor,,R,Write-ins,1
Benton,10,Governor,,R,Under Votes,14
Benton,11,Governor,,R,Danielle Bethell,25
Benton,11,Governor,,R,Hope A Dalrymple,1
Benton,11,Governor,,R,Ed Diehl,519
Benton,11,Governor,,R,Christine Drazan,667
Benton,11,Governor,,R,Chris Dudley,190
Benton,11,Governor,,R,Kyle M Duyck,2
Benton,11,Governor,,R,David Medina,46
Benton,11,Governor,,R,Robert Neuman,0
Benton,11,Governor,,R,Brad T Peters,11
Benton,11,Governor,,R,Paul J. Romero Jr,6
Benton,11,Governor,,R,Wen Waddell,0
Benton,11,Governor,,R,Martin Ward,3
Benton,11,Governor,,R,Tim O Youker,4
Benton,11,Governor,,R,DeAngelo Leroy Turner,0
Benton,11,Governor,,R,Write-ins,4
Benton,11,Governor,,R,Under Votes,32
Benton,12,Governor,,R,Danielle Bethell,2
Benton,12,Governor,,R,Hope A Dalrymple,0
Benton,12,Governor,,R,Ed Diehl,32
Benton,12,Governor,,R,Christine Drazan,54
Benton,12,Governor,,R,Chris Dudley,22
Benton,12,Governor,,R,Kyle M Duyck,0
Benton,12,Governor,,R,David Medina,10
Benton,12,Governor,,R,Robert Neuman,0
Benton,12,Governor,,R,Brad T Peters,0
Benton,12,Governor,,R,Paul J. Romero Jr,2
Benton,12,Governor,,R,Wen Waddell,0
Benton,12,Governor,,R,Martin Ward,0
Benton,12,Governor,,R,Tim O Youker,0
Benton,12,Governor,,R,DeAngelo Leroy Turner,0
Benton,12,Governor,,R,Under Votes,3
Benton,13,Governor,,R,Danielle Bethell,3
Benton,13,Governor,,R,Hope A Dalrymple,0
Benton,13,Governor,,R,Ed Diehl,21
Benton,13,Governor,,R,Christine Drazan,39
Benton,13,Governor,,R,Chris Dudley,8
Benton,13,Governor,,R,Kyle M Duyck,2
Benton,13,Governor,,R,David Medina,8
Benton,13,Governor,,R,Robert Neuman,0
Benton,13,Governor,,R,Brad T Peters,1
Benton,13,Governor,,R,Paul J. Romero Jr,0
Benton,13,Governor,,R,Wen Waddell,0
Benton,13,Governor,,R,Martin Ward,0
Benton,13,Governor,,R,Tim O Youker,0
Benton,13,Governor,,R,DeAngelo Leroy Turner,0
Benton,13,Governor,,R,Under Votes,5
Benton,14,Governor,,R,Danielle Bethell,2
Benton,14,Governor,,R,Hope A Dalrymple,0
Benton,14,Governor,,R,Ed Diehl,89
Benton,14,Governor,,R,Christine Drazan,71
Benton,14,Governor,,R,Chris Dudley,16
Benton,14,Governor,,R,Kyle M Duyck,0
Benton,14,Governor,,R,David Medina,6
Benton,14,Governor,,R,Robert Neuman,1
Benton,14,Governor,,R,Brad T Peters,0
Benton,14,Governor,,R,Paul J. Romero Jr,0
Benton,14,Governor,,R,Wen Waddell,0
Benton,14,Governor,,R,Martin Ward,0
Benton,14,Governor,,R,Tim O Youker,0
Benton,14,Governor,,R,DeAngelo Leroy Turner,0
Benton,14,Governor,,R,Write-ins,1
Benton,14,Governor,,R,Over Votes,1
Benton,14,Governor,,R,Under Votes,3
Benton,15,Governor,,R,Danielle Bethell,12
Benton,15,Governor,,R,Hope A Dalrymple,0
Benton,15,Governor,,R,Ed Diehl,257
Benton,15,Governor,,R,Christine Drazan,291
Benton,15,Governor,,R,Chris Dudley,67
Benton,15,Governor,,R,Kyle M Duyck,9
Benton,15,Governor,,R,David Medina,14
Benton,15,Governor,,R,Robert Neuman,0
Benton,15,Governor,,R,Brad T Peters,1
Benton,15,Governor,,R,Paul J. Romero Jr,2
Benton,15,Governor,,R,Wen Waddell,0
Benton,15,Governor,,R,Martin Ward,3
Benton,15,Governor,,R,Tim O Youker,3
Benton,15,Governor,,R,DeAngelo Leroy Turner,2
Benton,15,Governor,,R,Write-ins,3
Benton,15,Governor,,R,Under Votes,20
Benton,16,Governor,,R,Danielle Bethell,25
Benton,16,Governor,,R,Hope A Dalrymple,3
Benton,16,Governor,,R,Ed Diehl,294
Benton,16,Governor,,R,Christine Drazan,333
Benton,16,Governor,,R,Chris Dudley,137
Benton,16,Governor,,R,Kyle M Duyck,4
Benton,16,Governor,,R,David Medina,26
Benton,16,Governor,,R,Robert Neuman,0
Benton,16,Governor,,R,Brad T Peters,7
Benton,16,Governor,,R,Paul J. Romero Jr,3
Benton,16,Governor,,R,Wen Waddell,1
Benton,16,Governor,,R,Martin Ward,0
Benton,16,Governor,,R,Tim O Youker,1
Benton,16,Governor,,R,DeAngelo Leroy Turner,0
Benton,16,Governor,,R,Write-ins,6
Benton,16,Governor,,R,Under Votes,29
Benton,17,Governor,,R,Danielle Bethell,0
Benton,17,Governor,,R,Hope A Dalrymple,0
Benton,17,Governor,,R,Ed Diehl,3
Benton,17,Governor,,R,Christine Drazan,6
Benton,17,Governor,,R,Chris Dudley,0
Benton,17,Governor,,R,Kyle M Duyck,0
Benton,17,Governor,,R,David Medina,0
Benton,17,Governor,,R,Robert Neuman,0
Benton,17,Governor,,R,Brad T Peters,2
Benton,17,Governor,,R,Paul J. Romero Jr,0
Benton,17,Governor,,R,Wen Waddell,0
Benton,17,Governor,,R,Martin Ward,0
Benton,17,Governor,,R,Tim O Youker,0
Benton,17,Governor,,R,DeAngelo Leroy Turner,0
Benton,18,Governor,,R,Danielle Bethell,9
Benton,18,Governor,,R,Hope A Dalrymple,0
Benton,18,Governor,,R,Ed Diehl,169
Benton,18,Governor,,R,Christine Drazan,238
Benton,18,Governor,,R,Chris Dudley,61
Benton,18,Governor,,R,Kyle M Duyck,1
Benton,18,Governor,,R,David Medina,11
Benton,18,Governor,,R,Robert Neuman,1
Benton,18,Governor,,R,Brad T Peters,1
Benton,18,Governor,,R,Paul J. Romero Jr,3
Benton,18,Governor,,R,Wen Waddell,0
Benton,18,Governor,,R,Martin Ward,0
Benton,18,Governor,,R,Tim O Youker,0
Benton,18,Governor,,R,DeAngelo Leroy Turner,0
Benton,18,Governor,,R,Write-ins,1
Benton,18,Governor,,R,Under Votes,15
Benton,19,Governor,,R,Danielle Bethell,4
Benton,19,Governor,,R,Hope A Dalrymple,0
Benton,19,Governor,,R,Ed Diehl,101
Benton,19,Governor,,R,Christine Drazan,147
Benton,19,Governor,,R,Chris Dudley,36
Benton,19,Governor,,R,Kyle M Duyck,0
Benton,19,Governor,,R,David Medina,12
Benton,19,Governor,,R,Robert Neuman,1
Benton,19,Governor,,R,Brad T Peters,1
Benton,19,Governor,,R,Paul J. Romero Jr,1
Benton,19,Governor,,R,Wen Waddell,0
Benton,19,Governor,,R,Martin Ward,0
Benton,19,Governor,,R,Tim O Youker,0
Benton,19,Governor,,R,DeAngelo Leroy Turner,1
Benton,19,Governor,,R,Write-ins,1
Benton,19,Governor,,R,Under Votes,5
Benton,20,Governor,,R,Danielle Bethell,1
Benton,20,Governor,,R,Hope A Dalrymple,0
Benton,20,Governor,,R,Ed Diehl,124
Benton,20,Governor,,R,Christine Drazan,115
Benton,20,Governor,,R,Chris Dudley,38
Benton,20,Governor,,R,Kyle M Duyck,0
Benton,20,Governor,,R,David Medina,3
Benton,20,Governor,,R,Robert Neuman,0
Benton,20,Governor,,R,Brad T Peters,1
Benton,20,Governor,,R,Paul J. Romero Jr,1
Benton,20,Governor,,R,Wen Waddell,0
Benton,20,Governor,,R,Martin Ward,0
Benton,20,Governor,,R,Tim O Youker,0
Benton,20,Governor,,R,DeAngelo Leroy Turner,0
Benton,20,Governor,,R,Write-ins,1
Benton,21,Governor,,R,Danielle Bethell,4
Benton,21,Governor,,R,Hope A Dalrymple,1
Benton,21,Governor,,R,Ed Diehl,132
Benton,21,Governor,,R,Christine Drazan,79
Benton,21,Governor,,R,Chris Dudley,28
Benton,21,Governor,,R,Kyle M Duyck,0
Benton,21,Governor,,R,David Medina,7
Benton,21,Governor,,R,Robert Neuman,0
Benton,21,Governor,,R,Brad T Peters,1
Benton,21,Governor,,R,Paul J. Romero Jr,0
Benton,21,Governor,,R,Wen Waddell,0
Benton,21,Governor,,R,Martin Ward,0
Benton,21,Governor,,R,Tim O Youker,0
Benton,21,Governor,,R,DeAngelo Leroy Turner,0
Benton,21,Governor,,R,Under Votes,7
Benton,01,State Senate,8,R,Valerie Draper Woldeit,255
Benton,01,State Senate,8,R,Write-ins,3
Benton,01,State Senate,8,R,Under Votes,168
Benton,02,State Senate,8,R,Valerie Draper Woldeit,42
Benton,02,State Senate,8,R,Write-ins,5
Benton,02,State Senate,8,R,Under Votes,25
Benton,03,State Senate,8,R,Valerie Draper Woldeit,158
Benton,03,State Senate,8,R,Write-ins,4
Benton,03,State Senate,8,R,Under Votes,95
Benton,04,State Senate,8,R,Valerie Draper Woldeit,19
Benton,04,State Senate,8,R,Under Votes,12
Benton,05,State Senate,8,R,Valerie Draper Woldeit,33
Benton,05,State Senate,8,R,Write-ins,5
Benton,05,State Senate,8,R,Under Votes,35
Benton,06,State Senate,8,R,Valerie Draper Woldeit,114
Benton,06,State Senate,8,R,Write-ins,2
Benton,06,State Senate,8,R,Under Votes,71
Benton,07,State Senate,8,R,Valerie Draper Woldeit,107
Benton,07,State Senate,8,R,Write-ins,2
Benton,07,State Senate,8,R,Under Votes,97
Benton,08,State Senate,8,R,Valerie Draper Woldeit,230
Benton,08,State Senate,8,R,Write-ins,8
Benton,08,State Senate,8,R,Under Votes,162
Benton,09,State Senate,8,R,Valerie Draper Woldeit,219
Benton,09,State Senate,8,R,Write-ins,8
Benton,09,State Senate,8,R,Under Votes,129
Benton,11,State Senate,8,R,Valerie Draper Woldeit,1011
Benton,11,State Senate,8,R,Write-ins,9
Benton,11,State Senate,8,R,Under Votes,490
Benton,12,State Senate,8,R,Valerie Draper Woldeit,75
Benton,12,State Senate,8,R,Write-ins,1
Benton,12,State Senate,8,R,Under Votes,49
Benton,16,State Senate,8,R,Valerie Draper Woldeit,489
Benton,16,State Senate,8,R,Write-ins,17
Benton,16,State Senate,8,R,Under Votes,363
Benton,17,State Senate,8,R,Valerie Draper Woldeit,6
Benton,17,State Senate,8,R,Under Votes,5
Benton,18,State Senate,8,R,Valerie Draper Woldeit,301
Benton,18,State Senate,8,R,Write-ins,5
Benton,18,State Senate,8,R,Under Votes,204
Benton,10,State House,10,R,Write-ins,30
Benton,10,State House,10,R,Under Votes,470
Benton,13,State House,10,R,Write-ins,11
Benton,13,State House,10,R,Under Votes,76
Benton,14,State House,10,R,Write-ins,6
Benton,14,State House,10,R,Under Votes,184
Benton,15,State House,10,R,Write-ins,31
Benton,15,State House,10,R,Under Votes,653
Benton,19,State House,10,R,Write-ins,12
Benton,19,State House,10,R,Under Votes,298
Benton,20,State House,10,R,Write-ins,13
Benton,20,State House,10,R,Under Votes,271
Benton,21,State House,10,R,Write-ins,17
Benton,21,State House,10,R,Under Votes,242
Benton,11,State House,15,R,Shelly Boshart Davis,1249
Benton,11,State House,15,R,Write-ins,3
Benton,11,State House,15,R,Under Votes,258
Benton,17,State House,15,R,Shelly Boshart Davis,10
Benton,17,State House,15,R,Under Votes,1
Benton,01,State House,16,R,Write-ins,29
Benton,01,State House,16,R,Under Votes,397
Benton,02,State House,16,R,Write-ins,7
Benton,02,State House,16,R,Under Votes,65
Benton,03,State House,16,R,Write-ins,13
Benton,03,State House,16,R,Under Votes,244
Benton,04,State House,16,R,Write-ins,1
Benton,04,State House,16,R,Under Votes,30
Benton,05,State House,16,R,Write-ins,9
Benton,05,State House,16,R,Under Votes,64
Benton,06,State House,16,R,Write-ins,15
Benton,06,State House,16,R,Under Votes,172
Benton,07,State House,16,R,Write-ins,7
Benton,07,State House,16,R,Under Votes,199
Benton,08,State House,16,R,Write-ins,17
Benton,08,State House,16,R,Under Votes,383
Benton,09,State House,16,R,Write-ins,25
Benton,09,State House,16,R,Under Votes,331
Benton,12,State House,16,R,Write-ins,10
Benton,12,State House,16,R,Under Votes,115
Benton,16,State House,16,R,Write-ins,52
Benton,16,State House,16,R,Under Votes,817
Benton,18,State House,16,R,Write-ins,15
Benton,18,State House,16,R,Under Votes,495
Benton,01,County Commissioner,Position 1,R,Write-ins,32
Benton,02,County Commissioner,Position 1,R,Write-ins,9
Benton,03,County Commissioner,Position 1,R,Write-ins,22
Benton,04,County Commissioner,Position 1,R,Write-ins,1
Benton,05,County Commissioner,Position 1,R,Write-ins,10
Benton,06,County Commissioner,Position 1,R,Write-ins,16
Benton,07,County Commissioner,Position 1,R,Write-ins,13
Benton,08,County Commissioner,Position 1,R,Write-ins,16
Benton,09,County Commissioner,Position 1,R,Write-ins,31
Benton,10,County Commissioner,Position 1,R,Write-ins,26
Benton,11,County Commissioner,Position 1,R,Write-ins,94
Benton,12,County Commissioner,Position 1,R,Write-ins,12
Benton,13,County Commissioner,Position 1,R,Write-ins,10
Benton,14,County Commissioner,Position 1,R,Write-ins,3
Benton,15,County Commissioner,Position 1,R,Write-ins,35
Benton,16,County Commissioner,Position 1,R,Write-ins,53
Benton,17,County Commissioner,Position 1,R,Write-ins,1
Benton,17,County Commissioner,Position 1,R,Under Votes,10
Benton,18,County Commissioner,Position 1,R,Write-ins,21
Benton,18,County Commissioner,Position 1,R,Under Votes,489
Benton,19,County Commissioner,Position 1,R,Write-ins,23
Benton,19,County Commissioner,Position 1,R,Under Votes,287
Benton,20,County Commissioner,Position 1,R,Write-ins,17
Benton,20,County Commissioner,Position 1,R,Under Votes,267
Benton,21,County Commissioner,Position 1,R,Write-ins,16
Benton,21,County Commissioner,Position 1,R,Under Votes,243
Benton,01,Labor Commissioner,,,Chris Lynch,423
Benton,01,Labor Commissioner,,,Christina E Stephenson,1500
Benton,01,Labor Commissioner,,,Write-ins,7
Benton,01,Labor Commissioner,,,Over Votes,2
Benton,01,Labor Commissioner,,,Under Votes,545
Benton,02,Labor Commissioner,,,Chris Lynch,116
Benton,02,Labor Commissioner,,,Christina E Stephenson,399
Benton,02,Labor Commissioner,,,Write-ins,1
Benton,02,Labor Commissioner,,,Under Votes,112
Benton,03,Labor Commissioner,,,Chris Lynch,315
Benton,03,Labor Commissioner,,,Christina E Stephenson,1121
Benton,03,Labor Commissioner,,,Write-ins,6
Benton,03,Labor Commissioner,,,Over Votes,2
Benton,03,Labor Commissioner,,,Under Votes,318
Benton,04,Labor Commissioner,,,Chris Lynch,60
Benton,04,Labor Commissioner,,,Christina E Stephenson,279
Benton,04,Labor Commissioner,,,Under Votes,87
Benton,05,Labor Commissioner,,,Chris Lynch,137
Benton,05,Labor Commissioner,,,Christina E Stephenson,583
Benton,05,Labor Commissioner,,,Write-ins,4
Benton,05,Labor Commissioner,,,Under Votes,147
Benton,06,Labor Commissioner,,,Chris Lynch,250
Benton,06,Labor Commissioner,,,Christina E Stephenson,1049
Benton,06,Labor Commissioner,,,Write-ins,5
Benton,06,Labor Commissioner,,,Over Votes,1
Benton,06,Labor Commissioner,,,Under Votes,299
Benton,07,Labor Commissioner,,,Chris Lynch,312
Benton,07,Labor Commissioner,,,Christina E Stephenson,1422
Benton,07,Labor Commissioner,,,Write-ins,3
Benton,07,Labor Commissioner,,,Under Votes,434
Benton,08,Labor Commissioner,,,Chris Lynch,386
Benton,08,Labor Commissioner,,,Christina E Stephenson,1801
Benton,08,Labor Commissioner,,,Write-ins,3
Benton,08,Labor Commissioner,,,Under Votes,580
Benton,09,Labor Commissioner,,,Chris Lynch,382
Benton,09,Labor Commissioner,,,Christina E Stephenson,1017
Benton,09,Labor Commissioner,,,Write-ins,7
Benton,09,Labor Commissioner,,,Over Votes,1
Benton,09,Labor Commissioner,,,Under Votes,338
Benton,10,Labor Commissioner,,,Chris Lynch,439
Benton,10,Labor Commissioner,,,Christina E Stephenson,959
Benton,10,Labor Commissioner,,,Write-ins,5
Benton,10,Labor Commissioner,,,Over Votes,1
Benton,10,Labor Commissioner,,,Under Votes,441
Benton,11,Labor Commissioner,,,Chris Lynch,1010
Benton,11,Labor Commissioner,,,Christina E Stephenson,1817
Benton,11,Labor Commissioner,,,Write-ins,21
Benton,11,Labor Commissioner,,,Over Votes,2
Benton,11,Labor Commissioner,,,Under Votes,898
Benton,12,Labor Commissioner,,,Chris Lynch,101
Benton,12,Labor Commissioner,,,Christina E Stephenson,189
Benton,12,Labor Commissioner,,,Write-ins,2
Benton,12,Labor Commissioner,,,Under Votes,87
Benton,13,Labor Commissioner,,,Chris Lynch,72
Benton,13,Labor Commissioner,,,Christina E Stephenson,83
Benton,13,Labor Commissioner,,,Under Votes,62
Benton,14,Labor Commissioner,,,Chris Lynch,101
Benton,14,Labor Commissioner,,,Christina E Stephenson,145
Benton,14,Labor Commissioner,,,Write-ins,1
Benton,14,Labor Commissioner,,,Under Votes,146
Benton,15,Labor Commissioner,,,Chris Lynch,503
Benton,15,Labor Commissioner,,,Christina E Stephenson,831
Benton,15,Labor Commissioner,,,Write-ins,8
Benton,15,Labor Commissioner,,,Under Votes,500
Benton,16,Labor Commissioner,,,Chris Lynch,744
Benton,16,Labor Commissioner,,,Christina E Stephenson,1837
Benton,16,Labor Commissioner,,,Write-ins,13
Benton,16,Labor Commissioner,,,Under Votes,822
Benton,17,Labor Commissioner,,,Chris Lynch,9
Benton,17,Labor Commissioner,,,Christina E Stephenson,13
Benton,17,Labor Commissioner,,,Under Votes,10
Benton,18,Labor Commissioner,,,Chris Lynch,293
Benton,18,Labor Commissioner,,,Christina E Stephenson,418
Benton,18,Labor Commissioner,,,Write-ins,3
Benton,18,Labor Commissioner,,,Under Votes,324
Benton,19,Labor Commissioner,,,Chris Lynch,202
Benton,19,Labor Commissioner,,,Christina E Stephenson,403
Benton,19,Labor Commissioner,,,Write-ins,1
Benton,19,Labor Commissioner,,,Over Votes,1
Benton,19,Labor Commissioner,,,Under Votes,222
Benton,20,Labor Commissioner,,,Chris Lynch,196
Benton,20,Labor Commissioner,,,Christina E Stephenson,197
Benton,20,Labor Commissioner,,,Write-ins,1
Benton,20,Labor Commissioner,,,Under Votes,160
Benton,21,Labor Commissioner,,,Chris Lynch,171
Benton,21,Labor Commissioner,,,Christina E Stephenson,171
Benton,21,Labor Commissioner,,,Write-ins,2
Benton,21,Labor Commissioner,,,Under Votes,160
Benton,01,Judge of the Supreme Court,Position 4,,Christopher L. Garrett,1588
Benton,01,Judge of the Supreme Court,Position 4,,Write-ins,15
Benton,01,Judge of the Supreme Court,Position 4,,Under Votes,874
Benton,02,Judge of the Supreme Court,Position 4,,Christopher L. Garrett,398
Benton,02,Judge of the Supreme Court,Position 4,,Write-ins,8
Benton,02,Judge of the Supreme Court,Position 4,,Under Votes,222
Benton,03,Judge of the Supreme Court,Position 4,,Christopher L. Garrett,1118
Benton,03,Judge of the Supreme Court,Position 4,,Write-ins,18
Benton,03,Judge of the Supreme Court,Position 4,,Under Votes,626
Benton,04,Judge of the Supreme Court,Position 4,,Christopher L. Garrett,274
Benton,04,Judge of the Supreme Court,Position 4,,Write-ins,4
Benton,04,Judge of the Supreme Court,Position 4,,Under Votes,148
Benton,05,Judge of the Supreme Court,Position 4,,Christopher L. Garrett,550
Benton,05,Judge of the Supreme Court,Position 4,,Write-ins,13
Benton,05,Judge of the Supreme Court,Position 4,,Under Votes,308
Benton,06,Judge of the Supreme Court,Position 4,,Christopher L. Garrett,959
Benton,06,Judge of the Supreme Court,Position 4,,Write-ins,18
Benton,06,Judge of the Supreme Court,Position 4,,Under Votes,627
Benton,07,Judge of the Supreme Court,Position 4,,Christopher L. Garrett,1347
Benton,07,Judge of the Supreme Court,Position 4,,Write-ins,10
Benton,07,Judge of the Supreme Court,Position 4,,Over Votes,1
Benton,07,Judge of the Supreme Court,Position 4,,Under Votes,813
Benton,08,Judge of the Supreme Court,Position 4,,Christopher L. Garrett,1786
Benton,08,Judge of the Supreme Court,Position 4,,Write-ins,4
Benton,08,Judge of the Supreme Court,Position 4,,Under Votes,980
Benton,09,Judge of the Supreme Court,Position 4,,Christopher L. Garrett,1116
Benton,09,Judge of the Supreme Court,Position 4,,Write-ins,12
Benton,09,Judge of the Supreme Court,Position 4,,Under Votes,617
Benton,10,Judge of the Supreme Court,Position 4,,Christopher L. Garrett,1120
Benton,10,Judge of the Supreme Court,Position 4,,Write-ins,19
Benton,10,Judge of the Supreme Court,Position 4,,Under Votes,706
Benton,11,Judge of the Supreme Court,Position 4,,Christopher L. Garrett,2168
Benton,11,Judge of the Supreme Court,Position 4,,Write-ins,58
Benton,11,Judge of the Supreme Court,Position 4,,Under Votes,1522
Benton,12,Judge of the Supreme Court,Position 4,,Christopher L. Garrett,220
Benton,12,Judge of the Supreme Court,Position 4,,Write-ins,3
Benton,12,Judge of the Supreme Court,Position 4,,Under Votes,156
Benton,13,Judge of the Supreme Court,Position 4,,Christopher L. Garrett,112
Benton,13,Judge of the Supreme Court,Position 4,,Write-ins,4
Benton,13,Judge of the Supreme Court,Position 4,,Under Votes,101
Benton,14,Judge of the Supreme Court,Position 4,,Christopher L. Garrett,163
Benton,14,Judge of the Supreme Court,Position 4,,Write-ins,5
Benton,14,Judge of the Supreme Court,Position 4,,Under Votes,225
Benton,15,Judge of the Supreme Court,Position 4,,Christopher L. Garrett,913
Benton,15,Judge of the Supreme Court,Position 4,,Write-ins,18
Benton,15,Judge of the Supreme Court,Position 4,,Under Votes,911
Benton,16,Judge of the Supreme Court,Position 4,,Christopher L. Garrett,1946
Benton,16,Judge of the Supreme Court,Position 4,,Write-ins,43
Benton,16,Judge of the Supreme Court,Position 4,,Over Votes,1
Benton,16,Judge of the Supreme Court,Position 4,,Under Votes,1426
Benton,17,Judge of the Supreme Court,Position 4,,Christopher L. Garrett,18
Benton,17,Judge of the Supreme Court,Position 4,,Write-ins,1
Benton,17,Judge of the Supreme Court,Position 4,,Under Votes,13
Benton,18,Judge of the Supreme Court,Position 4,,Christopher L. Garrett,520
Benton,18,Judge of the Supreme Court,Position 4,,Write-ins,13
Benton,18,Judge of the Supreme Court,Position 4,,Under Votes,505
Benton,19,Judge of the Supreme Court,Position 4,,Christopher L. Garrett,461
Benton,19,Judge of the Supreme Court,Position 4,,Write-ins,7
Benton,19,Judge of the Supreme Court,Position 4,,Under Votes,361
Benton,20,Judge of the Supreme Court,Position 4,,Christopher L. Garrett,259
Benton,20,Judge of the Supreme Court,Position 4,,Write-ins,11
Benton,20,Judge of the Supreme Court,Position 4,,Over Votes,1
Benton,20,Judge of the Supreme Court,Position 4,,Under Votes,283
Benton,21,Judge of the Supreme Court,Position 4,,Christopher L. Garrett,227
Benton,21,Judge of the Supreme Court,Position 4,,Write-ins,10
Benton,21,Judge of the Supreme Court,Position 4,,Under Votes,267
Benton,01,Judge of the Court of Appeals,Position 1,,Ryan T O'Connor,1597
Benton,01,Judge of the Court of Appeals,Position 1,,Write-ins,13
Benton,01,Judge of the Court of Appeals,Position 1,,Under Votes,867
Benton,02,Judge of the Court of Appeals,Position 1,,Ryan T O'Connor,398
Benton,02,Judge of the Court of Appeals,Position 1,,Write-ins,8
Benton,02,Judge of the Court of Appeals,Position 1,,Under Votes,222
Benton,03,Judge of the Court of Appeals,Position 1,,Ryan T O'Connor,1110
Benton,03,Judge of the Court of Appeals,Position 1,,Write-ins,19
Benton,03,Judge of the Court of Appeals,Position 1,,Under Votes,633
Benton,04,Judge of the Court of Appeals,Position 1,,Ryan T O'Connor,270
Benton,04,Judge of the Court of Appeals,Position 1,,Write-ins,2
Benton,04,Judge of the Court of Appeals,Position 1,,Under Votes,154
Benton,05,Judge of the Court of Appeals,Position 1,,Ryan T O'Connor,550
Benton,05,Judge of the Court of Appeals,Position 1,,Write-ins,11
Benton,05,Judge of the Court of Appeals,Position 1,,Under Votes,310
Benton,06,Judge of the Court of Appeals,Position 1,,Ryan T O'Connor,969
Benton,06,Judge of the Court of Appeals,Position 1,,Write-ins,14
Benton,06,Judge of the Court of Appeals,Position 1,,Under Votes,621
Benton,07,Judge of the Court of Appeals,Position 1,,Ryan T O'Connor,1345
Benton,07,Judge of the Court of Appeals,Position 1,,Write-ins,7
Benton,07,Judge of the Court of Appeals,Position 1,,Under Votes,819
Benton,08,Judge of the Court of Appeals,Position 1,,Ryan T O'Connor,1780
Benton,08,Judge of the Court of Appeals,Position 1,,Write-ins,4
Benton,08,Judge of the Court of Appeals,Position 1,,Under Votes,986
Benton,09,Judge of the Court of Appeals,Position 1,,Ryan T O'Connor,1106
Benton,09,Judge of the Court of Appeals,Position 1,,Write-ins,14
Benton,09,Judge of the Court of Appeals,Position 1,,Under Votes,625
Benton,10,Judge of the Court of Appeals,Position 1,,Ryan T O'Connor,1119
Benton,10,Judge of the Court of Appeals,Position 1,,Write-ins,14
Benton,10,Judge of the Court of Appeals,Position 1,,Under Votes,712
Benton,11,Judge of the Court of Appeals,Position 1,,Ryan T O'Connor,2163
Benton,11,Judge of the Court of Appeals,Position 1,,Write-ins,45
Benton,11,Judge of the Court of Appeals,Position 1,,Under Votes,1540
Benton,12,Judge of the Court of Appeals,Position 1,,Ryan T O'Connor,221
Benton,12,Judge of the Court of Appeals,Position 1,,Write-ins,3
Benton,12,Judge of the Court of Appeals,Position 1,,Under Votes,155
Benton,13,Judge of the Court of Appeals,Position 1,,Ryan T O'Connor,113
Benton,13,Judge of the Court of Appeals,Position 1,,Write-ins,5
Benton,13,Judge of the Court of Appeals,Position 1,,Under Votes,99
Benton,14,Judge of the Court of Appeals,Position 1,,Ryan T O'Connor,162
Benton,14,Judge of the Court of Appeals,Position 1,,Write-ins,3
Benton,14,Judge of the Court of Appeals,Position 1,,Under Votes,228
Benton,15,Judge of the Court of Appeals,Position 1,,Ryan T O'Connor,894
Benton,15,Judge of the Court of Appeals,Position 1,,Write-ins,14
Benton,15,Judge of the Court of Appeals,Position 1,,Under Votes,934
Benton,16,Judge of the Court of Appeals,Position 1,,Ryan T O'Connor,1967
Benton,16,Judge of the Court of Appeals,Position 1,,Write-ins,34
Benton,16,Judge of the Court of Appeals,Position 1,,Under Votes,1415
Benton,17,Judge of the Court of Appeals,Position 1,,Ryan T O'Connor,17
Benton,17,Judge of the Court of Appeals,Position 1,,Write-ins,1
Benton,17,Judge of the Court of Appeals,Position 1,,Under Votes,14
Benton,18,Judge of the Court of Appeals,Position 1,,Ryan T O'Connor,516
Benton,18,Judge of the Court of Appeals,Position 1,,Write-ins,14
Benton,18,Judge of the Court of Appeals,Position 1,,Under Votes,508
Benton,19,Judge of the Court of Appeals,Position 1,,Ryan T O'Connor,450
Benton,19,Judge of the Court of Appeals,Position 1,,Write-ins,6
Benton,19,Judge of the Court of Appeals,Position 1,,Under Votes,373
Benton,20,Judge of the Court of Appeals,Position 1,,Ryan T O'Connor,259
Benton,20,Judge of the Court of Appeals,Position 1,,Write-ins,9
Benton,20,Judge of the Court of Appeals,Position 1,,Over Votes,1
Benton,20,Judge of the Court of Appeals,Position 1,,Under Votes,285
Benton,21,Judge of the Court of Appeals,Position 1,,Ryan T O'Connor,225
Benton,21,Judge of the Court of Appeals,Position 1,,Write-ins,8
Benton,21,Judge of the Court of Appeals,Position 1,,Under Votes,271
Benton,01,Judge of the Court of Appeals,Position 9,,Jacqueline Kamins,1583
Benton,01,Judge of the Court of Appeals,Position 9,,Write-ins,12
Benton,01,Judge of the Court of Appeals,Position 9,,Under Votes,882
Benton,02,Judge of the Court of Appeals,Position 9,,Jacqueline Kamins,396
Benton,02,Judge of the Court of Appeals,Position 9,,Write-ins,9
Benton,02,Judge of the Court of Appeals,Position 9,,Under Votes,223
Benton,03,Judge of the Court of Appeals,Position 9,,Jacqueline Kamins,1123
Benton,03,Judge of the Court of Appeals,Position 9,,Write-ins,17
Benton,03,Judge of the Court of Appeals,Position 9,,Under Votes,622
Benton,04,Judge of the Court of Appeals,Position 9,,Jacqueline Kamins,278
Benton,04,Judge of the Court of Appeals,Position 9,,Write-ins,4
Benton,04,Judge of the Court of Appeals,Position 9,,Under Votes,144
Benton,05,Judge of the Court of Appeals,Position 9,,Jacqueline Kamins,550
Benton,05,Judge of the Court of Appeals,Position 9,,Write-ins,11
Benton,05,Judge of the Court of Appeals,Position 9,,Under Votes,310
Benton,06,Judge of the Court of Appeals,Position 9,,Jacqueline Kamins,970
Benton,06,Judge of the Court of Appeals,Position 9,,Write-ins,12
Benton,06,Judge of the Court of Appeals,Position 9,,Under Votes,622
Benton,07,Judge of the Court of Appeals,Position 9,,Jacqueline Kamins,1341
Benton,07,Judge of the Court of Appeals,Position 9,,Write-ins,10
Benton,07,Judge of the Court of Appeals,Position 9,,Under Votes,820
Benton,08,Judge of the Court of Appeals,Position 9,,Jacqueline Kamins,1786
Benton,08,Judge of the Court of Appeals,Position 9,,Write-ins,6
Benton,08,Judge of the Court of Appeals,Position 9,,Under Votes,978
Benton,09,Judge of the Court of Appeals,Position 9,,Jacqueline Kamins,1105
Benton,09,Judge of the Court of Appeals,Position 9,,Write-ins,14
Benton,09,Judge of the Court of Appeals,Position 9,,Under Votes,626
Benton,10,Judge of the Court of Appeals,Position 9,,Jacqueline Kamins,1112
Benton,10,Judge of the Court of Appeals,Position 9,,Write-ins,14
Benton,10,Judge of the Court of Appeals,Position 9,,Under Votes,719
Benton,11,Judge of the Court of Appeals,Position 9,,Jacqueline Kamins,2158
Benton,11,Judge of the Court of Appeals,Position 9,,Write-ins,38
Benton,11,Judge of the Court of Appeals,Position 9,,Under Votes,1552
Benton,12,Judge of the Court of Appeals,Position 9,,Jacqueline Kamins,223
Benton,12,Judge of the Court of Appeals,Position 9,,Write-ins,3
Benton,12,Judge of the Court of Appeals,Position 9,,Under Votes,153
Benton,13,Judge of the Court of Appeals,Position 9,,Jacqueline Kamins,111
Benton,13,Judge of the Court of Appeals,Position 9,,Write-ins,5
Benton,13,Judge of the Court of Appeals,Position 9,,Under Votes,101
Benton,14,Judge of the Court of Appeals,Position 9,,Jacqueline Kamins,152
Benton,14,Judge of the Court of Appeals,Position 9,,Write-ins,4
Benton,14,Judge of the Court of Appeals,Position 9,,Under Votes,237
Benton,15,Judge of the Court of Appeals,Position 9,,Jacqueline Kamins,891
Benton,15,Judge of the Court of Appeals,Position 9,,Write-ins,15
Benton,15,Judge of the Court of Appeals,Position 9,,Under Votes,936
Benton,16,Judge of the Court of Appeals,Position 9,,Jacqueline Kamins,1953
Benton,16,Judge of the Court of Appeals,Position 9,,Write-ins,34
Benton,16,Judge of the Court of Appeals,Position 9,,Under Votes,1429
Benton,17,Judge of the Court of Appeals,Position 9,,Jacqueline Kamins,18
Benton,17,Judge of the Court of Appeals,Position 9,,Write-ins,1
Benton,17,Judge of the Court of Appeals,Position 9,,Under Votes,13
Benton,18,Judge of the Court of Appeals,Position 9,,Jacqueline Kamins,500
Benton,18,Judge of the Court of Appeals,Position 9,,Write-ins,15
Benton,18,Judge of the Court of Appeals,Position 9,,Under Votes,523
Benton,19,Judge of the Court of Appeals,Position 9,,Jacqueline Kamins,450
Benton,19,Judge of the Court of Appeals,Position 9,,Write-ins,7
Benton,19,Judge of the Court of Appeals,Position 9,,Under Votes,372
Benton,20,Judge of the Court of Appeals,Position 9,,Jacqueline Kamins,249
Benton,20,Judge of the Court of Appeals,Position 9,,Write-ins,10
Benton,20,Judge of the Court of Appeals,Position 9,,Over Votes,1
Benton,20,Judge of the Court of Appeals,Position 9,,Under Votes,294
Benton,21,Judge of the Court of Appeals,Position 9,,Jacqueline Kamins,225
Benton,21,Judge of the Court of Appeals,Position 9,,Write-ins,8
Benton,21,Judge of the Court of Appeals,Position 9,,Under Votes,271
Benton,01,Judge of the Court of Appeals,Position 12,,Erin C Lagesen,1580
Benton,01,Judge of the Court of Appeals,Position 12,,Write-ins,15
Benton,01,Judge of the Court of Appeals,Position 12,,Under Votes,882
Benton,02,Judge of the Court of Appeals,Position 12,,Erin C Lagesen,395
Benton,02,Judge of the Court of Appeals,Position 12,,Write-ins,8
Benton,02,Judge of the Court of Appeals,Position 12,,Under Votes,225
Benton,03,Judge of the Court of Appeals,Position 12,,Erin C Lagesen,1116
Benton,03,Judge of the Court of Appeals,Position 12,,Write-ins,18
Benton,03,Judge of the Court of Appeals,Position 12,,Under Votes,628
Benton,04,Judge of the Court of Appeals,Position 12,,Erin C Lagesen,278
Benton,04,Judge of the Court of Appeals,Position 12,,Write-ins,2
Benton,04,Judge of the Court of Appeals,Position 12,,Under Votes,146
Benton,05,Judge of the Court of Appeals,Position 12,,Erin C Lagesen,558
Benton,05,Judge of the Court of Appeals,Position 12,,Write-ins,10
Benton,05,Judge of the Court of Appeals,Position 12,,Under Votes,303
Benton,06,Judge of the Court of Appeals,Position 12,,Erin C Lagesen,971
Benton,06,Judge of the Court of Appeals,Position 12,,Write-ins,12
Benton,06,Judge of the Court of Appeals,Position 12,,Under Votes,621
Benton,07,Judge of the Court of Appeals,Position 12,,Erin C Lagesen,1349
Benton,07,Judge of the Court of Appeals,Position 12,,Write-ins,7
Benton,07,Judge of the Court of Appeals,Position 12,,Under Votes,815
Benton,08,Judge of the Court of Appeals,Position 12,,Erin C Lagesen,1779
Benton,08,Judge of the Court of Appeals,Position 12,,Write-ins,6
Benton,08,Judge of the Court of Appeals,Position 12,,Under Votes,985
Benton,09,Judge of the Court of Appeals,Position 12,,Erin C Lagesen,1096
Benton,09,Judge of the Court of Appeals,Position 12,,Write-ins,14
Benton,09,Judge of the Court of Appeals,Position 12,,Under Votes,635
Benton,10,Judge of the Court of Appeals,Position 12,,Erin C Lagesen,1107
Benton,10,Judge of the Court of Appeals,Position 12,,Write-ins,15
Benton,10,Judge of the Court of Appeals,Position 12,,Under Votes,723
Benton,11,Judge of the Court of Appeals,Position 12,,Erin C Lagesen,2140
Benton,11,Judge of the Court of Appeals,Position 12,,Write-ins,49
Benton,11,Judge of the Court of Appeals,Position 12,,Under Votes,1559
Benton,12,Judge of the Court of Appeals,Position 12,,Erin C Lagesen,221
Benton,12,Judge of the Court of Appeals,Position 12,,Write-ins,3
Benton,12,Judge of the Court of Appeals,Position 12,,Under Votes,155
Benton,13,Judge of the Court of Appeals,Position 12,,Erin C Lagesen,111
Benton,13,Judge of the Court of Appeals,Position 12,,Write-ins,4
Benton,13,Judge of the Court of Appeals,Position 12,,Under Votes,102
Benton,14,Judge of the Court of Appeals,Position 12,,Erin C Lagesen,158
Benton,14,Judge of the Court of Appeals,Position 12,,Write-ins,3
Benton,14,Judge of the Court of Appeals,Position 12,,Under Votes,232
Benton,15,Judge of the Court of Appeals,Position 12,,Erin C Lagesen,890
Benton,15,Judge of the Court of Appeals,Position 12,,Write-ins,14
Benton,15,Judge of the Court of Appeals,Position 12,,Under Votes,938
Benton,16,Judge of the Court of Appeals,Position 12,,Erin C Lagesen,1958
Benton,16,Judge of the Court of Appeals,Position 12,,Write-ins,34
Benton,16,Judge of the Court of Appeals,Position 12,,Under Votes,1424
Benton,17,Judge of the Court of Appeals,Position 12,,Erin C Lagesen,18
Benton,17,Judge of the Court of Appeals,Position 12,,Write-ins,1
Benton,17,Judge of the Court of Appeals,Position 12,,Under Votes,13
Benton,18,Judge of the Court of Appeals,Position 12,,Erin C Lagesen,505
Benton,18,Judge of the Court of Appeals,Position 12,,Write-ins,12
Benton,18,Judge of the Court of Appeals,Position 12,,Under Votes,521
Benton,19,Judge of the Court of Appeals,Position 12,,Erin C Lagesen,454
Benton,19,Judge of the Court of Appeals,Position 12,,Write-ins,6
Benton,19,Judge of the Court of Appeals,Position 12,,Under Votes,369
Benton,20,Judge of the Court of Appeals,Position 12,,Erin C Lagesen,258
Benton,20,Judge of the Court of Appeals,Position 12,,Write-ins,10
Benton,20,Judge of the Court of Appeals,Position 12,,Over Votes,1
Benton,20,Judge of the Court of Appeals,Position 12,,Under Votes,285
Benton,21,Judge of the Court of Appeals,Position 12,,Erin C Lagesen,227
Benton,21,Judge of the Court of Appeals,Position 12,,Write-ins,8
Benton,21,Judge of the Court of Appeals,Position 12,,Under Votes,269
Benton,01,Judge of the Court of Appeals,Position 13,,Doug Tookey,1571
Benton,01,Judge of the Court of Appeals,Position 13,,Write-ins,14
Benton,01,Judge of the Court of Appeals,Position 13,,Under Votes,892
Benton,02,Judge of the Court of Appeals,Position 13,,Doug Tookey,390
Benton,02,Judge of the Court of Appeals,Position 13,,Write-ins,9
Benton,02,Judge of the Court of Appeals,Position 13,,Over Votes,1
Benton,02,Judge of the Court of Appeals,Position 13,,Under Votes,228
Benton,03,Judge of the Court of Appeals,Position 13,,Doug Tookey,1096
Benton,03,Judge of the Court of Appeals,Position 13,,Write-ins,17
Benton,03,Judge of the Court of Appeals,Position 13,,Under Votes,649
Benton,04,Judge of the Court of Appeals,Position 13,,Doug Tookey,267
Benton,04,Judge of the Court of Appeals,Position 13,,Write-ins,2
Benton,04,Judge of the Court of Appeals,Position 13,,Under Votes,157
Benton,05,Judge of the Court of Appeals,Position 13,,Doug Tookey,533
Benton,05,Judge of the Court of Appeals,Position 13,,Write-ins,10
Benton,05,Judge of the Court of Appeals,Position 13,,Under Votes,328
Benton,06,Judge of the Court of Appeals,Position 13,,Doug Tookey,952
Benton,06,Judge of the Court of Appeals,Position 13,,Write-ins,12
Benton,06,Judge of the Court of Appeals,Position 13,,Under Votes,640
Benton,07,Judge of the Court of Appeals,Position 13,,Doug Tookey,1331
Benton,07,Judge of the Court of Appeals,Position 13,,Write-ins,8
Benton,07,Judge of the Court of Appeals,Position 13,,Over Votes,1
Benton,07,Judge of the Court of Appeals,Position 13,,Under Votes,831
Benton,08,Judge of the Court of Appeals,Position 13,,Doug Tookey,1741
Benton,08,Judge of the Court of Appeals,Position 13,,Write-ins,6
Benton,08,Judge of the Court of Appeals,Position 13,,Under Votes,1023
Benton,09,Judge of the Court of Appeals,Position 13,,Doug Tookey,1084
Benton,09,Judge of the Court of Appeals,Position 13,,Write-ins,13
Benton,09,Judge of the Court of Appeals,Position 13,,Over Votes,1
Benton,09,Judge of the Court of Appeals,Position 13,,Under Votes,647
Benton,10,Judge of the Court of Appeals,Position 13,,Doug Tookey,1097
Benton,10,Judge of the Court of Appeals,Position 13,,Write-ins,14
Benton,10,Judge of the Court of Appeals,Position 13,,Under Votes,734
Benton,11,Judge of the Court of Appeals,Position 13,,Doug Tookey,2128
Benton,11,Judge of the Court of Appeals,Position 13,,Write-ins,47
Benton,11,Judge of the Court of Appeals,Position 13,,Under Votes,1573
Benton,12,Judge of the Court of Appeals,Position 13,,Doug Tookey,216
Benton,12,Judge of the Court of Appeals,Position 13,,Write-ins,3
Benton,12,Judge of the Court of Appeals,Position 13,,Under Votes,160
Benton,13,Judge of the Court of Appeals,Position 13,,Doug Tookey,112
Benton,13,Judge of the Court of Appeals,Position 13,,Write-ins,4
Benton,13,Judge of the Court of Appeals,Position 13,,Under Votes,101
Benton,14,Judge of the Court of Appeals,Position 13,,Doug Tookey,154
Benton,14,Judge of the Court of Appeals,Position 13,,Write-ins,3
Benton,14,Judge of the Court of Appeals,Position 13,,Under Votes,236
Benton,15,Judge of the Court of Appeals,Position 13,,Doug Tookey,881
Benton,15,Judge of the Court of Appeals,Position 13,,Write-ins,12
Benton,15,Judge of the Court of Appeals,Position 13,,Under Votes,949
Benton,16,Judge of the Court of Appeals,Position 13,,Doug Tookey,1926
Benton,16,Judge of the Court of Appeals,Position 13,,Write-ins,37
Benton,16,Judge of the Court of Appeals,Position 13,,Under Votes,1453
Benton,17,Judge of the Court of Appeals,Position 13,,Doug Tookey,18
Benton,17,Judge of the Court of Appeals,Position 13,,Under Votes,14
Benton,18,Judge of the Court of Appeals,Position 13,,Doug Tookey,512
Benton,18,Judge of the Court of Appeals,Position 13,,Write-ins,13
Benton,18,Judge of the Court of Appeals,Position 13,,Under Votes,513
Benton,19,Judge of the Court of Appeals,Position 13,,Doug Tookey,449
Benton,19,Judge of the Court of Appeals,Position 13,,Write-ins,6
Benton,19,Judge of the Court of Appeals,Position 13,,Under Votes,374
Benton,20,Judge of the Court of Appeals,Position 13,,Doug Tookey,253
Benton,20,Judge of the Court of Appeals,Position 13,,Write-ins,10
Benton,20,Judge of the Court of Appeals,Position 13,,Over Votes,1
Benton,20,Judge of the Court of Appeals,Position 13,,Under Votes,290
Benton,21,Judge of the Court of Appeals,Position 13,,Doug Tookey,226
Benton,21,Judge of the Court of Appeals,Position 13,,Write-ins,7
Benton,21,Judge of the Court of Appeals,Position 13,,Under Votes,271
Benton,01,Judge of the Circuit Court,"21st District, Position 2",,Matthew Donohue,1613
Benton,01,Judge of the Circuit Court,"21st District, Position 2",,Write-ins,13
Benton,01,Judge of the Circuit Court,"21st District, Position 2",,Under Votes,851
Benton,02,Judge of the Circuit Court,"21st District, Position 2",,Matthew Donohue,399
Benton,02,Judge of the Circuit Court,"21st District, Position 2",,Write-ins,9
Benton,02,Judge of the Circuit Court,"21st District, Position 2",,Over Votes,1
Benton,02,Judge of the Circuit Court,"21st District, Position 2",,Under Votes,219
Benton,03,Judge of the Circuit Court,"21st District, Position 2",,Matthew Donohue,1149
Benton,03,Judge of the Circuit Court,"21st District, Position 2",,Write-ins,15
Benton,03,Judge of the Circuit Court,"21st District, Position 2",,Under Votes,598
Benton,04,Judge of the Circuit Court,"21st District, Position 2",,Matthew Donohue,281
Benton,04,Judge of the Circuit Court,"21st District, Position 2",,Write-ins,1
Benton,04,Judge of the Circuit Court,"21st District, Position 2",,Under Votes,144
Benton,05,Judge of the Circuit Court,"21st District, Position 2",,Matthew Donohue,559
Benton,05,Judge of the Circuit Court,"21st District, Position 2",,Write-ins,7
Benton,05,Judge of the Circuit Court,"21st District, Position 2",,Under Votes,305
Benton,06,Judge of the Circuit Court,"21st District, Position 2",,Matthew Donohue,985
Benton,06,Judge of the Circuit Court,"21st District, Position 2",,Write-ins,12
Benton,06,Judge of the Circuit Court,"21st District, Position 2",,Under Votes,607
Benton,07,Judge of the Circuit Court,"21st District, Position 2",,Matthew Donohue,1351
Benton,07,Judge of the Circuit Court,"21st District, Position 2",,Write-ins,7
Benton,07,Judge of the Circuit Court,"21st District, Position 2",,Under Votes,813
Benton,08,Judge of the Circuit Court,"21st District, Position 2",,Matthew Donohue,1794
Benton,08,Judge of the Circuit Court,"21st District, Position 2",,Write-ins,4
Benton,08,Judge of the Circuit Court,"21st District, Position 2",,Under Votes,972
Benton,09,Judge of the Circuit Court,"21st District, Position 2",,Matthew Donohue,1098
Benton,09,Judge of the Circuit Court,"21st District, Position 2",,Write-ins,14
Benton,09,Judge of the Circuit Court,"21st District, Position 2",,Under Votes,633
Benton,10,Judge of the Circuit Court,"21st District, Position 2",,Matthew Donohue,1099
Benton,10,Judge of the Circuit Court,"21st District, Position 2",,Write-ins,16
Benton,10,Judge of the Circuit Court,"21st District, Position 2",,Under Votes,730
Benton,11,Judge of the Circuit Court,"21st District, Position 2",,Matthew Donohue,2159
Benton,11,Judge of the Circuit Court,"21st District, Position 2",,Write-ins,39
Benton,11,Judge of the Circuit Court,"21st District, Position 2",,Under Votes,1550
Benton,12,Judge of the Circuit Court,"21st District, Position 2",,Matthew Donohue,221
Benton,12,Judge of the Circuit Court,"21st District, Position 2",,Write-ins,3
Benton,12,Judge of the Circuit Court,"21st District, Position 2",,Under Votes,155
Benton,13,Judge of the Circuit Court,"21st District, Position 2",,Matthew Donohue,116
Benton,13,Judge of the Circuit Court,"21st District, Position 2",,Under Votes,101
Benton,14,Judge of the Circuit Court,"21st District, Position 2",,Matthew Donohue,160
Benton,14,Judge of the Circuit Court,"21st District, Position 2",,Write-ins,1
Benton,14,Judge of the Circuit Court,"21st District, Position 2",,Over Votes,1
Benton,14,Judge of the Circuit Court,"21st District, Position 2",,Under Votes,231
Benton,15,Judge of the Circuit Court,"21st District, Position 2",,Matthew Donohue,904
Benton,15,Judge of the Circuit Court,"21st District, Position 2",,Write-ins,11
Benton,15,Judge of the Circuit Court,"21st District, Position 2",,Under Votes,927
Benton,16,Judge of the Circuit Court,"21st District, Position 2",,Matthew Donohue,1982
Benton,16,Judge of the Circuit Court,"21st District, Position 2",,Write-ins,37
Benton,16,Judge of the Circuit Court,"21st District, Position 2",,Over Votes,1
Benton,16,Judge of the Circuit Court,"21st District, Position 2",,Under Votes,1396
Benton,17,Judge of the Circuit Court,"21st District, Position 2",,Matthew Donohue,17
Benton,17,Judge of the Circuit Court,"21st District, Position 2",,Under Votes,15
Benton,18,Judge of the Circuit Court,"21st District, Position 2",,Matthew Donohue,507
Benton,18,Judge of the Circuit Court,"21st District, Position 2",,Write-ins,10
Benton,18,Judge of the Circuit Court,"21st District, Position 2",,Under Votes,521
Benton,19,Judge of the Circuit Court,"21st District, Position 2",,Matthew Donohue,446
Benton,19,Judge of the Circuit Court,"21st District, Position 2",,Write-ins,5
Benton,19,Judge of the Circuit Court,"21st District, Position 2",,Over Votes,1
Benton,19,Judge of the Circuit Court,"21st District, Position 2",,Under Votes,377
Benton,20,Judge of the Circuit Court,"21st District, Position 2",,Matthew Donohue,255
Benton,20,Judge of the Circuit Court,"21st District, Position 2",,Write-ins,3
Benton,20,Judge of the Circuit Court,"21st District, Position 2",,Over Votes,1
Benton,20,Judge of the Circuit Court,"21st District, Position 2",,Under Votes,295
Benton,21,Judge of the Circuit Court,"21st District, Position 2",,Matthew Donohue,231
Benton,21,Judge of the Circuit Court,"21st District, Position 2",,Write-ins,4
Benton,21,Judge of the Circuit Court,"21st District, Position 2",,Under Votes,269
Benton,01,Judge of the Circuit Court,"21st District, Position 3",,Yema T Measho,1325
Benton,01,Judge of the Circuit Court,"21st District, Position 3",,Joseph O Elwood,307
Benton,01,Judge of the Circuit Court,"21st District, Position 3",,Michael W Flinn,464
Benton,01,Judge of the Circuit Court,"21st District, Position 3",,Write-ins,4
Benton,01,Judge of the Circuit Court,"21st District, Position 3",,Under Votes,377
Benton,02,Judge of the Circuit Court,"21st District, Position 3",,Yema T Measho,354
Benton,02,Judge of the Circuit Court,"21st District, Position 3",,Joseph O Elwood,61
Benton,02,Judge of the Circuit Court,"21st District, Position 3",,Michael W Flinn,102
Benton,02,Judge of the Circuit Court,"21st District, Position 3",,Write-ins,3
Benton,02,Judge of the Circuit Court,"21st District, Position 3",,Under Votes,108
Benton,03,Judge of the Circuit Court,"21st District, Position 3",,Yema T Measho,1025
Benton,03,Judge of the Circuit Court,"21st District, Position 3",,Joseph O Elwood,183
Benton,03,Judge of the Circuit Court,"21st District, Position 3",,Michael W Flinn,302
Benton,03,Judge of the Circuit Court,"21st District, Position 3",,Write-ins,4
Benton,03,Judge of the Circuit Court,"21st District, Position 3",,Over Votes,1
Benton,03,Judge of the Circuit Court,"21st District, Position 3",,Under Votes,247
Benton,04,Judge of the Circuit Court,"21st District, Position 3",,Yema T Measho,268
Benton,04,Judge of the Circuit Court,"21st District, Position 3",,Joseph O Elwood,33
Benton,04,Judge of the Circuit Court,"21st District, Position 3",,Michael W Flinn,58
Benton,04,Judge of the Circuit Court,"21st District, Position 3",,Under Votes,67
Benton,05,Judge of the Circuit Court,"21st District, Position 3",,Yema T Measho,557
Benton,05,Judge of the Circuit Court,"21st District, Position 3",,Joseph O Elwood,65
Benton,05,Judge of the Circuit Court,"21st District, Position 3",,Michael W Flinn,112
Benton,05,Judge of the Circuit Court,"21st District, Position 3",,Write-ins,3
Benton,05,Judge of the Circuit Court,"21st District, Position 3",,Over Votes,2
Benton,05,Judge of the Circuit Court,"21st District, Position 3",,Under Votes,132
Benton,06,Judge of the Circuit Court,"21st District, Position 3",,Yema T Measho,974
Benton,06,Judge of the Circuit Court,"21st District, Position 3",,Joseph O Elwood,158
Benton,06,Judge of the Circuit Court,"21st District, Position 3",,Michael W Flinn,242
Benton,06,Judge of the Circuit Court,"21st District, Position 3",,Write-ins,5
Benton,06,Judge of the Circuit Court,"21st District, Position 3",,Over Votes,2
Benton,06,Judge of the Circuit Court,"21st District, Position 3",,Under Votes,223
Benton,07,Judge of the Circuit Court,"21st District, Position 3",,Yema T Measho,1389
Benton,07,Judge of the Circuit Court,"21st District, Position 3",,Joseph O Elwood,179
Benton,07,Judge of the Circuit Court,"21st District, Position 3",,Michael W Flinn,324
Benton,07,Judge of the Circuit Court,"21st District, Position 3",,Write-ins,1
Benton,07,Judge of the Circuit Court,"21st District, Position 3",,Over Votes,1
Benton,07,Judge of the Circuit Court,"21st District, Position 3",,Under Votes,277
Benton,08,Judge of the Circuit Court,"21st District, Position 3",,Yema T Measho,1453
Benton,08,Judge of the Circuit Court,"21st District, Position 3",,Joseph O Elwood,327
Benton,08,Judge of the Circuit Court,"21st District, Position 3",,Michael W Flinn,544
Benton,08,Judge of the Circuit Court,"21st District, Position 3",,Write-ins,1
Benton,08,Judge of the Circuit Court,"21st District, Position 3",,Over Votes,2
Benton,08,Judge of the Circuit Court,"21st District, Position 3",,Under Votes,443
Benton,09,Judge of the Circuit Court,"21st District, Position 3",,Yema T Measho,885
Benton,09,Judge of the Circuit Court,"21st District, Position 3",,Joseph O Elwood,212
Benton,09,Judge of the Circuit Court,"21st District, Position 3",,Michael W Flinn,344
Benton,09,Judge of the Circuit Court,"21st District, Position 3",,Write-ins,9
Benton,09,Judge of the Circuit Court,"21st District, Position 3",,Over Votes,2
Benton,09,Judge of the Circuit Court,"21st District, Position 3",,Under Votes,293
Benton,10,Judge of the Circuit Court,"21st District, Position 3",,Yema T Measho,785
Benton,10,Judge of the Circuit Court,"21st District, Position 3",,Joseph O Elwood,292
Benton,10,Judge of the Circuit Court,"21st District, Position 3",,Michael W Flinn,382
Benton,10,Judge of the Circuit Court,"21st District, Position 3",,Write-ins,5
Benton,10,Judge of the Circuit Court,"21st District, Position 3",,Over Votes,2
Benton,10,Judge of the Circuit Court,"21st District, Position 3",,Under Votes,379
Benton,11,Judge of the Circuit Court,"21st District, Position 3",,Yema T Measho,1172
Benton,11,Judge of the Circuit Court,"21st District, Position 3",,Joseph O Elwood,744
Benton,11,Judge of the Circuit Court,"21st District, Position 3",,Michael W Flinn,994
Benton,11,Judge of the Circuit Court,"21st District, Position 3",,Write-ins,25
Benton,11,Judge of the Circuit Court,"21st District, Position 3",,Over Votes,3
Benton,11,Judge of the Circuit Court,"21st District, Position 3",,Under Votes,810
Benton,12,Judge of the Circuit Court,"21st District, Position 3",,Yema T Measho,138
Benton,12,Judge of the Circuit Court,"21st District, Position 3",,Joseph O Elwood,70
Benton,12,Judge of the Circuit Court,"21st District, Position 3",,Michael W Flinn,85
Benton,12,Judge of the Circuit Court,"21st District, Position 3",,Write-ins,2
Benton,12,Judge of the Circuit Court,"21st District, Position 3",,Under Votes,84
Benton,13,Judge of the Circuit Court,"21st District, Position 3",,Yema T Measho,61
Benton,13,Judge of the Circuit Court,"21st District, Position 3",,Joseph O Elwood,50
Benton,13,Judge of the Circuit Court,"21st District, Position 3",,Michael W Flinn,52
Benton,13,Judge of the Circuit Court,"21st District, Position 3",,Under Votes,54
Benton,14,Judge of the Circuit Court,"21st District, Position 3",,Yema T Measho,84
Benton,14,Judge of the Circuit Court,"21st District, Position 3",,Joseph O Elwood,73
Benton,14,Judge of the Circuit Court,"21st District, Position 3",,Michael W Flinn,100
Benton,14,Judge of the Circuit Court,"21st District, Position 3",,Under Votes,136
Benton,15,Judge of the Circuit Court,"21st District, Position 3",,Yema T Measho,647
Benton,15,Judge of the Circuit Court,"21st District, Position 3",,Joseph O Elwood,300
Benton,15,Judge of the Circuit Court,"21st District, Position 3",,Michael W Flinn,438
Benton,15,Judge of the Circuit Court,"21st District, Position 3",,Write-ins,5
Benton,15,Judge of the Circuit Court,"21st District, Position 3",,Over Votes,1
Benton,15,Judge of the Circuit Court,"21st District, Position 3",,Under Votes,451
Benton,16,Judge of the Circuit Court,"21st District, Position 3",,Yema T Measho,1465
Benton,16,Judge of the Circuit Court,"21st District, Position 3",,Joseph O Elwood,521
Benton,16,Judge of the Circuit Court,"21st District, Position 3",,Michael W Flinn,755
Benton,16,Judge of the Circuit Court,"21st District, Position 3",,Write-ins,17
Benton,16,Judge of the Circuit Court,"21st District, Position 3",,Under Votes,658
Benton,17,Judge of the Circuit Court,"21st District, Position 3",,Yema T Measho,13
Benton,17,Judge of the Circuit Court,"21st District, Position 3",,Joseph O Elwood,4
Benton,17,Judge of the Circuit Court,"21st District, Position 3",,Michael W Flinn,7
Benton,17,Judge of the Circuit Court,"21st District, Position 3",,Under Votes,8
Benton,18,Judge of the Circuit Court,"21st District, Position 3",,Yema T Measho,223
Benton,18,Judge of the Circuit Court,"21st District, Position 3",,Joseph O Elwood,226
Benton,18,Judge of the Circuit Court,"21st District, Position 3",,Michael W Flinn,310
Benton,18,Judge of the Circuit Court,"21st District, Position 3",,Under Votes,279
Benton,19,Judge of the Circuit Court,"21st District, Position 3",,Yema T Measho,271
Benton,19,Judge of the Circuit Court,"21st District, Position 3",,Joseph O Elwood,154
Benton,19,Judge of the Circuit Court,"21st District, Position 3",,Michael W Flinn,216
Benton,19,Judge of the Circuit Court,"21st District, Position 3",,Write-ins,3
Benton,19,Judge of the Circuit Court,"21st District, Position 3",,Under Votes,185
Benton,20,Judge of the Circuit Court,"21st District, Position 3",,Yema T Measho,148
Benton,20,Judge of the Circuit Court,"21st District, Position 3",,Joseph O Elwood,143
Benton,20,Judge of the Circuit Court,"21st District, Position 3",,Michael W Flinn,114
Benton,20,Judge of the Circuit Court,"21st District, Position 3",,Write-ins,2
Benton,20,Judge of the Circuit Court,"21st District, Position 3",,Over Votes,1
Benton,20,Judge of the Circuit Court,"21st District, Position 3",,Under Votes,146
Benton,21,Judge of the Circuit Court,"21st District, Position 3",,Yema T Measho,104
Benton,21,Judge of the Circuit Court,"21st District, Position 3",,Joseph O Elwood,133
Benton,21,Judge of the Circuit Court,"21st District, Position 3",,Michael W Flinn,117
Benton,21,Judge of the Circuit Court,"21st District, Position 3",,Write-ins,1
Benton,21,Judge of the Circuit Court,"21st District, Position 3",,Under Votes,149
Benton,01,Measure 120,,,Yes,846
Benton,01,Measure 120,,,No,1508
Benton,01,Measure 120,,,Under Votes,123
Benton,02,Measure 120,,,Yes,214
Benton,02,Measure 120,,,No,384
Benton,02,Measure 120,,,Under Votes,30
Benton,03,Measure 120,,,Yes,601
Benton,03,Measure 120,,,No,1103
Benton,03,Measure 120,,,Over Votes,1
Benton,03,Measure 120,,,Under Votes,57
Benton,04,Measure 120,,,Yes,183
Benton,04,Measure 120,,,No,212
Benton,04,Measure 120,,,Under Votes,31
Benton,05,Measure 120,,,Yes,365
Benton,05,Measure 120,,,No,461
Benton,05,Measure 120,,,Under Votes,45
Benton,06,Measure 120,,,Yes,550
Benton,06,Measure 120,,,No,967
Benton,06,Measure 120,,,Over Votes,1
Benton,06,Measure 120,,,Under Votes,86
Benton,07,Measure 120,,,Yes,983
Benton,07,Measure 120,,,No,1077
Benton,07,Measure 120,,,Over Votes,1
Benton,07,Measure 120,,,Under Votes,110
Benton,08,Measure 120,,,Yes,1023
Benton,08,Measure 120,,,No,1588
Benton,08,Measure 120,,,Over Votes,1
Benton,08,Measure 120,,,Under Votes,158
Benton,09,Measure 120,,,Yes,454
Benton,09,Measure 120,,,No,1223
Benton,09,Measure 120,,,Under Votes,68
Benton,10,Measure 120,,,Yes,366
Benton,10,Measure 120,,,No,1416
Benton,10,Measure 120,,,Under Votes,63
Benton,11,Measure 120,,,Yes,571
Benton,11,Measure 120,,,No,3014
Benton,11,Measure 120,,,Under Votes,163
Benton,12,Measure 120,,,Yes,72
Benton,12,Measure 120,,,No,297
Benton,12,Measure 120,,,Under Votes,10
Benton,13,Measure 120,,,Yes,14
Benton,13,Measure 120,,,No,194
Benton,13,Measure 120,,,Under Votes,9
Benton,14,Measure 120,,,Yes,34
Benton,14,Measure 120,,,No,352
Benton,14,Measure 120,,,Under Votes,7
Benton,15,Measure 120,,,Yes,312
Benton,15,Measure 120,,,No,1459
Benton,15,Measure 120,,,Under Votes,71
Benton,16,Measure 120,,,Yes,912
Benton,16,Measure 120,,,No,2320
Benton,16,Measure 120,,,Under Votes,184
Benton,17,Measure 120,,,Yes,6
Benton,17,Measure 120,,,No,21
Benton,17,Measure 120,,,Under Votes,5
Benton,18,Measure 120,,,Yes,101
Benton,18,Measure 120,,,No,898
Benton,18,Measure 120,,,Under Votes,39
Benton,19,Measure 120,,,Yes,150
Benton,19,Measure 120,,,No,648
Benton,19,Measure 120,,,Under Votes,31
Benton,20,Measure 120,,,Yes,56
Benton,20,Measure 120,,,No,466
Benton,20,Measure 120,,,Under Votes,32
Benton,21,Measure 120,,,Yes,41
Benton,21,Measure 120,,,No,433
Benton,21,Measure 120,,,Under Votes,30
Benton,10,Measure 2-147,,,Yes,866
Benton,10,Measure 2-147,,,No,882
Benton,10,Measure 2-147,,,Over Votes,6
Benton,10,Measure 2-147,,,Under Votes,91
Benton,10,Measure 2-148,,,Yes,1171
Benton,10,Measure 2-148,,,No,507
Benton,10,Measure 2-148,,,Over Votes,3
Benton,10,Measure 2-148,,,Under Votes,164
Benton,10,Measure 2-149,,,Yes,1183
Benton,10,Measure 2-149,,,No,501
Benton,10,Measure 2-149,,,Under Votes,161
Benton,10,Measure 2-150,,,Yes,1218
Benton,10,Measure 2-150,,,No,448
Benton,10,Measure 2-150,,,Under Votes,179
Benton,10,Measure 2-151,,,Yes,1155
Benton,10,Measure 2-151,,,No,516
Benton,10,Measure 2-151,,,Under Votes,174
Benton,10,Measure 2-152,,,Yes,1160
Benton,10,Measure 2-152,,,No,512
Benton,10,Measure 2-152,,,Under Votes,173
Benton,10,Measure 2-153,,,Yes,1156
Benton,10,Measure 2-153,,,No,520
Benton,10,Measure 2-153,,,Under Votes,169
Benton,10,Measure 2-154,,,Yes,1131
Benton,10,Measure 2-154,,,No,540
Benton,10,Measure 2-154,,,Under Votes,174
Benton,01,Measure 2-143,,,Yes,1819
Benton,01,Measure 2-143,,,No,379
Benton,01,Measure 2-143,,,Under Votes,279
Benton,02,Measure 2-143,,,Yes,441
Benton,02,Measure 2-143,,,No,119
Benton,02,Measure 2-143,,,Under Votes,68
Benton,03,Measure 2-143,,,Yes,1262
Benton,03,Measure 2-143,,,No,313
Benton,03,Measure 2-143,,,Under Votes,187
Benton,04,Measure 2-143,,,Yes,314
Benton,04,Measure 2-143,,,No,53
Benton,04,Measure 2-143,,,Under Votes,59
Benton,05,Measure 2-143,,,Yes,671
Benton,05,Measure 2-143,,,No,107
Benton,05,Measure 2-143,,,Under Votes,93
Benton,06,Measure 2-143,,,Yes,1173
Benton,06,Measure 2-143,,,No,258
Benton,06,Measure 2-143,,,Under Votes,173
Benton,07,Measure 2-143,,,Yes,1668
Benton,07,Measure 2-143,,,No,274
Benton,07,Measure 2-143,,,Under Votes,229
Benton,08,Measure 2-143,,,Yes,2086
Benton,08,Measure 2-143,,,No,375
Benton,08,Measure 2-143,,,Under Votes,309
Benton,09,Measure 2-143,,,Yes,1140
Benton,09,Measure 2-143,,,No,394
Benton,09,Measure 2-143,,,Over Votes,1
Benton,09,Measure 2-143,,,Under Votes,210
Benton,01,Measure 2-144,,,Yes,1760
Benton,01,Measure 2-144,,,No,415
Benton,01,Measure 2-144,,,Over Votes,3
Benton,01,Measure 2-144,,,Under Votes,299
Benton,02,Measure 2-144,,,Yes,420
Benton,02,Measure 2-144,,,No,133
Benton,02,Measure 2-144,,,Under Votes,75
Benton,03,Measure 2-144,,,Yes,1234
Benton,03,Measure 2-144,,,No,335
Benton,03,Measure 2-144,,,Under Votes,193
Benton,04,Measure 2-144,,,Yes,296
Benton,04,Measure 2-144,,,No,69
Benton,04,Measure 2-144,,,Under Votes,61
Benton,05,Measure 2-144,,,Yes,631
Benton,05,Measure 2-144,,,No,137
Benton,05,Measure 2-144,,,Over Votes,1
Benton,05,Measure 2-144,,,Under Votes,102
Benton,06,Measure 2-144,,,Yes,1134
Benton,06,Measure 2-144,,,No,288
Benton,06,Measure 2-144,,,Under Votes,182
Benton,07,Measure 2-144,,,Yes,1607
Benton,07,Measure 2-144,,,No,325
Benton,07,Measure 2-144,,,Under Votes,239
Benton,08,Measure 2-144,,,Yes,2020
Benton,08,Measure 2-144,,,No,429
Benton,08,Measure 2-144,,,Under Votes,321
Benton,09,Measure 2-144,,,Yes,1084
Benton,09,Measure 2-144,,,No,431
Benton,09,Measure 2-144,,,Over Votes,1
Benton,09,Measure 2-144,,,Under Votes,229
Benton,01,Measure 2-145,,,Yes,1749
Benton,01,Measure 2-145,,,No,402
Benton,01,Measure 2-145,,,Over Votes,1
Benton,01,Measure 2-145,,,Under Votes,325
Benton,02,Measure 2-145,,,Yes,426
Benton,02,Measure 2-145,,,No,121
Benton,02,Measure 2-145,,,Under Votes,81
Benton,03,Measure 2-145,,,Yes,1222
Benton,03,Measure 2-145,,,No,324
Benton,03,Measure 2-145,,,Under Votes,216
Benton,04,Measure 2-145,,,Yes,300
Benton,04,Measure 2-145,,,No,58
Benton,04,Measure 2-145,,,Under Votes,68
Benton,05,Measure 2-145,,,Yes,650
Benton,05,Measure 2-145,,,No,111
Benton,05,Measure 2-145,,,Under Votes,110
Benton,06,Measure 2-145,,,Yes,1112
Benton,06,Measure 2-145,,,No,290
Benton,06,Measure 2-145,,,Under Votes,202
Benton,07,Measure 2-145,,,Yes,1620
Benton,07,Measure 2-145,,,No,278
Benton,07,Measure 2-145,,,Under Votes,273
Benton,08,Measure 2-145,,,Yes,2017
Benton,08,Measure 2-145,,,No,395
Benton,08,Measure 2-145,,,Over Votes,2
Benton,08,Measure 2-145,,,Under Votes,356
Benton,09,Measure 2-145,,,Yes,1087
Benton,09,Measure 2-145,,,No,409
Benton,09,Measure 2-145,,,Under Votes,249
Benton,01,Measure 2-146,,,Yes,1740
Benton,01,Measure 2-146,,,No,392
Benton,01,Measure 2-146,,,Under Votes,345
Benton,02,Measure 2-146,,,Yes,428
Benton,02,Measure 2-146,,,No,120
Benton,02,Measure 2-146,,,Under Votes,80
Benton,03,Measure 2-146,,,Yes,1226
Benton,03,Measure 2-146,,,No,312
Benton,03,Measure 2-146,,,Under Votes,224
Benton,04,Measure 2-146,,,Yes,303
Benton,04,Measure 2-146,,,No,56
Benton,04,Measure 2-146,,,Under Votes,67
Benton,05,Measure 2-146,,,Yes,637
Benton,05,Measure 2-146,,,No,120
Benton,05,Measure 2-146,,,Under Votes,114
Benton,06,Measure 2-146,,,Yes,1119
Benton,06,Measure 2-146,,,No,256
Benton,06,Measure 2-146,,,Under Votes,229
Benton,07,Measure 2-146,,,Yes,1591
Benton,07,Measure 2-146,,,No,276
Benton,07,Measure 2-146,,,Under Votes,304
Benton,08,Measure 2-146,,,Yes,1978
Benton,08,Measure 2-146,,,No,388
Benton,08,Measure 2-146,,,Over Votes,1
Benton,08,Measure 2-146,,,Under Votes,403
Benton,09,Measure 2-146,,,Yes,1085
Benton,09,Measure 2-146,,,No,395
Benton,09,Measure 2-146,,,Under Votes,265
Benton,10,Measure 2-155,,,Yes,1193
Benton,10,Measure 2-155,,,No,575
Benton,10,Measure 2-155,,,Over Votes,1
Benton,10,Measure 2-155,,,Under Votes,76
Benton,15,Measure 2-155,,,Yes,874
Benton,15,Measure 2-155,,,No,513
Benton,15,Measure 2-155,,,Under Votes,56
Benton,16,Measure 2-155,,,Yes,43
Benton,16,Measure 2-155,,,No,33
Benton,16,Measure 2-155,,,Under Votes,2
Benton,19,Measure 2-155,,,Yes,348
Benton,19,Measure 2-155,,,No,182
Benton,19,Measure 2-155,,,Under Votes,22
Benton,16,Measure 2-142,,,Yes,27
Benton,16,Measure 2-142,,,No,11
Benton,16,Measure 2-156,,,Yes,96
Benton,16,Measure 2-156,,,No,19
Benton,16,Measure 2-156,,,Under Votes,1
