county,precinct,office,district,party,candidate,votes
Lake,P-1,Commissioner,Position 2,,Mitchell M. Sagariballa Jr,11
Lake,P-10,Commissioner,Position 2,,Mitchell M. Sagariballa Jr,17
Lake,P-11,Commissioner,Position 2,,Mitchell M. Sagariballa Jr,17
Lake,P-12,Commissioner,Position 2,,Mitchell M. Sagariballa Jr,27
Lake,P-13,Commissioner,Position 2,,Mitchell M. Sagariballa Jr,44
Lake,P-14,Commissioner,Position 2,,Mitchell M. Sagariballa Jr,4
Lake,P-15,Commissioner,Position 2,,Mitchell M. Sagariballa Jr,7
Lake,P-16,Commissioner,Position 2,,Mitchell M. Sagariballa Jr,8
Lake,P-18,Commissioner,Position 2,,Mitchell M. Sagariballa Jr,0
Lake,P-2,Commissioner,Position 2,,Mitchell M. Sagariballa Jr,1
Lake,P-20,Commissioner,Position 2,,Mitchell M. Sagariballa Jr,15
Lake,P-21,Commissioner,Position 2,,Mitchell M. Sagariballa Jr,11
Lake,P-3,Commissioner,Position 2,,Mitchell M. Sagariballa Jr,12
Lake,P-4,Commissioner,Position 2,,Mitchell M. Sagariballa Jr,17
Lake,P-5,Commissioner,Position 2,,Mitchell M. Sagariballa Jr,3
Lake,P-6,Commissioner,Position 2,,Mitchell M. Sagariballa Jr,2
Lake,P-7,Commissioner,Position 2,,Mitchell M. Sagariballa Jr,9
Lake,P-8,Commissioner,Position 2,,Mitchell M. Sagariballa Jr,10
Lake,P-9,Commissioner,Position 2,,Mitchell M. Sagariballa Jr,11
Lake,P-1,Commissioner,Position 2,,Over Votes,0
Lake,P-10,Commissioner,Position 2,,Over Votes,0
Lake,P-11,Commissioner,Position 2,,Over Votes,0
Lake,P-12,Commissioner,Position 2,,Over Votes,0
Lake,P-13,Commissioner,Position 2,,Over Votes,0
Lake,P-14,Commissioner,Position 2,,Over Votes,0
Lake,P-15,Commissioner,Position 2,,Over Votes,0
Lake,P-16,Commissioner,Position 2,,Over Votes,0
Lake,P-18,Commissioner,Position 2,,Over Votes,0
Lake,P-2,Commissioner,Position 2,,Over Votes,0
Lake,P-20,Commissioner,Position 2,,Over Votes,0
Lake,P-21,Commissioner,Position 2,,Over Votes,0
Lake,P-3,Commissioner,Position 2,,Over Votes,0
Lake,P-4,Commissioner,Position 2,,Over Votes,0
Lake,P-5,Commissioner,Position 2,,Over Votes,0
Lake,P-6,Commissioner,Position 2,,Over Votes,0
Lake,P-7,Commissioner,Position 2,,Over Votes,0
Lake,P-8,Commissioner,Position 2,,Over Votes,0
Lake,P-9,Commissioner,Position 2,,Over Votes,0
Lake,P-1,Commissioner,Position 2,,Steve Anderson,73
Lake,P-10,Commissioner,Position 2,,Steve Anderson,136
Lake,P-11,Commissioner,Position 2,,Steve Anderson,138
Lake,P-12,Commissioner,Position 2,,Steve Anderson,337
Lake,P-13,Commissioner,Position 2,,Steve Anderson,441
Lake,P-14,Commissioner,Position 2,,Steve Anderson,79
Lake,P-15,Commissioner,Position 2,,Steve Anderson,71
Lake,P-16,Commissioner,Position 2,,Steve Anderson,49
Lake,P-18,Commissioner,Position 2,,Steve Anderson,21
Lake,P-2,Commissioner,Position 2,,Steve Anderson,49
Lake,P-20,Commissioner,Position 2,,Steve Anderson,117
Lake,P-21,Commissioner,Position 2,,Steve Anderson,132
Lake,P-3,Commissioner,Position 2,,Steve Anderson,96
Lake,P-4,Commissioner,Position 2,,Steve Anderson,181
Lake,P-5,Commissioner,Position 2,,Steve Anderson,30
Lake,P-6,Commissioner,Position 2,,Steve Anderson,33
Lake,P-7,Commissioner,Position 2,,Steve Anderson,127
Lake,P-8,Commissioner,Position 2,,Steve Anderson,132
Lake,P-9,Commissioner,Position 2,,Steve Anderson,131
Lake,P-1,Commissioner,Position 2,,Under Votes,17
Lake,P-10,Commissioner,Position 2,,Under Votes,24
Lake,P-11,Commissioner,Position 2,,Under Votes,10
Lake,P-12,Commissioner,Position 2,,Under Votes,39
Lake,P-13,Commissioner,Position 2,,Under Votes,97
Lake,P-14,Commissioner,Position 2,,Under Votes,22
Lake,P-15,Commissioner,Position 2,,Under Votes,7
Lake,P-16,Commissioner,Position 2,,Under Votes,1
Lake,P-18,Commissioner,Position 2,,Under Votes,0
Lake,P-2,Commissioner,Position 2,,Under Votes,10
Lake,P-20,Commissioner,Position 2,,Under Votes,6
Lake,P-21,Commissioner,Position 2,,Under Votes,13
Lake,P-3,Commissioner,Position 2,,Under Votes,22
Lake,P-4,Commissioner,Position 2,,Under Votes,11
Lake,P-5,Commissioner,Position 2,,Under Votes,6
Lake,P-6,Commissioner,Position 2,,Under Votes,5
Lake,P-7,Commissioner,Position 2,,Under Votes,10
Lake,P-8,Commissioner,Position 2,,Under Votes,8
Lake,P-9,Commissioner,Position 2,,Under Votes,16
Lake,P-1,Commissioner,Position 2,,Write-ins,0
Lake,P-10,Commissioner,Position 2,,Write-ins,0
Lake,P-11,Commissioner,Position 2,,Write-ins,6
Lake,P-12,Commissioner,Position 2,,Write-ins,0
Lake,P-13,Commissioner,Position 2,,Write-ins,5
Lake,P-14,Commissioner,Position 2,,Write-ins,0
Lake,P-15,Commissioner,Position 2,,Write-ins,0
Lake,P-16,Commissioner,Position 2,,Write-ins,0
Lake,P-18,Commissioner,Position 2,,Write-ins,0
Lake,P-2,Commissioner,Position 2,,Write-ins,2
Lake,P-20,Commissioner,Position 2,,Write-ins,2
Lake,P-21,Commissioner,Position 2,,Write-ins,5
Lake,P-3,Commissioner,Position 2,,Write-ins,4
Lake,P-4,Commissioner,Position 2,,Write-ins,0
Lake,P-5,Commissioner,Position 2,,Write-ins,0
Lake,P-6,Commissioner,Position 2,,Write-ins,0
Lake,P-7,Commissioner,Position 2,,Write-ins,3
Lake,P-8,Commissioner,Position 2,,Write-ins,1
Lake,P-9,Commissioner,Position 2,,Write-ins,0
Lake,P-1,Commissioner,Position 3,,Edward N. Mudd,11
Lake,P-10,Commissioner,Position 3,,Edward N. Mudd,22
Lake,P-11,Commissioner,Position 3,,Edward N. Mudd,34
Lake,P-12,Commissioner,Position 3,,Edward N. Mudd,43
Lake,P-13,Commissioner,Position 3,,Edward N. Mudd,74
Lake,P-14,Commissioner,Position 3,,Edward N. Mudd,16
Lake,P-15,Commissioner,Position 3,,Edward N. Mudd,15
Lake,P-16,Commissioner,Position 3,,Edward N. Mudd,4
Lake,P-18,Commissioner,Position 3,,Edward N. Mudd,1
Lake,P-2,Commissioner,Position 3,,Edward N. Mudd,8
Lake,P-20,Commissioner,Position 3,,Edward N. Mudd,22
Lake,P-21,Commissioner,Position 3,,Edward N. Mudd,21
Lake,P-3,Commissioner,Position 3,,Edward N. Mudd,17
Lake,P-4,Commissioner,Position 3,,Edward N. Mudd,27
Lake,P-5,Commissioner,Position 3,,Edward N. Mudd,2
Lake,P-6,Commissioner,Position 3,,Edward N. Mudd,1
Lake,P-7,Commissioner,Position 3,,Edward N. Mudd,33
Lake,P-8,Commissioner,Position 3,,Edward N. Mudd,27
Lake,P-9,Commissioner,Position 3,,Edward N. Mudd,27
Lake,P-1,Commissioner,Position 3,,Mark Albertson,70
Lake,P-10,Commissioner,Position 3,,Mark Albertson,148
Lake,P-11,Commissioner,Position 3,,Mark Albertson,107
Lake,P-12,Commissioner,Position 3,,Mark Albertson,320
Lake,P-13,Commissioner,Position 3,,Mark Albertson,399
Lake,P-14,Commissioner,Position 3,,Mark Albertson,76
Lake,P-15,Commissioner,Position 3,,Mark Albertson,61
Lake,P-16,Commissioner,Position 3,,Mark Albertson,48
Lake,P-18,Commissioner,Position 3,,Mark Albertson,20
Lake,P-2,Commissioner,Position 3,,Mark Albertson,45
Lake,P-20,Commissioner,Position 3,,Mark Albertson,97
Lake,P-21,Commissioner,Position 3,,Mark Albertson,112
Lake,P-3,Commissioner,Position 3,,Mark Albertson,96
Lake,P-4,Commissioner,Position 3,,Mark Albertson,160
Lake,P-5,Commissioner,Position 3,,Mark Albertson,32
Lake,P-6,Commissioner,Position 3,,Mark Albertson,33
Lake,P-7,Commissioner,Position 3,,Mark Albertson,95
Lake,P-8,Commissioner,Position 3,,Mark Albertson,107
Lake,P-9,Commissioner,Position 3,,Mark Albertson,113
Lake,P-1,Commissioner,Position 3,,Over Votes,0
Lake,P-10,Commissioner,Position 3,,Over Votes,0
Lake,P-11,Commissioner,Position 3,,Over Votes,0
Lake,P-12,Commissioner,Position 3,,Over Votes,0
Lake,P-13,Commissioner,Position 3,,Over Votes,3
Lake,P-14,Commissioner,Position 3,,Over Votes,0
Lake,P-15,Commissioner,Position 3,,Over Votes,0
Lake,P-16,Commissioner,Position 3,,Over Votes,0
Lake,P-18,Commissioner,Position 3,,Over Votes,0
Lake,P-2,Commissioner,Position 3,,Over Votes,0
Lake,P-20,Commissioner,Position 3,,Over Votes,0
Lake,P-21,Commissioner,Position 3,,Over Votes,0
Lake,P-3,Commissioner,Position 3,,Over Votes,0
Lake,P-4,Commissioner,Position 3,,Over Votes,0
Lake,P-5,Commissioner,Position 3,,Over Votes,0
Lake,P-6,Commissioner,Position 3,,Over Votes,0
Lake,P-7,Commissioner,Position 3,,Over Votes,0
Lake,P-8,Commissioner,Position 3,,Over Votes,0
Lake,P-9,Commissioner,Position 3,,Over Votes,1
Lake,P-1,Commissioner,Position 3,,Under Votes,11
Lake,P-10,Commissioner,Position 3,,Under Votes,5
Lake,P-11,Commissioner,Position 3,,Under Votes,7
Lake,P-12,Commissioner,Position 3,,Under Votes,12
Lake,P-13,Commissioner,Position 3,,Under Votes,81
Lake,P-14,Commissioner,Position 3,,Under Votes,13
Lake,P-15,Commissioner,Position 3,,Under Votes,1
Lake,P-16,Commissioner,Position 3,,Under Votes,1
Lake,P-18,Commissioner,Position 3,,Under Votes,0
Lake,P-2,Commissioner,Position 3,,Under Votes,6
Lake,P-20,Commissioner,Position 3,,Under Votes,1
Lake,P-21,Commissioner,Position 3,,Under Votes,10
Lake,P-3,Commissioner,Position 3,,Under Votes,9
Lake,P-4,Commissioner,Position 3,,Under Votes,6
Lake,P-5,Commissioner,Position 3,,Under Votes,5
Lake,P-6,Commissioner,Position 3,,Under Votes,4
Lake,P-7,Commissioner,Position 3,,Under Votes,2
Lake,P-8,Commissioner,Position 3,,Under Votes,9
Lake,P-9,Commissioner,Position 3,,Under Votes,4
Lake,P-1,Commissioner,Position 3,,William Brock Sutfin,9
Lake,P-10,Commissioner,Position 3,,William Brock Sutfin,2
Lake,P-11,Commissioner,Position 3,,William Brock Sutfin,22
Lake,P-12,Commissioner,Position 3,,William Brock Sutfin,28
Lake,P-13,Commissioner,Position 3,,William Brock Sutfin,27
Lake,P-14,Commissioner,Position 3,,William Brock Sutfin,0
Lake,P-15,Commissioner,Position 3,,William Brock Sutfin,8
Lake,P-16,Commissioner,Position 3,,William Brock Sutfin,5
Lake,P-18,Commissioner,Position 3,,William Brock Sutfin,0
Lake,P-2,Commissioner,Position 3,,William Brock Sutfin,2
Lake,P-20,Commissioner,Position 3,,William Brock Sutfin,18
Lake,P-21,Commissioner,Position 3,,William Brock Sutfin,13
Lake,P-3,Commissioner,Position 3,,William Brock Sutfin,11
Lake,P-4,Commissioner,Position 3,,William Brock Sutfin,16
Lake,P-5,Commissioner,Position 3,,William Brock Sutfin,0
Lake,P-6,Commissioner,Position 3,,William Brock Sutfin,2
Lake,P-7,Commissioner,Position 3,,William Brock Sutfin,18
Lake,P-8,Commissioner,Position 3,,William Brock Sutfin,5
Lake,P-9,Commissioner,Position 3,,William Brock Sutfin,13
Lake,P-1,Commissioner,Position 3,,Write-ins,0
Lake,P-10,Commissioner,Position 3,,Write-ins,0
Lake,P-11,Commissioner,Position 3,,Write-ins,1
Lake,P-12,Commissioner,Position 3,,Write-ins,0
Lake,P-13,Commissioner,Position 3,,Write-ins,3
Lake,P-14,Commissioner,Position 3,,Write-ins,0
Lake,P-15,Commissioner,Position 3,,Write-ins,0
Lake,P-16,Commissioner,Position 3,,Write-ins,0
Lake,P-18,Commissioner,Position 3,,Write-ins,0
Lake,P-2,Commissioner,Position 3,,Write-ins,1
Lake,P-20,Commissioner,Position 3,,Write-ins,2
Lake,P-21,Commissioner,Position 3,,Write-ins,5
Lake,P-3,Commissioner,Position 3,,Write-ins,1
Lake,P-4,Commissioner,Position 3,,Write-ins,0
Lake,P-5,Commissioner,Position 3,,Write-ins,0
Lake,P-6,Commissioner,Position 3,,Write-ins,0
Lake,P-7,Commissioner,Position 3,,Write-ins,1
Lake,P-8,Commissioner,Position 3,,Write-ins,3
Lake,P-9,Commissioner,Position 3,,Write-ins,0
Lake,P-1,Governor,,D,Brittany Jones,0
Lake,P-10,Governor,,D,Brittany Jones,0
Lake,P-11,Governor,,D,Brittany Jones,0
Lake,P-12,Governor,,D,Brittany Jones,2
Lake,P-13,Governor,,D,Brittany Jones,5
Lake,P-14,Governor,,D,Brittany Jones,1
Lake,P-15,Governor,,D,Brittany Jones,1
Lake,P-16,Governor,,D,Brittany Jones,0
Lake,P-18,Governor,,D,Brittany Jones,0
Lake,P-2,Governor,,D,Brittany Jones,1
Lake,P-20,Governor,,D,Brittany Jones,2
Lake,P-21,Governor,,D,Brittany Jones,0
Lake,P-3,Governor,,D,Brittany Jones,1
Lake,P-4,Governor,,D,Brittany Jones,1
Lake,P-5,Governor,,D,Brittany Jones,0
Lake,P-6,Governor,,D,Brittany Jones,0
Lake,P-7,Governor,,D,Brittany Jones,4
Lake,P-8,Governor,,D,Brittany Jones,0
Lake,P-9,Governor,,D,Brittany Jones,2
Lake,P-1,Governor,,D,Cal Kishawi,0
Lake,P-10,Governor,,D,Cal Kishawi,0
Lake,P-11,Governor,,D,Cal Kishawi,0
Lake,P-12,Governor,,D,Cal Kishawi,0
Lake,P-13,Governor,,D,Cal Kishawi,0
Lake,P-14,Governor,,D,Cal Kishawi,0
Lake,P-15,Governor,,D,Cal Kishawi,0
Lake,P-16,Governor,,D,Cal Kishawi,0
Lake,P-18,Governor,,D,Cal Kishawi,0
Lake,P-2,Governor,,D,Cal Kishawi,0
Lake,P-20,Governor,,D,Cal Kishawi,0
Lake,P-21,Governor,,D,Cal Kishawi,0
Lake,P-3,Governor,,D,Cal Kishawi,0
Lake,P-4,Governor,,D,Cal Kishawi,1
Lake,P-5,Governor,,D,Cal Kishawi,0
Lake,P-6,Governor,,D,Cal Kishawi,0
Lake,P-7,Governor,,D,Cal Kishawi,0
Lake,P-8,Governor,,D,Cal Kishawi,1
Lake,P-9,Governor,,D,Cal Kishawi,0
Lake,P-1,Governor,,D,David W. Beem,0
Lake,P-10,Governor,,D,David W. Beem,0
Lake,P-11,Governor,,D,David W. Beem,0
Lake,P-12,Governor,,D,David W. Beem,1
Lake,P-13,Governor,,D,David W. Beem,4
Lake,P-14,Governor,,D,David W. Beem,0
Lake,P-15,Governor,,D,David W. Beem,0
Lake,P-16,Governor,,D,David W. Beem,0
Lake,P-18,Governor,,D,David W. Beem,0
Lake,P-2,Governor,,D,David W. Beem,0
Lake,P-20,Governor,,D,David W. Beem,1
Lake,P-21,Governor,,D,David W. Beem,2
Lake,P-3,Governor,,D,David W. Beem,0
Lake,P-4,Governor,,D,David W. Beem,0
Lake,P-5,Governor,,D,David W. Beem,0
Lake,P-6,Governor,,D,David W. Beem,0
Lake,P-7,Governor,,D,David W. Beem,1
Lake,P-8,Governor,,D,David W. Beem,1
Lake,P-9,Governor,,D,David W. Beem,0
Lake,P-1,Governor,,D,Donnie M. Beckwith,0
Lake,P-10,Governor,,D,Donnie M. Beckwith,0
Lake,P-11,Governor,,D,Donnie M. Beckwith,0
Lake,P-12,Governor,,D,Donnie M. Beckwith,1
Lake,P-13,Governor,,D,Donnie M. Beckwith,0
Lake,P-14,Governor,,D,Donnie M. Beckwith,0
Lake,P-15,Governor,,D,Donnie M. Beckwith,1
Lake,P-16,Governor,,D,Donnie M. Beckwith,0
Lake,P-18,Governor,,D,Donnie M. Beckwith,0
Lake,P-2,Governor,,D,Donnie M. Beckwith,0
Lake,P-20,Governor,,D,Donnie M. Beckwith,0
Lake,P-21,Governor,,D,Donnie M. Beckwith,0
Lake,P-3,Governor,,D,Donnie M. Beckwith,0
Lake,P-4,Governor,,D,Donnie M. Beckwith,0
Lake,P-5,Governor,,D,Donnie M. Beckwith,0
Lake,P-6,Governor,,D,Donnie M. Beckwith,0
Lake,P-7,Governor,,D,Donnie M. Beckwith,1
Lake,P-8,Governor,,D,Donnie M. Beckwith,0
Lake,P-9,Governor,,D,Donnie M. Beckwith,0
Lake,P-1,Governor,,D,Forest (Fora) Alexander,0
Lake,P-10,Governor,,D,Forest (Fora) Alexander,0
Lake,P-11,Governor,,D,Forest (Fora) Alexander,2
Lake,P-12,Governor,,D,Forest (Fora) Alexander,1
Lake,P-13,Governor,,D,Forest (Fora) Alexander,2
Lake,P-14,Governor,,D,Forest (Fora) Alexander,0
Lake,P-15,Governor,,D,Forest (Fora) Alexander,0
Lake,P-16,Governor,,D,Forest (Fora) Alexander,1
Lake,P-18,Governor,,D,Forest (Fora) Alexander,0
Lake,P-2,Governor,,D,Forest (Fora) Alexander,0
Lake,P-20,Governor,,D,Forest (Fora) Alexander,1
Lake,P-21,Governor,,D,Forest (Fora) Alexander,0
Lake,P-3,Governor,,D,Forest (Fora) Alexander,0
Lake,P-4,Governor,,D,Forest (Fora) Alexander,1
Lake,P-5,Governor,,D,Forest (Fora) Alexander,1
Lake,P-6,Governor,,D,Forest (Fora) Alexander,0
Lake,P-7,Governor,,D,Forest (Fora) Alexander,1
Lake,P-8,Governor,,D,Forest (Fora) Alexander,0
Lake,P-9,Governor,,D,Forest (Fora) Alexander,1
Lake,P-1,Governor,,D,James Atkinson Iv,0
Lake,P-10,Governor,,D,James Atkinson Iv,0
Lake,P-11,Governor,,D,James Atkinson Iv,1
Lake,P-12,Governor,,D,James Atkinson Iv,1
Lake,P-13,Governor,,D,James Atkinson Iv,3
Lake,P-14,Governor,,D,James Atkinson Iv,0
Lake,P-15,Governor,,D,James Atkinson Iv,0
Lake,P-16,Governor,,D,James Atkinson Iv,0
Lake,P-18,Governor,,D,James Atkinson Iv,0
Lake,P-2,Governor,,D,James Atkinson Iv,0
Lake,P-20,Governor,,D,James Atkinson Iv,1
Lake,P-21,Governor,,D,James Atkinson Iv,0
Lake,P-3,Governor,,D,James Atkinson Iv,1
Lake,P-4,Governor,,D,James Atkinson Iv,1
Lake,P-5,Governor,,D,James Atkinson Iv,0
Lake,P-6,Governor,,D,James Atkinson Iv,0
Lake,P-7,Governor,,D,James Atkinson Iv,1
Lake,P-8,Governor,,D,James Atkinson Iv,0
Lake,P-9,Governor,,D,James Atkinson Iv,0
Lake,P-1,Governor,,D,Miranda Weigler,0
Lake,P-10,Governor,,D,Miranda Weigler,0
Lake,P-11,Governor,,D,Miranda Weigler,1
Lake,P-12,Governor,,D,Miranda Weigler,1
Lake,P-13,Governor,,D,Miranda Weigler,0
Lake,P-14,Governor,,D,Miranda Weigler,0
Lake,P-15,Governor,,D,Miranda Weigler,0
Lake,P-16,Governor,,D,Miranda Weigler,0
Lake,P-18,Governor,,D,Miranda Weigler,0
Lake,P-2,Governor,,D,Miranda Weigler,0
Lake,P-20,Governor,,D,Miranda Weigler,1
Lake,P-21,Governor,,D,Miranda Weigler,0
Lake,P-3,Governor,,D,Miranda Weigler,0
Lake,P-4,Governor,,D,Miranda Weigler,0
Lake,P-5,Governor,,D,Miranda Weigler,0
Lake,P-6,Governor,,D,Miranda Weigler,0
Lake,P-7,Governor,,D,Miranda Weigler,0
Lake,P-8,Governor,,D,Miranda Weigler,3
Lake,P-9,Governor,,D,Miranda Weigler,0
Lake,P-1,Governor,,D,Over Votes,0
Lake,P-10,Governor,,D,Over Votes,0
Lake,P-11,Governor,,D,Over Votes,0
Lake,P-12,Governor,,D,Over Votes,0
Lake,P-13,Governor,,D,Over Votes,0
Lake,P-14,Governor,,D,Over Votes,0
Lake,P-15,Governor,,D,Over Votes,0
Lake,P-16,Governor,,D,Over Votes,0
Lake,P-18,Governor,,D,Over Votes,0
Lake,P-2,Governor,,D,Over Votes,0
Lake,P-20,Governor,,D,Over Votes,0
Lake,P-21,Governor,,D,Over Votes,0
Lake,P-3,Governor,,D,Over Votes,0
Lake,P-4,Governor,,D,Over Votes,0
Lake,P-5,Governor,,D,Over Votes,0
Lake,P-6,Governor,,D,Over Votes,0
Lake,P-7,Governor,,D,Over Votes,0
Lake,P-8,Governor,,D,Over Votes,0
Lake,P-9,Governor,,D,Over Votes,0
Lake,P-1,Governor,,D,Steve William Laible,0
Lake,P-10,Governor,,D,Steve William Laible,0
Lake,P-11,Governor,,D,Steve William Laible,0
Lake,P-12,Governor,,D,Steve William Laible,1
Lake,P-13,Governor,,D,Steve William Laible,0
Lake,P-14,Governor,,D,Steve William Laible,1
Lake,P-15,Governor,,D,Steve William Laible,0
Lake,P-16,Governor,,D,Steve William Laible,0
Lake,P-18,Governor,,D,Steve William Laible,0
Lake,P-2,Governor,,D,Steve William Laible,0
Lake,P-20,Governor,,D,Steve William Laible,1
Lake,P-21,Governor,,D,Steve William Laible,0
Lake,P-3,Governor,,D,Steve William Laible,1
Lake,P-4,Governor,,D,Steve William Laible,0
Lake,P-5,Governor,,D,Steve William Laible,0
Lake,P-6,Governor,,D,Steve William Laible,0
Lake,P-7,Governor,,D,Steve William Laible,1
Lake,P-8,Governor,,D,Steve William Laible,0
Lake,P-9,Governor,,D,Steve William Laible,0
Lake,P-1,Governor,,D,Tina Kotek,8
Lake,P-10,Governor,,D,Tina Kotek,4
Lake,P-11,Governor,,D,Tina Kotek,8
Lake,P-12,Governor,,D,Tina Kotek,18
Lake,P-13,Governor,,D,Tina Kotek,35
Lake,P-14,Governor,,D,Tina Kotek,6
Lake,P-15,Governor,,D,Tina Kotek,4
Lake,P-16,Governor,,D,Tina Kotek,6
Lake,P-18,Governor,,D,Tina Kotek,0
Lake,P-2,Governor,,D,Tina Kotek,8
Lake,P-20,Governor,,D,Tina Kotek,6
Lake,P-21,Governor,,D,Tina Kotek,13
Lake,P-3,Governor,,D,Tina Kotek,5
Lake,P-4,Governor,,D,Tina Kotek,11
Lake,P-5,Governor,,D,Tina Kotek,0
Lake,P-6,Governor,,D,Tina Kotek,0
Lake,P-7,Governor,,D,Tina Kotek,6
Lake,P-8,Governor,,D,Tina Kotek,13
Lake,P-9,Governor,,D,Tina Kotek,17
Lake,P-1,Governor,,D,Tristan Sheppard,0
Lake,P-10,Governor,,D,Tristan Sheppard,2
Lake,P-11,Governor,,D,Tristan Sheppard,0
Lake,P-12,Governor,,D,Tristan Sheppard,0
Lake,P-13,Governor,,D,Tristan Sheppard,2
Lake,P-14,Governor,,D,Tristan Sheppard,1
Lake,P-15,Governor,,D,Tristan Sheppard,0
Lake,P-16,Governor,,D,Tristan Sheppard,0
Lake,P-18,Governor,,D,Tristan Sheppard,0
Lake,P-2,Governor,,D,Tristan Sheppard,0
Lake,P-20,Governor,,D,Tristan Sheppard,0
Lake,P-21,Governor,,D,Tristan Sheppard,1
Lake,P-3,Governor,,D,Tristan Sheppard,1
Lake,P-4,Governor,,D,Tristan Sheppard,0
Lake,P-5,Governor,,D,Tristan Sheppard,0
Lake,P-6,Governor,,D,Tristan Sheppard,0
Lake,P-7,Governor,,D,Tristan Sheppard,0
Lake,P-8,Governor,,D,Tristan Sheppard,0
Lake,P-9,Governor,,D,Tristan Sheppard,1
Lake,P-1,Governor,,D,Under Votes,0
Lake,P-10,Governor,,D,Under Votes,3
Lake,P-11,Governor,,D,Under Votes,1
Lake,P-12,Governor,,D,Under Votes,4
Lake,P-13,Governor,,D,Under Votes,3
Lake,P-14,Governor,,D,Under Votes,5
Lake,P-15,Governor,,D,Under Votes,3
Lake,P-16,Governor,,D,Under Votes,0
Lake,P-18,Governor,,D,Under Votes,2
Lake,P-2,Governor,,D,Under Votes,0
Lake,P-20,Governor,,D,Under Votes,4
Lake,P-21,Governor,,D,Under Votes,2
Lake,P-3,Governor,,D,Under Votes,4
Lake,P-4,Governor,,D,Under Votes,1
Lake,P-5,Governor,,D,Under Votes,0
Lake,P-6,Governor,,D,Under Votes,0
Lake,P-7,Governor,,D,Under Votes,1
Lake,P-8,Governor,,D,Under Votes,0
Lake,P-9,Governor,,D,Under Votes,4
Lake,P-1,Governor,,D,Write-ins,1
Lake,P-10,Governor,,D,Write-ins,0
Lake,P-11,Governor,,D,Write-ins,6
Lake,P-12,Governor,,D,Write-ins,2
Lake,P-13,Governor,,D,Write-ins,8
Lake,P-14,Governor,,D,Write-ins,1
Lake,P-15,Governor,,D,Write-ins,1
Lake,P-16,Governor,,D,Write-ins,1
Lake,P-18,Governor,,D,Write-ins,0
Lake,P-2,Governor,,D,Write-ins,2
Lake,P-20,Governor,,D,Write-ins,1
Lake,P-21,Governor,,D,Write-ins,2
Lake,P-3,Governor,,D,Write-ins,0
Lake,P-4,Governor,,D,Write-ins,2
Lake,P-5,Governor,,D,Write-ins,1
Lake,P-6,Governor,,D,Write-ins,0
Lake,P-7,Governor,,D,Write-ins,0
Lake,P-8,Governor,,D,Write-ins,1
Lake,P-9,Governor,,D,Write-ins,1
Lake,P-1,Governor,,R,Brad T. Peters,1
Lake,P-10,Governor,,R,Brad T. Peters,0
Lake,P-11,Governor,,R,Brad T. Peters,0
Lake,P-12,Governor,,R,Brad T. Peters,0
Lake,P-13,Governor,,R,Brad T. Peters,0
Lake,P-14,Governor,,R,Brad T. Peters,0
Lake,P-15,Governor,,R,Brad T. Peters,0
Lake,P-16,Governor,,R,Brad T. Peters,0
Lake,P-18,Governor,,R,Brad T. Peters,0
Lake,P-2,Governor,,R,Brad T. Peters,0
Lake,P-20,Governor,,R,Brad T. Peters,0
Lake,P-21,Governor,,R,Brad T. Peters,1
Lake,P-3,Governor,,R,Brad T. Peters,0
Lake,P-4,Governor,,R,Brad T. Peters,1
Lake,P-5,Governor,,R,Brad T. Peters,0
Lake,P-6,Governor,,R,Brad T. Peters,0
Lake,P-7,Governor,,R,Brad T. Peters,3
Lake,P-8,Governor,,R,Brad T. Peters,0
Lake,P-9,Governor,,R,Brad T. Peters,0
Lake,P-1,Governor,,R,Chris Dudley,9
Lake,P-10,Governor,,R,Chris Dudley,12
Lake,P-11,Governor,,R,Chris Dudley,21
Lake,P-12,Governor,,R,Chris Dudley,33
Lake,P-13,Governor,,R,Chris Dudley,47
Lake,P-14,Governor,,R,Chris Dudley,6
Lake,P-15,Governor,,R,Chris Dudley,10
Lake,P-16,Governor,,R,Chris Dudley,2
Lake,P-18,Governor,,R,Chris Dudley,6
Lake,P-2,Governor,,R,Chris Dudley,2
Lake,P-20,Governor,,R,Chris Dudley,13
Lake,P-21,Governor,,R,Chris Dudley,10
Lake,P-3,Governor,,R,Chris Dudley,11
Lake,P-4,Governor,,R,Chris Dudley,16
Lake,P-5,Governor,,R,Chris Dudley,6
Lake,P-6,Governor,,R,Chris Dudley,8
Lake,P-7,Governor,,R,Chris Dudley,12
Lake,P-8,Governor,,R,Chris Dudley,13
Lake,P-9,Governor,,R,Chris Dudley,13
Lake,P-1,Governor,,R,Christine Drazan,31
Lake,P-10,Governor,,R,Christine Drazan,74
Lake,P-11,Governor,,R,Christine Drazan,59
Lake,P-12,Governor,,R,Christine Drazan,121
Lake,P-13,Governor,,R,Christine Drazan,151
Lake,P-14,Governor,,R,Christine Drazan,20
Lake,P-15,Governor,,R,Christine Drazan,35
Lake,P-16,Governor,,R,Christine Drazan,16
Lake,P-18,Governor,,R,Christine Drazan,4
Lake,P-2,Governor,,R,Christine Drazan,10
Lake,P-20,Governor,,R,Christine Drazan,45
Lake,P-21,Governor,,R,Christine Drazan,36
Lake,P-3,Governor,,R,Christine Drazan,48
Lake,P-4,Governor,,R,Christine Drazan,73
Lake,P-5,Governor,,R,Christine Drazan,17
Lake,P-6,Governor,,R,Christine Drazan,17
Lake,P-7,Governor,,R,Christine Drazan,44
Lake,P-8,Governor,,R,Christine Drazan,41
Lake,P-9,Governor,,R,Christine Drazan,59
Lake,P-1,Governor,,R,Danielle Bethell,2
Lake,P-10,Governor,,R,Danielle Bethell,6
Lake,P-11,Governor,,R,Danielle Bethell,1
Lake,P-12,Governor,,R,Danielle Bethell,17
Lake,P-13,Governor,,R,Danielle Bethell,19
Lake,P-14,Governor,,R,Danielle Bethell,8
Lake,P-15,Governor,,R,Danielle Bethell,4
Lake,P-16,Governor,,R,Danielle Bethell,1
Lake,P-18,Governor,,R,Danielle Bethell,4
Lake,P-2,Governor,,R,Danielle Bethell,5
Lake,P-20,Governor,,R,Danielle Bethell,2
Lake,P-21,Governor,,R,Danielle Bethell,11
Lake,P-3,Governor,,R,Danielle Bethell,1
Lake,P-4,Governor,,R,Danielle Bethell,12
Lake,P-5,Governor,,R,Danielle Bethell,2
Lake,P-6,Governor,,R,Danielle Bethell,1
Lake,P-7,Governor,,R,Danielle Bethell,2
Lake,P-8,Governor,,R,Danielle Bethell,14
Lake,P-9,Governor,,R,Danielle Bethell,6
Lake,P-1,Governor,,R,David Medina,7
Lake,P-10,Governor,,R,David Medina,1
Lake,P-11,Governor,,R,David Medina,1
Lake,P-12,Governor,,R,David Medina,15
Lake,P-13,Governor,,R,David Medina,25
Lake,P-14,Governor,,R,David Medina,1
Lake,P-15,Governor,,R,David Medina,0
Lake,P-16,Governor,,R,David Medina,3
Lake,P-18,Governor,,R,David Medina,0
Lake,P-2,Governor,,R,David Medina,0
Lake,P-20,Governor,,R,David Medina,4
Lake,P-21,Governor,,R,David Medina,1
Lake,P-3,Governor,,R,David Medina,3
Lake,P-4,Governor,,R,David Medina,7
Lake,P-5,Governor,,R,David Medina,1
Lake,P-6,Governor,,R,David Medina,0
Lake,P-7,Governor,,R,David Medina,6
Lake,P-8,Governor,,R,David Medina,4
Lake,P-9,Governor,,R,David Medina,2
Lake,P-1,Governor,,R,Deangelo Leroy Turner,0
Lake,P-10,Governor,,R,Deangelo Leroy Turner,0
Lake,P-11,Governor,,R,Deangelo Leroy Turner,0
Lake,P-12,Governor,,R,Deangelo Leroy Turner,1
Lake,P-13,Governor,,R,Deangelo Leroy Turner,0
Lake,P-14,Governor,,R,Deangelo Leroy Turner,0
Lake,P-15,Governor,,R,Deangelo Leroy Turner,0
Lake,P-16,Governor,,R,Deangelo Leroy Turner,0
Lake,P-18,Governor,,R,Deangelo Leroy Turner,0
Lake,P-2,Governor,,R,Deangelo Leroy Turner,1
Lake,P-20,Governor,,R,Deangelo Leroy Turner,0
Lake,P-21,Governor,,R,Deangelo Leroy Turner,0
Lake,P-3,Governor,,R,Deangelo Leroy Turner,0
Lake,P-4,Governor,,R,Deangelo Leroy Turner,0
Lake,P-5,Governor,,R,Deangelo Leroy Turner,0
Lake,P-6,Governor,,R,Deangelo Leroy Turner,0
Lake,P-7,Governor,,R,Deangelo Leroy Turner,0
Lake,P-8,Governor,,R,Deangelo Leroy Turner,1
Lake,P-9,Governor,,R,Deangelo Leroy Turner,0
Lake,P-1,Governor,,R,Ed Diehl,20
Lake,P-10,Governor,,R,Ed Diehl,35
Lake,P-11,Governor,,R,Ed Diehl,29
Lake,P-12,Governor,,R,Ed Diehl,88
Lake,P-13,Governor,,R,Ed Diehl,147
Lake,P-14,Governor,,R,Ed Diehl,31
Lake,P-15,Governor,,R,Ed Diehl,8
Lake,P-16,Governor,,R,Ed Diehl,8
Lake,P-18,Governor,,R,Ed Diehl,1
Lake,P-2,Governor,,R,Ed Diehl,18
Lake,P-20,Governor,,R,Ed Diehl,24
Lake,P-21,Governor,,R,Ed Diehl,28
Lake,P-3,Governor,,R,Ed Diehl,24
Lake,P-4,Governor,,R,Ed Diehl,49
Lake,P-5,Governor,,R,Ed Diehl,2
Lake,P-6,Governor,,R,Ed Diehl,7
Lake,P-7,Governor,,R,Ed Diehl,30
Lake,P-8,Governor,,R,Ed Diehl,21
Lake,P-9,Governor,,R,Ed Diehl,13
Lake,P-1,Governor,,R,Hope A. Dalrymple,0
Lake,P-10,Governor,,R,Hope A. Dalrymple,1
Lake,P-11,Governor,,R,Hope A. Dalrymple,2
Lake,P-12,Governor,,R,Hope A. Dalrymple,1
Lake,P-13,Governor,,R,Hope A. Dalrymple,0
Lake,P-14,Governor,,R,Hope A. Dalrymple,0
Lake,P-15,Governor,,R,Hope A. Dalrymple,0
Lake,P-16,Governor,,R,Hope A. Dalrymple,0
Lake,P-18,Governor,,R,Hope A. Dalrymple,0
Lake,P-2,Governor,,R,Hope A. Dalrymple,0
Lake,P-20,Governor,,R,Hope A. Dalrymple,0
Lake,P-21,Governor,,R,Hope A. Dalrymple,0
Lake,P-3,Governor,,R,Hope A. Dalrymple,0
Lake,P-4,Governor,,R,Hope A. Dalrymple,0
Lake,P-5,Governor,,R,Hope A. Dalrymple,0
Lake,P-6,Governor,,R,Hope A. Dalrymple,0
Lake,P-7,Governor,,R,Hope A. Dalrymple,0
Lake,P-8,Governor,,R,Hope A. Dalrymple,0
Lake,P-9,Governor,,R,Hope A. Dalrymple,0
Lake,P-1,Governor,,R,Kyle M. Duyck,1
Lake,P-10,Governor,,R,Kyle M. Duyck,0
Lake,P-11,Governor,,R,Kyle M. Duyck,1
Lake,P-12,Governor,,R,Kyle M. Duyck,0
Lake,P-13,Governor,,R,Kyle M. Duyck,2
Lake,P-14,Governor,,R,Kyle M. Duyck,0
Lake,P-15,Governor,,R,Kyle M. Duyck,0
Lake,P-16,Governor,,R,Kyle M. Duyck,0
Lake,P-18,Governor,,R,Kyle M. Duyck,0
Lake,P-2,Governor,,R,Kyle M. Duyck,0
Lake,P-20,Governor,,R,Kyle M. Duyck,0
Lake,P-21,Governor,,R,Kyle M. Duyck,0
Lake,P-3,Governor,,R,Kyle M. Duyck,0
Lake,P-4,Governor,,R,Kyle M. Duyck,0
Lake,P-5,Governor,,R,Kyle M. Duyck,0
Lake,P-6,Governor,,R,Kyle M. Duyck,0
Lake,P-7,Governor,,R,Kyle M. Duyck,0
Lake,P-8,Governor,,R,Kyle M. Duyck,0
Lake,P-9,Governor,,R,Kyle M. Duyck,0
Lake,P-1,Governor,,R,Martin Ward,0
Lake,P-10,Governor,,R,Martin Ward,0
Lake,P-11,Governor,,R,Martin Ward,0
Lake,P-12,Governor,,R,Martin Ward,1
Lake,P-13,Governor,,R,Martin Ward,0
Lake,P-14,Governor,,R,Martin Ward,0
Lake,P-15,Governor,,R,Martin Ward,3
Lake,P-16,Governor,,R,Martin Ward,0
Lake,P-18,Governor,,R,Martin Ward,0
Lake,P-2,Governor,,R,Martin Ward,0
Lake,P-20,Governor,,R,Martin Ward,0
Lake,P-21,Governor,,R,Martin Ward,1
Lake,P-3,Governor,,R,Martin Ward,0
Lake,P-4,Governor,,R,Martin Ward,0
Lake,P-5,Governor,,R,Martin Ward,0
Lake,P-6,Governor,,R,Martin Ward,0
Lake,P-7,Governor,,R,Martin Ward,0
Lake,P-8,Governor,,R,Martin Ward,0
Lake,P-9,Governor,,R,Martin Ward,0
Lake,P-1,Governor,,R,Over Votes,0
Lake,P-10,Governor,,R,Over Votes,0
Lake,P-11,Governor,,R,Over Votes,0
Lake,P-12,Governor,,R,Over Votes,0
Lake,P-13,Governor,,R,Over Votes,0
Lake,P-14,Governor,,R,Over Votes,0
Lake,P-15,Governor,,R,Over Votes,0
Lake,P-16,Governor,,R,Over Votes,0
Lake,P-18,Governor,,R,Over Votes,0
Lake,P-2,Governor,,R,Over Votes,0
Lake,P-20,Governor,,R,Over Votes,0
Lake,P-21,Governor,,R,Over Votes,0
Lake,P-3,Governor,,R,Over Votes,0
Lake,P-4,Governor,,R,Over Votes,0
Lake,P-5,Governor,,R,Over Votes,0
Lake,P-6,Governor,,R,Over Votes,0
Lake,P-7,Governor,,R,Over Votes,0
Lake,P-8,Governor,,R,Over Votes,0
Lake,P-9,Governor,,R,Over Votes,0
Lake,P-1,Governor,,R,Paul J. Romero Jr,1
Lake,P-10,Governor,,R,Paul J. Romero Jr,0
Lake,P-11,Governor,,R,Paul J. Romero Jr,1
Lake,P-12,Governor,,R,Paul J. Romero Jr,2
Lake,P-13,Governor,,R,Paul J. Romero Jr,3
Lake,P-14,Governor,,R,Paul J. Romero Jr,2
Lake,P-15,Governor,,R,Paul J. Romero Jr,0
Lake,P-16,Governor,,R,Paul J. Romero Jr,0
Lake,P-18,Governor,,R,Paul J. Romero Jr,0
Lake,P-2,Governor,,R,Paul J. Romero Jr,0
Lake,P-20,Governor,,R,Paul J. Romero Jr,3
Lake,P-21,Governor,,R,Paul J. Romero Jr,0
Lake,P-3,Governor,,R,Paul J. Romero Jr,1
Lake,P-4,Governor,,R,Paul J. Romero Jr,0
Lake,P-5,Governor,,R,Paul J. Romero Jr,0
Lake,P-6,Governor,,R,Paul J. Romero Jr,0
Lake,P-7,Governor,,R,Paul J. Romero Jr,1
Lake,P-8,Governor,,R,Paul J. Romero Jr,1
Lake,P-9,Governor,,R,Paul J. Romero Jr,0
Lake,P-1,Governor,,R,Robert Neuman,0
Lake,P-10,Governor,,R,Robert Neuman,0
Lake,P-11,Governor,,R,Robert Neuman,0
Lake,P-12,Governor,,R,Robert Neuman,1
Lake,P-13,Governor,,R,Robert Neuman,0
Lake,P-14,Governor,,R,Robert Neuman,0
Lake,P-15,Governor,,R,Robert Neuman,0
Lake,P-16,Governor,,R,Robert Neuman,0
Lake,P-18,Governor,,R,Robert Neuman,0
Lake,P-2,Governor,,R,Robert Neuman,1
Lake,P-20,Governor,,R,Robert Neuman,0
Lake,P-21,Governor,,R,Robert Neuman,0
Lake,P-3,Governor,,R,Robert Neuman,0
Lake,P-4,Governor,,R,Robert Neuman,0
Lake,P-5,Governor,,R,Robert Neuman,0
Lake,P-6,Governor,,R,Robert Neuman,0
Lake,P-7,Governor,,R,Robert Neuman,0
Lake,P-8,Governor,,R,Robert Neuman,0
Lake,P-9,Governor,,R,Robert Neuman,0
Lake,P-1,Governor,,R,Tim O. Youker,0
Lake,P-10,Governor,,R,Tim O. Youker,0
Lake,P-11,Governor,,R,Tim O. Youker,0
Lake,P-12,Governor,,R,Tim O. Youker,0
Lake,P-13,Governor,,R,Tim O. Youker,0
Lake,P-14,Governor,,R,Tim O. Youker,0
Lake,P-15,Governor,,R,Tim O. Youker,0
Lake,P-16,Governor,,R,Tim O. Youker,1
Lake,P-18,Governor,,R,Tim O. Youker,0
Lake,P-2,Governor,,R,Tim O. Youker,0
Lake,P-20,Governor,,R,Tim O. Youker,0
Lake,P-21,Governor,,R,Tim O. Youker,0
Lake,P-3,Governor,,R,Tim O. Youker,0
Lake,P-4,Governor,,R,Tim O. Youker,0
Lake,P-5,Governor,,R,Tim O. Youker,0
Lake,P-6,Governor,,R,Tim O. Youker,0
Lake,P-7,Governor,,R,Tim O. Youker,0
Lake,P-8,Governor,,R,Tim O. Youker,0
Lake,P-9,Governor,,R,Tim O. Youker,0
Lake,P-1,Governor,,R,Under Votes,0
Lake,P-10,Governor,,R,Under Votes,1
Lake,P-11,Governor,,R,Under Votes,0
Lake,P-12,Governor,,R,Under Votes,3
Lake,P-13,Governor,,R,Under Votes,7
Lake,P-14,Governor,,R,Under Votes,1
Lake,P-15,Governor,,R,Under Votes,0
Lake,P-16,Governor,,R,Under Votes,2
Lake,P-18,Governor,,R,Under Votes,0
Lake,P-2,Governor,,R,Under Votes,0
Lake,P-20,Governor,,R,Under Votes,0
Lake,P-21,Governor,,R,Under Votes,4
Lake,P-3,Governor,,R,Under Votes,1
Lake,P-4,Governor,,R,Under Votes,2
Lake,P-5,Governor,,R,Under Votes,2
Lake,P-6,Governor,,R,Under Votes,2
Lake,P-7,Governor,,R,Under Votes,1
Lake,P-8,Governor,,R,Under Votes,2
Lake,P-9,Governor,,R,Under Votes,0
Lake,P-1,Governor,,R,Wen Waddell,0
Lake,P-10,Governor,,R,Wen Waddell,0
Lake,P-11,Governor,,R,Wen Waddell,0
Lake,P-12,Governor,,R,Wen Waddell,0
Lake,P-13,Governor,,R,Wen Waddell,1
Lake,P-14,Governor,,R,Wen Waddell,0
Lake,P-15,Governor,,R,Wen Waddell,0
Lake,P-16,Governor,,R,Wen Waddell,0
Lake,P-18,Governor,,R,Wen Waddell,0
Lake,P-2,Governor,,R,Wen Waddell,0
Lake,P-20,Governor,,R,Wen Waddell,0
Lake,P-21,Governor,,R,Wen Waddell,0
Lake,P-3,Governor,,R,Wen Waddell,0
Lake,P-4,Governor,,R,Wen Waddell,0
Lake,P-5,Governor,,R,Wen Waddell,0
Lake,P-6,Governor,,R,Wen Waddell,0
Lake,P-7,Governor,,R,Wen Waddell,0
Lake,P-8,Governor,,R,Wen Waddell,0
Lake,P-9,Governor,,R,Wen Waddell,0
Lake,P-1,Governor,,R,Write-ins,0
Lake,P-10,Governor,,R,Write-ins,0
Lake,P-11,Governor,,R,Write-ins,0
Lake,P-12,Governor,,R,Write-ins,0
Lake,P-13,Governor,,R,Write-ins,0
Lake,P-14,Governor,,R,Write-ins,0
Lake,P-15,Governor,,R,Write-ins,0
Lake,P-16,Governor,,R,Write-ins,0
Lake,P-18,Governor,,R,Write-ins,0
Lake,P-2,Governor,,R,Write-ins,0
Lake,P-20,Governor,,R,Write-ins,0
Lake,P-21,Governor,,R,Write-ins,1
Lake,P-3,Governor,,R,Write-ins,0
Lake,P-4,Governor,,R,Write-ins,0
Lake,P-5,Governor,,R,Write-ins,0
Lake,P-6,Governor,,R,Write-ins,0
Lake,P-7,Governor,,R,Write-ins,0
Lake,P-8,Governor,,R,Write-ins,0
Lake,P-9,Governor,,R,Write-ins,0
Lake,P-1,Judge of the Circuit Court,"26th District, Position 1",,David M. Vandenberg,56
Lake,P-10,Judge of the Circuit Court,"26th District, Position 1",,David M. Vandenberg,136
Lake,P-11,Judge of the Circuit Court,"26th District, Position 1",,David M. Vandenberg,129
Lake,P-12,Judge of the Circuit Court,"26th District, Position 1",,David M. Vandenberg,295
Lake,P-13,Judge of the Circuit Court,"26th District, Position 1",,David M. Vandenberg,343
Lake,P-14,Judge of the Circuit Court,"26th District, Position 1",,David M. Vandenberg,55
Lake,P-15,Judge of the Circuit Court,"26th District, Position 1",,David M. Vandenberg,66
Lake,P-16,Judge of the Circuit Court,"26th District, Position 1",,David M. Vandenberg,49
Lake,P-18,Judge of the Circuit Court,"26th District, Position 1",,David M. Vandenberg,16
Lake,P-2,Judge of the Circuit Court,"26th District, Position 1",,David M. Vandenberg,40
Lake,P-20,Judge of the Circuit Court,"26th District, Position 1",,David M. Vandenberg,114
Lake,P-21,Judge of the Circuit Court,"26th District, Position 1",,David M. Vandenberg,118
Lake,P-3,Judge of the Circuit Court,"26th District, Position 1",,David M. Vandenberg,92
Lake,P-4,Judge of the Circuit Court,"26th District, Position 1",,David M. Vandenberg,164
Lake,P-5,Judge of the Circuit Court,"26th District, Position 1",,David M. Vandenberg,33
Lake,P-6,Judge of the Circuit Court,"26th District, Position 1",,David M. Vandenberg,32
Lake,P-7,Judge of the Circuit Court,"26th District, Position 1",,David M. Vandenberg,119
Lake,P-8,Judge of the Circuit Court,"26th District, Position 1",,David M. Vandenberg,112
Lake,P-9,Judge of the Circuit Court,"26th District, Position 1",,David M. Vandenberg,126
Lake,P-1,Judge of the Circuit Court,"26th District, Position 1",,Misc.,0
Lake,P-10,Judge of the Circuit Court,"26th District, Position 1",,Misc.,2
Lake,P-11,Judge of the Circuit Court,"26th District, Position 1",,Misc.,2
Lake,P-12,Judge of the Circuit Court,"26th District, Position 1",,Misc.,3
Lake,P-13,Judge of the Circuit Court,"26th District, Position 1",,Misc.,16
Lake,P-14,Judge of the Circuit Court,"26th District, Position 1",,Misc.,0
Lake,P-15,Judge of the Circuit Court,"26th District, Position 1",,Misc.,0
Lake,P-16,Judge of the Circuit Court,"26th District, Position 1",,Misc.,0
Lake,P-18,Judge of the Circuit Court,"26th District, Position 1",,Misc.,0
Lake,P-2,Judge of the Circuit Court,"26th District, Position 1",,Misc.,0
Lake,P-20,Judge of the Circuit Court,"26th District, Position 1",,Misc.,3
Lake,P-21,Judge of the Circuit Court,"26th District, Position 1",,Misc.,9
Lake,P-3,Judge of the Circuit Court,"26th District, Position 1",,Misc.,3
Lake,P-4,Judge of the Circuit Court,"26th District, Position 1",,Misc.,1
Lake,P-5,Judge of the Circuit Court,"26th District, Position 1",,Misc.,0
Lake,P-6,Judge of the Circuit Court,"26th District, Position 1",,Misc.,0
Lake,P-7,Judge of the Circuit Court,"26th District, Position 1",,Misc.,1
Lake,P-8,Judge of the Circuit Court,"26th District, Position 1",,Misc.,2
Lake,P-9,Judge of the Circuit Court,"26th District, Position 1",,Misc.,2
Lake,P-1,Judge of the Circuit Court,"26th District, Position 1",,Over Votes,0
Lake,P-10,Judge of the Circuit Court,"26th District, Position 1",,Over Votes,0
Lake,P-11,Judge of the Circuit Court,"26th District, Position 1",,Over Votes,0
Lake,P-12,Judge of the Circuit Court,"26th District, Position 1",,Over Votes,0
Lake,P-13,Judge of the Circuit Court,"26th District, Position 1",,Over Votes,1
Lake,P-14,Judge of the Circuit Court,"26th District, Position 1",,Over Votes,0
Lake,P-15,Judge of the Circuit Court,"26th District, Position 1",,Over Votes,0
Lake,P-16,Judge of the Circuit Court,"26th District, Position 1",,Over Votes,0
Lake,P-18,Judge of the Circuit Court,"26th District, Position 1",,Over Votes,0
Lake,P-2,Judge of the Circuit Court,"26th District, Position 1",,Over Votes,0
Lake,P-20,Judge of the Circuit Court,"26th District, Position 1",,Over Votes,0
Lake,P-21,Judge of the Circuit Court,"26th District, Position 1",,Over Votes,0
Lake,P-3,Judge of the Circuit Court,"26th District, Position 1",,Over Votes,0
Lake,P-4,Judge of the Circuit Court,"26th District, Position 1",,Over Votes,0
Lake,P-5,Judge of the Circuit Court,"26th District, Position 1",,Over Votes,0
Lake,P-6,Judge of the Circuit Court,"26th District, Position 1",,Over Votes,0
Lake,P-7,Judge of the Circuit Court,"26th District, Position 1",,Over Votes,0
Lake,P-8,Judge of the Circuit Court,"26th District, Position 1",,Over Votes,0
Lake,P-9,Judge of the Circuit Court,"26th District, Position 1",,Over Votes,0
Lake,P-1,Judge of the Circuit Court,"26th District, Position 1",,Under Votes,45
Lake,P-10,Judge of the Circuit Court,"26th District, Position 1",,Under Votes,39
Lake,P-11,Judge of the Circuit Court,"26th District, Position 1",,Under Votes,40
Lake,P-12,Judge of the Circuit Court,"26th District, Position 1",,Under Votes,105
Lake,P-13,Judge of the Circuit Court,"26th District, Position 1",,Under Votes,227
Lake,P-14,Judge of the Circuit Court,"26th District, Position 1",,Under Votes,50
Lake,P-15,Judge of the Circuit Court,"26th District, Position 1",,Under Votes,19
Lake,P-16,Judge of the Circuit Court,"26th District, Position 1",,Under Votes,9
Lake,P-18,Judge of the Circuit Court,"26th District, Position 1",,Under Votes,5
Lake,P-2,Judge of the Circuit Court,"26th District, Position 1",,Under Votes,22
Lake,P-20,Judge of the Circuit Court,"26th District, Position 1",,Under Votes,23
Lake,P-21,Judge of the Circuit Court,"26th District, Position 1",,Under Votes,34
Lake,P-3,Judge of the Circuit Court,"26th District, Position 1",,Under Votes,39
Lake,P-4,Judge of the Circuit Court,"26th District, Position 1",,Under Votes,44
Lake,P-5,Judge of the Circuit Court,"26th District, Position 1",,Under Votes,6
Lake,P-6,Judge of the Circuit Court,"26th District, Position 1",,Under Votes,8
Lake,P-7,Judge of the Circuit Court,"26th District, Position 1",,Under Votes,29
Lake,P-8,Judge of the Circuit Court,"26th District, Position 1",,Under Votes,37
Lake,P-9,Judge of the Circuit Court,"26th District, Position 1",,Under Votes,30
Lake,P-1,Judge of the Court of Appeals,Position 1,,Misc.,0
Lake,P-10,Judge of the Court of Appeals,Position 1,,Misc.,3
Lake,P-11,Judge of the Court of Appeals,Position 1,,Misc.,10
Lake,P-12,Judge of the Court of Appeals,Position 1,,Misc.,5
Lake,P-13,Judge of the Court of Appeals,Position 1,,Misc.,22
Lake,P-14,Judge of the Court of Appeals,Position 1,,Misc.,0
Lake,P-15,Judge of the Court of Appeals,Position 1,,Misc.,2
Lake,P-16,Judge of the Court of Appeals,Position 1,,Misc.,0
Lake,P-18,Judge of the Court of Appeals,Position 1,,Misc.,1
Lake,P-2,Judge of the Court of Appeals,Position 1,,Misc.,2
Lake,P-20,Judge of the Court of Appeals,Position 1,,Misc.,2
Lake,P-21,Judge of the Court of Appeals,Position 1,,Misc.,6
Lake,P-3,Judge of the Court of Appeals,Position 1,,Misc.,2
Lake,P-4,Judge of the Court of Appeals,Position 1,,Misc.,4
Lake,P-5,Judge of the Court of Appeals,Position 1,,Misc.,0
Lake,P-6,Judge of the Court of Appeals,Position 1,,Misc.,0
Lake,P-7,Judge of the Court of Appeals,Position 1,,Misc.,3
Lake,P-8,Judge of the Court of Appeals,Position 1,,Misc.,3
Lake,P-9,Judge of the Court of Appeals,Position 1,,Misc.,4
Lake,P-1,Judge of the Court of Appeals,Position 1,,Over Votes,0
Lake,P-10,Judge of the Court of Appeals,Position 1,,Over Votes,0
Lake,P-11,Judge of the Court of Appeals,Position 1,,Over Votes,0
Lake,P-12,Judge of the Court of Appeals,Position 1,,Over Votes,0
Lake,P-13,Judge of the Court of Appeals,Position 1,,Over Votes,0
Lake,P-14,Judge of the Court of Appeals,Position 1,,Over Votes,0
Lake,P-15,Judge of the Court of Appeals,Position 1,,Over Votes,0
Lake,P-16,Judge of the Court of Appeals,Position 1,,Over Votes,0
Lake,P-18,Judge of the Court of Appeals,Position 1,,Over Votes,0
Lake,P-2,Judge of the Court of Appeals,Position 1,,Over Votes,0
Lake,P-20,Judge of the Court of Appeals,Position 1,,Over Votes,0
Lake,P-21,Judge of the Court of Appeals,Position 1,,Over Votes,0
Lake,P-3,Judge of the Court of Appeals,Position 1,,Over Votes,0
Lake,P-4,Judge of the Court of Appeals,Position 1,,Over Votes,0
Lake,P-5,Judge of the Court of Appeals,Position 1,,Over Votes,0
Lake,P-6,Judge of the Court of Appeals,Position 1,,Over Votes,0
Lake,P-7,Judge of the Court of Appeals,Position 1,,Over Votes,0
Lake,P-8,Judge of the Court of Appeals,Position 1,,Over Votes,0
Lake,P-9,Judge of the Court of Appeals,Position 1,,Over Votes,0
Lake,P-1,Judge of the Court of Appeals,Position 1,,Ryan T. O'Connor,44
Lake,P-10,Judge of the Court of Appeals,Position 1,,Ryan T. O'Connor,84
Lake,P-11,Judge of the Court of Appeals,Position 1,,Ryan T. O'Connor,94
Lake,P-12,Judge of the Court of Appeals,Position 1,,Ryan T. O'Connor,227
Lake,P-13,Judge of the Court of Appeals,Position 1,,Ryan T. O'Connor,326
Lake,P-14,Judge of the Court of Appeals,Position 1,,Ryan T. O'Connor,51
Lake,P-15,Judge of the Court of Appeals,Position 1,,Ryan T. O'Connor,50
Lake,P-16,Judge of the Court of Appeals,Position 1,,Ryan T. O'Connor,33
Lake,P-18,Judge of the Court of Appeals,Position 1,,Ryan T. O'Connor,9
Lake,P-2,Judge of the Court of Appeals,Position 1,,Ryan T. O'Connor,36
Lake,P-20,Judge of the Court of Appeals,Position 1,,Ryan T. O'Connor,89
Lake,P-21,Judge of the Court of Appeals,Position 1,,Ryan T. O'Connor,94
Lake,P-3,Judge of the Court of Appeals,Position 1,,Ryan T. O'Connor,70
Lake,P-4,Judge of the Court of Appeals,Position 1,,Ryan T. O'Connor,120
Lake,P-5,Judge of the Court of Appeals,Position 1,,Ryan T. O'Connor,20
Lake,P-6,Judge of the Court of Appeals,Position 1,,Ryan T. O'Connor,19
Lake,P-7,Judge of the Court of Appeals,Position 1,,Ryan T. O'Connor,105
Lake,P-8,Judge of the Court of Appeals,Position 1,,Ryan T. O'Connor,80
Lake,P-9,Judge of the Court of Appeals,Position 1,,Ryan T. O'Connor,83
Lake,P-1,Judge of the Court of Appeals,Position 1,,Under Votes,57
Lake,P-10,Judge of the Court of Appeals,Position 1,,Under Votes,90
Lake,P-11,Judge of the Court of Appeals,Position 1,,Under Votes,67
Lake,P-12,Judge of the Court of Appeals,Position 1,,Under Votes,171
Lake,P-13,Judge of the Court of Appeals,Position 1,,Under Votes,239
Lake,P-14,Judge of the Court of Appeals,Position 1,,Under Votes,54
Lake,P-15,Judge of the Court of Appeals,Position 1,,Under Votes,33
Lake,P-16,Judge of the Court of Appeals,Position 1,,Under Votes,25
Lake,P-18,Judge of the Court of Appeals,Position 1,,Under Votes,11
Lake,P-2,Judge of the Court of Appeals,Position 1,,Under Votes,24
Lake,P-20,Judge of the Court of Appeals,Position 1,,Under Votes,49
Lake,P-21,Judge of the Court of Appeals,Position 1,,Under Votes,61
Lake,P-3,Judge of the Court of Appeals,Position 1,,Under Votes,62
Lake,P-4,Judge of the Court of Appeals,Position 1,,Under Votes,85
Lake,P-5,Judge of the Court of Appeals,Position 1,,Under Votes,19
Lake,P-6,Judge of the Court of Appeals,Position 1,,Under Votes,21
Lake,P-7,Judge of the Court of Appeals,Position 1,,Under Votes,41
Lake,P-8,Judge of the Court of Appeals,Position 1,,Under Votes,68
Lake,P-9,Judge of the Court of Appeals,Position 1,,Under Votes,71
Lake,P-1,Judge of the Court of Appeals,Position 12,,Erin C. Lagesen,42
Lake,P-10,Judge of the Court of Appeals,Position 12,,Erin C. Lagesen,87
Lake,P-11,Judge of the Court of Appeals,Position 12,,Erin C. Lagesen,93
Lake,P-12,Judge of the Court of Appeals,Position 12,,Erin C. Lagesen,226
Lake,P-13,Judge of the Court of Appeals,Position 12,,Erin C. Lagesen,321
Lake,P-14,Judge of the Court of Appeals,Position 12,,Erin C. Lagesen,55
Lake,P-15,Judge of the Court of Appeals,Position 12,,Erin C. Lagesen,50
Lake,P-16,Judge of the Court of Appeals,Position 12,,Erin C. Lagesen,34
Lake,P-18,Judge of the Court of Appeals,Position 12,,Erin C. Lagesen,9
Lake,P-2,Judge of the Court of Appeals,Position 12,,Erin C. Lagesen,35
Lake,P-20,Judge of the Court of Appeals,Position 12,,Erin C. Lagesen,89
Lake,P-21,Judge of the Court of Appeals,Position 12,,Erin C. Lagesen,97
Lake,P-3,Judge of the Court of Appeals,Position 12,,Erin C. Lagesen,71
Lake,P-4,Judge of the Court of Appeals,Position 12,,Erin C. Lagesen,120
Lake,P-5,Judge of the Court of Appeals,Position 12,,Erin C. Lagesen,20
Lake,P-6,Judge of the Court of Appeals,Position 12,,Erin C. Lagesen,19
Lake,P-7,Judge of the Court of Appeals,Position 12,,Erin C. Lagesen,106
Lake,P-8,Judge of the Court of Appeals,Position 12,,Erin C. Lagesen,81
Lake,P-9,Judge of the Court of Appeals,Position 12,,Erin C. Lagesen,84
Lake,P-1,Judge of the Court of Appeals,Position 12,,Misc.,1
Lake,P-10,Judge of the Court of Appeals,Position 12,,Misc.,3
Lake,P-11,Judge of the Court of Appeals,Position 12,,Misc.,10
Lake,P-12,Judge of the Court of Appeals,Position 12,,Misc.,6
Lake,P-13,Judge of the Court of Appeals,Position 12,,Misc.,22
Lake,P-14,Judge of the Court of Appeals,Position 12,,Misc.,0
Lake,P-15,Judge of the Court of Appeals,Position 12,,Misc.,2
Lake,P-16,Judge of the Court of Appeals,Position 12,,Misc.,0
Lake,P-18,Judge of the Court of Appeals,Position 12,,Misc.,1
Lake,P-2,Judge of the Court of Appeals,Position 12,,Misc.,2
Lake,P-20,Judge of the Court of Appeals,Position 12,,Misc.,2
Lake,P-21,Judge of the Court of Appeals,Position 12,,Misc.,6
Lake,P-3,Judge of the Court of Appeals,Position 12,,Misc.,3
Lake,P-4,Judge of the Court of Appeals,Position 12,,Misc.,2
Lake,P-5,Judge of the Court of Appeals,Position 12,,Misc.,0
Lake,P-6,Judge of the Court of Appeals,Position 12,,Misc.,0
Lake,P-7,Judge of the Court of Appeals,Position 12,,Misc.,3
Lake,P-8,Judge of the Court of Appeals,Position 12,,Misc.,3
Lake,P-9,Judge of the Court of Appeals,Position 12,,Misc.,2
Lake,P-1,Judge of the Court of Appeals,Position 12,,Over Votes,0
Lake,P-10,Judge of the Court of Appeals,Position 12,,Over Votes,0
Lake,P-11,Judge of the Court of Appeals,Position 12,,Over Votes,0
Lake,P-12,Judge of the Court of Appeals,Position 12,,Over Votes,0
Lake,P-13,Judge of the Court of Appeals,Position 12,,Over Votes,0
Lake,P-14,Judge of the Court of Appeals,Position 12,,Over Votes,0
Lake,P-15,Judge of the Court of Appeals,Position 12,,Over Votes,0
Lake,P-16,Judge of the Court of Appeals,Position 12,,Over Votes,0
Lake,P-18,Judge of the Court of Appeals,Position 12,,Over Votes,0
Lake,P-2,Judge of the Court of Appeals,Position 12,,Over Votes,0
Lake,P-20,Judge of the Court of Appeals,Position 12,,Over Votes,0
Lake,P-21,Judge of the Court of Appeals,Position 12,,Over Votes,0
Lake,P-3,Judge of the Court of Appeals,Position 12,,Over Votes,0
Lake,P-4,Judge of the Court of Appeals,Position 12,,Over Votes,0
Lake,P-5,Judge of the Court of Appeals,Position 12,,Over Votes,0
Lake,P-6,Judge of the Court of Appeals,Position 12,,Over Votes,0
Lake,P-7,Judge of the Court of Appeals,Position 12,,Over Votes,0
Lake,P-8,Judge of the Court of Appeals,Position 12,,Over Votes,0
Lake,P-9,Judge of the Court of Appeals,Position 12,,Over Votes,0
Lake,P-1,Judge of the Court of Appeals,Position 12,,Under Votes,58
Lake,P-10,Judge of the Court of Appeals,Position 12,,Under Votes,87
Lake,P-11,Judge of the Court of Appeals,Position 12,,Under Votes,68
Lake,P-12,Judge of the Court of Appeals,Position 12,,Under Votes,171
Lake,P-13,Judge of the Court of Appeals,Position 12,,Under Votes,244
Lake,P-14,Judge of the Court of Appeals,Position 12,,Under Votes,50
Lake,P-15,Judge of the Court of Appeals,Position 12,,Under Votes,33
Lake,P-16,Judge of the Court of Appeals,Position 12,,Under Votes,24
Lake,P-18,Judge of the Court of Appeals,Position 12,,Under Votes,11
Lake,P-2,Judge of the Court of Appeals,Position 12,,Under Votes,25
Lake,P-20,Judge of the Court of Appeals,Position 12,,Under Votes,49
Lake,P-21,Judge of the Court of Appeals,Position 12,,Under Votes,58
Lake,P-3,Judge of the Court of Appeals,Position 12,,Under Votes,60
Lake,P-4,Judge of the Court of Appeals,Position 12,,Under Votes,87
Lake,P-5,Judge of the Court of Appeals,Position 12,,Under Votes,19
Lake,P-6,Judge of the Court of Appeals,Position 12,,Under Votes,21
Lake,P-7,Judge of the Court of Appeals,Position 12,,Under Votes,40
Lake,P-8,Judge of the Court of Appeals,Position 12,,Under Votes,67
Lake,P-9,Judge of the Court of Appeals,Position 12,,Under Votes,72
Lake,P-1,Judge of the Court of Appeals,Position 13,,Doug Tookey,44
Lake,P-10,Judge of the Court of Appeals,Position 13,,Doug Tookey,86
Lake,P-11,Judge of the Court of Appeals,Position 13,,Doug Tookey,93
Lake,P-12,Judge of the Court of Appeals,Position 13,,Doug Tookey,223
Lake,P-13,Judge of the Court of Appeals,Position 13,,Doug Tookey,320
Lake,P-14,Judge of the Court of Appeals,Position 13,,Doug Tookey,51
Lake,P-15,Judge of the Court of Appeals,Position 13,,Doug Tookey,52
Lake,P-16,Judge of the Court of Appeals,Position 13,,Doug Tookey,34
Lake,P-18,Judge of the Court of Appeals,Position 13,,Doug Tookey,9
Lake,P-2,Judge of the Court of Appeals,Position 13,,Doug Tookey,37
Lake,P-20,Judge of the Court of Appeals,Position 13,,Doug Tookey,90
Lake,P-21,Judge of the Court of Appeals,Position 13,,Doug Tookey,96
Lake,P-3,Judge of the Court of Appeals,Position 13,,Doug Tookey,70
Lake,P-4,Judge of the Court of Appeals,Position 13,,Doug Tookey,121
Lake,P-5,Judge of the Court of Appeals,Position 13,,Doug Tookey,21
Lake,P-6,Judge of the Court of Appeals,Position 13,,Doug Tookey,19
Lake,P-7,Judge of the Court of Appeals,Position 13,,Doug Tookey,107
Lake,P-8,Judge of the Court of Appeals,Position 13,,Doug Tookey,81
Lake,P-9,Judge of the Court of Appeals,Position 13,,Doug Tookey,84
Lake,P-1,Judge of the Court of Appeals,Position 13,,Misc.,0
Lake,P-10,Judge of the Court of Appeals,Position 13,,Misc.,3
Lake,P-11,Judge of the Court of Appeals,Position 13,,Misc.,10
Lake,P-12,Judge of the Court of Appeals,Position 13,,Misc.,5
Lake,P-13,Judge of the Court of Appeals,Position 13,,Misc.,23
Lake,P-14,Judge of the Court of Appeals,Position 13,,Misc.,0
Lake,P-15,Judge of the Court of Appeals,Position 13,,Misc.,2
Lake,P-16,Judge of the Court of Appeals,Position 13,,Misc.,0
Lake,P-18,Judge of the Court of Appeals,Position 13,,Misc.,1
Lake,P-2,Judge of the Court of Appeals,Position 13,,Misc.,1
Lake,P-20,Judge of the Court of Appeals,Position 13,,Misc.,2
Lake,P-21,Judge of the Court of Appeals,Position 13,,Misc.,6
Lake,P-3,Judge of the Court of Appeals,Position 13,,Misc.,3
Lake,P-4,Judge of the Court of Appeals,Position 13,,Misc.,2
Lake,P-5,Judge of the Court of Appeals,Position 13,,Misc.,0
Lake,P-6,Judge of the Court of Appeals,Position 13,,Misc.,0
Lake,P-7,Judge of the Court of Appeals,Position 13,,Misc.,3
Lake,P-8,Judge of the Court of Appeals,Position 13,,Misc.,3
Lake,P-9,Judge of the Court of Appeals,Position 13,,Misc.,1
Lake,P-1,Judge of the Court of Appeals,Position 13,,Over Votes,0
Lake,P-10,Judge of the Court of Appeals,Position 13,,Over Votes,0
Lake,P-11,Judge of the Court of Appeals,Position 13,,Over Votes,0
Lake,P-12,Judge of the Court of Appeals,Position 13,,Over Votes,0
Lake,P-13,Judge of the Court of Appeals,Position 13,,Over Votes,0
Lake,P-14,Judge of the Court of Appeals,Position 13,,Over Votes,0
Lake,P-15,Judge of the Court of Appeals,Position 13,,Over Votes,0
Lake,P-16,Judge of the Court of Appeals,Position 13,,Over Votes,0
Lake,P-18,Judge of the Court of Appeals,Position 13,,Over Votes,0
Lake,P-2,Judge of the Court of Appeals,Position 13,,Over Votes,0
Lake,P-20,Judge of the Court of Appeals,Position 13,,Over Votes,0
Lake,P-21,Judge of the Court of Appeals,Position 13,,Over Votes,0
Lake,P-3,Judge of the Court of Appeals,Position 13,,Over Votes,0
Lake,P-4,Judge of the Court of Appeals,Position 13,,Over Votes,0
Lake,P-5,Judge of the Court of Appeals,Position 13,,Over Votes,0
Lake,P-6,Judge of the Court of Appeals,Position 13,,Over Votes,0
Lake,P-7,Judge of the Court of Appeals,Position 13,,Over Votes,0
Lake,P-8,Judge of the Court of Appeals,Position 13,,Over Votes,0
Lake,P-9,Judge of the Court of Appeals,Position 13,,Over Votes,0
Lake,P-1,Judge of the Court of Appeals,Position 13,,Under Votes,57
Lake,P-10,Judge of the Court of Appeals,Position 13,,Under Votes,88
Lake,P-11,Judge of the Court of Appeals,Position 13,,Under Votes,68
Lake,P-12,Judge of the Court of Appeals,Position 13,,Under Votes,175
Lake,P-13,Judge of the Court of Appeals,Position 13,,Under Votes,244
Lake,P-14,Judge of the Court of Appeals,Position 13,,Under Votes,54
Lake,P-15,Judge of the Court of Appeals,Position 13,,Under Votes,31
Lake,P-16,Judge of the Court of Appeals,Position 13,,Under Votes,24
Lake,P-18,Judge of the Court of Appeals,Position 13,,Under Votes,11
Lake,P-2,Judge of the Court of Appeals,Position 13,,Under Votes,24
Lake,P-20,Judge of the Court of Appeals,Position 13,,Under Votes,48
Lake,P-21,Judge of the Court of Appeals,Position 13,,Under Votes,59
Lake,P-3,Judge of the Court of Appeals,Position 13,,Under Votes,61
Lake,P-4,Judge of the Court of Appeals,Position 13,,Under Votes,86
Lake,P-5,Judge of the Court of Appeals,Position 13,,Under Votes,18
Lake,P-6,Judge of the Court of Appeals,Position 13,,Under Votes,21
Lake,P-7,Judge of the Court of Appeals,Position 13,,Under Votes,39
Lake,P-8,Judge of the Court of Appeals,Position 13,,Under Votes,67
Lake,P-9,Judge of the Court of Appeals,Position 13,,Under Votes,73
Lake,P-1,Judge of the Court of Appeals,Position 9,,Jacqueline Kamins,42
Lake,P-10,Judge of the Court of Appeals,Position 9,,Jacqueline Kamins,84
Lake,P-11,Judge of the Court of Appeals,Position 9,,Jacqueline Kamins,94
Lake,P-12,Judge of the Court of Appeals,Position 9,,Jacqueline Kamins,223
Lake,P-13,Judge of the Court of Appeals,Position 9,,Jacqueline Kamins,318
Lake,P-14,Judge of the Court of Appeals,Position 9,,Jacqueline Kamins,53
Lake,P-15,Judge of the Court of Appeals,Position 9,,Jacqueline Kamins,50
Lake,P-16,Judge of the Court of Appeals,Position 9,,Jacqueline Kamins,33
Lake,P-18,Judge of the Court of Appeals,Position 9,,Jacqueline Kamins,9
Lake,P-2,Judge of the Court of Appeals,Position 9,,Jacqueline Kamins,34
Lake,P-20,Judge of the Court of Appeals,Position 9,,Jacqueline Kamins,87
Lake,P-21,Judge of the Court of Appeals,Position 9,,Jacqueline Kamins,96
Lake,P-3,Judge of the Court of Appeals,Position 9,,Jacqueline Kamins,65
Lake,P-4,Judge of the Court of Appeals,Position 9,,Jacqueline Kamins,120
Lake,P-5,Judge of the Court of Appeals,Position 9,,Jacqueline Kamins,20
Lake,P-6,Judge of the Court of Appeals,Position 9,,Jacqueline Kamins,19
Lake,P-7,Judge of the Court of Appeals,Position 9,,Jacqueline Kamins,105
Lake,P-8,Judge of the Court of Appeals,Position 9,,Jacqueline Kamins,80
Lake,P-9,Judge of the Court of Appeals,Position 9,,Jacqueline Kamins,81
Lake,P-1,Judge of the Court of Appeals,Position 9,,Misc.,1
Lake,P-10,Judge of the Court of Appeals,Position 9,,Misc.,3
Lake,P-11,Judge of the Court of Appeals,Position 9,,Misc.,11
Lake,P-12,Judge of the Court of Appeals,Position 9,,Misc.,6
Lake,P-13,Judge of the Court of Appeals,Position 9,,Misc.,24
Lake,P-14,Judge of the Court of Appeals,Position 9,,Misc.,0
Lake,P-15,Judge of the Court of Appeals,Position 9,,Misc.,2
Lake,P-16,Judge of the Court of Appeals,Position 9,,Misc.,0
Lake,P-18,Judge of the Court of Appeals,Position 9,,Misc.,1
Lake,P-2,Judge of the Court of Appeals,Position 9,,Misc.,2
Lake,P-20,Judge of the Court of Appeals,Position 9,,Misc.,3
Lake,P-21,Judge of the Court of Appeals,Position 9,,Misc.,7
Lake,P-3,Judge of the Court of Appeals,Position 9,,Misc.,5
Lake,P-4,Judge of the Court of Appeals,Position 9,,Misc.,4
Lake,P-5,Judge of the Court of Appeals,Position 9,,Misc.,0
Lake,P-6,Judge of the Court of Appeals,Position 9,,Misc.,0
Lake,P-7,Judge of the Court of Appeals,Position 9,,Misc.,3
Lake,P-8,Judge of the Court of Appeals,Position 9,,Misc.,3
Lake,P-9,Judge of the Court of Appeals,Position 9,,Misc.,3
Lake,P-1,Judge of the Court of Appeals,Position 9,,Over Votes,0
Lake,P-10,Judge of the Court of Appeals,Position 9,,Over Votes,0
Lake,P-11,Judge of the Court of Appeals,Position 9,,Over Votes,0
Lake,P-12,Judge of the Court of Appeals,Position 9,,Over Votes,0
Lake,P-13,Judge of the Court of Appeals,Position 9,,Over Votes,0
Lake,P-14,Judge of the Court of Appeals,Position 9,,Over Votes,0
Lake,P-15,Judge of the Court of Appeals,Position 9,,Over Votes,0
Lake,P-16,Judge of the Court of Appeals,Position 9,,Over Votes,0
Lake,P-18,Judge of the Court of Appeals,Position 9,,Over Votes,0
Lake,P-2,Judge of the Court of Appeals,Position 9,,Over Votes,0
Lake,P-20,Judge of the Court of Appeals,Position 9,,Over Votes,0
Lake,P-21,Judge of the Court of Appeals,Position 9,,Over Votes,0
Lake,P-3,Judge of the Court of Appeals,Position 9,,Over Votes,0
Lake,P-4,Judge of the Court of Appeals,Position 9,,Over Votes,0
Lake,P-5,Judge of the Court of Appeals,Position 9,,Over Votes,0
Lake,P-6,Judge of the Court of Appeals,Position 9,,Over Votes,0
Lake,P-7,Judge of the Court of Appeals,Position 9,,Over Votes,0
Lake,P-8,Judge of the Court of Appeals,Position 9,,Over Votes,0
Lake,P-9,Judge of the Court of Appeals,Position 9,,Over Votes,0
Lake,P-1,Judge of the Court of Appeals,Position 9,,Under Votes,58
Lake,P-10,Judge of the Court of Appeals,Position 9,,Under Votes,90
Lake,P-11,Judge of the Court of Appeals,Position 9,,Under Votes,66
Lake,P-12,Judge of the Court of Appeals,Position 9,,Under Votes,174
Lake,P-13,Judge of the Court of Appeals,Position 9,,Under Votes,245
Lake,P-14,Judge of the Court of Appeals,Position 9,,Under Votes,52
Lake,P-15,Judge of the Court of Appeals,Position 9,,Under Votes,33
Lake,P-16,Judge of the Court of Appeals,Position 9,,Under Votes,25
Lake,P-18,Judge of the Court of Appeals,Position 9,,Under Votes,11
Lake,P-2,Judge of the Court of Appeals,Position 9,,Under Votes,26
Lake,P-20,Judge of the Court of Appeals,Position 9,,Under Votes,50
Lake,P-21,Judge of the Court of Appeals,Position 9,,Under Votes,58
Lake,P-3,Judge of the Court of Appeals,Position 9,,Under Votes,64
Lake,P-4,Judge of the Court of Appeals,Position 9,,Under Votes,85
Lake,P-5,Judge of the Court of Appeals,Position 9,,Under Votes,19
Lake,P-6,Judge of the Court of Appeals,Position 9,,Under Votes,21
Lake,P-7,Judge of the Court of Appeals,Position 9,,Under Votes,41
Lake,P-8,Judge of the Court of Appeals,Position 9,,Under Votes,68
Lake,P-9,Judge of the Court of Appeals,Position 9,,Under Votes,74
Lake,P-1,Judge of the Supreme Court,Position 4,,Christopher L. Garrett,44
Lake,P-10,Judge of the Supreme Court,Position 4,,Christopher L. Garrett,84
Lake,P-11,Judge of the Supreme Court,Position 4,,Christopher L. Garrett,96
Lake,P-12,Judge of the Supreme Court,Position 4,,Christopher L. Garrett,233
Lake,P-13,Judge of the Supreme Court,Position 4,,Christopher L. Garrett,325
Lake,P-14,Judge of the Supreme Court,Position 4,,Christopher L. Garrett,51
Lake,P-15,Judge of the Supreme Court,Position 4,,Christopher L. Garrett,51
Lake,P-16,Judge of the Supreme Court,Position 4,,Christopher L. Garrett,34
Lake,P-18,Judge of the Supreme Court,Position 4,,Christopher L. Garrett,9
Lake,P-2,Judge of the Supreme Court,Position 4,,Christopher L. Garrett,35
Lake,P-20,Judge of the Supreme Court,Position 4,,Christopher L. Garrett,89
Lake,P-21,Judge of the Supreme Court,Position 4,,Christopher L. Garrett,93
Lake,P-3,Judge of the Supreme Court,Position 4,,Christopher L. Garrett,67
Lake,P-4,Judge of the Supreme Court,Position 4,,Christopher L. Garrett,122
Lake,P-5,Judge of the Supreme Court,Position 4,,Christopher L. Garrett,20
Lake,P-6,Judge of the Supreme Court,Position 4,,Christopher L. Garrett,18
Lake,P-7,Judge of the Supreme Court,Position 4,,Christopher L. Garrett,106
Lake,P-8,Judge of the Supreme Court,Position 4,,Christopher L. Garrett,82
Lake,P-9,Judge of the Supreme Court,Position 4,,Christopher L. Garrett,85
Lake,P-1,Judge of the Supreme Court,Position 4,,Over Votes,0
Lake,P-10,Judge of the Supreme Court,Position 4,,Over Votes,0
Lake,P-11,Judge of the Supreme Court,Position 4,,Over Votes,0
Lake,P-12,Judge of the Supreme Court,Position 4,,Over Votes,0
Lake,P-13,Judge of the Supreme Court,Position 4,,Over Votes,0
Lake,P-14,Judge of the Supreme Court,Position 4,,Over Votes,0
Lake,P-15,Judge of the Supreme Court,Position 4,,Over Votes,0
Lake,P-16,Judge of the Supreme Court,Position 4,,Over Votes,0
Lake,P-18,Judge of the Supreme Court,Position 4,,Over Votes,0
Lake,P-2,Judge of the Supreme Court,Position 4,,Over Votes,0
Lake,P-20,Judge of the Supreme Court,Position 4,,Over Votes,0
Lake,P-21,Judge of the Supreme Court,Position 4,,Over Votes,0
Lake,P-3,Judge of the Supreme Court,Position 4,,Over Votes,0
Lake,P-4,Judge of the Supreme Court,Position 4,,Over Votes,0
Lake,P-5,Judge of the Supreme Court,Position 4,,Over Votes,0
Lake,P-6,Judge of the Supreme Court,Position 4,,Over Votes,0
Lake,P-7,Judge of the Supreme Court,Position 4,,Over Votes,0
Lake,P-8,Judge of the Supreme Court,Position 4,,Over Votes,0
Lake,P-9,Judge of the Supreme Court,Position 4,,Over Votes,0
Lake,P-1,Judge of the Supreme Court,Position 4,,Under Votes,56
Lake,P-10,Judge of the Supreme Court,Position 4,,Under Votes,90
Lake,P-11,Judge of the Supreme Court,Position 4,,Under Votes,65
Lake,P-12,Judge of the Supreme Court,Position 4,,Under Votes,165
Lake,P-13,Judge of the Supreme Court,Position 4,,Under Votes,237
Lake,P-14,Judge of the Supreme Court,Position 4,,Under Votes,50
Lake,P-15,Judge of the Supreme Court,Position 4,,Under Votes,32
Lake,P-16,Judge of the Supreme Court,Position 4,,Under Votes,24
Lake,P-18,Judge of the Supreme Court,Position 4,,Under Votes,11
Lake,P-2,Judge of the Supreme Court,Position 4,,Under Votes,24
Lake,P-20,Judge of the Supreme Court,Position 4,,Under Votes,48
Lake,P-21,Judge of the Supreme Court,Position 4,,Under Votes,60
Lake,P-3,Judge of the Supreme Court,Position 4,,Under Votes,64
Lake,P-4,Judge of the Supreme Court,Position 4,,Under Votes,84
Lake,P-5,Judge of the Supreme Court,Position 4,,Under Votes,19
Lake,P-6,Judge of the Supreme Court,Position 4,,Under Votes,22
Lake,P-7,Judge of the Supreme Court,Position 4,,Under Votes,39
Lake,P-8,Judge of the Supreme Court,Position 4,,Under Votes,66
Lake,P-9,Judge of the Supreme Court,Position 4,,Under Votes,71
Lake,P-1,Judge of the Supreme Court,Position 4,,Write-ins,1
Lake,P-10,Judge of the Supreme Court,Position 4,,Write-ins,3
Lake,P-11,Judge of the Supreme Court,Position 4,,Write-ins,10
Lake,P-12,Judge of the Supreme Court,Position 4,,Write-ins,5
Lake,P-13,Judge of the Supreme Court,Position 4,,Write-ins,25
Lake,P-14,Judge of the Supreme Court,Position 4,,Write-ins,4
Lake,P-15,Judge of the Supreme Court,Position 4,,Write-ins,2
Lake,P-16,Judge of the Supreme Court,Position 4,,Write-ins,0
Lake,P-18,Judge of the Supreme Court,Position 4,,Write-ins,1
Lake,P-2,Judge of the Supreme Court,Position 4,,Write-ins,3
Lake,P-20,Judge of the Supreme Court,Position 4,,Write-ins,3
Lake,P-21,Judge of the Supreme Court,Position 4,,Write-ins,8
Lake,P-3,Judge of the Supreme Court,Position 4,,Write-ins,3
Lake,P-4,Judge of the Supreme Court,Position 4,,Write-ins,3
Lake,P-5,Judge of the Supreme Court,Position 4,,Write-ins,0
Lake,P-6,Judge of the Supreme Court,Position 4,,Write-ins,0
Lake,P-7,Judge of the Supreme Court,Position 4,,Write-ins,4
Lake,P-8,Judge of the Supreme Court,Position 4,,Write-ins,3
Lake,P-9,Judge of the Supreme Court,Position 4,,Write-ins,2
Lake,P-1,Labor Commissioner,,,Chris Lynch,38
Lake,P-10,Labor Commissioner,,,Chris Lynch,74
Lake,P-11,Labor Commissioner,,,Chris Lynch,67
Lake,P-12,Labor Commissioner,,,Chris Lynch,178
Lake,P-13,Labor Commissioner,,,Chris Lynch,281
Lake,P-14,Labor Commissioner,,,Chris Lynch,48
Lake,P-15,Labor Commissioner,,,Chris Lynch,46
Lake,P-16,Labor Commissioner,,,Chris Lynch,23
Lake,P-18,Labor Commissioner,,,Chris Lynch,11
Lake,P-2,Labor Commissioner,,,Chris Lynch,18
Lake,P-20,Labor Commissioner,,,Chris Lynch,55
Lake,P-21,Labor Commissioner,,,Chris Lynch,59
Lake,P-3,Labor Commissioner,,,Chris Lynch,64
Lake,P-4,Labor Commissioner,,,Chris Lynch,97
Lake,P-5,Labor Commissioner,,,Chris Lynch,20
Lake,P-6,Labor Commissioner,,,Chris Lynch,10
Lake,P-7,Labor Commissioner,,,Chris Lynch,67
Lake,P-8,Labor Commissioner,,,Chris Lynch,54
Lake,P-9,Labor Commissioner,,,Chris Lynch,67
Lake,P-1,Labor Commissioner,,,Christina E. Stephenson,23
Lake,P-10,Labor Commissioner,,,Christina E. Stephenson,41
Lake,P-11,Labor Commissioner,,,Christina E. Stephenson,50
Lake,P-12,Labor Commissioner,,,Christina E. Stephenson,98
Lake,P-13,Labor Commissioner,,,Christina E. Stephenson,166
Lake,P-14,Labor Commissioner,,,Christina E. Stephenson,20
Lake,P-15,Labor Commissioner,,,Christina E. Stephenson,19
Lake,P-16,Labor Commissioner,,,Christina E. Stephenson,19
Lake,P-18,Labor Commissioner,,,Christina E. Stephenson,1
Lake,P-2,Labor Commissioner,,,Christina E. Stephenson,28
Lake,P-20,Labor Commissioner,,,Christina E. Stephenson,50
Lake,P-21,Labor Commissioner,,,Christina E. Stephenson,53
Lake,P-3,Labor Commissioner,,,Christina E. Stephenson,37
Lake,P-4,Labor Commissioner,,,Christina E. Stephenson,47
Lake,P-5,Labor Commissioner,,,Christina E. Stephenson,8
Lake,P-6,Labor Commissioner,,,Christina E. Stephenson,6
Lake,P-7,Labor Commissioner,,,Christina E. Stephenson,48
Lake,P-8,Labor Commissioner,,,Christina E. Stephenson,46
Lake,P-9,Labor Commissioner,,,Christina E. Stephenson,55
Lake,P-1,Labor Commissioner,,,Over Votes,0
Lake,P-10,Labor Commissioner,,,Over Votes,0
Lake,P-11,Labor Commissioner,,,Over Votes,0
Lake,P-12,Labor Commissioner,,,Over Votes,0
Lake,P-13,Labor Commissioner,,,Over Votes,0
Lake,P-14,Labor Commissioner,,,Over Votes,0
Lake,P-15,Labor Commissioner,,,Over Votes,0
Lake,P-16,Labor Commissioner,,,Over Votes,0
Lake,P-18,Labor Commissioner,,,Over Votes,0
Lake,P-2,Labor Commissioner,,,Over Votes,0
Lake,P-20,Labor Commissioner,,,Over Votes,0
Lake,P-21,Labor Commissioner,,,Over Votes,0
Lake,P-3,Labor Commissioner,,,Over Votes,0
Lake,P-4,Labor Commissioner,,,Over Votes,0
Lake,P-5,Labor Commissioner,,,Over Votes,0
Lake,P-6,Labor Commissioner,,,Over Votes,0
Lake,P-7,Labor Commissioner,,,Over Votes,0
Lake,P-8,Labor Commissioner,,,Over Votes,0
Lake,P-9,Labor Commissioner,,,Over Votes,0
Lake,P-1,Labor Commissioner,,,Under Votes,40
Lake,P-10,Labor Commissioner,,,Under Votes,62
Lake,P-11,Labor Commissioner,,,Under Votes,47
Lake,P-12,Labor Commissioner,,,Under Votes,127
Lake,P-13,Labor Commissioner,,,Under Votes,137
Lake,P-14,Labor Commissioner,,,Under Votes,37
Lake,P-15,Labor Commissioner,,,Under Votes,20
Lake,P-16,Labor Commissioner,,,Under Votes,16
Lake,P-18,Labor Commissioner,,,Under Votes,9
Lake,P-2,Labor Commissioner,,,Under Votes,16
Lake,P-20,Labor Commissioner,,,Under Votes,33
Lake,P-21,Labor Commissioner,,,Under Votes,41
Lake,P-3,Labor Commissioner,,,Under Votes,31
Lake,P-4,Labor Commissioner,,,Under Votes,64
Lake,P-5,Labor Commissioner,,,Under Votes,11
Lake,P-6,Labor Commissioner,,,Under Votes,24
Lake,P-7,Labor Commissioner,,,Under Votes,32
Lake,P-8,Labor Commissioner,,,Under Votes,50
Lake,P-9,Labor Commissioner,,,Under Votes,35
Lake,P-1,Labor Commissioner,,,Write-ins,0
Lake,P-10,Labor Commissioner,,,Write-ins,0
Lake,P-11,Labor Commissioner,,,Write-ins,7
Lake,P-12,Labor Commissioner,,,Write-ins,0
Lake,P-13,Labor Commissioner,,,Write-ins,3
Lake,P-14,Labor Commissioner,,,Write-ins,0
Lake,P-15,Labor Commissioner,,,Write-ins,0
Lake,P-16,Labor Commissioner,,,Write-ins,0
Lake,P-18,Labor Commissioner,,,Write-ins,0
Lake,P-2,Labor Commissioner,,,Write-ins,0
Lake,P-20,Labor Commissioner,,,Write-ins,2
Lake,P-21,Labor Commissioner,,,Write-ins,8
Lake,P-3,Labor Commissioner,,,Write-ins,2
Lake,P-4,Labor Commissioner,,,Write-ins,1
Lake,P-5,Labor Commissioner,,,Write-ins,0
Lake,P-6,Labor Commissioner,,,Write-ins,0
Lake,P-7,Labor Commissioner,,,Write-ins,2
Lake,P-8,Labor Commissioner,,,Write-ins,1
Lake,P-9,Labor Commissioner,,,Write-ins,1
Lake,P-1,Measure 120,,,No,97
Lake,P-10,Measure 120,,,No,167
Lake,P-11,Measure 120,,,No,157
Lake,P-12,Measure 120,,,No,383
Lake,P-13,Measure 120,,,No,556
Lake,P-14,Measure 120,,,No,99
Lake,P-15,Measure 120,,,No,80
Lake,P-16,Measure 120,,,No,52
Lake,P-18,Measure 120,,,No,21
Lake,P-2,Measure 120,,,No,52
Lake,P-20,Measure 120,,,No,125
Lake,P-21,Measure 120,,,No,143
Lake,P-3,Measure 120,,,No,121
Lake,P-4,Measure 120,,,No,197
Lake,P-5,Measure 120,,,No,37
Lake,P-6,Measure 120,,,No,38
Lake,P-7,Measure 120,,,No,144
Lake,P-8,Measure 120,,,No,132
Lake,P-9,Measure 120,,,No,147
Lake,P-1,Measure 120,,,Over Votes,0
Lake,P-10,Measure 120,,,Over Votes,0
Lake,P-11,Measure 120,,,Over Votes,0
Lake,P-12,Measure 120,,,Over Votes,0
Lake,P-13,Measure 120,,,Over Votes,0
Lake,P-14,Measure 120,,,Over Votes,0
Lake,P-15,Measure 120,,,Over Votes,0
Lake,P-16,Measure 120,,,Over Votes,0
Lake,P-18,Measure 120,,,Over Votes,0
Lake,P-2,Measure 120,,,Over Votes,0
Lake,P-20,Measure 120,,,Over Votes,0
Lake,P-21,Measure 120,,,Over Votes,0
Lake,P-3,Measure 120,,,Over Votes,0
Lake,P-4,Measure 120,,,Over Votes,0
Lake,P-5,Measure 120,,,Over Votes,0
Lake,P-6,Measure 120,,,Over Votes,0
Lake,P-7,Measure 120,,,Over Votes,0
Lake,P-8,Measure 120,,,Over Votes,0
Lake,P-9,Measure 120,,,Over Votes,0
Lake,P-1,Measure 120,,,Under Votes,2
Lake,P-10,Measure 120,,,Under Votes,9
Lake,P-11,Measure 120,,,Under Votes,6
Lake,P-12,Measure 120,,,Under Votes,11
Lake,P-13,Measure 120,,,Under Votes,13
Lake,P-14,Measure 120,,,Under Votes,3
Lake,P-15,Measure 120,,,Under Votes,4
Lake,P-16,Measure 120,,,Under Votes,4
Lake,P-18,Measure 120,,,Under Votes,0
Lake,P-2,Measure 120,,,Under Votes,3
Lake,P-20,Measure 120,,,Under Votes,9
Lake,P-21,Measure 120,,,Under Votes,8
Lake,P-3,Measure 120,,,Under Votes,7
Lake,P-4,Measure 120,,,Under Votes,7
Lake,P-5,Measure 120,,,Under Votes,2
Lake,P-6,Measure 120,,,Under Votes,1
Lake,P-7,Measure 120,,,Under Votes,4
Lake,P-8,Measure 120,,,Under Votes,11
Lake,P-9,Measure 120,,,Under Votes,6
Lake,P-1,Measure 120,,,Yes,2
Lake,P-10,Measure 120,,,Yes,1
Lake,P-11,Measure 120,,,Yes,8
Lake,P-12,Measure 120,,,Yes,9
Lake,P-13,Measure 120,,,Yes,18
Lake,P-14,Measure 120,,,Yes,3
Lake,P-15,Measure 120,,,Yes,1
Lake,P-16,Measure 120,,,Yes,2
Lake,P-18,Measure 120,,,Yes,0
Lake,P-2,Measure 120,,,Yes,7
Lake,P-20,Measure 120,,,Yes,6
Lake,P-21,Measure 120,,,Yes,10
Lake,P-3,Measure 120,,,Yes,6
Lake,P-4,Measure 120,,,Yes,5
Lake,P-5,Measure 120,,,Yes,0
Lake,P-6,Measure 120,,,Yes,1
Lake,P-7,Measure 120,,,Yes,1
Lake,P-8,Measure 120,,,Yes,8
Lake,P-9,Measure 120,,,Yes,5
Lake,P-1,State House,60,D,Beth Spell,8
Lake,P-10,State House,60,D,Beth Spell,2
Lake,P-11,State House,60,D,Beth Spell,9
Lake,P-12,State House,60,D,Beth Spell,20
Lake,P-13,State House,60,D,Beth Spell,40
Lake,P-14,State House,60,D,Beth Spell,8
Lake,P-15,State House,60,D,Beth Spell,6
Lake,P-16,State House,60,D,Beth Spell,7
Lake,P-18,State House,60,D,Beth Spell,0
Lake,P-2,State House,60,D,Beth Spell,6
Lake,P-20,State House,60,D,Beth Spell,10
Lake,P-21,State House,60,D,Beth Spell,12
Lake,P-3,State House,60,D,Beth Spell,6
Lake,P-4,State House,60,D,Beth Spell,10
Lake,P-5,State House,60,D,Beth Spell,2
Lake,P-6,State House,60,D,Beth Spell,0
Lake,P-7,State House,60,D,Beth Spell,10
Lake,P-8,State House,60,D,Beth Spell,13
Lake,P-9,State House,60,D,Beth Spell,12
Lake,P-1,State House,60,D,Misc.,0
Lake,P-10,State House,60,D,Misc.,0
Lake,P-11,State House,60,D,Misc.,0
Lake,P-12,State House,60,D,Misc.,2
Lake,P-13,State House,60,D,Misc.,3
Lake,P-14,State House,60,D,Misc.,0
Lake,P-15,State House,60,D,Misc.,1
Lake,P-16,State House,60,D,Misc.,0
Lake,P-18,State House,60,D,Misc.,0
Lake,P-2,State House,60,D,Misc.,0
Lake,P-20,State House,60,D,Misc.,2
Lake,P-21,State House,60,D,Misc.,0
Lake,P-3,State House,60,D,Misc.,0
Lake,P-4,State House,60,D,Misc.,0
Lake,P-5,State House,60,D,Misc.,0
Lake,P-6,State House,60,D,Misc.,0
Lake,P-7,State House,60,D,Misc.,0
Lake,P-8,State House,60,D,Misc.,0
Lake,P-9,State House,60,D,Misc.,0
Lake,P-1,State House,60,D,Over Votes,0
Lake,P-10,State House,60,D,Over Votes,0
Lake,P-11,State House,60,D,Over Votes,0
Lake,P-12,State House,60,D,Over Votes,0
Lake,P-13,State House,60,D,Over Votes,0
Lake,P-14,State House,60,D,Over Votes,0
Lake,P-15,State House,60,D,Over Votes,0
Lake,P-16,State House,60,D,Over Votes,0
Lake,P-18,State House,60,D,Over Votes,0
Lake,P-2,State House,60,D,Over Votes,0
Lake,P-20,State House,60,D,Over Votes,0
Lake,P-21,State House,60,D,Over Votes,0
Lake,P-3,State House,60,D,Over Votes,0
Lake,P-4,State House,60,D,Over Votes,0
Lake,P-5,State House,60,D,Over Votes,0
Lake,P-6,State House,60,D,Over Votes,0
Lake,P-7,State House,60,D,Over Votes,0
Lake,P-8,State House,60,D,Over Votes,0
Lake,P-9,State House,60,D,Over Votes,0
Lake,P-1,State House,60,D,Under Votes,1
Lake,P-10,State House,60,D,Under Votes,7
Lake,P-11,State House,60,D,Under Votes,10
Lake,P-12,State House,60,D,Under Votes,10
Lake,P-13,State House,60,D,Under Votes,19
Lake,P-14,State House,60,D,Under Votes,7
Lake,P-15,State House,60,D,Under Votes,3
Lake,P-16,State House,60,D,Under Votes,1
Lake,P-18,State House,60,D,Under Votes,2
Lake,P-2,State House,60,D,Under Votes,5
Lake,P-20,State House,60,D,Under Votes,6
Lake,P-21,State House,60,D,Under Votes,8
Lake,P-3,State House,60,D,Under Votes,7
Lake,P-4,State House,60,D,Under Votes,8
Lake,P-5,State House,60,D,Under Votes,0
Lake,P-6,State House,60,D,Under Votes,0
Lake,P-7,State House,60,D,Under Votes,6
Lake,P-8,State House,60,D,Under Votes,6
Lake,P-9,State House,60,D,Under Votes,14
Lake,P-1,State House,60,R,Mark Owens,48
Lake,P-10,State House,60,R,Mark Owens,104
Lake,P-11,State House,60,R,Mark Owens,91
Lake,P-12,State House,60,R,Mark Owens,216
Lake,P-13,State House,60,R,Mark Owens,300
Lake,P-14,State House,60,R,Mark Owens,55
Lake,P-15,State House,60,R,Mark Owens,45
Lake,P-16,State House,60,R,Mark Owens,27
Lake,P-18,State House,60,R,Mark Owens,14
Lake,P-2,State House,60,R,Mark Owens,31
Lake,P-20,State House,60,R,Mark Owens,74
Lake,P-21,State House,60,R,Mark Owens,73
Lake,P-3,State House,60,R,Mark Owens,65
Lake,P-4,State House,60,R,Mark Owens,124
Lake,P-5,State House,60,R,Mark Owens,25
Lake,P-6,State House,60,R,Mark Owens,29
Lake,P-7,State House,60,R,Mark Owens,76
Lake,P-8,State House,60,R,Mark Owens,64
Lake,P-9,State House,60,R,Mark Owens,65
Lake,P-1,State House,60,R,Misc.,0
Lake,P-10,State House,60,R,Misc.,0
Lake,P-11,State House,60,R,Misc.,1
Lake,P-12,State House,60,R,Misc.,0
Lake,P-13,State House,60,R,Misc.,6
Lake,P-14,State House,60,R,Misc.,0
Lake,P-15,State House,60,R,Misc.,0
Lake,P-16,State House,60,R,Misc.,0
Lake,P-18,State House,60,R,Misc.,0
Lake,P-2,State House,60,R,Misc.,0
Lake,P-20,State House,60,R,Misc.,1
Lake,P-21,State House,60,R,Misc.,2
Lake,P-3,State House,60,R,Misc.,0
Lake,P-4,State House,60,R,Misc.,1
Lake,P-5,State House,60,R,Misc.,0
Lake,P-6,State House,60,R,Misc.,0
Lake,P-7,State House,60,R,Misc.,0
Lake,P-8,State House,60,R,Misc.,1
Lake,P-9,State House,60,R,Misc.,1
Lake,P-1,State House,60,R,Over Votes,0
Lake,P-10,State House,60,R,Over Votes,0
Lake,P-11,State House,60,R,Over Votes,0
Lake,P-12,State House,60,R,Over Votes,0
Lake,P-13,State House,60,R,Over Votes,0
Lake,P-14,State House,60,R,Over Votes,0
Lake,P-15,State House,60,R,Over Votes,0
Lake,P-16,State House,60,R,Over Votes,0
Lake,P-18,State House,60,R,Over Votes,0
Lake,P-2,State House,60,R,Over Votes,0
Lake,P-20,State House,60,R,Over Votes,0
Lake,P-21,State House,60,R,Over Votes,0
Lake,P-3,State House,60,R,Over Votes,0
Lake,P-4,State House,60,R,Over Votes,0
Lake,P-5,State House,60,R,Over Votes,0
Lake,P-6,State House,60,R,Over Votes,0
Lake,P-7,State House,60,R,Over Votes,0
Lake,P-8,State House,60,R,Over Votes,0
Lake,P-9,State House,60,R,Over Votes,0
Lake,P-1,State House,60,R,Under Votes,24
Lake,P-10,State House,60,R,Under Votes,26
Lake,P-11,State House,60,R,Under Votes,23
Lake,P-12,State House,60,R,Under Votes,67
Lake,P-13,State House,60,R,Under Votes,96
Lake,P-14,State House,60,R,Under Votes,14
Lake,P-15,State House,60,R,Under Votes,15
Lake,P-16,State House,60,R,Under Votes,6
Lake,P-18,State House,60,R,Under Votes,1
Lake,P-2,State House,60,R,Under Votes,6
Lake,P-20,State House,60,R,Under Votes,16
Lake,P-21,State House,60,R,Under Votes,18
Lake,P-3,State House,60,R,Under Votes,24
Lake,P-4,State House,60,R,Under Votes,35
Lake,P-5,State House,60,R,Under Votes,5
Lake,P-6,State House,60,R,Under Votes,6
Lake,P-7,State House,60,R,Under Votes,23
Lake,P-8,State House,60,R,Under Votes,32
Lake,P-9,State House,60,R,Under Votes,27
Lake,P-1,Surveyor,,,Over Votes,0
Lake,P-10,Surveyor,,,Over Votes,0
Lake,P-11,Surveyor,,,Over Votes,0
Lake,P-12,Surveyor,,,Over Votes,0
Lake,P-13,Surveyor,,,Over Votes,0
Lake,P-14,Surveyor,,,Over Votes,0
Lake,P-15,Surveyor,,,Over Votes,0
Lake,P-16,Surveyor,,,Over Votes,0
Lake,P-18,Surveyor,,,Over Votes,0
Lake,P-2,Surveyor,,,Over Votes,0
Lake,P-20,Surveyor,,,Over Votes,0
Lake,P-21,Surveyor,,,Over Votes,0
Lake,P-3,Surveyor,,,Over Votes,0
Lake,P-4,Surveyor,,,Over Votes,0
Lake,P-5,Surveyor,,,Over Votes,0
Lake,P-6,Surveyor,,,Over Votes,0
Lake,P-7,Surveyor,,,Over Votes,0
Lake,P-8,Surveyor,,,Over Votes,0
Lake,P-9,Surveyor,,,Over Votes,0
Lake,P-1,Surveyor,,,Under Votes,50
Lake,P-10,Surveyor,,,Under Votes,58
Lake,P-11,Surveyor,,,Under Votes,47
Lake,P-12,Surveyor,,,Under Votes,118
Lake,P-13,Surveyor,,,Under Votes,227
Lake,P-14,Surveyor,,,Under Votes,47
Lake,P-15,Surveyor,,,Under Votes,28
Lake,P-16,Surveyor,,,Under Votes,12
Lake,P-18,Surveyor,,,Under Votes,3
Lake,P-2,Surveyor,,,Under Votes,27
Lake,P-20,Surveyor,,,Under Votes,27
Lake,P-21,Surveyor,,,Under Votes,49
Lake,P-3,Surveyor,,,Under Votes,56
Lake,P-4,Surveyor,,,Under Votes,56
Lake,P-5,Surveyor,,,Under Votes,13
Lake,P-6,Surveyor,,,Under Votes,18
Lake,P-7,Surveyor,,,Under Votes,38
Lake,P-8,Surveyor,,,Under Votes,54
Lake,P-9,Surveyor,,,Under Votes,51
Lake,P-1,Surveyor,,,Write-ins,0
Lake,P-10,Surveyor,,,Write-ins,1
Lake,P-11,Surveyor,,,Write-ins,2
Lake,P-12,Surveyor,,,Write-ins,1
Lake,P-13,Surveyor,,,Write-ins,7
Lake,P-14,Surveyor,,,Write-ins,0
Lake,P-15,Surveyor,,,Write-ins,0
Lake,P-16,Surveyor,,,Write-ins,0
Lake,P-18,Surveyor,,,Write-ins,0
Lake,P-2,Surveyor,,,Write-ins,0
Lake,P-20,Surveyor,,,Write-ins,2
Lake,P-21,Surveyor,,,Write-ins,5
Lake,P-3,Surveyor,,,Write-ins,2
Lake,P-4,Surveyor,,,Write-ins,0
Lake,P-5,Surveyor,,,Write-ins,0
Lake,P-6,Surveyor,,,Write-ins,0
Lake,P-7,Surveyor,,,Write-ins,3
Lake,P-8,Surveyor,,,Write-ins,2
Lake,P-9,Surveyor,,,Write-ins,1
Lake,P-1,Surveyor,,,Zane E. Fernlund,51
Lake,P-10,Surveyor,,,Zane E. Fernlund,118
Lake,P-11,Surveyor,,,Zane E. Fernlund,122
Lake,P-12,Surveyor,,,Zane E. Fernlund,284
Lake,P-13,Surveyor,,,Zane E. Fernlund,353
Lake,P-14,Surveyor,,,Zane E. Fernlund,58
Lake,P-15,Surveyor,,,Zane E. Fernlund,57
Lake,P-16,Surveyor,,,Zane E. Fernlund,46
Lake,P-18,Surveyor,,,Zane E. Fernlund,18
Lake,P-2,Surveyor,,,Zane E. Fernlund,35
Lake,P-20,Surveyor,,,Zane E. Fernlund,111
Lake,P-21,Surveyor,,,Zane E. Fernlund,107
Lake,P-3,Surveyor,,,Zane E. Fernlund,76
Lake,P-4,Surveyor,,,Zane E. Fernlund,153
Lake,P-5,Surveyor,,,Zane E. Fernlund,26
Lake,P-6,Surveyor,,,Zane E. Fernlund,22
Lake,P-7,Surveyor,,,Zane E. Fernlund,108
Lake,P-8,Surveyor,,,Zane E. Fernlund,95
Lake,P-9,Surveyor,,,Zane E. Fernlund,106
Lake,P-1,U.S. House,2,D,Chris Beck,4
Lake,P-10,U.S. House,2,D,Chris Beck,0
Lake,P-11,U.S. House,2,D,Chris Beck,3
Lake,P-12,U.S. House,2,D,Chris Beck,8
Lake,P-13,U.S. House,2,D,Chris Beck,16
Lake,P-14,U.S. House,2,D,Chris Beck,4
Lake,P-15,U.S. House,2,D,Chris Beck,2
Lake,P-16,U.S. House,2,D,Chris Beck,3
Lake,P-18,U.S. House,2,D,Chris Beck,0
Lake,P-2,U.S. House,2,D,Chris Beck,5
Lake,P-20,U.S. House,2,D,Chris Beck,4
Lake,P-21,U.S. House,2,D,Chris Beck,3
Lake,P-3,U.S. House,2,D,Chris Beck,5
Lake,P-4,U.S. House,2,D,Chris Beck,4
Lake,P-5,U.S. House,2,D,Chris Beck,0
Lake,P-6,U.S. House,2,D,Chris Beck,0
Lake,P-7,U.S. House,2,D,Chris Beck,4
Lake,P-8,U.S. House,2,D,Chris Beck,3
Lake,P-9,U.S. House,2,D,Chris Beck,8
Lake,P-1,U.S. House,2,D,Dawn Rasmussen,0
Lake,P-10,U.S. House,2,D,Dawn Rasmussen,2
Lake,P-11,U.S. House,2,D,Dawn Rasmussen,5
Lake,P-12,U.S. House,2,D,Dawn Rasmussen,5
Lake,P-13,U.S. House,2,D,Dawn Rasmussen,8
Lake,P-14,U.S. House,2,D,Dawn Rasmussen,0
Lake,P-15,U.S. House,2,D,Dawn Rasmussen,0
Lake,P-16,U.S. House,2,D,Dawn Rasmussen,4
Lake,P-18,U.S. House,2,D,Dawn Rasmussen,0
Lake,P-2,U.S. House,2,D,Dawn Rasmussen,2
Lake,P-20,U.S. House,2,D,Dawn Rasmussen,2
Lake,P-21,U.S. House,2,D,Dawn Rasmussen,2
Lake,P-3,U.S. House,2,D,Dawn Rasmussen,1
Lake,P-4,U.S. House,2,D,Dawn Rasmussen,2
Lake,P-5,U.S. House,2,D,Dawn Rasmussen,0
Lake,P-6,U.S. House,2,D,Dawn Rasmussen,0
Lake,P-7,U.S. House,2,D,Dawn Rasmussen,3
Lake,P-8,U.S. House,2,D,Dawn Rasmussen,4
Lake,P-9,U.S. House,2,D,Dawn Rasmussen,4
Lake,P-1,U.S. House,2,D,Mary Doyle,3
Lake,P-10,U.S. House,2,D,Mary Doyle,0
Lake,P-11,U.S. House,2,D,Mary Doyle,3
Lake,P-12,U.S. House,2,D,Mary Doyle,1
Lake,P-13,U.S. House,2,D,Mary Doyle,13
Lake,P-14,U.S. House,2,D,Mary Doyle,4
Lake,P-15,U.S. House,2,D,Mary Doyle,1
Lake,P-16,U.S. House,2,D,Mary Doyle,1
Lake,P-18,U.S. House,2,D,Mary Doyle,0
Lake,P-2,U.S. House,2,D,Mary Doyle,1
Lake,P-20,U.S. House,2,D,Mary Doyle,1
Lake,P-21,U.S. House,2,D,Mary Doyle,4
Lake,P-3,U.S. House,2,D,Mary Doyle,3
Lake,P-4,U.S. House,2,D,Mary Doyle,2
Lake,P-5,U.S. House,2,D,Mary Doyle,1
Lake,P-6,U.S. House,2,D,Mary Doyle,0
Lake,P-7,U.S. House,2,D,Mary Doyle,1
Lake,P-8,U.S. House,2,D,Mary Doyle,4
Lake,P-9,U.S. House,2,D,Mary Doyle,3
Lake,P-1,U.S. House,2,D,Misc.,0
Lake,P-10,U.S. House,2,D,Misc.,0
Lake,P-11,U.S. House,2,D,Misc.,1
Lake,P-12,U.S. House,2,D,Misc.,2
Lake,P-13,U.S. House,2,D,Misc.,3
Lake,P-14,U.S. House,2,D,Misc.,0
Lake,P-15,U.S. House,2,D,Misc.,0
Lake,P-16,U.S. House,2,D,Misc.,0
Lake,P-18,U.S. House,2,D,Misc.,0
Lake,P-2,U.S. House,2,D,Misc.,0
Lake,P-20,U.S. House,2,D,Misc.,1
Lake,P-21,U.S. House,2,D,Misc.,0
Lake,P-3,U.S. House,2,D,Misc.,0
Lake,P-4,U.S. House,2,D,Misc.,0
Lake,P-5,U.S. House,2,D,Misc.,0
Lake,P-6,U.S. House,2,D,Misc.,0
Lake,P-7,U.S. House,2,D,Misc.,0
Lake,P-8,U.S. House,2,D,Misc.,0
Lake,P-9,U.S. House,2,D,Misc.,1
Lake,P-1,U.S. House,2,D,Over Votes,0
Lake,P-10,U.S. House,2,D,Over Votes,0
Lake,P-11,U.S. House,2,D,Over Votes,0
Lake,P-12,U.S. House,2,D,Over Votes,0
Lake,P-13,U.S. House,2,D,Over Votes,2
Lake,P-14,U.S. House,2,D,Over Votes,0
Lake,P-15,U.S. House,2,D,Over Votes,0
Lake,P-16,U.S. House,2,D,Over Votes,0
Lake,P-18,U.S. House,2,D,Over Votes,0
Lake,P-2,U.S. House,2,D,Over Votes,0
Lake,P-20,U.S. House,2,D,Over Votes,0
Lake,P-21,U.S. House,2,D,Over Votes,0
Lake,P-3,U.S. House,2,D,Over Votes,0
Lake,P-4,U.S. House,2,D,Over Votes,0
Lake,P-5,U.S. House,2,D,Over Votes,0
Lake,P-6,U.S. House,2,D,Over Votes,0
Lake,P-7,U.S. House,2,D,Over Votes,0
Lake,P-8,U.S. House,2,D,Over Votes,0
Lake,P-9,U.S. House,2,D,Over Votes,0
Lake,P-1,U.S. House,2,D,Patty Snow,0
Lake,P-10,U.S. House,2,D,Patty Snow,2
Lake,P-11,U.S. House,2,D,Patty Snow,1
Lake,P-12,U.S. House,2,D,Patty Snow,4
Lake,P-13,U.S. House,2,D,Patty Snow,4
Lake,P-14,U.S. House,2,D,Patty Snow,0
Lake,P-15,U.S. House,2,D,Patty Snow,2
Lake,P-16,U.S. House,2,D,Patty Snow,0
Lake,P-18,U.S. House,2,D,Patty Snow,0
Lake,P-2,U.S. House,2,D,Patty Snow,1
Lake,P-20,U.S. House,2,D,Patty Snow,3
Lake,P-21,U.S. House,2,D,Patty Snow,2
Lake,P-3,U.S. House,2,D,Patty Snow,0
Lake,P-4,U.S. House,2,D,Patty Snow,3
Lake,P-5,U.S. House,2,D,Patty Snow,0
Lake,P-6,U.S. House,2,D,Patty Snow,0
Lake,P-7,U.S. House,2,D,Patty Snow,1
Lake,P-8,U.S. House,2,D,Patty Snow,4
Lake,P-9,U.S. House,2,D,Patty Snow,1
Lake,P-1,U.S. House,2,D,Peter Quince,0
Lake,P-10,U.S. House,2,D,Peter Quince,0
Lake,P-11,U.S. House,2,D,Peter Quince,1
Lake,P-12,U.S. House,2,D,Peter Quince,4
Lake,P-13,U.S. House,2,D,Peter Quince,5
Lake,P-14,U.S. House,2,D,Peter Quince,1
Lake,P-15,U.S. House,2,D,Peter Quince,1
Lake,P-16,U.S. House,2,D,Peter Quince,0
Lake,P-18,U.S. House,2,D,Peter Quince,0
Lake,P-2,U.S. House,2,D,Peter Quince,0
Lake,P-20,U.S. House,2,D,Peter Quince,1
Lake,P-21,U.S. House,2,D,Peter Quince,1
Lake,P-3,U.S. House,2,D,Peter Quince,0
Lake,P-4,U.S. House,2,D,Peter Quince,1
Lake,P-5,U.S. House,2,D,Peter Quince,0
Lake,P-6,U.S. House,2,D,Peter Quince,0
Lake,P-7,U.S. House,2,D,Peter Quince,1
Lake,P-8,U.S. House,2,D,Peter Quince,0
Lake,P-9,U.S. House,2,D,Peter Quince,2
Lake,P-1,U.S. House,2,D,Rebecca Mueller,0
Lake,P-10,U.S. House,2,D,Rebecca Mueller,0
Lake,P-11,U.S. House,2,D,Rebecca Mueller,2
Lake,P-12,U.S. House,2,D,Rebecca Mueller,4
Lake,P-13,U.S. House,2,D,Rebecca Mueller,3
Lake,P-14,U.S. House,2,D,Rebecca Mueller,1
Lake,P-15,U.S. House,2,D,Rebecca Mueller,2
Lake,P-16,U.S. House,2,D,Rebecca Mueller,0
Lake,P-18,U.S. House,2,D,Rebecca Mueller,0
Lake,P-2,U.S. House,2,D,Rebecca Mueller,1
Lake,P-20,U.S. House,2,D,Rebecca Mueller,4
Lake,P-21,U.S. House,2,D,Rebecca Mueller,4
Lake,P-3,U.S. House,2,D,Rebecca Mueller,2
Lake,P-4,U.S. House,2,D,Rebecca Mueller,4
Lake,P-5,U.S. House,2,D,Rebecca Mueller,1
Lake,P-6,U.S. House,2,D,Rebecca Mueller,0
Lake,P-7,U.S. House,2,D,Rebecca Mueller,2
Lake,P-8,U.S. House,2,D,Rebecca Mueller,2
Lake,P-9,U.S. House,2,D,Rebecca Mueller,2
Lake,P-1,U.S. House,2,D,Under Votes,2
Lake,P-10,U.S. House,2,D,Under Votes,5
Lake,P-11,U.S. House,2,D,Under Votes,3
Lake,P-12,U.S. House,2,D,Under Votes,4
Lake,P-13,U.S. House,2,D,Under Votes,8
Lake,P-14,U.S. House,2,D,Under Votes,5
Lake,P-15,U.S. House,2,D,Under Votes,2
Lake,P-16,U.S. House,2,D,Under Votes,0
Lake,P-18,U.S. House,2,D,Under Votes,2
Lake,P-2,U.S. House,2,D,Under Votes,1
Lake,P-20,U.S. House,2,D,Under Votes,2
Lake,P-21,U.S. House,2,D,Under Votes,4
Lake,P-3,U.S. House,2,D,Under Votes,2
Lake,P-4,U.S. House,2,D,Under Votes,2
Lake,P-5,U.S. House,2,D,Under Votes,0
Lake,P-6,U.S. House,2,D,Under Votes,0
Lake,P-7,U.S. House,2,D,Under Votes,4
Lake,P-8,U.S. House,2,D,Under Votes,2
Lake,P-9,U.S. House,2,D,Under Votes,5
Lake,P-1,U.S. House,2,R,Andrea Carr,2
Lake,P-10,U.S. House,2,R,Andrea Carr,4
Lake,P-11,U.S. House,2,R,Andrea Carr,2
Lake,P-12,U.S. House,2,R,Andrea Carr,18
Lake,P-13,U.S. House,2,R,Andrea Carr,13
Lake,P-14,U.S. House,2,R,Andrea Carr,2
Lake,P-15,U.S. House,2,R,Andrea Carr,2
Lake,P-16,U.S. House,2,R,Andrea Carr,3
Lake,P-18,U.S. House,2,R,Andrea Carr,1
Lake,P-2,U.S. House,2,R,Andrea Carr,0
Lake,P-20,U.S. House,2,R,Andrea Carr,2
Lake,P-21,U.S. House,2,R,Andrea Carr,8
Lake,P-3,U.S. House,2,R,Andrea Carr,7
Lake,P-4,U.S. House,2,R,Andrea Carr,3
Lake,P-5,U.S. House,2,R,Andrea Carr,0
Lake,P-6,U.S. House,2,R,Andrea Carr,0
Lake,P-7,U.S. House,2,R,Andrea Carr,10
Lake,P-8,U.S. House,2,R,Andrea Carr,8
Lake,P-9,U.S. House,2,R,Andrea Carr,1
Lake,P-1,U.S. House,2,R,Cliff Bentz,48
Lake,P-10,U.S. House,2,R,Cliff Bentz,115
Lake,P-11,U.S. House,2,R,Cliff Bentz,92
Lake,P-12,U.S. House,2,R,Cliff Bentz,216
Lake,P-13,U.S. House,2,R,Cliff Bentz,293
Lake,P-14,U.S. House,2,R,Cliff Bentz,54
Lake,P-15,U.S. House,2,R,Cliff Bentz,48
Lake,P-16,U.S. House,2,R,Cliff Bentz,20
Lake,P-18,U.S. House,2,R,Cliff Bentz,12
Lake,P-2,U.S. House,2,R,Cliff Bentz,32
Lake,P-20,U.S. House,2,R,Cliff Bentz,75
Lake,P-21,U.S. House,2,R,Cliff Bentz,63
Lake,P-3,U.S. House,2,R,Cliff Bentz,64
Lake,P-4,U.S. House,2,R,Cliff Bentz,133
Lake,P-5,U.S. House,2,R,Cliff Bentz,24
Lake,P-6,U.S. House,2,R,Cliff Bentz,33
Lake,P-7,U.S. House,2,R,Cliff Bentz,69
Lake,P-8,U.S. House,2,R,Cliff Bentz,66
Lake,P-9,U.S. House,2,R,Cliff Bentz,70
Lake,P-1,U.S. House,2,R,Misc.,0
Lake,P-10,U.S. House,2,R,Misc.,0
Lake,P-11,U.S. House,2,R,Misc.,0
Lake,P-12,U.S. House,2,R,Misc.,0
Lake,P-13,U.S. House,2,R,Misc.,1
Lake,P-14,U.S. House,2,R,Misc.,0
Lake,P-15,U.S. House,2,R,Misc.,0
Lake,P-16,U.S. House,2,R,Misc.,0
Lake,P-18,U.S. House,2,R,Misc.,0
Lake,P-2,U.S. House,2,R,Misc.,0
Lake,P-20,U.S. House,2,R,Misc.,0
Lake,P-21,U.S. House,2,R,Misc.,2
Lake,P-3,U.S. House,2,R,Misc.,0
Lake,P-4,U.S. House,2,R,Misc.,0
Lake,P-5,U.S. House,2,R,Misc.,0
Lake,P-6,U.S. House,2,R,Misc.,0
Lake,P-7,U.S. House,2,R,Misc.,0
Lake,P-8,U.S. House,2,R,Misc.,2
Lake,P-9,U.S. House,2,R,Misc.,0
Lake,P-1,U.S. House,2,R,Over Votes,0
Lake,P-10,U.S. House,2,R,Over Votes,0
Lake,P-11,U.S. House,2,R,Over Votes,0
Lake,P-12,U.S. House,2,R,Over Votes,0
Lake,P-13,U.S. House,2,R,Over Votes,0
Lake,P-14,U.S. House,2,R,Over Votes,0
Lake,P-15,U.S. House,2,R,Over Votes,0
Lake,P-16,U.S. House,2,R,Over Votes,0
Lake,P-18,U.S. House,2,R,Over Votes,0
Lake,P-2,U.S. House,2,R,Over Votes,0
Lake,P-20,U.S. House,2,R,Over Votes,0
Lake,P-21,U.S. House,2,R,Over Votes,0
Lake,P-3,U.S. House,2,R,Over Votes,0
Lake,P-4,U.S. House,2,R,Over Votes,0
Lake,P-5,U.S. House,2,R,Over Votes,0
Lake,P-6,U.S. House,2,R,Over Votes,0
Lake,P-7,U.S. House,2,R,Over Votes,0
Lake,P-8,U.S. House,2,R,Over Votes,0
Lake,P-9,U.S. House,2,R,Over Votes,0
Lake,P-1,U.S. House,2,R,Peter J. Larson,8
Lake,P-10,U.S. House,2,R,Peter J. Larson,9
Lake,P-11,U.S. House,2,R,Peter J. Larson,13
Lake,P-12,U.S. House,2,R,Peter J. Larson,30
Lake,P-13,U.S. House,2,R,Peter J. Larson,59
Lake,P-14,U.S. House,2,R,Peter J. Larson,6
Lake,P-15,U.S. House,2,R,Peter J. Larson,10
Lake,P-16,U.S. House,2,R,Peter J. Larson,7
Lake,P-18,U.S. House,2,R,Peter J. Larson,1
Lake,P-2,U.S. House,2,R,Peter J. Larson,1
Lake,P-20,U.S. House,2,R,Peter J. Larson,11
Lake,P-21,U.S. House,2,R,Peter J. Larson,9
Lake,P-3,U.S. House,2,R,Peter J. Larson,8
Lake,P-4,U.S. House,2,R,Peter J. Larson,18
Lake,P-5,U.S. House,2,R,Peter J. Larson,3
Lake,P-6,U.S. House,2,R,Peter J. Larson,1
Lake,P-7,U.S. House,2,R,Peter J. Larson,11
Lake,P-8,U.S. House,2,R,Peter J. Larson,8
Lake,P-9,U.S. House,2,R,Peter J. Larson,13
Lake,P-1,U.S. House,2,R,Under Votes,14
Lake,P-10,U.S. House,2,R,Under Votes,2
Lake,P-11,U.S. House,2,R,Under Votes,8
Lake,P-12,U.S. House,2,R,Under Votes,19
Lake,P-13,U.S. House,2,R,Under Votes,36
Lake,P-14,U.S. House,2,R,Under Votes,7
Lake,P-15,U.S. House,2,R,Under Votes,0
Lake,P-16,U.S. House,2,R,Under Votes,3
Lake,P-18,U.S. House,2,R,Under Votes,1
Lake,P-2,U.S. House,2,R,Under Votes,4
Lake,P-20,U.S. House,2,R,Under Votes,3
Lake,P-21,U.S. House,2,R,Under Votes,11
Lake,P-3,U.S. House,2,R,Under Votes,10
Lake,P-4,U.S. House,2,R,Under Votes,6
Lake,P-5,U.S. House,2,R,Under Votes,3
Lake,P-6,U.S. House,2,R,Under Votes,1
Lake,P-7,U.S. House,2,R,Under Votes,9
Lake,P-8,U.S. House,2,R,Under Votes,13
Lake,P-9,U.S. House,2,R,Under Votes,9
Lake,P-1,U.S. Senate,,D,Jeff Merkley,7
Lake,P-10,U.S. Senate,,D,Jeff Merkley,4
Lake,P-11,U.S. Senate,,D,Jeff Merkley,11
Lake,P-12,U.S. Senate,,D,Jeff Merkley,23
Lake,P-13,U.S. Senate,,D,Jeff Merkley,42
Lake,P-14,U.S. Senate,,D,Jeff Merkley,14
Lake,P-15,U.S. Senate,,D,Jeff Merkley,8
Lake,P-16,U.S. Senate,,D,Jeff Merkley,7
Lake,P-18,U.S. Senate,,D,Jeff Merkley,0
Lake,P-2,U.S. Senate,,D,Jeff Merkley,8
Lake,P-20,U.S. Senate,,D,Jeff Merkley,11
Lake,P-21,U.S. Senate,,D,Jeff Merkley,15
Lake,P-3,U.S. Senate,,D,Jeff Merkley,9
Lake,P-4,U.S. Senate,,D,Jeff Merkley,15
Lake,P-5,U.S. Senate,,D,Jeff Merkley,1
Lake,P-6,U.S. Senate,,D,Jeff Merkley,0
Lake,P-7,U.S. Senate,,D,Jeff Merkley,13
Lake,P-8,U.S. Senate,,D,Jeff Merkley,17
Lake,P-9,U.S. Senate,,D,Jeff Merkley,18
Lake,P-1,U.S. Senate,,D,Misc.,0
Lake,P-10,U.S. Senate,,D,Misc.,0
Lake,P-11,U.S. Senate,,D,Misc.,0
Lake,P-12,U.S. Senate,,D,Misc.,2
Lake,P-13,U.S. Senate,,D,Misc.,4
Lake,P-14,U.S. Senate,,D,Misc.,0
Lake,P-15,U.S. Senate,,D,Misc.,2
Lake,P-16,U.S. Senate,,D,Misc.,0
Lake,P-18,U.S. Senate,,D,Misc.,0
Lake,P-2,U.S. Senate,,D,Misc.,0
Lake,P-20,U.S. Senate,,D,Misc.,1
Lake,P-21,U.S. Senate,,D,Misc.,0
Lake,P-3,U.S. Senate,,D,Misc.,0
Lake,P-4,U.S. Senate,,D,Misc.,0
Lake,P-5,U.S. Senate,,D,Misc.,0
Lake,P-6,U.S. Senate,,D,Misc.,0
Lake,P-7,U.S. Senate,,D,Misc.,0
Lake,P-8,U.S. Senate,,D,Misc.,0
Lake,P-9,U.S. Senate,,D,Misc.,1
Lake,P-1,U.S. Senate,,D,Over Votes,0
Lake,P-10,U.S. Senate,,D,Over Votes,0
Lake,P-11,U.S. Senate,,D,Over Votes,0
Lake,P-12,U.S. Senate,,D,Over Votes,0
Lake,P-13,U.S. Senate,,D,Over Votes,0
Lake,P-14,U.S. Senate,,D,Over Votes,0
Lake,P-15,U.S. Senate,,D,Over Votes,0
Lake,P-16,U.S. Senate,,D,Over Votes,0
Lake,P-18,U.S. Senate,,D,Over Votes,0
Lake,P-2,U.S. Senate,,D,Over Votes,0
Lake,P-20,U.S. Senate,,D,Over Votes,0
Lake,P-21,U.S. Senate,,D,Over Votes,0
Lake,P-3,U.S. Senate,,D,Over Votes,0
Lake,P-4,U.S. Senate,,D,Over Votes,0
Lake,P-5,U.S. Senate,,D,Over Votes,0
Lake,P-6,U.S. Senate,,D,Over Votes,0
Lake,P-7,U.S. Senate,,D,Over Votes,0
Lake,P-8,U.S. Senate,,D,Over Votes,0
Lake,P-9,U.S. Senate,,D,Over Votes,0
Lake,P-1,U.S. Senate,,D,Paul Damian Wells,2
Lake,P-10,U.S. Senate,,D,Paul Damian Wells,2
Lake,P-11,U.S. Senate,,D,Paul Damian Wells,5
Lake,P-12,U.S. Senate,,D,Paul Damian Wells,4
Lake,P-13,U.S. Senate,,D,Paul Damian Wells,10
Lake,P-14,U.S. Senate,,D,Paul Damian Wells,1
Lake,P-15,U.S. Senate,,D,Paul Damian Wells,0
Lake,P-16,U.S. Senate,,D,Paul Damian Wells,1
Lake,P-18,U.S. Senate,,D,Paul Damian Wells,0
Lake,P-2,U.S. Senate,,D,Paul Damian Wells,3
Lake,P-20,U.S. Senate,,D,Paul Damian Wells,4
Lake,P-21,U.S. Senate,,D,Paul Damian Wells,3
Lake,P-3,U.S. Senate,,D,Paul Damian Wells,4
Lake,P-4,U.S. Senate,,D,Paul Damian Wells,2
Lake,P-5,U.S. Senate,,D,Paul Damian Wells,1
Lake,P-6,U.S. Senate,,D,Paul Damian Wells,0
Lake,P-7,U.S. Senate,,D,Paul Damian Wells,2
Lake,P-8,U.S. Senate,,D,Paul Damian Wells,1
Lake,P-9,U.S. Senate,,D,Paul Damian Wells,3
Lake,P-1,U.S. Senate,,D,Under Votes,0
Lake,P-10,U.S. Senate,,D,Under Votes,3
Lake,P-11,U.S. Senate,,D,Under Votes,3
Lake,P-12,U.S. Senate,,D,Under Votes,3
Lake,P-13,U.S. Senate,,D,Under Votes,6
Lake,P-14,U.S. Senate,,D,Under Votes,0
Lake,P-15,U.S. Senate,,D,Under Votes,0
Lake,P-16,U.S. Senate,,D,Under Votes,0
Lake,P-18,U.S. Senate,,D,Under Votes,2
Lake,P-2,U.S. Senate,,D,Under Votes,0
Lake,P-20,U.S. Senate,,D,Under Votes,2
Lake,P-21,U.S. Senate,,D,Under Votes,2
Lake,P-3,U.S. Senate,,D,Under Votes,0
Lake,P-4,U.S. Senate,,D,Under Votes,1
Lake,P-5,U.S. Senate,,D,Under Votes,0
Lake,P-6,U.S. Senate,,D,Under Votes,0
Lake,P-7,U.S. Senate,,D,Under Votes,1
Lake,P-8,U.S. Senate,,D,Under Votes,1
Lake,P-9,U.S. Senate,,D,Under Votes,4
Lake,P-1,U.S. Senate,,R,Brent Barker,10
Lake,P-10,U.S. Senate,,R,Brent Barker,32
Lake,P-11,U.S. Senate,,R,Brent Barker,20
Lake,P-12,U.S. Senate,,R,Brent Barker,46
Lake,P-13,U.S. Senate,,R,Brent Barker,70
Lake,P-14,U.S. Senate,,R,Brent Barker,13
Lake,P-15,U.S. Senate,,R,Brent Barker,12
Lake,P-16,U.S. Senate,,R,Brent Barker,5
Lake,P-18,U.S. Senate,,R,Brent Barker,1
Lake,P-2,U.S. Senate,,R,Brent Barker,5
Lake,P-20,U.S. Senate,,R,Brent Barker,26
Lake,P-21,U.S. Senate,,R,Brent Barker,12
Lake,P-3,U.S. Senate,,R,Brent Barker,14
Lake,P-4,U.S. Senate,,R,Brent Barker,34
Lake,P-5,U.S. Senate,,R,Brent Barker,4
Lake,P-6,U.S. Senate,,R,Brent Barker,6
Lake,P-7,U.S. Senate,,R,Brent Barker,28
Lake,P-8,U.S. Senate,,R,Brent Barker,14
Lake,P-9,U.S. Senate,,R,Brent Barker,25
Lake,P-1,U.S. Senate,,R,David A. Burch,2
Lake,P-10,U.S. Senate,,R,David A. Burch,1
Lake,P-11,U.S. Senate,,R,David A. Burch,1
Lake,P-12,U.S. Senate,,R,David A. Burch,2
Lake,P-13,U.S. Senate,,R,David A. Burch,11
Lake,P-14,U.S. Senate,,R,David A. Burch,4
Lake,P-15,U.S. Senate,,R,David A. Burch,0
Lake,P-16,U.S. Senate,,R,David A. Burch,1
Lake,P-18,U.S. Senate,,R,David A. Burch,0
Lake,P-2,U.S. Senate,,R,David A. Burch,0
Lake,P-20,U.S. Senate,,R,David A. Burch,7
Lake,P-21,U.S. Senate,,R,David A. Burch,1
Lake,P-3,U.S. Senate,,R,David A. Burch,2
Lake,P-4,U.S. Senate,,R,David A. Burch,5
Lake,P-5,U.S. Senate,,R,David A. Burch,0
Lake,P-6,U.S. Senate,,R,David A. Burch,0
Lake,P-7,U.S. Senate,,R,David A. Burch,3
Lake,P-8,U.S. Senate,,R,David A. Burch,0
Lake,P-9,U.S. Senate,,R,David A. Burch,0
Lake,P-1,U.S. Senate,,R,David Brock Smith,16
Lake,P-10,U.S. Senate,,R,David Brock Smith,48
Lake,P-11,U.S. Senate,,R,David Brock Smith,26
Lake,P-12,U.S. Senate,,R,David Brock Smith,78
Lake,P-13,U.S. Senate,,R,David Brock Smith,101
Lake,P-14,U.S. Senate,,R,David Brock Smith,15
Lake,P-15,U.S. Senate,,R,David Brock Smith,14
Lake,P-16,U.S. Senate,,R,David Brock Smith,5
Lake,P-18,U.S. Senate,,R,David Brock Smith,3
Lake,P-2,U.S. Senate,,R,David Brock Smith,16
Lake,P-20,U.S. Senate,,R,David Brock Smith,25
Lake,P-21,U.S. Senate,,R,David Brock Smith,28
Lake,P-3,U.S. Senate,,R,David Brock Smith,16
Lake,P-4,U.S. Senate,,R,David Brock Smith,34
Lake,P-5,U.S. Senate,,R,David Brock Smith,9
Lake,P-6,U.S. Senate,,R,David Brock Smith,3
Lake,P-7,U.S. Senate,,R,David Brock Smith,21
Lake,P-8,U.S. Senate,,R,David Brock Smith,23
Lake,P-9,U.S. Senate,,R,David Brock Smith,16
Lake,P-1,U.S. Senate,,R,Deborah C. Brown,2
Lake,P-10,U.S. Senate,,R,Deborah C. Brown,4
Lake,P-11,U.S. Senate,,R,Deborah C. Brown,5
Lake,P-12,U.S. Senate,,R,Deborah C. Brown,16
Lake,P-13,U.S. Senate,,R,Deborah C. Brown,14
Lake,P-14,U.S. Senate,,R,Deborah C. Brown,3
Lake,P-15,U.S. Senate,,R,Deborah C. Brown,0
Lake,P-16,U.S. Senate,,R,Deborah C. Brown,1
Lake,P-18,U.S. Senate,,R,Deborah C. Brown,0
Lake,P-2,U.S. Senate,,R,Deborah C. Brown,1
Lake,P-20,U.S. Senate,,R,Deborah C. Brown,6
Lake,P-21,U.S. Senate,,R,Deborah C. Brown,4
Lake,P-3,U.S. Senate,,R,Deborah C. Brown,2
Lake,P-4,U.S. Senate,,R,Deborah C. Brown,5
Lake,P-5,U.S. Senate,,R,Deborah C. Brown,0
Lake,P-6,U.S. Senate,,R,Deborah C. Brown,1
Lake,P-7,U.S. Senate,,R,Deborah C. Brown,0
Lake,P-8,U.S. Senate,,R,Deborah C. Brown,5
Lake,P-9,U.S. Senate,,R,Deborah C. Brown,2
Lake,P-1,U.S. Senate,,R,Jo Rae Perkins,14
Lake,P-10,U.S. Senate,,R,Jo Rae Perkins,14
Lake,P-11,U.S. Senate,,R,Jo Rae Perkins,24
Lake,P-12,U.S. Senate,,R,Jo Rae Perkins,54
Lake,P-13,U.S. Senate,,R,Jo Rae Perkins,116
Lake,P-14,U.S. Senate,,R,Jo Rae Perkins,18
Lake,P-15,U.S. Senate,,R,Jo Rae Perkins,15
Lake,P-16,U.S. Senate,,R,Jo Rae Perkins,6
Lake,P-18,U.S. Senate,,R,Jo Rae Perkins,4
Lake,P-2,U.S. Senate,,R,Jo Rae Perkins,5
Lake,P-20,U.S. Senate,,R,Jo Rae Perkins,12
Lake,P-21,U.S. Senate,,R,Jo Rae Perkins,21
Lake,P-3,U.S. Senate,,R,Jo Rae Perkins,24
Lake,P-4,U.S. Senate,,R,Jo Rae Perkins,34
Lake,P-5,U.S. Senate,,R,Jo Rae Perkins,8
Lake,P-6,U.S. Senate,,R,Jo Rae Perkins,1
Lake,P-7,U.S. Senate,,R,Jo Rae Perkins,18
Lake,P-8,U.S. Senate,,R,Jo Rae Perkins,18
Lake,P-9,U.S. Senate,,R,Jo Rae Perkins,24
Lake,P-1,U.S. Senate,,R,Misc.,0
Lake,P-10,U.S. Senate,,R,Misc.,1
Lake,P-11,U.S. Senate,,R,Misc.,0
Lake,P-12,U.S. Senate,,R,Misc.,0
Lake,P-13,U.S. Senate,,R,Misc.,0
Lake,P-14,U.S. Senate,,R,Misc.,0
Lake,P-15,U.S. Senate,,R,Misc.,0
Lake,P-16,U.S. Senate,,R,Misc.,1
Lake,P-18,U.S. Senate,,R,Misc.,0
Lake,P-2,U.S. Senate,,R,Misc.,0
Lake,P-20,U.S. Senate,,R,Misc.,1
Lake,P-21,U.S. Senate,,R,Misc.,6
Lake,P-3,U.S. Senate,,R,Misc.,0
Lake,P-4,U.S. Senate,,R,Misc.,0
Lake,P-5,U.S. Senate,,R,Misc.,0
Lake,P-6,U.S. Senate,,R,Misc.,0
Lake,P-7,U.S. Senate,,R,Misc.,0
Lake,P-8,U.S. Senate,,R,Misc.,2
Lake,P-9,U.S. Senate,,R,Misc.,0
Lake,P-1,U.S. Senate,,R,Over Votes,1
Lake,P-10,U.S. Senate,,R,Over Votes,0
Lake,P-11,U.S. Senate,,R,Over Votes,0
Lake,P-12,U.S. Senate,,R,Over Votes,0
Lake,P-13,U.S. Senate,,R,Over Votes,0
Lake,P-14,U.S. Senate,,R,Over Votes,0
Lake,P-15,U.S. Senate,,R,Over Votes,0
Lake,P-16,U.S. Senate,,R,Over Votes,0
Lake,P-18,U.S. Senate,,R,Over Votes,0
Lake,P-2,U.S. Senate,,R,Over Votes,0
Lake,P-20,U.S. Senate,,R,Over Votes,0
Lake,P-21,U.S. Senate,,R,Over Votes,0
Lake,P-3,U.S. Senate,,R,Over Votes,0
Lake,P-4,U.S. Senate,,R,Over Votes,0
Lake,P-5,U.S. Senate,,R,Over Votes,0
Lake,P-6,U.S. Senate,,R,Over Votes,0
Lake,P-7,U.S. Senate,,R,Over Votes,0
Lake,P-8,U.S. Senate,,R,Over Votes,0
Lake,P-9,U.S. Senate,,R,Over Votes,0
Lake,P-1,U.S. Senate,,R,Russell McAlmond,7
Lake,P-10,U.S. Senate,,R,Russell McAlmond,6
Lake,P-11,U.S. Senate,,R,Russell McAlmond,14
Lake,P-12,U.S. Senate,,R,Russell McAlmond,32
Lake,P-13,U.S. Senate,,R,Russell McAlmond,39
Lake,P-14,U.S. Senate,,R,Russell McAlmond,5
Lake,P-15,U.S. Senate,,R,Russell McAlmond,10
Lake,P-16,U.S. Senate,,R,Russell McAlmond,3
Lake,P-18,U.S. Senate,,R,Russell McAlmond,1
Lake,P-2,U.S. Senate,,R,Russell McAlmond,4
Lake,P-20,U.S. Senate,,R,Russell McAlmond,1
Lake,P-21,U.S. Senate,,R,Russell McAlmond,7
Lake,P-3,U.S. Senate,,R,Russell McAlmond,9
Lake,P-4,U.S. Senate,,R,Russell McAlmond,19
Lake,P-5,U.S. Senate,,R,Russell McAlmond,2
Lake,P-6,U.S. Senate,,R,Russell McAlmond,9
Lake,P-7,U.S. Senate,,R,Russell McAlmond,10
Lake,P-8,U.S. Senate,,R,Russell McAlmond,12
Lake,P-9,U.S. Senate,,R,Russell McAlmond,2
Lake,P-1,U.S. Senate,,R,Timothy Skelton,2
Lake,P-10,U.S. Senate,,R,Timothy Skelton,0
Lake,P-11,U.S. Senate,,R,Timothy Skelton,5
Lake,P-12,U.S. Senate,,R,Timothy Skelton,9
Lake,P-13,U.S. Senate,,R,Timothy Skelton,3
Lake,P-14,U.S. Senate,,R,Timothy Skelton,0
Lake,P-15,U.S. Senate,,R,Timothy Skelton,1
Lake,P-16,U.S. Senate,,R,Timothy Skelton,2
Lake,P-18,U.S. Senate,,R,Timothy Skelton,0
Lake,P-2,U.S. Senate,,R,Timothy Skelton,1
Lake,P-20,U.S. Senate,,R,Timothy Skelton,1
Lake,P-21,U.S. Senate,,R,Timothy Skelton,0
Lake,P-3,U.S. Senate,,R,Timothy Skelton,0
Lake,P-4,U.S. Senate,,R,Timothy Skelton,4
Lake,P-5,U.S. Senate,,R,Timothy Skelton,2
Lake,P-6,U.S. Senate,,R,Timothy Skelton,0
Lake,P-7,U.S. Senate,,R,Timothy Skelton,2
Lake,P-8,U.S. Senate,,R,Timothy Skelton,1
Lake,P-9,U.S. Senate,,R,Timothy Skelton,3
Lake,P-1,U.S. Senate,,R,Under Votes,18
Lake,P-10,U.S. Senate,,R,Under Votes,24
Lake,P-11,U.S. Senate,,R,Under Votes,20
Lake,P-12,U.S. Senate,,R,Under Votes,46
Lake,P-13,U.S. Senate,,R,Under Votes,48
Lake,P-14,U.S. Senate,,R,Under Votes,11
Lake,P-15,U.S. Senate,,R,Under Votes,8
Lake,P-16,U.S. Senate,,R,Under Votes,9
Lake,P-18,U.S. Senate,,R,Under Votes,6
Lake,P-2,U.S. Senate,,R,Under Votes,5
Lake,P-20,U.S. Senate,,R,Under Votes,12
Lake,P-21,U.S. Senate,,R,Under Votes,14
Lake,P-3,U.S. Senate,,R,Under Votes,22
Lake,P-4,U.S. Senate,,R,Under Votes,25
Lake,P-5,U.S. Senate,,R,Under Votes,5
Lake,P-6,U.S. Senate,,R,Under Votes,15
Lake,P-7,U.S. Senate,,R,Under Votes,17
Lake,P-8,U.S. Senate,,R,Under Votes,22
Lake,P-9,U.S. Senate,,R,Under Votes,21
