county,precinct,office,district,party,candidate,votes
Lane,Precinct 1120,Governor,,D,Brittany Jones,26
Lane,Precinct 1122,Governor,,D,Brittany Jones,46
Lane,Precinct 1124,Governor,,D,Brittany Jones,6
Lane,Precinct 1126,Governor,,D,Brittany Jones,37
Lane,Precinct 1230,Governor,,D,Brittany Jones,47
Lane,Precinct 1232,Governor,,D,Brittany Jones,37
Lane,Precinct 1234,Governor,,D,Brittany Jones,28
Lane,Precinct 1340,Governor,,D,Brittany Jones,41
Lane,Precinct 1342,Governor,,D,Brittany Jones,13
Lane,Precinct 1450,Governor,,D,Brittany Jones,42
Lane,Precinct 1452,Governor,,D,Brittany Jones,25
Lane,Precinct 1454,Governor,,D,Brittany Jones,20
Lane,Precinct 1560,Governor,,D,Brittany Jones,21
Lane,Precinct 1562,Governor,,D,Brittany Jones,25
Lane,Precinct 1564,Governor,,D,Brittany Jones,46
Lane,Precinct 1670,Governor,,D,Brittany Jones,47
Lane,Precinct 1672,Governor,,D,Brittany Jones,34
Lane,Precinct 1780,Governor,,D,Brittany Jones,13
Lane,Precinct 1782,Governor,,D,Brittany Jones,20
Lane,Precinct 1784,Governor,,D,Brittany Jones,23
Lane,Precinct 1786,Governor,,D,Brittany Jones,17
Lane,Precinct 1890,Governor,,D,Brittany Jones,26
Lane,Precinct 1892,Governor,,D,Brittany Jones,48
Lane,Precinct 1894,Governor,,D,Brittany Jones,19
Lane,Precinct 2122,Governor,,D,Brittany Jones,39
Lane,Precinct 2238,Governor,,D,Brittany Jones,36
Lane,Precinct 2340,Governor,,D,Brittany Jones,41
Lane,Precinct 2456,Governor,,D,Brittany Jones,42
Lane,Precinct 2562,Governor,,D,Brittany Jones,45
Lane,Precinct 2676,Governor,,D,Brittany Jones,50
Lane,Precinct 4200,Governor,,D,Brittany Jones,2
Lane,Precinct 4300,Governor,,D,Brittany Jones,47
Lane,Precinct 4400,Governor,,D,Brittany Jones,21
Lane,Precinct 4500,Governor,,D,Brittany Jones,3
Lane,Precinct 4600,Governor,,D,Brittany Jones,30
Lane,Precinct 4700,Governor,,D,Brittany Jones,21
Lane,Precinct 4800,Governor,,D,Brittany Jones,14
Lane,Precinct 4900,Governor,,D,Brittany Jones,15
Lane,Precinct 701,Governor,,D,Brittany Jones,7
Lane,Precinct 703,Governor,,D,Brittany Jones,1
Lane,Precinct 705,Governor,,D,Brittany Jones,5
Lane,Precinct 707,Governor,,D,Brittany Jones,7
Lane,Precinct 709,Governor,,D,Brittany Jones,11
Lane,Precinct 711,Governor,,D,Brittany Jones,29
Lane,Precinct 713,Governor,,D,Brittany Jones,8
Lane,Precinct 715,Governor,,D,Brittany Jones,13
Lane,Precinct 717,Governor,,D,Brittany Jones,17
Lane,Precinct 719,Governor,,D,Brittany Jones,2
Lane,Precinct 721,Governor,,D,Brittany Jones,5
Lane,Precinct 723,Governor,,D,Brittany Jones,25
Lane,Precinct 725,Governor,,D,Brittany Jones,11
Lane,Precinct 727,Governor,,D,Brittany Jones,7
Lane,Precinct 729,Governor,,D,Brittany Jones,2
Lane,Precinct 731,Governor,,D,Brittany Jones,50
Lane,Precinct 733,Governor,,D,Brittany Jones,49
Lane,Precinct 737,Governor,,D,Brittany Jones,22
Lane,Precinct 739,Governor,,D,Brittany Jones,20
Lane,Precinct 741,Governor,,D,Brittany Jones,11
Lane,Precinct 743,Governor,,D,Brittany Jones,3
Lane,Precinct 747,Governor,,D,Brittany Jones,32
Lane,Precinct 751,Governor,,D,Brittany Jones,23
Lane,Precinct 753,Governor,,D,Brittany Jones,11
Lane,Precinct 755,Governor,,D,Brittany Jones,24
Lane,Precinct 757,Governor,,D,Brittany Jones,12
Lane,Precinct 759,Governor,,D,Brittany Jones,16
Lane,Precinct 765,Governor,,D,Brittany Jones,16
Lane,Precinct 1120,Governor,,D,Cal Kishawi,1
Lane,Precinct 1122,Governor,,D,Cal Kishawi,5
Lane,Precinct 1124,Governor,,D,Cal Kishawi,2
Lane,Precinct 1126,Governor,,D,Cal Kishawi,7
Lane,Precinct 1230,Governor,,D,Cal Kishawi,5
Lane,Precinct 1232,Governor,,D,Cal Kishawi,2
Lane,Precinct 1234,Governor,,D,Cal Kishawi,1
Lane,Precinct 1340,Governor,,D,Cal Kishawi,3
Lane,Precinct 1342,Governor,,D,Cal Kishawi,2
Lane,Precinct 1450,Governor,,D,Cal Kishawi,6
Lane,Precinct 1452,Governor,,D,Cal Kishawi,6
Lane,Precinct 1454,Governor,,D,Cal Kishawi,1
Lane,Precinct 1560,Governor,,D,Cal Kishawi,1
Lane,Precinct 1562,Governor,,D,Cal Kishawi,1
Lane,Precinct 1564,Governor,,D,Cal Kishawi,7
Lane,Precinct 1670,Governor,,D,Cal Kishawi,12
Lane,Precinct 1672,Governor,,D,Cal Kishawi,1
Lane,Precinct 1780,Governor,,D,Cal Kishawi,3
Lane,Precinct 1782,Governor,,D,Cal Kishawi,0
Lane,Precinct 1784,Governor,,D,Cal Kishawi,9
Lane,Precinct 1786,Governor,,D,Cal Kishawi,7
Lane,Precinct 1890,Governor,,D,Cal Kishawi,4
Lane,Precinct 1892,Governor,,D,Cal Kishawi,4
Lane,Precinct 1894,Governor,,D,Cal Kishawi,0
Lane,Precinct 2122,Governor,,D,Cal Kishawi,5
Lane,Precinct 2238,Governor,,D,Cal Kishawi,5
Lane,Precinct 2340,Governor,,D,Cal Kishawi,5
Lane,Precinct 2456,Governor,,D,Cal Kishawi,7
Lane,Precinct 2562,Governor,,D,Cal Kishawi,7
Lane,Precinct 2676,Governor,,D,Cal Kishawi,7
Lane,Precinct 4200,Governor,,D,Cal Kishawi,2
Lane,Precinct 4300,Governor,,D,Cal Kishawi,10
Lane,Precinct 4400,Governor,,D,Cal Kishawi,1
Lane,Precinct 4500,Governor,,D,Cal Kishawi,1
Lane,Precinct 4600,Governor,,D,Cal Kishawi,11
Lane,Precinct 4700,Governor,,D,Cal Kishawi,5
Lane,Precinct 4800,Governor,,D,Cal Kishawi,7
Lane,Precinct 4900,Governor,,D,Cal Kishawi,4
Lane,Precinct 701,Governor,,D,Cal Kishawi,2
Lane,Precinct 703,Governor,,D,Cal Kishawi,0
Lane,Precinct 705,Governor,,D,Cal Kishawi,7
Lane,Precinct 707,Governor,,D,Cal Kishawi,0
Lane,Precinct 709,Governor,,D,Cal Kishawi,2
Lane,Precinct 711,Governor,,D,Cal Kishawi,5
Lane,Precinct 713,Governor,,D,Cal Kishawi,2
Lane,Precinct 715,Governor,,D,Cal Kishawi,0
Lane,Precinct 717,Governor,,D,Cal Kishawi,7
Lane,Precinct 719,Governor,,D,Cal Kishawi,0
Lane,Precinct 721,Governor,,D,Cal Kishawi,1
Lane,Precinct 723,Governor,,D,Cal Kishawi,1
Lane,Precinct 725,Governor,,D,Cal Kishawi,4
Lane,Precinct 727,Governor,,D,Cal Kishawi,5
Lane,Precinct 729,Governor,,D,Cal Kishawi,0
Lane,Precinct 731,Governor,,D,Cal Kishawi,7
Lane,Precinct 733,Governor,,D,Cal Kishawi,9
Lane,Precinct 737,Governor,,D,Cal Kishawi,5
Lane,Precinct 739,Governor,,D,Cal Kishawi,4
Lane,Precinct 741,Governor,,D,Cal Kishawi,1
Lane,Precinct 743,Governor,,D,Cal Kishawi,0
Lane,Precinct 747,Governor,,D,Cal Kishawi,15
Lane,Precinct 751,Governor,,D,Cal Kishawi,5
Lane,Precinct 753,Governor,,D,Cal Kishawi,2
Lane,Precinct 755,Governor,,D,Cal Kishawi,2
Lane,Precinct 757,Governor,,D,Cal Kishawi,3
Lane,Precinct 759,Governor,,D,Cal Kishawi,7
Lane,Precinct 765,Governor,,D,Cal Kishawi,5
Lane,Precinct 1120,Governor,,D,David W. Beem,6
Lane,Precinct 1122,Governor,,D,David W. Beem,7
Lane,Precinct 1124,Governor,,D,David W. Beem,2
Lane,Precinct 1126,Governor,,D,David W. Beem,3
Lane,Precinct 1230,Governor,,D,David W. Beem,6
Lane,Precinct 1232,Governor,,D,David W. Beem,6
Lane,Precinct 1234,Governor,,D,David W. Beem,5
Lane,Precinct 1340,Governor,,D,David W. Beem,4
Lane,Precinct 1342,Governor,,D,David W. Beem,0
Lane,Precinct 1450,Governor,,D,David W. Beem,7
Lane,Precinct 1452,Governor,,D,David W. Beem,12
Lane,Precinct 1454,Governor,,D,David W. Beem,2
Lane,Precinct 1560,Governor,,D,David W. Beem,3
Lane,Precinct 1562,Governor,,D,David W. Beem,10
Lane,Precinct 1564,Governor,,D,David W. Beem,14
Lane,Precinct 1670,Governor,,D,David W. Beem,12
Lane,Precinct 1672,Governor,,D,David W. Beem,12
Lane,Precinct 1780,Governor,,D,David W. Beem,6
Lane,Precinct 1782,Governor,,D,David W. Beem,5
Lane,Precinct 1784,Governor,,D,David W. Beem,10
Lane,Precinct 1786,Governor,,D,David W. Beem,4
Lane,Precinct 1890,Governor,,D,David W. Beem,8
Lane,Precinct 1892,Governor,,D,David W. Beem,2
Lane,Precinct 1894,Governor,,D,David W. Beem,7
Lane,Precinct 2122,Governor,,D,David W. Beem,7
Lane,Precinct 2238,Governor,,D,David W. Beem,11
Lane,Precinct 2340,Governor,,D,David W. Beem,12
Lane,Precinct 2456,Governor,,D,David W. Beem,14
Lane,Precinct 2562,Governor,,D,David W. Beem,25
Lane,Precinct 2676,Governor,,D,David W. Beem,24
Lane,Precinct 4200,Governor,,D,David W. Beem,1
Lane,Precinct 4300,Governor,,D,David W. Beem,13
Lane,Precinct 4400,Governor,,D,David W. Beem,7
Lane,Precinct 4500,Governor,,D,David W. Beem,3
Lane,Precinct 4600,Governor,,D,David W. Beem,18
Lane,Precinct 4700,Governor,,D,David W. Beem,11
Lane,Precinct 4800,Governor,,D,David W. Beem,6
Lane,Precinct 4900,Governor,,D,David W. Beem,5
Lane,Precinct 701,Governor,,D,David W. Beem,3
Lane,Precinct 703,Governor,,D,David W. Beem,0
Lane,Precinct 705,Governor,,D,David W. Beem,7
Lane,Precinct 707,Governor,,D,David W. Beem,1
Lane,Precinct 709,Governor,,D,David W. Beem,4
Lane,Precinct 711,Governor,,D,David W. Beem,13
Lane,Precinct 713,Governor,,D,David W. Beem,5
Lane,Precinct 715,Governor,,D,David W. Beem,8
Lane,Precinct 717,Governor,,D,David W. Beem,9
Lane,Precinct 719,Governor,,D,David W. Beem,0
Lane,Precinct 721,Governor,,D,David W. Beem,3
Lane,Precinct 723,Governor,,D,David W. Beem,8
Lane,Precinct 725,Governor,,D,David W. Beem,13
Lane,Precinct 727,Governor,,D,David W. Beem,7
Lane,Precinct 729,Governor,,D,David W. Beem,0
Lane,Precinct 731,Governor,,D,David W. Beem,11
Lane,Precinct 733,Governor,,D,David W. Beem,9
Lane,Precinct 737,Governor,,D,David W. Beem,8
Lane,Precinct 739,Governor,,D,David W. Beem,7
Lane,Precinct 741,Governor,,D,David W. Beem,1
Lane,Precinct 743,Governor,,D,David W. Beem,5
Lane,Precinct 747,Governor,,D,David W. Beem,12
Lane,Precinct 751,Governor,,D,David W. Beem,6
Lane,Precinct 753,Governor,,D,David W. Beem,3
Lane,Precinct 755,Governor,,D,David W. Beem,5
Lane,Precinct 757,Governor,,D,David W. Beem,9
Lane,Precinct 759,Governor,,D,David W. Beem,18
Lane,Precinct 765,Governor,,D,David W. Beem,5
Lane,Precinct 1120,Governor,,D,Donnie M. Beckwith,2
Lane,Precinct 1122,Governor,,D,Donnie M. Beckwith,3
Lane,Precinct 1124,Governor,,D,Donnie M. Beckwith,3
Lane,Precinct 1126,Governor,,D,Donnie M. Beckwith,1
Lane,Precinct 1230,Governor,,D,Donnie M. Beckwith,1
Lane,Precinct 1232,Governor,,D,Donnie M. Beckwith,4
Lane,Precinct 1234,Governor,,D,Donnie M. Beckwith,0
Lane,Precinct 1340,Governor,,D,Donnie M. Beckwith,4
Lane,Precinct 1342,Governor,,D,Donnie M. Beckwith,0
Lane,Precinct 1450,Governor,,D,Donnie M. Beckwith,5
Lane,Precinct 1452,Governor,,D,Donnie M. Beckwith,5
Lane,Precinct 1454,Governor,,D,Donnie M. Beckwith,1
Lane,Precinct 1560,Governor,,D,Donnie M. Beckwith,0
Lane,Precinct 1562,Governor,,D,Donnie M. Beckwith,5
Lane,Precinct 1564,Governor,,D,Donnie M. Beckwith,5
Lane,Precinct 1670,Governor,,D,Donnie M. Beckwith,5
Lane,Precinct 1672,Governor,,D,Donnie M. Beckwith,8
Lane,Precinct 1780,Governor,,D,Donnie M. Beckwith,3
Lane,Precinct 1782,Governor,,D,Donnie M. Beckwith,3
Lane,Precinct 1784,Governor,,D,Donnie M. Beckwith,1
Lane,Precinct 1786,Governor,,D,Donnie M. Beckwith,5
Lane,Precinct 1890,Governor,,D,Donnie M. Beckwith,1
Lane,Precinct 1892,Governor,,D,Donnie M. Beckwith,2
Lane,Precinct 1894,Governor,,D,Donnie M. Beckwith,2
Lane,Precinct 2122,Governor,,D,Donnie M. Beckwith,8
Lane,Precinct 2238,Governor,,D,Donnie M. Beckwith,3
Lane,Precinct 2340,Governor,,D,Donnie M. Beckwith,2
Lane,Precinct 2456,Governor,,D,Donnie M. Beckwith,5
Lane,Precinct 2562,Governor,,D,Donnie M. Beckwith,6
Lane,Precinct 2676,Governor,,D,Donnie M. Beckwith,8
Lane,Precinct 4200,Governor,,D,Donnie M. Beckwith,4
Lane,Precinct 4300,Governor,,D,Donnie M. Beckwith,7
Lane,Precinct 4400,Governor,,D,Donnie M. Beckwith,2
Lane,Precinct 4500,Governor,,D,Donnie M. Beckwith,2
Lane,Precinct 4600,Governor,,D,Donnie M. Beckwith,10
Lane,Precinct 4700,Governor,,D,Donnie M. Beckwith,7
Lane,Precinct 4800,Governor,,D,Donnie M. Beckwith,2
Lane,Precinct 4900,Governor,,D,Donnie M. Beckwith,1
Lane,Precinct 701,Governor,,D,Donnie M. Beckwith,1
Lane,Precinct 703,Governor,,D,Donnie M. Beckwith,0
Lane,Precinct 705,Governor,,D,Donnie M. Beckwith,2
Lane,Precinct 707,Governor,,D,Donnie M. Beckwith,1
Lane,Precinct 709,Governor,,D,Donnie M. Beckwith,1
Lane,Precinct 711,Governor,,D,Donnie M. Beckwith,5
Lane,Precinct 713,Governor,,D,Donnie M. Beckwith,2
Lane,Precinct 715,Governor,,D,Donnie M. Beckwith,2
Lane,Precinct 717,Governor,,D,Donnie M. Beckwith,2
Lane,Precinct 719,Governor,,D,Donnie M. Beckwith,0
Lane,Precinct 721,Governor,,D,Donnie M. Beckwith,2
Lane,Precinct 723,Governor,,D,Donnie M. Beckwith,3
Lane,Precinct 725,Governor,,D,Donnie M. Beckwith,1
Lane,Precinct 727,Governor,,D,Donnie M. Beckwith,3
Lane,Precinct 729,Governor,,D,Donnie M. Beckwith,0
Lane,Precinct 731,Governor,,D,Donnie M. Beckwith,4
Lane,Precinct 733,Governor,,D,Donnie M. Beckwith,6
Lane,Precinct 737,Governor,,D,Donnie M. Beckwith,2
Lane,Precinct 739,Governor,,D,Donnie M. Beckwith,4
Lane,Precinct 741,Governor,,D,Donnie M. Beckwith,3
Lane,Precinct 743,Governor,,D,Donnie M. Beckwith,0
Lane,Precinct 747,Governor,,D,Donnie M. Beckwith,4
Lane,Precinct 751,Governor,,D,Donnie M. Beckwith,5
Lane,Precinct 753,Governor,,D,Donnie M. Beckwith,1
Lane,Precinct 755,Governor,,D,Donnie M. Beckwith,1
Lane,Precinct 757,Governor,,D,Donnie M. Beckwith,7
Lane,Precinct 759,Governor,,D,Donnie M. Beckwith,3
Lane,Precinct 765,Governor,,D,Donnie M. Beckwith,4
Lane,Precinct 1120,Governor,,D,Forest (Fora) Alexander,13
Lane,Precinct 1122,Governor,,D,Forest (Fora) Alexander,51
Lane,Precinct 1124,Governor,,D,Forest (Fora) Alexander,12
Lane,Precinct 1126,Governor,,D,Forest (Fora) Alexander,40
Lane,Precinct 1230,Governor,,D,Forest (Fora) Alexander,43
Lane,Precinct 1232,Governor,,D,Forest (Fora) Alexander,38
Lane,Precinct 1234,Governor,,D,Forest (Fora) Alexander,26
Lane,Precinct 1340,Governor,,D,Forest (Fora) Alexander,68
Lane,Precinct 1342,Governor,,D,Forest (Fora) Alexander,6
Lane,Precinct 1450,Governor,,D,Forest (Fora) Alexander,29
Lane,Precinct 1452,Governor,,D,Forest (Fora) Alexander,18
Lane,Precinct 1454,Governor,,D,Forest (Fora) Alexander,22
Lane,Precinct 1560,Governor,,D,Forest (Fora) Alexander,9
Lane,Precinct 1562,Governor,,D,Forest (Fora) Alexander,38
Lane,Precinct 1564,Governor,,D,Forest (Fora) Alexander,42
Lane,Precinct 1670,Governor,,D,Forest (Fora) Alexander,35
Lane,Precinct 1672,Governor,,D,Forest (Fora) Alexander,40
Lane,Precinct 1780,Governor,,D,Forest (Fora) Alexander,28
Lane,Precinct 1782,Governor,,D,Forest (Fora) Alexander,25
Lane,Precinct 1784,Governor,,D,Forest (Fora) Alexander,31
Lane,Precinct 1786,Governor,,D,Forest (Fora) Alexander,17
Lane,Precinct 1890,Governor,,D,Forest (Fora) Alexander,23
Lane,Precinct 1892,Governor,,D,Forest (Fora) Alexander,42
Lane,Precinct 1894,Governor,,D,Forest (Fora) Alexander,16
Lane,Precinct 2122,Governor,,D,Forest (Fora) Alexander,43
Lane,Precinct 2238,Governor,,D,Forest (Fora) Alexander,39
Lane,Precinct 2340,Governor,,D,Forest (Fora) Alexander,38
Lane,Precinct 2456,Governor,,D,Forest (Fora) Alexander,25
Lane,Precinct 2562,Governor,,D,Forest (Fora) Alexander,34
Lane,Precinct 2676,Governor,,D,Forest (Fora) Alexander,37
Lane,Precinct 4200,Governor,,D,Forest (Fora) Alexander,4
Lane,Precinct 4300,Governor,,D,Forest (Fora) Alexander,26
Lane,Precinct 4400,Governor,,D,Forest (Fora) Alexander,10
Lane,Precinct 4500,Governor,,D,Forest (Fora) Alexander,0
Lane,Precinct 4600,Governor,,D,Forest (Fora) Alexander,19
Lane,Precinct 4700,Governor,,D,Forest (Fora) Alexander,15
Lane,Precinct 4800,Governor,,D,Forest (Fora) Alexander,7
Lane,Precinct 4900,Governor,,D,Forest (Fora) Alexander,20
Lane,Precinct 701,Governor,,D,Forest (Fora) Alexander,11
Lane,Precinct 703,Governor,,D,Forest (Fora) Alexander,2
Lane,Precinct 705,Governor,,D,Forest (Fora) Alexander,11
Lane,Precinct 707,Governor,,D,Forest (Fora) Alexander,5
Lane,Precinct 709,Governor,,D,Forest (Fora) Alexander,2
Lane,Precinct 711,Governor,,D,Forest (Fora) Alexander,9
Lane,Precinct 713,Governor,,D,Forest (Fora) Alexander,1
Lane,Precinct 715,Governor,,D,Forest (Fora) Alexander,5
Lane,Precinct 717,Governor,,D,Forest (Fora) Alexander,13
Lane,Precinct 719,Governor,,D,Forest (Fora) Alexander,2
Lane,Precinct 721,Governor,,D,Forest (Fora) Alexander,5
Lane,Precinct 723,Governor,,D,Forest (Fora) Alexander,11
Lane,Precinct 725,Governor,,D,Forest (Fora) Alexander,5
Lane,Precinct 727,Governor,,D,Forest (Fora) Alexander,5
Lane,Precinct 729,Governor,,D,Forest (Fora) Alexander,2
Lane,Precinct 731,Governor,,D,Forest (Fora) Alexander,37
Lane,Precinct 733,Governor,,D,Forest (Fora) Alexander,33
Lane,Precinct 737,Governor,,D,Forest (Fora) Alexander,14
Lane,Precinct 739,Governor,,D,Forest (Fora) Alexander,13
Lane,Precinct 741,Governor,,D,Forest (Fora) Alexander,6
Lane,Precinct 743,Governor,,D,Forest (Fora) Alexander,6
Lane,Precinct 747,Governor,,D,Forest (Fora) Alexander,20
Lane,Precinct 751,Governor,,D,Forest (Fora) Alexander,16
Lane,Precinct 753,Governor,,D,Forest (Fora) Alexander,10
Lane,Precinct 755,Governor,,D,Forest (Fora) Alexander,8
Lane,Precinct 757,Governor,,D,Forest (Fora) Alexander,5
Lane,Precinct 759,Governor,,D,Forest (Fora) Alexander,10
Lane,Precinct 765,Governor,,D,Forest (Fora) Alexander,10
Lane,Precinct 1120,Governor,,D,James Atkinson IV,2
Lane,Precinct 1122,Governor,,D,James Atkinson IV,8
Lane,Precinct 1124,Governor,,D,James Atkinson IV,2
Lane,Precinct 1126,Governor,,D,James Atkinson IV,5
Lane,Precinct 1230,Governor,,D,James Atkinson IV,9
Lane,Precinct 1232,Governor,,D,James Atkinson IV,10
Lane,Precinct 1234,Governor,,D,James Atkinson IV,6
Lane,Precinct 1340,Governor,,D,James Atkinson IV,6
Lane,Precinct 1342,Governor,,D,James Atkinson IV,3
Lane,Precinct 1450,Governor,,D,James Atkinson IV,8
Lane,Precinct 1452,Governor,,D,James Atkinson IV,11
Lane,Precinct 1454,Governor,,D,James Atkinson IV,4
Lane,Precinct 1560,Governor,,D,James Atkinson IV,6
Lane,Precinct 1562,Governor,,D,James Atkinson IV,11
Lane,Precinct 1564,Governor,,D,James Atkinson IV,17
Lane,Precinct 1670,Governor,,D,James Atkinson IV,23
Lane,Precinct 1672,Governor,,D,James Atkinson IV,10
Lane,Precinct 1780,Governor,,D,James Atkinson IV,3
Lane,Precinct 1782,Governor,,D,James Atkinson IV,1
Lane,Precinct 1784,Governor,,D,James Atkinson IV,11
Lane,Precinct 1786,Governor,,D,James Atkinson IV,5
Lane,Precinct 1890,Governor,,D,James Atkinson IV,10
Lane,Precinct 1892,Governor,,D,James Atkinson IV,19
Lane,Precinct 1894,Governor,,D,James Atkinson IV,11
Lane,Precinct 2122,Governor,,D,James Atkinson IV,13
Lane,Precinct 2238,Governor,,D,James Atkinson IV,13
Lane,Precinct 2340,Governor,,D,James Atkinson IV,12
Lane,Precinct 2456,Governor,,D,James Atkinson IV,23
Lane,Precinct 2562,Governor,,D,James Atkinson IV,21
Lane,Precinct 2676,Governor,,D,James Atkinson IV,27
Lane,Precinct 4200,Governor,,D,James Atkinson IV,0
Lane,Precinct 4300,Governor,,D,James Atkinson IV,13
Lane,Precinct 4400,Governor,,D,James Atkinson IV,14
Lane,Precinct 4500,Governor,,D,James Atkinson IV,3
Lane,Precinct 4600,Governor,,D,James Atkinson IV,11
Lane,Precinct 4700,Governor,,D,James Atkinson IV,9
Lane,Precinct 4800,Governor,,D,James Atkinson IV,6
Lane,Precinct 4900,Governor,,D,James Atkinson IV,7
Lane,Precinct 701,Governor,,D,James Atkinson IV,0
Lane,Precinct 703,Governor,,D,James Atkinson IV,2
Lane,Precinct 705,Governor,,D,James Atkinson IV,4
Lane,Precinct 707,Governor,,D,James Atkinson IV,3
Lane,Precinct 709,Governor,,D,James Atkinson IV,5
Lane,Precinct 711,Governor,,D,James Atkinson IV,11
Lane,Precinct 713,Governor,,D,James Atkinson IV,2
Lane,Precinct 715,Governor,,D,James Atkinson IV,5
Lane,Precinct 717,Governor,,D,James Atkinson IV,14
Lane,Precinct 719,Governor,,D,James Atkinson IV,0
Lane,Precinct 721,Governor,,D,James Atkinson IV,1
Lane,Precinct 723,Governor,,D,James Atkinson IV,8
Lane,Precinct 725,Governor,,D,James Atkinson IV,8
Lane,Precinct 727,Governor,,D,James Atkinson IV,13
Lane,Precinct 729,Governor,,D,James Atkinson IV,1
Lane,Precinct 731,Governor,,D,James Atkinson IV,8
Lane,Precinct 733,Governor,,D,James Atkinson IV,20
Lane,Precinct 737,Governor,,D,James Atkinson IV,5
Lane,Precinct 739,Governor,,D,James Atkinson IV,8
Lane,Precinct 741,Governor,,D,James Atkinson IV,3
Lane,Precinct 743,Governor,,D,James Atkinson IV,1
Lane,Precinct 747,Governor,,D,James Atkinson IV,17
Lane,Precinct 751,Governor,,D,James Atkinson IV,15
Lane,Precinct 753,Governor,,D,James Atkinson IV,8
Lane,Precinct 755,Governor,,D,James Atkinson IV,14
Lane,Precinct 757,Governor,,D,James Atkinson IV,8
Lane,Precinct 759,Governor,,D,James Atkinson IV,9
Lane,Precinct 765,Governor,,D,James Atkinson IV,8
Lane,Precinct 1120,Governor,,D,Miranda Weigler,12
Lane,Precinct 1122,Governor,,D,Miranda Weigler,24
Lane,Precinct 1124,Governor,,D,Miranda Weigler,5
Lane,Precinct 1126,Governor,,D,Miranda Weigler,18
Lane,Precinct 1230,Governor,,D,Miranda Weigler,12
Lane,Precinct 1232,Governor,,D,Miranda Weigler,35
Lane,Precinct 1234,Governor,,D,Miranda Weigler,18
Lane,Precinct 1340,Governor,,D,Miranda Weigler,20
Lane,Precinct 1342,Governor,,D,Miranda Weigler,7
Lane,Precinct 1450,Governor,,D,Miranda Weigler,22
Lane,Precinct 1452,Governor,,D,Miranda Weigler,23
Lane,Precinct 1454,Governor,,D,Miranda Weigler,6
Lane,Precinct 1560,Governor,,D,Miranda Weigler,6
Lane,Precinct 1562,Governor,,D,Miranda Weigler,36
Lane,Precinct 1564,Governor,,D,Miranda Weigler,32
Lane,Precinct 1670,Governor,,D,Miranda Weigler,31
Lane,Precinct 1672,Governor,,D,Miranda Weigler,19
Lane,Precinct 1780,Governor,,D,Miranda Weigler,8
Lane,Precinct 1782,Governor,,D,Miranda Weigler,11
Lane,Precinct 1784,Governor,,D,Miranda Weigler,18
Lane,Precinct 1786,Governor,,D,Miranda Weigler,12
Lane,Precinct 1890,Governor,,D,Miranda Weigler,12
Lane,Precinct 1892,Governor,,D,Miranda Weigler,27
Lane,Precinct 1894,Governor,,D,Miranda Weigler,9
Lane,Precinct 2122,Governor,,D,Miranda Weigler,22
Lane,Precinct 2238,Governor,,D,Miranda Weigler,27
Lane,Precinct 2340,Governor,,D,Miranda Weigler,25
Lane,Precinct 2456,Governor,,D,Miranda Weigler,24
Lane,Precinct 2562,Governor,,D,Miranda Weigler,42
Lane,Precinct 2676,Governor,,D,Miranda Weigler,31
Lane,Precinct 4200,Governor,,D,Miranda Weigler,3
Lane,Precinct 4300,Governor,,D,Miranda Weigler,19
Lane,Precinct 4400,Governor,,D,Miranda Weigler,11
Lane,Precinct 4500,Governor,,D,Miranda Weigler,9
Lane,Precinct 4600,Governor,,D,Miranda Weigler,31
Lane,Precinct 4700,Governor,,D,Miranda Weigler,18
Lane,Precinct 4800,Governor,,D,Miranda Weigler,8
Lane,Precinct 4900,Governor,,D,Miranda Weigler,12
Lane,Precinct 701,Governor,,D,Miranda Weigler,3
Lane,Precinct 703,Governor,,D,Miranda Weigler,2
Lane,Precinct 705,Governor,,D,Miranda Weigler,8
Lane,Precinct 707,Governor,,D,Miranda Weigler,1
Lane,Precinct 709,Governor,,D,Miranda Weigler,12
Lane,Precinct 711,Governor,,D,Miranda Weigler,18
Lane,Precinct 713,Governor,,D,Miranda Weigler,6
Lane,Precinct 715,Governor,,D,Miranda Weigler,9
Lane,Precinct 717,Governor,,D,Miranda Weigler,11
Lane,Precinct 719,Governor,,D,Miranda Weigler,6
Lane,Precinct 721,Governor,,D,Miranda Weigler,4
Lane,Precinct 723,Governor,,D,Miranda Weigler,12
Lane,Precinct 725,Governor,,D,Miranda Weigler,7
Lane,Precinct 727,Governor,,D,Miranda Weigler,10
Lane,Precinct 729,Governor,,D,Miranda Weigler,4
Lane,Precinct 731,Governor,,D,Miranda Weigler,22
Lane,Precinct 733,Governor,,D,Miranda Weigler,38
Lane,Precinct 737,Governor,,D,Miranda Weigler,20
Lane,Precinct 739,Governor,,D,Miranda Weigler,4
Lane,Precinct 741,Governor,,D,Miranda Weigler,4
Lane,Precinct 743,Governor,,D,Miranda Weigler,6
Lane,Precinct 747,Governor,,D,Miranda Weigler,18
Lane,Precinct 751,Governor,,D,Miranda Weigler,11
Lane,Precinct 753,Governor,,D,Miranda Weigler,2
Lane,Precinct 755,Governor,,D,Miranda Weigler,10
Lane,Precinct 757,Governor,,D,Miranda Weigler,13
Lane,Precinct 759,Governor,,D,Miranda Weigler,12
Lane,Precinct 765,Governor,,D,Miranda Weigler,11
Lane,Precinct 1120,Governor,,D,Over Votes,0
Lane,Precinct 1122,Governor,,D,Over Votes,0
Lane,Precinct 1124,Governor,,D,Over Votes,0
Lane,Precinct 1126,Governor,,D,Over Votes,0
Lane,Precinct 1230,Governor,,D,Over Votes,0
Lane,Precinct 1232,Governor,,D,Over Votes,0
Lane,Precinct 1234,Governor,,D,Over Votes,0
Lane,Precinct 1340,Governor,,D,Over Votes,0
Lane,Precinct 1342,Governor,,D,Over Votes,0
Lane,Precinct 1450,Governor,,D,Over Votes,1
Lane,Precinct 1452,Governor,,D,Over Votes,0
Lane,Precinct 1454,Governor,,D,Over Votes,0
Lane,Precinct 1560,Governor,,D,Over Votes,0
Lane,Precinct 1562,Governor,,D,Over Votes,0
Lane,Precinct 1564,Governor,,D,Over Votes,0
Lane,Precinct 1670,Governor,,D,Over Votes,1
Lane,Precinct 1672,Governor,,D,Over Votes,0
Lane,Precinct 1780,Governor,,D,Over Votes,0
Lane,Precinct 1782,Governor,,D,Over Votes,0
Lane,Precinct 1784,Governor,,D,Over Votes,0
Lane,Precinct 1786,Governor,,D,Over Votes,0
Lane,Precinct 1890,Governor,,D,Over Votes,0
Lane,Precinct 1892,Governor,,D,Over Votes,0
Lane,Precinct 1894,Governor,,D,Over Votes,0
Lane,Precinct 2122,Governor,,D,Over Votes,0
Lane,Precinct 2238,Governor,,D,Over Votes,1
Lane,Precinct 2340,Governor,,D,Over Votes,0
Lane,Precinct 2456,Governor,,D,Over Votes,1
Lane,Precinct 2562,Governor,,D,Over Votes,1
Lane,Precinct 2676,Governor,,D,Over Votes,0
Lane,Precinct 4200,Governor,,D,Over Votes,0
Lane,Precinct 4300,Governor,,D,Over Votes,0
Lane,Precinct 4400,Governor,,D,Over Votes,0
Lane,Precinct 4500,Governor,,D,Over Votes,0
Lane,Precinct 4600,Governor,,D,Over Votes,3
Lane,Precinct 4700,Governor,,D,Over Votes,0
Lane,Precinct 4800,Governor,,D,Over Votes,0
Lane,Precinct 4900,Governor,,D,Over Votes,2
Lane,Precinct 701,Governor,,D,Over Votes,0
Lane,Precinct 703,Governor,,D,Over Votes,0
Lane,Precinct 705,Governor,,D,Over Votes,0
Lane,Precinct 707,Governor,,D,Over Votes,0
Lane,Precinct 709,Governor,,D,Over Votes,0
Lane,Precinct 711,Governor,,D,Over Votes,0
Lane,Precinct 713,Governor,,D,Over Votes,0
Lane,Precinct 715,Governor,,D,Over Votes,0
Lane,Precinct 717,Governor,,D,Over Votes,0
Lane,Precinct 719,Governor,,D,Over Votes,0
Lane,Precinct 721,Governor,,D,Over Votes,0
Lane,Precinct 723,Governor,,D,Over Votes,0
Lane,Precinct 725,Governor,,D,Over Votes,0
Lane,Precinct 727,Governor,,D,Over Votes,0
Lane,Precinct 729,Governor,,D,Over Votes,0
Lane,Precinct 731,Governor,,D,Over Votes,0
Lane,Precinct 733,Governor,,D,Over Votes,1
Lane,Precinct 737,Governor,,D,Over Votes,0
Lane,Precinct 739,Governor,,D,Over Votes,1
Lane,Precinct 741,Governor,,D,Over Votes,2
Lane,Precinct 743,Governor,,D,Over Votes,0
Lane,Precinct 747,Governor,,D,Over Votes,3
Lane,Precinct 751,Governor,,D,Over Votes,0
Lane,Precinct 753,Governor,,D,Over Votes,0
Lane,Precinct 755,Governor,,D,Over Votes,0
Lane,Precinct 757,Governor,,D,Over Votes,0
Lane,Precinct 759,Governor,,D,Over Votes,0
Lane,Precinct 765,Governor,,D,Over Votes,0
Lane,Precinct 1120,Governor,,D,Steve William Laible,3
Lane,Precinct 1122,Governor,,D,Steve William Laible,3
Lane,Precinct 1124,Governor,,D,Steve William Laible,2
Lane,Precinct 1126,Governor,,D,Steve William Laible,2
Lane,Precinct 1230,Governor,,D,Steve William Laible,6
Lane,Precinct 1232,Governor,,D,Steve William Laible,11
Lane,Precinct 1234,Governor,,D,Steve William Laible,3
Lane,Precinct 1340,Governor,,D,Steve William Laible,4
Lane,Precinct 1342,Governor,,D,Steve William Laible,3
Lane,Precinct 1450,Governor,,D,Steve William Laible,6
Lane,Precinct 1452,Governor,,D,Steve William Laible,2
Lane,Precinct 1454,Governor,,D,Steve William Laible,4
Lane,Precinct 1560,Governor,,D,Steve William Laible,1
Lane,Precinct 1562,Governor,,D,Steve William Laible,5
Lane,Precinct 1564,Governor,,D,Steve William Laible,6
Lane,Precinct 1670,Governor,,D,Steve William Laible,18
Lane,Precinct 1672,Governor,,D,Steve William Laible,17
Lane,Precinct 1780,Governor,,D,Steve William Laible,1
Lane,Precinct 1782,Governor,,D,Steve William Laible,0
Lane,Precinct 1784,Governor,,D,Steve William Laible,7
Lane,Precinct 1786,Governor,,D,Steve William Laible,8
Lane,Precinct 1890,Governor,,D,Steve William Laible,7
Lane,Precinct 1892,Governor,,D,Steve William Laible,8
Lane,Precinct 1894,Governor,,D,Steve William Laible,9
Lane,Precinct 2122,Governor,,D,Steve William Laible,9
Lane,Precinct 2238,Governor,,D,Steve William Laible,6
Lane,Precinct 2340,Governor,,D,Steve William Laible,7
Lane,Precinct 2456,Governor,,D,Steve William Laible,9
Lane,Precinct 2562,Governor,,D,Steve William Laible,12
Lane,Precinct 2676,Governor,,D,Steve William Laible,13
Lane,Precinct 4200,Governor,,D,Steve William Laible,1
Lane,Precinct 4300,Governor,,D,Steve William Laible,12
Lane,Precinct 4400,Governor,,D,Steve William Laible,5
Lane,Precinct 4500,Governor,,D,Steve William Laible,3
Lane,Precinct 4600,Governor,,D,Steve William Laible,14
Lane,Precinct 4700,Governor,,D,Steve William Laible,8
Lane,Precinct 4800,Governor,,D,Steve William Laible,0
Lane,Precinct 4900,Governor,,D,Steve William Laible,8
Lane,Precinct 701,Governor,,D,Steve William Laible,2
Lane,Precinct 703,Governor,,D,Steve William Laible,1
Lane,Precinct 705,Governor,,D,Steve William Laible,3
Lane,Precinct 707,Governor,,D,Steve William Laible,0
Lane,Precinct 709,Governor,,D,Steve William Laible,2
Lane,Precinct 711,Governor,,D,Steve William Laible,6
Lane,Precinct 713,Governor,,D,Steve William Laible,2
Lane,Precinct 715,Governor,,D,Steve William Laible,2
Lane,Precinct 717,Governor,,D,Steve William Laible,5
Lane,Precinct 719,Governor,,D,Steve William Laible,1
Lane,Precinct 721,Governor,,D,Steve William Laible,4
Lane,Precinct 723,Governor,,D,Steve William Laible,5
Lane,Precinct 725,Governor,,D,Steve William Laible,3
Lane,Precinct 727,Governor,,D,Steve William Laible,9
Lane,Precinct 729,Governor,,D,Steve William Laible,1
Lane,Precinct 731,Governor,,D,Steve William Laible,11
Lane,Precinct 733,Governor,,D,Steve William Laible,9
Lane,Precinct 737,Governor,,D,Steve William Laible,7
Lane,Precinct 739,Governor,,D,Steve William Laible,5
Lane,Precinct 741,Governor,,D,Steve William Laible,1
Lane,Precinct 743,Governor,,D,Steve William Laible,5
Lane,Precinct 747,Governor,,D,Steve William Laible,11
Lane,Precinct 751,Governor,,D,Steve William Laible,15
Lane,Precinct 753,Governor,,D,Steve William Laible,2
Lane,Precinct 755,Governor,,D,Steve William Laible,11
Lane,Precinct 757,Governor,,D,Steve William Laible,2
Lane,Precinct 759,Governor,,D,Steve William Laible,3
Lane,Precinct 765,Governor,,D,Steve William Laible,5
Lane,Precinct 1120,Governor,,D,Tina Kotek,522
Lane,Precinct 1122,Governor,,D,Tina Kotek,1276
Lane,Precinct 1124,Governor,,D,Tina Kotek,436
Lane,Precinct 1126,Governor,,D,Tina Kotek,2023
Lane,Precinct 1230,Governor,,D,Tina Kotek,2142
Lane,Precinct 1232,Governor,,D,Tina Kotek,2220
Lane,Precinct 1234,Governor,,D,Tina Kotek,1267
Lane,Precinct 1340,Governor,,D,Tina Kotek,1492
Lane,Precinct 1342,Governor,,D,Tina Kotek,403
Lane,Precinct 1450,Governor,,D,Tina Kotek,1397
Lane,Precinct 1452,Governor,,D,Tina Kotek,1047
Lane,Precinct 1454,Governor,,D,Tina Kotek,332
Lane,Precinct 1560,Governor,,D,Tina Kotek,404
Lane,Precinct 1562,Governor,,D,Tina Kotek,1331
Lane,Precinct 1564,Governor,,D,Tina Kotek,1687
Lane,Precinct 1670,Governor,,D,Tina Kotek,1120
Lane,Precinct 1672,Governor,,D,Tina Kotek,812
Lane,Precinct 1780,Governor,,D,Tina Kotek,277
Lane,Precinct 1782,Governor,,D,Tina Kotek,548
Lane,Precinct 1784,Governor,,D,Tina Kotek,937
Lane,Precinct 1786,Governor,,D,Tina Kotek,441
Lane,Precinct 1890,Governor,,D,Tina Kotek,433
Lane,Precinct 1892,Governor,,D,Tina Kotek,1337
Lane,Precinct 1894,Governor,,D,Tina Kotek,1169
Lane,Precinct 2122,Governor,,D,Tina Kotek,692
Lane,Precinct 2238,Governor,,D,Tina Kotek,1163
Lane,Precinct 2340,Governor,,D,Tina Kotek,935
Lane,Precinct 2456,Governor,,D,Tina Kotek,605
Lane,Precinct 2562,Governor,,D,Tina Kotek,707
Lane,Precinct 2676,Governor,,D,Tina Kotek,803
Lane,Precinct 4200,Governor,,D,Tina Kotek,188
Lane,Precinct 4300,Governor,,D,Tina Kotek,741
Lane,Precinct 4400,Governor,,D,Tina Kotek,365
Lane,Precinct 4500,Governor,,D,Tina Kotek,197
Lane,Precinct 4600,Governor,,D,Tina Kotek,1367
Lane,Precinct 4700,Governor,,D,Tina Kotek,399
Lane,Precinct 4800,Governor,,D,Tina Kotek,197
Lane,Precinct 4900,Governor,,D,Tina Kotek,348
Lane,Precinct 701,Governor,,D,Tina Kotek,310
Lane,Precinct 703,Governor,,D,Tina Kotek,60
Lane,Precinct 705,Governor,,D,Tina Kotek,469
Lane,Precinct 707,Governor,,D,Tina Kotek,105
Lane,Precinct 709,Governor,,D,Tina Kotek,264
Lane,Precinct 711,Governor,,D,Tina Kotek,652
Lane,Precinct 713,Governor,,D,Tina Kotek,118
Lane,Precinct 715,Governor,,D,Tina Kotek,177
Lane,Precinct 717,Governor,,D,Tina Kotek,341
Lane,Precinct 719,Governor,,D,Tina Kotek,72
Lane,Precinct 721,Governor,,D,Tina Kotek,160
Lane,Precinct 723,Governor,,D,Tina Kotek,770
Lane,Precinct 725,Governor,,D,Tina Kotek,242
Lane,Precinct 727,Governor,,D,Tina Kotek,201
Lane,Precinct 729,Governor,,D,Tina Kotek,96
Lane,Precinct 731,Governor,,D,Tina Kotek,1018
Lane,Precinct 733,Governor,,D,Tina Kotek,1622
Lane,Precinct 737,Governor,,D,Tina Kotek,651
Lane,Precinct 739,Governor,,D,Tina Kotek,301
Lane,Precinct 741,Governor,,D,Tina Kotek,191
Lane,Precinct 743,Governor,,D,Tina Kotek,136
Lane,Precinct 747,Governor,,D,Tina Kotek,693
Lane,Precinct 751,Governor,,D,Tina Kotek,652
Lane,Precinct 753,Governor,,D,Tina Kotek,167
Lane,Precinct 755,Governor,,D,Tina Kotek,407
Lane,Precinct 757,Governor,,D,Tina Kotek,396
Lane,Precinct 759,Governor,,D,Tina Kotek,432
Lane,Precinct 765,Governor,,D,Tina Kotek,323
Lane,Precinct 1120,Governor,,D,Tristan Sheppard,3
Lane,Precinct 1122,Governor,,D,Tristan Sheppard,7
Lane,Precinct 1124,Governor,,D,Tristan Sheppard,4
Lane,Precinct 1126,Governor,,D,Tristan Sheppard,9
Lane,Precinct 1230,Governor,,D,Tristan Sheppard,8
Lane,Precinct 1232,Governor,,D,Tristan Sheppard,5
Lane,Precinct 1234,Governor,,D,Tristan Sheppard,15
Lane,Precinct 1340,Governor,,D,Tristan Sheppard,6
Lane,Precinct 1342,Governor,,D,Tristan Sheppard,3
Lane,Precinct 1450,Governor,,D,Tristan Sheppard,17
Lane,Precinct 1452,Governor,,D,Tristan Sheppard,6
Lane,Precinct 1454,Governor,,D,Tristan Sheppard,6
Lane,Precinct 1560,Governor,,D,Tristan Sheppard,1
Lane,Precinct 1562,Governor,,D,Tristan Sheppard,9
Lane,Precinct 1564,Governor,,D,Tristan Sheppard,14
Lane,Precinct 1670,Governor,,D,Tristan Sheppard,14
Lane,Precinct 1672,Governor,,D,Tristan Sheppard,8
Lane,Precinct 1780,Governor,,D,Tristan Sheppard,6
Lane,Precinct 1782,Governor,,D,Tristan Sheppard,1
Lane,Precinct 1784,Governor,,D,Tristan Sheppard,12
Lane,Precinct 1786,Governor,,D,Tristan Sheppard,7
Lane,Precinct 1890,Governor,,D,Tristan Sheppard,8
Lane,Precinct 1892,Governor,,D,Tristan Sheppard,10
Lane,Precinct 1894,Governor,,D,Tristan Sheppard,8
Lane,Precinct 2122,Governor,,D,Tristan Sheppard,18
Lane,Precinct 2238,Governor,,D,Tristan Sheppard,10
Lane,Precinct 2340,Governor,,D,Tristan Sheppard,15
Lane,Precinct 2456,Governor,,D,Tristan Sheppard,19
Lane,Precinct 2562,Governor,,D,Tristan Sheppard,16
Lane,Precinct 2676,Governor,,D,Tristan Sheppard,15
Lane,Precinct 4200,Governor,,D,Tristan Sheppard,3
Lane,Precinct 4300,Governor,,D,Tristan Sheppard,18
Lane,Precinct 4400,Governor,,D,Tristan Sheppard,13
Lane,Precinct 4500,Governor,,D,Tristan Sheppard,3
Lane,Precinct 4600,Governor,,D,Tristan Sheppard,29
Lane,Precinct 4700,Governor,,D,Tristan Sheppard,19
Lane,Precinct 4800,Governor,,D,Tristan Sheppard,1
Lane,Precinct 4900,Governor,,D,Tristan Sheppard,10
Lane,Precinct 701,Governor,,D,Tristan Sheppard,8
Lane,Precinct 703,Governor,,D,Tristan Sheppard,0
Lane,Precinct 705,Governor,,D,Tristan Sheppard,5
Lane,Precinct 707,Governor,,D,Tristan Sheppard,4
Lane,Precinct 709,Governor,,D,Tristan Sheppard,10
Lane,Precinct 711,Governor,,D,Tristan Sheppard,12
Lane,Precinct 713,Governor,,D,Tristan Sheppard,6
Lane,Precinct 715,Governor,,D,Tristan Sheppard,6
Lane,Precinct 717,Governor,,D,Tristan Sheppard,11
Lane,Precinct 719,Governor,,D,Tristan Sheppard,0
Lane,Precinct 721,Governor,,D,Tristan Sheppard,3
Lane,Precinct 723,Governor,,D,Tristan Sheppard,1
Lane,Precinct 725,Governor,,D,Tristan Sheppard,8
Lane,Precinct 727,Governor,,D,Tristan Sheppard,7
Lane,Precinct 729,Governor,,D,Tristan Sheppard,1
Lane,Precinct 731,Governor,,D,Tristan Sheppard,16
Lane,Precinct 733,Governor,,D,Tristan Sheppard,11
Lane,Precinct 737,Governor,,D,Tristan Sheppard,15
Lane,Precinct 739,Governor,,D,Tristan Sheppard,14
Lane,Precinct 741,Governor,,D,Tristan Sheppard,5
Lane,Precinct 743,Governor,,D,Tristan Sheppard,0
Lane,Precinct 747,Governor,,D,Tristan Sheppard,18
Lane,Precinct 751,Governor,,D,Tristan Sheppard,14
Lane,Precinct 753,Governor,,D,Tristan Sheppard,3
Lane,Precinct 755,Governor,,D,Tristan Sheppard,9
Lane,Precinct 757,Governor,,D,Tristan Sheppard,6
Lane,Precinct 759,Governor,,D,Tristan Sheppard,12
Lane,Precinct 765,Governor,,D,Tristan Sheppard,8
Lane,Precinct 1120,Governor,,D,Under Votes,65
Lane,Precinct 1122,Governor,,D,Under Votes,92
Lane,Precinct 1124,Governor,,D,Under Votes,32
Lane,Precinct 1126,Governor,,D,Under Votes,153
Lane,Precinct 1230,Governor,,D,Under Votes,157
Lane,Precinct 1232,Governor,,D,Under Votes,150
Lane,Precinct 1234,Governor,,D,Under Votes,79
Lane,Precinct 1340,Governor,,D,Under Votes,111
Lane,Precinct 1342,Governor,,D,Under Votes,30
Lane,Precinct 1450,Governor,,D,Under Votes,131
Lane,Precinct 1452,Governor,,D,Under Votes,126
Lane,Precinct 1454,Governor,,D,Under Votes,34
Lane,Precinct 1560,Governor,,D,Under Votes,47
Lane,Precinct 1562,Governor,,D,Under Votes,113
Lane,Precinct 1564,Governor,,D,Under Votes,153
Lane,Precinct 1670,Governor,,D,Under Votes,122
Lane,Precinct 1672,Governor,,D,Under Votes,85
Lane,Precinct 1780,Governor,,D,Under Votes,36
Lane,Precinct 1782,Governor,,D,Under Votes,42
Lane,Precinct 1784,Governor,,D,Under Votes,64
Lane,Precinct 1786,Governor,,D,Under Votes,43
Lane,Precinct 1890,Governor,,D,Under Votes,46
Lane,Precinct 1892,Governor,,D,Under Votes,103
Lane,Precinct 1894,Governor,,D,Under Votes,102
Lane,Precinct 2122,Governor,,D,Under Votes,90
Lane,Precinct 2238,Governor,,D,Under Votes,134
Lane,Precinct 2340,Governor,,D,Under Votes,101
Lane,Precinct 2456,Governor,,D,Under Votes,81
Lane,Precinct 2562,Governor,,D,Under Votes,110
Lane,Precinct 2676,Governor,,D,Under Votes,127
Lane,Precinct 4200,Governor,,D,Under Votes,24
Lane,Precinct 4300,Governor,,D,Under Votes,79
Lane,Precinct 4400,Governor,,D,Under Votes,42
Lane,Precinct 4500,Governor,,D,Under Votes,35
Lane,Precinct 4600,Governor,,D,Under Votes,105
Lane,Precinct 4700,Governor,,D,Under Votes,59
Lane,Precinct 4800,Governor,,D,Under Votes,21
Lane,Precinct 4900,Governor,,D,Under Votes,51
Lane,Precinct 701,Governor,,D,Under Votes,31
Lane,Precinct 703,Governor,,D,Under Votes,7
Lane,Precinct 705,Governor,,D,Under Votes,42
Lane,Precinct 707,Governor,,D,Under Votes,10
Lane,Precinct 709,Governor,,D,Under Votes,35
Lane,Precinct 711,Governor,,D,Under Votes,102
Lane,Precinct 713,Governor,,D,Under Votes,26
Lane,Precinct 715,Governor,,D,Under Votes,33
Lane,Precinct 717,Governor,,D,Under Votes,73
Lane,Precinct 719,Governor,,D,Under Votes,6
Lane,Precinct 721,Governor,,D,Under Votes,15
Lane,Precinct 723,Governor,,D,Under Votes,76
Lane,Precinct 725,Governor,,D,Under Votes,50
Lane,Precinct 727,Governor,,D,Under Votes,34
Lane,Precinct 729,Governor,,D,Under Votes,14
Lane,Precinct 731,Governor,,D,Under Votes,111
Lane,Precinct 733,Governor,,D,Under Votes,164
Lane,Precinct 737,Governor,,D,Under Votes,84
Lane,Precinct 739,Governor,,D,Under Votes,40
Lane,Precinct 741,Governor,,D,Under Votes,17
Lane,Precinct 743,Governor,,D,Under Votes,9
Lane,Precinct 747,Governor,,D,Under Votes,126
Lane,Precinct 751,Governor,,D,Under Votes,119
Lane,Precinct 753,Governor,,D,Under Votes,34
Lane,Precinct 755,Governor,,D,Under Votes,58
Lane,Precinct 757,Governor,,D,Under Votes,45
Lane,Precinct 759,Governor,,D,Under Votes,45
Lane,Precinct 765,Governor,,D,Under Votes,47
Lane,Precinct 1120,Governor,,D,Write-ins,9
Lane,Precinct 1122,Governor,,D,Write-ins,14
Lane,Precinct 1124,Governor,,D,Write-ins,10
Lane,Precinct 1126,Governor,,D,Write-ins,12
Lane,Precinct 1230,Governor,,D,Write-ins,21
Lane,Precinct 1232,Governor,,D,Write-ins,21
Lane,Precinct 1234,Governor,,D,Write-ins,16
Lane,Precinct 1340,Governor,,D,Write-ins,23
Lane,Precinct 1342,Governor,,D,Write-ins,9
Lane,Precinct 1450,Governor,,D,Write-ins,29
Lane,Precinct 1452,Governor,,D,Write-ins,22
Lane,Precinct 1454,Governor,,D,Write-ins,7
Lane,Precinct 1560,Governor,,D,Write-ins,14
Lane,Precinct 1562,Governor,,D,Write-ins,27
Lane,Precinct 1564,Governor,,D,Write-ins,37
Lane,Precinct 1670,Governor,,D,Write-ins,51
Lane,Precinct 1672,Governor,,D,Write-ins,43
Lane,Precinct 1780,Governor,,D,Write-ins,3
Lane,Precinct 1782,Governor,,D,Write-ins,6
Lane,Precinct 1784,Governor,,D,Write-ins,18
Lane,Precinct 1786,Governor,,D,Write-ins,20
Lane,Precinct 1890,Governor,,D,Write-ins,16
Lane,Precinct 1892,Governor,,D,Write-ins,21
Lane,Precinct 1894,Governor,,D,Write-ins,17
Lane,Precinct 2122,Governor,,D,Write-ins,30
Lane,Precinct 2238,Governor,,D,Write-ins,27
Lane,Precinct 2340,Governor,,D,Write-ins,44
Lane,Precinct 2456,Governor,,D,Write-ins,48
Lane,Precinct 2562,Governor,,D,Write-ins,46
Lane,Precinct 2676,Governor,,D,Write-ins,36
Lane,Precinct 4200,Governor,,D,Write-ins,6
Lane,Precinct 4300,Governor,,D,Write-ins,37
Lane,Precinct 4400,Governor,,D,Write-ins,30
Lane,Precinct 4500,Governor,,D,Write-ins,6
Lane,Precinct 4600,Governor,,D,Write-ins,47
Lane,Precinct 4700,Governor,,D,Write-ins,31
Lane,Precinct 4800,Governor,,D,Write-ins,11
Lane,Precinct 4900,Governor,,D,Write-ins,21
Lane,Precinct 701,Governor,,D,Write-ins,8
Lane,Precinct 703,Governor,,D,Write-ins,3
Lane,Precinct 705,Governor,,D,Write-ins,8
Lane,Precinct 707,Governor,,D,Write-ins,2
Lane,Precinct 709,Governor,,D,Write-ins,11
Lane,Precinct 711,Governor,,D,Write-ins,34
Lane,Precinct 713,Governor,,D,Write-ins,6
Lane,Precinct 715,Governor,,D,Write-ins,10
Lane,Precinct 717,Governor,,D,Write-ins,17
Lane,Precinct 719,Governor,,D,Write-ins,1
Lane,Precinct 721,Governor,,D,Write-ins,3
Lane,Precinct 723,Governor,,D,Write-ins,9
Lane,Precinct 725,Governor,,D,Write-ins,11
Lane,Precinct 727,Governor,,D,Write-ins,14
Lane,Precinct 729,Governor,,D,Write-ins,5
Lane,Precinct 731,Governor,,D,Write-ins,42
Lane,Precinct 733,Governor,,D,Write-ins,36
Lane,Precinct 737,Governor,,D,Write-ins,34
Lane,Precinct 739,Governor,,D,Write-ins,9
Lane,Precinct 741,Governor,,D,Write-ins,8
Lane,Precinct 743,Governor,,D,Write-ins,6
Lane,Precinct 747,Governor,,D,Write-ins,29
Lane,Precinct 751,Governor,,D,Write-ins,30
Lane,Precinct 753,Governor,,D,Write-ins,15
Lane,Precinct 755,Governor,,D,Write-ins,24
Lane,Precinct 757,Governor,,D,Write-ins,21
Lane,Precinct 759,Governor,,D,Write-ins,15
Lane,Precinct 765,Governor,,D,Write-ins,15
Lane,Precinct 1120,Governor,,R,Brad T. Peters,0
Lane,Precinct 1122,Governor,,R,Brad T. Peters,1
Lane,Precinct 1124,Governor,,R,Brad T. Peters,1
Lane,Precinct 1126,Governor,,R,Brad T. Peters,2
Lane,Precinct 1230,Governor,,R,Brad T. Peters,0
Lane,Precinct 1232,Governor,,R,Brad T. Peters,3
Lane,Precinct 1234,Governor,,R,Brad T. Peters,2
Lane,Precinct 1340,Governor,,R,Brad T. Peters,0
Lane,Precinct 1342,Governor,,R,Brad T. Peters,0
Lane,Precinct 1450,Governor,,R,Brad T. Peters,7
Lane,Precinct 1452,Governor,,R,Brad T. Peters,6
Lane,Precinct 1454,Governor,,R,Brad T. Peters,1
Lane,Precinct 1560,Governor,,R,Brad T. Peters,0
Lane,Precinct 1562,Governor,,R,Brad T. Peters,3
Lane,Precinct 1564,Governor,,R,Brad T. Peters,7
Lane,Precinct 1670,Governor,,R,Brad T. Peters,5
Lane,Precinct 1672,Governor,,R,Brad T. Peters,3
Lane,Precinct 1780,Governor,,R,Brad T. Peters,1
Lane,Precinct 1782,Governor,,R,Brad T. Peters,2
Lane,Precinct 1784,Governor,,R,Brad T. Peters,2
Lane,Precinct 1786,Governor,,R,Brad T. Peters,1
Lane,Precinct 1890,Governor,,R,Brad T. Peters,1
Lane,Precinct 1892,Governor,,R,Brad T. Peters,2
Lane,Precinct 1894,Governor,,R,Brad T. Peters,6
Lane,Precinct 2122,Governor,,R,Brad T. Peters,1
Lane,Precinct 2238,Governor,,R,Brad T. Peters,5
Lane,Precinct 2340,Governor,,R,Brad T. Peters,8
Lane,Precinct 2456,Governor,,R,Brad T. Peters,1
Lane,Precinct 2562,Governor,,R,Brad T. Peters,4
Lane,Precinct 2676,Governor,,R,Brad T. Peters,9
Lane,Precinct 4200,Governor,,R,Brad T. Peters,1
Lane,Precinct 4300,Governor,,R,Brad T. Peters,2
Lane,Precinct 4400,Governor,,R,Brad T. Peters,2
Lane,Precinct 4500,Governor,,R,Brad T. Peters,2
Lane,Precinct 4600,Governor,,R,Brad T. Peters,8
Lane,Precinct 4700,Governor,,R,Brad T. Peters,3
Lane,Precinct 4800,Governor,,R,Brad T. Peters,0
Lane,Precinct 4900,Governor,,R,Brad T. Peters,0
Lane,Precinct 701,Governor,,R,Brad T. Peters,0
Lane,Precinct 703,Governor,,R,Brad T. Peters,1
Lane,Precinct 705,Governor,,R,Brad T. Peters,2
Lane,Precinct 707,Governor,,R,Brad T. Peters,2
Lane,Precinct 709,Governor,,R,Brad T. Peters,0
Lane,Precinct 711,Governor,,R,Brad T. Peters,1
Lane,Precinct 713,Governor,,R,Brad T. Peters,3
Lane,Precinct 715,Governor,,R,Brad T. Peters,2
Lane,Precinct 717,Governor,,R,Brad T. Peters,1
Lane,Precinct 719,Governor,,R,Brad T. Peters,0
Lane,Precinct 721,Governor,,R,Brad T. Peters,0
Lane,Precinct 723,Governor,,R,Brad T. Peters,3
Lane,Precinct 725,Governor,,R,Brad T. Peters,1
Lane,Precinct 727,Governor,,R,Brad T. Peters,3
Lane,Precinct 729,Governor,,R,Brad T. Peters,0
Lane,Precinct 731,Governor,,R,Brad T. Peters,3
Lane,Precinct 733,Governor,,R,Brad T. Peters,3
Lane,Precinct 737,Governor,,R,Brad T. Peters,1
Lane,Precinct 739,Governor,,R,Brad T. Peters,2
Lane,Precinct 741,Governor,,R,Brad T. Peters,2
Lane,Precinct 743,Governor,,R,Brad T. Peters,0
Lane,Precinct 747,Governor,,R,Brad T. Peters,9
Lane,Precinct 751,Governor,,R,Brad T. Peters,1
Lane,Precinct 753,Governor,,R,Brad T. Peters,1
Lane,Precinct 755,Governor,,R,Brad T. Peters,1
Lane,Precinct 757,Governor,,R,Brad T. Peters,1
Lane,Precinct 759,Governor,,R,Brad T. Peters,4
Lane,Precinct 765,Governor,,R,Brad T. Peters,1
Lane,Precinct 1120,Governor,,R,Chris Dudley,14
Lane,Precinct 1122,Governor,,R,Chris Dudley,24
Lane,Precinct 1124,Governor,,R,Chris Dudley,15
Lane,Precinct 1126,Governor,,R,Chris Dudley,24
Lane,Precinct 1230,Governor,,R,Chris Dudley,38
Lane,Precinct 1232,Governor,,R,Chris Dudley,50
Lane,Precinct 1234,Governor,,R,Chris Dudley,35
Lane,Precinct 1340,Governor,,R,Chris Dudley,23
Lane,Precinct 1342,Governor,,R,Chris Dudley,15
Lane,Precinct 1450,Governor,,R,Chris Dudley,154
Lane,Precinct 1452,Governor,,R,Chris Dudley,108
Lane,Precinct 1454,Governor,,R,Chris Dudley,24
Lane,Precinct 1560,Governor,,R,Chris Dudley,56
Lane,Precinct 1562,Governor,,R,Chris Dudley,191
Lane,Precinct 1564,Governor,,R,Chris Dudley,187
Lane,Precinct 1670,Governor,,R,Chris Dudley,142
Lane,Precinct 1672,Governor,,R,Chris Dudley,97
Lane,Precinct 1780,Governor,,R,Chris Dudley,20
Lane,Precinct 1782,Governor,,R,Chris Dudley,5
Lane,Precinct 1784,Governor,,R,Chris Dudley,71
Lane,Precinct 1786,Governor,,R,Chris Dudley,89
Lane,Precinct 1890,Governor,,R,Chris Dudley,58
Lane,Precinct 1892,Governor,,R,Chris Dudley,49
Lane,Precinct 1894,Governor,,R,Chris Dudley,70
Lane,Precinct 2122,Governor,,R,Chris Dudley,120
Lane,Precinct 2238,Governor,,R,Chris Dudley,81
Lane,Precinct 2340,Governor,,R,Chris Dudley,112
Lane,Precinct 2456,Governor,,R,Chris Dudley,89
Lane,Precinct 2562,Governor,,R,Chris Dudley,134
Lane,Precinct 2676,Governor,,R,Chris Dudley,189
Lane,Precinct 4200,Governor,,R,Chris Dudley,25
Lane,Precinct 4300,Governor,,R,Chris Dudley,129
Lane,Precinct 4400,Governor,,R,Chris Dudley,91
Lane,Precinct 4500,Governor,,R,Chris Dudley,34
Lane,Precinct 4600,Governor,,R,Chris Dudley,121
Lane,Precinct 4700,Governor,,R,Chris Dudley,140
Lane,Precinct 4800,Governor,,R,Chris Dudley,37
Lane,Precinct 4900,Governor,,R,Chris Dudley,64
Lane,Precinct 701,Governor,,R,Chris Dudley,45
Lane,Precinct 703,Governor,,R,Chris Dudley,3
Lane,Precinct 705,Governor,,R,Chris Dudley,54
Lane,Precinct 707,Governor,,R,Chris Dudley,17
Lane,Precinct 709,Governor,,R,Chris Dudley,54
Lane,Precinct 711,Governor,,R,Chris Dudley,97
Lane,Precinct 713,Governor,,R,Chris Dudley,40
Lane,Precinct 715,Governor,,R,Chris Dudley,73
Lane,Precinct 717,Governor,,R,Chris Dudley,87
Lane,Precinct 719,Governor,,R,Chris Dudley,16
Lane,Precinct 721,Governor,,R,Chris Dudley,22
Lane,Precinct 723,Governor,,R,Chris Dudley,66
Lane,Precinct 725,Governor,,R,Chris Dudley,56
Lane,Precinct 727,Governor,,R,Chris Dudley,65
Lane,Precinct 729,Governor,,R,Chris Dudley,13
Lane,Precinct 731,Governor,,R,Chris Dudley,94
Lane,Precinct 733,Governor,,R,Chris Dudley,118
Lane,Precinct 737,Governor,,R,Chris Dudley,120
Lane,Precinct 739,Governor,,R,Chris Dudley,48
Lane,Precinct 741,Governor,,R,Chris Dudley,30
Lane,Precinct 743,Governor,,R,Chris Dudley,16
Lane,Precinct 747,Governor,,R,Chris Dudley,123
Lane,Precinct 751,Governor,,R,Chris Dudley,155
Lane,Precinct 753,Governor,,R,Chris Dudley,37
Lane,Precinct 755,Governor,,R,Chris Dudley,79
Lane,Precinct 757,Governor,,R,Chris Dudley,87
Lane,Precinct 759,Governor,,R,Chris Dudley,43
Lane,Precinct 765,Governor,,R,Chris Dudley,67
Lane,Precinct 1120,Governor,,R,Christine Drazan,33
Lane,Precinct 1122,Governor,,R,Christine Drazan,43
Lane,Precinct 1124,Governor,,R,Christine Drazan,32
Lane,Precinct 1126,Governor,,R,Christine Drazan,56
Lane,Precinct 1230,Governor,,R,Christine Drazan,72
Lane,Precinct 1232,Governor,,R,Christine Drazan,106
Lane,Precinct 1234,Governor,,R,Christine Drazan,67
Lane,Precinct 1340,Governor,,R,Christine Drazan,49
Lane,Precinct 1342,Governor,,R,Christine Drazan,28
Lane,Precinct 1450,Governor,,R,Christine Drazan,318
Lane,Precinct 1452,Governor,,R,Christine Drazan,221
Lane,Precinct 1454,Governor,,R,Christine Drazan,63
Lane,Precinct 1560,Governor,,R,Christine Drazan,101
Lane,Precinct 1562,Governor,,R,Christine Drazan,409
Lane,Precinct 1564,Governor,,R,Christine Drazan,323
Lane,Precinct 1670,Governor,,R,Christine Drazan,428
Lane,Precinct 1672,Governor,,R,Christine Drazan,283
Lane,Precinct 1780,Governor,,R,Christine Drazan,41
Lane,Precinct 1782,Governor,,R,Christine Drazan,18
Lane,Precinct 1784,Governor,,R,Christine Drazan,210
Lane,Precinct 1786,Governor,,R,Christine Drazan,203
Lane,Precinct 1890,Governor,,R,Christine Drazan,151
Lane,Precinct 1892,Governor,,R,Christine Drazan,162
Lane,Precinct 1894,Governor,,R,Christine Drazan,180
Lane,Precinct 2122,Governor,,R,Christine Drazan,283
Lane,Precinct 2238,Governor,,R,Christine Drazan,210
Lane,Precinct 2340,Governor,,R,Christine Drazan,290
Lane,Precinct 2456,Governor,,R,Christine Drazan,275
Lane,Precinct 2562,Governor,,R,Christine Drazan,380
Lane,Precinct 2676,Governor,,R,Christine Drazan,551
Lane,Precinct 4200,Governor,,R,Christine Drazan,90
Lane,Precinct 4300,Governor,,R,Christine Drazan,384
Lane,Precinct 4400,Governor,,R,Christine Drazan,281
Lane,Precinct 4500,Governor,,R,Christine Drazan,120
Lane,Precinct 4600,Governor,,R,Christine Drazan,593
Lane,Precinct 4700,Governor,,R,Christine Drazan,420
Lane,Precinct 4800,Governor,,R,Christine Drazan,134
Lane,Precinct 4900,Governor,,R,Christine Drazan,255
Lane,Precinct 701,Governor,,R,Christine Drazan,139
Lane,Precinct 703,Governor,,R,Christine Drazan,19
Lane,Precinct 705,Governor,,R,Christine Drazan,225
Lane,Precinct 707,Governor,,R,Christine Drazan,73
Lane,Precinct 709,Governor,,R,Christine Drazan,180
Lane,Precinct 711,Governor,,R,Christine Drazan,428
Lane,Precinct 713,Governor,,R,Christine Drazan,171
Lane,Precinct 715,Governor,,R,Christine Drazan,239
Lane,Precinct 717,Governor,,R,Christine Drazan,339
Lane,Precinct 719,Governor,,R,Christine Drazan,51
Lane,Precinct 721,Governor,,R,Christine Drazan,63
Lane,Precinct 723,Governor,,R,Christine Drazan,170
Lane,Precinct 725,Governor,,R,Christine Drazan,143
Lane,Precinct 727,Governor,,R,Christine Drazan,152
Lane,Precinct 729,Governor,,R,Christine Drazan,34
Lane,Precinct 731,Governor,,R,Christine Drazan,305
Lane,Precinct 733,Governor,,R,Christine Drazan,289
Lane,Precinct 737,Governor,,R,Christine Drazan,273
Lane,Precinct 739,Governor,,R,Christine Drazan,144
Lane,Precinct 741,Governor,,R,Christine Drazan,42
Lane,Precinct 743,Governor,,R,Christine Drazan,50
Lane,Precinct 747,Governor,,R,Christine Drazan,484
Lane,Precinct 751,Governor,,R,Christine Drazan,492
Lane,Precinct 753,Governor,,R,Christine Drazan,158
Lane,Precinct 755,Governor,,R,Christine Drazan,277
Lane,Precinct 757,Governor,,R,Christine Drazan,257
Lane,Precinct 759,Governor,,R,Christine Drazan,193
Lane,Precinct 765,Governor,,R,Christine Drazan,211
Lane,Precinct 1120,Governor,,R,Danielle Bethell,5
Lane,Precinct 1122,Governor,,R,Danielle Bethell,7
Lane,Precinct 1124,Governor,,R,Danielle Bethell,1
Lane,Precinct 1126,Governor,,R,Danielle Bethell,3
Lane,Precinct 1230,Governor,,R,Danielle Bethell,5
Lane,Precinct 1232,Governor,,R,Danielle Bethell,9
Lane,Precinct 1234,Governor,,R,Danielle Bethell,7
Lane,Precinct 1340,Governor,,R,Danielle Bethell,2
Lane,Precinct 1342,Governor,,R,Danielle Bethell,0
Lane,Precinct 1450,Governor,,R,Danielle Bethell,16
Lane,Precinct 1452,Governor,,R,Danielle Bethell,8
Lane,Precinct 1454,Governor,,R,Danielle Bethell,4
Lane,Precinct 1560,Governor,,R,Danielle Bethell,9
Lane,Precinct 1562,Governor,,R,Danielle Bethell,20
Lane,Precinct 1564,Governor,,R,Danielle Bethell,19
Lane,Precinct 1670,Governor,,R,Danielle Bethell,17
Lane,Precinct 1672,Governor,,R,Danielle Bethell,8
Lane,Precinct 1780,Governor,,R,Danielle Bethell,0
Lane,Precinct 1782,Governor,,R,Danielle Bethell,0
Lane,Precinct 1784,Governor,,R,Danielle Bethell,10
Lane,Precinct 1786,Governor,,R,Danielle Bethell,9
Lane,Precinct 1890,Governor,,R,Danielle Bethell,8
Lane,Precinct 1892,Governor,,R,Danielle Bethell,8
Lane,Precinct 1894,Governor,,R,Danielle Bethell,11
Lane,Precinct 2122,Governor,,R,Danielle Bethell,13
Lane,Precinct 2238,Governor,,R,Danielle Bethell,7
Lane,Precinct 2340,Governor,,R,Danielle Bethell,11
Lane,Precinct 2456,Governor,,R,Danielle Bethell,23
Lane,Precinct 2562,Governor,,R,Danielle Bethell,16
Lane,Precinct 2676,Governor,,R,Danielle Bethell,26
Lane,Precinct 4200,Governor,,R,Danielle Bethell,4
Lane,Precinct 4300,Governor,,R,Danielle Bethell,22
Lane,Precinct 4400,Governor,,R,Danielle Bethell,5
Lane,Precinct 4500,Governor,,R,Danielle Bethell,2
Lane,Precinct 4600,Governor,,R,Danielle Bethell,29
Lane,Precinct 4700,Governor,,R,Danielle Bethell,13
Lane,Precinct 4800,Governor,,R,Danielle Bethell,1
Lane,Precinct 4900,Governor,,R,Danielle Bethell,5
Lane,Precinct 701,Governor,,R,Danielle Bethell,10
Lane,Precinct 703,Governor,,R,Danielle Bethell,0
Lane,Precinct 705,Governor,,R,Danielle Bethell,9
Lane,Precinct 707,Governor,,R,Danielle Bethell,2
Lane,Precinct 709,Governor,,R,Danielle Bethell,7
Lane,Precinct 711,Governor,,R,Danielle Bethell,18
Lane,Precinct 713,Governor,,R,Danielle Bethell,4
Lane,Precinct 715,Governor,,R,Danielle Bethell,4
Lane,Precinct 717,Governor,,R,Danielle Bethell,6
Lane,Precinct 719,Governor,,R,Danielle Bethell,3
Lane,Precinct 721,Governor,,R,Danielle Bethell,5
Lane,Precinct 723,Governor,,R,Danielle Bethell,7
Lane,Precinct 725,Governor,,R,Danielle Bethell,10
Lane,Precinct 727,Governor,,R,Danielle Bethell,7
Lane,Precinct 729,Governor,,R,Danielle Bethell,3
Lane,Precinct 731,Governor,,R,Danielle Bethell,24
Lane,Precinct 733,Governor,,R,Danielle Bethell,18
Lane,Precinct 737,Governor,,R,Danielle Bethell,19
Lane,Precinct 739,Governor,,R,Danielle Bethell,5
Lane,Precinct 741,Governor,,R,Danielle Bethell,1
Lane,Precinct 743,Governor,,R,Danielle Bethell,4
Lane,Precinct 747,Governor,,R,Danielle Bethell,24
Lane,Precinct 751,Governor,,R,Danielle Bethell,34
Lane,Precinct 753,Governor,,R,Danielle Bethell,8
Lane,Precinct 755,Governor,,R,Danielle Bethell,11
Lane,Precinct 757,Governor,,R,Danielle Bethell,12
Lane,Precinct 759,Governor,,R,Danielle Bethell,8
Lane,Precinct 765,Governor,,R,Danielle Bethell,18
Lane,Precinct 1120,Governor,,R,David Medina,9
Lane,Precinct 1122,Governor,,R,David Medina,3
Lane,Precinct 1124,Governor,,R,David Medina,1
Lane,Precinct 1126,Governor,,R,David Medina,7
Lane,Precinct 1230,Governor,,R,David Medina,10
Lane,Precinct 1232,Governor,,R,David Medina,15
Lane,Precinct 1234,Governor,,R,David Medina,4
Lane,Precinct 1340,Governor,,R,David Medina,3
Lane,Precinct 1342,Governor,,R,David Medina,3
Lane,Precinct 1450,Governor,,R,David Medina,35
Lane,Precinct 1452,Governor,,R,David Medina,17
Lane,Precinct 1454,Governor,,R,David Medina,5
Lane,Precinct 1560,Governor,,R,David Medina,17
Lane,Precinct 1562,Governor,,R,David Medina,32
Lane,Precinct 1564,Governor,,R,David Medina,22
Lane,Precinct 1670,Governor,,R,David Medina,58
Lane,Precinct 1672,Governor,,R,David Medina,31
Lane,Precinct 1780,Governor,,R,David Medina,9
Lane,Precinct 1782,Governor,,R,David Medina,5
Lane,Precinct 1784,Governor,,R,David Medina,36
Lane,Precinct 1786,Governor,,R,David Medina,21
Lane,Precinct 1890,Governor,,R,David Medina,34
Lane,Precinct 1892,Governor,,R,David Medina,16
Lane,Precinct 1894,Governor,,R,David Medina,6
Lane,Precinct 2122,Governor,,R,David Medina,38
Lane,Precinct 2238,Governor,,R,David Medina,24
Lane,Precinct 2340,Governor,,R,David Medina,50
Lane,Precinct 2456,Governor,,R,David Medina,55
Lane,Precinct 2562,Governor,,R,David Medina,71
Lane,Precinct 2676,Governor,,R,David Medina,50
Lane,Precinct 4200,Governor,,R,David Medina,5
Lane,Precinct 4300,Governor,,R,David Medina,61
Lane,Precinct 4400,Governor,,R,David Medina,44
Lane,Precinct 4500,Governor,,R,David Medina,8
Lane,Precinct 4600,Governor,,R,David Medina,48
Lane,Precinct 4700,Governor,,R,David Medina,57
Lane,Precinct 4800,Governor,,R,David Medina,29
Lane,Precinct 4900,Governor,,R,David Medina,32
Lane,Precinct 701,Governor,,R,David Medina,8
Lane,Precinct 703,Governor,,R,David Medina,4
Lane,Precinct 705,Governor,,R,David Medina,19
Lane,Precinct 707,Governor,,R,David Medina,5
Lane,Precinct 709,Governor,,R,David Medina,24
Lane,Precinct 711,Governor,,R,David Medina,44
Lane,Precinct 713,Governor,,R,David Medina,20
Lane,Precinct 715,Governor,,R,David Medina,22
Lane,Precinct 717,Governor,,R,David Medina,37
Lane,Precinct 719,Governor,,R,David Medina,6
Lane,Precinct 721,Governor,,R,David Medina,4
Lane,Precinct 723,Governor,,R,David Medina,16
Lane,Precinct 725,Governor,,R,David Medina,25
Lane,Precinct 727,Governor,,R,David Medina,22
Lane,Precinct 729,Governor,,R,David Medina,10
Lane,Precinct 731,Governor,,R,David Medina,38
Lane,Precinct 733,Governor,,R,David Medina,43
Lane,Precinct 737,Governor,,R,David Medina,34
Lane,Precinct 739,Governor,,R,David Medina,15
Lane,Precinct 741,Governor,,R,David Medina,8
Lane,Precinct 743,Governor,,R,David Medina,4
Lane,Precinct 747,Governor,,R,David Medina,77
Lane,Precinct 751,Governor,,R,David Medina,46
Lane,Precinct 753,Governor,,R,David Medina,23
Lane,Precinct 755,Governor,,R,David Medina,42
Lane,Precinct 757,Governor,,R,David Medina,32
Lane,Precinct 759,Governor,,R,David Medina,37
Lane,Precinct 765,Governor,,R,David Medina,19
Lane,Precinct 1120,Governor,,R,DeAngelo Leroy Turner,2
Lane,Precinct 1122,Governor,,R,DeAngelo Leroy Turner,0
Lane,Precinct 1124,Governor,,R,DeAngelo Leroy Turner,0
Lane,Precinct 1126,Governor,,R,DeAngelo Leroy Turner,1
Lane,Precinct 1230,Governor,,R,DeAngelo Leroy Turner,2
Lane,Precinct 1232,Governor,,R,DeAngelo Leroy Turner,2
Lane,Precinct 1234,Governor,,R,DeAngelo Leroy Turner,1
Lane,Precinct 1340,Governor,,R,DeAngelo Leroy Turner,0
Lane,Precinct 1342,Governor,,R,DeAngelo Leroy Turner,0
Lane,Precinct 1450,Governor,,R,DeAngelo Leroy Turner,0
Lane,Precinct 1452,Governor,,R,DeAngelo Leroy Turner,0
Lane,Precinct 1454,Governor,,R,DeAngelo Leroy Turner,1
Lane,Precinct 1560,Governor,,R,DeAngelo Leroy Turner,0
Lane,Precinct 1562,Governor,,R,DeAngelo Leroy Turner,1
Lane,Precinct 1564,Governor,,R,DeAngelo Leroy Turner,1
Lane,Precinct 1670,Governor,,R,DeAngelo Leroy Turner,1
Lane,Precinct 1672,Governor,,R,DeAngelo Leroy Turner,0
Lane,Precinct 1780,Governor,,R,DeAngelo Leroy Turner,0
Lane,Precinct 1782,Governor,,R,DeAngelo Leroy Turner,1
Lane,Precinct 1784,Governor,,R,DeAngelo Leroy Turner,0
Lane,Precinct 1786,Governor,,R,DeAngelo Leroy Turner,0
Lane,Precinct 1890,Governor,,R,DeAngelo Leroy Turner,1
Lane,Precinct 1892,Governor,,R,DeAngelo Leroy Turner,2
Lane,Precinct 1894,Governor,,R,DeAngelo Leroy Turner,1
Lane,Precinct 2122,Governor,,R,DeAngelo Leroy Turner,0
Lane,Precinct 2238,Governor,,R,DeAngelo Leroy Turner,1
Lane,Precinct 2340,Governor,,R,DeAngelo Leroy Turner,1
Lane,Precinct 2456,Governor,,R,DeAngelo Leroy Turner,1
Lane,Precinct 2562,Governor,,R,DeAngelo Leroy Turner,3
Lane,Precinct 2676,Governor,,R,DeAngelo Leroy Turner,1
Lane,Precinct 4200,Governor,,R,DeAngelo Leroy Turner,0
Lane,Precinct 4300,Governor,,R,DeAngelo Leroy Turner,1
Lane,Precinct 4400,Governor,,R,DeAngelo Leroy Turner,1
Lane,Precinct 4500,Governor,,R,DeAngelo Leroy Turner,0
Lane,Precinct 4600,Governor,,R,DeAngelo Leroy Turner,3
Lane,Precinct 4700,Governor,,R,DeAngelo Leroy Turner,0
Lane,Precinct 4800,Governor,,R,DeAngelo Leroy Turner,1
Lane,Precinct 4900,Governor,,R,DeAngelo Leroy Turner,0
Lane,Precinct 701,Governor,,R,DeAngelo Leroy Turner,0
Lane,Precinct 703,Governor,,R,DeAngelo Leroy Turner,0
Lane,Precinct 705,Governor,,R,DeAngelo Leroy Turner,1
Lane,Precinct 707,Governor,,R,DeAngelo Leroy Turner,1
Lane,Precinct 709,Governor,,R,DeAngelo Leroy Turner,1
Lane,Precinct 711,Governor,,R,DeAngelo Leroy Turner,1
Lane,Precinct 713,Governor,,R,DeAngelo Leroy Turner,0
Lane,Precinct 715,Governor,,R,DeAngelo Leroy Turner,1
Lane,Precinct 717,Governor,,R,DeAngelo Leroy Turner,0
Lane,Precinct 719,Governor,,R,DeAngelo Leroy Turner,0
Lane,Precinct 721,Governor,,R,DeAngelo Leroy Turner,0
Lane,Precinct 723,Governor,,R,DeAngelo Leroy Turner,0
Lane,Precinct 725,Governor,,R,DeAngelo Leroy Turner,0
Lane,Precinct 727,Governor,,R,DeAngelo Leroy Turner,0
Lane,Precinct 729,Governor,,R,DeAngelo Leroy Turner,1
Lane,Precinct 731,Governor,,R,DeAngelo Leroy Turner,0
Lane,Precinct 733,Governor,,R,DeAngelo Leroy Turner,0
Lane,Precinct 737,Governor,,R,DeAngelo Leroy Turner,1
Lane,Precinct 739,Governor,,R,DeAngelo Leroy Turner,1
Lane,Precinct 741,Governor,,R,DeAngelo Leroy Turner,0
Lane,Precinct 743,Governor,,R,DeAngelo Leroy Turner,0
Lane,Precinct 747,Governor,,R,DeAngelo Leroy Turner,0
Lane,Precinct 751,Governor,,R,DeAngelo Leroy Turner,2
Lane,Precinct 753,Governor,,R,DeAngelo Leroy Turner,0
Lane,Precinct 755,Governor,,R,DeAngelo Leroy Turner,2
Lane,Precinct 757,Governor,,R,DeAngelo Leroy Turner,1
Lane,Precinct 759,Governor,,R,DeAngelo Leroy Turner,0
Lane,Precinct 765,Governor,,R,DeAngelo Leroy Turner,0
Lane,Precinct 1120,Governor,,R,Ed Diehl,38
Lane,Precinct 1122,Governor,,R,Ed Diehl,26
Lane,Precinct 1124,Governor,,R,Ed Diehl,23
Lane,Precinct 1126,Governor,,R,Ed Diehl,42
Lane,Precinct 1230,Governor,,R,Ed Diehl,51
Lane,Precinct 1232,Governor,,R,Ed Diehl,98
Lane,Precinct 1234,Governor,,R,Ed Diehl,48
Lane,Precinct 1340,Governor,,R,Ed Diehl,26
Lane,Precinct 1342,Governor,,R,Ed Diehl,27
Lane,Precinct 1450,Governor,,R,Ed Diehl,261
Lane,Precinct 1452,Governor,,R,Ed Diehl,198
Lane,Precinct 1454,Governor,,R,Ed Diehl,30
Lane,Precinct 1560,Governor,,R,Ed Diehl,130
Lane,Precinct 1562,Governor,,R,Ed Diehl,314
Lane,Precinct 1564,Governor,,R,Ed Diehl,222
Lane,Precinct 1670,Governor,,R,Ed Diehl,406
Lane,Precinct 1672,Governor,,R,Ed Diehl,249
Lane,Precinct 1780,Governor,,R,Ed Diehl,47
Lane,Precinct 1782,Governor,,R,Ed Diehl,21
Lane,Precinct 1784,Governor,,R,Ed Diehl,157
Lane,Precinct 1786,Governor,,R,Ed Diehl,168
Lane,Precinct 1890,Governor,,R,Ed Diehl,137
Lane,Precinct 1892,Governor,,R,Ed Diehl,129
Lane,Precinct 1894,Governor,,R,Ed Diehl,123
Lane,Precinct 2122,Governor,,R,Ed Diehl,243
Lane,Precinct 2238,Governor,,R,Ed Diehl,186
Lane,Precinct 2340,Governor,,R,Ed Diehl,339
Lane,Precinct 2456,Governor,,R,Ed Diehl,266
Lane,Precinct 2562,Governor,,R,Ed Diehl,370
Lane,Precinct 2676,Governor,,R,Ed Diehl,554
Lane,Precinct 4200,Governor,,R,Ed Diehl,92
Lane,Precinct 4300,Governor,,R,Ed Diehl,597
Lane,Precinct 4400,Governor,,R,Ed Diehl,337
Lane,Precinct 4500,Governor,,R,Ed Diehl,171
Lane,Precinct 4600,Governor,,R,Ed Diehl,534
Lane,Precinct 4700,Governor,,R,Ed Diehl,389
Lane,Precinct 4800,Governor,,R,Ed Diehl,130
Lane,Precinct 4900,Governor,,R,Ed Diehl,245
Lane,Precinct 701,Governor,,R,Ed Diehl,212
Lane,Precinct 703,Governor,,R,Ed Diehl,20
Lane,Precinct 705,Governor,,R,Ed Diehl,225
Lane,Precinct 707,Governor,,R,Ed Diehl,80
Lane,Precinct 709,Governor,,R,Ed Diehl,183
Lane,Precinct 711,Governor,,R,Ed Diehl,442
Lane,Precinct 713,Governor,,R,Ed Diehl,156
Lane,Precinct 715,Governor,,R,Ed Diehl,253
Lane,Precinct 717,Governor,,R,Ed Diehl,353
Lane,Precinct 719,Governor,,R,Ed Diehl,40
Lane,Precinct 721,Governor,,R,Ed Diehl,62
Lane,Precinct 723,Governor,,R,Ed Diehl,164
Lane,Precinct 725,Governor,,R,Ed Diehl,291
Lane,Precinct 727,Governor,,R,Ed Diehl,222
Lane,Precinct 729,Governor,,R,Ed Diehl,29
Lane,Precinct 731,Governor,,R,Ed Diehl,356
Lane,Precinct 733,Governor,,R,Ed Diehl,304
Lane,Precinct 737,Governor,,R,Ed Diehl,372
Lane,Precinct 739,Governor,,R,Ed Diehl,131
Lane,Precinct 741,Governor,,R,Ed Diehl,41
Lane,Precinct 743,Governor,,R,Ed Diehl,56
Lane,Precinct 747,Governor,,R,Ed Diehl,777
Lane,Precinct 751,Governor,,R,Ed Diehl,622
Lane,Precinct 753,Governor,,R,Ed Diehl,206
Lane,Precinct 755,Governor,,R,Ed Diehl,435
Lane,Precinct 757,Governor,,R,Ed Diehl,354
Lane,Precinct 759,Governor,,R,Ed Diehl,396
Lane,Precinct 765,Governor,,R,Ed Diehl,340
Lane,Precinct 1120,Governor,,R,Hope A. Dalrymple,0
Lane,Precinct 1122,Governor,,R,Hope A. Dalrymple,0
Lane,Precinct 1124,Governor,,R,Hope A. Dalrymple,0
Lane,Precinct 1126,Governor,,R,Hope A. Dalrymple,1
Lane,Precinct 1230,Governor,,R,Hope A. Dalrymple,0
Lane,Precinct 1232,Governor,,R,Hope A. Dalrymple,1
Lane,Precinct 1234,Governor,,R,Hope A. Dalrymple,0
Lane,Precinct 1340,Governor,,R,Hope A. Dalrymple,0
Lane,Precinct 1342,Governor,,R,Hope A. Dalrymple,0
Lane,Precinct 1450,Governor,,R,Hope A. Dalrymple,0
Lane,Precinct 1452,Governor,,R,Hope A. Dalrymple,0
Lane,Precinct 1454,Governor,,R,Hope A. Dalrymple,0
Lane,Precinct 1560,Governor,,R,Hope A. Dalrymple,0
Lane,Precinct 1562,Governor,,R,Hope A. Dalrymple,0
Lane,Precinct 1564,Governor,,R,Hope A. Dalrymple,2
Lane,Precinct 1670,Governor,,R,Hope A. Dalrymple,1
Lane,Precinct 1672,Governor,,R,Hope A. Dalrymple,1
Lane,Precinct 1780,Governor,,R,Hope A. Dalrymple,0
Lane,Precinct 1782,Governor,,R,Hope A. Dalrymple,1
Lane,Precinct 1784,Governor,,R,Hope A. Dalrymple,2
Lane,Precinct 1786,Governor,,R,Hope A. Dalrymple,1
Lane,Precinct 1890,Governor,,R,Hope A. Dalrymple,0
Lane,Precinct 1892,Governor,,R,Hope A. Dalrymple,0
Lane,Precinct 1894,Governor,,R,Hope A. Dalrymple,0
Lane,Precinct 2122,Governor,,R,Hope A. Dalrymple,3
Lane,Precinct 2238,Governor,,R,Hope A. Dalrymple,2
Lane,Precinct 2340,Governor,,R,Hope A. Dalrymple,2
Lane,Precinct 2456,Governor,,R,Hope A. Dalrymple,2
Lane,Precinct 2562,Governor,,R,Hope A. Dalrymple,0
Lane,Precinct 2676,Governor,,R,Hope A. Dalrymple,1
Lane,Precinct 4200,Governor,,R,Hope A. Dalrymple,0
Lane,Precinct 4300,Governor,,R,Hope A. Dalrymple,2
Lane,Precinct 4400,Governor,,R,Hope A. Dalrymple,0
Lane,Precinct 4500,Governor,,R,Hope A. Dalrymple,1
Lane,Precinct 4600,Governor,,R,Hope A. Dalrymple,2
Lane,Precinct 4700,Governor,,R,Hope A. Dalrymple,3
Lane,Precinct 4800,Governor,,R,Hope A. Dalrymple,0
Lane,Precinct 4900,Governor,,R,Hope A. Dalrymple,2
Lane,Precinct 701,Governor,,R,Hope A. Dalrymple,1
Lane,Precinct 703,Governor,,R,Hope A. Dalrymple,0
Lane,Precinct 705,Governor,,R,Hope A. Dalrymple,2
Lane,Precinct 707,Governor,,R,Hope A. Dalrymple,0
Lane,Precinct 709,Governor,,R,Hope A. Dalrymple,0
Lane,Precinct 711,Governor,,R,Hope A. Dalrymple,2
Lane,Precinct 713,Governor,,R,Hope A. Dalrymple,0
Lane,Precinct 715,Governor,,R,Hope A. Dalrymple,0
Lane,Precinct 717,Governor,,R,Hope A. Dalrymple,1
Lane,Precinct 719,Governor,,R,Hope A. Dalrymple,0
Lane,Precinct 721,Governor,,R,Hope A. Dalrymple,0
Lane,Precinct 723,Governor,,R,Hope A. Dalrymple,0
Lane,Precinct 725,Governor,,R,Hope A. Dalrymple,0
Lane,Precinct 727,Governor,,R,Hope A. Dalrymple,0
Lane,Precinct 729,Governor,,R,Hope A. Dalrymple,0
Lane,Precinct 731,Governor,,R,Hope A. Dalrymple,0
Lane,Precinct 733,Governor,,R,Hope A. Dalrymple,2
Lane,Precinct 737,Governor,,R,Hope A. Dalrymple,0
Lane,Precinct 739,Governor,,R,Hope A. Dalrymple,0
Lane,Precinct 741,Governor,,R,Hope A. Dalrymple,0
Lane,Precinct 743,Governor,,R,Hope A. Dalrymple,0
Lane,Precinct 747,Governor,,R,Hope A. Dalrymple,2
Lane,Precinct 751,Governor,,R,Hope A. Dalrymple,1
Lane,Precinct 753,Governor,,R,Hope A. Dalrymple,0
Lane,Precinct 755,Governor,,R,Hope A. Dalrymple,1
Lane,Precinct 757,Governor,,R,Hope A. Dalrymple,1
Lane,Precinct 759,Governor,,R,Hope A. Dalrymple,0
Lane,Precinct 765,Governor,,R,Hope A. Dalrymple,1
Lane,Precinct 1120,Governor,,R,Kyle M. Duyck,0
Lane,Precinct 1122,Governor,,R,Kyle M. Duyck,1
Lane,Precinct 1124,Governor,,R,Kyle M. Duyck,0
Lane,Precinct 1126,Governor,,R,Kyle M. Duyck,1
Lane,Precinct 1230,Governor,,R,Kyle M. Duyck,0
Lane,Precinct 1232,Governor,,R,Kyle M. Duyck,1
Lane,Precinct 1234,Governor,,R,Kyle M. Duyck,3
Lane,Precinct 1340,Governor,,R,Kyle M. Duyck,1
Lane,Precinct 1342,Governor,,R,Kyle M. Duyck,1
Lane,Precinct 1450,Governor,,R,Kyle M. Duyck,1
Lane,Precinct 1452,Governor,,R,Kyle M. Duyck,2
Lane,Precinct 1454,Governor,,R,Kyle M. Duyck,3
Lane,Precinct 1560,Governor,,R,Kyle M. Duyck,0
Lane,Precinct 1562,Governor,,R,Kyle M. Duyck,6
Lane,Precinct 1564,Governor,,R,Kyle M. Duyck,5
Lane,Precinct 1670,Governor,,R,Kyle M. Duyck,3
Lane,Precinct 1672,Governor,,R,Kyle M. Duyck,8
Lane,Precinct 1780,Governor,,R,Kyle M. Duyck,0
Lane,Precinct 1782,Governor,,R,Kyle M. Duyck,1
Lane,Precinct 1784,Governor,,R,Kyle M. Duyck,3
Lane,Precinct 1786,Governor,,R,Kyle M. Duyck,4
Lane,Precinct 1890,Governor,,R,Kyle M. Duyck,2
Lane,Precinct 1892,Governor,,R,Kyle M. Duyck,0
Lane,Precinct 1894,Governor,,R,Kyle M. Duyck,1
Lane,Precinct 2122,Governor,,R,Kyle M. Duyck,3
Lane,Precinct 2238,Governor,,R,Kyle M. Duyck,2
Lane,Precinct 2340,Governor,,R,Kyle M. Duyck,5
Lane,Precinct 2456,Governor,,R,Kyle M. Duyck,6
Lane,Precinct 2562,Governor,,R,Kyle M. Duyck,6
Lane,Precinct 2676,Governor,,R,Kyle M. Duyck,3
Lane,Precinct 4200,Governor,,R,Kyle M. Duyck,0
Lane,Precinct 4300,Governor,,R,Kyle M. Duyck,3
Lane,Precinct 4400,Governor,,R,Kyle M. Duyck,4
Lane,Precinct 4500,Governor,,R,Kyle M. Duyck,2
Lane,Precinct 4600,Governor,,R,Kyle M. Duyck,6
Lane,Precinct 4700,Governor,,R,Kyle M. Duyck,6
Lane,Precinct 4800,Governor,,R,Kyle M. Duyck,4
Lane,Precinct 4900,Governor,,R,Kyle M. Duyck,2
Lane,Precinct 701,Governor,,R,Kyle M. Duyck,1
Lane,Precinct 703,Governor,,R,Kyle M. Duyck,0
Lane,Precinct 705,Governor,,R,Kyle M. Duyck,0
Lane,Precinct 707,Governor,,R,Kyle M. Duyck,0
Lane,Precinct 709,Governor,,R,Kyle M. Duyck,4
Lane,Precinct 711,Governor,,R,Kyle M. Duyck,2
Lane,Precinct 713,Governor,,R,Kyle M. Duyck,1
Lane,Precinct 715,Governor,,R,Kyle M. Duyck,0
Lane,Precinct 717,Governor,,R,Kyle M. Duyck,4
Lane,Precinct 719,Governor,,R,Kyle M. Duyck,0
Lane,Precinct 721,Governor,,R,Kyle M. Duyck,0
Lane,Precinct 723,Governor,,R,Kyle M. Duyck,0
Lane,Precinct 725,Governor,,R,Kyle M. Duyck,2
Lane,Precinct 727,Governor,,R,Kyle M. Duyck,0
Lane,Precinct 729,Governor,,R,Kyle M. Duyck,1
Lane,Precinct 731,Governor,,R,Kyle M. Duyck,3
Lane,Precinct 733,Governor,,R,Kyle M. Duyck,3
Lane,Precinct 737,Governor,,R,Kyle M. Duyck,4
Lane,Precinct 739,Governor,,R,Kyle M. Duyck,2
Lane,Precinct 741,Governor,,R,Kyle M. Duyck,0
Lane,Precinct 743,Governor,,R,Kyle M. Duyck,0
Lane,Precinct 747,Governor,,R,Kyle M. Duyck,4
Lane,Precinct 751,Governor,,R,Kyle M. Duyck,6
Lane,Precinct 753,Governor,,R,Kyle M. Duyck,0
Lane,Precinct 755,Governor,,R,Kyle M. Duyck,3
Lane,Precinct 757,Governor,,R,Kyle M. Duyck,3
Lane,Precinct 759,Governor,,R,Kyle M. Duyck,1
Lane,Precinct 765,Governor,,R,Kyle M. Duyck,0
Lane,Precinct 1120,Governor,,R,Martin Ward,0
Lane,Precinct 1122,Governor,,R,Martin Ward,1
Lane,Precinct 1124,Governor,,R,Martin Ward,0
Lane,Precinct 1126,Governor,,R,Martin Ward,0
Lane,Precinct 1230,Governor,,R,Martin Ward,0
Lane,Precinct 1232,Governor,,R,Martin Ward,1
Lane,Precinct 1234,Governor,,R,Martin Ward,0
Lane,Precinct 1340,Governor,,R,Martin Ward,0
Lane,Precinct 1342,Governor,,R,Martin Ward,0
Lane,Precinct 1450,Governor,,R,Martin Ward,2
Lane,Precinct 1452,Governor,,R,Martin Ward,4
Lane,Precinct 1454,Governor,,R,Martin Ward,0
Lane,Precinct 1560,Governor,,R,Martin Ward,0
Lane,Precinct 1562,Governor,,R,Martin Ward,1
Lane,Precinct 1564,Governor,,R,Martin Ward,2
Lane,Precinct 1670,Governor,,R,Martin Ward,1
Lane,Precinct 1672,Governor,,R,Martin Ward,1
Lane,Precinct 1780,Governor,,R,Martin Ward,1
Lane,Precinct 1782,Governor,,R,Martin Ward,0
Lane,Precinct 1784,Governor,,R,Martin Ward,1
Lane,Precinct 1786,Governor,,R,Martin Ward,0
Lane,Precinct 1890,Governor,,R,Martin Ward,0
Lane,Precinct 1892,Governor,,R,Martin Ward,2
Lane,Precinct 1894,Governor,,R,Martin Ward,0
Lane,Precinct 2122,Governor,,R,Martin Ward,1
Lane,Precinct 2238,Governor,,R,Martin Ward,1
Lane,Precinct 2340,Governor,,R,Martin Ward,0
Lane,Precinct 2456,Governor,,R,Martin Ward,0
Lane,Precinct 2562,Governor,,R,Martin Ward,4
Lane,Precinct 2676,Governor,,R,Martin Ward,0
Lane,Precinct 4200,Governor,,R,Martin Ward,1
Lane,Precinct 4300,Governor,,R,Martin Ward,2
Lane,Precinct 4400,Governor,,R,Martin Ward,2
Lane,Precinct 4500,Governor,,R,Martin Ward,0
Lane,Precinct 4600,Governor,,R,Martin Ward,4
Lane,Precinct 4700,Governor,,R,Martin Ward,0
Lane,Precinct 4800,Governor,,R,Martin Ward,0
Lane,Precinct 4900,Governor,,R,Martin Ward,0
Lane,Precinct 701,Governor,,R,Martin Ward,1
Lane,Precinct 703,Governor,,R,Martin Ward,3
Lane,Precinct 705,Governor,,R,Martin Ward,0
Lane,Precinct 707,Governor,,R,Martin Ward,0
Lane,Precinct 709,Governor,,R,Martin Ward,0
Lane,Precinct 711,Governor,,R,Martin Ward,0
Lane,Precinct 713,Governor,,R,Martin Ward,0
Lane,Precinct 715,Governor,,R,Martin Ward,0
Lane,Precinct 717,Governor,,R,Martin Ward,0
Lane,Precinct 719,Governor,,R,Martin Ward,0
Lane,Precinct 721,Governor,,R,Martin Ward,0
Lane,Precinct 723,Governor,,R,Martin Ward,0
Lane,Precinct 725,Governor,,R,Martin Ward,0
Lane,Precinct 727,Governor,,R,Martin Ward,0
Lane,Precinct 729,Governor,,R,Martin Ward,0
Lane,Precinct 731,Governor,,R,Martin Ward,0
Lane,Precinct 733,Governor,,R,Martin Ward,0
Lane,Precinct 737,Governor,,R,Martin Ward,0
Lane,Precinct 739,Governor,,R,Martin Ward,0
Lane,Precinct 741,Governor,,R,Martin Ward,1
Lane,Precinct 743,Governor,,R,Martin Ward,0
Lane,Precinct 747,Governor,,R,Martin Ward,1
Lane,Precinct 751,Governor,,R,Martin Ward,2
Lane,Precinct 753,Governor,,R,Martin Ward,0
Lane,Precinct 755,Governor,,R,Martin Ward,0
Lane,Precinct 757,Governor,,R,Martin Ward,0
Lane,Precinct 759,Governor,,R,Martin Ward,0
Lane,Precinct 765,Governor,,R,Martin Ward,2
Lane,Precinct 1120,Governor,,R,Over Votes,0
Lane,Precinct 1122,Governor,,R,Over Votes,0
Lane,Precinct 1124,Governor,,R,Over Votes,0
Lane,Precinct 1126,Governor,,R,Over Votes,0
Lane,Precinct 1230,Governor,,R,Over Votes,0
Lane,Precinct 1232,Governor,,R,Over Votes,0
Lane,Precinct 1234,Governor,,R,Over Votes,0
Lane,Precinct 1340,Governor,,R,Over Votes,0
Lane,Precinct 1342,Governor,,R,Over Votes,0
Lane,Precinct 1450,Governor,,R,Over Votes,0
Lane,Precinct 1452,Governor,,R,Over Votes,0
Lane,Precinct 1454,Governor,,R,Over Votes,0
Lane,Precinct 1560,Governor,,R,Over Votes,0
Lane,Precinct 1562,Governor,,R,Over Votes,0
Lane,Precinct 1564,Governor,,R,Over Votes,1
Lane,Precinct 1670,Governor,,R,Over Votes,0
Lane,Precinct 1672,Governor,,R,Over Votes,0
Lane,Precinct 1780,Governor,,R,Over Votes,0
Lane,Precinct 1782,Governor,,R,Over Votes,0
Lane,Precinct 1784,Governor,,R,Over Votes,1
Lane,Precinct 1786,Governor,,R,Over Votes,0
Lane,Precinct 1890,Governor,,R,Over Votes,0
Lane,Precinct 1892,Governor,,R,Over Votes,0
Lane,Precinct 1894,Governor,,R,Over Votes,0
Lane,Precinct 2122,Governor,,R,Over Votes,1
Lane,Precinct 2238,Governor,,R,Over Votes,0
Lane,Precinct 2340,Governor,,R,Over Votes,0
Lane,Precinct 2456,Governor,,R,Over Votes,0
Lane,Precinct 2562,Governor,,R,Over Votes,0
Lane,Precinct 2676,Governor,,R,Over Votes,0
Lane,Precinct 4200,Governor,,R,Over Votes,0
Lane,Precinct 4300,Governor,,R,Over Votes,0
Lane,Precinct 4400,Governor,,R,Over Votes,1
Lane,Precinct 4500,Governor,,R,Over Votes,0
Lane,Precinct 4600,Governor,,R,Over Votes,0
Lane,Precinct 4700,Governor,,R,Over Votes,0
Lane,Precinct 4800,Governor,,R,Over Votes,0
Lane,Precinct 4900,Governor,,R,Over Votes,1
Lane,Precinct 701,Governor,,R,Over Votes,0
Lane,Precinct 703,Governor,,R,Over Votes,0
Lane,Precinct 705,Governor,,R,Over Votes,0
Lane,Precinct 707,Governor,,R,Over Votes,0
Lane,Precinct 709,Governor,,R,Over Votes,0
Lane,Precinct 711,Governor,,R,Over Votes,1
Lane,Precinct 713,Governor,,R,Over Votes,0
Lane,Precinct 715,Governor,,R,Over Votes,1
Lane,Precinct 717,Governor,,R,Over Votes,0
Lane,Precinct 719,Governor,,R,Over Votes,0
Lane,Precinct 721,Governor,,R,Over Votes,0
Lane,Precinct 723,Governor,,R,Over Votes,0
Lane,Precinct 725,Governor,,R,Over Votes,0
Lane,Precinct 727,Governor,,R,Over Votes,0
Lane,Precinct 729,Governor,,R,Over Votes,0
Lane,Precinct 731,Governor,,R,Over Votes,0
Lane,Precinct 733,Governor,,R,Over Votes,0
Lane,Precinct 737,Governor,,R,Over Votes,0
Lane,Precinct 739,Governor,,R,Over Votes,0
Lane,Precinct 741,Governor,,R,Over Votes,0
Lane,Precinct 743,Governor,,R,Over Votes,0
Lane,Precinct 747,Governor,,R,Over Votes,1
Lane,Precinct 751,Governor,,R,Over Votes,0
Lane,Precinct 753,Governor,,R,Over Votes,0
Lane,Precinct 755,Governor,,R,Over Votes,0
Lane,Precinct 757,Governor,,R,Over Votes,0
Lane,Precinct 759,Governor,,R,Over Votes,0
Lane,Precinct 765,Governor,,R,Over Votes,0
Lane,Precinct 1120,Governor,,R,Paul J. Romero Jr,0
Lane,Precinct 1122,Governor,,R,Paul J. Romero Jr,1
Lane,Precinct 1124,Governor,,R,Paul J. Romero Jr,0
Lane,Precinct 1126,Governor,,R,Paul J. Romero Jr,0
Lane,Precinct 1230,Governor,,R,Paul J. Romero Jr,1
Lane,Precinct 1232,Governor,,R,Paul J. Romero Jr,0
Lane,Precinct 1234,Governor,,R,Paul J. Romero Jr,0
Lane,Precinct 1340,Governor,,R,Paul J. Romero Jr,1
Lane,Precinct 1342,Governor,,R,Paul J. Romero Jr,1
Lane,Precinct 1450,Governor,,R,Paul J. Romero Jr,2
Lane,Precinct 1452,Governor,,R,Paul J. Romero Jr,5
Lane,Precinct 1454,Governor,,R,Paul J. Romero Jr,0
Lane,Precinct 1560,Governor,,R,Paul J. Romero Jr,2
Lane,Precinct 1562,Governor,,R,Paul J. Romero Jr,3
Lane,Precinct 1564,Governor,,R,Paul J. Romero Jr,4
Lane,Precinct 1670,Governor,,R,Paul J. Romero Jr,11
Lane,Precinct 1672,Governor,,R,Paul J. Romero Jr,8
Lane,Precinct 1780,Governor,,R,Paul J. Romero Jr,3
Lane,Precinct 1782,Governor,,R,Paul J. Romero Jr,0
Lane,Precinct 1784,Governor,,R,Paul J. Romero Jr,7
Lane,Precinct 1786,Governor,,R,Paul J. Romero Jr,0
Lane,Precinct 1890,Governor,,R,Paul J. Romero Jr,1
Lane,Precinct 1892,Governor,,R,Paul J. Romero Jr,2
Lane,Precinct 1894,Governor,,R,Paul J. Romero Jr,1
Lane,Precinct 2122,Governor,,R,Paul J. Romero Jr,2
Lane,Precinct 2238,Governor,,R,Paul J. Romero Jr,4
Lane,Precinct 2340,Governor,,R,Paul J. Romero Jr,9
Lane,Precinct 2456,Governor,,R,Paul J. Romero Jr,6
Lane,Precinct 2562,Governor,,R,Paul J. Romero Jr,2
Lane,Precinct 2676,Governor,,R,Paul J. Romero Jr,1
Lane,Precinct 4200,Governor,,R,Paul J. Romero Jr,1
Lane,Precinct 4300,Governor,,R,Paul J. Romero Jr,7
Lane,Precinct 4400,Governor,,R,Paul J. Romero Jr,5
Lane,Precinct 4500,Governor,,R,Paul J. Romero Jr,3
Lane,Precinct 4600,Governor,,R,Paul J. Romero Jr,7
Lane,Precinct 4700,Governor,,R,Paul J. Romero Jr,5
Lane,Precinct 4800,Governor,,R,Paul J. Romero Jr,1
Lane,Precinct 4900,Governor,,R,Paul J. Romero Jr,0
Lane,Precinct 701,Governor,,R,Paul J. Romero Jr,2
Lane,Precinct 703,Governor,,R,Paul J. Romero Jr,0
Lane,Precinct 705,Governor,,R,Paul J. Romero Jr,1
Lane,Precinct 707,Governor,,R,Paul J. Romero Jr,0
Lane,Precinct 709,Governor,,R,Paul J. Romero Jr,2
Lane,Precinct 711,Governor,,R,Paul J. Romero Jr,2
Lane,Precinct 713,Governor,,R,Paul J. Romero Jr,2
Lane,Precinct 715,Governor,,R,Paul J. Romero Jr,4
Lane,Precinct 717,Governor,,R,Paul J. Romero Jr,4
Lane,Precinct 719,Governor,,R,Paul J. Romero Jr,0
Lane,Precinct 721,Governor,,R,Paul J. Romero Jr,1
Lane,Precinct 723,Governor,,R,Paul J. Romero Jr,2
Lane,Precinct 725,Governor,,R,Paul J. Romero Jr,1
Lane,Precinct 727,Governor,,R,Paul J. Romero Jr,0
Lane,Precinct 729,Governor,,R,Paul J. Romero Jr,0
Lane,Precinct 731,Governor,,R,Paul J. Romero Jr,4
Lane,Precinct 733,Governor,,R,Paul J. Romero Jr,1
Lane,Precinct 737,Governor,,R,Paul J. Romero Jr,7
Lane,Precinct 739,Governor,,R,Paul J. Romero Jr,0
Lane,Precinct 741,Governor,,R,Paul J. Romero Jr,0
Lane,Precinct 743,Governor,,R,Paul J. Romero Jr,0
Lane,Precinct 747,Governor,,R,Paul J. Romero Jr,4
Lane,Precinct 751,Governor,,R,Paul J. Romero Jr,2
Lane,Precinct 753,Governor,,R,Paul J. Romero Jr,2
Lane,Precinct 755,Governor,,R,Paul J. Romero Jr,3
Lane,Precinct 757,Governor,,R,Paul J. Romero Jr,0
Lane,Precinct 759,Governor,,R,Paul J. Romero Jr,0
Lane,Precinct 765,Governor,,R,Paul J. Romero Jr,1
Lane,Precinct 1120,Governor,,R,Robert Neuman,1
Lane,Precinct 1122,Governor,,R,Robert Neuman,1
Lane,Precinct 1124,Governor,,R,Robert Neuman,0
Lane,Precinct 1126,Governor,,R,Robert Neuman,0
Lane,Precinct 1230,Governor,,R,Robert Neuman,1
Lane,Precinct 1232,Governor,,R,Robert Neuman,0
Lane,Precinct 1234,Governor,,R,Robert Neuman,0
Lane,Precinct 1340,Governor,,R,Robert Neuman,0
Lane,Precinct 1342,Governor,,R,Robert Neuman,0
Lane,Precinct 1450,Governor,,R,Robert Neuman,1
Lane,Precinct 1452,Governor,,R,Robert Neuman,0
Lane,Precinct 1454,Governor,,R,Robert Neuman,0
Lane,Precinct 1560,Governor,,R,Robert Neuman,2
Lane,Precinct 1562,Governor,,R,Robert Neuman,1
Lane,Precinct 1564,Governor,,R,Robert Neuman,0
Lane,Precinct 1670,Governor,,R,Robert Neuman,2
Lane,Precinct 1672,Governor,,R,Robert Neuman,2
Lane,Precinct 1780,Governor,,R,Robert Neuman,1
Lane,Precinct 1782,Governor,,R,Robert Neuman,0
Lane,Precinct 1784,Governor,,R,Robert Neuman,3
Lane,Precinct 1786,Governor,,R,Robert Neuman,0
Lane,Precinct 1890,Governor,,R,Robert Neuman,2
Lane,Precinct 1892,Governor,,R,Robert Neuman,0
Lane,Precinct 1894,Governor,,R,Robert Neuman,0
Lane,Precinct 2122,Governor,,R,Robert Neuman,1
Lane,Precinct 2238,Governor,,R,Robert Neuman,0
Lane,Precinct 2340,Governor,,R,Robert Neuman,2
Lane,Precinct 2456,Governor,,R,Robert Neuman,2
Lane,Precinct 2562,Governor,,R,Robert Neuman,0
Lane,Precinct 2676,Governor,,R,Robert Neuman,3
Lane,Precinct 4200,Governor,,R,Robert Neuman,0
Lane,Precinct 4300,Governor,,R,Robert Neuman,2
Lane,Precinct 4400,Governor,,R,Robert Neuman,1
Lane,Precinct 4500,Governor,,R,Robert Neuman,1
Lane,Precinct 4600,Governor,,R,Robert Neuman,1
Lane,Precinct 4700,Governor,,R,Robert Neuman,1
Lane,Precinct 4800,Governor,,R,Robert Neuman,2
Lane,Precinct 4900,Governor,,R,Robert Neuman,1
Lane,Precinct 701,Governor,,R,Robert Neuman,0
Lane,Precinct 703,Governor,,R,Robert Neuman,0
Lane,Precinct 705,Governor,,R,Robert Neuman,1
Lane,Precinct 707,Governor,,R,Robert Neuman,1
Lane,Precinct 709,Governor,,R,Robert Neuman,0
Lane,Precinct 711,Governor,,R,Robert Neuman,0
Lane,Precinct 713,Governor,,R,Robert Neuman,0
Lane,Precinct 715,Governor,,R,Robert Neuman,0
Lane,Precinct 717,Governor,,R,Robert Neuman,2
Lane,Precinct 719,Governor,,R,Robert Neuman,0
Lane,Precinct 721,Governor,,R,Robert Neuman,0
Lane,Precinct 723,Governor,,R,Robert Neuman,0
Lane,Precinct 725,Governor,,R,Robert Neuman,1
Lane,Precinct 727,Governor,,R,Robert Neuman,1
Lane,Precinct 729,Governor,,R,Robert Neuman,0
Lane,Precinct 731,Governor,,R,Robert Neuman,1
Lane,Precinct 733,Governor,,R,Robert Neuman,1
Lane,Precinct 737,Governor,,R,Robert Neuman,3
Lane,Precinct 739,Governor,,R,Robert Neuman,2
Lane,Precinct 741,Governor,,R,Robert Neuman,0
Lane,Precinct 743,Governor,,R,Robert Neuman,0
Lane,Precinct 747,Governor,,R,Robert Neuman,0
Lane,Precinct 751,Governor,,R,Robert Neuman,0
Lane,Precinct 753,Governor,,R,Robert Neuman,0
Lane,Precinct 755,Governor,,R,Robert Neuman,2
Lane,Precinct 757,Governor,,R,Robert Neuman,1
Lane,Precinct 759,Governor,,R,Robert Neuman,0
Lane,Precinct 765,Governor,,R,Robert Neuman,0
Lane,Precinct 1120,Governor,,R,Tim O. Youker,0
Lane,Precinct 1122,Governor,,R,Tim O. Youker,0
Lane,Precinct 1124,Governor,,R,Tim O. Youker,0
Lane,Precinct 1126,Governor,,R,Tim O. Youker,1
Lane,Precinct 1230,Governor,,R,Tim O. Youker,1
Lane,Precinct 1232,Governor,,R,Tim O. Youker,0
Lane,Precinct 1234,Governor,,R,Tim O. Youker,4
Lane,Precinct 1340,Governor,,R,Tim O. Youker,0
Lane,Precinct 1342,Governor,,R,Tim O. Youker,0
Lane,Precinct 1450,Governor,,R,Tim O. Youker,1
Lane,Precinct 1452,Governor,,R,Tim O. Youker,0
Lane,Precinct 1454,Governor,,R,Tim O. Youker,0
Lane,Precinct 1560,Governor,,R,Tim O. Youker,0
Lane,Precinct 1562,Governor,,R,Tim O. Youker,0
Lane,Precinct 1564,Governor,,R,Tim O. Youker,1
Lane,Precinct 1670,Governor,,R,Tim O. Youker,2
Lane,Precinct 1672,Governor,,R,Tim O. Youker,1
Lane,Precinct 1780,Governor,,R,Tim O. Youker,0
Lane,Precinct 1782,Governor,,R,Tim O. Youker,1
Lane,Precinct 1784,Governor,,R,Tim O. Youker,0
Lane,Precinct 1786,Governor,,R,Tim O. Youker,0
Lane,Precinct 1890,Governor,,R,Tim O. Youker,0
Lane,Precinct 1892,Governor,,R,Tim O. Youker,0
Lane,Precinct 1894,Governor,,R,Tim O. Youker,1
Lane,Precinct 2122,Governor,,R,Tim O. Youker,0
Lane,Precinct 2238,Governor,,R,Tim O. Youker,0
Lane,Precinct 2340,Governor,,R,Tim O. Youker,1
Lane,Precinct 2456,Governor,,R,Tim O. Youker,1
Lane,Precinct 2562,Governor,,R,Tim O. Youker,1
Lane,Precinct 2676,Governor,,R,Tim O. Youker,1
Lane,Precinct 4200,Governor,,R,Tim O. Youker,1
Lane,Precinct 4300,Governor,,R,Tim O. Youker,1
Lane,Precinct 4400,Governor,,R,Tim O. Youker,0
Lane,Precinct 4500,Governor,,R,Tim O. Youker,0
Lane,Precinct 4600,Governor,,R,Tim O. Youker,0
Lane,Precinct 4700,Governor,,R,Tim O. Youker,0
Lane,Precinct 4800,Governor,,R,Tim O. Youker,0
Lane,Precinct 4900,Governor,,R,Tim O. Youker,0
Lane,Precinct 701,Governor,,R,Tim O. Youker,1
Lane,Precinct 703,Governor,,R,Tim O. Youker,0
Lane,Precinct 705,Governor,,R,Tim O. Youker,1
Lane,Precinct 707,Governor,,R,Tim O. Youker,0
Lane,Precinct 709,Governor,,R,Tim O. Youker,0
Lane,Precinct 711,Governor,,R,Tim O. Youker,0
Lane,Precinct 713,Governor,,R,Tim O. Youker,0
Lane,Precinct 715,Governor,,R,Tim O. Youker,0
Lane,Precinct 717,Governor,,R,Tim O. Youker,0
Lane,Precinct 719,Governor,,R,Tim O. Youker,0
Lane,Precinct 721,Governor,,R,Tim O. Youker,0
Lane,Precinct 723,Governor,,R,Tim O. Youker,0
Lane,Precinct 725,Governor,,R,Tim O. Youker,0
Lane,Precinct 727,Governor,,R,Tim O. Youker,0
Lane,Precinct 729,Governor,,R,Tim O. Youker,0
Lane,Precinct 731,Governor,,R,Tim O. Youker,2
Lane,Precinct 733,Governor,,R,Tim O. Youker,3
Lane,Precinct 737,Governor,,R,Tim O. Youker,0
Lane,Precinct 739,Governor,,R,Tim O. Youker,0
Lane,Precinct 741,Governor,,R,Tim O. Youker,0
Lane,Precinct 743,Governor,,R,Tim O. Youker,0
Lane,Precinct 747,Governor,,R,Tim O. Youker,1
Lane,Precinct 751,Governor,,R,Tim O. Youker,1
Lane,Precinct 753,Governor,,R,Tim O. Youker,0
Lane,Precinct 755,Governor,,R,Tim O. Youker,0
Lane,Precinct 757,Governor,,R,Tim O. Youker,2
Lane,Precinct 759,Governor,,R,Tim O. Youker,0
Lane,Precinct 765,Governor,,R,Tim O. Youker,0
Lane,Precinct 1120,Governor,,R,Under Votes,0
Lane,Precinct 1122,Governor,,R,Under Votes,9
Lane,Precinct 1124,Governor,,R,Under Votes,4
Lane,Precinct 1126,Governor,,R,Under Votes,5
Lane,Precinct 1230,Governor,,R,Under Votes,12
Lane,Precinct 1232,Governor,,R,Under Votes,22
Lane,Precinct 1234,Governor,,R,Under Votes,12
Lane,Precinct 1340,Governor,,R,Under Votes,6
Lane,Precinct 1342,Governor,,R,Under Votes,3
Lane,Precinct 1450,Governor,,R,Under Votes,32
Lane,Precinct 1452,Governor,,R,Under Votes,38
Lane,Precinct 1454,Governor,,R,Under Votes,7
Lane,Precinct 1560,Governor,,R,Under Votes,8
Lane,Precinct 1562,Governor,,R,Under Votes,27
Lane,Precinct 1564,Governor,,R,Under Votes,29
Lane,Precinct 1670,Governor,,R,Under Votes,38
Lane,Precinct 1672,Governor,,R,Under Votes,24
Lane,Precinct 1780,Governor,,R,Under Votes,5
Lane,Precinct 1782,Governor,,R,Under Votes,3
Lane,Precinct 1784,Governor,,R,Under Votes,23
Lane,Precinct 1786,Governor,,R,Under Votes,12
Lane,Precinct 1890,Governor,,R,Under Votes,18
Lane,Precinct 1892,Governor,,R,Under Votes,12
Lane,Precinct 1894,Governor,,R,Under Votes,17
Lane,Precinct 2122,Governor,,R,Under Votes,22
Lane,Precinct 2238,Governor,,R,Under Votes,19
Lane,Precinct 2340,Governor,,R,Under Votes,19
Lane,Precinct 2456,Governor,,R,Under Votes,29
Lane,Precinct 2562,Governor,,R,Under Votes,27
Lane,Precinct 2676,Governor,,R,Under Votes,49
Lane,Precinct 4200,Governor,,R,Under Votes,3
Lane,Precinct 4300,Governor,,R,Under Votes,23
Lane,Precinct 4400,Governor,,R,Under Votes,17
Lane,Precinct 4500,Governor,,R,Under Votes,9
Lane,Precinct 4600,Governor,,R,Under Votes,67
Lane,Precinct 4700,Governor,,R,Under Votes,25
Lane,Precinct 4800,Governor,,R,Under Votes,10
Lane,Precinct 4900,Governor,,R,Under Votes,24
Lane,Precinct 701,Governor,,R,Under Votes,12
Lane,Precinct 703,Governor,,R,Under Votes,3
Lane,Precinct 705,Governor,,R,Under Votes,22
Lane,Precinct 707,Governor,,R,Under Votes,2
Lane,Precinct 709,Governor,,R,Under Votes,18
Lane,Precinct 711,Governor,,R,Under Votes,30
Lane,Precinct 713,Governor,,R,Under Votes,9
Lane,Precinct 715,Governor,,R,Under Votes,17
Lane,Precinct 717,Governor,,R,Under Votes,19
Lane,Precinct 719,Governor,,R,Under Votes,3
Lane,Precinct 721,Governor,,R,Under Votes,2
Lane,Precinct 723,Governor,,R,Under Votes,16
Lane,Precinct 725,Governor,,R,Under Votes,7
Lane,Precinct 727,Governor,,R,Under Votes,12
Lane,Precinct 729,Governor,,R,Under Votes,2
Lane,Precinct 731,Governor,,R,Under Votes,26
Lane,Precinct 733,Governor,,R,Under Votes,26
Lane,Precinct 737,Governor,,R,Under Votes,31
Lane,Precinct 739,Governor,,R,Under Votes,16
Lane,Precinct 741,Governor,,R,Under Votes,3
Lane,Precinct 743,Governor,,R,Under Votes,7
Lane,Precinct 747,Governor,,R,Under Votes,44
Lane,Precinct 751,Governor,,R,Under Votes,32
Lane,Precinct 753,Governor,,R,Under Votes,10
Lane,Precinct 755,Governor,,R,Under Votes,30
Lane,Precinct 757,Governor,,R,Under Votes,21
Lane,Precinct 759,Governor,,R,Under Votes,20
Lane,Precinct 765,Governor,,R,Under Votes,15
Lane,Precinct 1120,Governor,,R,Wen Waddell,0
Lane,Precinct 1122,Governor,,R,Wen Waddell,0
Lane,Precinct 1124,Governor,,R,Wen Waddell,1
Lane,Precinct 1126,Governor,,R,Wen Waddell,0
Lane,Precinct 1230,Governor,,R,Wen Waddell,0
Lane,Precinct 1232,Governor,,R,Wen Waddell,0
Lane,Precinct 1234,Governor,,R,Wen Waddell,0
Lane,Precinct 1340,Governor,,R,Wen Waddell,0
Lane,Precinct 1342,Governor,,R,Wen Waddell,0
Lane,Precinct 1450,Governor,,R,Wen Waddell,0
Lane,Precinct 1452,Governor,,R,Wen Waddell,0
Lane,Precinct 1454,Governor,,R,Wen Waddell,0
Lane,Precinct 1560,Governor,,R,Wen Waddell,1
Lane,Precinct 1562,Governor,,R,Wen Waddell,2
Lane,Precinct 1564,Governor,,R,Wen Waddell,2
Lane,Precinct 1670,Governor,,R,Wen Waddell,2
Lane,Precinct 1672,Governor,,R,Wen Waddell,1
Lane,Precinct 1780,Governor,,R,Wen Waddell,1
Lane,Precinct 1782,Governor,,R,Wen Waddell,0
Lane,Precinct 1784,Governor,,R,Wen Waddell,2
Lane,Precinct 1786,Governor,,R,Wen Waddell,1
Lane,Precinct 1890,Governor,,R,Wen Waddell,1
Lane,Precinct 1892,Governor,,R,Wen Waddell,1
Lane,Precinct 1894,Governor,,R,Wen Waddell,3
Lane,Precinct 2122,Governor,,R,Wen Waddell,3
Lane,Precinct 2238,Governor,,R,Wen Waddell,2
Lane,Precinct 2340,Governor,,R,Wen Waddell,0
Lane,Precinct 2456,Governor,,R,Wen Waddell,1
Lane,Precinct 2562,Governor,,R,Wen Waddell,1
Lane,Precinct 2676,Governor,,R,Wen Waddell,1
Lane,Precinct 4200,Governor,,R,Wen Waddell,1
Lane,Precinct 4300,Governor,,R,Wen Waddell,1
Lane,Precinct 4400,Governor,,R,Wen Waddell,2
Lane,Precinct 4500,Governor,,R,Wen Waddell,0
Lane,Precinct 4600,Governor,,R,Wen Waddell,1
Lane,Precinct 4700,Governor,,R,Wen Waddell,0
Lane,Precinct 4800,Governor,,R,Wen Waddell,1
Lane,Precinct 4900,Governor,,R,Wen Waddell,0
Lane,Precinct 701,Governor,,R,Wen Waddell,0
Lane,Precinct 703,Governor,,R,Wen Waddell,0
Lane,Precinct 705,Governor,,R,Wen Waddell,0
Lane,Precinct 707,Governor,,R,Wen Waddell,1
Lane,Precinct 709,Governor,,R,Wen Waddell,0
Lane,Precinct 711,Governor,,R,Wen Waddell,0
Lane,Precinct 713,Governor,,R,Wen Waddell,0
Lane,Precinct 715,Governor,,R,Wen Waddell,0
Lane,Precinct 717,Governor,,R,Wen Waddell,0
Lane,Precinct 719,Governor,,R,Wen Waddell,0
Lane,Precinct 721,Governor,,R,Wen Waddell,0
Lane,Precinct 723,Governor,,R,Wen Waddell,0
Lane,Precinct 725,Governor,,R,Wen Waddell,0
Lane,Precinct 727,Governor,,R,Wen Waddell,0
Lane,Precinct 729,Governor,,R,Wen Waddell,0
Lane,Precinct 731,Governor,,R,Wen Waddell,1
Lane,Precinct 733,Governor,,R,Wen Waddell,0
Lane,Precinct 737,Governor,,R,Wen Waddell,1
Lane,Precinct 739,Governor,,R,Wen Waddell,0
Lane,Precinct 741,Governor,,R,Wen Waddell,0
Lane,Precinct 743,Governor,,R,Wen Waddell,0
Lane,Precinct 747,Governor,,R,Wen Waddell,0
Lane,Precinct 751,Governor,,R,Wen Waddell,0
Lane,Precinct 753,Governor,,R,Wen Waddell,0
Lane,Precinct 755,Governor,,R,Wen Waddell,2
Lane,Precinct 757,Governor,,R,Wen Waddell,0
Lane,Precinct 759,Governor,,R,Wen Waddell,0
Lane,Precinct 765,Governor,,R,Wen Waddell,3
Lane,Precinct 1120,Governor,,R,Write-ins,2
Lane,Precinct 1122,Governor,,R,Write-ins,3
Lane,Precinct 1124,Governor,,R,Write-ins,2
Lane,Precinct 1126,Governor,,R,Write-ins,3
Lane,Precinct 1230,Governor,,R,Write-ins,1
Lane,Precinct 1232,Governor,,R,Write-ins,2
Lane,Precinct 1234,Governor,,R,Write-ins,4
Lane,Precinct 1340,Governor,,R,Write-ins,1
Lane,Precinct 1342,Governor,,R,Write-ins,0
Lane,Precinct 1450,Governor,,R,Write-ins,9
Lane,Precinct 1452,Governor,,R,Write-ins,2
Lane,Precinct 1454,Governor,,R,Write-ins,4
Lane,Precinct 1560,Governor,,R,Write-ins,1
Lane,Precinct 1562,Governor,,R,Write-ins,6
Lane,Precinct 1564,Governor,,R,Write-ins,8
Lane,Precinct 1670,Governor,,R,Write-ins,10
Lane,Precinct 1672,Governor,,R,Write-ins,3
Lane,Precinct 1780,Governor,,R,Write-ins,1
Lane,Precinct 1782,Governor,,R,Write-ins,0
Lane,Precinct 1784,Governor,,R,Write-ins,2
Lane,Precinct 1786,Governor,,R,Write-ins,2
Lane,Precinct 1890,Governor,,R,Write-ins,4
Lane,Precinct 1892,Governor,,R,Write-ins,6
Lane,Precinct 1894,Governor,,R,Write-ins,1
Lane,Precinct 2122,Governor,,R,Write-ins,0
Lane,Precinct 2238,Governor,,R,Write-ins,4
Lane,Precinct 2340,Governor,,R,Write-ins,6
Lane,Precinct 2456,Governor,,R,Write-ins,4
Lane,Precinct 2562,Governor,,R,Write-ins,2
Lane,Precinct 2676,Governor,,R,Write-ins,8
Lane,Precinct 4200,Governor,,R,Write-ins,1
Lane,Precinct 4300,Governor,,R,Write-ins,5
Lane,Precinct 4400,Governor,,R,Write-ins,2
Lane,Precinct 4500,Governor,,R,Write-ins,0
Lane,Precinct 4600,Governor,,R,Write-ins,14
Lane,Precinct 4700,Governor,,R,Write-ins,0
Lane,Precinct 4800,Governor,,R,Write-ins,2
Lane,Precinct 4900,Governor,,R,Write-ins,2
Lane,Precinct 701,Governor,,R,Write-ins,1
Lane,Precinct 703,Governor,,R,Write-ins,0
Lane,Precinct 705,Governor,,R,Write-ins,0
Lane,Precinct 707,Governor,,R,Write-ins,2
Lane,Precinct 709,Governor,,R,Write-ins,0
Lane,Precinct 711,Governor,,R,Write-ins,4
Lane,Precinct 713,Governor,,R,Write-ins,0
Lane,Precinct 715,Governor,,R,Write-ins,1
Lane,Precinct 717,Governor,,R,Write-ins,2
Lane,Precinct 719,Governor,,R,Write-ins,0
Lane,Precinct 721,Governor,,R,Write-ins,1
Lane,Precinct 723,Governor,,R,Write-ins,1
Lane,Precinct 725,Governor,,R,Write-ins,3
Lane,Precinct 727,Governor,,R,Write-ins,0
Lane,Precinct 729,Governor,,R,Write-ins,0
Lane,Precinct 731,Governor,,R,Write-ins,5
Lane,Precinct 733,Governor,,R,Write-ins,6
Lane,Precinct 737,Governor,,R,Write-ins,3
Lane,Precinct 739,Governor,,R,Write-ins,1
Lane,Precinct 741,Governor,,R,Write-ins,0
Lane,Precinct 743,Governor,,R,Write-ins,0
Lane,Precinct 747,Governor,,R,Write-ins,3
Lane,Precinct 751,Governor,,R,Write-ins,4
Lane,Precinct 753,Governor,,R,Write-ins,3
Lane,Precinct 755,Governor,,R,Write-ins,0
Lane,Precinct 757,Governor,,R,Write-ins,2
Lane,Precinct 759,Governor,,R,Write-ins,0
Lane,Precinct 765,Governor,,R,Write-ins,2
Lane,Precinct 1120,Judge of the Circuit Court,"2nd District, Position 10",,Kamala H. Shugar,492
Lane,Precinct 1122,Judge of the Circuit Court,"2nd District, Position 10",,Kamala H. Shugar,1022
Lane,Precinct 1124,Judge of the Circuit Court,"2nd District, Position 10",,Kamala H. Shugar,382
Lane,Precinct 1126,Judge of the Circuit Court,"2nd District, Position 10",,Kamala H. Shugar,1495
Lane,Precinct 1230,Judge of the Circuit Court,"2nd District, Position 10",,Kamala H. Shugar,1717
Lane,Precinct 1232,Judge of the Circuit Court,"2nd District, Position 10",,Kamala H. Shugar,1841
Lane,Precinct 1234,Judge of the Circuit Court,"2nd District, Position 10",,Kamala H. Shugar,1072
Lane,Precinct 1340,Judge of the Circuit Court,"2nd District, Position 10",,Kamala H. Shugar,1296
Lane,Precinct 1342,Judge of the Circuit Court,"2nd District, Position 10",,Kamala H. Shugar,379
Lane,Precinct 1450,Judge of the Circuit Court,"2nd District, Position 10",,Kamala H. Shugar,1694
Lane,Precinct 1452,Judge of the Circuit Court,"2nd District, Position 10",,Kamala H. Shugar,1226
Lane,Precinct 1454,Judge of the Circuit Court,"2nd District, Position 10",,Kamala H. Shugar,438
Lane,Precinct 1560,Judge of the Circuit Court,"2nd District, Position 10",,Kamala H. Shugar,539
Lane,Precinct 1562,Judge of the Circuit Court,"2nd District, Position 10",,Kamala H. Shugar,1702
Lane,Precinct 1564,Judge of the Circuit Court,"2nd District, Position 10",,Kamala H. Shugar,2035
Lane,Precinct 1670,Judge of the Circuit Court,"2nd District, Position 10",,Kamala H. Shugar,1738
Lane,Precinct 1672,Judge of the Circuit Court,"2nd District, Position 10",,Kamala H. Shugar,1233
Lane,Precinct 1780,Judge of the Circuit Court,"2nd District, Position 10",,Kamala H. Shugar,364
Lane,Precinct 1782,Judge of the Circuit Court,"2nd District, Position 10",,Kamala H. Shugar,508
Lane,Precinct 1784,Judge of the Circuit Court,"2nd District, Position 10",,Kamala H. Shugar,1042
Lane,Precinct 1786,Judge of the Circuit Court,"2nd District, Position 10",,Kamala H. Shugar,706
Lane,Precinct 1890,Judge of the Circuit Court,"2nd District, Position 10",,Kamala H. Shugar,682
Lane,Precinct 1892,Judge of the Circuit Court,"2nd District, Position 10",,Kamala H. Shugar,1398
Lane,Precinct 1894,Judge of the Circuit Court,"2nd District, Position 10",,Kamala H. Shugar,1210
Lane,Precinct 2122,Judge of the Circuit Court,"2nd District, Position 10",,Kamala H. Shugar,1172
Lane,Precinct 2238,Judge of the Circuit Court,"2nd District, Position 10",,Kamala H. Shugar,1344
Lane,Precinct 2340,Judge of the Circuit Court,"2nd District, Position 10",,Kamala H. Shugar,1399
Lane,Precinct 2456,Judge of the Circuit Court,"2nd District, Position 10",,Kamala H. Shugar,1191
Lane,Precinct 2562,Judge of the Circuit Court,"2nd District, Position 10",,Kamala H. Shugar,1537
Lane,Precinct 2676,Judge of the Circuit Court,"2nd District, Position 10",,Kamala H. Shugar,1574
Lane,Precinct 4200,Judge of the Circuit Court,"2nd District, Position 10",,Kamala H. Shugar,281
Lane,Precinct 4300,Judge of the Circuit Court,"2nd District, Position 10",,Kamala H. Shugar,1406
Lane,Precinct 4400,Judge of the Circuit Court,"2nd District, Position 10",,Kamala H. Shugar,862
Lane,Precinct 4500,Judge of the Circuit Court,"2nd District, Position 10",,Kamala H. Shugar,392
Lane,Precinct 4600,Judge of the Circuit Court,"2nd District, Position 10",,Kamala H. Shugar,2273
Lane,Precinct 4700,Judge of the Circuit Court,"2nd District, Position 10",,Kamala H. Shugar,1091
Lane,Precinct 4800,Judge of the Circuit Court,"2nd District, Position 10",,Kamala H. Shugar,443
Lane,Precinct 4900,Judge of the Circuit Court,"2nd District, Position 10",,Kamala H. Shugar,775
Lane,Precinct 701,Judge of the Circuit Court,"2nd District, Position 10",,Kamala H. Shugar,559
Lane,Precinct 703,Judge of the Circuit Court,"2nd District, Position 10",,Kamala H. Shugar,86
Lane,Precinct 705,Judge of the Circuit Court,"2nd District, Position 10",,Kamala H. Shugar,767
Lane,Precinct 707,Judge of the Circuit Court,"2nd District, Position 10",,Kamala H. Shugar,201
Lane,Precinct 709,Judge of the Circuit Court,"2nd District, Position 10",,Kamala H. Shugar,423
Lane,Precinct 711,Judge of the Circuit Court,"2nd District, Position 10",,Kamala H. Shugar,943
Lane,Precinct 713,Judge of the Circuit Court,"2nd District, Position 10",,Kamala H. Shugar,309
Lane,Precinct 715,Judge of the Circuit Court,"2nd District, Position 10",,Kamala H. Shugar,469
Lane,Precinct 717,Judge of the Circuit Court,"2nd District, Position 10",,Kamala H. Shugar,763
Lane,Precinct 719,Judge of the Circuit Court,"2nd District, Position 10",,Kamala H. Shugar,113
Lane,Precinct 721,Judge of the Circuit Court,"2nd District, Position 10",,Kamala H. Shugar,201
Lane,Precinct 723,Judge of the Circuit Court,"2nd District, Position 10",,Kamala H. Shugar,761
Lane,Precinct 725,Judge of the Circuit Court,"2nd District, Position 10",,Kamala H. Shugar,406
Lane,Precinct 727,Judge of the Circuit Court,"2nd District, Position 10",,Kamala H. Shugar,409
Lane,Precinct 729,Judge of the Circuit Court,"2nd District, Position 10",,Kamala H. Shugar,125
Lane,Precinct 731,Judge of the Circuit Court,"2nd District, Position 10",,Kamala H. Shugar,1321
Lane,Precinct 733,Judge of the Circuit Court,"2nd District, Position 10",,Kamala H. Shugar,1647
Lane,Precinct 737,Judge of the Circuit Court,"2nd District, Position 10",,Kamala H. Shugar,1022
Lane,Precinct 739,Judge of the Circuit Court,"2nd District, Position 10",,Kamala H. Shugar,457
Lane,Precinct 741,Judge of the Circuit Court,"2nd District, Position 10",,Kamala H. Shugar,254
Lane,Precinct 743,Judge of the Circuit Court,"2nd District, Position 10",,Kamala H. Shugar,190
Lane,Precinct 747,Judge of the Circuit Court,"2nd District, Position 10",,Kamala H. Shugar,1339
Lane,Precinct 751,Judge of the Circuit Court,"2nd District, Position 10",,Kamala H. Shugar,1174
Lane,Precinct 753,Judge of the Circuit Court,"2nd District, Position 10",,Kamala H. Shugar,340
Lane,Precinct 755,Judge of the Circuit Court,"2nd District, Position 10",,Kamala H. Shugar,806
Lane,Precinct 757,Judge of the Circuit Court,"2nd District, Position 10",,Kamala H. Shugar,667
Lane,Precinct 759,Judge of the Circuit Court,"2nd District, Position 10",,Kamala H. Shugar,785
Lane,Precinct 765,Judge of the Circuit Court,"2nd District, Position 10",,Kamala H. Shugar,674
Lane,Precinct 1120,Judge of the Circuit Court,"2nd District, Position 10",,Over Votes,0
Lane,Precinct 1122,Judge of the Circuit Court,"2nd District, Position 10",,Over Votes,0
Lane,Precinct 1124,Judge of the Circuit Court,"2nd District, Position 10",,Over Votes,0
Lane,Precinct 1126,Judge of the Circuit Court,"2nd District, Position 10",,Over Votes,0
Lane,Precinct 1230,Judge of the Circuit Court,"2nd District, Position 10",,Over Votes,0
Lane,Precinct 1232,Judge of the Circuit Court,"2nd District, Position 10",,Over Votes,0
Lane,Precinct 1234,Judge of the Circuit Court,"2nd District, Position 10",,Over Votes,0
Lane,Precinct 1340,Judge of the Circuit Court,"2nd District, Position 10",,Over Votes,0
Lane,Precinct 1342,Judge of the Circuit Court,"2nd District, Position 10",,Over Votes,0
Lane,Precinct 1450,Judge of the Circuit Court,"2nd District, Position 10",,Over Votes,0
Lane,Precinct 1452,Judge of the Circuit Court,"2nd District, Position 10",,Over Votes,0
Lane,Precinct 1454,Judge of the Circuit Court,"2nd District, Position 10",,Over Votes,0
Lane,Precinct 1560,Judge of the Circuit Court,"2nd District, Position 10",,Over Votes,0
Lane,Precinct 1562,Judge of the Circuit Court,"2nd District, Position 10",,Over Votes,0
Lane,Precinct 1564,Judge of the Circuit Court,"2nd District, Position 10",,Over Votes,0
Lane,Precinct 1670,Judge of the Circuit Court,"2nd District, Position 10",,Over Votes,0
Lane,Precinct 1672,Judge of the Circuit Court,"2nd District, Position 10",,Over Votes,0
Lane,Precinct 1780,Judge of the Circuit Court,"2nd District, Position 10",,Over Votes,0
Lane,Precinct 1782,Judge of the Circuit Court,"2nd District, Position 10",,Over Votes,0
Lane,Precinct 1784,Judge of the Circuit Court,"2nd District, Position 10",,Over Votes,0
Lane,Precinct 1786,Judge of the Circuit Court,"2nd District, Position 10",,Over Votes,0
Lane,Precinct 1890,Judge of the Circuit Court,"2nd District, Position 10",,Over Votes,0
Lane,Precinct 1892,Judge of the Circuit Court,"2nd District, Position 10",,Over Votes,0
Lane,Precinct 1894,Judge of the Circuit Court,"2nd District, Position 10",,Over Votes,0
Lane,Precinct 2122,Judge of the Circuit Court,"2nd District, Position 10",,Over Votes,0
Lane,Precinct 2238,Judge of the Circuit Court,"2nd District, Position 10",,Over Votes,0
Lane,Precinct 2340,Judge of the Circuit Court,"2nd District, Position 10",,Over Votes,0
Lane,Precinct 2456,Judge of the Circuit Court,"2nd District, Position 10",,Over Votes,0
Lane,Precinct 2562,Judge of the Circuit Court,"2nd District, Position 10",,Over Votes,0
Lane,Precinct 2676,Judge of the Circuit Court,"2nd District, Position 10",,Over Votes,0
Lane,Precinct 4200,Judge of the Circuit Court,"2nd District, Position 10",,Over Votes,0
Lane,Precinct 4300,Judge of the Circuit Court,"2nd District, Position 10",,Over Votes,0
Lane,Precinct 4400,Judge of the Circuit Court,"2nd District, Position 10",,Over Votes,0
Lane,Precinct 4500,Judge of the Circuit Court,"2nd District, Position 10",,Over Votes,0
Lane,Precinct 4600,Judge of the Circuit Court,"2nd District, Position 10",,Over Votes,0
Lane,Precinct 4700,Judge of the Circuit Court,"2nd District, Position 10",,Over Votes,0
Lane,Precinct 4800,Judge of the Circuit Court,"2nd District, Position 10",,Over Votes,0
Lane,Precinct 4900,Judge of the Circuit Court,"2nd District, Position 10",,Over Votes,0
Lane,Precinct 701,Judge of the Circuit Court,"2nd District, Position 10",,Over Votes,0
Lane,Precinct 703,Judge of the Circuit Court,"2nd District, Position 10",,Over Votes,0
Lane,Precinct 705,Judge of the Circuit Court,"2nd District, Position 10",,Over Votes,0
Lane,Precinct 707,Judge of the Circuit Court,"2nd District, Position 10",,Over Votes,0
Lane,Precinct 709,Judge of the Circuit Court,"2nd District, Position 10",,Over Votes,0
Lane,Precinct 711,Judge of the Circuit Court,"2nd District, Position 10",,Over Votes,0
Lane,Precinct 713,Judge of the Circuit Court,"2nd District, Position 10",,Over Votes,0
Lane,Precinct 715,Judge of the Circuit Court,"2nd District, Position 10",,Over Votes,0
Lane,Precinct 717,Judge of the Circuit Court,"2nd District, Position 10",,Over Votes,0
Lane,Precinct 719,Judge of the Circuit Court,"2nd District, Position 10",,Over Votes,0
Lane,Precinct 721,Judge of the Circuit Court,"2nd District, Position 10",,Over Votes,0
Lane,Precinct 723,Judge of the Circuit Court,"2nd District, Position 10",,Over Votes,0
Lane,Precinct 725,Judge of the Circuit Court,"2nd District, Position 10",,Over Votes,0
Lane,Precinct 727,Judge of the Circuit Court,"2nd District, Position 10",,Over Votes,1
Lane,Precinct 729,Judge of the Circuit Court,"2nd District, Position 10",,Over Votes,0
Lane,Precinct 731,Judge of the Circuit Court,"2nd District, Position 10",,Over Votes,0
Lane,Precinct 733,Judge of the Circuit Court,"2nd District, Position 10",,Over Votes,1
Lane,Precinct 737,Judge of the Circuit Court,"2nd District, Position 10",,Over Votes,0
Lane,Precinct 739,Judge of the Circuit Court,"2nd District, Position 10",,Over Votes,0
Lane,Precinct 741,Judge of the Circuit Court,"2nd District, Position 10",,Over Votes,1
Lane,Precinct 743,Judge of the Circuit Court,"2nd District, Position 10",,Over Votes,0
Lane,Precinct 747,Judge of the Circuit Court,"2nd District, Position 10",,Over Votes,0
Lane,Precinct 751,Judge of the Circuit Court,"2nd District, Position 10",,Over Votes,0
Lane,Precinct 753,Judge of the Circuit Court,"2nd District, Position 10",,Over Votes,0
Lane,Precinct 755,Judge of the Circuit Court,"2nd District, Position 10",,Over Votes,0
Lane,Precinct 757,Judge of the Circuit Court,"2nd District, Position 10",,Over Votes,0
Lane,Precinct 759,Judge of the Circuit Court,"2nd District, Position 10",,Over Votes,0
Lane,Precinct 765,Judge of the Circuit Court,"2nd District, Position 10",,Over Votes,0
Lane,Precinct 1120,Judge of the Circuit Court,"2nd District, Position 10",,Under Votes,529
Lane,Precinct 1122,Judge of the Circuit Court,"2nd District, Position 10",,Under Votes,1189
Lane,Precinct 1124,Judge of the Circuit Court,"2nd District, Position 10",,Under Votes,396
Lane,Precinct 1126,Judge of the Circuit Court,"2nd District, Position 10",,Under Votes,1549
Lane,Precinct 1230,Judge of the Circuit Court,"2nd District, Position 10",,Under Votes,1688
Lane,Precinct 1232,Judge of the Circuit Court,"2nd District, Position 10",,Under Votes,1740
Lane,Precinct 1234,Judge of the Circuit Court,"2nd District, Position 10",,Under Votes,1061
Lane,Precinct 1340,Judge of the Circuit Court,"2nd District, Position 10",,Under Votes,1211
Lane,Precinct 1342,Judge of the Circuit Court,"2nd District, Position 10",,Under Votes,392
Lane,Precinct 1450,Judge of the Circuit Court,"2nd District, Position 10",,Under Votes,1625
Lane,Precinct 1452,Judge of the Circuit Court,"2nd District, Position 10",,Under Votes,1302
Lane,Precinct 1454,Judge of the Circuit Court,"2nd District, Position 10",,Under Votes,325
Lane,Precinct 1560,Judge of the Circuit Court,"2nd District, Position 10",,Under Votes,613
Lane,Precinct 1562,Judge of the Circuit Court,"2nd District, Position 10",,Under Votes,1777
Lane,Precinct 1564,Judge of the Circuit Court,"2nd District, Position 10",,Under Votes,1794
Lane,Precinct 1670,Judge of the Circuit Court,"2nd District, Position 10",,Under Votes,1736
Lane,Precinct 1672,Judge of the Circuit Court,"2nd District, Position 10",,Under Votes,1255
Lane,Precinct 1780,Judge of the Circuit Court,"2nd District, Position 10",,Under Votes,354
Lane,Precinct 1782,Judge of the Circuit Court,"2nd District, Position 10",,Under Votes,503
Lane,Precinct 1784,Judge of the Circuit Court,"2nd District, Position 10",,Under Votes,1137
Lane,Precinct 1786,Judge of the Circuit Court,"2nd District, Position 10",,Under Votes,729
Lane,Precinct 1890,Judge of the Circuit Court,"2nd District, Position 10",,Under Votes,747
Lane,Precinct 1892,Judge of the Circuit Court,"2nd District, Position 10",,Under Votes,1348
Lane,Precinct 1894,Judge of the Circuit Court,"2nd District, Position 10",,Under Votes,1159
Lane,Precinct 2122,Judge of the Circuit Court,"2nd District, Position 10",,Under Votes,1094
Lane,Precinct 2238,Judge of the Circuit Court,"2nd District, Position 10",,Under Votes,1386
Lane,Precinct 2340,Judge of the Circuit Court,"2nd District, Position 10",,Under Votes,1510
Lane,Precinct 2456,Judge of the Circuit Court,"2nd District, Position 10",,Under Votes,1152
Lane,Precinct 2562,Judge of the Circuit Court,"2nd District, Position 10",,Under Votes,1392
Lane,Precinct 2676,Judge of the Circuit Court,"2nd District, Position 10",,Under Votes,1947
Lane,Precinct 4200,Judge of the Circuit Court,"2nd District, Position 10",,Under Votes,324
Lane,Precinct 4300,Judge of the Circuit Court,"2nd District, Position 10",,Under Votes,1703
Lane,Precinct 4400,Judge of the Circuit Court,"2nd District, Position 10",,Under Votes,913
Lane,Precinct 4500,Judge of the Circuit Court,"2nd District, Position 10",,Under Votes,462
Lane,Precinct 4600,Judge of the Circuit Court,"2nd District, Position 10",,Under Votes,2151
Lane,Precinct 4700,Judge of the Circuit Court,"2nd District, Position 10",,Under Votes,1147
Lane,Precinct 4800,Judge of the Circuit Court,"2nd District, Position 10",,Under Votes,420
Lane,Precinct 4900,Judge of the Circuit Court,"2nd District, Position 10",,Under Votes,833
Lane,Precinct 701,Judge of the Circuit Court,"2nd District, Position 10",,Under Votes,600
Lane,Precinct 703,Judge of the Circuit Court,"2nd District, Position 10",,Under Votes,102
Lane,Precinct 705,Judge of the Circuit Court,"2nd District, Position 10",,Under Votes,835
Lane,Precinct 707,Judge of the Circuit Court,"2nd District, Position 10",,Under Votes,239
Lane,Precinct 709,Judge of the Circuit Court,"2nd District, Position 10",,Under Votes,652
Lane,Precinct 711,Judge of the Circuit Court,"2nd District, Position 10",,Under Votes,1610
Lane,Precinct 713,Judge of the Circuit Court,"2nd District, Position 10",,Under Votes,463
Lane,Precinct 715,Judge of the Circuit Court,"2nd District, Position 10",,Under Votes,663
Lane,Precinct 717,Judge of the Circuit Court,"2nd District, Position 10",,Under Votes,1047
Lane,Precinct 719,Judge of the Circuit Court,"2nd District, Position 10",,Under Votes,148
Lane,Precinct 721,Judge of the Circuit Court,"2nd District, Position 10",,Under Votes,258
Lane,Precinct 723,Judge of the Circuit Court,"2nd District, Position 10",,Under Votes,1062
Lane,Precinct 725,Judge of the Circuit Court,"2nd District, Position 10",,Under Votes,814
Lane,Precinct 727,Judge of the Circuit Court,"2nd District, Position 10",,Under Votes,600
Lane,Precinct 729,Judge of the Circuit Court,"2nd District, Position 10",,Under Votes,170
Lane,Precinct 731,Judge of the Circuit Court,"2nd District, Position 10",,Under Votes,1505
Lane,Precinct 733,Judge of the Circuit Court,"2nd District, Position 10",,Under Votes,1965
Lane,Precinct 737,Judge of the Circuit Court,"2nd District, Position 10",,Under Votes,1209
Lane,Precinct 739,Judge of the Circuit Court,"2nd District, Position 10",,Under Votes,616
Lane,Precinct 741,Judge of the Circuit Court,"2nd District, Position 10",,Under Votes,227
Lane,Precinct 743,Judge of the Circuit Court,"2nd District, Position 10",,Under Votes,219
Lane,Precinct 747,Judge of the Circuit Court,"2nd District, Position 10",,Under Votes,1975
Lane,Precinct 751,Judge of the Circuit Court,"2nd District, Position 10",,Under Votes,1777
Lane,Precinct 753,Judge of the Circuit Court,"2nd District, Position 10",,Under Votes,592
Lane,Precinct 755,Judge of the Circuit Court,"2nd District, Position 10",,Under Votes,1122
Lane,Precinct 757,Judge of the Circuit Court,"2nd District, Position 10",,Under Votes,1000
Lane,Precinct 759,Judge of the Circuit Court,"2nd District, Position 10",,Under Votes,912
Lane,Precinct 765,Judge of the Circuit Court,"2nd District, Position 10",,Under Votes,836
Lane,Precinct 1120,Judge of the Circuit Court,"2nd District, Position 10",,Write-ins,13
Lane,Precinct 1122,Judge of the Circuit Court,"2nd District, Position 10",,Write-ins,13
Lane,Precinct 1124,Judge of the Circuit Court,"2nd District, Position 10",,Write-ins,5
Lane,Precinct 1126,Judge of the Circuit Court,"2nd District, Position 10",,Write-ins,20
Lane,Precinct 1230,Judge of the Circuit Court,"2nd District, Position 10",,Write-ins,17
Lane,Precinct 1232,Judge of the Circuit Court,"2nd District, Position 10",,Write-ins,19
Lane,Precinct 1234,Judge of the Circuit Court,"2nd District, Position 10",,Write-ins,18
Lane,Precinct 1340,Judge of the Circuit Court,"2nd District, Position 10",,Write-ins,15
Lane,Precinct 1342,Judge of the Circuit Court,"2nd District, Position 10",,Write-ins,5
Lane,Precinct 1450,Judge of the Circuit Court,"2nd District, Position 10",,Write-ins,19
Lane,Precinct 1452,Judge of the Circuit Court,"2nd District, Position 10",,Write-ins,13
Lane,Precinct 1454,Judge of the Circuit Court,"2nd District, Position 10",,Write-ins,5
Lane,Precinct 1560,Judge of the Circuit Court,"2nd District, Position 10",,Write-ins,9
Lane,Precinct 1562,Judge of the Circuit Court,"2nd District, Position 10",,Write-ins,15
Lane,Precinct 1564,Judge of the Circuit Court,"2nd District, Position 10",,Write-ins,23
Lane,Precinct 1670,Judge of the Circuit Court,"2nd District, Position 10",,Write-ins,35
Lane,Precinct 1672,Judge of the Circuit Court,"2nd District, Position 10",,Write-ins,23
Lane,Precinct 1780,Judge of the Circuit Court,"2nd District, Position 10",,Write-ins,17
Lane,Precinct 1782,Judge of the Circuit Court,"2nd District, Position 10",,Write-ins,5
Lane,Precinct 1784,Judge of the Circuit Court,"2nd District, Position 10",,Write-ins,20
Lane,Precinct 1786,Judge of the Circuit Court,"2nd District, Position 10",,Write-ins,14
Lane,Precinct 1890,Judge of the Circuit Court,"2nd District, Position 10",,Write-ins,14
Lane,Precinct 1892,Judge of the Circuit Court,"2nd District, Position 10",,Write-ins,21
Lane,Precinct 1894,Judge of the Circuit Court,"2nd District, Position 10",,Write-ins,9
Lane,Precinct 2122,Judge of the Circuit Court,"2nd District, Position 10",,Write-ins,18
Lane,Precinct 2238,Judge of the Circuit Court,"2nd District, Position 10",,Write-ins,19
Lane,Precinct 2340,Judge of the Circuit Court,"2nd District, Position 10",,Write-ins,25
Lane,Precinct 2456,Judge of the Circuit Court,"2nd District, Position 10",,Write-ins,19
Lane,Precinct 2562,Judge of the Circuit Court,"2nd District, Position 10",,Write-ins,35
Lane,Precinct 2676,Judge of the Circuit Court,"2nd District, Position 10",,Write-ins,39
Lane,Precinct 4200,Judge of the Circuit Court,"2nd District, Position 10",,Write-ins,4
Lane,Precinct 4300,Judge of the Circuit Court,"2nd District, Position 10",,Write-ins,43
Lane,Precinct 4400,Judge of the Circuit Court,"2nd District, Position 10",,Write-ins,20
Lane,Precinct 4500,Judge of the Circuit Court,"2nd District, Position 10",,Write-ins,1
Lane,Precinct 4600,Judge of the Circuit Court,"2nd District, Position 10",,Write-ins,35
Lane,Precinct 4700,Judge of the Circuit Court,"2nd District, Position 10",,Write-ins,20
Lane,Precinct 4800,Judge of the Circuit Court,"2nd District, Position 10",,Write-ins,14
Lane,Precinct 4900,Judge of the Circuit Court,"2nd District, Position 10",,Write-ins,24
Lane,Precinct 701,Judge of the Circuit Court,"2nd District, Position 10",,Write-ins,8
Lane,Precinct 703,Judge of the Circuit Court,"2nd District, Position 10",,Write-ins,2
Lane,Precinct 705,Judge of the Circuit Court,"2nd District, Position 10",,Write-ins,15
Lane,Precinct 707,Judge of the Circuit Court,"2nd District, Position 10",,Write-ins,9
Lane,Precinct 709,Judge of the Circuit Court,"2nd District, Position 10",,Write-ins,14
Lane,Precinct 711,Judge of the Circuit Court,"2nd District, Position 10",,Write-ins,31
Lane,Precinct 713,Judge of the Circuit Court,"2nd District, Position 10",,Write-ins,6
Lane,Precinct 715,Judge of the Circuit Court,"2nd District, Position 10",,Write-ins,12
Lane,Precinct 717,Judge of the Circuit Court,"2nd District, Position 10",,Write-ins,41
Lane,Precinct 719,Judge of the Circuit Court,"2nd District, Position 10",,Write-ins,2
Lane,Precinct 721,Judge of the Circuit Court,"2nd District, Position 10",,Write-ins,7
Lane,Precinct 723,Judge of the Circuit Court,"2nd District, Position 10",,Write-ins,12
Lane,Precinct 725,Judge of the Circuit Court,"2nd District, Position 10",,Write-ins,10
Lane,Precinct 727,Judge of the Circuit Court,"2nd District, Position 10",,Write-ins,10
Lane,Precinct 729,Judge of the Circuit Court,"2nd District, Position 10",,Write-ins,7
Lane,Precinct 731,Judge of the Circuit Court,"2nd District, Position 10",,Write-ins,28
Lane,Precinct 733,Judge of the Circuit Court,"2nd District, Position 10",,Write-ins,28
Lane,Precinct 737,Judge of the Circuit Court,"2nd District, Position 10",,Write-ins,11
Lane,Precinct 739,Judge of the Circuit Court,"2nd District, Position 10",,Write-ins,14
Lane,Precinct 741,Judge of the Circuit Court,"2nd District, Position 10",,Write-ins,3
Lane,Precinct 743,Judge of the Circuit Court,"2nd District, Position 10",,Write-ins,3
Lane,Precinct 747,Judge of the Circuit Court,"2nd District, Position 10",,Write-ins,45
Lane,Precinct 751,Judge of the Circuit Court,"2nd District, Position 10",,Write-ins,30
Lane,Precinct 753,Judge of the Circuit Court,"2nd District, Position 10",,Write-ins,7
Lane,Precinct 755,Judge of the Circuit Court,"2nd District, Position 10",,Write-ins,23
Lane,Precinct 757,Judge of the Circuit Court,"2nd District, Position 10",,Write-ins,13
Lane,Precinct 759,Judge of the Circuit Court,"2nd District, Position 10",,Write-ins,18
Lane,Precinct 765,Judge of the Circuit Court,"2nd District, Position 10",,Write-ins,18
Lane,Precinct 1120,Judge of the Circuit Court,"2nd District, Position 15",,Clara L. Rigmaiden,469
Lane,Precinct 1122,Judge of the Circuit Court,"2nd District, Position 15",,Clara L. Rigmaiden,954
Lane,Precinct 1124,Judge of the Circuit Court,"2nd District, Position 15",,Clara L. Rigmaiden,359
Lane,Precinct 1126,Judge of the Circuit Court,"2nd District, Position 15",,Clara L. Rigmaiden,1373
Lane,Precinct 1230,Judge of the Circuit Court,"2nd District, Position 15",,Clara L. Rigmaiden,1570
Lane,Precinct 1232,Judge of the Circuit Court,"2nd District, Position 15",,Clara L. Rigmaiden,1717
Lane,Precinct 1234,Judge of the Circuit Court,"2nd District, Position 15",,Clara L. Rigmaiden,978
Lane,Precinct 1340,Judge of the Circuit Court,"2nd District, Position 15",,Clara L. Rigmaiden,1183
Lane,Precinct 1342,Judge of the Circuit Court,"2nd District, Position 15",,Clara L. Rigmaiden,362
Lane,Precinct 1450,Judge of the Circuit Court,"2nd District, Position 15",,Clara L. Rigmaiden,1604
Lane,Precinct 1452,Judge of the Circuit Court,"2nd District, Position 15",,Clara L. Rigmaiden,1165
Lane,Precinct 1454,Judge of the Circuit Court,"2nd District, Position 15",,Clara L. Rigmaiden,427
Lane,Precinct 1560,Judge of the Circuit Court,"2nd District, Position 15",,Clara L. Rigmaiden,500
Lane,Precinct 1562,Judge of the Circuit Court,"2nd District, Position 15",,Clara L. Rigmaiden,1620
Lane,Precinct 1564,Judge of the Circuit Court,"2nd District, Position 15",,Clara L. Rigmaiden,1900
Lane,Precinct 1670,Judge of the Circuit Court,"2nd District, Position 15",,Clara L. Rigmaiden,1674
Lane,Precinct 1672,Judge of the Circuit Court,"2nd District, Position 15",,Clara L. Rigmaiden,1201
Lane,Precinct 1780,Judge of the Circuit Court,"2nd District, Position 15",,Clara L. Rigmaiden,355
Lane,Precinct 1782,Judge of the Circuit Court,"2nd District, Position 15",,Clara L. Rigmaiden,476
Lane,Precinct 1784,Judge of the Circuit Court,"2nd District, Position 15",,Clara L. Rigmaiden,982
Lane,Precinct 1786,Judge of the Circuit Court,"2nd District, Position 15",,Clara L. Rigmaiden,669
Lane,Precinct 1890,Judge of the Circuit Court,"2nd District, Position 15",,Clara L. Rigmaiden,660
Lane,Precinct 1892,Judge of the Circuit Court,"2nd District, Position 15",,Clara L. Rigmaiden,1331
Lane,Precinct 1894,Judge of the Circuit Court,"2nd District, Position 15",,Clara L. Rigmaiden,1115
Lane,Precinct 2122,Judge of the Circuit Court,"2nd District, Position 15",,Clara L. Rigmaiden,1116
Lane,Precinct 2238,Judge of the Circuit Court,"2nd District, Position 15",,Clara L. Rigmaiden,1279
Lane,Precinct 2340,Judge of the Circuit Court,"2nd District, Position 15",,Clara L. Rigmaiden,1341
Lane,Precinct 2456,Judge of the Circuit Court,"2nd District, Position 15",,Clara L. Rigmaiden,1155
Lane,Precinct 2562,Judge of the Circuit Court,"2nd District, Position 15",,Clara L. Rigmaiden,1493
Lane,Precinct 2676,Judge of the Circuit Court,"2nd District, Position 15",,Clara L. Rigmaiden,1523
Lane,Precinct 4200,Judge of the Circuit Court,"2nd District, Position 15",,Clara L. Rigmaiden,273
Lane,Precinct 4300,Judge of the Circuit Court,"2nd District, Position 15",,Clara L. Rigmaiden,1359
Lane,Precinct 4400,Judge of the Circuit Court,"2nd District, Position 15",,Clara L. Rigmaiden,841
Lane,Precinct 4500,Judge of the Circuit Court,"2nd District, Position 15",,Clara L. Rigmaiden,375
Lane,Precinct 4600,Judge of the Circuit Court,"2nd District, Position 15",,Clara L. Rigmaiden,2191
Lane,Precinct 4700,Judge of the Circuit Court,"2nd District, Position 15",,Clara L. Rigmaiden,1040
Lane,Precinct 4800,Judge of the Circuit Court,"2nd District, Position 15",,Clara L. Rigmaiden,432
Lane,Precinct 4900,Judge of the Circuit Court,"2nd District, Position 15",,Clara L. Rigmaiden,743
Lane,Precinct 701,Judge of the Circuit Court,"2nd District, Position 15",,Clara L. Rigmaiden,542
Lane,Precinct 703,Judge of the Circuit Court,"2nd District, Position 15",,Clara L. Rigmaiden,82
Lane,Precinct 705,Judge of the Circuit Court,"2nd District, Position 15",,Clara L. Rigmaiden,733
Lane,Precinct 707,Judge of the Circuit Court,"2nd District, Position 15",,Clara L. Rigmaiden,200
Lane,Precinct 709,Judge of the Circuit Court,"2nd District, Position 15",,Clara L. Rigmaiden,421
Lane,Precinct 711,Judge of the Circuit Court,"2nd District, Position 15",,Clara L. Rigmaiden,900
Lane,Precinct 713,Judge of the Circuit Court,"2nd District, Position 15",,Clara L. Rigmaiden,302
Lane,Precinct 715,Judge of the Circuit Court,"2nd District, Position 15",,Clara L. Rigmaiden,453
Lane,Precinct 717,Judge of the Circuit Court,"2nd District, Position 15",,Clara L. Rigmaiden,730
Lane,Precinct 719,Judge of the Circuit Court,"2nd District, Position 15",,Clara L. Rigmaiden,111
Lane,Precinct 721,Judge of the Circuit Court,"2nd District, Position 15",,Clara L. Rigmaiden,193
Lane,Precinct 723,Judge of the Circuit Court,"2nd District, Position 15",,Clara L. Rigmaiden,696
Lane,Precinct 725,Judge of the Circuit Court,"2nd District, Position 15",,Clara L. Rigmaiden,387
Lane,Precinct 727,Judge of the Circuit Court,"2nd District, Position 15",,Clara L. Rigmaiden,398
Lane,Precinct 729,Judge of the Circuit Court,"2nd District, Position 15",,Clara L. Rigmaiden,125
Lane,Precinct 731,Judge of the Circuit Court,"2nd District, Position 15",,Clara L. Rigmaiden,1250
Lane,Precinct 733,Judge of the Circuit Court,"2nd District, Position 15",,Clara L. Rigmaiden,1573
Lane,Precinct 737,Judge of the Circuit Court,"2nd District, Position 15",,Clara L. Rigmaiden,947
Lane,Precinct 739,Judge of the Circuit Court,"2nd District, Position 15",,Clara L. Rigmaiden,452
Lane,Precinct 741,Judge of the Circuit Court,"2nd District, Position 15",,Clara L. Rigmaiden,241
Lane,Precinct 743,Judge of the Circuit Court,"2nd District, Position 15",,Clara L. Rigmaiden,183
Lane,Precinct 747,Judge of the Circuit Court,"2nd District, Position 15",,Clara L. Rigmaiden,1272
Lane,Precinct 751,Judge of the Circuit Court,"2nd District, Position 15",,Clara L. Rigmaiden,1116
Lane,Precinct 753,Judge of the Circuit Court,"2nd District, Position 15",,Clara L. Rigmaiden,324
Lane,Precinct 755,Judge of the Circuit Court,"2nd District, Position 15",,Clara L. Rigmaiden,763
Lane,Precinct 757,Judge of the Circuit Court,"2nd District, Position 15",,Clara L. Rigmaiden,612
Lane,Precinct 759,Judge of the Circuit Court,"2nd District, Position 15",,Clara L. Rigmaiden,763
Lane,Precinct 765,Judge of the Circuit Court,"2nd District, Position 15",,Clara L. Rigmaiden,650
Lane,Precinct 1120,Judge of the Circuit Court,"2nd District, Position 15",,Over Votes,0
Lane,Precinct 1122,Judge of the Circuit Court,"2nd District, Position 15",,Over Votes,0
Lane,Precinct 1124,Judge of the Circuit Court,"2nd District, Position 15",,Over Votes,0
Lane,Precinct 1126,Judge of the Circuit Court,"2nd District, Position 15",,Over Votes,0
Lane,Precinct 1230,Judge of the Circuit Court,"2nd District, Position 15",,Over Votes,0
Lane,Precinct 1232,Judge of the Circuit Court,"2nd District, Position 15",,Over Votes,0
Lane,Precinct 1234,Judge of the Circuit Court,"2nd District, Position 15",,Over Votes,0
Lane,Precinct 1340,Judge of the Circuit Court,"2nd District, Position 15",,Over Votes,0
Lane,Precinct 1342,Judge of the Circuit Court,"2nd District, Position 15",,Over Votes,0
Lane,Precinct 1450,Judge of the Circuit Court,"2nd District, Position 15",,Over Votes,0
Lane,Precinct 1452,Judge of the Circuit Court,"2nd District, Position 15",,Over Votes,0
Lane,Precinct 1454,Judge of the Circuit Court,"2nd District, Position 15",,Over Votes,0
Lane,Precinct 1560,Judge of the Circuit Court,"2nd District, Position 15",,Over Votes,0
Lane,Precinct 1562,Judge of the Circuit Court,"2nd District, Position 15",,Over Votes,0
Lane,Precinct 1564,Judge of the Circuit Court,"2nd District, Position 15",,Over Votes,0
Lane,Precinct 1670,Judge of the Circuit Court,"2nd District, Position 15",,Over Votes,0
Lane,Precinct 1672,Judge of the Circuit Court,"2nd District, Position 15",,Over Votes,0
Lane,Precinct 1780,Judge of the Circuit Court,"2nd District, Position 15",,Over Votes,0
Lane,Precinct 1782,Judge of the Circuit Court,"2nd District, Position 15",,Over Votes,0
Lane,Precinct 1784,Judge of the Circuit Court,"2nd District, Position 15",,Over Votes,0
Lane,Precinct 1786,Judge of the Circuit Court,"2nd District, Position 15",,Over Votes,0
Lane,Precinct 1890,Judge of the Circuit Court,"2nd District, Position 15",,Over Votes,0
Lane,Precinct 1892,Judge of the Circuit Court,"2nd District, Position 15",,Over Votes,0
Lane,Precinct 1894,Judge of the Circuit Court,"2nd District, Position 15",,Over Votes,0
Lane,Precinct 2122,Judge of the Circuit Court,"2nd District, Position 15",,Over Votes,0
Lane,Precinct 2238,Judge of the Circuit Court,"2nd District, Position 15",,Over Votes,0
Lane,Precinct 2340,Judge of the Circuit Court,"2nd District, Position 15",,Over Votes,0
Lane,Precinct 2456,Judge of the Circuit Court,"2nd District, Position 15",,Over Votes,0
Lane,Precinct 2562,Judge of the Circuit Court,"2nd District, Position 15",,Over Votes,0
Lane,Precinct 2676,Judge of the Circuit Court,"2nd District, Position 15",,Over Votes,0
Lane,Precinct 4200,Judge of the Circuit Court,"2nd District, Position 15",,Over Votes,0
Lane,Precinct 4300,Judge of the Circuit Court,"2nd District, Position 15",,Over Votes,0
Lane,Precinct 4400,Judge of the Circuit Court,"2nd District, Position 15",,Over Votes,0
Lane,Precinct 4500,Judge of the Circuit Court,"2nd District, Position 15",,Over Votes,0
Lane,Precinct 4600,Judge of the Circuit Court,"2nd District, Position 15",,Over Votes,0
Lane,Precinct 4700,Judge of the Circuit Court,"2nd District, Position 15",,Over Votes,0
Lane,Precinct 4800,Judge of the Circuit Court,"2nd District, Position 15",,Over Votes,0
Lane,Precinct 4900,Judge of the Circuit Court,"2nd District, Position 15",,Over Votes,0
Lane,Precinct 701,Judge of the Circuit Court,"2nd District, Position 15",,Over Votes,0
Lane,Precinct 703,Judge of the Circuit Court,"2nd District, Position 15",,Over Votes,0
Lane,Precinct 705,Judge of the Circuit Court,"2nd District, Position 15",,Over Votes,0
Lane,Precinct 707,Judge of the Circuit Court,"2nd District, Position 15",,Over Votes,0
Lane,Precinct 709,Judge of the Circuit Court,"2nd District, Position 15",,Over Votes,0
Lane,Precinct 711,Judge of the Circuit Court,"2nd District, Position 15",,Over Votes,0
Lane,Precinct 713,Judge of the Circuit Court,"2nd District, Position 15",,Over Votes,0
Lane,Precinct 715,Judge of the Circuit Court,"2nd District, Position 15",,Over Votes,0
Lane,Precinct 717,Judge of the Circuit Court,"2nd District, Position 15",,Over Votes,0
Lane,Precinct 719,Judge of the Circuit Court,"2nd District, Position 15",,Over Votes,0
Lane,Precinct 721,Judge of the Circuit Court,"2nd District, Position 15",,Over Votes,0
Lane,Precinct 723,Judge of the Circuit Court,"2nd District, Position 15",,Over Votes,0
Lane,Precinct 725,Judge of the Circuit Court,"2nd District, Position 15",,Over Votes,0
Lane,Precinct 727,Judge of the Circuit Court,"2nd District, Position 15",,Over Votes,0
Lane,Precinct 729,Judge of the Circuit Court,"2nd District, Position 15",,Over Votes,0
Lane,Precinct 731,Judge of the Circuit Court,"2nd District, Position 15",,Over Votes,0
Lane,Precinct 733,Judge of the Circuit Court,"2nd District, Position 15",,Over Votes,1
Lane,Precinct 737,Judge of the Circuit Court,"2nd District, Position 15",,Over Votes,0
Lane,Precinct 739,Judge of the Circuit Court,"2nd District, Position 15",,Over Votes,0
Lane,Precinct 741,Judge of the Circuit Court,"2nd District, Position 15",,Over Votes,1
Lane,Precinct 743,Judge of the Circuit Court,"2nd District, Position 15",,Over Votes,0
Lane,Precinct 747,Judge of the Circuit Court,"2nd District, Position 15",,Over Votes,0
Lane,Precinct 751,Judge of the Circuit Court,"2nd District, Position 15",,Over Votes,0
Lane,Precinct 753,Judge of the Circuit Court,"2nd District, Position 15",,Over Votes,0
Lane,Precinct 755,Judge of the Circuit Court,"2nd District, Position 15",,Over Votes,0
Lane,Precinct 757,Judge of the Circuit Court,"2nd District, Position 15",,Over Votes,0
Lane,Precinct 759,Judge of the Circuit Court,"2nd District, Position 15",,Over Votes,0
Lane,Precinct 765,Judge of the Circuit Court,"2nd District, Position 15",,Over Votes,0
Lane,Precinct 1120,Judge of the Circuit Court,"2nd District, Position 15",,Under Votes,552
Lane,Precinct 1122,Judge of the Circuit Court,"2nd District, Position 15",,Under Votes,1260
Lane,Precinct 1124,Judge of the Circuit Court,"2nd District, Position 15",,Under Votes,422
Lane,Precinct 1126,Judge of the Circuit Court,"2nd District, Position 15",,Under Votes,1680
Lane,Precinct 1230,Judge of the Circuit Court,"2nd District, Position 15",,Under Votes,1835
Lane,Precinct 1232,Judge of the Circuit Court,"2nd District, Position 15",,Under Votes,1866
Lane,Precinct 1234,Judge of the Circuit Court,"2nd District, Position 15",,Under Votes,1156
Lane,Precinct 1340,Judge of the Circuit Court,"2nd District, Position 15",,Under Votes,1324
Lane,Precinct 1342,Judge of the Circuit Court,"2nd District, Position 15",,Under Votes,410
Lane,Precinct 1450,Judge of the Circuit Court,"2nd District, Position 15",,Under Votes,1712
Lane,Precinct 1452,Judge of the Circuit Court,"2nd District, Position 15",,Under Votes,1361
Lane,Precinct 1454,Judge of the Circuit Court,"2nd District, Position 15",,Under Votes,337
Lane,Precinct 1560,Judge of the Circuit Court,"2nd District, Position 15",,Under Votes,649
Lane,Precinct 1562,Judge of the Circuit Court,"2nd District, Position 15",,Under Votes,1852
Lane,Precinct 1564,Judge of the Circuit Court,"2nd District, Position 15",,Under Votes,1925
Lane,Precinct 1670,Judge of the Circuit Court,"2nd District, Position 15",,Under Votes,1798
Lane,Precinct 1672,Judge of the Circuit Court,"2nd District, Position 15",,Under Votes,1291
Lane,Precinct 1780,Judge of the Circuit Court,"2nd District, Position 15",,Under Votes,363
Lane,Precinct 1782,Judge of the Circuit Court,"2nd District, Position 15",,Under Votes,533
Lane,Precinct 1784,Judge of the Circuit Court,"2nd District, Position 15",,Under Votes,1199
Lane,Precinct 1786,Judge of the Circuit Court,"2nd District, Position 15",,Under Votes,768
Lane,Precinct 1890,Judge of the Circuit Court,"2nd District, Position 15",,Under Votes,766
Lane,Precinct 1892,Judge of the Circuit Court,"2nd District, Position 15",,Under Votes,1420
Lane,Precinct 1894,Judge of the Circuit Court,"2nd District, Position 15",,Under Votes,1255
Lane,Precinct 2122,Judge of the Circuit Court,"2nd District, Position 15",,Under Votes,1149
Lane,Precinct 2238,Judge of the Circuit Court,"2nd District, Position 15",,Under Votes,1450
Lane,Precinct 2340,Judge of the Circuit Court,"2nd District, Position 15",,Under Votes,1571
Lane,Precinct 2456,Judge of the Circuit Court,"2nd District, Position 15",,Under Votes,1192
Lane,Precinct 2562,Judge of the Circuit Court,"2nd District, Position 15",,Under Votes,1440
Lane,Precinct 2676,Judge of the Circuit Court,"2nd District, Position 15",,Under Votes,1998
Lane,Precinct 4200,Judge of the Circuit Court,"2nd District, Position 15",,Under Votes,333
Lane,Precinct 4300,Judge of the Circuit Court,"2nd District, Position 15",,Under Votes,1751
Lane,Precinct 4400,Judge of the Circuit Court,"2nd District, Position 15",,Under Votes,933
Lane,Precinct 4500,Judge of the Circuit Court,"2nd District, Position 15",,Under Votes,479
Lane,Precinct 4600,Judge of the Circuit Court,"2nd District, Position 15",,Under Votes,2240
Lane,Precinct 4700,Judge of the Circuit Court,"2nd District, Position 15",,Under Votes,1195
Lane,Precinct 4800,Judge of the Circuit Court,"2nd District, Position 15",,Under Votes,431
Lane,Precinct 4900,Judge of the Circuit Court,"2nd District, Position 15",,Under Votes,867
Lane,Precinct 701,Judge of the Circuit Court,"2nd District, Position 15",,Under Votes,621
Lane,Precinct 703,Judge of the Circuit Court,"2nd District, Position 15",,Under Votes,106
Lane,Precinct 705,Judge of the Circuit Court,"2nd District, Position 15",,Under Votes,873
Lane,Precinct 707,Judge of the Circuit Court,"2nd District, Position 15",,Under Votes,241
Lane,Precinct 709,Judge of the Circuit Court,"2nd District, Position 15",,Under Votes,656
Lane,Precinct 711,Judge of the Circuit Court,"2nd District, Position 15",,Under Votes,1654
Lane,Precinct 713,Judge of the Circuit Court,"2nd District, Position 15",,Under Votes,474
Lane,Precinct 715,Judge of the Circuit Court,"2nd District, Position 15",,Under Votes,678
Lane,Precinct 717,Judge of the Circuit Court,"2nd District, Position 15",,Under Votes,1076
Lane,Precinct 719,Judge of the Circuit Court,"2nd District, Position 15",,Under Votes,150
Lane,Precinct 721,Judge of the Circuit Court,"2nd District, Position 15",,Under Votes,270
Lane,Precinct 723,Judge of the Circuit Court,"2nd District, Position 15",,Under Votes,1129
Lane,Precinct 725,Judge of the Circuit Court,"2nd District, Position 15",,Under Votes,834
Lane,Precinct 727,Judge of the Circuit Court,"2nd District, Position 15",,Under Votes,614
Lane,Precinct 729,Judge of the Circuit Court,"2nd District, Position 15",,Under Votes,172
Lane,Precinct 731,Judge of the Circuit Court,"2nd District, Position 15",,Under Votes,1572
Lane,Precinct 733,Judge of the Circuit Court,"2nd District, Position 15",,Under Votes,2047
Lane,Precinct 737,Judge of the Circuit Court,"2nd District, Position 15",,Under Votes,1283
Lane,Precinct 739,Judge of the Circuit Court,"2nd District, Position 15",,Under Votes,626
Lane,Precinct 741,Judge of the Circuit Court,"2nd District, Position 15",,Under Votes,241
Lane,Precinct 743,Judge of the Circuit Court,"2nd District, Position 15",,Under Votes,226
Lane,Precinct 747,Judge of the Circuit Court,"2nd District, Position 15",,Under Votes,2045
Lane,Precinct 751,Judge of the Circuit Court,"2nd District, Position 15",,Under Votes,1848
Lane,Precinct 753,Judge of the Circuit Court,"2nd District, Position 15",,Under Votes,607
Lane,Precinct 755,Judge of the Circuit Court,"2nd District, Position 15",,Under Votes,1165
Lane,Precinct 757,Judge of the Circuit Court,"2nd District, Position 15",,Under Votes,1055
Lane,Precinct 759,Judge of the Circuit Court,"2nd District, Position 15",,Under Votes,929
Lane,Precinct 765,Judge of the Circuit Court,"2nd District, Position 15",,Under Votes,864
Lane,Precinct 1120,Judge of the Circuit Court,"2nd District, Position 15",,Write-ins,13
Lane,Precinct 1122,Judge of the Circuit Court,"2nd District, Position 15",,Write-ins,10
Lane,Precinct 1124,Judge of the Circuit Court,"2nd District, Position 15",,Write-ins,2
Lane,Precinct 1126,Judge of the Circuit Court,"2nd District, Position 15",,Write-ins,11
Lane,Precinct 1230,Judge of the Circuit Court,"2nd District, Position 15",,Write-ins,17
Lane,Precinct 1232,Judge of the Circuit Court,"2nd District, Position 15",,Write-ins,17
Lane,Precinct 1234,Judge of the Circuit Court,"2nd District, Position 15",,Write-ins,17
Lane,Precinct 1340,Judge of the Circuit Court,"2nd District, Position 15",,Write-ins,15
Lane,Precinct 1342,Judge of the Circuit Court,"2nd District, Position 15",,Write-ins,4
Lane,Precinct 1450,Judge of the Circuit Court,"2nd District, Position 15",,Write-ins,22
Lane,Precinct 1452,Judge of the Circuit Court,"2nd District, Position 15",,Write-ins,15
Lane,Precinct 1454,Judge of the Circuit Court,"2nd District, Position 15",,Write-ins,4
Lane,Precinct 1560,Judge of the Circuit Court,"2nd District, Position 15",,Write-ins,12
Lane,Precinct 1562,Judge of the Circuit Court,"2nd District, Position 15",,Write-ins,22
Lane,Precinct 1564,Judge of the Circuit Court,"2nd District, Position 15",,Write-ins,27
Lane,Precinct 1670,Judge of the Circuit Court,"2nd District, Position 15",,Write-ins,37
Lane,Precinct 1672,Judge of the Circuit Court,"2nd District, Position 15",,Write-ins,19
Lane,Precinct 1780,Judge of the Circuit Court,"2nd District, Position 15",,Write-ins,17
Lane,Precinct 1782,Judge of the Circuit Court,"2nd District, Position 15",,Write-ins,7
Lane,Precinct 1784,Judge of the Circuit Court,"2nd District, Position 15",,Write-ins,18
Lane,Precinct 1786,Judge of the Circuit Court,"2nd District, Position 15",,Write-ins,12
Lane,Precinct 1890,Judge of the Circuit Court,"2nd District, Position 15",,Write-ins,17
Lane,Precinct 1892,Judge of the Circuit Court,"2nd District, Position 15",,Write-ins,16
Lane,Precinct 1894,Judge of the Circuit Court,"2nd District, Position 15",,Write-ins,8
Lane,Precinct 2122,Judge of the Circuit Court,"2nd District, Position 15",,Write-ins,19
Lane,Precinct 2238,Judge of the Circuit Court,"2nd District, Position 15",,Write-ins,20
Lane,Precinct 2340,Judge of the Circuit Court,"2nd District, Position 15",,Write-ins,22
Lane,Precinct 2456,Judge of the Circuit Court,"2nd District, Position 15",,Write-ins,15
Lane,Precinct 2562,Judge of the Circuit Court,"2nd District, Position 15",,Write-ins,31
Lane,Precinct 2676,Judge of the Circuit Court,"2nd District, Position 15",,Write-ins,39
Lane,Precinct 4200,Judge of the Circuit Court,"2nd District, Position 15",,Write-ins,3
Lane,Precinct 4300,Judge of the Circuit Court,"2nd District, Position 15",,Write-ins,42
Lane,Precinct 4400,Judge of the Circuit Court,"2nd District, Position 15",,Write-ins,21
Lane,Precinct 4500,Judge of the Circuit Court,"2nd District, Position 15",,Write-ins,1
Lane,Precinct 4600,Judge of the Circuit Court,"2nd District, Position 15",,Write-ins,28
Lane,Precinct 4700,Judge of the Circuit Court,"2nd District, Position 15",,Write-ins,23
Lane,Precinct 4800,Judge of the Circuit Court,"2nd District, Position 15",,Write-ins,14
Lane,Precinct 4900,Judge of the Circuit Court,"2nd District, Position 15",,Write-ins,22
Lane,Precinct 701,Judge of the Circuit Court,"2nd District, Position 15",,Write-ins,4
Lane,Precinct 703,Judge of the Circuit Court,"2nd District, Position 15",,Write-ins,2
Lane,Precinct 705,Judge of the Circuit Court,"2nd District, Position 15",,Write-ins,11
Lane,Precinct 707,Judge of the Circuit Court,"2nd District, Position 15",,Write-ins,8
Lane,Precinct 709,Judge of the Circuit Court,"2nd District, Position 15",,Write-ins,12
Lane,Precinct 711,Judge of the Circuit Court,"2nd District, Position 15",,Write-ins,30
Lane,Precinct 713,Judge of the Circuit Court,"2nd District, Position 15",,Write-ins,2
Lane,Precinct 715,Judge of the Circuit Court,"2nd District, Position 15",,Write-ins,13
Lane,Precinct 717,Judge of the Circuit Court,"2nd District, Position 15",,Write-ins,45
Lane,Precinct 719,Judge of the Circuit Court,"2nd District, Position 15",,Write-ins,2
Lane,Precinct 721,Judge of the Circuit Court,"2nd District, Position 15",,Write-ins,3
Lane,Precinct 723,Judge of the Circuit Court,"2nd District, Position 15",,Write-ins,10
Lane,Precinct 725,Judge of the Circuit Court,"2nd District, Position 15",,Write-ins,9
Lane,Precinct 727,Judge of the Circuit Court,"2nd District, Position 15",,Write-ins,8
Lane,Precinct 729,Judge of the Circuit Court,"2nd District, Position 15",,Write-ins,5
Lane,Precinct 731,Judge of the Circuit Court,"2nd District, Position 15",,Write-ins,32
Lane,Precinct 733,Judge of the Circuit Court,"2nd District, Position 15",,Write-ins,20
Lane,Precinct 737,Judge of the Circuit Court,"2nd District, Position 15",,Write-ins,12
Lane,Precinct 739,Judge of the Circuit Court,"2nd District, Position 15",,Write-ins,9
Lane,Precinct 741,Judge of the Circuit Court,"2nd District, Position 15",,Write-ins,2
Lane,Precinct 743,Judge of the Circuit Court,"2nd District, Position 15",,Write-ins,3
Lane,Precinct 747,Judge of the Circuit Court,"2nd District, Position 15",,Write-ins,42
Lane,Precinct 751,Judge of the Circuit Court,"2nd District, Position 15",,Write-ins,17
Lane,Precinct 753,Judge of the Circuit Court,"2nd District, Position 15",,Write-ins,8
Lane,Precinct 755,Judge of the Circuit Court,"2nd District, Position 15",,Write-ins,23
Lane,Precinct 757,Judge of the Circuit Court,"2nd District, Position 15",,Write-ins,13
Lane,Precinct 759,Judge of the Circuit Court,"2nd District, Position 15",,Write-ins,23
Lane,Precinct 765,Judge of the Circuit Court,"2nd District, Position 15",,Write-ins,14
Lane,Precinct 1120,Judge of the Circuit Court,"2nd District, Position 16",,Jessica E. May,487
Lane,Precinct 1122,Judge of the Circuit Court,"2nd District, Position 16",,Jessica E. May,980
Lane,Precinct 1124,Judge of the Circuit Court,"2nd District, Position 16",,Jessica E. May,372
Lane,Precinct 1126,Judge of the Circuit Court,"2nd District, Position 16",,Jessica E. May,1427
Lane,Precinct 1230,Judge of the Circuit Court,"2nd District, Position 16",,Jessica E. May,1630
Lane,Precinct 1232,Judge of the Circuit Court,"2nd District, Position 16",,Jessica E. May,1797
Lane,Precinct 1234,Judge of the Circuit Court,"2nd District, Position 16",,Jessica E. May,1027
Lane,Precinct 1340,Judge of the Circuit Court,"2nd District, Position 16",,Jessica E. May,1249
Lane,Precinct 1342,Judge of the Circuit Court,"2nd District, Position 16",,Jessica E. May,374
Lane,Precinct 1450,Judge of the Circuit Court,"2nd District, Position 16",,Jessica E. May,1687
Lane,Precinct 1452,Judge of the Circuit Court,"2nd District, Position 16",,Jessica E. May,1209
Lane,Precinct 1454,Judge of the Circuit Court,"2nd District, Position 16",,Jessica E. May,445
Lane,Precinct 1560,Judge of the Circuit Court,"2nd District, Position 16",,Jessica E. May,519
Lane,Precinct 1562,Judge of the Circuit Court,"2nd District, Position 16",,Jessica E. May,1692
Lane,Precinct 1564,Judge of the Circuit Court,"2nd District, Position 16",,Jessica E. May,2024
Lane,Precinct 1670,Judge of the Circuit Court,"2nd District, Position 16",,Jessica E. May,1717
Lane,Precinct 1672,Judge of the Circuit Court,"2nd District, Position 16",,Jessica E. May,1228
Lane,Precinct 1780,Judge of the Circuit Court,"2nd District, Position 16",,Jessica E. May,360
Lane,Precinct 1782,Judge of the Circuit Court,"2nd District, Position 16",,Jessica E. May,497
Lane,Precinct 1784,Judge of the Circuit Court,"2nd District, Position 16",,Jessica E. May,1024
Lane,Precinct 1786,Judge of the Circuit Court,"2nd District, Position 16",,Jessica E. May,694
Lane,Precinct 1890,Judge of the Circuit Court,"2nd District, Position 16",,Jessica E. May,677
Lane,Precinct 1892,Judge of the Circuit Court,"2nd District, Position 16",,Jessica E. May,1366
Lane,Precinct 1894,Judge of the Circuit Court,"2nd District, Position 16",,Jessica E. May,1182
Lane,Precinct 2122,Judge of the Circuit Court,"2nd District, Position 16",,Jessica E. May,1140
Lane,Precinct 2238,Judge of the Circuit Court,"2nd District, Position 16",,Jessica E. May,1326
Lane,Precinct 2340,Judge of the Circuit Court,"2nd District, Position 16",,Jessica E. May,1369
Lane,Precinct 2456,Judge of the Circuit Court,"2nd District, Position 16",,Jessica E. May,1180
Lane,Precinct 2562,Judge of the Circuit Court,"2nd District, Position 16",,Jessica E. May,1523
Lane,Precinct 2676,Judge of the Circuit Court,"2nd District, Position 16",,Jessica E. May,1549
Lane,Precinct 4200,Judge of the Circuit Court,"2nd District, Position 16",,Jessica E. May,284
Lane,Precinct 4300,Judge of the Circuit Court,"2nd District, Position 16",,Jessica E. May,1402
Lane,Precinct 4400,Judge of the Circuit Court,"2nd District, Position 16",,Jessica E. May,861
Lane,Precinct 4500,Judge of the Circuit Court,"2nd District, Position 16",,Jessica E. May,383
Lane,Precinct 4600,Judge of the Circuit Court,"2nd District, Position 16",,Jessica E. May,2267
Lane,Precinct 4700,Judge of the Circuit Court,"2nd District, Position 16",,Jessica E. May,1074
Lane,Precinct 4800,Judge of the Circuit Court,"2nd District, Position 16",,Jessica E. May,440
Lane,Precinct 4900,Judge of the Circuit Court,"2nd District, Position 16",,Jessica E. May,761
Lane,Precinct 701,Judge of the Circuit Court,"2nd District, Position 16",,Jessica E. May,560
Lane,Precinct 703,Judge of the Circuit Court,"2nd District, Position 16",,Jessica E. May,83
Lane,Precinct 705,Judge of the Circuit Court,"2nd District, Position 16",,Jessica E. May,758
Lane,Precinct 707,Judge of the Circuit Court,"2nd District, Position 16",,Jessica E. May,201
Lane,Precinct 709,Judge of the Circuit Court,"2nd District, Position 16",,Jessica E. May,426
Lane,Precinct 711,Judge of the Circuit Court,"2nd District, Position 16",,Jessica E. May,927
Lane,Precinct 713,Judge of the Circuit Court,"2nd District, Position 16",,Jessica E. May,305
Lane,Precinct 715,Judge of the Circuit Court,"2nd District, Position 16",,Jessica E. May,468
Lane,Precinct 717,Judge of the Circuit Court,"2nd District, Position 16",,Jessica E. May,756
Lane,Precinct 719,Judge of the Circuit Court,"2nd District, Position 16",,Jessica E. May,112
Lane,Precinct 721,Judge of the Circuit Court,"2nd District, Position 16",,Jessica E. May,196
Lane,Precinct 723,Judge of the Circuit Court,"2nd District, Position 16",,Jessica E. May,717
Lane,Precinct 725,Judge of the Circuit Court,"2nd District, Position 16",,Jessica E. May,402
Lane,Precinct 727,Judge of the Circuit Court,"2nd District, Position 16",,Jessica E. May,398
Lane,Precinct 729,Judge of the Circuit Court,"2nd District, Position 16",,Jessica E. May,127
Lane,Precinct 731,Judge of the Circuit Court,"2nd District, Position 16",,Jessica E. May,1302
Lane,Precinct 733,Judge of the Circuit Court,"2nd District, Position 16",,Jessica E. May,1618
Lane,Precinct 737,Judge of the Circuit Court,"2nd District, Position 16",,Jessica E. May,1006
Lane,Precinct 739,Judge of the Circuit Court,"2nd District, Position 16",,Jessica E. May,457
Lane,Precinct 741,Judge of the Circuit Court,"2nd District, Position 16",,Jessica E. May,248
Lane,Precinct 743,Judge of the Circuit Court,"2nd District, Position 16",,Jessica E. May,187
Lane,Precinct 747,Judge of the Circuit Court,"2nd District, Position 16",,Jessica E. May,1323
Lane,Precinct 751,Judge of the Circuit Court,"2nd District, Position 16",,Jessica E. May,1159
Lane,Precinct 753,Judge of the Circuit Court,"2nd District, Position 16",,Jessica E. May,335
Lane,Precinct 755,Judge of the Circuit Court,"2nd District, Position 16",,Jessica E. May,792
Lane,Precinct 757,Judge of the Circuit Court,"2nd District, Position 16",,Jessica E. May,623
Lane,Precinct 759,Judge of the Circuit Court,"2nd District, Position 16",,Jessica E. May,773
Lane,Precinct 765,Judge of the Circuit Court,"2nd District, Position 16",,Jessica E. May,665
Lane,Precinct 1120,Judge of the Circuit Court,"2nd District, Position 16",,Over Votes,0
Lane,Precinct 1122,Judge of the Circuit Court,"2nd District, Position 16",,Over Votes,0
Lane,Precinct 1124,Judge of the Circuit Court,"2nd District, Position 16",,Over Votes,0
Lane,Precinct 1126,Judge of the Circuit Court,"2nd District, Position 16",,Over Votes,0
Lane,Precinct 1230,Judge of the Circuit Court,"2nd District, Position 16",,Over Votes,0
Lane,Precinct 1232,Judge of the Circuit Court,"2nd District, Position 16",,Over Votes,0
Lane,Precinct 1234,Judge of the Circuit Court,"2nd District, Position 16",,Over Votes,0
Lane,Precinct 1340,Judge of the Circuit Court,"2nd District, Position 16",,Over Votes,0
Lane,Precinct 1342,Judge of the Circuit Court,"2nd District, Position 16",,Over Votes,0
Lane,Precinct 1450,Judge of the Circuit Court,"2nd District, Position 16",,Over Votes,0
Lane,Precinct 1452,Judge of the Circuit Court,"2nd District, Position 16",,Over Votes,0
Lane,Precinct 1454,Judge of the Circuit Court,"2nd District, Position 16",,Over Votes,0
Lane,Precinct 1560,Judge of the Circuit Court,"2nd District, Position 16",,Over Votes,0
Lane,Precinct 1562,Judge of the Circuit Court,"2nd District, Position 16",,Over Votes,0
Lane,Precinct 1564,Judge of the Circuit Court,"2nd District, Position 16",,Over Votes,0
Lane,Precinct 1670,Judge of the Circuit Court,"2nd District, Position 16",,Over Votes,0
Lane,Precinct 1672,Judge of the Circuit Court,"2nd District, Position 16",,Over Votes,0
Lane,Precinct 1780,Judge of the Circuit Court,"2nd District, Position 16",,Over Votes,0
Lane,Precinct 1782,Judge of the Circuit Court,"2nd District, Position 16",,Over Votes,0
Lane,Precinct 1784,Judge of the Circuit Court,"2nd District, Position 16",,Over Votes,0
Lane,Precinct 1786,Judge of the Circuit Court,"2nd District, Position 16",,Over Votes,0
Lane,Precinct 1890,Judge of the Circuit Court,"2nd District, Position 16",,Over Votes,0
Lane,Precinct 1892,Judge of the Circuit Court,"2nd District, Position 16",,Over Votes,0
Lane,Precinct 1894,Judge of the Circuit Court,"2nd District, Position 16",,Over Votes,0
Lane,Precinct 2122,Judge of the Circuit Court,"2nd District, Position 16",,Over Votes,1
Lane,Precinct 2238,Judge of the Circuit Court,"2nd District, Position 16",,Over Votes,0
Lane,Precinct 2340,Judge of the Circuit Court,"2nd District, Position 16",,Over Votes,0
Lane,Precinct 2456,Judge of the Circuit Court,"2nd District, Position 16",,Over Votes,0
Lane,Precinct 2562,Judge of the Circuit Court,"2nd District, Position 16",,Over Votes,0
Lane,Precinct 2676,Judge of the Circuit Court,"2nd District, Position 16",,Over Votes,0
Lane,Precinct 4200,Judge of the Circuit Court,"2nd District, Position 16",,Over Votes,0
Lane,Precinct 4300,Judge of the Circuit Court,"2nd District, Position 16",,Over Votes,0
Lane,Precinct 4400,Judge of the Circuit Court,"2nd District, Position 16",,Over Votes,0
Lane,Precinct 4500,Judge of the Circuit Court,"2nd District, Position 16",,Over Votes,0
Lane,Precinct 4600,Judge of the Circuit Court,"2nd District, Position 16",,Over Votes,0
Lane,Precinct 4700,Judge of the Circuit Court,"2nd District, Position 16",,Over Votes,0
Lane,Precinct 4800,Judge of the Circuit Court,"2nd District, Position 16",,Over Votes,0
Lane,Precinct 4900,Judge of the Circuit Court,"2nd District, Position 16",,Over Votes,0
Lane,Precinct 701,Judge of the Circuit Court,"2nd District, Position 16",,Over Votes,0
Lane,Precinct 703,Judge of the Circuit Court,"2nd District, Position 16",,Over Votes,0
Lane,Precinct 705,Judge of the Circuit Court,"2nd District, Position 16",,Over Votes,0
Lane,Precinct 707,Judge of the Circuit Court,"2nd District, Position 16",,Over Votes,0
Lane,Precinct 709,Judge of the Circuit Court,"2nd District, Position 16",,Over Votes,0
Lane,Precinct 711,Judge of the Circuit Court,"2nd District, Position 16",,Over Votes,0
Lane,Precinct 713,Judge of the Circuit Court,"2nd District, Position 16",,Over Votes,0
Lane,Precinct 715,Judge of the Circuit Court,"2nd District, Position 16",,Over Votes,0
Lane,Precinct 717,Judge of the Circuit Court,"2nd District, Position 16",,Over Votes,0
Lane,Precinct 719,Judge of the Circuit Court,"2nd District, Position 16",,Over Votes,0
Lane,Precinct 721,Judge of the Circuit Court,"2nd District, Position 16",,Over Votes,0
Lane,Precinct 723,Judge of the Circuit Court,"2nd District, Position 16",,Over Votes,0
Lane,Precinct 725,Judge of the Circuit Court,"2nd District, Position 16",,Over Votes,0
Lane,Precinct 727,Judge of the Circuit Court,"2nd District, Position 16",,Over Votes,0
Lane,Precinct 729,Judge of the Circuit Court,"2nd District, Position 16",,Over Votes,0
Lane,Precinct 731,Judge of the Circuit Court,"2nd District, Position 16",,Over Votes,0
Lane,Precinct 733,Judge of the Circuit Court,"2nd District, Position 16",,Over Votes,1
Lane,Precinct 737,Judge of the Circuit Court,"2nd District, Position 16",,Over Votes,0
Lane,Precinct 739,Judge of the Circuit Court,"2nd District, Position 16",,Over Votes,0
Lane,Precinct 741,Judge of the Circuit Court,"2nd District, Position 16",,Over Votes,1
Lane,Precinct 743,Judge of the Circuit Court,"2nd District, Position 16",,Over Votes,0
Lane,Precinct 747,Judge of the Circuit Court,"2nd District, Position 16",,Over Votes,0
Lane,Precinct 751,Judge of the Circuit Court,"2nd District, Position 16",,Over Votes,0
Lane,Precinct 753,Judge of the Circuit Court,"2nd District, Position 16",,Over Votes,0
Lane,Precinct 755,Judge of the Circuit Court,"2nd District, Position 16",,Over Votes,0
Lane,Precinct 757,Judge of the Circuit Court,"2nd District, Position 16",,Over Votes,0
Lane,Precinct 759,Judge of the Circuit Court,"2nd District, Position 16",,Over Votes,0
Lane,Precinct 765,Judge of the Circuit Court,"2nd District, Position 16",,Over Votes,0
Lane,Precinct 1120,Judge of the Circuit Court,"2nd District, Position 16",,Under Votes,535
Lane,Precinct 1122,Judge of the Circuit Court,"2nd District, Position 16",,Under Votes,1235
Lane,Precinct 1124,Judge of the Circuit Court,"2nd District, Position 16",,Under Votes,407
Lane,Precinct 1126,Judge of the Circuit Court,"2nd District, Position 16",,Under Votes,1625
Lane,Precinct 1230,Judge of the Circuit Court,"2nd District, Position 16",,Under Votes,1777
Lane,Precinct 1232,Judge of the Circuit Court,"2nd District, Position 16",,Under Votes,1789
Lane,Precinct 1234,Judge of the Circuit Court,"2nd District, Position 16",,Under Votes,1108
Lane,Precinct 1340,Judge of the Circuit Court,"2nd District, Position 16",,Under Votes,1261
Lane,Precinct 1342,Judge of the Circuit Court,"2nd District, Position 16",,Under Votes,397
Lane,Precinct 1450,Judge of the Circuit Court,"2nd District, Position 16",,Under Votes,1626
Lane,Precinct 1452,Judge of the Circuit Court,"2nd District, Position 16",,Under Votes,1319
Lane,Precinct 1454,Judge of the Circuit Court,"2nd District, Position 16",,Under Votes,319
Lane,Precinct 1560,Judge of the Circuit Court,"2nd District, Position 16",,Under Votes,632
Lane,Precinct 1562,Judge of the Circuit Court,"2nd District, Position 16",,Under Votes,1783
Lane,Precinct 1564,Judge of the Circuit Court,"2nd District, Position 16",,Under Votes,1807
Lane,Precinct 1670,Judge of the Circuit Court,"2nd District, Position 16",,Under Votes,1753
Lane,Precinct 1672,Judge of the Circuit Court,"2nd District, Position 16",,Under Votes,1262
Lane,Precinct 1780,Judge of the Circuit Court,"2nd District, Position 16",,Under Votes,358
Lane,Precinct 1782,Judge of the Circuit Court,"2nd District, Position 16",,Under Votes,512
Lane,Precinct 1784,Judge of the Circuit Court,"2nd District, Position 16",,Under Votes,1156
Lane,Precinct 1786,Judge of the Circuit Court,"2nd District, Position 16",,Under Votes,744
Lane,Precinct 1890,Judge of the Circuit Court,"2nd District, Position 16",,Under Votes,750
Lane,Precinct 1892,Judge of the Circuit Court,"2nd District, Position 16",,Under Votes,1382
Lane,Precinct 1894,Judge of the Circuit Court,"2nd District, Position 16",,Under Votes,1190
Lane,Precinct 2122,Judge of the Circuit Court,"2nd District, Position 16",,Under Votes,1126
Lane,Precinct 2238,Judge of the Circuit Court,"2nd District, Position 16",,Under Votes,1407
Lane,Precinct 2340,Judge of the Circuit Court,"2nd District, Position 16",,Under Votes,1541
Lane,Precinct 2456,Judge of the Circuit Court,"2nd District, Position 16",,Under Votes,1165
Lane,Precinct 2562,Judge of the Circuit Court,"2nd District, Position 16",,Under Votes,1410
Lane,Precinct 2676,Judge of the Circuit Court,"2nd District, Position 16",,Under Votes,1969
Lane,Precinct 4200,Judge of the Circuit Court,"2nd District, Position 16",,Under Votes,321
Lane,Precinct 4300,Judge of the Circuit Court,"2nd District, Position 16",,Under Votes,1710
Lane,Precinct 4400,Judge of the Circuit Court,"2nd District, Position 16",,Under Votes,913
Lane,Precinct 4500,Judge of the Circuit Court,"2nd District, Position 16",,Under Votes,471
Lane,Precinct 4600,Judge of the Circuit Court,"2nd District, Position 16",,Under Votes,2164
Lane,Precinct 4700,Judge of the Circuit Court,"2nd District, Position 16",,Under Votes,1164
Lane,Precinct 4800,Judge of the Circuit Court,"2nd District, Position 16",,Under Votes,423
Lane,Precinct 4900,Judge of the Circuit Court,"2nd District, Position 16",,Under Votes,845
Lane,Precinct 701,Judge of the Circuit Court,"2nd District, Position 16",,Under Votes,603
Lane,Precinct 703,Judge of the Circuit Court,"2nd District, Position 16",,Under Votes,105
Lane,Precinct 705,Judge of the Circuit Court,"2nd District, Position 16",,Under Votes,843
Lane,Precinct 707,Judge of the Circuit Court,"2nd District, Position 16",,Under Votes,241
Lane,Precinct 709,Judge of the Circuit Court,"2nd District, Position 16",,Under Votes,650
Lane,Precinct 711,Judge of the Circuit Court,"2nd District, Position 16",,Under Votes,1624
Lane,Precinct 713,Judge of the Circuit Court,"2nd District, Position 16",,Under Votes,471
Lane,Precinct 715,Judge of the Circuit Court,"2nd District, Position 16",,Under Votes,666
Lane,Precinct 717,Judge of the Circuit Court,"2nd District, Position 16",,Under Votes,1052
Lane,Precinct 719,Judge of the Circuit Court,"2nd District, Position 16",,Under Votes,149
Lane,Precinct 721,Judge of the Circuit Court,"2nd District, Position 16",,Under Votes,266
Lane,Precinct 723,Judge of the Circuit Court,"2nd District, Position 16",,Under Votes,1106
Lane,Precinct 725,Judge of the Circuit Court,"2nd District, Position 16",,Under Votes,818
Lane,Precinct 727,Judge of the Circuit Court,"2nd District, Position 16",,Under Votes,613
Lane,Precinct 729,Judge of the Circuit Court,"2nd District, Position 16",,Under Votes,170
Lane,Precinct 731,Judge of the Circuit Court,"2nd District, Position 16",,Under Votes,1523
Lane,Precinct 733,Judge of the Circuit Court,"2nd District, Position 16",,Under Votes,2000
Lane,Precinct 737,Judge of the Circuit Court,"2nd District, Position 16",,Under Votes,1223
Lane,Precinct 739,Judge of the Circuit Court,"2nd District, Position 16",,Under Votes,620
Lane,Precinct 741,Judge of the Circuit Court,"2nd District, Position 16",,Under Votes,234
Lane,Precinct 743,Judge of the Circuit Court,"2nd District, Position 16",,Under Votes,221
Lane,Precinct 747,Judge of the Circuit Court,"2nd District, Position 16",,Under Votes,1996
Lane,Precinct 751,Judge of the Circuit Court,"2nd District, Position 16",,Under Votes,1805
Lane,Precinct 753,Judge of the Circuit Court,"2nd District, Position 16",,Under Votes,595
Lane,Precinct 755,Judge of the Circuit Court,"2nd District, Position 16",,Under Votes,1141
Lane,Precinct 757,Judge of the Circuit Court,"2nd District, Position 16",,Under Votes,1043
Lane,Precinct 759,Judge of the Circuit Court,"2nd District, Position 16",,Under Votes,920
Lane,Precinct 765,Judge of the Circuit Court,"2nd District, Position 16",,Under Votes,847
Lane,Precinct 1120,Judge of the Circuit Court,"2nd District, Position 16",,Write-ins,12
Lane,Precinct 1122,Judge of the Circuit Court,"2nd District, Position 16",,Write-ins,9
Lane,Precinct 1124,Judge of the Circuit Court,"2nd District, Position 16",,Write-ins,4
Lane,Precinct 1126,Judge of the Circuit Court,"2nd District, Position 16",,Write-ins,12
Lane,Precinct 1230,Judge of the Circuit Court,"2nd District, Position 16",,Write-ins,15
Lane,Precinct 1232,Judge of the Circuit Court,"2nd District, Position 16",,Write-ins,14
Lane,Precinct 1234,Judge of the Circuit Court,"2nd District, Position 16",,Write-ins,16
Lane,Precinct 1340,Judge of the Circuit Court,"2nd District, Position 16",,Write-ins,12
Lane,Precinct 1342,Judge of the Circuit Court,"2nd District, Position 16",,Write-ins,5
Lane,Precinct 1450,Judge of the Circuit Court,"2nd District, Position 16",,Write-ins,25
Lane,Precinct 1452,Judge of the Circuit Court,"2nd District, Position 16",,Write-ins,13
Lane,Precinct 1454,Judge of the Circuit Court,"2nd District, Position 16",,Write-ins,4
Lane,Precinct 1560,Judge of the Circuit Court,"2nd District, Position 16",,Write-ins,10
Lane,Precinct 1562,Judge of the Circuit Court,"2nd District, Position 16",,Write-ins,19
Lane,Precinct 1564,Judge of the Circuit Court,"2nd District, Position 16",,Write-ins,21
Lane,Precinct 1670,Judge of the Circuit Court,"2nd District, Position 16",,Write-ins,39
Lane,Precinct 1672,Judge of the Circuit Court,"2nd District, Position 16",,Write-ins,21
Lane,Precinct 1780,Judge of the Circuit Court,"2nd District, Position 16",,Write-ins,17
Lane,Precinct 1782,Judge of the Circuit Court,"2nd District, Position 16",,Write-ins,7
Lane,Precinct 1784,Judge of the Circuit Court,"2nd District, Position 16",,Write-ins,19
Lane,Precinct 1786,Judge of the Circuit Court,"2nd District, Position 16",,Write-ins,11
Lane,Precinct 1890,Judge of the Circuit Court,"2nd District, Position 16",,Write-ins,16
Lane,Precinct 1892,Judge of the Circuit Court,"2nd District, Position 16",,Write-ins,19
Lane,Precinct 1894,Judge of the Circuit Court,"2nd District, Position 16",,Write-ins,6
Lane,Precinct 2122,Judge of the Circuit Court,"2nd District, Position 16",,Write-ins,17
Lane,Precinct 2238,Judge of the Circuit Court,"2nd District, Position 16",,Write-ins,16
Lane,Precinct 2340,Judge of the Circuit Court,"2nd District, Position 16",,Write-ins,24
Lane,Precinct 2456,Judge of the Circuit Court,"2nd District, Position 16",,Write-ins,17
Lane,Precinct 2562,Judge of the Circuit Court,"2nd District, Position 16",,Write-ins,31
Lane,Precinct 2676,Judge of the Circuit Court,"2nd District, Position 16",,Write-ins,42
Lane,Precinct 4200,Judge of the Circuit Court,"2nd District, Position 16",,Write-ins,4
Lane,Precinct 4300,Judge of the Circuit Court,"2nd District, Position 16",,Write-ins,40
Lane,Precinct 4400,Judge of the Circuit Court,"2nd District, Position 16",,Write-ins,21
Lane,Precinct 4500,Judge of the Circuit Court,"2nd District, Position 16",,Write-ins,1
Lane,Precinct 4600,Judge of the Circuit Court,"2nd District, Position 16",,Write-ins,28
Lane,Precinct 4700,Judge of the Circuit Court,"2nd District, Position 16",,Write-ins,20
Lane,Precinct 4800,Judge of the Circuit Court,"2nd District, Position 16",,Write-ins,14
Lane,Precinct 4900,Judge of the Circuit Court,"2nd District, Position 16",,Write-ins,26
Lane,Precinct 701,Judge of the Circuit Court,"2nd District, Position 16",,Write-ins,4
Lane,Precinct 703,Judge of the Circuit Court,"2nd District, Position 16",,Write-ins,2
Lane,Precinct 705,Judge of the Circuit Court,"2nd District, Position 16",,Write-ins,16
Lane,Precinct 707,Judge of the Circuit Court,"2nd District, Position 16",,Write-ins,7
Lane,Precinct 709,Judge of the Circuit Court,"2nd District, Position 16",,Write-ins,13
Lane,Precinct 711,Judge of the Circuit Court,"2nd District, Position 16",,Write-ins,33
Lane,Precinct 713,Judge of the Circuit Court,"2nd District, Position 16",,Write-ins,2
Lane,Precinct 715,Judge of the Circuit Court,"2nd District, Position 16",,Write-ins,10
Lane,Precinct 717,Judge of the Circuit Court,"2nd District, Position 16",,Write-ins,43
Lane,Precinct 719,Judge of the Circuit Court,"2nd District, Position 16",,Write-ins,2
Lane,Precinct 721,Judge of the Circuit Court,"2nd District, Position 16",,Write-ins,4
Lane,Precinct 723,Judge of the Circuit Court,"2nd District, Position 16",,Write-ins,12
Lane,Precinct 725,Judge of the Circuit Court,"2nd District, Position 16",,Write-ins,10
Lane,Precinct 727,Judge of the Circuit Court,"2nd District, Position 16",,Write-ins,9
Lane,Precinct 729,Judge of the Circuit Court,"2nd District, Position 16",,Write-ins,5
Lane,Precinct 731,Judge of the Circuit Court,"2nd District, Position 16",,Write-ins,29
Lane,Precinct 733,Judge of the Circuit Court,"2nd District, Position 16",,Write-ins,22
Lane,Precinct 737,Judge of the Circuit Court,"2nd District, Position 16",,Write-ins,13
Lane,Precinct 739,Judge of the Circuit Court,"2nd District, Position 16",,Write-ins,10
Lane,Precinct 741,Judge of the Circuit Court,"2nd District, Position 16",,Write-ins,2
Lane,Precinct 743,Judge of the Circuit Court,"2nd District, Position 16",,Write-ins,4
Lane,Precinct 747,Judge of the Circuit Court,"2nd District, Position 16",,Write-ins,40
Lane,Precinct 751,Judge of the Circuit Court,"2nd District, Position 16",,Write-ins,17
Lane,Precinct 753,Judge of the Circuit Court,"2nd District, Position 16",,Write-ins,9
Lane,Precinct 755,Judge of the Circuit Court,"2nd District, Position 16",,Write-ins,18
Lane,Precinct 757,Judge of the Circuit Court,"2nd District, Position 16",,Write-ins,14
Lane,Precinct 759,Judge of the Circuit Court,"2nd District, Position 16",,Write-ins,22
Lane,Precinct 765,Judge of the Circuit Court,"2nd District, Position 16",,Write-ins,16
Lane,Precinct 1120,Judge of the Circuit Court,"2nd District, Position 17",,Allison Knight,494
Lane,Precinct 1122,Judge of the Circuit Court,"2nd District, Position 17",,Allison Knight,1008
Lane,Precinct 1124,Judge of the Circuit Court,"2nd District, Position 17",,Allison Knight,377
Lane,Precinct 1126,Judge of the Circuit Court,"2nd District, Position 17",,Allison Knight,1440
Lane,Precinct 1230,Judge of the Circuit Court,"2nd District, Position 17",,Allison Knight,1665
Lane,Precinct 1232,Judge of the Circuit Court,"2nd District, Position 17",,Allison Knight,1816
Lane,Precinct 1234,Judge of the Circuit Court,"2nd District, Position 17",,Allison Knight,1036
Lane,Precinct 1340,Judge of the Circuit Court,"2nd District, Position 17",,Allison Knight,1251
Lane,Precinct 1342,Judge of the Circuit Court,"2nd District, Position 17",,Allison Knight,380
Lane,Precinct 1450,Judge of the Circuit Court,"2nd District, Position 17",,Allison Knight,1662
Lane,Precinct 1452,Judge of the Circuit Court,"2nd District, Position 17",,Allison Knight,1215
Lane,Precinct 1454,Judge of the Circuit Court,"2nd District, Position 17",,Allison Knight,440
Lane,Precinct 1560,Judge of the Circuit Court,"2nd District, Position 17",,Allison Knight,522
Lane,Precinct 1562,Judge of the Circuit Court,"2nd District, Position 17",,Allison Knight,1684
Lane,Precinct 1564,Judge of the Circuit Court,"2nd District, Position 17",,Allison Knight,2008
Lane,Precinct 1670,Judge of the Circuit Court,"2nd District, Position 17",,Allison Knight,1733
Lane,Precinct 1672,Judge of the Circuit Court,"2nd District, Position 17",,Allison Knight,1244
Lane,Precinct 1780,Judge of the Circuit Court,"2nd District, Position 17",,Allison Knight,361
Lane,Precinct 1782,Judge of the Circuit Court,"2nd District, Position 17",,Allison Knight,508
Lane,Precinct 1784,Judge of the Circuit Court,"2nd District, Position 17",,Allison Knight,1034
Lane,Precinct 1786,Judge of the Circuit Court,"2nd District, Position 17",,Allison Knight,697
Lane,Precinct 1890,Judge of the Circuit Court,"2nd District, Position 17",,Allison Knight,683
Lane,Precinct 1892,Judge of the Circuit Court,"2nd District, Position 17",,Allison Knight,1381
Lane,Precinct 1894,Judge of the Circuit Court,"2nd District, Position 17",,Allison Knight,1186
Lane,Precinct 2122,Judge of the Circuit Court,"2nd District, Position 17",,Allison Knight,1165
Lane,Precinct 2238,Judge of the Circuit Court,"2nd District, Position 17",,Allison Knight,1330
Lane,Precinct 2340,Judge of the Circuit Court,"2nd District, Position 17",,Allison Knight,1388
Lane,Precinct 2456,Judge of the Circuit Court,"2nd District, Position 17",,Allison Knight,1188
Lane,Precinct 2562,Judge of the Circuit Court,"2nd District, Position 17",,Allison Knight,1538
Lane,Precinct 2676,Judge of the Circuit Court,"2nd District, Position 17",,Allison Knight,1565
Lane,Precinct 4200,Judge of the Circuit Court,"2nd District, Position 17",,Allison Knight,278
Lane,Precinct 4300,Judge of the Circuit Court,"2nd District, Position 17",,Allison Knight,1402
Lane,Precinct 4400,Judge of the Circuit Court,"2nd District, Position 17",,Allison Knight,867
Lane,Precinct 4500,Judge of the Circuit Court,"2nd District, Position 17",,Allison Knight,387
Lane,Precinct 4600,Judge of the Circuit Court,"2nd District, Position 17",,Allison Knight,2268
Lane,Precinct 4700,Judge of the Circuit Court,"2nd District, Position 17",,Allison Knight,1081
Lane,Precinct 4800,Judge of the Circuit Court,"2nd District, Position 17",,Allison Knight,451
Lane,Precinct 4900,Judge of the Circuit Court,"2nd District, Position 17",,Allison Knight,766
Lane,Precinct 701,Judge of the Circuit Court,"2nd District, Position 17",,Allison Knight,565
Lane,Precinct 703,Judge of the Circuit Court,"2nd District, Position 17",,Allison Knight,82
Lane,Precinct 705,Judge of the Circuit Court,"2nd District, Position 17",,Allison Knight,765
Lane,Precinct 707,Judge of the Circuit Court,"2nd District, Position 17",,Allison Knight,205
Lane,Precinct 709,Judge of the Circuit Court,"2nd District, Position 17",,Allison Knight,434
Lane,Precinct 711,Judge of the Circuit Court,"2nd District, Position 17",,Allison Knight,932
Lane,Precinct 713,Judge of the Circuit Court,"2nd District, Position 17",,Allison Knight,310
Lane,Precinct 715,Judge of the Circuit Court,"2nd District, Position 17",,Allison Knight,467
Lane,Precinct 717,Judge of the Circuit Court,"2nd District, Position 17",,Allison Knight,761
Lane,Precinct 719,Judge of the Circuit Court,"2nd District, Position 17",,Allison Knight,113
Lane,Precinct 721,Judge of the Circuit Court,"2nd District, Position 17",,Allison Knight,199
Lane,Precinct 723,Judge of the Circuit Court,"2nd District, Position 17",,Allison Knight,719
Lane,Precinct 725,Judge of the Circuit Court,"2nd District, Position 17",,Allison Knight,399
Lane,Precinct 727,Judge of the Circuit Court,"2nd District, Position 17",,Allison Knight,406
Lane,Precinct 729,Judge of the Circuit Court,"2nd District, Position 17",,Allison Knight,125
Lane,Precinct 731,Judge of the Circuit Court,"2nd District, Position 17",,Allison Knight,1307
Lane,Precinct 733,Judge of the Circuit Court,"2nd District, Position 17",,Allison Knight,1646
Lane,Precinct 737,Judge of the Circuit Court,"2nd District, Position 17",,Allison Knight,1012
Lane,Precinct 739,Judge of the Circuit Court,"2nd District, Position 17",,Allison Knight,464
Lane,Precinct 741,Judge of the Circuit Court,"2nd District, Position 17",,Allison Knight,252
Lane,Precinct 743,Judge of the Circuit Court,"2nd District, Position 17",,Allison Knight,188
Lane,Precinct 747,Judge of the Circuit Court,"2nd District, Position 17",,Allison Knight,1330
Lane,Precinct 751,Judge of the Circuit Court,"2nd District, Position 17",,Allison Knight,1151
Lane,Precinct 753,Judge of the Circuit Court,"2nd District, Position 17",,Allison Knight,340
Lane,Precinct 755,Judge of the Circuit Court,"2nd District, Position 17",,Allison Knight,801
Lane,Precinct 757,Judge of the Circuit Court,"2nd District, Position 17",,Allison Knight,643
Lane,Precinct 759,Judge of the Circuit Court,"2nd District, Position 17",,Allison Knight,783
Lane,Precinct 765,Judge of the Circuit Court,"2nd District, Position 17",,Allison Knight,673
Lane,Precinct 1120,Judge of the Circuit Court,"2nd District, Position 17",,Over Votes,0
Lane,Precinct 1122,Judge of the Circuit Court,"2nd District, Position 17",,Over Votes,0
Lane,Precinct 1124,Judge of the Circuit Court,"2nd District, Position 17",,Over Votes,0
Lane,Precinct 1126,Judge of the Circuit Court,"2nd District, Position 17",,Over Votes,0
Lane,Precinct 1230,Judge of the Circuit Court,"2nd District, Position 17",,Over Votes,0
Lane,Precinct 1232,Judge of the Circuit Court,"2nd District, Position 17",,Over Votes,0
Lane,Precinct 1234,Judge of the Circuit Court,"2nd District, Position 17",,Over Votes,0
Lane,Precinct 1340,Judge of the Circuit Court,"2nd District, Position 17",,Over Votes,0
Lane,Precinct 1342,Judge of the Circuit Court,"2nd District, Position 17",,Over Votes,0
Lane,Precinct 1450,Judge of the Circuit Court,"2nd District, Position 17",,Over Votes,0
Lane,Precinct 1452,Judge of the Circuit Court,"2nd District, Position 17",,Over Votes,0
Lane,Precinct 1454,Judge of the Circuit Court,"2nd District, Position 17",,Over Votes,0
Lane,Precinct 1560,Judge of the Circuit Court,"2nd District, Position 17",,Over Votes,0
Lane,Precinct 1562,Judge of the Circuit Court,"2nd District, Position 17",,Over Votes,0
Lane,Precinct 1564,Judge of the Circuit Court,"2nd District, Position 17",,Over Votes,0
Lane,Precinct 1670,Judge of the Circuit Court,"2nd District, Position 17",,Over Votes,0
Lane,Precinct 1672,Judge of the Circuit Court,"2nd District, Position 17",,Over Votes,0
Lane,Precinct 1780,Judge of the Circuit Court,"2nd District, Position 17",,Over Votes,0
Lane,Precinct 1782,Judge of the Circuit Court,"2nd District, Position 17",,Over Votes,0
Lane,Precinct 1784,Judge of the Circuit Court,"2nd District, Position 17",,Over Votes,0
Lane,Precinct 1786,Judge of the Circuit Court,"2nd District, Position 17",,Over Votes,0
Lane,Precinct 1890,Judge of the Circuit Court,"2nd District, Position 17",,Over Votes,0
Lane,Precinct 1892,Judge of the Circuit Court,"2nd District, Position 17",,Over Votes,0
Lane,Precinct 1894,Judge of the Circuit Court,"2nd District, Position 17",,Over Votes,0
Lane,Precinct 2122,Judge of the Circuit Court,"2nd District, Position 17",,Over Votes,0
Lane,Precinct 2238,Judge of the Circuit Court,"2nd District, Position 17",,Over Votes,0
Lane,Precinct 2340,Judge of the Circuit Court,"2nd District, Position 17",,Over Votes,0
Lane,Precinct 2456,Judge of the Circuit Court,"2nd District, Position 17",,Over Votes,0
Lane,Precinct 2562,Judge of the Circuit Court,"2nd District, Position 17",,Over Votes,0
Lane,Precinct 2676,Judge of the Circuit Court,"2nd District, Position 17",,Over Votes,0
Lane,Precinct 4200,Judge of the Circuit Court,"2nd District, Position 17",,Over Votes,0
Lane,Precinct 4300,Judge of the Circuit Court,"2nd District, Position 17",,Over Votes,0
Lane,Precinct 4400,Judge of the Circuit Court,"2nd District, Position 17",,Over Votes,0
Lane,Precinct 4500,Judge of the Circuit Court,"2nd District, Position 17",,Over Votes,0
Lane,Precinct 4600,Judge of the Circuit Court,"2nd District, Position 17",,Over Votes,0
Lane,Precinct 4700,Judge of the Circuit Court,"2nd District, Position 17",,Over Votes,0
Lane,Precinct 4800,Judge of the Circuit Court,"2nd District, Position 17",,Over Votes,0
Lane,Precinct 4900,Judge of the Circuit Court,"2nd District, Position 17",,Over Votes,1
Lane,Precinct 701,Judge of the Circuit Court,"2nd District, Position 17",,Over Votes,0
Lane,Precinct 703,Judge of the Circuit Court,"2nd District, Position 17",,Over Votes,0
Lane,Precinct 705,Judge of the Circuit Court,"2nd District, Position 17",,Over Votes,0
Lane,Precinct 707,Judge of the Circuit Court,"2nd District, Position 17",,Over Votes,0
Lane,Precinct 709,Judge of the Circuit Court,"2nd District, Position 17",,Over Votes,0
Lane,Precinct 711,Judge of the Circuit Court,"2nd District, Position 17",,Over Votes,0
Lane,Precinct 713,Judge of the Circuit Court,"2nd District, Position 17",,Over Votes,0
Lane,Precinct 715,Judge of the Circuit Court,"2nd District, Position 17",,Over Votes,0
Lane,Precinct 717,Judge of the Circuit Court,"2nd District, Position 17",,Over Votes,0
Lane,Precinct 719,Judge of the Circuit Court,"2nd District, Position 17",,Over Votes,0
Lane,Precinct 721,Judge of the Circuit Court,"2nd District, Position 17",,Over Votes,0
Lane,Precinct 723,Judge of the Circuit Court,"2nd District, Position 17",,Over Votes,0
Lane,Precinct 725,Judge of the Circuit Court,"2nd District, Position 17",,Over Votes,0
Lane,Precinct 727,Judge of the Circuit Court,"2nd District, Position 17",,Over Votes,0
Lane,Precinct 729,Judge of the Circuit Court,"2nd District, Position 17",,Over Votes,0
Lane,Precinct 731,Judge of the Circuit Court,"2nd District, Position 17",,Over Votes,0
Lane,Precinct 733,Judge of the Circuit Court,"2nd District, Position 17",,Over Votes,1
Lane,Precinct 737,Judge of the Circuit Court,"2nd District, Position 17",,Over Votes,0
Lane,Precinct 739,Judge of the Circuit Court,"2nd District, Position 17",,Over Votes,0
Lane,Precinct 741,Judge of the Circuit Court,"2nd District, Position 17",,Over Votes,1
Lane,Precinct 743,Judge of the Circuit Court,"2nd District, Position 17",,Over Votes,0
Lane,Precinct 747,Judge of the Circuit Court,"2nd District, Position 17",,Over Votes,0
Lane,Precinct 751,Judge of the Circuit Court,"2nd District, Position 17",,Over Votes,0
Lane,Precinct 753,Judge of the Circuit Court,"2nd District, Position 17",,Over Votes,0
Lane,Precinct 755,Judge of the Circuit Court,"2nd District, Position 17",,Over Votes,0
Lane,Precinct 757,Judge of the Circuit Court,"2nd District, Position 17",,Over Votes,0
Lane,Precinct 759,Judge of the Circuit Court,"2nd District, Position 17",,Over Votes,0
Lane,Precinct 765,Judge of the Circuit Court,"2nd District, Position 17",,Over Votes,0
Lane,Precinct 1120,Judge of the Circuit Court,"2nd District, Position 17",,Under Votes,530
Lane,Precinct 1122,Judge of the Circuit Court,"2nd District, Position 17",,Under Votes,1207
Lane,Precinct 1124,Judge of the Circuit Court,"2nd District, Position 17",,Under Votes,404
Lane,Precinct 1126,Judge of the Circuit Court,"2nd District, Position 17",,Under Votes,1614
Lane,Precinct 1230,Judge of the Circuit Court,"2nd District, Position 17",,Under Votes,1742
Lane,Precinct 1232,Judge of the Circuit Court,"2nd District, Position 17",,Under Votes,1771
Lane,Precinct 1234,Judge of the Circuit Court,"2nd District, Position 17",,Under Votes,1100
Lane,Precinct 1340,Judge of the Circuit Court,"2nd District, Position 17",,Under Votes,1260
Lane,Precinct 1342,Judge of the Circuit Court,"2nd District, Position 17",,Under Votes,391
Lane,Precinct 1450,Judge of the Circuit Court,"2nd District, Position 17",,Under Votes,1655
Lane,Precinct 1452,Judge of the Circuit Court,"2nd District, Position 17",,Under Votes,1315
Lane,Precinct 1454,Judge of the Circuit Court,"2nd District, Position 17",,Under Votes,323
Lane,Precinct 1560,Judge of the Circuit Court,"2nd District, Position 17",,Under Votes,631
Lane,Precinct 1562,Judge of the Circuit Court,"2nd District, Position 17",,Under Votes,1795
Lane,Precinct 1564,Judge of the Circuit Court,"2nd District, Position 17",,Under Votes,1821
Lane,Precinct 1670,Judge of the Circuit Court,"2nd District, Position 17",,Under Votes,1742
Lane,Precinct 1672,Judge of the Circuit Court,"2nd District, Position 17",,Under Votes,1251
Lane,Precinct 1780,Judge of the Circuit Court,"2nd District, Position 17",,Under Votes,360
Lane,Precinct 1782,Judge of the Circuit Court,"2nd District, Position 17",,Under Votes,503
Lane,Precinct 1784,Judge of the Circuit Court,"2nd District, Position 17",,Under Votes,1149
Lane,Precinct 1786,Judge of the Circuit Court,"2nd District, Position 17",,Under Votes,741
Lane,Precinct 1890,Judge of the Circuit Court,"2nd District, Position 17",,Under Votes,744
Lane,Precinct 1892,Judge of the Circuit Court,"2nd District, Position 17",,Under Votes,1368
Lane,Precinct 1894,Judge of the Circuit Court,"2nd District, Position 17",,Under Votes,1182
Lane,Precinct 2122,Judge of the Circuit Court,"2nd District, Position 17",,Under Votes,1104
Lane,Precinct 2238,Judge of the Circuit Court,"2nd District, Position 17",,Under Votes,1406
Lane,Precinct 2340,Judge of the Circuit Court,"2nd District, Position 17",,Under Votes,1524
Lane,Precinct 2456,Judge of the Circuit Court,"2nd District, Position 17",,Under Votes,1160
Lane,Precinct 2562,Judge of the Circuit Court,"2nd District, Position 17",,Under Votes,1400
Lane,Precinct 2676,Judge of the Circuit Court,"2nd District, Position 17",,Under Votes,1957
Lane,Precinct 4200,Judge of the Circuit Court,"2nd District, Position 17",,Under Votes,326
Lane,Precinct 4300,Judge of the Circuit Court,"2nd District, Position 17",,Under Votes,1708
Lane,Precinct 4400,Judge of the Circuit Court,"2nd District, Position 17",,Under Votes,909
Lane,Precinct 4500,Judge of the Circuit Court,"2nd District, Position 17",,Under Votes,467
Lane,Precinct 4600,Judge of the Circuit Court,"2nd District, Position 17",,Under Votes,2164
Lane,Precinct 4700,Judge of the Circuit Court,"2nd District, Position 17",,Under Votes,1160
Lane,Precinct 4800,Judge of the Circuit Court,"2nd District, Position 17",,Under Votes,414
Lane,Precinct 4900,Judge of the Circuit Court,"2nd District, Position 17",,Under Votes,843
Lane,Precinct 701,Judge of the Circuit Court,"2nd District, Position 17",,Under Votes,598
Lane,Precinct 703,Judge of the Circuit Court,"2nd District, Position 17",,Under Votes,106
Lane,Precinct 705,Judge of the Circuit Court,"2nd District, Position 17",,Under Votes,840
Lane,Precinct 707,Judge of the Circuit Court,"2nd District, Position 17",,Under Votes,236
Lane,Precinct 709,Judge of the Circuit Court,"2nd District, Position 17",,Under Votes,647
Lane,Precinct 711,Judge of the Circuit Court,"2nd District, Position 17",,Under Votes,1621
Lane,Precinct 713,Judge of the Circuit Court,"2nd District, Position 17",,Under Votes,466
Lane,Precinct 715,Judge of the Circuit Court,"2nd District, Position 17",,Under Votes,667
Lane,Precinct 717,Judge of the Circuit Court,"2nd District, Position 17",,Under Votes,1046
Lane,Precinct 719,Judge of the Circuit Court,"2nd District, Position 17",,Under Votes,148
Lane,Precinct 721,Judge of the Circuit Court,"2nd District, Position 17",,Under Votes,264
Lane,Precinct 723,Judge of the Circuit Court,"2nd District, Position 17",,Under Votes,1105
Lane,Precinct 725,Judge of the Circuit Court,"2nd District, Position 17",,Under Votes,822
Lane,Precinct 727,Judge of the Circuit Court,"2nd District, Position 17",,Under Votes,606
Lane,Precinct 729,Judge of the Circuit Court,"2nd District, Position 17",,Under Votes,171
Lane,Precinct 731,Judge of the Circuit Court,"2nd District, Position 17",,Under Votes,1519
Lane,Precinct 733,Judge of the Circuit Court,"2nd District, Position 17",,Under Votes,1976
Lane,Precinct 737,Judge of the Circuit Court,"2nd District, Position 17",,Under Votes,1219
Lane,Precinct 739,Judge of the Circuit Court,"2nd District, Position 17",,Under Votes,613
Lane,Precinct 741,Judge of the Circuit Court,"2nd District, Position 17",,Under Votes,230
Lane,Precinct 743,Judge of the Circuit Court,"2nd District, Position 17",,Under Votes,220
Lane,Precinct 747,Judge of the Circuit Court,"2nd District, Position 17",,Under Votes,1987
Lane,Precinct 751,Judge of the Circuit Court,"2nd District, Position 17",,Under Votes,1808
Lane,Precinct 753,Judge of the Circuit Court,"2nd District, Position 17",,Under Votes,590
Lane,Precinct 755,Judge of the Circuit Court,"2nd District, Position 17",,Under Votes,1135
Lane,Precinct 757,Judge of the Circuit Court,"2nd District, Position 17",,Under Votes,1024
Lane,Precinct 759,Judge of the Circuit Court,"2nd District, Position 17",,Under Votes,912
Lane,Precinct 765,Judge of the Circuit Court,"2nd District, Position 17",,Under Votes,841
Lane,Precinct 1120,Judge of the Circuit Court,"2nd District, Position 17",,Write-ins,10
Lane,Precinct 1122,Judge of the Circuit Court,"2nd District, Position 17",,Write-ins,9
Lane,Precinct 1124,Judge of the Circuit Court,"2nd District, Position 17",,Write-ins,2
Lane,Precinct 1126,Judge of the Circuit Court,"2nd District, Position 17",,Write-ins,10
Lane,Precinct 1230,Judge of the Circuit Court,"2nd District, Position 17",,Write-ins,15
Lane,Precinct 1232,Judge of the Circuit Court,"2nd District, Position 17",,Write-ins,13
Lane,Precinct 1234,Judge of the Circuit Court,"2nd District, Position 17",,Write-ins,15
Lane,Precinct 1340,Judge of the Circuit Court,"2nd District, Position 17",,Write-ins,11
Lane,Precinct 1342,Judge of the Circuit Court,"2nd District, Position 17",,Write-ins,5
Lane,Precinct 1450,Judge of the Circuit Court,"2nd District, Position 17",,Write-ins,21
Lane,Precinct 1452,Judge of the Circuit Court,"2nd District, Position 17",,Write-ins,11
Lane,Precinct 1454,Judge of the Circuit Court,"2nd District, Position 17",,Write-ins,5
Lane,Precinct 1560,Judge of the Circuit Court,"2nd District, Position 17",,Write-ins,8
Lane,Precinct 1562,Judge of the Circuit Court,"2nd District, Position 17",,Write-ins,15
Lane,Precinct 1564,Judge of the Circuit Court,"2nd District, Position 17",,Write-ins,23
Lane,Precinct 1670,Judge of the Circuit Court,"2nd District, Position 17",,Write-ins,34
Lane,Precinct 1672,Judge of the Circuit Court,"2nd District, Position 17",,Write-ins,16
Lane,Precinct 1780,Judge of the Circuit Court,"2nd District, Position 17",,Write-ins,14
Lane,Precinct 1782,Judge of the Circuit Court,"2nd District, Position 17",,Write-ins,5
Lane,Precinct 1784,Judge of the Circuit Court,"2nd District, Position 17",,Write-ins,16
Lane,Precinct 1786,Judge of the Circuit Court,"2nd District, Position 17",,Write-ins,11
Lane,Precinct 1890,Judge of the Circuit Court,"2nd District, Position 17",,Write-ins,16
Lane,Precinct 1892,Judge of the Circuit Court,"2nd District, Position 17",,Write-ins,18
Lane,Precinct 1894,Judge of the Circuit Court,"2nd District, Position 17",,Write-ins,10
Lane,Precinct 2122,Judge of the Circuit Court,"2nd District, Position 17",,Write-ins,15
Lane,Precinct 2238,Judge of the Circuit Court,"2nd District, Position 17",,Write-ins,13
Lane,Precinct 2340,Judge of the Circuit Court,"2nd District, Position 17",,Write-ins,22
Lane,Precinct 2456,Judge of the Circuit Court,"2nd District, Position 17",,Write-ins,14
Lane,Precinct 2562,Judge of the Circuit Court,"2nd District, Position 17",,Write-ins,26
Lane,Precinct 2676,Judge of the Circuit Court,"2nd District, Position 17",,Write-ins,38
Lane,Precinct 4200,Judge of the Circuit Court,"2nd District, Position 17",,Write-ins,5
Lane,Precinct 4300,Judge of the Circuit Court,"2nd District, Position 17",,Write-ins,42
Lane,Precinct 4400,Judge of the Circuit Court,"2nd District, Position 17",,Write-ins,19
Lane,Precinct 4500,Judge of the Circuit Court,"2nd District, Position 17",,Write-ins,1
Lane,Precinct 4600,Judge of the Circuit Court,"2nd District, Position 17",,Write-ins,27
Lane,Precinct 4700,Judge of the Circuit Court,"2nd District, Position 17",,Write-ins,17
Lane,Precinct 4800,Judge of the Circuit Court,"2nd District, Position 17",,Write-ins,12
Lane,Precinct 4900,Judge of the Circuit Court,"2nd District, Position 17",,Write-ins,22
Lane,Precinct 701,Judge of the Circuit Court,"2nd District, Position 17",,Write-ins,4
Lane,Precinct 703,Judge of the Circuit Court,"2nd District, Position 17",,Write-ins,2
Lane,Precinct 705,Judge of the Circuit Court,"2nd District, Position 17",,Write-ins,12
Lane,Precinct 707,Judge of the Circuit Court,"2nd District, Position 17",,Write-ins,8
Lane,Precinct 709,Judge of the Circuit Court,"2nd District, Position 17",,Write-ins,8
Lane,Precinct 711,Judge of the Circuit Court,"2nd District, Position 17",,Write-ins,31
Lane,Precinct 713,Judge of the Circuit Court,"2nd District, Position 17",,Write-ins,2
Lane,Precinct 715,Judge of the Circuit Court,"2nd District, Position 17",,Write-ins,10
Lane,Precinct 717,Judge of the Circuit Court,"2nd District, Position 17",,Write-ins,44
Lane,Precinct 719,Judge of the Circuit Court,"2nd District, Position 17",,Write-ins,2
Lane,Precinct 721,Judge of the Circuit Court,"2nd District, Position 17",,Write-ins,3
Lane,Precinct 723,Judge of the Circuit Court,"2nd District, Position 17",,Write-ins,11
Lane,Precinct 725,Judge of the Circuit Court,"2nd District, Position 17",,Write-ins,9
Lane,Precinct 727,Judge of the Circuit Court,"2nd District, Position 17",,Write-ins,8
Lane,Precinct 729,Judge of the Circuit Court,"2nd District, Position 17",,Write-ins,6
Lane,Precinct 731,Judge of the Circuit Court,"2nd District, Position 17",,Write-ins,28
Lane,Precinct 733,Judge of the Circuit Court,"2nd District, Position 17",,Write-ins,18
Lane,Precinct 737,Judge of the Circuit Court,"2nd District, Position 17",,Write-ins,11
Lane,Precinct 739,Judge of the Circuit Court,"2nd District, Position 17",,Write-ins,10
Lane,Precinct 741,Judge of the Circuit Court,"2nd District, Position 17",,Write-ins,2
Lane,Precinct 743,Judge of the Circuit Court,"2nd District, Position 17",,Write-ins,4
Lane,Precinct 747,Judge of the Circuit Court,"2nd District, Position 17",,Write-ins,42
Lane,Precinct 751,Judge of the Circuit Court,"2nd District, Position 17",,Write-ins,22
Lane,Precinct 753,Judge of the Circuit Court,"2nd District, Position 17",,Write-ins,9
Lane,Precinct 755,Judge of the Circuit Court,"2nd District, Position 17",,Write-ins,15
Lane,Precinct 757,Judge of the Circuit Court,"2nd District, Position 17",,Write-ins,13
Lane,Precinct 759,Judge of the Circuit Court,"2nd District, Position 17",,Write-ins,20
Lane,Precinct 765,Judge of the Circuit Court,"2nd District, Position 17",,Write-ins,14
Lane,Precinct 1120,Judge of the Circuit Court,"2nd District, Position 3",,Bradley A. Cascagnette,454
Lane,Precinct 1122,Judge of the Circuit Court,"2nd District, Position 3",,Bradley A. Cascagnette,935
Lane,Precinct 1124,Judge of the Circuit Court,"2nd District, Position 3",,Bradley A. Cascagnette,356
Lane,Precinct 1126,Judge of the Circuit Court,"2nd District, Position 3",,Bradley A. Cascagnette,1336
Lane,Precinct 1230,Judge of the Circuit Court,"2nd District, Position 3",,Bradley A. Cascagnette,1518
Lane,Precinct 1232,Judge of the Circuit Court,"2nd District, Position 3",,Bradley A. Cascagnette,1721
Lane,Precinct 1234,Judge of the Circuit Court,"2nd District, Position 3",,Bradley A. Cascagnette,944
Lane,Precinct 1340,Judge of the Circuit Court,"2nd District, Position 3",,Bradley A. Cascagnette,1175
Lane,Precinct 1342,Judge of the Circuit Court,"2nd District, Position 3",,Bradley A. Cascagnette,353
Lane,Precinct 1450,Judge of the Circuit Court,"2nd District, Position 3",,Bradley A. Cascagnette,1601
Lane,Precinct 1452,Judge of the Circuit Court,"2nd District, Position 3",,Bradley A. Cascagnette,1137
Lane,Precinct 1454,Judge of the Circuit Court,"2nd District, Position 3",,Bradley A. Cascagnette,416
Lane,Precinct 1560,Judge of the Circuit Court,"2nd District, Position 3",,Bradley A. Cascagnette,508
Lane,Precinct 1562,Judge of the Circuit Court,"2nd District, Position 3",,Bradley A. Cascagnette,1610
Lane,Precinct 1564,Judge of the Circuit Court,"2nd District, Position 3",,Bradley A. Cascagnette,1891
Lane,Precinct 1670,Judge of the Circuit Court,"2nd District, Position 3",,Bradley A. Cascagnette,1670
Lane,Precinct 1672,Judge of the Circuit Court,"2nd District, Position 3",,Bradley A. Cascagnette,1182
Lane,Precinct 1780,Judge of the Circuit Court,"2nd District, Position 3",,Bradley A. Cascagnette,340
Lane,Precinct 1782,Judge of the Circuit Court,"2nd District, Position 3",,Bradley A. Cascagnette,461
Lane,Precinct 1784,Judge of the Circuit Court,"2nd District, Position 3",,Bradley A. Cascagnette,973
Lane,Precinct 1786,Judge of the Circuit Court,"2nd District, Position 3",,Bradley A. Cascagnette,655
Lane,Precinct 1890,Judge of the Circuit Court,"2nd District, Position 3",,Bradley A. Cascagnette,660
Lane,Precinct 1892,Judge of the Circuit Court,"2nd District, Position 3",,Bradley A. Cascagnette,1305
Lane,Precinct 1894,Judge of the Circuit Court,"2nd District, Position 3",,Bradley A. Cascagnette,1127
Lane,Precinct 2122,Judge of the Circuit Court,"2nd District, Position 3",,Bradley A. Cascagnette,1106
Lane,Precinct 2238,Judge of the Circuit Court,"2nd District, Position 3",,Bradley A. Cascagnette,1279
Lane,Precinct 2340,Judge of the Circuit Court,"2nd District, Position 3",,Bradley A. Cascagnette,1334
Lane,Precinct 2456,Judge of the Circuit Court,"2nd District, Position 3",,Bradley A. Cascagnette,1153
Lane,Precinct 2562,Judge of the Circuit Court,"2nd District, Position 3",,Bradley A. Cascagnette,1478
Lane,Precinct 2676,Judge of the Circuit Court,"2nd District, Position 3",,Bradley A. Cascagnette,1519
Lane,Precinct 4200,Judge of the Circuit Court,"2nd District, Position 3",,Bradley A. Cascagnette,268
Lane,Precinct 4300,Judge of the Circuit Court,"2nd District, Position 3",,Bradley A. Cascagnette,1341
Lane,Precinct 4400,Judge of the Circuit Court,"2nd District, Position 3",,Bradley A. Cascagnette,838
Lane,Precinct 4500,Judge of the Circuit Court,"2nd District, Position 3",,Bradley A. Cascagnette,371
Lane,Precinct 4600,Judge of the Circuit Court,"2nd District, Position 3",,Bradley A. Cascagnette,2180
Lane,Precinct 4700,Judge of the Circuit Court,"2nd District, Position 3",,Bradley A. Cascagnette,1041
Lane,Precinct 4800,Judge of the Circuit Court,"2nd District, Position 3",,Bradley A. Cascagnette,428
Lane,Precinct 4900,Judge of the Circuit Court,"2nd District, Position 3",,Bradley A. Cascagnette,745
Lane,Precinct 701,Judge of the Circuit Court,"2nd District, Position 3",,Bradley A. Cascagnette,545
Lane,Precinct 703,Judge of the Circuit Court,"2nd District, Position 3",,Bradley A. Cascagnette,78
Lane,Precinct 705,Judge of the Circuit Court,"2nd District, Position 3",,Bradley A. Cascagnette,730
Lane,Precinct 707,Judge of the Circuit Court,"2nd District, Position 3",,Bradley A. Cascagnette,199
Lane,Precinct 709,Judge of the Circuit Court,"2nd District, Position 3",,Bradley A. Cascagnette,421
Lane,Precinct 711,Judge of the Circuit Court,"2nd District, Position 3",,Bradley A. Cascagnette,902
Lane,Precinct 713,Judge of the Circuit Court,"2nd District, Position 3",,Bradley A. Cascagnette,300
Lane,Precinct 715,Judge of the Circuit Court,"2nd District, Position 3",,Bradley A. Cascagnette,460
Lane,Precinct 717,Judge of the Circuit Court,"2nd District, Position 3",,Bradley A. Cascagnette,730
Lane,Precinct 719,Judge of the Circuit Court,"2nd District, Position 3",,Bradley A. Cascagnette,110
Lane,Precinct 721,Judge of the Circuit Court,"2nd District, Position 3",,Bradley A. Cascagnette,194
Lane,Precinct 723,Judge of the Circuit Court,"2nd District, Position 3",,Bradley A. Cascagnette,674
Lane,Precinct 725,Judge of the Circuit Court,"2nd District, Position 3",,Bradley A. Cascagnette,389
Lane,Precinct 727,Judge of the Circuit Court,"2nd District, Position 3",,Bradley A. Cascagnette,395
Lane,Precinct 729,Judge of the Circuit Court,"2nd District, Position 3",,Bradley A. Cascagnette,122
Lane,Precinct 731,Judge of the Circuit Court,"2nd District, Position 3",,Bradley A. Cascagnette,1248
Lane,Precinct 733,Judge of the Circuit Court,"2nd District, Position 3",,Bradley A. Cascagnette,1550
Lane,Precinct 737,Judge of the Circuit Court,"2nd District, Position 3",,Bradley A. Cascagnette,952
Lane,Precinct 739,Judge of the Circuit Court,"2nd District, Position 3",,Bradley A. Cascagnette,447
Lane,Precinct 741,Judge of the Circuit Court,"2nd District, Position 3",,Bradley A. Cascagnette,239
Lane,Precinct 743,Judge of the Circuit Court,"2nd District, Position 3",,Bradley A. Cascagnette,185
Lane,Precinct 747,Judge of the Circuit Court,"2nd District, Position 3",,Bradley A. Cascagnette,1272
Lane,Precinct 751,Judge of the Circuit Court,"2nd District, Position 3",,Bradley A. Cascagnette,1129
Lane,Precinct 753,Judge of the Circuit Court,"2nd District, Position 3",,Bradley A. Cascagnette,324
Lane,Precinct 755,Judge of the Circuit Court,"2nd District, Position 3",,Bradley A. Cascagnette,771
Lane,Precinct 757,Judge of the Circuit Court,"2nd District, Position 3",,Bradley A. Cascagnette,611
Lane,Precinct 759,Judge of the Circuit Court,"2nd District, Position 3",,Bradley A. Cascagnette,761
Lane,Precinct 765,Judge of the Circuit Court,"2nd District, Position 3",,Bradley A. Cascagnette,654
Lane,Precinct 1120,Judge of the Circuit Court,"2nd District, Position 3",,Over Votes,0
Lane,Precinct 1122,Judge of the Circuit Court,"2nd District, Position 3",,Over Votes,0
Lane,Precinct 1124,Judge of the Circuit Court,"2nd District, Position 3",,Over Votes,0
Lane,Precinct 1126,Judge of the Circuit Court,"2nd District, Position 3",,Over Votes,0
Lane,Precinct 1230,Judge of the Circuit Court,"2nd District, Position 3",,Over Votes,0
Lane,Precinct 1232,Judge of the Circuit Court,"2nd District, Position 3",,Over Votes,0
Lane,Precinct 1234,Judge of the Circuit Court,"2nd District, Position 3",,Over Votes,0
Lane,Precinct 1340,Judge of the Circuit Court,"2nd District, Position 3",,Over Votes,0
Lane,Precinct 1342,Judge of the Circuit Court,"2nd District, Position 3",,Over Votes,0
Lane,Precinct 1450,Judge of the Circuit Court,"2nd District, Position 3",,Over Votes,0
Lane,Precinct 1452,Judge of the Circuit Court,"2nd District, Position 3",,Over Votes,0
Lane,Precinct 1454,Judge of the Circuit Court,"2nd District, Position 3",,Over Votes,0
Lane,Precinct 1560,Judge of the Circuit Court,"2nd District, Position 3",,Over Votes,0
Lane,Precinct 1562,Judge of the Circuit Court,"2nd District, Position 3",,Over Votes,0
Lane,Precinct 1564,Judge of the Circuit Court,"2nd District, Position 3",,Over Votes,0
Lane,Precinct 1670,Judge of the Circuit Court,"2nd District, Position 3",,Over Votes,0
Lane,Precinct 1672,Judge of the Circuit Court,"2nd District, Position 3",,Over Votes,0
Lane,Precinct 1780,Judge of the Circuit Court,"2nd District, Position 3",,Over Votes,0
Lane,Precinct 1782,Judge of the Circuit Court,"2nd District, Position 3",,Over Votes,0
Lane,Precinct 1784,Judge of the Circuit Court,"2nd District, Position 3",,Over Votes,0
Lane,Precinct 1786,Judge of the Circuit Court,"2nd District, Position 3",,Over Votes,0
Lane,Precinct 1890,Judge of the Circuit Court,"2nd District, Position 3",,Over Votes,0
Lane,Precinct 1892,Judge of the Circuit Court,"2nd District, Position 3",,Over Votes,0
Lane,Precinct 1894,Judge of the Circuit Court,"2nd District, Position 3",,Over Votes,0
Lane,Precinct 2122,Judge of the Circuit Court,"2nd District, Position 3",,Over Votes,0
Lane,Precinct 2238,Judge of the Circuit Court,"2nd District, Position 3",,Over Votes,0
Lane,Precinct 2340,Judge of the Circuit Court,"2nd District, Position 3",,Over Votes,0
Lane,Precinct 2456,Judge of the Circuit Court,"2nd District, Position 3",,Over Votes,0
Lane,Precinct 2562,Judge of the Circuit Court,"2nd District, Position 3",,Over Votes,0
Lane,Precinct 2676,Judge of the Circuit Court,"2nd District, Position 3",,Over Votes,0
Lane,Precinct 4200,Judge of the Circuit Court,"2nd District, Position 3",,Over Votes,0
Lane,Precinct 4300,Judge of the Circuit Court,"2nd District, Position 3",,Over Votes,0
Lane,Precinct 4400,Judge of the Circuit Court,"2nd District, Position 3",,Over Votes,0
Lane,Precinct 4500,Judge of the Circuit Court,"2nd District, Position 3",,Over Votes,0
Lane,Precinct 4600,Judge of the Circuit Court,"2nd District, Position 3",,Over Votes,0
Lane,Precinct 4700,Judge of the Circuit Court,"2nd District, Position 3",,Over Votes,0
Lane,Precinct 4800,Judge of the Circuit Court,"2nd District, Position 3",,Over Votes,0
Lane,Precinct 4900,Judge of the Circuit Court,"2nd District, Position 3",,Over Votes,0
Lane,Precinct 701,Judge of the Circuit Court,"2nd District, Position 3",,Over Votes,0
Lane,Precinct 703,Judge of the Circuit Court,"2nd District, Position 3",,Over Votes,0
Lane,Precinct 705,Judge of the Circuit Court,"2nd District, Position 3",,Over Votes,0
Lane,Precinct 707,Judge of the Circuit Court,"2nd District, Position 3",,Over Votes,0
Lane,Precinct 709,Judge of the Circuit Court,"2nd District, Position 3",,Over Votes,0
Lane,Precinct 711,Judge of the Circuit Court,"2nd District, Position 3",,Over Votes,0
Lane,Precinct 713,Judge of the Circuit Court,"2nd District, Position 3",,Over Votes,0
Lane,Precinct 715,Judge of the Circuit Court,"2nd District, Position 3",,Over Votes,0
Lane,Precinct 717,Judge of the Circuit Court,"2nd District, Position 3",,Over Votes,0
Lane,Precinct 719,Judge of the Circuit Court,"2nd District, Position 3",,Over Votes,0
Lane,Precinct 721,Judge of the Circuit Court,"2nd District, Position 3",,Over Votes,0
Lane,Precinct 723,Judge of the Circuit Court,"2nd District, Position 3",,Over Votes,0
Lane,Precinct 725,Judge of the Circuit Court,"2nd District, Position 3",,Over Votes,0
Lane,Precinct 727,Judge of the Circuit Court,"2nd District, Position 3",,Over Votes,0
Lane,Precinct 729,Judge of the Circuit Court,"2nd District, Position 3",,Over Votes,0
Lane,Precinct 731,Judge of the Circuit Court,"2nd District, Position 3",,Over Votes,0
Lane,Precinct 733,Judge of the Circuit Court,"2nd District, Position 3",,Over Votes,1
Lane,Precinct 737,Judge of the Circuit Court,"2nd District, Position 3",,Over Votes,0
Lane,Precinct 739,Judge of the Circuit Court,"2nd District, Position 3",,Over Votes,0
Lane,Precinct 741,Judge of the Circuit Court,"2nd District, Position 3",,Over Votes,1
Lane,Precinct 743,Judge of the Circuit Court,"2nd District, Position 3",,Over Votes,0
Lane,Precinct 747,Judge of the Circuit Court,"2nd District, Position 3",,Over Votes,0
Lane,Precinct 751,Judge of the Circuit Court,"2nd District, Position 3",,Over Votes,0
Lane,Precinct 753,Judge of the Circuit Court,"2nd District, Position 3",,Over Votes,0
Lane,Precinct 755,Judge of the Circuit Court,"2nd District, Position 3",,Over Votes,0
Lane,Precinct 757,Judge of the Circuit Court,"2nd District, Position 3",,Over Votes,0
Lane,Precinct 759,Judge of the Circuit Court,"2nd District, Position 3",,Over Votes,0
Lane,Precinct 765,Judge of the Circuit Court,"2nd District, Position 3",,Over Votes,0
Lane,Precinct 1120,Judge of the Circuit Court,"2nd District, Position 3",,Under Votes,566
Lane,Precinct 1122,Judge of the Circuit Court,"2nd District, Position 3",,Under Votes,1279
Lane,Precinct 1124,Judge of the Circuit Court,"2nd District, Position 3",,Under Votes,424
Lane,Precinct 1126,Judge of the Circuit Court,"2nd District, Position 3",,Under Votes,1715
Lane,Precinct 1230,Judge of the Circuit Court,"2nd District, Position 3",,Under Votes,1885
Lane,Precinct 1232,Judge of the Circuit Court,"2nd District, Position 3",,Under Votes,1863
Lane,Precinct 1234,Judge of the Circuit Court,"2nd District, Position 3",,Under Votes,1189
Lane,Precinct 1340,Judge of the Circuit Court,"2nd District, Position 3",,Under Votes,1331
Lane,Precinct 1342,Judge of the Circuit Court,"2nd District, Position 3",,Under Votes,419
Lane,Precinct 1450,Judge of the Circuit Court,"2nd District, Position 3",,Under Votes,1720
Lane,Precinct 1452,Judge of the Circuit Court,"2nd District, Position 3",,Under Votes,1391
Lane,Precinct 1454,Judge of the Circuit Court,"2nd District, Position 3",,Under Votes,347
Lane,Precinct 1560,Judge of the Circuit Court,"2nd District, Position 3",,Under Votes,644
Lane,Precinct 1562,Judge of the Circuit Court,"2nd District, Position 3",,Under Votes,1863
Lane,Precinct 1564,Judge of the Circuit Court,"2nd District, Position 3",,Under Votes,1934
Lane,Precinct 1670,Judge of the Circuit Court,"2nd District, Position 3",,Under Votes,1800
Lane,Precinct 1672,Judge of the Circuit Court,"2nd District, Position 3",,Under Votes,1311
Lane,Precinct 1780,Judge of the Circuit Court,"2nd District, Position 3",,Under Votes,376
Lane,Precinct 1782,Judge of the Circuit Court,"2nd District, Position 3",,Under Votes,550
Lane,Precinct 1784,Judge of the Circuit Court,"2nd District, Position 3",,Under Votes,1211
Lane,Precinct 1786,Judge of the Circuit Court,"2nd District, Position 3",,Under Votes,781
Lane,Precinct 1890,Judge of the Circuit Court,"2nd District, Position 3",,Under Votes,764
Lane,Precinct 1892,Judge of the Circuit Court,"2nd District, Position 3",,Under Votes,1441
Lane,Precinct 1894,Judge of the Circuit Court,"2nd District, Position 3",,Under Votes,1240
Lane,Precinct 2122,Judge of the Circuit Court,"2nd District, Position 3",,Under Votes,1160
Lane,Precinct 2238,Judge of the Circuit Court,"2nd District, Position 3",,Under Votes,1446
Lane,Precinct 2340,Judge of the Circuit Court,"2nd District, Position 3",,Under Votes,1579
Lane,Precinct 2456,Judge of the Circuit Court,"2nd District, Position 3",,Under Votes,1192
Lane,Precinct 2562,Judge of the Circuit Court,"2nd District, Position 3",,Under Votes,1454
Lane,Precinct 2676,Judge of the Circuit Court,"2nd District, Position 3",,Under Votes,2000
Lane,Precinct 4200,Judge of the Circuit Court,"2nd District, Position 3",,Under Votes,338
Lane,Precinct 4300,Judge of the Circuit Court,"2nd District, Position 3",,Under Votes,1765
Lane,Precinct 4400,Judge of the Circuit Court,"2nd District, Position 3",,Under Votes,935
Lane,Precinct 4500,Judge of the Circuit Court,"2nd District, Position 3",,Under Votes,482
Lane,Precinct 4600,Judge of the Circuit Court,"2nd District, Position 3",,Under Votes,2247
Lane,Precinct 4700,Judge of the Circuit Court,"2nd District, Position 3",,Under Votes,1196
Lane,Precinct 4800,Judge of the Circuit Court,"2nd District, Position 3",,Under Votes,436
Lane,Precinct 4900,Judge of the Circuit Court,"2nd District, Position 3",,Under Votes,863
Lane,Precinct 701,Judge of the Circuit Court,"2nd District, Position 3",,Under Votes,617
Lane,Precinct 703,Judge of the Circuit Court,"2nd District, Position 3",,Under Votes,111
Lane,Precinct 705,Judge of the Circuit Court,"2nd District, Position 3",,Under Votes,872
Lane,Precinct 707,Judge of the Circuit Court,"2nd District, Position 3",,Under Votes,241
Lane,Precinct 709,Judge of the Circuit Court,"2nd District, Position 3",,Under Votes,656
Lane,Precinct 711,Judge of the Circuit Court,"2nd District, Position 3",,Under Votes,1652
Lane,Precinct 713,Judge of the Circuit Court,"2nd District, Position 3",,Under Votes,474
Lane,Precinct 715,Judge of the Circuit Court,"2nd District, Position 3",,Under Votes,674
Lane,Precinct 717,Judge of the Circuit Court,"2nd District, Position 3",,Under Votes,1075
Lane,Precinct 719,Judge of the Circuit Court,"2nd District, Position 3",,Under Votes,151
Lane,Precinct 721,Judge of the Circuit Court,"2nd District, Position 3",,Under Votes,269
Lane,Precinct 723,Judge of the Circuit Court,"2nd District, Position 3",,Under Votes,1144
Lane,Precinct 725,Judge of the Circuit Court,"2nd District, Position 3",,Under Votes,831
Lane,Precinct 727,Judge of the Circuit Court,"2nd District, Position 3",,Under Votes,616
Lane,Precinct 729,Judge of the Circuit Court,"2nd District, Position 3",,Under Votes,174
Lane,Precinct 731,Judge of the Circuit Court,"2nd District, Position 3",,Under Votes,1572
Lane,Precinct 733,Judge of the Circuit Court,"2nd District, Position 3",,Under Votes,2069
Lane,Precinct 737,Judge of the Circuit Court,"2nd District, Position 3",,Under Votes,1277
Lane,Precinct 739,Judge of the Circuit Court,"2nd District, Position 3",,Under Votes,629
Lane,Precinct 741,Judge of the Circuit Court,"2nd District, Position 3",,Under Votes,242
Lane,Precinct 743,Judge of the Circuit Court,"2nd District, Position 3",,Under Votes,224
Lane,Precinct 747,Judge of the Circuit Court,"2nd District, Position 3",,Under Votes,2044
Lane,Precinct 751,Judge of the Circuit Court,"2nd District, Position 3",,Under Votes,1837
Lane,Precinct 753,Judge of the Circuit Court,"2nd District, Position 3",,Under Votes,607
Lane,Precinct 755,Judge of the Circuit Court,"2nd District, Position 3",,Under Votes,1161
Lane,Precinct 757,Judge of the Circuit Court,"2nd District, Position 3",,Under Votes,1059
Lane,Precinct 759,Judge of the Circuit Court,"2nd District, Position 3",,Under Votes,935
Lane,Precinct 765,Judge of the Circuit Court,"2nd District, Position 3",,Under Votes,860
Lane,Precinct 1120,Judge of the Circuit Court,"2nd District, Position 3",,Write-ins,14
Lane,Precinct 1122,Judge of the Circuit Court,"2nd District, Position 3",,Write-ins,10
Lane,Precinct 1124,Judge of the Circuit Court,"2nd District, Position 3",,Write-ins,3
Lane,Precinct 1126,Judge of the Circuit Court,"2nd District, Position 3",,Write-ins,13
Lane,Precinct 1230,Judge of the Circuit Court,"2nd District, Position 3",,Write-ins,19
Lane,Precinct 1232,Judge of the Circuit Court,"2nd District, Position 3",,Write-ins,16
Lane,Precinct 1234,Judge of the Circuit Court,"2nd District, Position 3",,Write-ins,18
Lane,Precinct 1340,Judge of the Circuit Court,"2nd District, Position 3",,Write-ins,16
Lane,Precinct 1342,Judge of the Circuit Court,"2nd District, Position 3",,Write-ins,4
Lane,Precinct 1450,Judge of the Circuit Court,"2nd District, Position 3",,Write-ins,17
Lane,Precinct 1452,Judge of the Circuit Court,"2nd District, Position 3",,Write-ins,13
Lane,Precinct 1454,Judge of the Circuit Court,"2nd District, Position 3",,Write-ins,5
Lane,Precinct 1560,Judge of the Circuit Court,"2nd District, Position 3",,Write-ins,9
Lane,Precinct 1562,Judge of the Circuit Court,"2nd District, Position 3",,Write-ins,21
Lane,Precinct 1564,Judge of the Circuit Court,"2nd District, Position 3",,Write-ins,27
Lane,Precinct 1670,Judge of the Circuit Court,"2nd District, Position 3",,Write-ins,39
Lane,Precinct 1672,Judge of the Circuit Court,"2nd District, Position 3",,Write-ins,18
Lane,Precinct 1780,Judge of the Circuit Court,"2nd District, Position 3",,Write-ins,19
Lane,Precinct 1782,Judge of the Circuit Court,"2nd District, Position 3",,Write-ins,5
Lane,Precinct 1784,Judge of the Circuit Court,"2nd District, Position 3",,Write-ins,15
Lane,Precinct 1786,Judge of the Circuit Court,"2nd District, Position 3",,Write-ins,13
Lane,Precinct 1890,Judge of the Circuit Court,"2nd District, Position 3",,Write-ins,19
Lane,Precinct 1892,Judge of the Circuit Court,"2nd District, Position 3",,Write-ins,21
Lane,Precinct 1894,Judge of the Circuit Court,"2nd District, Position 3",,Write-ins,11
Lane,Precinct 2122,Judge of the Circuit Court,"2nd District, Position 3",,Write-ins,18
Lane,Precinct 2238,Judge of the Circuit Court,"2nd District, Position 3",,Write-ins,24
Lane,Precinct 2340,Judge of the Circuit Court,"2nd District, Position 3",,Write-ins,21
Lane,Precinct 2456,Judge of the Circuit Court,"2nd District, Position 3",,Write-ins,17
Lane,Precinct 2562,Judge of the Circuit Court,"2nd District, Position 3",,Write-ins,32
Lane,Precinct 2676,Judge of the Circuit Court,"2nd District, Position 3",,Write-ins,41
Lane,Precinct 4200,Judge of the Circuit Court,"2nd District, Position 3",,Write-ins,3
Lane,Precinct 4300,Judge of the Circuit Court,"2nd District, Position 3",,Write-ins,46
Lane,Precinct 4400,Judge of the Circuit Court,"2nd District, Position 3",,Write-ins,22
Lane,Precinct 4500,Judge of the Circuit Court,"2nd District, Position 3",,Write-ins,2
Lane,Precinct 4600,Judge of the Circuit Court,"2nd District, Position 3",,Write-ins,32
Lane,Precinct 4700,Judge of the Circuit Court,"2nd District, Position 3",,Write-ins,21
Lane,Precinct 4800,Judge of the Circuit Court,"2nd District, Position 3",,Write-ins,13
Lane,Precinct 4900,Judge of the Circuit Court,"2nd District, Position 3",,Write-ins,24
Lane,Precinct 701,Judge of the Circuit Court,"2nd District, Position 3",,Write-ins,5
Lane,Precinct 703,Judge of the Circuit Court,"2nd District, Position 3",,Write-ins,1
Lane,Precinct 705,Judge of the Circuit Court,"2nd District, Position 3",,Write-ins,15
Lane,Precinct 707,Judge of the Circuit Court,"2nd District, Position 3",,Write-ins,9
Lane,Precinct 709,Judge of the Circuit Court,"2nd District, Position 3",,Write-ins,12
Lane,Precinct 711,Judge of the Circuit Court,"2nd District, Position 3",,Write-ins,30
Lane,Precinct 713,Judge of the Circuit Court,"2nd District, Position 3",,Write-ins,4
Lane,Precinct 715,Judge of the Circuit Court,"2nd District, Position 3",,Write-ins,10
Lane,Precinct 717,Judge of the Circuit Court,"2nd District, Position 3",,Write-ins,46
Lane,Precinct 719,Judge of the Circuit Court,"2nd District, Position 3",,Write-ins,2
Lane,Precinct 721,Judge of the Circuit Court,"2nd District, Position 3",,Write-ins,3
Lane,Precinct 723,Judge of the Circuit Court,"2nd District, Position 3",,Write-ins,17
Lane,Precinct 725,Judge of the Circuit Court,"2nd District, Position 3",,Write-ins,10
Lane,Precinct 727,Judge of the Circuit Court,"2nd District, Position 3",,Write-ins,9
Lane,Precinct 729,Judge of the Circuit Court,"2nd District, Position 3",,Write-ins,6
Lane,Precinct 731,Judge of the Circuit Court,"2nd District, Position 3",,Write-ins,34
Lane,Precinct 733,Judge of the Circuit Court,"2nd District, Position 3",,Write-ins,21
Lane,Precinct 737,Judge of the Circuit Court,"2nd District, Position 3",,Write-ins,13
Lane,Precinct 739,Judge of the Circuit Court,"2nd District, Position 3",,Write-ins,11
Lane,Precinct 741,Judge of the Circuit Court,"2nd District, Position 3",,Write-ins,3
Lane,Precinct 743,Judge of the Circuit Court,"2nd District, Position 3",,Write-ins,3
Lane,Precinct 747,Judge of the Circuit Court,"2nd District, Position 3",,Write-ins,43
Lane,Precinct 751,Judge of the Circuit Court,"2nd District, Position 3",,Write-ins,15
Lane,Precinct 753,Judge of the Circuit Court,"2nd District, Position 3",,Write-ins,8
Lane,Precinct 755,Judge of the Circuit Court,"2nd District, Position 3",,Write-ins,19
Lane,Precinct 757,Judge of the Circuit Court,"2nd District, Position 3",,Write-ins,10
Lane,Precinct 759,Judge of the Circuit Court,"2nd District, Position 3",,Write-ins,19
Lane,Precinct 765,Judge of the Circuit Court,"2nd District, Position 3",,Write-ins,14
Lane,Precinct 1120,Judge of the Circuit Court,"2nd District, Position 4",,Charles M. Zennache',467
Lane,Precinct 1122,Judge of the Circuit Court,"2nd District, Position 4",,Charles M. Zennache',969
Lane,Precinct 1124,Judge of the Circuit Court,"2nd District, Position 4",,Charles M. Zennache',364
Lane,Precinct 1126,Judge of the Circuit Court,"2nd District, Position 4",,Charles M. Zennache',1418
Lane,Precinct 1230,Judge of the Circuit Court,"2nd District, Position 4",,Charles M. Zennache',1601
Lane,Precinct 1232,Judge of the Circuit Court,"2nd District, Position 4",,Charles M. Zennache',1764
Lane,Precinct 1234,Judge of the Circuit Court,"2nd District, Position 4",,Charles M. Zennache',976
Lane,Precinct 1340,Judge of the Circuit Court,"2nd District, Position 4",,Charles M. Zennache',1228
Lane,Precinct 1342,Judge of the Circuit Court,"2nd District, Position 4",,Charles M. Zennache',362
Lane,Precinct 1450,Judge of the Circuit Court,"2nd District, Position 4",,Charles M. Zennache',1613
Lane,Precinct 1452,Judge of the Circuit Court,"2nd District, Position 4",,Charles M. Zennache',1165
Lane,Precinct 1454,Judge of the Circuit Court,"2nd District, Position 4",,Charles M. Zennache',426
Lane,Precinct 1560,Judge of the Circuit Court,"2nd District, Position 4",,Charles M. Zennache',512
Lane,Precinct 1562,Judge of the Circuit Court,"2nd District, Position 4",,Charles M. Zennache',1640
Lane,Precinct 1564,Judge of the Circuit Court,"2nd District, Position 4",,Charles M. Zennache',1945
Lane,Precinct 1670,Judge of the Circuit Court,"2nd District, Position 4",,Charles M. Zennache',1681
Lane,Precinct 1672,Judge of the Circuit Court,"2nd District, Position 4",,Charles M. Zennache',1206
Lane,Precinct 1780,Judge of the Circuit Court,"2nd District, Position 4",,Charles M. Zennache',354
Lane,Precinct 1782,Judge of the Circuit Court,"2nd District, Position 4",,Charles M. Zennache',481
Lane,Precinct 1784,Judge of the Circuit Court,"2nd District, Position 4",,Charles M. Zennache',983
Lane,Precinct 1786,Judge of the Circuit Court,"2nd District, Position 4",,Charles M. Zennache',669
Lane,Precinct 1890,Judge of the Circuit Court,"2nd District, Position 4",,Charles M. Zennache',667
Lane,Precinct 1892,Judge of the Circuit Court,"2nd District, Position 4",,Charles M. Zennache',1347
Lane,Precinct 1894,Judge of the Circuit Court,"2nd District, Position 4",,Charles M. Zennache',1151
Lane,Precinct 2122,Judge of the Circuit Court,"2nd District, Position 4",,Charles M. Zennache',1120
Lane,Precinct 2238,Judge of the Circuit Court,"2nd District, Position 4",,Charles M. Zennache',1297
Lane,Precinct 2340,Judge of the Circuit Court,"2nd District, Position 4",,Charles M. Zennache',1341
Lane,Precinct 2456,Judge of the Circuit Court,"2nd District, Position 4",,Charles M. Zennache',1156
Lane,Precinct 2562,Judge of the Circuit Court,"2nd District, Position 4",,Charles M. Zennache',1495
Lane,Precinct 2676,Judge of the Circuit Court,"2nd District, Position 4",,Charles M. Zennache',1531
Lane,Precinct 4200,Judge of the Circuit Court,"2nd District, Position 4",,Charles M. Zennache',271
Lane,Precinct 4300,Judge of the Circuit Court,"2nd District, Position 4",,Charles M. Zennache',1363
Lane,Precinct 4400,Judge of the Circuit Court,"2nd District, Position 4",,Charles M. Zennache',839
Lane,Precinct 4500,Judge of the Circuit Court,"2nd District, Position 4",,Charles M. Zennache',375
Lane,Precinct 4600,Judge of the Circuit Court,"2nd District, Position 4",,Charles M. Zennache',2193
Lane,Precinct 4700,Judge of the Circuit Court,"2nd District, Position 4",,Charles M. Zennache',1052
Lane,Precinct 4800,Judge of the Circuit Court,"2nd District, Position 4",,Charles M. Zennache',433
Lane,Precinct 4900,Judge of the Circuit Court,"2nd District, Position 4",,Charles M. Zennache',747
Lane,Precinct 701,Judge of the Circuit Court,"2nd District, Position 4",,Charles M. Zennache',550
Lane,Precinct 703,Judge of the Circuit Court,"2nd District, Position 4",,Charles M. Zennache',81
Lane,Precinct 705,Judge of the Circuit Court,"2nd District, Position 4",,Charles M. Zennache',731
Lane,Precinct 707,Judge of the Circuit Court,"2nd District, Position 4",,Charles M. Zennache',200
Lane,Precinct 709,Judge of the Circuit Court,"2nd District, Position 4",,Charles M. Zennache',423
Lane,Precinct 711,Judge of the Circuit Court,"2nd District, Position 4",,Charles M. Zennache',910
Lane,Precinct 713,Judge of the Circuit Court,"2nd District, Position 4",,Charles M. Zennache',303
Lane,Precinct 715,Judge of the Circuit Court,"2nd District, Position 4",,Charles M. Zennache',464
Lane,Precinct 717,Judge of the Circuit Court,"2nd District, Position 4",,Charles M. Zennache',731
Lane,Precinct 719,Judge of the Circuit Court,"2nd District, Position 4",,Charles M. Zennache',110
Lane,Precinct 721,Judge of the Circuit Court,"2nd District, Position 4",,Charles M. Zennache',197
Lane,Precinct 723,Judge of the Circuit Court,"2nd District, Position 4",,Charles M. Zennache',708
Lane,Precinct 725,Judge of the Circuit Court,"2nd District, Position 4",,Charles M. Zennache',390
Lane,Precinct 727,Judge of the Circuit Court,"2nd District, Position 4",,Charles M. Zennache',403
Lane,Precinct 729,Judge of the Circuit Court,"2nd District, Position 4",,Charles M. Zennache',128
Lane,Precinct 731,Judge of the Circuit Court,"2nd District, Position 4",,Charles M. Zennache',1265
Lane,Precinct 733,Judge of the Circuit Court,"2nd District, Position 4",,Charles M. Zennache',1593
Lane,Precinct 737,Judge of the Circuit Court,"2nd District, Position 4",,Charles M. Zennache',962
Lane,Precinct 739,Judge of the Circuit Court,"2nd District, Position 4",,Charles M. Zennache',456
Lane,Precinct 741,Judge of the Circuit Court,"2nd District, Position 4",,Charles M. Zennache',244
Lane,Precinct 743,Judge of the Circuit Court,"2nd District, Position 4",,Charles M. Zennache',183
Lane,Precinct 747,Judge of the Circuit Court,"2nd District, Position 4",,Charles M. Zennache',1308
Lane,Precinct 751,Judge of the Circuit Court,"2nd District, Position 4",,Charles M. Zennache',1136
Lane,Precinct 753,Judge of the Circuit Court,"2nd District, Position 4",,Charles M. Zennache',334
Lane,Precinct 755,Judge of the Circuit Court,"2nd District, Position 4",,Charles M. Zennache',782
Lane,Precinct 757,Judge of the Circuit Court,"2nd District, Position 4",,Charles M. Zennache',612
Lane,Precinct 759,Judge of the Circuit Court,"2nd District, Position 4",,Charles M. Zennache',778
Lane,Precinct 765,Judge of the Circuit Court,"2nd District, Position 4",,Charles M. Zennache',664
Lane,Precinct 1120,Judge of the Circuit Court,"2nd District, Position 4",,Over Votes,0
Lane,Precinct 1122,Judge of the Circuit Court,"2nd District, Position 4",,Over Votes,0
Lane,Precinct 1124,Judge of the Circuit Court,"2nd District, Position 4",,Over Votes,0
Lane,Precinct 1126,Judge of the Circuit Court,"2nd District, Position 4",,Over Votes,0
Lane,Precinct 1230,Judge of the Circuit Court,"2nd District, Position 4",,Over Votes,0
Lane,Precinct 1232,Judge of the Circuit Court,"2nd District, Position 4",,Over Votes,0
Lane,Precinct 1234,Judge of the Circuit Court,"2nd District, Position 4",,Over Votes,0
Lane,Precinct 1340,Judge of the Circuit Court,"2nd District, Position 4",,Over Votes,0
Lane,Precinct 1342,Judge of the Circuit Court,"2nd District, Position 4",,Over Votes,0
Lane,Precinct 1450,Judge of the Circuit Court,"2nd District, Position 4",,Over Votes,0
Lane,Precinct 1452,Judge of the Circuit Court,"2nd District, Position 4",,Over Votes,0
Lane,Precinct 1454,Judge of the Circuit Court,"2nd District, Position 4",,Over Votes,0
Lane,Precinct 1560,Judge of the Circuit Court,"2nd District, Position 4",,Over Votes,0
Lane,Precinct 1562,Judge of the Circuit Court,"2nd District, Position 4",,Over Votes,0
Lane,Precinct 1564,Judge of the Circuit Court,"2nd District, Position 4",,Over Votes,0
Lane,Precinct 1670,Judge of the Circuit Court,"2nd District, Position 4",,Over Votes,0
Lane,Precinct 1672,Judge of the Circuit Court,"2nd District, Position 4",,Over Votes,0
Lane,Precinct 1780,Judge of the Circuit Court,"2nd District, Position 4",,Over Votes,0
Lane,Precinct 1782,Judge of the Circuit Court,"2nd District, Position 4",,Over Votes,0
Lane,Precinct 1784,Judge of the Circuit Court,"2nd District, Position 4",,Over Votes,0
Lane,Precinct 1786,Judge of the Circuit Court,"2nd District, Position 4",,Over Votes,0
Lane,Precinct 1890,Judge of the Circuit Court,"2nd District, Position 4",,Over Votes,0
Lane,Precinct 1892,Judge of the Circuit Court,"2nd District, Position 4",,Over Votes,0
Lane,Precinct 1894,Judge of the Circuit Court,"2nd District, Position 4",,Over Votes,0
Lane,Precinct 2122,Judge of the Circuit Court,"2nd District, Position 4",,Over Votes,0
Lane,Precinct 2238,Judge of the Circuit Court,"2nd District, Position 4",,Over Votes,0
Lane,Precinct 2340,Judge of the Circuit Court,"2nd District, Position 4",,Over Votes,0
Lane,Precinct 2456,Judge of the Circuit Court,"2nd District, Position 4",,Over Votes,0
Lane,Precinct 2562,Judge of the Circuit Court,"2nd District, Position 4",,Over Votes,0
Lane,Precinct 2676,Judge of the Circuit Court,"2nd District, Position 4",,Over Votes,0
Lane,Precinct 4200,Judge of the Circuit Court,"2nd District, Position 4",,Over Votes,0
Lane,Precinct 4300,Judge of the Circuit Court,"2nd District, Position 4",,Over Votes,0
Lane,Precinct 4400,Judge of the Circuit Court,"2nd District, Position 4",,Over Votes,0
Lane,Precinct 4500,Judge of the Circuit Court,"2nd District, Position 4",,Over Votes,0
Lane,Precinct 4600,Judge of the Circuit Court,"2nd District, Position 4",,Over Votes,0
Lane,Precinct 4700,Judge of the Circuit Court,"2nd District, Position 4",,Over Votes,0
Lane,Precinct 4800,Judge of the Circuit Court,"2nd District, Position 4",,Over Votes,0
Lane,Precinct 4900,Judge of the Circuit Court,"2nd District, Position 4",,Over Votes,0
Lane,Precinct 701,Judge of the Circuit Court,"2nd District, Position 4",,Over Votes,0
Lane,Precinct 703,Judge of the Circuit Court,"2nd District, Position 4",,Over Votes,0
Lane,Precinct 705,Judge of the Circuit Court,"2nd District, Position 4",,Over Votes,0
Lane,Precinct 707,Judge of the Circuit Court,"2nd District, Position 4",,Over Votes,0
Lane,Precinct 709,Judge of the Circuit Court,"2nd District, Position 4",,Over Votes,0
Lane,Precinct 711,Judge of the Circuit Court,"2nd District, Position 4",,Over Votes,0
Lane,Precinct 713,Judge of the Circuit Court,"2nd District, Position 4",,Over Votes,0
Lane,Precinct 715,Judge of the Circuit Court,"2nd District, Position 4",,Over Votes,0
Lane,Precinct 717,Judge of the Circuit Court,"2nd District, Position 4",,Over Votes,0
Lane,Precinct 719,Judge of the Circuit Court,"2nd District, Position 4",,Over Votes,0
Lane,Precinct 721,Judge of the Circuit Court,"2nd District, Position 4",,Over Votes,0
Lane,Precinct 723,Judge of the Circuit Court,"2nd District, Position 4",,Over Votes,0
Lane,Precinct 725,Judge of the Circuit Court,"2nd District, Position 4",,Over Votes,0
Lane,Precinct 727,Judge of the Circuit Court,"2nd District, Position 4",,Over Votes,0
Lane,Precinct 729,Judge of the Circuit Court,"2nd District, Position 4",,Over Votes,0
Lane,Precinct 731,Judge of the Circuit Court,"2nd District, Position 4",,Over Votes,0
Lane,Precinct 733,Judge of the Circuit Court,"2nd District, Position 4",,Over Votes,1
Lane,Precinct 737,Judge of the Circuit Court,"2nd District, Position 4",,Over Votes,0
Lane,Precinct 739,Judge of the Circuit Court,"2nd District, Position 4",,Over Votes,0
Lane,Precinct 741,Judge of the Circuit Court,"2nd District, Position 4",,Over Votes,1
Lane,Precinct 743,Judge of the Circuit Court,"2nd District, Position 4",,Over Votes,0
Lane,Precinct 747,Judge of the Circuit Court,"2nd District, Position 4",,Over Votes,0
Lane,Precinct 751,Judge of the Circuit Court,"2nd District, Position 4",,Over Votes,0
Lane,Precinct 753,Judge of the Circuit Court,"2nd District, Position 4",,Over Votes,0
Lane,Precinct 755,Judge of the Circuit Court,"2nd District, Position 4",,Over Votes,0
Lane,Precinct 757,Judge of the Circuit Court,"2nd District, Position 4",,Over Votes,0
Lane,Precinct 759,Judge of the Circuit Court,"2nd District, Position 4",,Over Votes,0
Lane,Precinct 765,Judge of the Circuit Court,"2nd District, Position 4",,Over Votes,0
Lane,Precinct 1120,Judge of the Circuit Court,"2nd District, Position 4",,Under Votes,554
Lane,Precinct 1122,Judge of the Circuit Court,"2nd District, Position 4",,Under Votes,1243
Lane,Precinct 1124,Judge of the Circuit Court,"2nd District, Position 4",,Under Votes,416
Lane,Precinct 1126,Judge of the Circuit Court,"2nd District, Position 4",,Under Votes,1634
Lane,Precinct 1230,Judge of the Circuit Court,"2nd District, Position 4",,Under Votes,1803
Lane,Precinct 1232,Judge of the Circuit Court,"2nd District, Position 4",,Under Votes,1820
Lane,Precinct 1234,Judge of the Circuit Court,"2nd District, Position 4",,Under Votes,1155
Lane,Precinct 1340,Judge of the Circuit Court,"2nd District, Position 4",,Under Votes,1281
Lane,Precinct 1342,Judge of the Circuit Court,"2nd District, Position 4",,Under Votes,408
Lane,Precinct 1450,Judge of the Circuit Court,"2nd District, Position 4",,Under Votes,1701
Lane,Precinct 1452,Judge of the Circuit Court,"2nd District, Position 4",,Under Votes,1361
Lane,Precinct 1454,Judge of the Circuit Court,"2nd District, Position 4",,Under Votes,337
Lane,Precinct 1560,Judge of the Circuit Court,"2nd District, Position 4",,Under Votes,640
Lane,Precinct 1562,Judge of the Circuit Court,"2nd District, Position 4",,Under Votes,1831
Lane,Precinct 1564,Judge of the Circuit Court,"2nd District, Position 4",,Under Votes,1880
Lane,Precinct 1670,Judge of the Circuit Court,"2nd District, Position 4",,Under Votes,1787
Lane,Precinct 1672,Judge of the Circuit Court,"2nd District, Position 4",,Under Votes,1283
Lane,Precinct 1780,Judge of the Circuit Court,"2nd District, Position 4",,Under Votes,360
Lane,Precinct 1782,Judge of the Circuit Court,"2nd District, Position 4",,Under Votes,530
Lane,Precinct 1784,Judge of the Circuit Court,"2nd District, Position 4",,Under Votes,1197
Lane,Precinct 1786,Judge of the Circuit Court,"2nd District, Position 4",,Under Votes,768
Lane,Precinct 1890,Judge of the Circuit Court,"2nd District, Position 4",,Under Votes,759
Lane,Precinct 1892,Judge of the Circuit Court,"2nd District, Position 4",,Under Votes,1401
Lane,Precinct 1894,Judge of the Circuit Court,"2nd District, Position 4",,Under Votes,1217
Lane,Precinct 2122,Judge of the Circuit Court,"2nd District, Position 4",,Under Votes,1144
Lane,Precinct 2238,Judge of the Circuit Court,"2nd District, Position 4",,Under Votes,1430
Lane,Precinct 2340,Judge of the Circuit Court,"2nd District, Position 4",,Under Votes,1568
Lane,Precinct 2456,Judge of the Circuit Court,"2nd District, Position 4",,Under Votes,1188
Lane,Precinct 2562,Judge of the Circuit Court,"2nd District, Position 4",,Under Votes,1437
Lane,Precinct 2676,Judge of the Circuit Court,"2nd District, Position 4",,Under Votes,1986
Lane,Precinct 4200,Judge of the Circuit Court,"2nd District, Position 4",,Under Votes,332
Lane,Precinct 4300,Judge of the Circuit Court,"2nd District, Position 4",,Under Votes,1746
Lane,Precinct 4400,Judge of the Circuit Court,"2nd District, Position 4",,Under Votes,935
Lane,Precinct 4500,Judge of the Circuit Court,"2nd District, Position 4",,Under Votes,477
Lane,Precinct 4600,Judge of the Circuit Court,"2nd District, Position 4",,Under Votes,2236
Lane,Precinct 4700,Judge of the Circuit Court,"2nd District, Position 4",,Under Votes,1184
Lane,Precinct 4800,Judge of the Circuit Court,"2nd District, Position 4",,Under Votes,430
Lane,Precinct 4900,Judge of the Circuit Court,"2nd District, Position 4",,Under Votes,861
Lane,Precinct 701,Judge of the Circuit Court,"2nd District, Position 4",,Under Votes,612
Lane,Precinct 703,Judge of the Circuit Court,"2nd District, Position 4",,Under Votes,108
Lane,Precinct 705,Judge of the Circuit Court,"2nd District, Position 4",,Under Votes,873
Lane,Precinct 707,Judge of the Circuit Court,"2nd District, Position 4",,Under Votes,242
Lane,Precinct 709,Judge of the Circuit Court,"2nd District, Position 4",,Under Votes,653
Lane,Precinct 711,Judge of the Circuit Court,"2nd District, Position 4",,Under Votes,1644
Lane,Precinct 713,Judge of the Circuit Court,"2nd District, Position 4",,Under Votes,473
Lane,Precinct 715,Judge of the Circuit Court,"2nd District, Position 4",,Under Votes,671
Lane,Precinct 717,Judge of the Circuit Court,"2nd District, Position 4",,Under Votes,1073
Lane,Precinct 719,Judge of the Circuit Court,"2nd District, Position 4",,Under Votes,151
Lane,Precinct 721,Judge of the Circuit Court,"2nd District, Position 4",,Under Votes,265
Lane,Precinct 723,Judge of the Circuit Court,"2nd District, Position 4",,Under Votes,1117
Lane,Precinct 725,Judge of the Circuit Court,"2nd District, Position 4",,Under Votes,831
Lane,Precinct 727,Judge of the Circuit Court,"2nd District, Position 4",,Under Votes,605
Lane,Precinct 729,Judge of the Circuit Court,"2nd District, Position 4",,Under Votes,169
Lane,Precinct 731,Judge of the Circuit Court,"2nd District, Position 4",,Under Votes,1554
Lane,Precinct 733,Judge of the Circuit Court,"2nd District, Position 4",,Under Votes,2019
Lane,Precinct 737,Judge of the Circuit Court,"2nd District, Position 4",,Under Votes,1267
Lane,Precinct 739,Judge of the Circuit Court,"2nd District, Position 4",,Under Votes,620
Lane,Precinct 741,Judge of the Circuit Court,"2nd District, Position 4",,Under Votes,238
Lane,Precinct 743,Judge of the Circuit Court,"2nd District, Position 4",,Under Votes,225
Lane,Precinct 747,Judge of the Circuit Court,"2nd District, Position 4",,Under Votes,2009
Lane,Precinct 751,Judge of the Circuit Court,"2nd District, Position 4",,Under Votes,1822
Lane,Precinct 753,Judge of the Circuit Court,"2nd District, Position 4",,Under Votes,597
Lane,Precinct 755,Judge of the Circuit Court,"2nd District, Position 4",,Under Votes,1152
Lane,Precinct 757,Judge of the Circuit Court,"2nd District, Position 4",,Under Votes,1053
Lane,Precinct 759,Judge of the Circuit Court,"2nd District, Position 4",,Under Votes,915
Lane,Precinct 765,Judge of the Circuit Court,"2nd District, Position 4",,Under Votes,846
Lane,Precinct 1120,Judge of the Circuit Court,"2nd District, Position 4",,Write-ins,13
Lane,Precinct 1122,Judge of the Circuit Court,"2nd District, Position 4",,Write-ins,12
Lane,Precinct 1124,Judge of the Circuit Court,"2nd District, Position 4",,Write-ins,3
Lane,Precinct 1126,Judge of the Circuit Court,"2nd District, Position 4",,Write-ins,12
Lane,Precinct 1230,Judge of the Circuit Court,"2nd District, Position 4",,Write-ins,18
Lane,Precinct 1232,Judge of the Circuit Court,"2nd District, Position 4",,Write-ins,16
Lane,Precinct 1234,Judge of the Circuit Court,"2nd District, Position 4",,Write-ins,20
Lane,Precinct 1340,Judge of the Circuit Court,"2nd District, Position 4",,Write-ins,13
Lane,Precinct 1342,Judge of the Circuit Court,"2nd District, Position 4",,Write-ins,6
Lane,Precinct 1450,Judge of the Circuit Court,"2nd District, Position 4",,Write-ins,24
Lane,Precinct 1452,Judge of the Circuit Court,"2nd District, Position 4",,Write-ins,15
Lane,Precinct 1454,Judge of the Circuit Court,"2nd District, Position 4",,Write-ins,5
Lane,Precinct 1560,Judge of the Circuit Court,"2nd District, Position 4",,Write-ins,9
Lane,Precinct 1562,Judge of the Circuit Court,"2nd District, Position 4",,Write-ins,23
Lane,Precinct 1564,Judge of the Circuit Court,"2nd District, Position 4",,Write-ins,27
Lane,Precinct 1670,Judge of the Circuit Court,"2nd District, Position 4",,Write-ins,41
Lane,Precinct 1672,Judge of the Circuit Court,"2nd District, Position 4",,Write-ins,22
Lane,Precinct 1780,Judge of the Circuit Court,"2nd District, Position 4",,Write-ins,21
Lane,Precinct 1782,Judge of the Circuit Court,"2nd District, Position 4",,Write-ins,5
Lane,Precinct 1784,Judge of the Circuit Court,"2nd District, Position 4",,Write-ins,19
Lane,Precinct 1786,Judge of the Circuit Court,"2nd District, Position 4",,Write-ins,12
Lane,Precinct 1890,Judge of the Circuit Court,"2nd District, Position 4",,Write-ins,17
Lane,Precinct 1892,Judge of the Circuit Court,"2nd District, Position 4",,Write-ins,19
Lane,Precinct 1894,Judge of the Circuit Court,"2nd District, Position 4",,Write-ins,10
Lane,Precinct 2122,Judge of the Circuit Court,"2nd District, Position 4",,Write-ins,20
Lane,Precinct 2238,Judge of the Circuit Court,"2nd District, Position 4",,Write-ins,22
Lane,Precinct 2340,Judge of the Circuit Court,"2nd District, Position 4",,Write-ins,25
Lane,Precinct 2456,Judge of the Circuit Court,"2nd District, Position 4",,Write-ins,18
Lane,Precinct 2562,Judge of the Circuit Court,"2nd District, Position 4",,Write-ins,32
Lane,Precinct 2676,Judge of the Circuit Court,"2nd District, Position 4",,Write-ins,43
Lane,Precinct 4200,Judge of the Circuit Court,"2nd District, Position 4",,Write-ins,6
Lane,Precinct 4300,Judge of the Circuit Court,"2nd District, Position 4",,Write-ins,43
Lane,Precinct 4400,Judge of the Circuit Court,"2nd District, Position 4",,Write-ins,21
Lane,Precinct 4500,Judge of the Circuit Court,"2nd District, Position 4",,Write-ins,3
Lane,Precinct 4600,Judge of the Circuit Court,"2nd District, Position 4",,Write-ins,30
Lane,Precinct 4700,Judge of the Circuit Court,"2nd District, Position 4",,Write-ins,22
Lane,Precinct 4800,Judge of the Circuit Court,"2nd District, Position 4",,Write-ins,14
Lane,Precinct 4900,Judge of the Circuit Court,"2nd District, Position 4",,Write-ins,24
Lane,Precinct 701,Judge of the Circuit Court,"2nd District, Position 4",,Write-ins,5
Lane,Precinct 703,Judge of the Circuit Court,"2nd District, Position 4",,Write-ins,1
Lane,Precinct 705,Judge of the Circuit Court,"2nd District, Position 4",,Write-ins,13
Lane,Precinct 707,Judge of the Circuit Court,"2nd District, Position 4",,Write-ins,7
Lane,Precinct 709,Judge of the Circuit Court,"2nd District, Position 4",,Write-ins,13
Lane,Precinct 711,Judge of the Circuit Court,"2nd District, Position 4",,Write-ins,30
Lane,Precinct 713,Judge of the Circuit Court,"2nd District, Position 4",,Write-ins,2
Lane,Precinct 715,Judge of the Circuit Court,"2nd District, Position 4",,Write-ins,9
Lane,Precinct 717,Judge of the Circuit Court,"2nd District, Position 4",,Write-ins,47
Lane,Precinct 719,Judge of the Circuit Court,"2nd District, Position 4",,Write-ins,2
Lane,Precinct 721,Judge of the Circuit Court,"2nd District, Position 4",,Write-ins,4
Lane,Precinct 723,Judge of the Circuit Court,"2nd District, Position 4",,Write-ins,10
Lane,Precinct 725,Judge of the Circuit Court,"2nd District, Position 4",,Write-ins,9
Lane,Precinct 727,Judge of the Circuit Court,"2nd District, Position 4",,Write-ins,12
Lane,Precinct 729,Judge of the Circuit Court,"2nd District, Position 4",,Write-ins,5
Lane,Precinct 731,Judge of the Circuit Court,"2nd District, Position 4",,Write-ins,35
Lane,Precinct 733,Judge of the Circuit Court,"2nd District, Position 4",,Write-ins,28
Lane,Precinct 737,Judge of the Circuit Court,"2nd District, Position 4",,Write-ins,13
Lane,Precinct 739,Judge of the Circuit Court,"2nd District, Position 4",,Write-ins,11
Lane,Precinct 741,Judge of the Circuit Court,"2nd District, Position 4",,Write-ins,2
Lane,Precinct 743,Judge of the Circuit Court,"2nd District, Position 4",,Write-ins,4
Lane,Precinct 747,Judge of the Circuit Court,"2nd District, Position 4",,Write-ins,42
Lane,Precinct 751,Judge of the Circuit Court,"2nd District, Position 4",,Write-ins,23
Lane,Precinct 753,Judge of the Circuit Court,"2nd District, Position 4",,Write-ins,8
Lane,Precinct 755,Judge of the Circuit Court,"2nd District, Position 4",,Write-ins,17
Lane,Precinct 757,Judge of the Circuit Court,"2nd District, Position 4",,Write-ins,15
Lane,Precinct 759,Judge of the Circuit Court,"2nd District, Position 4",,Write-ins,22
Lane,Precinct 765,Judge of the Circuit Court,"2nd District, Position 4",,Write-ins,18
Lane,Precinct 1120,Judge of the Circuit Court,"2nd District, Position 6",,Amit Kapoor,423
Lane,Precinct 1122,Judge of the Circuit Court,"2nd District, Position 6",,Amit Kapoor,1090
Lane,Precinct 1124,Judge of the Circuit Court,"2nd District, Position 6",,Amit Kapoor,389
Lane,Precinct 1126,Judge of the Circuit Court,"2nd District, Position 6",,Amit Kapoor,1572
Lane,Precinct 1230,Judge of the Circuit Court,"2nd District, Position 6",,Amit Kapoor,1779
Lane,Precinct 1232,Judge of the Circuit Court,"2nd District, Position 6",,Amit Kapoor,1809
Lane,Precinct 1234,Judge of the Circuit Court,"2nd District, Position 6",,Amit Kapoor,1025
Lane,Precinct 1340,Judge of the Circuit Court,"2nd District, Position 6",,Amit Kapoor,1332
Lane,Precinct 1342,Judge of the Circuit Court,"2nd District, Position 6",,Amit Kapoor,348
Lane,Precinct 1450,Judge of the Circuit Court,"2nd District, Position 6",,Amit Kapoor,1324
Lane,Precinct 1452,Judge of the Circuit Court,"2nd District, Position 6",,Amit Kapoor,1024
Lane,Precinct 1454,Judge of the Circuit Court,"2nd District, Position 6",,Amit Kapoor,356
Lane,Precinct 1560,Judge of the Circuit Court,"2nd District, Position 6",,Amit Kapoor,410
Lane,Precinct 1562,Judge of the Circuit Court,"2nd District, Position 6",,Amit Kapoor,1296
Lane,Precinct 1564,Judge of the Circuit Court,"2nd District, Position 6",,Amit Kapoor,1616
Lane,Precinct 1670,Judge of the Circuit Court,"2nd District, Position 6",,Amit Kapoor,1179
Lane,Precinct 1672,Judge of the Circuit Court,"2nd District, Position 6",,Amit Kapoor,808
Lane,Precinct 1780,Judge of the Circuit Court,"2nd District, Position 6",,Amit Kapoor,261
Lane,Precinct 1782,Judge of the Circuit Court,"2nd District, Position 6",,Amit Kapoor,475
Lane,Precinct 1784,Judge of the Circuit Court,"2nd District, Position 6",,Amit Kapoor,815
Lane,Precinct 1786,Judge of the Circuit Court,"2nd District, Position 6",,Amit Kapoor,470
Lane,Precinct 1890,Judge of the Circuit Court,"2nd District, Position 6",,Amit Kapoor,440
Lane,Precinct 1892,Judge of the Circuit Court,"2nd District, Position 6",,Amit Kapoor,1178
Lane,Precinct 1894,Judge of the Circuit Court,"2nd District, Position 6",,Amit Kapoor,1039
Lane,Precinct 2122,Judge of the Circuit Court,"2nd District, Position 6",,Amit Kapoor,746
Lane,Precinct 2238,Judge of the Circuit Court,"2nd District, Position 6",,Amit Kapoor,1045
Lane,Precinct 2340,Judge of the Circuit Court,"2nd District, Position 6",,Amit Kapoor,983
Lane,Precinct 2456,Judge of the Circuit Court,"2nd District, Position 6",,Amit Kapoor,747
Lane,Precinct 2562,Judge of the Circuit Court,"2nd District, Position 6",,Amit Kapoor,853
Lane,Precinct 2676,Judge of the Circuit Court,"2nd District, Position 6",,Amit Kapoor,1031
Lane,Precinct 4200,Judge of the Circuit Court,"2nd District, Position 6",,Amit Kapoor,193
Lane,Precinct 4300,Judge of the Circuit Court,"2nd District, Position 6",,Amit Kapoor,889
Lane,Precinct 4400,Judge of the Circuit Court,"2nd District, Position 6",,Amit Kapoor,520
Lane,Precinct 4500,Judge of the Circuit Court,"2nd District, Position 6",,Amit Kapoor,200
Lane,Precinct 4600,Judge of the Circuit Court,"2nd District, Position 6",,Amit Kapoor,1383
Lane,Precinct 4700,Judge of the Circuit Court,"2nd District, Position 6",,Amit Kapoor,530
Lane,Precinct 4800,Judge of the Circuit Court,"2nd District, Position 6",,Amit Kapoor,238
Lane,Precinct 4900,Judge of the Circuit Court,"2nd District, Position 6",,Amit Kapoor,461
Lane,Precinct 701,Judge of the Circuit Court,"2nd District, Position 6",,Amit Kapoor,337
Lane,Precinct 703,Judge of the Circuit Court,"2nd District, Position 6",,Amit Kapoor,64
Lane,Precinct 705,Judge of the Circuit Court,"2nd District, Position 6",,Amit Kapoor,469
Lane,Precinct 707,Judge of the Circuit Court,"2nd District, Position 6",,Amit Kapoor,116
Lane,Precinct 709,Judge of the Circuit Court,"2nd District, Position 6",,Amit Kapoor,278
Lane,Precinct 711,Judge of the Circuit Court,"2nd District, Position 6",,Amit Kapoor,653
Lane,Precinct 713,Judge of the Circuit Court,"2nd District, Position 6",,Amit Kapoor,197
Lane,Precinct 715,Judge of the Circuit Court,"2nd District, Position 6",,Amit Kapoor,278
Lane,Precinct 717,Judge of the Circuit Court,"2nd District, Position 6",,Amit Kapoor,466
Lane,Precinct 719,Judge of the Circuit Court,"2nd District, Position 6",,Amit Kapoor,86
Lane,Precinct 721,Judge of the Circuit Court,"2nd District, Position 6",,Amit Kapoor,172
Lane,Precinct 723,Judge of the Circuit Court,"2nd District, Position 6",,Amit Kapoor,737
Lane,Precinct 725,Judge of the Circuit Court,"2nd District, Position 6",,Amit Kapoor,289
Lane,Precinct 727,Judge of the Circuit Court,"2nd District, Position 6",,Amit Kapoor,252
Lane,Precinct 729,Judge of the Circuit Court,"2nd District, Position 6",,Amit Kapoor,92
Lane,Precinct 731,Judge of the Circuit Court,"2nd District, Position 6",,Amit Kapoor,998
Lane,Precinct 733,Judge of the Circuit Court,"2nd District, Position 6",,Amit Kapoor,1427
Lane,Precinct 737,Judge of the Circuit Court,"2nd District, Position 6",,Amit Kapoor,673
Lane,Precinct 739,Judge of the Circuit Court,"2nd District, Position 6",,Amit Kapoor,321
Lane,Precinct 741,Judge of the Circuit Court,"2nd District, Position 6",,Amit Kapoor,167
Lane,Precinct 743,Judge of the Circuit Court,"2nd District, Position 6",,Amit Kapoor,128
Lane,Precinct 747,Judge of the Circuit Court,"2nd District, Position 6",,Amit Kapoor,837
Lane,Precinct 751,Judge of the Circuit Court,"2nd District, Position 6",,Amit Kapoor,698
Lane,Precinct 753,Judge of the Circuit Court,"2nd District, Position 6",,Amit Kapoor,213
Lane,Precinct 755,Judge of the Circuit Court,"2nd District, Position 6",,Amit Kapoor,462
Lane,Precinct 757,Judge of the Circuit Court,"2nd District, Position 6",,Amit Kapoor,458
Lane,Precinct 759,Judge of the Circuit Court,"2nd District, Position 6",,Amit Kapoor,488
Lane,Precinct 765,Judge of the Circuit Court,"2nd District, Position 6",,Amit Kapoor,423
Lane,Precinct 1120,Judge of the Circuit Court,"2nd District, Position 6",,Katina R. Saint Marie,335
Lane,Precinct 1122,Judge of the Circuit Court,"2nd District, Position 6",,Katina R. Saint Marie,594
Lane,Precinct 1124,Judge of the Circuit Court,"2nd District, Position 6",,Katina R. Saint Marie,221
Lane,Precinct 1126,Judge of the Circuit Court,"2nd District, Position 6",,Katina R. Saint Marie,820
Lane,Precinct 1230,Judge of the Circuit Court,"2nd District, Position 6",,Katina R. Saint Marie,886
Lane,Precinct 1232,Judge of the Circuit Court,"2nd District, Position 6",,Katina R. Saint Marie,970
Lane,Precinct 1234,Judge of the Circuit Court,"2nd District, Position 6",,Katina R. Saint Marie,631
Lane,Precinct 1340,Judge of the Circuit Court,"2nd District, Position 6",,Katina R. Saint Marie,670
Lane,Precinct 1342,Judge of the Circuit Court,"2nd District, Position 6",,Katina R. Saint Marie,243
Lane,Precinct 1450,Judge of the Circuit Court,"2nd District, Position 6",,Katina R. Saint Marie,1154
Lane,Precinct 1452,Judge of the Circuit Court,"2nd District, Position 6",,Katina R. Saint Marie,777
Lane,Precinct 1454,Judge of the Circuit Court,"2nd District, Position 6",,Katina R. Saint Marie,243
Lane,Precinct 1560,Judge of the Circuit Court,"2nd District, Position 6",,Katina R. Saint Marie,423
Lane,Precinct 1562,Judge of the Circuit Court,"2nd District, Position 6",,Katina R. Saint Marie,1223
Lane,Precinct 1564,Judge of the Circuit Court,"2nd District, Position 6",,Katina R. Saint Marie,1275
Lane,Precinct 1670,Judge of the Circuit Court,"2nd District, Position 6",,Katina R. Saint Marie,1316
Lane,Precinct 1672,Judge of the Circuit Court,"2nd District, Position 6",,Katina R. Saint Marie,997
Lane,Precinct 1780,Judge of the Circuit Court,"2nd District, Position 6",,Katina R. Saint Marie,290
Lane,Precinct 1782,Judge of the Circuit Court,"2nd District, Position 6",,Katina R. Saint Marie,299
Lane,Precinct 1784,Judge of the Circuit Court,"2nd District, Position 6",,Katina R. Saint Marie,784
Lane,Precinct 1786,Judge of the Circuit Court,"2nd District, Position 6",,Katina R. Saint Marie,552
Lane,Precinct 1890,Judge of the Circuit Court,"2nd District, Position 6",,Katina R. Saint Marie,574
Lane,Precinct 1892,Judge of the Circuit Court,"2nd District, Position 6",,Katina R. Saint Marie,899
Lane,Precinct 1894,Judge of the Circuit Court,"2nd District, Position 6",,Katina R. Saint Marie,743
Lane,Precinct 2122,Judge of the Circuit Court,"2nd District, Position 6",,Katina R. Saint Marie,913
Lane,Precinct 2238,Judge of the Circuit Court,"2nd District, Position 6",,Katina R. Saint Marie,1037
Lane,Precinct 2340,Judge of the Circuit Court,"2nd District, Position 6",,Katina R. Saint Marie,1135
Lane,Precinct 2456,Judge of the Circuit Court,"2nd District, Position 6",,Katina R. Saint Marie,993
Lane,Precinct 2562,Judge of the Circuit Court,"2nd District, Position 6",,Katina R. Saint Marie,1251
Lane,Precinct 2676,Judge of the Circuit Court,"2nd District, Position 6",,Katina R. Saint Marie,1419
Lane,Precinct 4200,Judge of the Circuit Court,"2nd District, Position 6",,Katina R. Saint Marie,236
Lane,Precinct 4300,Judge of the Circuit Court,"2nd District, Position 6",,Katina R. Saint Marie,1352
Lane,Precinct 4400,Judge of the Circuit Court,"2nd District, Position 6",,Katina R. Saint Marie,768
Lane,Precinct 4500,Judge of the Circuit Court,"2nd District, Position 6",,Katina R. Saint Marie,389
Lane,Precinct 4600,Judge of the Circuit Court,"2nd District, Position 6",,Katina R. Saint Marie,1839
Lane,Precinct 4700,Judge of the Circuit Court,"2nd District, Position 6",,Katina R. Saint Marie,1050
Lane,Precinct 4800,Judge of the Circuit Court,"2nd District, Position 6",,Katina R. Saint Marie,388
Lane,Precinct 4900,Judge of the Circuit Court,"2nd District, Position 6",,Katina R. Saint Marie,674
Lane,Precinct 701,Judge of the Circuit Court,"2nd District, Position 6",,Katina R. Saint Marie,492
Lane,Precinct 703,Judge of the Circuit Court,"2nd District, Position 6",,Katina R. Saint Marie,64
Lane,Precinct 705,Judge of the Circuit Court,"2nd District, Position 6",,Katina R. Saint Marie,672
Lane,Precinct 707,Judge of the Circuit Court,"2nd District, Position 6",,Katina R. Saint Marie,190
Lane,Precinct 709,Judge of the Circuit Court,"2nd District, Position 6",,Katina R. Saint Marie,409
Lane,Precinct 711,Judge of the Circuit Court,"2nd District, Position 6",,Katina R. Saint Marie,997
Lane,Precinct 713,Judge of the Circuit Court,"2nd District, Position 6",,Katina R. Saint Marie,303
Lane,Precinct 715,Judge of the Circuit Court,"2nd District, Position 6",,Katina R. Saint Marie,500
Lane,Precinct 717,Judge of the Circuit Court,"2nd District, Position 6",,Katina R. Saint Marie,766
Lane,Precinct 719,Judge of the Circuit Court,"2nd District, Position 6",,Katina R. Saint Marie,103
Lane,Precinct 721,Judge of the Circuit Court,"2nd District, Position 6",,Katina R. Saint Marie,153
Lane,Precinct 723,Judge of the Circuit Court,"2nd District, Position 6",,Katina R. Saint Marie,501
Lane,Precinct 725,Judge of the Circuit Court,"2nd District, Position 6",,Katina R. Saint Marie,496
Lane,Precinct 727,Judge of the Circuit Court,"2nd District, Position 6",,Katina R. Saint Marie,431
Lane,Precinct 729,Judge of the Circuit Court,"2nd District, Position 6",,Katina R. Saint Marie,117
Lane,Precinct 731,Judge of the Circuit Court,"2nd District, Position 6",,Katina R. Saint Marie,1082
Lane,Precinct 733,Judge of the Circuit Court,"2nd District, Position 6",,Katina R. Saint Marie,1165
Lane,Precinct 737,Judge of the Circuit Court,"2nd District, Position 6",,Katina R. Saint Marie,889
Lane,Precinct 739,Judge of the Circuit Court,"2nd District, Position 6",,Katina R. Saint Marie,422
Lane,Precinct 741,Judge of the Circuit Court,"2nd District, Position 6",,Katina R. Saint Marie,186
Lane,Precinct 743,Judge of the Circuit Court,"2nd District, Position 6",,Katina R. Saint Marie,156
Lane,Precinct 747,Judge of the Circuit Court,"2nd District, Position 6",,Katina R. Saint Marie,1433
Lane,Precinct 751,Judge of the Circuit Court,"2nd District, Position 6",,Katina R. Saint Marie,1286
Lane,Precinct 753,Judge of the Circuit Court,"2nd District, Position 6",,Katina R. Saint Marie,397
Lane,Precinct 755,Judge of the Circuit Court,"2nd District, Position 6",,Katina R. Saint Marie,824
Lane,Precinct 757,Judge of the Circuit Court,"2nd District, Position 6",,Katina R. Saint Marie,705
Lane,Precinct 759,Judge of the Circuit Court,"2nd District, Position 6",,Katina R. Saint Marie,715
Lane,Precinct 765,Judge of the Circuit Court,"2nd District, Position 6",,Katina R. Saint Marie,654
Lane,Precinct 1120,Judge of the Circuit Court,"2nd District, Position 6",,Over Votes,0
Lane,Precinct 1122,Judge of the Circuit Court,"2nd District, Position 6",,Over Votes,0
Lane,Precinct 1124,Judge of the Circuit Court,"2nd District, Position 6",,Over Votes,0
Lane,Precinct 1126,Judge of the Circuit Court,"2nd District, Position 6",,Over Votes,0
Lane,Precinct 1230,Judge of the Circuit Court,"2nd District, Position 6",,Over Votes,1
Lane,Precinct 1232,Judge of the Circuit Court,"2nd District, Position 6",,Over Votes,0
Lane,Precinct 1234,Judge of the Circuit Court,"2nd District, Position 6",,Over Votes,0
Lane,Precinct 1340,Judge of the Circuit Court,"2nd District, Position 6",,Over Votes,0
Lane,Precinct 1342,Judge of the Circuit Court,"2nd District, Position 6",,Over Votes,0
Lane,Precinct 1450,Judge of the Circuit Court,"2nd District, Position 6",,Over Votes,0
Lane,Precinct 1452,Judge of the Circuit Court,"2nd District, Position 6",,Over Votes,0
Lane,Precinct 1454,Judge of the Circuit Court,"2nd District, Position 6",,Over Votes,0
Lane,Precinct 1560,Judge of the Circuit Court,"2nd District, Position 6",,Over Votes,0
Lane,Precinct 1562,Judge of the Circuit Court,"2nd District, Position 6",,Over Votes,1
Lane,Precinct 1564,Judge of the Circuit Court,"2nd District, Position 6",,Over Votes,1
Lane,Precinct 1670,Judge of the Circuit Court,"2nd District, Position 6",,Over Votes,1
Lane,Precinct 1672,Judge of the Circuit Court,"2nd District, Position 6",,Over Votes,0
Lane,Precinct 1780,Judge of the Circuit Court,"2nd District, Position 6",,Over Votes,0
Lane,Precinct 1782,Judge of the Circuit Court,"2nd District, Position 6",,Over Votes,0
Lane,Precinct 1784,Judge of the Circuit Court,"2nd District, Position 6",,Over Votes,0
Lane,Precinct 1786,Judge of the Circuit Court,"2nd District, Position 6",,Over Votes,1
Lane,Precinct 1890,Judge of the Circuit Court,"2nd District, Position 6",,Over Votes,0
Lane,Precinct 1892,Judge of the Circuit Court,"2nd District, Position 6",,Over Votes,0
Lane,Precinct 1894,Judge of the Circuit Court,"2nd District, Position 6",,Over Votes,0
Lane,Precinct 2122,Judge of the Circuit Court,"2nd District, Position 6",,Over Votes,1
Lane,Precinct 2238,Judge of the Circuit Court,"2nd District, Position 6",,Over Votes,0
Lane,Precinct 2340,Judge of the Circuit Court,"2nd District, Position 6",,Over Votes,0
Lane,Precinct 2456,Judge of the Circuit Court,"2nd District, Position 6",,Over Votes,0
Lane,Precinct 2562,Judge of the Circuit Court,"2nd District, Position 6",,Over Votes,0
Lane,Precinct 2676,Judge of the Circuit Court,"2nd District, Position 6",,Over Votes,0
Lane,Precinct 4200,Judge of the Circuit Court,"2nd District, Position 6",,Over Votes,0
Lane,Precinct 4300,Judge of the Circuit Court,"2nd District, Position 6",,Over Votes,0
Lane,Precinct 4400,Judge of the Circuit Court,"2nd District, Position 6",,Over Votes,0
Lane,Precinct 4500,Judge of the Circuit Court,"2nd District, Position 6",,Over Votes,0
Lane,Precinct 4600,Judge of the Circuit Court,"2nd District, Position 6",,Over Votes,0
Lane,Precinct 4700,Judge of the Circuit Court,"2nd District, Position 6",,Over Votes,0
Lane,Precinct 4800,Judge of the Circuit Court,"2nd District, Position 6",,Over Votes,0
Lane,Precinct 4900,Judge of the Circuit Court,"2nd District, Position 6",,Over Votes,0
Lane,Precinct 701,Judge of the Circuit Court,"2nd District, Position 6",,Over Votes,0
Lane,Precinct 703,Judge of the Circuit Court,"2nd District, Position 6",,Over Votes,0
Lane,Precinct 705,Judge of the Circuit Court,"2nd District, Position 6",,Over Votes,0
Lane,Precinct 707,Judge of the Circuit Court,"2nd District, Position 6",,Over Votes,0
Lane,Precinct 709,Judge of the Circuit Court,"2nd District, Position 6",,Over Votes,0
Lane,Precinct 711,Judge of the Circuit Court,"2nd District, Position 6",,Over Votes,0
Lane,Precinct 713,Judge of the Circuit Court,"2nd District, Position 6",,Over Votes,0
Lane,Precinct 715,Judge of the Circuit Court,"2nd District, Position 6",,Over Votes,0
Lane,Precinct 717,Judge of the Circuit Court,"2nd District, Position 6",,Over Votes,0
Lane,Precinct 719,Judge of the Circuit Court,"2nd District, Position 6",,Over Votes,0
Lane,Precinct 721,Judge of the Circuit Court,"2nd District, Position 6",,Over Votes,0
Lane,Precinct 723,Judge of the Circuit Court,"2nd District, Position 6",,Over Votes,1
Lane,Precinct 725,Judge of the Circuit Court,"2nd District, Position 6",,Over Votes,0
Lane,Precinct 727,Judge of the Circuit Court,"2nd District, Position 6",,Over Votes,0
Lane,Precinct 729,Judge of the Circuit Court,"2nd District, Position 6",,Over Votes,0
Lane,Precinct 731,Judge of the Circuit Court,"2nd District, Position 6",,Over Votes,0
Lane,Precinct 733,Judge of the Circuit Court,"2nd District, Position 6",,Over Votes,1
Lane,Precinct 737,Judge of the Circuit Court,"2nd District, Position 6",,Over Votes,0
Lane,Precinct 739,Judge of the Circuit Court,"2nd District, Position 6",,Over Votes,0
Lane,Precinct 741,Judge of the Circuit Court,"2nd District, Position 6",,Over Votes,1
Lane,Precinct 743,Judge of the Circuit Court,"2nd District, Position 6",,Over Votes,0
Lane,Precinct 747,Judge of the Circuit Court,"2nd District, Position 6",,Over Votes,1
Lane,Precinct 751,Judge of the Circuit Court,"2nd District, Position 6",,Over Votes,0
Lane,Precinct 753,Judge of the Circuit Court,"2nd District, Position 6",,Over Votes,0
Lane,Precinct 755,Judge of the Circuit Court,"2nd District, Position 6",,Over Votes,0
Lane,Precinct 757,Judge of the Circuit Court,"2nd District, Position 6",,Over Votes,0
Lane,Precinct 759,Judge of the Circuit Court,"2nd District, Position 6",,Over Votes,0
Lane,Precinct 765,Judge of the Circuit Court,"2nd District, Position 6",,Over Votes,0
Lane,Precinct 1120,Judge of the Circuit Court,"2nd District, Position 6",,Under Votes,268
Lane,Precinct 1122,Judge of the Circuit Court,"2nd District, Position 6",,Under Votes,538
Lane,Precinct 1124,Judge of the Circuit Court,"2nd District, Position 6",,Under Votes,173
Lane,Precinct 1126,Judge of the Circuit Court,"2nd District, Position 6",,Under Votes,663
Lane,Precinct 1230,Judge of the Circuit Court,"2nd District, Position 6",,Under Votes,746
Lane,Precinct 1232,Judge of the Circuit Court,"2nd District, Position 6",,Under Votes,817
Lane,Precinct 1234,Judge of the Circuit Court,"2nd District, Position 6",,Under Votes,486
Lane,Precinct 1340,Judge of the Circuit Court,"2nd District, Position 6",,Under Votes,513
Lane,Precinct 1342,Judge of the Circuit Court,"2nd District, Position 6",,Under Votes,182
Lane,Precinct 1450,Judge of the Circuit Court,"2nd District, Position 6",,Under Votes,853
Lane,Precinct 1452,Judge of the Circuit Court,"2nd District, Position 6",,Under Votes,731
Lane,Precinct 1454,Judge of the Circuit Court,"2nd District, Position 6",,Under Votes,166
Lane,Precinct 1560,Judge of the Circuit Court,"2nd District, Position 6",,Under Votes,325
Lane,Precinct 1562,Judge of the Circuit Court,"2nd District, Position 6",,Under Votes,968
Lane,Precinct 1564,Judge of the Circuit Court,"2nd District, Position 6",,Under Votes,951
Lane,Precinct 1670,Judge of the Circuit Court,"2nd District, Position 6",,Under Votes,999
Lane,Precinct 1672,Judge of the Circuit Court,"2nd District, Position 6",,Under Votes,692
Lane,Precinct 1780,Judge of the Circuit Court,"2nd District, Position 6",,Under Votes,174
Lane,Precinct 1782,Judge of the Circuit Court,"2nd District, Position 6",,Under Votes,241
Lane,Precinct 1784,Judge of the Circuit Court,"2nd District, Position 6",,Under Votes,590
Lane,Precinct 1786,Judge of the Circuit Court,"2nd District, Position 6",,Under Votes,423
Lane,Precinct 1890,Judge of the Circuit Court,"2nd District, Position 6",,Under Votes,423
Lane,Precinct 1892,Judge of the Circuit Court,"2nd District, Position 6",,Under Votes,683
Lane,Precinct 1894,Judge of the Circuit Court,"2nd District, Position 6",,Under Votes,587
Lane,Precinct 2122,Judge of the Circuit Court,"2nd District, Position 6",,Under Votes,610
Lane,Precinct 2238,Judge of the Circuit Court,"2nd District, Position 6",,Under Votes,657
Lane,Precinct 2340,Judge of the Circuit Court,"2nd District, Position 6",,Under Votes,808
Lane,Precinct 2456,Judge of the Circuit Court,"2nd District, Position 6",,Under Votes,613
Lane,Precinct 2562,Judge of the Circuit Court,"2nd District, Position 6",,Under Votes,842
Lane,Precinct 2676,Judge of the Circuit Court,"2nd District, Position 6",,Under Votes,1094
Lane,Precinct 4200,Judge of the Circuit Court,"2nd District, Position 6",,Under Votes,178
Lane,Precinct 4300,Judge of the Circuit Court,"2nd District, Position 6",,Under Votes,886
Lane,Precinct 4400,Judge of the Circuit Court,"2nd District, Position 6",,Under Votes,493
Lane,Precinct 4500,Judge of the Circuit Court,"2nd District, Position 6",,Under Votes,263
Lane,Precinct 4600,Judge of the Circuit Court,"2nd District, Position 6",,Under Votes,1219
Lane,Precinct 4700,Judge of the Circuit Court,"2nd District, Position 6",,Under Votes,660
Lane,Precinct 4800,Judge of the Circuit Court,"2nd District, Position 6",,Under Votes,243
Lane,Precinct 4900,Judge of the Circuit Court,"2nd District, Position 6",,Under Votes,482
Lane,Precinct 701,Judge of the Circuit Court,"2nd District, Position 6",,Under Votes,335
Lane,Precinct 703,Judge of the Circuit Court,"2nd District, Position 6",,Under Votes,61
Lane,Precinct 705,Judge of the Circuit Court,"2nd District, Position 6",,Under Votes,470
Lane,Precinct 707,Judge of the Circuit Court,"2nd District, Position 6",,Under Votes,139
Lane,Precinct 709,Judge of the Circuit Court,"2nd District, Position 6",,Under Votes,396
Lane,Precinct 711,Judge of the Circuit Court,"2nd District, Position 6",,Under Votes,919
Lane,Precinct 713,Judge of the Circuit Court,"2nd District, Position 6",,Under Votes,276
Lane,Precinct 715,Judge of the Circuit Court,"2nd District, Position 6",,Under Votes,360
Lane,Precinct 717,Judge of the Circuit Court,"2nd District, Position 6",,Under Votes,588
Lane,Precinct 719,Judge of the Circuit Court,"2nd District, Position 6",,Under Votes,74
Lane,Precinct 721,Judge of the Circuit Court,"2nd District, Position 6",,Under Votes,139
Lane,Precinct 723,Judge of the Circuit Court,"2nd District, Position 6",,Under Votes,586
Lane,Precinct 725,Judge of the Circuit Court,"2nd District, Position 6",,Under Votes,438
Lane,Precinct 727,Judge of the Circuit Court,"2nd District, Position 6",,Under Votes,331
Lane,Precinct 729,Judge of the Circuit Court,"2nd District, Position 6",,Under Votes,92
Lane,Precinct 731,Judge of the Circuit Court,"2nd District, Position 6",,Under Votes,751
Lane,Precinct 733,Judge of the Circuit Court,"2nd District, Position 6",,Under Votes,1032
Lane,Precinct 737,Judge of the Circuit Court,"2nd District, Position 6",,Under Votes,670
Lane,Precinct 739,Judge of the Circuit Court,"2nd District, Position 6",,Under Votes,337
Lane,Precinct 741,Judge of the Circuit Court,"2nd District, Position 6",,Under Votes,130
Lane,Precinct 743,Judge of the Circuit Court,"2nd District, Position 6",,Under Votes,126
Lane,Precinct 747,Judge of the Circuit Court,"2nd District, Position 6",,Under Votes,1064
Lane,Precinct 751,Judge of the Circuit Court,"2nd District, Position 6",,Under Votes,985
Lane,Precinct 753,Judge of the Circuit Court,"2nd District, Position 6",,Under Votes,323
Lane,Precinct 755,Judge of the Circuit Court,"2nd District, Position 6",,Under Votes,652
Lane,Precinct 757,Judge of the Circuit Court,"2nd District, Position 6",,Under Votes,512
Lane,Precinct 759,Judge of the Circuit Court,"2nd District, Position 6",,Under Votes,504
Lane,Precinct 765,Judge of the Circuit Court,"2nd District, Position 6",,Under Votes,446
Lane,Precinct 1120,Judge of the Circuit Court,"2nd District, Position 6",,Write-ins,8
Lane,Precinct 1122,Judge of the Circuit Court,"2nd District, Position 6",,Write-ins,2
Lane,Precinct 1124,Judge of the Circuit Court,"2nd District, Position 6",,Write-ins,0
Lane,Precinct 1126,Judge of the Circuit Court,"2nd District, Position 6",,Write-ins,9
Lane,Precinct 1230,Judge of the Circuit Court,"2nd District, Position 6",,Write-ins,10
Lane,Precinct 1232,Judge of the Circuit Court,"2nd District, Position 6",,Write-ins,4
Lane,Precinct 1234,Judge of the Circuit Court,"2nd District, Position 6",,Write-ins,9
Lane,Precinct 1340,Judge of the Circuit Court,"2nd District, Position 6",,Write-ins,7
Lane,Precinct 1342,Judge of the Circuit Court,"2nd District, Position 6",,Write-ins,3
Lane,Precinct 1450,Judge of the Circuit Court,"2nd District, Position 6",,Write-ins,7
Lane,Precinct 1452,Judge of the Circuit Court,"2nd District, Position 6",,Write-ins,9
Lane,Precinct 1454,Judge of the Circuit Court,"2nd District, Position 6",,Write-ins,3
Lane,Precinct 1560,Judge of the Circuit Court,"2nd District, Position 6",,Write-ins,3
Lane,Precinct 1562,Judge of the Circuit Court,"2nd District, Position 6",,Write-ins,6
Lane,Precinct 1564,Judge of the Circuit Court,"2nd District, Position 6",,Write-ins,9
Lane,Precinct 1670,Judge of the Circuit Court,"2nd District, Position 6",,Write-ins,14
Lane,Precinct 1672,Judge of the Circuit Court,"2nd District, Position 6",,Write-ins,14
Lane,Precinct 1780,Judge of the Circuit Court,"2nd District, Position 6",,Write-ins,10
Lane,Precinct 1782,Judge of the Circuit Court,"2nd District, Position 6",,Write-ins,1
Lane,Precinct 1784,Judge of the Circuit Court,"2nd District, Position 6",,Write-ins,10
Lane,Precinct 1786,Judge of the Circuit Court,"2nd District, Position 6",,Write-ins,3
Lane,Precinct 1890,Judge of the Circuit Court,"2nd District, Position 6",,Write-ins,6
Lane,Precinct 1892,Judge of the Circuit Court,"2nd District, Position 6",,Write-ins,7
Lane,Precinct 1894,Judge of the Circuit Court,"2nd District, Position 6",,Write-ins,9
Lane,Precinct 2122,Judge of the Circuit Court,"2nd District, Position 6",,Write-ins,14
Lane,Precinct 2238,Judge of the Circuit Court,"2nd District, Position 6",,Write-ins,10
Lane,Precinct 2340,Judge of the Circuit Court,"2nd District, Position 6",,Write-ins,8
Lane,Precinct 2456,Judge of the Circuit Court,"2nd District, Position 6",,Write-ins,9
Lane,Precinct 2562,Judge of the Circuit Court,"2nd District, Position 6",,Write-ins,18
Lane,Precinct 2676,Judge of the Circuit Court,"2nd District, Position 6",,Write-ins,16
Lane,Precinct 4200,Judge of the Circuit Court,"2nd District, Position 6",,Write-ins,2
Lane,Precinct 4300,Judge of the Circuit Court,"2nd District, Position 6",,Write-ins,25
Lane,Precinct 4400,Judge of the Circuit Court,"2nd District, Position 6",,Write-ins,14
Lane,Precinct 4500,Judge of the Circuit Court,"2nd District, Position 6",,Write-ins,3
Lane,Precinct 4600,Judge of the Circuit Court,"2nd District, Position 6",,Write-ins,18
Lane,Precinct 4700,Judge of the Circuit Court,"2nd District, Position 6",,Write-ins,18
Lane,Precinct 4800,Judge of the Circuit Court,"2nd District, Position 6",,Write-ins,8
Lane,Precinct 4900,Judge of the Circuit Court,"2nd District, Position 6",,Write-ins,15
Lane,Precinct 701,Judge of the Circuit Court,"2nd District, Position 6",,Write-ins,3
Lane,Precinct 703,Judge of the Circuit Court,"2nd District, Position 6",,Write-ins,1
Lane,Precinct 705,Judge of the Circuit Court,"2nd District, Position 6",,Write-ins,6
Lane,Precinct 707,Judge of the Circuit Court,"2nd District, Position 6",,Write-ins,4
Lane,Precinct 709,Judge of the Circuit Court,"2nd District, Position 6",,Write-ins,6
Lane,Precinct 711,Judge of the Circuit Court,"2nd District, Position 6",,Write-ins,15
Lane,Precinct 713,Judge of the Circuit Court,"2nd District, Position 6",,Write-ins,2
Lane,Precinct 715,Judge of the Circuit Court,"2nd District, Position 6",,Write-ins,6
Lane,Precinct 717,Judge of the Circuit Court,"2nd District, Position 6",,Write-ins,31
Lane,Precinct 719,Judge of the Circuit Court,"2nd District, Position 6",,Write-ins,0
Lane,Precinct 721,Judge of the Circuit Court,"2nd District, Position 6",,Write-ins,2
Lane,Precinct 723,Judge of the Circuit Court,"2nd District, Position 6",,Write-ins,10
Lane,Precinct 725,Judge of the Circuit Court,"2nd District, Position 6",,Write-ins,7
Lane,Precinct 727,Judge of the Circuit Court,"2nd District, Position 6",,Write-ins,6
Lane,Precinct 729,Judge of the Circuit Court,"2nd District, Position 6",,Write-ins,1
Lane,Precinct 731,Judge of the Circuit Court,"2nd District, Position 6",,Write-ins,23
Lane,Precinct 733,Judge of the Circuit Court,"2nd District, Position 6",,Write-ins,16
Lane,Precinct 737,Judge of the Circuit Court,"2nd District, Position 6",,Write-ins,10
Lane,Precinct 739,Judge of the Circuit Court,"2nd District, Position 6",,Write-ins,7
Lane,Precinct 741,Judge of the Circuit Court,"2nd District, Position 6",,Write-ins,1
Lane,Precinct 743,Judge of the Circuit Court,"2nd District, Position 6",,Write-ins,2
Lane,Precinct 747,Judge of the Circuit Court,"2nd District, Position 6",,Write-ins,24
Lane,Precinct 751,Judge of the Circuit Court,"2nd District, Position 6",,Write-ins,12
Lane,Precinct 753,Judge of the Circuit Court,"2nd District, Position 6",,Write-ins,6
Lane,Precinct 755,Judge of the Circuit Court,"2nd District, Position 6",,Write-ins,13
Lane,Precinct 757,Judge of the Circuit Court,"2nd District, Position 6",,Write-ins,5
Lane,Precinct 759,Judge of the Circuit Court,"2nd District, Position 6",,Write-ins,8
Lane,Precinct 765,Judge of the Circuit Court,"2nd District, Position 6",,Write-ins,5
Lane,Precinct 1120,Judge of the Court of Appeals,Position 1,,Over Votes,0
Lane,Precinct 1122,Judge of the Court of Appeals,Position 1,,Over Votes,0
Lane,Precinct 1124,Judge of the Court of Appeals,Position 1,,Over Votes,0
Lane,Precinct 1126,Judge of the Court of Appeals,Position 1,,Over Votes,0
Lane,Precinct 1230,Judge of the Court of Appeals,Position 1,,Over Votes,0
Lane,Precinct 1232,Judge of the Court of Appeals,Position 1,,Over Votes,0
Lane,Precinct 1234,Judge of the Court of Appeals,Position 1,,Over Votes,0
Lane,Precinct 1340,Judge of the Court of Appeals,Position 1,,Over Votes,0
Lane,Precinct 1342,Judge of the Court of Appeals,Position 1,,Over Votes,0
Lane,Precinct 1450,Judge of the Court of Appeals,Position 1,,Over Votes,0
Lane,Precinct 1452,Judge of the Court of Appeals,Position 1,,Over Votes,0
Lane,Precinct 1454,Judge of the Court of Appeals,Position 1,,Over Votes,0
Lane,Precinct 1560,Judge of the Court of Appeals,Position 1,,Over Votes,0
Lane,Precinct 1562,Judge of the Court of Appeals,Position 1,,Over Votes,0
Lane,Precinct 1564,Judge of the Court of Appeals,Position 1,,Over Votes,0
Lane,Precinct 1670,Judge of the Court of Appeals,Position 1,,Over Votes,0
Lane,Precinct 1672,Judge of the Court of Appeals,Position 1,,Over Votes,0
Lane,Precinct 1780,Judge of the Court of Appeals,Position 1,,Over Votes,0
Lane,Precinct 1782,Judge of the Court of Appeals,Position 1,,Over Votes,0
Lane,Precinct 1784,Judge of the Court of Appeals,Position 1,,Over Votes,0
Lane,Precinct 1786,Judge of the Court of Appeals,Position 1,,Over Votes,0
Lane,Precinct 1890,Judge of the Court of Appeals,Position 1,,Over Votes,0
Lane,Precinct 1892,Judge of the Court of Appeals,Position 1,,Over Votes,0
Lane,Precinct 1894,Judge of the Court of Appeals,Position 1,,Over Votes,0
Lane,Precinct 2122,Judge of the Court of Appeals,Position 1,,Over Votes,0
Lane,Precinct 2238,Judge of the Court of Appeals,Position 1,,Over Votes,0
Lane,Precinct 2340,Judge of the Court of Appeals,Position 1,,Over Votes,0
Lane,Precinct 2456,Judge of the Court of Appeals,Position 1,,Over Votes,0
Lane,Precinct 2562,Judge of the Court of Appeals,Position 1,,Over Votes,0
Lane,Precinct 2676,Judge of the Court of Appeals,Position 1,,Over Votes,0
Lane,Precinct 4200,Judge of the Court of Appeals,Position 1,,Over Votes,0
Lane,Precinct 4300,Judge of the Court of Appeals,Position 1,,Over Votes,0
Lane,Precinct 4400,Judge of the Court of Appeals,Position 1,,Over Votes,0
Lane,Precinct 4500,Judge of the Court of Appeals,Position 1,,Over Votes,0
Lane,Precinct 4600,Judge of the Court of Appeals,Position 1,,Over Votes,0
Lane,Precinct 4700,Judge of the Court of Appeals,Position 1,,Over Votes,0
Lane,Precinct 4800,Judge of the Court of Appeals,Position 1,,Over Votes,0
Lane,Precinct 4900,Judge of the Court of Appeals,Position 1,,Over Votes,0
Lane,Precinct 701,Judge of the Court of Appeals,Position 1,,Over Votes,0
Lane,Precinct 703,Judge of the Court of Appeals,Position 1,,Over Votes,0
Lane,Precinct 705,Judge of the Court of Appeals,Position 1,,Over Votes,0
Lane,Precinct 707,Judge of the Court of Appeals,Position 1,,Over Votes,0
Lane,Precinct 709,Judge of the Court of Appeals,Position 1,,Over Votes,0
Lane,Precinct 711,Judge of the Court of Appeals,Position 1,,Over Votes,0
Lane,Precinct 713,Judge of the Court of Appeals,Position 1,,Over Votes,0
Lane,Precinct 715,Judge of the Court of Appeals,Position 1,,Over Votes,0
Lane,Precinct 717,Judge of the Court of Appeals,Position 1,,Over Votes,1
Lane,Precinct 719,Judge of the Court of Appeals,Position 1,,Over Votes,0
Lane,Precinct 721,Judge of the Court of Appeals,Position 1,,Over Votes,0
Lane,Precinct 723,Judge of the Court of Appeals,Position 1,,Over Votes,0
Lane,Precinct 725,Judge of the Court of Appeals,Position 1,,Over Votes,0
Lane,Precinct 727,Judge of the Court of Appeals,Position 1,,Over Votes,0
Lane,Precinct 729,Judge of the Court of Appeals,Position 1,,Over Votes,0
Lane,Precinct 731,Judge of the Court of Appeals,Position 1,,Over Votes,0
Lane,Precinct 733,Judge of the Court of Appeals,Position 1,,Over Votes,1
Lane,Precinct 737,Judge of the Court of Appeals,Position 1,,Over Votes,0
Lane,Precinct 739,Judge of the Court of Appeals,Position 1,,Over Votes,0
Lane,Precinct 741,Judge of the Court of Appeals,Position 1,,Over Votes,2
Lane,Precinct 743,Judge of the Court of Appeals,Position 1,,Over Votes,0
Lane,Precinct 747,Judge of the Court of Appeals,Position 1,,Over Votes,0
Lane,Precinct 751,Judge of the Court of Appeals,Position 1,,Over Votes,0
Lane,Precinct 753,Judge of the Court of Appeals,Position 1,,Over Votes,0
Lane,Precinct 755,Judge of the Court of Appeals,Position 1,,Over Votes,0
Lane,Precinct 757,Judge of the Court of Appeals,Position 1,,Over Votes,0
Lane,Precinct 759,Judge of the Court of Appeals,Position 1,,Over Votes,0
Lane,Precinct 765,Judge of the Court of Appeals,Position 1,,Over Votes,0
Lane,Precinct 1120,Judge of the Court of Appeals,Position 1,,Ryan T. O'Connor,496
Lane,Precinct 1122,Judge of the Court of Appeals,Position 1,,Ryan T. O'Connor,1012
Lane,Precinct 1124,Judge of the Court of Appeals,Position 1,,Ryan T. O'Connor,378
Lane,Precinct 1126,Judge of the Court of Appeals,Position 1,,Ryan T. O'Connor,1444
Lane,Precinct 1230,Judge of the Court of Appeals,Position 1,,Ryan T. O'Connor,1671
Lane,Precinct 1232,Judge of the Court of Appeals,Position 1,,Ryan T. O'Connor,1850
Lane,Precinct 1234,Judge of the Court of Appeals,Position 1,,Ryan T. O'Connor,1041
Lane,Precinct 1340,Judge of the Court of Appeals,Position 1,,Ryan T. O'Connor,1266
Lane,Precinct 1342,Judge of the Court of Appeals,Position 1,,Ryan T. O'Connor,374
Lane,Precinct 1450,Judge of the Court of Appeals,Position 1,,Ryan T. O'Connor,1685
Lane,Precinct 1452,Judge of the Court of Appeals,Position 1,,Ryan T. O'Connor,1214
Lane,Precinct 1454,Judge of the Court of Appeals,Position 1,,Ryan T. O'Connor,443
Lane,Precinct 1560,Judge of the Court of Appeals,Position 1,,Ryan T. O'Connor,540
Lane,Precinct 1562,Judge of the Court of Appeals,Position 1,,Ryan T. O'Connor,1716
Lane,Precinct 1564,Judge of the Court of Appeals,Position 1,,Ryan T. O'Connor,2018
Lane,Precinct 1670,Judge of the Court of Appeals,Position 1,,Ryan T. O'Connor,1770
Lane,Precinct 1672,Judge of the Court of Appeals,Position 1,,Ryan T. O'Connor,1256
Lane,Precinct 1780,Judge of the Court of Appeals,Position 1,,Ryan T. O'Connor,358
Lane,Precinct 1782,Judge of the Court of Appeals,Position 1,,Ryan T. O'Connor,491
Lane,Precinct 1784,Judge of the Court of Appeals,Position 1,,Ryan T. O'Connor,1041
Lane,Precinct 1786,Judge of the Court of Appeals,Position 1,,Ryan T. O'Connor,709
Lane,Precinct 1890,Judge of the Court of Appeals,Position 1,,Ryan T. O'Connor,707
Lane,Precinct 1892,Judge of the Court of Appeals,Position 1,,Ryan T. O'Connor,1396
Lane,Precinct 1894,Judge of the Court of Appeals,Position 1,,Ryan T. O'Connor,1199
Lane,Precinct 2122,Judge of the Court of Appeals,Position 1,,Ryan T. O'Connor,1177
Lane,Precinct 2238,Judge of the Court of Appeals,Position 1,,Ryan T. O'Connor,1366
Lane,Precinct 2340,Judge of the Court of Appeals,Position 1,,Ryan T. O'Connor,1420
Lane,Precinct 2456,Judge of the Court of Appeals,Position 1,,Ryan T. O'Connor,1209
Lane,Precinct 2562,Judge of the Court of Appeals,Position 1,,Ryan T. O'Connor,1573
Lane,Precinct 2676,Judge of the Court of Appeals,Position 1,,Ryan T. O'Connor,1617
Lane,Precinct 4200,Judge of the Court of Appeals,Position 1,,Ryan T. O'Connor,291
Lane,Precinct 4300,Judge of the Court of Appeals,Position 1,,Ryan T. O'Connor,1436
Lane,Precinct 4400,Judge of the Court of Appeals,Position 1,,Ryan T. O'Connor,898
Lane,Precinct 4500,Judge of the Court of Appeals,Position 1,,Ryan T. O'Connor,401
Lane,Precinct 4600,Judge of the Court of Appeals,Position 1,,Ryan T. O'Connor,2315
Lane,Precinct 4700,Judge of the Court of Appeals,Position 1,,Ryan T. O'Connor,1102
Lane,Precinct 4800,Judge of the Court of Appeals,Position 1,,Ryan T. O'Connor,468
Lane,Precinct 4900,Judge of the Court of Appeals,Position 1,,Ryan T. O'Connor,786
Lane,Precinct 701,Judge of the Court of Appeals,Position 1,,Ryan T. O'Connor,572
Lane,Precinct 703,Judge of the Court of Appeals,Position 1,,Ryan T. O'Connor,80
Lane,Precinct 705,Judge of the Court of Appeals,Position 1,,Ryan T. O'Connor,787
Lane,Precinct 707,Judge of the Court of Appeals,Position 1,,Ryan T. O'Connor,210
Lane,Precinct 709,Judge of the Court of Appeals,Position 1,,Ryan T. O'Connor,440
Lane,Precinct 711,Judge of the Court of Appeals,Position 1,,Ryan T. O'Connor,958
Lane,Precinct 713,Judge of the Court of Appeals,Position 1,,Ryan T. O'Connor,316
Lane,Precinct 715,Judge of the Court of Appeals,Position 1,,Ryan T. O'Connor,489
Lane,Precinct 717,Judge of the Court of Appeals,Position 1,,Ryan T. O'Connor,771
Lane,Precinct 719,Judge of the Court of Appeals,Position 1,,Ryan T. O'Connor,116
Lane,Precinct 721,Judge of the Court of Appeals,Position 1,,Ryan T. O'Connor,201
Lane,Precinct 723,Judge of the Court of Appeals,Position 1,,Ryan T. O'Connor,714
Lane,Precinct 725,Judge of the Court of Appeals,Position 1,,Ryan T. O'Connor,407
Lane,Precinct 727,Judge of the Court of Appeals,Position 1,,Ryan T. O'Connor,404
Lane,Precinct 729,Judge of the Court of Appeals,Position 1,,Ryan T. O'Connor,126
Lane,Precinct 731,Judge of the Court of Appeals,Position 1,,Ryan T. O'Connor,1333
Lane,Precinct 733,Judge of the Court of Appeals,Position 1,,Ryan T. O'Connor,1663
Lane,Precinct 737,Judge of the Court of Appeals,Position 1,,Ryan T. O'Connor,1037
Lane,Precinct 739,Judge of the Court of Appeals,Position 1,,Ryan T. O'Connor,474
Lane,Precinct 741,Judge of the Court of Appeals,Position 1,,Ryan T. O'Connor,248
Lane,Precinct 743,Judge of the Court of Appeals,Position 1,,Ryan T. O'Connor,188
Lane,Precinct 747,Judge of the Court of Appeals,Position 1,,Ryan T. O'Connor,1376
Lane,Precinct 751,Judge of the Court of Appeals,Position 1,,Ryan T. O'Connor,1192
Lane,Precinct 753,Judge of the Court of Appeals,Position 1,,Ryan T. O'Connor,346
Lane,Precinct 755,Judge of the Court of Appeals,Position 1,,Ryan T. O'Connor,819
Lane,Precinct 757,Judge of the Court of Appeals,Position 1,,Ryan T. O'Connor,671
Lane,Precinct 759,Judge of the Court of Appeals,Position 1,,Ryan T. O'Connor,806
Lane,Precinct 765,Judge of the Court of Appeals,Position 1,,Ryan T. O'Connor,673
Lane,Precinct 1120,Judge of the Court of Appeals,Position 1,,Under Votes,526
Lane,Precinct 1122,Judge of the Court of Appeals,Position 1,,Under Votes,1199
Lane,Precinct 1124,Judge of the Court of Appeals,Position 1,,Under Votes,403
Lane,Precinct 1126,Judge of the Court of Appeals,Position 1,,Under Votes,1602
Lane,Precinct 1230,Judge of the Court of Appeals,Position 1,,Under Votes,1736
Lane,Precinct 1232,Judge of the Court of Appeals,Position 1,,Under Votes,1734
Lane,Precinct 1234,Judge of the Court of Appeals,Position 1,,Under Votes,1093
Lane,Precinct 1340,Judge of the Court of Appeals,Position 1,,Under Votes,1246
Lane,Precinct 1342,Judge of the Court of Appeals,Position 1,,Under Votes,397
Lane,Precinct 1450,Judge of the Court of Appeals,Position 1,,Under Votes,1634
Lane,Precinct 1452,Judge of the Court of Appeals,Position 1,,Under Votes,1310
Lane,Precinct 1454,Judge of the Court of Appeals,Position 1,,Under Votes,319
Lane,Precinct 1560,Judge of the Court of Appeals,Position 1,,Under Votes,613
Lane,Precinct 1562,Judge of the Court of Appeals,Position 1,,Under Votes,1762
Lane,Precinct 1564,Judge of the Court of Appeals,Position 1,,Under Votes,1803
Lane,Precinct 1670,Judge of the Court of Appeals,Position 1,,Under Votes,1690
Lane,Precinct 1672,Judge of the Court of Appeals,Position 1,,Under Votes,1234
Lane,Precinct 1780,Judge of the Court of Appeals,Position 1,,Under Votes,354
Lane,Precinct 1782,Judge of the Court of Appeals,Position 1,,Under Votes,520
Lane,Precinct 1784,Judge of the Court of Appeals,Position 1,,Under Votes,1135
Lane,Precinct 1786,Judge of the Court of Appeals,Position 1,,Under Votes,723
Lane,Precinct 1890,Judge of the Court of Appeals,Position 1,,Under Votes,714
Lane,Precinct 1892,Judge of the Court of Appeals,Position 1,,Under Votes,1348
Lane,Precinct 1894,Judge of the Court of Appeals,Position 1,,Under Votes,1172
Lane,Precinct 2122,Judge of the Court of Appeals,Position 1,,Under Votes,1083
Lane,Precinct 2238,Judge of the Court of Appeals,Position 1,,Under Votes,1362
Lane,Precinct 2340,Judge of the Court of Appeals,Position 1,,Under Votes,1483
Lane,Precinct 2456,Judge of the Court of Appeals,Position 1,,Under Votes,1128
Lane,Precinct 2562,Judge of the Court of Appeals,Position 1,,Under Votes,1338
Lane,Precinct 2676,Judge of the Court of Appeals,Position 1,,Under Votes,1886
Lane,Precinct 4200,Judge of the Court of Appeals,Position 1,,Under Votes,313
Lane,Precinct 4300,Judge of the Court of Appeals,Position 1,,Under Votes,1652
Lane,Precinct 4400,Judge of the Court of Appeals,Position 1,,Under Votes,865
Lane,Precinct 4500,Judge of the Court of Appeals,Position 1,,Under Votes,447
Lane,Precinct 4600,Judge of the Court of Appeals,Position 1,,Under Votes,2107
Lane,Precinct 4700,Judge of the Court of Appeals,Position 1,,Under Votes,1112
Lane,Precinct 4800,Judge of the Court of Appeals,Position 1,,Under Votes,390
Lane,Precinct 4900,Judge of the Court of Appeals,Position 1,,Under Votes,821
Lane,Precinct 701,Judge of the Court of Appeals,Position 1,,Under Votes,588
Lane,Precinct 703,Judge of the Court of Appeals,Position 1,,Under Votes,107
Lane,Precinct 705,Judge of the Court of Appeals,Position 1,,Under Votes,816
Lane,Precinct 707,Judge of the Court of Appeals,Position 1,,Under Votes,228
Lane,Precinct 709,Judge of the Court of Appeals,Position 1,,Under Votes,632
Lane,Precinct 711,Judge of the Court of Appeals,Position 1,,Under Votes,1579
Lane,Precinct 713,Judge of the Court of Appeals,Position 1,,Under Votes,459
Lane,Precinct 715,Judge of the Court of Appeals,Position 1,,Under Votes,635
Lane,Precinct 717,Judge of the Court of Appeals,Position 1,,Under Votes,1033
Lane,Precinct 719,Judge of the Court of Appeals,Position 1,,Under Votes,145
Lane,Precinct 721,Judge of the Court of Appeals,Position 1,,Under Votes,258
Lane,Precinct 723,Judge of the Court of Appeals,Position 1,,Under Votes,1095
Lane,Precinct 725,Judge of the Court of Appeals,Position 1,,Under Votes,806
Lane,Precinct 727,Judge of the Court of Appeals,Position 1,,Under Votes,601
Lane,Precinct 729,Judge of the Court of Appeals,Position 1,,Under Votes,171
Lane,Precinct 731,Judge of the Court of Appeals,Position 1,,Under Votes,1485
Lane,Precinct 733,Judge of the Court of Appeals,Position 1,,Under Votes,1952
Lane,Precinct 737,Judge of the Court of Appeals,Position 1,,Under Votes,1179
Lane,Precinct 739,Judge of the Court of Appeals,Position 1,,Under Votes,594
Lane,Precinct 741,Judge of the Court of Appeals,Position 1,,Under Votes,233
Lane,Precinct 743,Judge of the Court of Appeals,Position 1,,Under Votes,221
Lane,Precinct 747,Judge of the Court of Appeals,Position 1,,Under Votes,1917
Lane,Precinct 751,Judge of the Court of Appeals,Position 1,,Under Votes,1748
Lane,Precinct 753,Judge of the Court of Appeals,Position 1,,Under Votes,575
Lane,Precinct 755,Judge of the Court of Appeals,Position 1,,Under Votes,1108
Lane,Precinct 757,Judge of the Court of Appeals,Position 1,,Under Votes,990
Lane,Precinct 759,Judge of the Court of Appeals,Position 1,,Under Votes,880
Lane,Precinct 765,Judge of the Court of Appeals,Position 1,,Under Votes,824
Lane,Precinct 1120,Judge of the Court of Appeals,Position 1,,Write-ins,12
Lane,Precinct 1122,Judge of the Court of Appeals,Position 1,,Write-ins,13
Lane,Precinct 1124,Judge of the Court of Appeals,Position 1,,Write-ins,2
Lane,Precinct 1126,Judge of the Court of Appeals,Position 1,,Write-ins,18
Lane,Precinct 1230,Judge of the Court of Appeals,Position 1,,Write-ins,15
Lane,Precinct 1232,Judge of the Court of Appeals,Position 1,,Write-ins,16
Lane,Precinct 1234,Judge of the Court of Appeals,Position 1,,Write-ins,17
Lane,Precinct 1340,Judge of the Court of Appeals,Position 1,,Write-ins,10
Lane,Precinct 1342,Judge of the Court of Appeals,Position 1,,Write-ins,5
Lane,Precinct 1450,Judge of the Court of Appeals,Position 1,,Write-ins,19
Lane,Precinct 1452,Judge of the Court of Appeals,Position 1,,Write-ins,17
Lane,Precinct 1454,Judge of the Court of Appeals,Position 1,,Write-ins,6
Lane,Precinct 1560,Judge of the Court of Appeals,Position 1,,Write-ins,8
Lane,Precinct 1562,Judge of the Court of Appeals,Position 1,,Write-ins,16
Lane,Precinct 1564,Judge of the Court of Appeals,Position 1,,Write-ins,31
Lane,Precinct 1670,Judge of the Court of Appeals,Position 1,,Write-ins,49
Lane,Precinct 1672,Judge of the Court of Appeals,Position 1,,Write-ins,21
Lane,Precinct 1780,Judge of the Court of Appeals,Position 1,,Write-ins,23
Lane,Precinct 1782,Judge of the Court of Appeals,Position 1,,Write-ins,5
Lane,Precinct 1784,Judge of the Court of Appeals,Position 1,,Write-ins,23
Lane,Precinct 1786,Judge of the Court of Appeals,Position 1,,Write-ins,17
Lane,Precinct 1890,Judge of the Court of Appeals,Position 1,,Write-ins,22
Lane,Precinct 1892,Judge of the Court of Appeals,Position 1,,Write-ins,23
Lane,Precinct 1894,Judge of the Court of Appeals,Position 1,,Write-ins,7
Lane,Precinct 2122,Judge of the Court of Appeals,Position 1,,Write-ins,24
Lane,Precinct 2238,Judge of the Court of Appeals,Position 1,,Write-ins,21
Lane,Precinct 2340,Judge of the Court of Appeals,Position 1,,Write-ins,31
Lane,Precinct 2456,Judge of the Court of Appeals,Position 1,,Write-ins,25
Lane,Precinct 2562,Judge of the Court of Appeals,Position 1,,Write-ins,53
Lane,Precinct 2676,Judge of the Court of Appeals,Position 1,,Write-ins,57
Lane,Precinct 4200,Judge of the Court of Appeals,Position 1,,Write-ins,5
Lane,Precinct 4300,Judge of the Court of Appeals,Position 1,,Write-ins,64
Lane,Precinct 4400,Judge of the Court of Appeals,Position 1,,Write-ins,32
Lane,Precinct 4500,Judge of the Court of Appeals,Position 1,,Write-ins,7
Lane,Precinct 4600,Judge of the Court of Appeals,Position 1,,Write-ins,37
Lane,Precinct 4700,Judge of the Court of Appeals,Position 1,,Write-ins,44
Lane,Precinct 4800,Judge of the Court of Appeals,Position 1,,Write-ins,19
Lane,Precinct 4900,Judge of the Court of Appeals,Position 1,,Write-ins,25
Lane,Precinct 701,Judge of the Court of Appeals,Position 1,,Write-ins,7
Lane,Precinct 703,Judge of the Court of Appeals,Position 1,,Write-ins,3
Lane,Precinct 705,Judge of the Court of Appeals,Position 1,,Write-ins,14
Lane,Precinct 707,Judge of the Court of Appeals,Position 1,,Write-ins,11
Lane,Precinct 709,Judge of the Court of Appeals,Position 1,,Write-ins,17
Lane,Precinct 711,Judge of the Court of Appeals,Position 1,,Write-ins,47
Lane,Precinct 713,Judge of the Court of Appeals,Position 1,,Write-ins,3
Lane,Precinct 715,Judge of the Court of Appeals,Position 1,,Write-ins,20
Lane,Precinct 717,Judge of the Court of Appeals,Position 1,,Write-ins,46
Lane,Precinct 719,Judge of the Court of Appeals,Position 1,,Write-ins,2
Lane,Precinct 721,Judge of the Court of Appeals,Position 1,,Write-ins,7
Lane,Precinct 723,Judge of the Court of Appeals,Position 1,,Write-ins,26
Lane,Precinct 725,Judge of the Court of Appeals,Position 1,,Write-ins,17
Lane,Precinct 727,Judge of the Court of Appeals,Position 1,,Write-ins,15
Lane,Precinct 729,Judge of the Court of Appeals,Position 1,,Write-ins,5
Lane,Precinct 731,Judge of the Court of Appeals,Position 1,,Write-ins,36
Lane,Precinct 733,Judge of the Court of Appeals,Position 1,,Write-ins,25
Lane,Precinct 737,Judge of the Court of Appeals,Position 1,,Write-ins,26
Lane,Precinct 739,Judge of the Court of Appeals,Position 1,,Write-ins,19
Lane,Precinct 741,Judge of the Court of Appeals,Position 1,,Write-ins,2
Lane,Precinct 743,Judge of the Court of Appeals,Position 1,,Write-ins,3
Lane,Precinct 747,Judge of the Court of Appeals,Position 1,,Write-ins,66
Lane,Precinct 751,Judge of the Court of Appeals,Position 1,,Write-ins,41
Lane,Precinct 753,Judge of the Court of Appeals,Position 1,,Write-ins,18
Lane,Precinct 755,Judge of the Court of Appeals,Position 1,,Write-ins,24
Lane,Precinct 757,Judge of the Court of Appeals,Position 1,,Write-ins,19
Lane,Precinct 759,Judge of the Court of Appeals,Position 1,,Write-ins,29
Lane,Precinct 765,Judge of the Court of Appeals,Position 1,,Write-ins,31
Lane,Precinct 1120,Judge of the Court of Appeals,Position 12,,Erin C. Lagesen,491
Lane,Precinct 1122,Judge of the Court of Appeals,Position 12,,Erin C. Lagesen,1009
Lane,Precinct 1124,Judge of the Court of Appeals,Position 12,,Erin C. Lagesen,373
Lane,Precinct 1126,Judge of the Court of Appeals,Position 12,,Erin C. Lagesen,1421
Lane,Precinct 1230,Judge of the Court of Appeals,Position 12,,Erin C. Lagesen,1659
Lane,Precinct 1232,Judge of the Court of Appeals,Position 12,,Erin C. Lagesen,1836
Lane,Precinct 1234,Judge of the Court of Appeals,Position 12,,Erin C. Lagesen,1034
Lane,Precinct 1340,Judge of the Court of Appeals,Position 12,,Erin C. Lagesen,1249
Lane,Precinct 1342,Judge of the Court of Appeals,Position 12,,Erin C. Lagesen,367
Lane,Precinct 1450,Judge of the Court of Appeals,Position 12,,Erin C. Lagesen,1669
Lane,Precinct 1452,Judge of the Court of Appeals,Position 12,,Erin C. Lagesen,1209
Lane,Precinct 1454,Judge of the Court of Appeals,Position 12,,Erin C. Lagesen,448
Lane,Precinct 1560,Judge of the Court of Appeals,Position 12,,Erin C. Lagesen,529
Lane,Precinct 1562,Judge of the Court of Appeals,Position 12,,Erin C. Lagesen,1700
Lane,Precinct 1564,Judge of the Court of Appeals,Position 12,,Erin C. Lagesen,2005
Lane,Precinct 1670,Judge of the Court of Appeals,Position 12,,Erin C. Lagesen,1749
Lane,Precinct 1672,Judge of the Court of Appeals,Position 12,,Erin C. Lagesen,1247
Lane,Precinct 1780,Judge of the Court of Appeals,Position 12,,Erin C. Lagesen,360
Lane,Precinct 1782,Judge of the Court of Appeals,Position 12,,Erin C. Lagesen,490
Lane,Precinct 1784,Judge of the Court of Appeals,Position 12,,Erin C. Lagesen,1043
Lane,Precinct 1786,Judge of the Court of Appeals,Position 12,,Erin C. Lagesen,701
Lane,Precinct 1890,Judge of the Court of Appeals,Position 12,,Erin C. Lagesen,691
Lane,Precinct 1892,Judge of the Court of Appeals,Position 12,,Erin C. Lagesen,1383
Lane,Precinct 1894,Judge of the Court of Appeals,Position 12,,Erin C. Lagesen,1188
Lane,Precinct 2122,Judge of the Court of Appeals,Position 12,,Erin C. Lagesen,1172
Lane,Precinct 2238,Judge of the Court of Appeals,Position 12,,Erin C. Lagesen,1338
Lane,Precinct 2340,Judge of the Court of Appeals,Position 12,,Erin C. Lagesen,1390
Lane,Precinct 2456,Judge of the Court of Appeals,Position 12,,Erin C. Lagesen,1197
Lane,Precinct 2562,Judge of the Court of Appeals,Position 12,,Erin C. Lagesen,1547
Lane,Precinct 2676,Judge of the Court of Appeals,Position 12,,Erin C. Lagesen,1600
Lane,Precinct 4200,Judge of the Court of Appeals,Position 12,,Erin C. Lagesen,288
Lane,Precinct 4300,Judge of the Court of Appeals,Position 12,,Erin C. Lagesen,1422
Lane,Precinct 4400,Judge of the Court of Appeals,Position 12,,Erin C. Lagesen,874
Lane,Precinct 4500,Judge of the Court of Appeals,Position 12,,Erin C. Lagesen,392
Lane,Precinct 4600,Judge of the Court of Appeals,Position 12,,Erin C. Lagesen,2292
Lane,Precinct 4700,Judge of the Court of Appeals,Position 12,,Erin C. Lagesen,1069
Lane,Precinct 4800,Judge of the Court of Appeals,Position 12,,Erin C. Lagesen,458
Lane,Precinct 4900,Judge of the Court of Appeals,Position 12,,Erin C. Lagesen,776
Lane,Precinct 701,Judge of the Court of Appeals,Position 12,,Erin C. Lagesen,571
Lane,Precinct 703,Judge of the Court of Appeals,Position 12,,Erin C. Lagesen,86
Lane,Precinct 705,Judge of the Court of Appeals,Position 12,,Erin C. Lagesen,783
Lane,Precinct 707,Judge of the Court of Appeals,Position 12,,Erin C. Lagesen,204
Lane,Precinct 709,Judge of the Court of Appeals,Position 12,,Erin C. Lagesen,439
Lane,Precinct 711,Judge of the Court of Appeals,Position 12,,Erin C. Lagesen,944
Lane,Precinct 713,Judge of the Court of Appeals,Position 12,,Erin C. Lagesen,316
Lane,Precinct 715,Judge of the Court of Appeals,Position 12,,Erin C. Lagesen,474
Lane,Precinct 717,Judge of the Court of Appeals,Position 12,,Erin C. Lagesen,755
Lane,Precinct 719,Judge of the Court of Appeals,Position 12,,Erin C. Lagesen,115
Lane,Precinct 721,Judge of the Court of Appeals,Position 12,,Erin C. Lagesen,197
Lane,Precinct 723,Judge of the Court of Appeals,Position 12,,Erin C. Lagesen,709
Lane,Precinct 725,Judge of the Court of Appeals,Position 12,,Erin C. Lagesen,401
Lane,Precinct 727,Judge of the Court of Appeals,Position 12,,Erin C. Lagesen,409
Lane,Precinct 729,Judge of the Court of Appeals,Position 12,,Erin C. Lagesen,125
Lane,Precinct 731,Judge of the Court of Appeals,Position 12,,Erin C. Lagesen,1314
Lane,Precinct 733,Judge of the Court of Appeals,Position 12,,Erin C. Lagesen,1634
Lane,Precinct 737,Judge of the Court of Appeals,Position 12,,Erin C. Lagesen,1012
Lane,Precinct 739,Judge of the Court of Appeals,Position 12,,Erin C. Lagesen,467
Lane,Precinct 741,Judge of the Court of Appeals,Position 12,,Erin C. Lagesen,247
Lane,Precinct 743,Judge of the Court of Appeals,Position 12,,Erin C. Lagesen,185
Lane,Precinct 747,Judge of the Court of Appeals,Position 12,,Erin C. Lagesen,1355
Lane,Precinct 751,Judge of the Court of Appeals,Position 12,,Erin C. Lagesen,1178
Lane,Precinct 753,Judge of the Court of Appeals,Position 12,,Erin C. Lagesen,336
Lane,Precinct 755,Judge of the Court of Appeals,Position 12,,Erin C. Lagesen,806
Lane,Precinct 757,Judge of the Court of Appeals,Position 12,,Erin C. Lagesen,667
Lane,Precinct 759,Judge of the Court of Appeals,Position 12,,Erin C. Lagesen,793
Lane,Precinct 765,Judge of the Court of Appeals,Position 12,,Erin C. Lagesen,672
Lane,Precinct 1120,Judge of the Court of Appeals,Position 12,,Over Votes,0
Lane,Precinct 1122,Judge of the Court of Appeals,Position 12,,Over Votes,0
Lane,Precinct 1124,Judge of the Court of Appeals,Position 12,,Over Votes,0
Lane,Precinct 1126,Judge of the Court of Appeals,Position 12,,Over Votes,0
Lane,Precinct 1230,Judge of the Court of Appeals,Position 12,,Over Votes,0
Lane,Precinct 1232,Judge of the Court of Appeals,Position 12,,Over Votes,0
Lane,Precinct 1234,Judge of the Court of Appeals,Position 12,,Over Votes,0
Lane,Precinct 1340,Judge of the Court of Appeals,Position 12,,Over Votes,0
Lane,Precinct 1342,Judge of the Court of Appeals,Position 12,,Over Votes,0
Lane,Precinct 1450,Judge of the Court of Appeals,Position 12,,Over Votes,0
Lane,Precinct 1452,Judge of the Court of Appeals,Position 12,,Over Votes,0
Lane,Precinct 1454,Judge of the Court of Appeals,Position 12,,Over Votes,0
Lane,Precinct 1560,Judge of the Court of Appeals,Position 12,,Over Votes,0
Lane,Precinct 1562,Judge of the Court of Appeals,Position 12,,Over Votes,0
Lane,Precinct 1564,Judge of the Court of Appeals,Position 12,,Over Votes,0
Lane,Precinct 1670,Judge of the Court of Appeals,Position 12,,Over Votes,0
Lane,Precinct 1672,Judge of the Court of Appeals,Position 12,,Over Votes,0
Lane,Precinct 1780,Judge of the Court of Appeals,Position 12,,Over Votes,0
Lane,Precinct 1782,Judge of the Court of Appeals,Position 12,,Over Votes,0
Lane,Precinct 1784,Judge of the Court of Appeals,Position 12,,Over Votes,0
Lane,Precinct 1786,Judge of the Court of Appeals,Position 12,,Over Votes,0
Lane,Precinct 1890,Judge of the Court of Appeals,Position 12,,Over Votes,0
Lane,Precinct 1892,Judge of the Court of Appeals,Position 12,,Over Votes,0
Lane,Precinct 1894,Judge of the Court of Appeals,Position 12,,Over Votes,0
Lane,Precinct 2122,Judge of the Court of Appeals,Position 12,,Over Votes,0
Lane,Precinct 2238,Judge of the Court of Appeals,Position 12,,Over Votes,0
Lane,Precinct 2340,Judge of the Court of Appeals,Position 12,,Over Votes,0
Lane,Precinct 2456,Judge of the Court of Appeals,Position 12,,Over Votes,0
Lane,Precinct 2562,Judge of the Court of Appeals,Position 12,,Over Votes,0
Lane,Precinct 2676,Judge of the Court of Appeals,Position 12,,Over Votes,0
Lane,Precinct 4200,Judge of the Court of Appeals,Position 12,,Over Votes,0
Lane,Precinct 4300,Judge of the Court of Appeals,Position 12,,Over Votes,0
Lane,Precinct 4400,Judge of the Court of Appeals,Position 12,,Over Votes,0
Lane,Precinct 4500,Judge of the Court of Appeals,Position 12,,Over Votes,0
Lane,Precinct 4600,Judge of the Court of Appeals,Position 12,,Over Votes,0
Lane,Precinct 4700,Judge of the Court of Appeals,Position 12,,Over Votes,0
Lane,Precinct 4800,Judge of the Court of Appeals,Position 12,,Over Votes,0
Lane,Precinct 4900,Judge of the Court of Appeals,Position 12,,Over Votes,0
Lane,Precinct 701,Judge of the Court of Appeals,Position 12,,Over Votes,0
Lane,Precinct 703,Judge of the Court of Appeals,Position 12,,Over Votes,0
Lane,Precinct 705,Judge of the Court of Appeals,Position 12,,Over Votes,0
Lane,Precinct 707,Judge of the Court of Appeals,Position 12,,Over Votes,0
Lane,Precinct 709,Judge of the Court of Appeals,Position 12,,Over Votes,0
Lane,Precinct 711,Judge of the Court of Appeals,Position 12,,Over Votes,0
Lane,Precinct 713,Judge of the Court of Appeals,Position 12,,Over Votes,0
Lane,Precinct 715,Judge of the Court of Appeals,Position 12,,Over Votes,0
Lane,Precinct 717,Judge of the Court of Appeals,Position 12,,Over Votes,0
Lane,Precinct 719,Judge of the Court of Appeals,Position 12,,Over Votes,0
Lane,Precinct 721,Judge of the Court of Appeals,Position 12,,Over Votes,0
Lane,Precinct 723,Judge of the Court of Appeals,Position 12,,Over Votes,0
Lane,Precinct 725,Judge of the Court of Appeals,Position 12,,Over Votes,0
Lane,Precinct 727,Judge of the Court of Appeals,Position 12,,Over Votes,0
Lane,Precinct 729,Judge of the Court of Appeals,Position 12,,Over Votes,0
Lane,Precinct 731,Judge of the Court of Appeals,Position 12,,Over Votes,0
Lane,Precinct 733,Judge of the Court of Appeals,Position 12,,Over Votes,1
Lane,Precinct 737,Judge of the Court of Appeals,Position 12,,Over Votes,0
Lane,Precinct 739,Judge of the Court of Appeals,Position 12,,Over Votes,0
Lane,Precinct 741,Judge of the Court of Appeals,Position 12,,Over Votes,1
Lane,Precinct 743,Judge of the Court of Appeals,Position 12,,Over Votes,0
Lane,Precinct 747,Judge of the Court of Appeals,Position 12,,Over Votes,0
Lane,Precinct 751,Judge of the Court of Appeals,Position 12,,Over Votes,0
Lane,Precinct 753,Judge of the Court of Appeals,Position 12,,Over Votes,0
Lane,Precinct 755,Judge of the Court of Appeals,Position 12,,Over Votes,0
Lane,Precinct 757,Judge of the Court of Appeals,Position 12,,Over Votes,0
Lane,Precinct 759,Judge of the Court of Appeals,Position 12,,Over Votes,0
Lane,Precinct 765,Judge of the Court of Appeals,Position 12,,Over Votes,0
Lane,Precinct 1120,Judge of the Court of Appeals,Position 12,,Under Votes,529
Lane,Precinct 1122,Judge of the Court of Appeals,Position 12,,Under Votes,1201
Lane,Precinct 1124,Judge of the Court of Appeals,Position 12,,Under Votes,408
Lane,Precinct 1126,Judge of the Court of Appeals,Position 12,,Under Votes,1626
Lane,Precinct 1230,Judge of the Court of Appeals,Position 12,,Under Votes,1748
Lane,Precinct 1232,Judge of the Court of Appeals,Position 12,,Under Votes,1747
Lane,Precinct 1234,Judge of the Court of Appeals,Position 12,,Under Votes,1099
Lane,Precinct 1340,Judge of the Court of Appeals,Position 12,,Under Votes,1263
Lane,Precinct 1342,Judge of the Court of Appeals,Position 12,,Under Votes,403
Lane,Precinct 1450,Judge of the Court of Appeals,Position 12,,Under Votes,1648
Lane,Precinct 1452,Judge of the Court of Appeals,Position 12,,Under Votes,1317
Lane,Precinct 1454,Judge of the Court of Appeals,Position 12,,Under Votes,315
Lane,Precinct 1560,Judge of the Court of Appeals,Position 12,,Under Votes,624
Lane,Precinct 1562,Judge of the Court of Appeals,Position 12,,Under Votes,1777
Lane,Precinct 1564,Judge of the Court of Appeals,Position 12,,Under Votes,1819
Lane,Precinct 1670,Judge of the Court of Appeals,Position 12,,Under Votes,1714
Lane,Precinct 1672,Judge of the Court of Appeals,Position 12,,Under Votes,1245
Lane,Precinct 1780,Judge of the Court of Appeals,Position 12,,Under Votes,355
Lane,Precinct 1782,Judge of the Court of Appeals,Position 12,,Under Votes,521
Lane,Precinct 1784,Judge of the Court of Appeals,Position 12,,Under Votes,1133
Lane,Precinct 1786,Judge of the Court of Appeals,Position 12,,Under Votes,730
Lane,Precinct 1890,Judge of the Court of Appeals,Position 12,,Under Votes,731
Lane,Precinct 1892,Judge of the Court of Appeals,Position 12,,Under Votes,1362
Lane,Precinct 1894,Judge of the Court of Appeals,Position 12,,Under Votes,1184
Lane,Precinct 2122,Judge of the Court of Appeals,Position 12,,Under Votes,1086
Lane,Precinct 2238,Judge of the Court of Appeals,Position 12,,Under Votes,1389
Lane,Precinct 2340,Judge of the Court of Appeals,Position 12,,Under Votes,1508
Lane,Precinct 2456,Judge of the Court of Appeals,Position 12,,Under Votes,1137
Lane,Precinct 2562,Judge of the Court of Appeals,Position 12,,Under Votes,1364
Lane,Precinct 2676,Judge of the Court of Appeals,Position 12,,Under Votes,1901
Lane,Precinct 4200,Judge of the Court of Appeals,Position 12,,Under Votes,318
Lane,Precinct 4300,Judge of the Court of Appeals,Position 12,,Under Votes,1661
Lane,Precinct 4400,Judge of the Court of Appeals,Position 12,,Under Votes,890
Lane,Precinct 4500,Judge of the Court of Appeals,Position 12,,Under Votes,456
Lane,Precinct 4600,Judge of the Court of Appeals,Position 12,,Under Votes,2135
Lane,Precinct 4700,Judge of the Court of Appeals,Position 12,,Under Votes,1140
Lane,Precinct 4800,Judge of the Court of Appeals,Position 12,,Under Votes,400
Lane,Precinct 4900,Judge of the Court of Appeals,Position 12,,Under Votes,830
Lane,Precinct 701,Judge of the Court of Appeals,Position 12,,Under Votes,588
Lane,Precinct 703,Judge of the Court of Appeals,Position 12,,Under Votes,101
Lane,Precinct 705,Judge of the Court of Appeals,Position 12,,Under Votes,818
Lane,Precinct 707,Judge of the Court of Appeals,Position 12,,Under Votes,235
Lane,Precinct 709,Judge of the Court of Appeals,Position 12,,Under Votes,635
Lane,Precinct 711,Judge of the Court of Appeals,Position 12,,Under Votes,1593
Lane,Precinct 713,Judge of the Court of Appeals,Position 12,,Under Votes,460
Lane,Precinct 715,Judge of the Court of Appeals,Position 12,,Under Votes,645
Lane,Precinct 717,Judge of the Court of Appeals,Position 12,,Under Votes,1041
Lane,Precinct 719,Judge of the Court of Appeals,Position 12,,Under Votes,146
Lane,Precinct 721,Judge of the Court of Appeals,Position 12,,Under Votes,262
Lane,Precinct 723,Judge of the Court of Appeals,Position 12,,Under Votes,1105
Lane,Precinct 725,Judge of the Court of Appeals,Position 12,,Under Votes,812
Lane,Precinct 727,Judge of the Court of Appeals,Position 12,,Under Votes,595
Lane,Precinct 729,Judge of the Court of Appeals,Position 12,,Under Votes,173
Lane,Precinct 731,Judge of the Court of Appeals,Position 12,,Under Votes,1506
Lane,Precinct 733,Judge of the Court of Appeals,Position 12,,Under Votes,1983
Lane,Precinct 737,Judge of the Court of Appeals,Position 12,,Under Votes,1203
Lane,Precinct 739,Judge of the Court of Appeals,Position 12,,Under Votes,603
Lane,Precinct 741,Judge of the Court of Appeals,Position 12,,Under Votes,234
Lane,Precinct 743,Judge of the Court of Appeals,Position 12,,Under Votes,223
Lane,Precinct 747,Judge of the Court of Appeals,Position 12,,Under Votes,1938
Lane,Precinct 751,Judge of the Court of Appeals,Position 12,,Under Votes,1766
Lane,Precinct 753,Judge of the Court of Appeals,Position 12,,Under Votes,582
Lane,Precinct 755,Judge of the Court of Appeals,Position 12,,Under Votes,1120
Lane,Precinct 757,Judge of the Court of Appeals,Position 12,,Under Votes,989
Lane,Precinct 759,Judge of the Court of Appeals,Position 12,,Under Votes,890
Lane,Precinct 765,Judge of the Court of Appeals,Position 12,,Under Votes,825
Lane,Precinct 1120,Judge of the Court of Appeals,Position 12,,Write-ins,14
Lane,Precinct 1122,Judge of the Court of Appeals,Position 12,,Write-ins,14
Lane,Precinct 1124,Judge of the Court of Appeals,Position 12,,Write-ins,2
Lane,Precinct 1126,Judge of the Court of Appeals,Position 12,,Write-ins,17
Lane,Precinct 1230,Judge of the Court of Appeals,Position 12,,Write-ins,15
Lane,Precinct 1232,Judge of the Court of Appeals,Position 12,,Write-ins,17
Lane,Precinct 1234,Judge of the Court of Appeals,Position 12,,Write-ins,18
Lane,Precinct 1340,Judge of the Court of Appeals,Position 12,,Write-ins,10
Lane,Precinct 1342,Judge of the Court of Appeals,Position 12,,Write-ins,6
Lane,Precinct 1450,Judge of the Court of Appeals,Position 12,,Write-ins,21
Lane,Precinct 1452,Judge of the Court of Appeals,Position 12,,Write-ins,15
Lane,Precinct 1454,Judge of the Court of Appeals,Position 12,,Write-ins,5
Lane,Precinct 1560,Judge of the Court of Appeals,Position 12,,Write-ins,8
Lane,Precinct 1562,Judge of the Court of Appeals,Position 12,,Write-ins,17
Lane,Precinct 1564,Judge of the Court of Appeals,Position 12,,Write-ins,28
Lane,Precinct 1670,Judge of the Court of Appeals,Position 12,,Write-ins,46
Lane,Precinct 1672,Judge of the Court of Appeals,Position 12,,Write-ins,19
Lane,Precinct 1780,Judge of the Court of Appeals,Position 12,,Write-ins,20
Lane,Precinct 1782,Judge of the Court of Appeals,Position 12,,Write-ins,5
Lane,Precinct 1784,Judge of the Court of Appeals,Position 12,,Write-ins,23
Lane,Precinct 1786,Judge of the Court of Appeals,Position 12,,Write-ins,18
Lane,Precinct 1890,Judge of the Court of Appeals,Position 12,,Write-ins,21
Lane,Precinct 1892,Judge of the Court of Appeals,Position 12,,Write-ins,22
Lane,Precinct 1894,Judge of the Court of Appeals,Position 12,,Write-ins,6
Lane,Precinct 2122,Judge of the Court of Appeals,Position 12,,Write-ins,26
Lane,Precinct 2238,Judge of the Court of Appeals,Position 12,,Write-ins,22
Lane,Precinct 2340,Judge of the Court of Appeals,Position 12,,Write-ins,36
Lane,Precinct 2456,Judge of the Court of Appeals,Position 12,,Write-ins,28
Lane,Precinct 2562,Judge of the Court of Appeals,Position 12,,Write-ins,53
Lane,Precinct 2676,Judge of the Court of Appeals,Position 12,,Write-ins,59
Lane,Precinct 4200,Judge of the Court of Appeals,Position 12,,Write-ins,3
Lane,Precinct 4300,Judge of the Court of Appeals,Position 12,,Write-ins,69
Lane,Precinct 4400,Judge of the Court of Appeals,Position 12,,Write-ins,31
Lane,Precinct 4500,Judge of the Court of Appeals,Position 12,,Write-ins,7
Lane,Precinct 4600,Judge of the Court of Appeals,Position 12,,Write-ins,32
Lane,Precinct 4700,Judge of the Court of Appeals,Position 12,,Write-ins,49
Lane,Precinct 4800,Judge of the Court of Appeals,Position 12,,Write-ins,19
Lane,Precinct 4900,Judge of the Court of Appeals,Position 12,,Write-ins,26
Lane,Precinct 701,Judge of the Court of Appeals,Position 12,,Write-ins,8
Lane,Precinct 703,Judge of the Court of Appeals,Position 12,,Write-ins,3
Lane,Precinct 705,Judge of the Court of Appeals,Position 12,,Write-ins,16
Lane,Precinct 707,Judge of the Court of Appeals,Position 12,,Write-ins,10
Lane,Precinct 709,Judge of the Court of Appeals,Position 12,,Write-ins,15
Lane,Precinct 711,Judge of the Court of Appeals,Position 12,,Write-ins,47
Lane,Precinct 713,Judge of the Court of Appeals,Position 12,,Write-ins,2
Lane,Precinct 715,Judge of the Court of Appeals,Position 12,,Write-ins,25
Lane,Precinct 717,Judge of the Court of Appeals,Position 12,,Write-ins,55
Lane,Precinct 719,Judge of the Court of Appeals,Position 12,,Write-ins,2
Lane,Precinct 721,Judge of the Court of Appeals,Position 12,,Write-ins,7
Lane,Precinct 723,Judge of the Court of Appeals,Position 12,,Write-ins,21
Lane,Precinct 725,Judge of the Court of Appeals,Position 12,,Write-ins,17
Lane,Precinct 727,Judge of the Court of Appeals,Position 12,,Write-ins,16
Lane,Precinct 729,Judge of the Court of Appeals,Position 12,,Write-ins,4
Lane,Precinct 731,Judge of the Court of Appeals,Position 12,,Write-ins,34
Lane,Precinct 733,Judge of the Court of Appeals,Position 12,,Write-ins,23
Lane,Precinct 737,Judge of the Court of Appeals,Position 12,,Write-ins,27
Lane,Precinct 739,Judge of the Court of Appeals,Position 12,,Write-ins,17
Lane,Precinct 741,Judge of the Court of Appeals,Position 12,,Write-ins,3
Lane,Precinct 743,Judge of the Court of Appeals,Position 12,,Write-ins,4
Lane,Precinct 747,Judge of the Court of Appeals,Position 12,,Write-ins,66
Lane,Precinct 751,Judge of the Court of Appeals,Position 12,,Write-ins,37
Lane,Precinct 753,Judge of the Court of Appeals,Position 12,,Write-ins,21
Lane,Precinct 755,Judge of the Court of Appeals,Position 12,,Write-ins,25
Lane,Precinct 757,Judge of the Court of Appeals,Position 12,,Write-ins,24
Lane,Precinct 759,Judge of the Court of Appeals,Position 12,,Write-ins,32
Lane,Precinct 765,Judge of the Court of Appeals,Position 12,,Write-ins,31
Lane,Precinct 1120,Judge of the Court of Appeals,Position 13,,Doug Tookey,477
Lane,Precinct 1122,Judge of the Court of Appeals,Position 13,,Doug Tookey,976
Lane,Precinct 1124,Judge of the Court of Appeals,Position 13,,Doug Tookey,366
Lane,Precinct 1126,Judge of the Court of Appeals,Position 13,,Doug Tookey,1407
Lane,Precinct 1230,Judge of the Court of Appeals,Position 13,,Doug Tookey,1622
Lane,Precinct 1232,Judge of the Court of Appeals,Position 13,,Doug Tookey,1821
Lane,Precinct 1234,Judge of the Court of Appeals,Position 13,,Doug Tookey,1012
Lane,Precinct 1340,Judge of the Court of Appeals,Position 13,,Doug Tookey,1228
Lane,Precinct 1342,Judge of the Court of Appeals,Position 13,,Doug Tookey,373
Lane,Precinct 1450,Judge of the Court of Appeals,Position 13,,Doug Tookey,1635
Lane,Precinct 1452,Judge of the Court of Appeals,Position 13,,Doug Tookey,1193
Lane,Precinct 1454,Judge of the Court of Appeals,Position 13,,Doug Tookey,444
Lane,Precinct 1560,Judge of the Court of Appeals,Position 13,,Doug Tookey,521
Lane,Precinct 1562,Judge of the Court of Appeals,Position 13,,Doug Tookey,1681
Lane,Precinct 1564,Judge of the Court of Appeals,Position 13,,Doug Tookey,1986
Lane,Precinct 1670,Judge of the Court of Appeals,Position 13,,Doug Tookey,1733
Lane,Precinct 1672,Judge of the Court of Appeals,Position 13,,Doug Tookey,1238
Lane,Precinct 1780,Judge of the Court of Appeals,Position 13,,Doug Tookey,360
Lane,Precinct 1782,Judge of the Court of Appeals,Position 13,,Doug Tookey,482
Lane,Precinct 1784,Judge of the Court of Appeals,Position 13,,Doug Tookey,1030
Lane,Precinct 1786,Judge of the Court of Appeals,Position 13,,Doug Tookey,694
Lane,Precinct 1890,Judge of the Court of Appeals,Position 13,,Doug Tookey,688
Lane,Precinct 1892,Judge of the Court of Appeals,Position 13,,Doug Tookey,1358
Lane,Precinct 1894,Judge of the Court of Appeals,Position 13,,Doug Tookey,1178
Lane,Precinct 2122,Judge of the Court of Appeals,Position 13,,Doug Tookey,1158
Lane,Precinct 2238,Judge of the Court of Appeals,Position 13,,Doug Tookey,1329
Lane,Precinct 2340,Judge of the Court of Appeals,Position 13,,Doug Tookey,1382
Lane,Precinct 2456,Judge of the Court of Appeals,Position 13,,Doug Tookey,1172
Lane,Precinct 2562,Judge of the Court of Appeals,Position 13,,Doug Tookey,1531
Lane,Precinct 2676,Judge of the Court of Appeals,Position 13,,Doug Tookey,1589
Lane,Precinct 4200,Judge of the Court of Appeals,Position 13,,Doug Tookey,279
Lane,Precinct 4300,Judge of the Court of Appeals,Position 13,,Doug Tookey,1401
Lane,Precinct 4400,Judge of the Court of Appeals,Position 13,,Doug Tookey,863
Lane,Precinct 4500,Judge of the Court of Appeals,Position 13,,Doug Tookey,388
Lane,Precinct 4600,Judge of the Court of Appeals,Position 13,,Doug Tookey,2276
Lane,Precinct 4700,Judge of the Court of Appeals,Position 13,,Doug Tookey,1066
Lane,Precinct 4800,Judge of the Court of Appeals,Position 13,,Doug Tookey,447
Lane,Precinct 4900,Judge of the Court of Appeals,Position 13,,Doug Tookey,770
Lane,Precinct 701,Judge of the Court of Appeals,Position 13,,Doug Tookey,570
Lane,Precinct 703,Judge of the Court of Appeals,Position 13,,Doug Tookey,81
Lane,Precinct 705,Judge of the Court of Appeals,Position 13,,Doug Tookey,769
Lane,Precinct 707,Judge of the Court of Appeals,Position 13,,Doug Tookey,204
Lane,Precinct 709,Judge of the Court of Appeals,Position 13,,Doug Tookey,427
Lane,Precinct 711,Judge of the Court of Appeals,Position 13,,Doug Tookey,938
Lane,Precinct 713,Judge of the Court of Appeals,Position 13,,Doug Tookey,314
Lane,Precinct 715,Judge of the Court of Appeals,Position 13,,Doug Tookey,474
Lane,Precinct 717,Judge of the Court of Appeals,Position 13,,Doug Tookey,753
Lane,Precinct 719,Judge of the Court of Appeals,Position 13,,Doug Tookey,111
Lane,Precinct 721,Judge of the Court of Appeals,Position 13,,Doug Tookey,196
Lane,Precinct 723,Judge of the Court of Appeals,Position 13,,Doug Tookey,704
Lane,Precinct 725,Judge of the Court of Appeals,Position 13,,Doug Tookey,411
Lane,Precinct 727,Judge of the Court of Appeals,Position 13,,Doug Tookey,402
Lane,Precinct 729,Judge of the Court of Appeals,Position 13,,Doug Tookey,124
Lane,Precinct 731,Judge of the Court of Appeals,Position 13,,Doug Tookey,1301
Lane,Precinct 733,Judge of the Court of Appeals,Position 13,,Doug Tookey,1608
Lane,Precinct 737,Judge of the Court of Appeals,Position 13,,Doug Tookey,1008
Lane,Precinct 739,Judge of the Court of Appeals,Position 13,,Doug Tookey,458
Lane,Precinct 741,Judge of the Court of Appeals,Position 13,,Doug Tookey,243
Lane,Precinct 743,Judge of the Court of Appeals,Position 13,,Doug Tookey,186
Lane,Precinct 747,Judge of the Court of Appeals,Position 13,,Doug Tookey,1342
Lane,Precinct 751,Judge of the Court of Appeals,Position 13,,Doug Tookey,1163
Lane,Precinct 753,Judge of the Court of Appeals,Position 13,,Doug Tookey,332
Lane,Precinct 755,Judge of the Court of Appeals,Position 13,,Doug Tookey,789
Lane,Precinct 757,Judge of the Court of Appeals,Position 13,,Doug Tookey,655
Lane,Precinct 759,Judge of the Court of Appeals,Position 13,,Doug Tookey,788
Lane,Precinct 765,Judge of the Court of Appeals,Position 13,,Doug Tookey,666
Lane,Precinct 1120,Judge of the Court of Appeals,Position 13,,Over Votes,0
Lane,Precinct 1122,Judge of the Court of Appeals,Position 13,,Over Votes,0
Lane,Precinct 1124,Judge of the Court of Appeals,Position 13,,Over Votes,0
Lane,Precinct 1126,Judge of the Court of Appeals,Position 13,,Over Votes,0
Lane,Precinct 1230,Judge of the Court of Appeals,Position 13,,Over Votes,0
Lane,Precinct 1232,Judge of the Court of Appeals,Position 13,,Over Votes,0
Lane,Precinct 1234,Judge of the Court of Appeals,Position 13,,Over Votes,0
Lane,Precinct 1340,Judge of the Court of Appeals,Position 13,,Over Votes,0
Lane,Precinct 1342,Judge of the Court of Appeals,Position 13,,Over Votes,0
Lane,Precinct 1450,Judge of the Court of Appeals,Position 13,,Over Votes,0
Lane,Precinct 1452,Judge of the Court of Appeals,Position 13,,Over Votes,0
Lane,Precinct 1454,Judge of the Court of Appeals,Position 13,,Over Votes,0
Lane,Precinct 1560,Judge of the Court of Appeals,Position 13,,Over Votes,0
Lane,Precinct 1562,Judge of the Court of Appeals,Position 13,,Over Votes,0
Lane,Precinct 1564,Judge of the Court of Appeals,Position 13,,Over Votes,0
Lane,Precinct 1670,Judge of the Court of Appeals,Position 13,,Over Votes,0
Lane,Precinct 1672,Judge of the Court of Appeals,Position 13,,Over Votes,0
Lane,Precinct 1780,Judge of the Court of Appeals,Position 13,,Over Votes,0
Lane,Precinct 1782,Judge of the Court of Appeals,Position 13,,Over Votes,0
Lane,Precinct 1784,Judge of the Court of Appeals,Position 13,,Over Votes,0
Lane,Precinct 1786,Judge of the Court of Appeals,Position 13,,Over Votes,0
Lane,Precinct 1890,Judge of the Court of Appeals,Position 13,,Over Votes,0
Lane,Precinct 1892,Judge of the Court of Appeals,Position 13,,Over Votes,0
Lane,Precinct 1894,Judge of the Court of Appeals,Position 13,,Over Votes,0
Lane,Precinct 2122,Judge of the Court of Appeals,Position 13,,Over Votes,0
Lane,Precinct 2238,Judge of the Court of Appeals,Position 13,,Over Votes,0
Lane,Precinct 2340,Judge of the Court of Appeals,Position 13,,Over Votes,0
Lane,Precinct 2456,Judge of the Court of Appeals,Position 13,,Over Votes,0
Lane,Precinct 2562,Judge of the Court of Appeals,Position 13,,Over Votes,0
Lane,Precinct 2676,Judge of the Court of Appeals,Position 13,,Over Votes,0
Lane,Precinct 4200,Judge of the Court of Appeals,Position 13,,Over Votes,0
Lane,Precinct 4300,Judge of the Court of Appeals,Position 13,,Over Votes,0
Lane,Precinct 4400,Judge of the Court of Appeals,Position 13,,Over Votes,0
Lane,Precinct 4500,Judge of the Court of Appeals,Position 13,,Over Votes,0
Lane,Precinct 4600,Judge of the Court of Appeals,Position 13,,Over Votes,0
Lane,Precinct 4700,Judge of the Court of Appeals,Position 13,,Over Votes,0
Lane,Precinct 4800,Judge of the Court of Appeals,Position 13,,Over Votes,0
Lane,Precinct 4900,Judge of the Court of Appeals,Position 13,,Over Votes,0
Lane,Precinct 701,Judge of the Court of Appeals,Position 13,,Over Votes,0
Lane,Precinct 703,Judge of the Court of Appeals,Position 13,,Over Votes,0
Lane,Precinct 705,Judge of the Court of Appeals,Position 13,,Over Votes,0
Lane,Precinct 707,Judge of the Court of Appeals,Position 13,,Over Votes,0
Lane,Precinct 709,Judge of the Court of Appeals,Position 13,,Over Votes,0
Lane,Precinct 711,Judge of the Court of Appeals,Position 13,,Over Votes,0
Lane,Precinct 713,Judge of the Court of Appeals,Position 13,,Over Votes,0
Lane,Precinct 715,Judge of the Court of Appeals,Position 13,,Over Votes,0
Lane,Precinct 717,Judge of the Court of Appeals,Position 13,,Over Votes,0
Lane,Precinct 719,Judge of the Court of Appeals,Position 13,,Over Votes,0
Lane,Precinct 721,Judge of the Court of Appeals,Position 13,,Over Votes,0
Lane,Precinct 723,Judge of the Court of Appeals,Position 13,,Over Votes,0
Lane,Precinct 725,Judge of the Court of Appeals,Position 13,,Over Votes,0
Lane,Precinct 727,Judge of the Court of Appeals,Position 13,,Over Votes,0
Lane,Precinct 729,Judge of the Court of Appeals,Position 13,,Over Votes,0
Lane,Precinct 731,Judge of the Court of Appeals,Position 13,,Over Votes,0
Lane,Precinct 733,Judge of the Court of Appeals,Position 13,,Over Votes,1
Lane,Precinct 737,Judge of the Court of Appeals,Position 13,,Over Votes,0
Lane,Precinct 739,Judge of the Court of Appeals,Position 13,,Over Votes,0
Lane,Precinct 741,Judge of the Court of Appeals,Position 13,,Over Votes,1
Lane,Precinct 743,Judge of the Court of Appeals,Position 13,,Over Votes,0
Lane,Precinct 747,Judge of the Court of Appeals,Position 13,,Over Votes,0
Lane,Precinct 751,Judge of the Court of Appeals,Position 13,,Over Votes,0
Lane,Precinct 753,Judge of the Court of Appeals,Position 13,,Over Votes,0
Lane,Precinct 755,Judge of the Court of Appeals,Position 13,,Over Votes,0
Lane,Precinct 757,Judge of the Court of Appeals,Position 13,,Over Votes,0
Lane,Precinct 759,Judge of the Court of Appeals,Position 13,,Over Votes,0
Lane,Precinct 765,Judge of the Court of Appeals,Position 13,,Over Votes,0
Lane,Precinct 1120,Judge of the Court of Appeals,Position 13,,Under Votes,542
Lane,Precinct 1122,Judge of the Court of Appeals,Position 13,,Under Votes,1234
Lane,Precinct 1124,Judge of the Court of Appeals,Position 13,,Under Votes,415
Lane,Precinct 1126,Judge of the Court of Appeals,Position 13,,Under Votes,1639
Lane,Precinct 1230,Judge of the Court of Appeals,Position 13,,Under Votes,1783
Lane,Precinct 1232,Judge of the Court of Appeals,Position 13,,Under Votes,1764
Lane,Precinct 1234,Judge of the Court of Appeals,Position 13,,Under Votes,1123
Lane,Precinct 1340,Judge of the Court of Appeals,Position 13,,Under Votes,1282
Lane,Precinct 1342,Judge of the Court of Appeals,Position 13,,Under Votes,398
Lane,Precinct 1450,Judge of the Court of Appeals,Position 13,,Under Votes,1682
Lane,Precinct 1452,Judge of the Court of Appeals,Position 13,,Under Votes,1333
Lane,Precinct 1454,Judge of the Court of Appeals,Position 13,,Under Votes,317
Lane,Precinct 1560,Judge of the Court of Appeals,Position 13,,Under Votes,631
Lane,Precinct 1562,Judge of the Court of Appeals,Position 13,,Under Votes,1797
Lane,Precinct 1564,Judge of the Court of Appeals,Position 13,,Under Votes,1839
Lane,Precinct 1670,Judge of the Court of Appeals,Position 13,,Under Votes,1729
Lane,Precinct 1672,Judge of the Court of Appeals,Position 13,,Under Votes,1256
Lane,Precinct 1780,Judge of the Court of Appeals,Position 13,,Under Votes,356
Lane,Precinct 1782,Judge of the Court of Appeals,Position 13,,Under Votes,529
Lane,Precinct 1784,Judge of the Court of Appeals,Position 13,,Under Votes,1148
Lane,Precinct 1786,Judge of the Court of Appeals,Position 13,,Under Votes,737
Lane,Precinct 1890,Judge of the Court of Appeals,Position 13,,Under Votes,732
Lane,Precinct 1892,Judge of the Court of Appeals,Position 13,,Under Votes,1384
Lane,Precinct 1894,Judge of the Court of Appeals,Position 13,,Under Votes,1191
Lane,Precinct 2122,Judge of the Court of Appeals,Position 13,,Under Votes,1102
Lane,Precinct 2238,Judge of the Court of Appeals,Position 13,,Under Votes,1393
Lane,Precinct 2340,Judge of the Court of Appeals,Position 13,,Under Votes,1519
Lane,Precinct 2456,Judge of the Court of Appeals,Position 13,,Under Votes,1161
Lane,Precinct 2562,Judge of the Court of Appeals,Position 13,,Under Votes,1380
Lane,Precinct 2676,Judge of the Court of Appeals,Position 13,,Under Votes,1915
Lane,Precinct 4200,Judge of the Court of Appeals,Position 13,,Under Votes,327
Lane,Precinct 4300,Judge of the Court of Appeals,Position 13,,Under Votes,1684
Lane,Precinct 4400,Judge of the Court of Appeals,Position 13,,Under Votes,900
Lane,Precinct 4500,Judge of the Court of Appeals,Position 13,,Under Votes,460
Lane,Precinct 4600,Judge of the Court of Appeals,Position 13,,Under Votes,2150
Lane,Precinct 4700,Judge of the Court of Appeals,Position 13,,Under Votes,1151
Lane,Precinct 4800,Judge of the Court of Appeals,Position 13,,Under Votes,410
Lane,Precinct 4900,Judge of the Court of Appeals,Position 13,,Under Votes,834
Lane,Precinct 701,Judge of the Court of Appeals,Position 13,,Under Votes,590
Lane,Precinct 703,Judge of the Court of Appeals,Position 13,,Under Votes,106
Lane,Precinct 705,Judge of the Court of Appeals,Position 13,,Under Votes,834
Lane,Precinct 707,Judge of the Court of Appeals,Position 13,,Under Votes,233
Lane,Precinct 709,Judge of the Court of Appeals,Position 13,,Under Votes,646
Lane,Precinct 711,Judge of the Court of Appeals,Position 13,,Under Votes,1599
Lane,Precinct 713,Judge of the Court of Appeals,Position 13,,Under Votes,461
Lane,Precinct 715,Judge of the Court of Appeals,Position 13,,Under Votes,646
Lane,Precinct 717,Judge of the Court of Appeals,Position 13,,Under Votes,1043
Lane,Precinct 719,Judge of the Court of Appeals,Position 13,,Under Votes,150
Lane,Precinct 721,Judge of the Court of Appeals,Position 13,,Under Votes,262
Lane,Precinct 723,Judge of the Court of Appeals,Position 13,,Under Votes,1107
Lane,Precinct 725,Judge of the Court of Appeals,Position 13,,Under Votes,803
Lane,Precinct 727,Judge of the Court of Appeals,Position 13,,Under Votes,602
Lane,Precinct 729,Judge of the Court of Appeals,Position 13,,Under Votes,173
Lane,Precinct 731,Judge of the Court of Appeals,Position 13,,Under Votes,1522
Lane,Precinct 733,Judge of the Court of Appeals,Position 13,,Under Votes,2009
Lane,Precinct 737,Judge of the Court of Appeals,Position 13,,Under Votes,1208
Lane,Precinct 739,Judge of the Court of Appeals,Position 13,,Under Votes,609
Lane,Precinct 741,Judge of the Court of Appeals,Position 13,,Under Votes,239
Lane,Precinct 743,Judge of the Court of Appeals,Position 13,,Under Votes,223
Lane,Precinct 747,Judge of the Court of Appeals,Position 13,,Under Votes,1951
Lane,Precinct 751,Judge of the Court of Appeals,Position 13,,Under Votes,1784
Lane,Precinct 753,Judge of the Court of Appeals,Position 13,,Under Votes,586
Lane,Precinct 755,Judge of the Court of Appeals,Position 13,,Under Votes,1136
Lane,Precinct 757,Judge of the Court of Appeals,Position 13,,Under Votes,1008
Lane,Precinct 759,Judge of the Court of Appeals,Position 13,,Under Votes,896
Lane,Precinct 765,Judge of the Court of Appeals,Position 13,,Under Votes,830
Lane,Precinct 1120,Judge of the Court of Appeals,Position 13,,Write-ins,15
Lane,Precinct 1122,Judge of the Court of Appeals,Position 13,,Write-ins,14
Lane,Precinct 1124,Judge of the Court of Appeals,Position 13,,Write-ins,2
Lane,Precinct 1126,Judge of the Court of Appeals,Position 13,,Write-ins,18
Lane,Precinct 1230,Judge of the Court of Appeals,Position 13,,Write-ins,17
Lane,Precinct 1232,Judge of the Court of Appeals,Position 13,,Write-ins,15
Lane,Precinct 1234,Judge of the Court of Appeals,Position 13,,Write-ins,16
Lane,Precinct 1340,Judge of the Court of Appeals,Position 13,,Write-ins,12
Lane,Precinct 1342,Judge of the Court of Appeals,Position 13,,Write-ins,5
Lane,Precinct 1450,Judge of the Court of Appeals,Position 13,,Write-ins,21
Lane,Precinct 1452,Judge of the Court of Appeals,Position 13,,Write-ins,15
Lane,Precinct 1454,Judge of the Court of Appeals,Position 13,,Write-ins,7
Lane,Precinct 1560,Judge of the Court of Appeals,Position 13,,Write-ins,9
Lane,Precinct 1562,Judge of the Court of Appeals,Position 13,,Write-ins,16
Lane,Precinct 1564,Judge of the Court of Appeals,Position 13,,Write-ins,27
Lane,Precinct 1670,Judge of the Court of Appeals,Position 13,,Write-ins,47
Lane,Precinct 1672,Judge of the Court of Appeals,Position 13,,Write-ins,17
Lane,Precinct 1780,Judge of the Court of Appeals,Position 13,,Write-ins,19
Lane,Precinct 1782,Judge of the Court of Appeals,Position 13,,Write-ins,5
Lane,Precinct 1784,Judge of the Court of Appeals,Position 13,,Write-ins,21
Lane,Precinct 1786,Judge of the Court of Appeals,Position 13,,Write-ins,18
Lane,Precinct 1890,Judge of the Court of Appeals,Position 13,,Write-ins,23
Lane,Precinct 1892,Judge of the Court of Appeals,Position 13,,Write-ins,25
Lane,Precinct 1894,Judge of the Court of Appeals,Position 13,,Write-ins,9
Lane,Precinct 2122,Judge of the Court of Appeals,Position 13,,Write-ins,24
Lane,Precinct 2238,Judge of the Court of Appeals,Position 13,,Write-ins,27
Lane,Precinct 2340,Judge of the Court of Appeals,Position 13,,Write-ins,33
Lane,Precinct 2456,Judge of the Court of Appeals,Position 13,,Write-ins,29
Lane,Precinct 2562,Judge of the Court of Appeals,Position 13,,Write-ins,53
Lane,Precinct 2676,Judge of the Court of Appeals,Position 13,,Write-ins,56
Lane,Precinct 4200,Judge of the Court of Appeals,Position 13,,Write-ins,3
Lane,Precinct 4300,Judge of the Court of Appeals,Position 13,,Write-ins,67
Lane,Precinct 4400,Judge of the Court of Appeals,Position 13,,Write-ins,32
Lane,Precinct 4500,Judge of the Court of Appeals,Position 13,,Write-ins,7
Lane,Precinct 4600,Judge of the Court of Appeals,Position 13,,Write-ins,33
Lane,Precinct 4700,Judge of the Court of Appeals,Position 13,,Write-ins,41
Lane,Precinct 4800,Judge of the Court of Appeals,Position 13,,Write-ins,20
Lane,Precinct 4900,Judge of the Court of Appeals,Position 13,,Write-ins,28
Lane,Precinct 701,Judge of the Court of Appeals,Position 13,,Write-ins,7
Lane,Precinct 703,Judge of the Court of Appeals,Position 13,,Write-ins,3
Lane,Precinct 705,Judge of the Court of Appeals,Position 13,,Write-ins,14
Lane,Precinct 707,Judge of the Court of Appeals,Position 13,,Write-ins,12
Lane,Precinct 709,Judge of the Court of Appeals,Position 13,,Write-ins,16
Lane,Precinct 711,Judge of the Court of Appeals,Position 13,,Write-ins,47
Lane,Precinct 713,Judge of the Court of Appeals,Position 13,,Write-ins,3
Lane,Precinct 715,Judge of the Court of Appeals,Position 13,,Write-ins,24
Lane,Precinct 717,Judge of the Court of Appeals,Position 13,,Write-ins,55
Lane,Precinct 719,Judge of the Court of Appeals,Position 13,,Write-ins,2
Lane,Precinct 721,Judge of the Court of Appeals,Position 13,,Write-ins,8
Lane,Precinct 723,Judge of the Court of Appeals,Position 13,,Write-ins,24
Lane,Precinct 725,Judge of the Court of Appeals,Position 13,,Write-ins,16
Lane,Precinct 727,Judge of the Court of Appeals,Position 13,,Write-ins,16
Lane,Precinct 729,Judge of the Court of Appeals,Position 13,,Write-ins,5
Lane,Precinct 731,Judge of the Court of Appeals,Position 13,,Write-ins,31
Lane,Precinct 733,Judge of the Court of Appeals,Position 13,,Write-ins,23
Lane,Precinct 737,Judge of the Court of Appeals,Position 13,,Write-ins,26
Lane,Precinct 739,Judge of the Court of Appeals,Position 13,,Write-ins,20
Lane,Precinct 741,Judge of the Court of Appeals,Position 13,,Write-ins,2
Lane,Precinct 743,Judge of the Court of Appeals,Position 13,,Write-ins,3
Lane,Precinct 747,Judge of the Court of Appeals,Position 13,,Write-ins,66
Lane,Precinct 751,Judge of the Court of Appeals,Position 13,,Write-ins,34
Lane,Precinct 753,Judge of the Court of Appeals,Position 13,,Write-ins,21
Lane,Precinct 755,Judge of the Court of Appeals,Position 13,,Write-ins,26
Lane,Precinct 757,Judge of the Court of Appeals,Position 13,,Write-ins,17
Lane,Precinct 759,Judge of the Court of Appeals,Position 13,,Write-ins,31
Lane,Precinct 765,Judge of the Court of Appeals,Position 13,,Write-ins,32
Lane,Precinct 1120,Judge of the Court of Appeals,Position 9,,Jacqueline Kamins,499
Lane,Precinct 1122,Judge of the Court of Appeals,Position 9,,Jacqueline Kamins,1029
Lane,Precinct 1124,Judge of the Court of Appeals,Position 9,,Jacqueline Kamins,375
Lane,Precinct 1126,Judge of the Court of Appeals,Position 9,,Jacqueline Kamins,1443
Lane,Precinct 1230,Judge of the Court of Appeals,Position 9,,Jacqueline Kamins,1676
Lane,Precinct 1232,Judge of the Court of Appeals,Position 9,,Jacqueline Kamins,1859
Lane,Precinct 1234,Judge of the Court of Appeals,Position 9,,Jacqueline Kamins,1044
Lane,Precinct 1340,Judge of the Court of Appeals,Position 9,,Jacqueline Kamins,1266
Lane,Precinct 1342,Judge of the Court of Appeals,Position 9,,Jacqueline Kamins,372
Lane,Precinct 1450,Judge of the Court of Appeals,Position 9,,Jacqueline Kamins,1678
Lane,Precinct 1452,Judge of the Court of Appeals,Position 9,,Jacqueline Kamins,1216
Lane,Precinct 1454,Judge of the Court of Appeals,Position 9,,Jacqueline Kamins,447
Lane,Precinct 1560,Judge of the Court of Appeals,Position 9,,Jacqueline Kamins,532
Lane,Precinct 1562,Judge of the Court of Appeals,Position 9,,Jacqueline Kamins,1712
Lane,Precinct 1564,Judge of the Court of Appeals,Position 9,,Jacqueline Kamins,2015
Lane,Precinct 1670,Judge of the Court of Appeals,Position 9,,Jacqueline Kamins,1756
Lane,Precinct 1672,Judge of the Court of Appeals,Position 9,,Jacqueline Kamins,1245
Lane,Precinct 1780,Judge of the Court of Appeals,Position 9,,Jacqueline Kamins,366
Lane,Precinct 1782,Judge of the Court of Appeals,Position 9,,Jacqueline Kamins,505
Lane,Precinct 1784,Judge of the Court of Appeals,Position 9,,Jacqueline Kamins,1059
Lane,Precinct 1786,Judge of the Court of Appeals,Position 9,,Jacqueline Kamins,712
Lane,Precinct 1890,Judge of the Court of Appeals,Position 9,,Jacqueline Kamins,705
Lane,Precinct 1892,Judge of the Court of Appeals,Position 9,,Jacqueline Kamins,1397
Lane,Precinct 1894,Judge of the Court of Appeals,Position 9,,Jacqueline Kamins,1199
Lane,Precinct 2122,Judge of the Court of Appeals,Position 9,,Jacqueline Kamins,1173
Lane,Precinct 2238,Judge of the Court of Appeals,Position 9,,Jacqueline Kamins,1348
Lane,Precinct 2340,Judge of the Court of Appeals,Position 9,,Jacqueline Kamins,1405
Lane,Precinct 2456,Judge of the Court of Appeals,Position 9,,Jacqueline Kamins,1193
Lane,Precinct 2562,Judge of the Court of Appeals,Position 9,,Jacqueline Kamins,1556
Lane,Precinct 2676,Judge of the Court of Appeals,Position 9,,Jacqueline Kamins,1601
Lane,Precinct 4200,Judge of the Court of Appeals,Position 9,,Jacqueline Kamins,287
Lane,Precinct 4300,Judge of the Court of Appeals,Position 9,,Jacqueline Kamins,1424
Lane,Precinct 4400,Judge of the Court of Appeals,Position 9,,Jacqueline Kamins,890
Lane,Precinct 4500,Judge of the Court of Appeals,Position 9,,Jacqueline Kamins,391
Lane,Precinct 4600,Judge of the Court of Appeals,Position 9,,Jacqueline Kamins,2306
Lane,Precinct 4700,Judge of the Court of Appeals,Position 9,,Jacqueline Kamins,1084
Lane,Precinct 4800,Judge of the Court of Appeals,Position 9,,Jacqueline Kamins,451
Lane,Precinct 4900,Judge of the Court of Appeals,Position 9,,Jacqueline Kamins,780
Lane,Precinct 701,Judge of the Court of Appeals,Position 9,,Jacqueline Kamins,571
Lane,Precinct 703,Judge of the Court of Appeals,Position 9,,Jacqueline Kamins,85
Lane,Precinct 705,Judge of the Court of Appeals,Position 9,,Jacqueline Kamins,781
Lane,Precinct 707,Judge of the Court of Appeals,Position 9,,Jacqueline Kamins,204
Lane,Precinct 709,Judge of the Court of Appeals,Position 9,,Jacqueline Kamins,437
Lane,Precinct 711,Judge of the Court of Appeals,Position 9,,Jacqueline Kamins,947
Lane,Precinct 713,Judge of the Court of Appeals,Position 9,,Jacqueline Kamins,315
Lane,Precinct 715,Judge of the Court of Appeals,Position 9,,Jacqueline Kamins,478
Lane,Precinct 717,Judge of the Court of Appeals,Position 9,,Jacqueline Kamins,759
Lane,Precinct 719,Judge of the Court of Appeals,Position 9,,Jacqueline Kamins,113
Lane,Precinct 721,Judge of the Court of Appeals,Position 9,,Jacqueline Kamins,200
Lane,Precinct 723,Judge of the Court of Appeals,Position 9,,Jacqueline Kamins,717
Lane,Precinct 725,Judge of the Court of Appeals,Position 9,,Jacqueline Kamins,413
Lane,Precinct 727,Judge of the Court of Appeals,Position 9,,Jacqueline Kamins,409
Lane,Precinct 729,Judge of the Court of Appeals,Position 9,,Jacqueline Kamins,124
Lane,Precinct 731,Judge of the Court of Appeals,Position 9,,Jacqueline Kamins,1335
Lane,Precinct 733,Judge of the Court of Appeals,Position 9,,Jacqueline Kamins,1663
Lane,Precinct 737,Judge of the Court of Appeals,Position 9,,Jacqueline Kamins,1020
Lane,Precinct 739,Judge of the Court of Appeals,Position 9,,Jacqueline Kamins,471
Lane,Precinct 741,Judge of the Court of Appeals,Position 9,,Jacqueline Kamins,249
Lane,Precinct 743,Judge of the Court of Appeals,Position 9,,Jacqueline Kamins,187
Lane,Precinct 747,Judge of the Court of Appeals,Position 9,,Jacqueline Kamins,1355
Lane,Precinct 751,Judge of the Court of Appeals,Position 9,,Jacqueline Kamins,1171
Lane,Precinct 753,Judge of the Court of Appeals,Position 9,,Jacqueline Kamins,337
Lane,Precinct 755,Judge of the Court of Appeals,Position 9,,Jacqueline Kamins,800
Lane,Precinct 757,Judge of the Court of Appeals,Position 9,,Jacqueline Kamins,655
Lane,Precinct 759,Judge of the Court of Appeals,Position 9,,Jacqueline Kamins,788
Lane,Precinct 765,Judge of the Court of Appeals,Position 9,,Jacqueline Kamins,677
Lane,Precinct 1120,Judge of the Court of Appeals,Position 9,,Over Votes,0
Lane,Precinct 1122,Judge of the Court of Appeals,Position 9,,Over Votes,0
Lane,Precinct 1124,Judge of the Court of Appeals,Position 9,,Over Votes,0
Lane,Precinct 1126,Judge of the Court of Appeals,Position 9,,Over Votes,0
Lane,Precinct 1230,Judge of the Court of Appeals,Position 9,,Over Votes,0
Lane,Precinct 1232,Judge of the Court of Appeals,Position 9,,Over Votes,0
Lane,Precinct 1234,Judge of the Court of Appeals,Position 9,,Over Votes,0
Lane,Precinct 1340,Judge of the Court of Appeals,Position 9,,Over Votes,0
Lane,Precinct 1342,Judge of the Court of Appeals,Position 9,,Over Votes,0
Lane,Precinct 1450,Judge of the Court of Appeals,Position 9,,Over Votes,0
Lane,Precinct 1452,Judge of the Court of Appeals,Position 9,,Over Votes,0
Lane,Precinct 1454,Judge of the Court of Appeals,Position 9,,Over Votes,0
Lane,Precinct 1560,Judge of the Court of Appeals,Position 9,,Over Votes,0
Lane,Precinct 1562,Judge of the Court of Appeals,Position 9,,Over Votes,0
Lane,Precinct 1564,Judge of the Court of Appeals,Position 9,,Over Votes,0
Lane,Precinct 1670,Judge of the Court of Appeals,Position 9,,Over Votes,0
Lane,Precinct 1672,Judge of the Court of Appeals,Position 9,,Over Votes,0
Lane,Precinct 1780,Judge of the Court of Appeals,Position 9,,Over Votes,0
Lane,Precinct 1782,Judge of the Court of Appeals,Position 9,,Over Votes,0
Lane,Precinct 1784,Judge of the Court of Appeals,Position 9,,Over Votes,0
Lane,Precinct 1786,Judge of the Court of Appeals,Position 9,,Over Votes,0
Lane,Precinct 1890,Judge of the Court of Appeals,Position 9,,Over Votes,0
Lane,Precinct 1892,Judge of the Court of Appeals,Position 9,,Over Votes,0
Lane,Precinct 1894,Judge of the Court of Appeals,Position 9,,Over Votes,0
Lane,Precinct 2122,Judge of the Court of Appeals,Position 9,,Over Votes,0
Lane,Precinct 2238,Judge of the Court of Appeals,Position 9,,Over Votes,0
Lane,Precinct 2340,Judge of the Court of Appeals,Position 9,,Over Votes,0
Lane,Precinct 2456,Judge of the Court of Appeals,Position 9,,Over Votes,0
Lane,Precinct 2562,Judge of the Court of Appeals,Position 9,,Over Votes,0
Lane,Precinct 2676,Judge of the Court of Appeals,Position 9,,Over Votes,0
Lane,Precinct 4200,Judge of the Court of Appeals,Position 9,,Over Votes,0
Lane,Precinct 4300,Judge of the Court of Appeals,Position 9,,Over Votes,0
Lane,Precinct 4400,Judge of the Court of Appeals,Position 9,,Over Votes,0
Lane,Precinct 4500,Judge of the Court of Appeals,Position 9,,Over Votes,0
Lane,Precinct 4600,Judge of the Court of Appeals,Position 9,,Over Votes,0
Lane,Precinct 4700,Judge of the Court of Appeals,Position 9,,Over Votes,0
Lane,Precinct 4800,Judge of the Court of Appeals,Position 9,,Over Votes,0
Lane,Precinct 4900,Judge of the Court of Appeals,Position 9,,Over Votes,1
Lane,Precinct 701,Judge of the Court of Appeals,Position 9,,Over Votes,0
Lane,Precinct 703,Judge of the Court of Appeals,Position 9,,Over Votes,0
Lane,Precinct 705,Judge of the Court of Appeals,Position 9,,Over Votes,0
Lane,Precinct 707,Judge of the Court of Appeals,Position 9,,Over Votes,0
Lane,Precinct 709,Judge of the Court of Appeals,Position 9,,Over Votes,0
Lane,Precinct 711,Judge of the Court of Appeals,Position 9,,Over Votes,0
Lane,Precinct 713,Judge of the Court of Appeals,Position 9,,Over Votes,0
Lane,Precinct 715,Judge of the Court of Appeals,Position 9,,Over Votes,0
Lane,Precinct 717,Judge of the Court of Appeals,Position 9,,Over Votes,0
Lane,Precinct 719,Judge of the Court of Appeals,Position 9,,Over Votes,0
Lane,Precinct 721,Judge of the Court of Appeals,Position 9,,Over Votes,0
Lane,Precinct 723,Judge of the Court of Appeals,Position 9,,Over Votes,0
Lane,Precinct 725,Judge of the Court of Appeals,Position 9,,Over Votes,0
Lane,Precinct 727,Judge of the Court of Appeals,Position 9,,Over Votes,0
Lane,Precinct 729,Judge of the Court of Appeals,Position 9,,Over Votes,0
Lane,Precinct 731,Judge of the Court of Appeals,Position 9,,Over Votes,0
Lane,Precinct 733,Judge of the Court of Appeals,Position 9,,Over Votes,1
Lane,Precinct 737,Judge of the Court of Appeals,Position 9,,Over Votes,0
Lane,Precinct 739,Judge of the Court of Appeals,Position 9,,Over Votes,0
Lane,Precinct 741,Judge of the Court of Appeals,Position 9,,Over Votes,1
Lane,Precinct 743,Judge of the Court of Appeals,Position 9,,Over Votes,0
Lane,Precinct 747,Judge of the Court of Appeals,Position 9,,Over Votes,0
Lane,Precinct 751,Judge of the Court of Appeals,Position 9,,Over Votes,0
Lane,Precinct 753,Judge of the Court of Appeals,Position 9,,Over Votes,1
Lane,Precinct 755,Judge of the Court of Appeals,Position 9,,Over Votes,0
Lane,Precinct 757,Judge of the Court of Appeals,Position 9,,Over Votes,0
Lane,Precinct 759,Judge of the Court of Appeals,Position 9,,Over Votes,0
Lane,Precinct 765,Judge of the Court of Appeals,Position 9,,Over Votes,0
Lane,Precinct 1120,Judge of the Court of Appeals,Position 9,,Under Votes,521
Lane,Precinct 1122,Judge of the Court of Appeals,Position 9,,Under Votes,1182
Lane,Precinct 1124,Judge of the Court of Appeals,Position 9,,Under Votes,406
Lane,Precinct 1126,Judge of the Court of Appeals,Position 9,,Under Votes,1605
Lane,Precinct 1230,Judge of the Court of Appeals,Position 9,,Under Votes,1731
Lane,Precinct 1232,Judge of the Court of Appeals,Position 9,,Under Votes,1724
Lane,Precinct 1234,Judge of the Court of Appeals,Position 9,,Under Votes,1089
Lane,Precinct 1340,Judge of the Court of Appeals,Position 9,,Under Votes,1245
Lane,Precinct 1342,Judge of the Court of Appeals,Position 9,,Under Votes,398
Lane,Precinct 1450,Judge of the Court of Appeals,Position 9,,Under Votes,1641
Lane,Precinct 1452,Judge of the Court of Appeals,Position 9,,Under Votes,1313
Lane,Precinct 1454,Judge of the Court of Appeals,Position 9,,Under Votes,315
Lane,Precinct 1560,Judge of the Court of Appeals,Position 9,,Under Votes,619
Lane,Precinct 1562,Judge of the Court of Appeals,Position 9,,Under Votes,1765
Lane,Precinct 1564,Judge of the Court of Appeals,Position 9,,Under Votes,1798
Lane,Precinct 1670,Judge of the Court of Appeals,Position 9,,Under Votes,1699
Lane,Precinct 1672,Judge of the Court of Appeals,Position 9,,Under Votes,1246
Lane,Precinct 1780,Judge of the Court of Appeals,Position 9,,Under Votes,347
Lane,Precinct 1782,Judge of the Court of Appeals,Position 9,,Under Votes,506
Lane,Precinct 1784,Judge of the Court of Appeals,Position 9,,Under Votes,1117
Lane,Precinct 1786,Judge of the Court of Appeals,Position 9,,Under Votes,718
Lane,Precinct 1890,Judge of the Court of Appeals,Position 9,,Under Votes,718
Lane,Precinct 1892,Judge of the Court of Appeals,Position 9,,Under Votes,1346
Lane,Precinct 1894,Judge of the Court of Appeals,Position 9,,Under Votes,1172
Lane,Precinct 2122,Judge of the Court of Appeals,Position 9,,Under Votes,1081
Lane,Precinct 2238,Judge of the Court of Appeals,Position 9,,Under Votes,1378
Lane,Precinct 2340,Judge of the Court of Appeals,Position 9,,Under Votes,1493
Lane,Precinct 2456,Judge of the Court of Appeals,Position 9,,Under Votes,1139
Lane,Precinct 2562,Judge of the Court of Appeals,Position 9,,Under Votes,1352
Lane,Precinct 2676,Judge of the Court of Appeals,Position 9,,Under Votes,1900
Lane,Precinct 4200,Judge of the Court of Appeals,Position 9,,Under Votes,317
Lane,Precinct 4300,Judge of the Court of Appeals,Position 9,,Under Votes,1659
Lane,Precinct 4400,Judge of the Court of Appeals,Position 9,,Under Votes,872
Lane,Precinct 4500,Judge of the Court of Appeals,Position 9,,Under Votes,457
Lane,Precinct 4600,Judge of the Court of Appeals,Position 9,,Under Votes,2122
Lane,Precinct 4700,Judge of the Court of Appeals,Position 9,,Under Votes,1130
Lane,Precinct 4800,Judge of the Court of Appeals,Position 9,,Under Votes,406
Lane,Precinct 4900,Judge of the Court of Appeals,Position 9,,Under Votes,824
Lane,Precinct 701,Judge of the Court of Appeals,Position 9,,Under Votes,586
Lane,Precinct 703,Judge of the Court of Appeals,Position 9,,Under Votes,101
Lane,Precinct 705,Judge of the Court of Appeals,Position 9,,Under Votes,819
Lane,Precinct 707,Judge of the Court of Appeals,Position 9,,Under Votes,234
Lane,Precinct 709,Judge of the Court of Appeals,Position 9,,Under Votes,638
Lane,Precinct 711,Judge of the Court of Appeals,Position 9,,Under Votes,1588
Lane,Precinct 713,Judge of the Court of Appeals,Position 9,,Under Votes,460
Lane,Precinct 715,Judge of the Court of Appeals,Position 9,,Under Votes,641
Lane,Precinct 717,Judge of the Court of Appeals,Position 9,,Under Votes,1035
Lane,Precinct 719,Judge of the Court of Appeals,Position 9,,Under Votes,147
Lane,Precinct 721,Judge of the Court of Appeals,Position 9,,Under Votes,258
Lane,Precinct 723,Judge of the Court of Appeals,Position 9,,Under Votes,1092
Lane,Precinct 725,Judge of the Court of Appeals,Position 9,,Under Votes,801
Lane,Precinct 727,Judge of the Court of Appeals,Position 9,,Under Votes,596
Lane,Precinct 729,Judge of the Court of Appeals,Position 9,,Under Votes,173
Lane,Precinct 731,Judge of the Court of Appeals,Position 9,,Under Votes,1487
Lane,Precinct 733,Judge of the Court of Appeals,Position 9,,Under Votes,1950
Lane,Precinct 737,Judge of the Court of Appeals,Position 9,,Under Votes,1192
Lane,Precinct 739,Judge of the Court of Appeals,Position 9,,Under Votes,597
Lane,Precinct 741,Judge of the Court of Appeals,Position 9,,Under Votes,233
Lane,Precinct 743,Judge of the Court of Appeals,Position 9,,Under Votes,222
Lane,Precinct 747,Judge of the Court of Appeals,Position 9,,Under Votes,1929
Lane,Precinct 751,Judge of the Court of Appeals,Position 9,,Under Votes,1772
Lane,Precinct 753,Judge of the Court of Appeals,Position 9,,Under Votes,579
Lane,Precinct 755,Judge of the Court of Appeals,Position 9,,Under Votes,1124
Lane,Precinct 757,Judge of the Court of Appeals,Position 9,,Under Votes,999
Lane,Precinct 759,Judge of the Court of Appeals,Position 9,,Under Votes,894
Lane,Precinct 765,Judge of the Court of Appeals,Position 9,,Under Votes,819
Lane,Precinct 1120,Judge of the Court of Appeals,Position 9,,Write-ins,14
Lane,Precinct 1122,Judge of the Court of Appeals,Position 9,,Write-ins,13
Lane,Precinct 1124,Judge of the Court of Appeals,Position 9,,Write-ins,2
Lane,Precinct 1126,Judge of the Court of Appeals,Position 9,,Write-ins,16
Lane,Precinct 1230,Judge of the Court of Appeals,Position 9,,Write-ins,15
Lane,Precinct 1232,Judge of the Court of Appeals,Position 9,,Write-ins,17
Lane,Precinct 1234,Judge of the Court of Appeals,Position 9,,Write-ins,18
Lane,Precinct 1340,Judge of the Court of Appeals,Position 9,,Write-ins,11
Lane,Precinct 1342,Judge of the Court of Appeals,Position 9,,Write-ins,6
Lane,Precinct 1450,Judge of the Court of Appeals,Position 9,,Write-ins,19
Lane,Precinct 1452,Judge of the Court of Appeals,Position 9,,Write-ins,12
Lane,Precinct 1454,Judge of the Court of Appeals,Position 9,,Write-ins,6
Lane,Precinct 1560,Judge of the Court of Appeals,Position 9,,Write-ins,10
Lane,Precinct 1562,Judge of the Court of Appeals,Position 9,,Write-ins,17
Lane,Precinct 1564,Judge of the Court of Appeals,Position 9,,Write-ins,39
Lane,Precinct 1670,Judge of the Court of Appeals,Position 9,,Write-ins,54
Lane,Precinct 1672,Judge of the Court of Appeals,Position 9,,Write-ins,20
Lane,Precinct 1780,Judge of the Court of Appeals,Position 9,,Write-ins,22
Lane,Precinct 1782,Judge of the Court of Appeals,Position 9,,Write-ins,5
Lane,Precinct 1784,Judge of the Court of Appeals,Position 9,,Write-ins,23
Lane,Precinct 1786,Judge of the Court of Appeals,Position 9,,Write-ins,19
Lane,Precinct 1890,Judge of the Court of Appeals,Position 9,,Write-ins,20
Lane,Precinct 1892,Judge of the Court of Appeals,Position 9,,Write-ins,24
Lane,Precinct 1894,Judge of the Court of Appeals,Position 9,,Write-ins,7
Lane,Precinct 2122,Judge of the Court of Appeals,Position 9,,Write-ins,30
Lane,Precinct 2238,Judge of the Court of Appeals,Position 9,,Write-ins,23
Lane,Precinct 2340,Judge of the Court of Appeals,Position 9,,Write-ins,36
Lane,Precinct 2456,Judge of the Court of Appeals,Position 9,,Write-ins,30
Lane,Precinct 2562,Judge of the Court of Appeals,Position 9,,Write-ins,56
Lane,Precinct 2676,Judge of the Court of Appeals,Position 9,,Write-ins,59
Lane,Precinct 4200,Judge of the Court of Appeals,Position 9,,Write-ins,5
Lane,Precinct 4300,Judge of the Court of Appeals,Position 9,,Write-ins,69
Lane,Precinct 4400,Judge of the Court of Appeals,Position 9,,Write-ins,33
Lane,Precinct 4500,Judge of the Court of Appeals,Position 9,,Write-ins,7
Lane,Precinct 4600,Judge of the Court of Appeals,Position 9,,Write-ins,31
Lane,Precinct 4700,Judge of the Court of Appeals,Position 9,,Write-ins,44
Lane,Precinct 4800,Judge of the Court of Appeals,Position 9,,Write-ins,20
Lane,Precinct 4900,Judge of the Court of Appeals,Position 9,,Write-ins,27
Lane,Precinct 701,Judge of the Court of Appeals,Position 9,,Write-ins,10
Lane,Precinct 703,Judge of the Court of Appeals,Position 9,,Write-ins,4
Lane,Precinct 705,Judge of the Court of Appeals,Position 9,,Write-ins,17
Lane,Precinct 707,Judge of the Court of Appeals,Position 9,,Write-ins,11
Lane,Precinct 709,Judge of the Court of Appeals,Position 9,,Write-ins,14
Lane,Precinct 711,Judge of the Court of Appeals,Position 9,,Write-ins,49
Lane,Precinct 713,Judge of the Court of Appeals,Position 9,,Write-ins,3
Lane,Precinct 715,Judge of the Court of Appeals,Position 9,,Write-ins,25
Lane,Precinct 717,Judge of the Court of Appeals,Position 9,,Write-ins,57
Lane,Precinct 719,Judge of the Court of Appeals,Position 9,,Write-ins,3
Lane,Precinct 721,Judge of the Court of Appeals,Position 9,,Write-ins,8
Lane,Precinct 723,Judge of the Court of Appeals,Position 9,,Write-ins,26
Lane,Precinct 725,Judge of the Court of Appeals,Position 9,,Write-ins,16
Lane,Precinct 727,Judge of the Court of Appeals,Position 9,,Write-ins,15
Lane,Precinct 729,Judge of the Court of Appeals,Position 9,,Write-ins,5
Lane,Precinct 731,Judge of the Court of Appeals,Position 9,,Write-ins,32
Lane,Precinct 733,Judge of the Court of Appeals,Position 9,,Write-ins,27
Lane,Precinct 737,Judge of the Court of Appeals,Position 9,,Write-ins,30
Lane,Precinct 739,Judge of the Court of Appeals,Position 9,,Write-ins,19
Lane,Precinct 741,Judge of the Court of Appeals,Position 9,,Write-ins,2
Lane,Precinct 743,Judge of the Court of Appeals,Position 9,,Write-ins,3
Lane,Precinct 747,Judge of the Court of Appeals,Position 9,,Write-ins,75
Lane,Precinct 751,Judge of the Court of Appeals,Position 9,,Write-ins,38
Lane,Precinct 753,Judge of the Court of Appeals,Position 9,,Write-ins,22
Lane,Precinct 755,Judge of the Court of Appeals,Position 9,,Write-ins,27
Lane,Precinct 757,Judge of the Court of Appeals,Position 9,,Write-ins,26
Lane,Precinct 759,Judge of the Court of Appeals,Position 9,,Write-ins,33
Lane,Precinct 765,Judge of the Court of Appeals,Position 9,,Write-ins,32
Lane,Precinct 1120,Judge of the Supreme Court,Position 4,,Christopher L. Garrett,504
Lane,Precinct 1122,Judge of the Supreme Court,Position 4,,Christopher L. Garrett,1026
Lane,Precinct 1124,Judge of the Supreme Court,Position 4,,Christopher L. Garrett,385
Lane,Precinct 1126,Judge of the Supreme Court,Position 4,,Christopher L. Garrett,1460
Lane,Precinct 1230,Judge of the Supreme Court,Position 4,,Christopher L. Garrett,1672
Lane,Precinct 1232,Judge of the Supreme Court,Position 4,,Christopher L. Garrett,1886
Lane,Precinct 1234,Judge of the Supreme Court,Position 4,,Christopher L. Garrett,1049
Lane,Precinct 1340,Judge of the Supreme Court,Position 4,,Christopher L. Garrett,1276
Lane,Precinct 1342,Judge of the Supreme Court,Position 4,,Christopher L. Garrett,374
Lane,Precinct 1450,Judge of the Supreme Court,Position 4,,Christopher L. Garrett,1697
Lane,Precinct 1452,Judge of the Supreme Court,Position 4,,Christopher L. Garrett,1216
Lane,Precinct 1454,Judge of the Supreme Court,Position 4,,Christopher L. Garrett,451
Lane,Precinct 1560,Judge of the Supreme Court,Position 4,,Christopher L. Garrett,545
Lane,Precinct 1562,Judge of the Supreme Court,Position 4,,Christopher L. Garrett,1736
Lane,Precinct 1564,Judge of the Supreme Court,Position 4,,Christopher L. Garrett,2036
Lane,Precinct 1670,Judge of the Supreme Court,Position 4,,Christopher L. Garrett,1781
Lane,Precinct 1672,Judge of the Supreme Court,Position 4,,Christopher L. Garrett,1264
Lane,Precinct 1780,Judge of the Supreme Court,Position 4,,Christopher L. Garrett,358
Lane,Precinct 1782,Judge of the Supreme Court,Position 4,,Christopher L. Garrett,491
Lane,Precinct 1784,Judge of the Supreme Court,Position 4,,Christopher L. Garrett,1060
Lane,Precinct 1786,Judge of the Supreme Court,Position 4,,Christopher L. Garrett,720
Lane,Precinct 1890,Judge of the Supreme Court,Position 4,,Christopher L. Garrett,713
Lane,Precinct 1892,Judge of the Supreme Court,Position 4,,Christopher L. Garrett,1411
Lane,Precinct 1894,Judge of the Supreme Court,Position 4,,Christopher L. Garrett,1215
Lane,Precinct 2122,Judge of the Supreme Court,Position 4,,Christopher L. Garrett,1184
Lane,Precinct 2238,Judge of the Supreme Court,Position 4,,Christopher L. Garrett,1350
Lane,Precinct 2340,Judge of the Supreme Court,Position 4,,Christopher L. Garrett,1429
Lane,Precinct 2456,Judge of the Supreme Court,Position 4,,Christopher L. Garrett,1214
Lane,Precinct 2562,Judge of the Supreme Court,Position 4,,Christopher L. Garrett,1584
Lane,Precinct 2676,Judge of the Supreme Court,Position 4,,Christopher L. Garrett,1632
Lane,Precinct 4200,Judge of the Supreme Court,Position 4,,Christopher L. Garrett,292
Lane,Precinct 4300,Judge of the Supreme Court,Position 4,,Christopher L. Garrett,1467
Lane,Precinct 4400,Judge of the Supreme Court,Position 4,,Christopher L. Garrett,899
Lane,Precinct 4500,Judge of the Supreme Court,Position 4,,Christopher L. Garrett,404
Lane,Precinct 4600,Judge of the Supreme Court,Position 4,,Christopher L. Garrett,2347
Lane,Precinct 4700,Judge of the Supreme Court,Position 4,,Christopher L. Garrett,1112
Lane,Precinct 4800,Judge of the Supreme Court,Position 4,,Christopher L. Garrett,464
Lane,Precinct 4900,Judge of the Supreme Court,Position 4,,Christopher L. Garrett,780
Lane,Precinct 701,Judge of the Supreme Court,Position 4,,Christopher L. Garrett,582
Lane,Precinct 703,Judge of the Supreme Court,Position 4,,Christopher L. Garrett,83
Lane,Precinct 705,Judge of the Supreme Court,Position 4,,Christopher L. Garrett,791
Lane,Precinct 707,Judge of the Supreme Court,Position 4,,Christopher L. Garrett,210
Lane,Precinct 709,Judge of the Supreme Court,Position 4,,Christopher L. Garrett,448
Lane,Precinct 711,Judge of the Supreme Court,Position 4,,Christopher L. Garrett,981
Lane,Precinct 713,Judge of the Supreme Court,Position 4,,Christopher L. Garrett,322
Lane,Precinct 715,Judge of the Supreme Court,Position 4,,Christopher L. Garrett,487
Lane,Precinct 717,Judge of the Supreme Court,Position 4,,Christopher L. Garrett,781
Lane,Precinct 719,Judge of the Supreme Court,Position 4,,Christopher L. Garrett,115
Lane,Precinct 721,Judge of the Supreme Court,Position 4,,Christopher L. Garrett,203
Lane,Precinct 723,Judge of the Supreme Court,Position 4,,Christopher L. Garrett,731
Lane,Precinct 725,Judge of the Supreme Court,Position 4,,Christopher L. Garrett,415
Lane,Precinct 727,Judge of the Supreme Court,Position 4,,Christopher L. Garrett,408
Lane,Precinct 729,Judge of the Supreme Court,Position 4,,Christopher L. Garrett,130
Lane,Precinct 731,Judge of the Supreme Court,Position 4,,Christopher L. Garrett,1348
Lane,Precinct 733,Judge of the Supreme Court,Position 4,,Christopher L. Garrett,1671
Lane,Precinct 737,Judge of the Supreme Court,Position 4,,Christopher L. Garrett,1049
Lane,Precinct 739,Judge of the Supreme Court,Position 4,,Christopher L. Garrett,478
Lane,Precinct 741,Judge of the Supreme Court,Position 4,,Christopher L. Garrett,248
Lane,Precinct 743,Judge of the Supreme Court,Position 4,,Christopher L. Garrett,191
Lane,Precinct 747,Judge of the Supreme Court,Position 4,,Christopher L. Garrett,1391
Lane,Precinct 751,Judge of the Supreme Court,Position 4,,Christopher L. Garrett,1215
Lane,Precinct 753,Judge of the Supreme Court,Position 4,,Christopher L. Garrett,352
Lane,Precinct 755,Judge of the Supreme Court,Position 4,,Christopher L. Garrett,820
Lane,Precinct 757,Judge of the Supreme Court,Position 4,,Christopher L. Garrett,668
Lane,Precinct 759,Judge of the Supreme Court,Position 4,,Christopher L. Garrett,812
Lane,Precinct 765,Judge of the Supreme Court,Position 4,,Christopher L. Garrett,682
Lane,Precinct 1120,Judge of the Supreme Court,Position 4,,Over Votes,0
Lane,Precinct 1122,Judge of the Supreme Court,Position 4,,Over Votes,0
Lane,Precinct 1124,Judge of the Supreme Court,Position 4,,Over Votes,0
Lane,Precinct 1126,Judge of the Supreme Court,Position 4,,Over Votes,0
Lane,Precinct 1230,Judge of the Supreme Court,Position 4,,Over Votes,0
Lane,Precinct 1232,Judge of the Supreme Court,Position 4,,Over Votes,0
Lane,Precinct 1234,Judge of the Supreme Court,Position 4,,Over Votes,0
Lane,Precinct 1340,Judge of the Supreme Court,Position 4,,Over Votes,0
Lane,Precinct 1342,Judge of the Supreme Court,Position 4,,Over Votes,0
Lane,Precinct 1450,Judge of the Supreme Court,Position 4,,Over Votes,0
Lane,Precinct 1452,Judge of the Supreme Court,Position 4,,Over Votes,0
Lane,Precinct 1454,Judge of the Supreme Court,Position 4,,Over Votes,0
Lane,Precinct 1560,Judge of the Supreme Court,Position 4,,Over Votes,0
Lane,Precinct 1562,Judge of the Supreme Court,Position 4,,Over Votes,0
Lane,Precinct 1564,Judge of the Supreme Court,Position 4,,Over Votes,0
Lane,Precinct 1670,Judge of the Supreme Court,Position 4,,Over Votes,0
Lane,Precinct 1672,Judge of the Supreme Court,Position 4,,Over Votes,0
Lane,Precinct 1780,Judge of the Supreme Court,Position 4,,Over Votes,0
Lane,Precinct 1782,Judge of the Supreme Court,Position 4,,Over Votes,0
Lane,Precinct 1784,Judge of the Supreme Court,Position 4,,Over Votes,0
Lane,Precinct 1786,Judge of the Supreme Court,Position 4,,Over Votes,0
Lane,Precinct 1890,Judge of the Supreme Court,Position 4,,Over Votes,0
Lane,Precinct 1892,Judge of the Supreme Court,Position 4,,Over Votes,0
Lane,Precinct 1894,Judge of the Supreme Court,Position 4,,Over Votes,0
Lane,Precinct 2122,Judge of the Supreme Court,Position 4,,Over Votes,0
Lane,Precinct 2238,Judge of the Supreme Court,Position 4,,Over Votes,0
Lane,Precinct 2340,Judge of the Supreme Court,Position 4,,Over Votes,0
Lane,Precinct 2456,Judge of the Supreme Court,Position 4,,Over Votes,0
Lane,Precinct 2562,Judge of the Supreme Court,Position 4,,Over Votes,0
Lane,Precinct 2676,Judge of the Supreme Court,Position 4,,Over Votes,0
Lane,Precinct 4200,Judge of the Supreme Court,Position 4,,Over Votes,0
Lane,Precinct 4300,Judge of the Supreme Court,Position 4,,Over Votes,0
Lane,Precinct 4400,Judge of the Supreme Court,Position 4,,Over Votes,0
Lane,Precinct 4500,Judge of the Supreme Court,Position 4,,Over Votes,0
Lane,Precinct 4600,Judge of the Supreme Court,Position 4,,Over Votes,0
Lane,Precinct 4700,Judge of the Supreme Court,Position 4,,Over Votes,0
Lane,Precinct 4800,Judge of the Supreme Court,Position 4,,Over Votes,0
Lane,Precinct 4900,Judge of the Supreme Court,Position 4,,Over Votes,0
Lane,Precinct 701,Judge of the Supreme Court,Position 4,,Over Votes,0
Lane,Precinct 703,Judge of the Supreme Court,Position 4,,Over Votes,0
Lane,Precinct 705,Judge of the Supreme Court,Position 4,,Over Votes,0
Lane,Precinct 707,Judge of the Supreme Court,Position 4,,Over Votes,0
Lane,Precinct 709,Judge of the Supreme Court,Position 4,,Over Votes,0
Lane,Precinct 711,Judge of the Supreme Court,Position 4,,Over Votes,0
Lane,Precinct 713,Judge of the Supreme Court,Position 4,,Over Votes,0
Lane,Precinct 715,Judge of the Supreme Court,Position 4,,Over Votes,0
Lane,Precinct 717,Judge of the Supreme Court,Position 4,,Over Votes,0
Lane,Precinct 719,Judge of the Supreme Court,Position 4,,Over Votes,0
Lane,Precinct 721,Judge of the Supreme Court,Position 4,,Over Votes,0
Lane,Precinct 723,Judge of the Supreme Court,Position 4,,Over Votes,0
Lane,Precinct 725,Judge of the Supreme Court,Position 4,,Over Votes,0
Lane,Precinct 727,Judge of the Supreme Court,Position 4,,Over Votes,0
Lane,Precinct 729,Judge of the Supreme Court,Position 4,,Over Votes,0
Lane,Precinct 731,Judge of the Supreme Court,Position 4,,Over Votes,0
Lane,Precinct 733,Judge of the Supreme Court,Position 4,,Over Votes,1
Lane,Precinct 737,Judge of the Supreme Court,Position 4,,Over Votes,0
Lane,Precinct 739,Judge of the Supreme Court,Position 4,,Over Votes,0
Lane,Precinct 741,Judge of the Supreme Court,Position 4,,Over Votes,2
Lane,Precinct 743,Judge of the Supreme Court,Position 4,,Over Votes,0
Lane,Precinct 747,Judge of the Supreme Court,Position 4,,Over Votes,0
Lane,Precinct 751,Judge of the Supreme Court,Position 4,,Over Votes,0
Lane,Precinct 753,Judge of the Supreme Court,Position 4,,Over Votes,0
Lane,Precinct 755,Judge of the Supreme Court,Position 4,,Over Votes,0
Lane,Precinct 757,Judge of the Supreme Court,Position 4,,Over Votes,0
Lane,Precinct 759,Judge of the Supreme Court,Position 4,,Over Votes,0
Lane,Precinct 765,Judge of the Supreme Court,Position 4,,Over Votes,0
Lane,Precinct 1120,Judge of the Supreme Court,Position 4,,Under Votes,517
Lane,Precinct 1122,Judge of the Supreme Court,Position 4,,Under Votes,1182
Lane,Precinct 1124,Judge of the Supreme Court,Position 4,,Under Votes,396
Lane,Precinct 1126,Judge of the Supreme Court,Position 4,,Under Votes,1586
Lane,Precinct 1230,Judge of the Supreme Court,Position 4,,Under Votes,1728
Lane,Precinct 1232,Judge of the Supreme Court,Position 4,,Under Votes,1696
Lane,Precinct 1234,Judge of the Supreme Court,Position 4,,Under Votes,1082
Lane,Precinct 1340,Judge of the Supreme Court,Position 4,,Under Votes,1235
Lane,Precinct 1342,Judge of the Supreme Court,Position 4,,Under Votes,395
Lane,Precinct 1450,Judge of the Supreme Court,Position 4,,Under Votes,1616
Lane,Precinct 1452,Judge of the Supreme Court,Position 4,,Under Votes,1304
Lane,Precinct 1454,Judge of the Supreme Court,Position 4,,Under Votes,312
Lane,Precinct 1560,Judge of the Supreme Court,Position 4,,Under Votes,603
Lane,Precinct 1562,Judge of the Supreme Court,Position 4,,Under Votes,1737
Lane,Precinct 1564,Judge of the Supreme Court,Position 4,,Under Votes,1786
Lane,Precinct 1670,Judge of the Supreme Court,Position 4,,Under Votes,1666
Lane,Precinct 1672,Judge of the Supreme Court,Position 4,,Under Votes,1221
Lane,Precinct 1780,Judge of the Supreme Court,Position 4,,Under Votes,355
Lane,Precinct 1782,Judge of the Supreme Court,Position 4,,Under Votes,519
Lane,Precinct 1784,Judge of the Supreme Court,Position 4,,Under Votes,1116
Lane,Precinct 1786,Judge of the Supreme Court,Position 4,,Under Votes,706
Lane,Precinct 1890,Judge of the Supreme Court,Position 4,,Under Votes,708
Lane,Precinct 1892,Judge of the Supreme Court,Position 4,,Under Votes,1334
Lane,Precinct 1894,Judge of the Supreme Court,Position 4,,Under Votes,1154
Lane,Precinct 2122,Judge of the Supreme Court,Position 4,,Under Votes,1071
Lane,Precinct 2238,Judge of the Supreme Court,Position 4,,Under Votes,1372
Lane,Precinct 2340,Judge of the Supreme Court,Position 4,,Under Votes,1464
Lane,Precinct 2456,Judge of the Supreme Court,Position 4,,Under Votes,1114
Lane,Precinct 2562,Judge of the Supreme Court,Position 4,,Under Votes,1317
Lane,Precinct 2676,Judge of the Supreme Court,Position 4,,Under Votes,1868
Lane,Precinct 4200,Judge of the Supreme Court,Position 4,,Under Votes,313
Lane,Precinct 4300,Judge of the Supreme Court,Position 4,,Under Votes,1611
Lane,Precinct 4400,Judge of the Supreme Court,Position 4,,Under Votes,854
Lane,Precinct 4500,Judge of the Supreme Court,Position 4,,Under Votes,439
Lane,Precinct 4600,Judge of the Supreme Court,Position 4,,Under Votes,2071
Lane,Precinct 4700,Judge of the Supreme Court,Position 4,,Under Votes,1092
Lane,Precinct 4800,Judge of the Supreme Court,Position 4,,Under Votes,388
Lane,Precinct 4900,Judge of the Supreme Court,Position 4,,Under Votes,818
Lane,Precinct 701,Judge of the Supreme Court,Position 4,,Under Votes,576
Lane,Precinct 703,Judge of the Supreme Court,Position 4,,Under Votes,104
Lane,Precinct 705,Judge of the Supreme Court,Position 4,,Under Votes,807
Lane,Precinct 707,Judge of the Supreme Court,Position 4,,Under Votes,224
Lane,Precinct 709,Judge of the Supreme Court,Position 4,,Under Votes,621
Lane,Precinct 711,Judge of the Supreme Court,Position 4,,Under Votes,1553
Lane,Precinct 713,Judge of the Supreme Court,Position 4,,Under Votes,453
Lane,Precinct 715,Judge of the Supreme Court,Position 4,,Under Votes,633
Lane,Precinct 717,Judge of the Supreme Court,Position 4,,Under Votes,1010
Lane,Precinct 719,Judge of the Supreme Court,Position 4,,Under Votes,146
Lane,Precinct 721,Judge of the Supreme Court,Position 4,,Under Votes,254
Lane,Precinct 723,Judge of the Supreme Court,Position 4,,Under Votes,1079
Lane,Precinct 725,Judge of the Supreme Court,Position 4,,Under Votes,793
Lane,Precinct 727,Judge of the Supreme Court,Position 4,,Under Votes,587
Lane,Precinct 729,Judge of the Supreme Court,Position 4,,Under Votes,168
Lane,Precinct 731,Judge of the Supreme Court,Position 4,,Under Votes,1465
Lane,Precinct 733,Judge of the Supreme Court,Position 4,,Under Votes,1932
Lane,Precinct 737,Judge of the Supreme Court,Position 4,,Under Votes,1162
Lane,Precinct 739,Judge of the Supreme Court,Position 4,,Under Votes,584
Lane,Precinct 741,Judge of the Supreme Court,Position 4,,Under Votes,231
Lane,Precinct 743,Judge of the Supreme Court,Position 4,,Under Votes,218
Lane,Precinct 747,Judge of the Supreme Court,Position 4,,Under Votes,1885
Lane,Precinct 751,Judge of the Supreme Court,Position 4,,Under Votes,1723
Lane,Precinct 753,Judge of the Supreme Court,Position 4,,Under Votes,567
Lane,Precinct 755,Judge of the Supreme Court,Position 4,,Under Votes,1099
Lane,Precinct 757,Judge of the Supreme Court,Position 4,,Under Votes,986
Lane,Precinct 759,Judge of the Supreme Court,Position 4,,Under Votes,872
Lane,Precinct 765,Judge of the Supreme Court,Position 4,,Under Votes,814
Lane,Precinct 1120,Judge of the Supreme Court,Position 4,,Write-ins,13
Lane,Precinct 1122,Judge of the Supreme Court,Position 4,,Write-ins,16
Lane,Precinct 1124,Judge of the Supreme Court,Position 4,,Write-ins,2
Lane,Precinct 1126,Judge of the Supreme Court,Position 4,,Write-ins,18
Lane,Precinct 1230,Judge of the Supreme Court,Position 4,,Write-ins,22
Lane,Precinct 1232,Judge of the Supreme Court,Position 4,,Write-ins,18
Lane,Precinct 1234,Judge of the Supreme Court,Position 4,,Write-ins,20
Lane,Precinct 1340,Judge of the Supreme Court,Position 4,,Write-ins,11
Lane,Precinct 1342,Judge of the Supreme Court,Position 4,,Write-ins,7
Lane,Precinct 1450,Judge of the Supreme Court,Position 4,,Write-ins,25
Lane,Precinct 1452,Judge of the Supreme Court,Position 4,,Write-ins,21
Lane,Precinct 1454,Judge of the Supreme Court,Position 4,,Write-ins,5
Lane,Precinct 1560,Judge of the Supreme Court,Position 4,,Write-ins,13
Lane,Precinct 1562,Judge of the Supreme Court,Position 4,,Write-ins,21
Lane,Precinct 1564,Judge of the Supreme Court,Position 4,,Write-ins,30
Lane,Precinct 1670,Judge of the Supreme Court,Position 4,,Write-ins,62
Lane,Precinct 1672,Judge of the Supreme Court,Position 4,,Write-ins,26
Lane,Precinct 1780,Judge of the Supreme Court,Position 4,,Write-ins,22
Lane,Precinct 1782,Judge of the Supreme Court,Position 4,,Write-ins,6
Lane,Precinct 1784,Judge of the Supreme Court,Position 4,,Write-ins,23
Lane,Precinct 1786,Judge of the Supreme Court,Position 4,,Write-ins,23
Lane,Precinct 1890,Judge of the Supreme Court,Position 4,,Write-ins,22
Lane,Precinct 1892,Judge of the Supreme Court,Position 4,,Write-ins,22
Lane,Precinct 1894,Judge of the Supreme Court,Position 4,,Write-ins,9
Lane,Precinct 2122,Judge of the Supreme Court,Position 4,,Write-ins,29
Lane,Precinct 2238,Judge of the Supreme Court,Position 4,,Write-ins,27
Lane,Precinct 2340,Judge of the Supreme Court,Position 4,,Write-ins,41
Lane,Precinct 2456,Judge of the Supreme Court,Position 4,,Write-ins,34
Lane,Precinct 2562,Judge of the Supreme Court,Position 4,,Write-ins,63
Lane,Precinct 2676,Judge of the Supreme Court,Position 4,,Write-ins,60
Lane,Precinct 4200,Judge of the Supreme Court,Position 4,,Write-ins,4
Lane,Precinct 4300,Judge of the Supreme Court,Position 4,,Write-ins,74
Lane,Precinct 4400,Judge of the Supreme Court,Position 4,,Write-ins,42
Lane,Precinct 4500,Judge of the Supreme Court,Position 4,,Write-ins,12
Lane,Precinct 4600,Judge of the Supreme Court,Position 4,,Write-ins,41
Lane,Precinct 4700,Judge of the Supreme Court,Position 4,,Write-ins,54
Lane,Precinct 4800,Judge of the Supreme Court,Position 4,,Write-ins,25
Lane,Precinct 4900,Judge of the Supreme Court,Position 4,,Write-ins,34
Lane,Precinct 701,Judge of the Supreme Court,Position 4,,Write-ins,9
Lane,Precinct 703,Judge of the Supreme Court,Position 4,,Write-ins,3
Lane,Precinct 705,Judge of the Supreme Court,Position 4,,Write-ins,19
Lane,Precinct 707,Judge of the Supreme Court,Position 4,,Write-ins,15
Lane,Precinct 709,Judge of the Supreme Court,Position 4,,Write-ins,20
Lane,Precinct 711,Judge of the Supreme Court,Position 4,,Write-ins,50
Lane,Precinct 713,Judge of the Supreme Court,Position 4,,Write-ins,3
Lane,Precinct 715,Judge of the Supreme Court,Position 4,,Write-ins,24
Lane,Precinct 717,Judge of the Supreme Court,Position 4,,Write-ins,60
Lane,Precinct 719,Judge of the Supreme Court,Position 4,,Write-ins,2
Lane,Precinct 721,Judge of the Supreme Court,Position 4,,Write-ins,9
Lane,Precinct 723,Judge of the Supreme Court,Position 4,,Write-ins,25
Lane,Precinct 725,Judge of the Supreme Court,Position 4,,Write-ins,22
Lane,Precinct 727,Judge of the Supreme Court,Position 4,,Write-ins,25
Lane,Precinct 729,Judge of the Supreme Court,Position 4,,Write-ins,4
Lane,Precinct 731,Judge of the Supreme Court,Position 4,,Write-ins,41
Lane,Precinct 733,Judge of the Supreme Court,Position 4,,Write-ins,37
Lane,Precinct 737,Judge of the Supreme Court,Position 4,,Write-ins,31
Lane,Precinct 739,Judge of the Supreme Court,Position 4,,Write-ins,25
Lane,Precinct 741,Judge of the Supreme Court,Position 4,,Write-ins,4
Lane,Precinct 743,Judge of the Supreme Court,Position 4,,Write-ins,3
Lane,Precinct 747,Judge of the Supreme Court,Position 4,,Write-ins,83
Lane,Precinct 751,Judge of the Supreme Court,Position 4,,Write-ins,43
Lane,Precinct 753,Judge of the Supreme Court,Position 4,,Write-ins,20
Lane,Precinct 755,Judge of the Supreme Court,Position 4,,Write-ins,32
Lane,Precinct 757,Judge of the Supreme Court,Position 4,,Write-ins,26
Lane,Precinct 759,Judge of the Supreme Court,Position 4,,Write-ins,31
Lane,Precinct 765,Judge of the Supreme Court,Position 4,,Write-ins,32
Lane,Precinct 1120,Labor Commissioner,,,Chris Lynch,149
Lane,Precinct 1122,Labor Commissioner,,,Chris Lynch,269
Lane,Precinct 1124,Labor Commissioner,,,Chris Lynch,116
Lane,Precinct 1126,Labor Commissioner,,,Chris Lynch,285
Lane,Precinct 1230,Labor Commissioner,,,Chris Lynch,385
Lane,Precinct 1232,Labor Commissioner,,,Chris Lynch,428
Lane,Precinct 1234,Labor Commissioner,,,Chris Lynch,240
Lane,Precinct 1340,Labor Commissioner,,,Chris Lynch,290
Lane,Precinct 1342,Labor Commissioner,,,Chris Lynch,110
Lane,Precinct 1450,Labor Commissioner,,,Chris Lynch,676
Lane,Precinct 1452,Labor Commissioner,,,Chris Lynch,454
Lane,Precinct 1454,Labor Commissioner,,,Chris Lynch,133
Lane,Precinct 1560,Labor Commissioner,,,Chris Lynch,289
Lane,Precinct 1562,Labor Commissioner,,,Chris Lynch,721
Lane,Precinct 1564,Labor Commissioner,,,Chris Lynch,698
Lane,Precinct 1670,Labor Commissioner,,,Chris Lynch,931
Lane,Precinct 1672,Labor Commissioner,,,Chris Lynch,655
Lane,Precinct 1780,Labor Commissioner,,,Chris Lynch,173
Lane,Precinct 1782,Labor Commissioner,,,Chris Lynch,142
Lane,Precinct 1784,Labor Commissioner,,,Chris Lynch,455
Lane,Precinct 1786,Labor Commissioner,,,Chris Lynch,356
Lane,Precinct 1890,Labor Commissioner,,,Chris Lynch,380
Lane,Precinct 1892,Labor Commissioner,,,Chris Lynch,456
Lane,Precinct 1894,Labor Commissioner,,,Chris Lynch,405
Lane,Precinct 2122,Labor Commissioner,,,Chris Lynch,658
Lane,Precinct 2238,Labor Commissioner,,,Chris Lynch,534
Lane,Precinct 2340,Labor Commissioner,,,Chris Lynch,751
Lane,Precinct 2456,Labor Commissioner,,,Chris Lynch,693
Lane,Precinct 2562,Labor Commissioner,,,Chris Lynch,915
Lane,Precinct 2676,Labor Commissioner,,,Chris Lynch,1029
Lane,Precinct 4200,Labor Commissioner,,,Chris Lynch,161
Lane,Precinct 4300,Labor Commissioner,,,Chris Lynch,947
Lane,Precinct 4400,Labor Commissioner,,,Chris Lynch,599
Lane,Precinct 4500,Labor Commissioner,,,Chris Lynch,235
Lane,Precinct 4600,Labor Commissioner,,,Chris Lynch,1188
Lane,Precinct 4700,Labor Commissioner,,,Chris Lynch,833
Lane,Precinct 4800,Labor Commissioner,,,Chris Lynch,293
Lane,Precinct 4900,Labor Commissioner,,,Chris Lynch,460
Lane,Precinct 701,Labor Commissioner,,,Chris Lynch,330
Lane,Precinct 703,Labor Commissioner,,,Chris Lynch,49
Lane,Precinct 705,Labor Commissioner,,,Chris Lynch,453
Lane,Precinct 707,Labor Commissioner,,,Chris Lynch,164
Lane,Precinct 709,Labor Commissioner,,,Chris Lynch,351
Lane,Precinct 711,Labor Commissioner,,,Chris Lynch,730
Lane,Precinct 713,Labor Commissioner,,,Chris Lynch,297
Lane,Precinct 715,Labor Commissioner,,,Chris Lynch,417
Lane,Precinct 717,Labor Commissioner,,,Chris Lynch,643
Lane,Precinct 719,Labor Commissioner,,,Chris Lynch,78
Lane,Precinct 721,Labor Commissioner,,,Chris Lynch,128
Lane,Precinct 723,Labor Commissioner,,,Chris Lynch,317
Lane,Precinct 725,Labor Commissioner,,,Chris Lynch,395
Lane,Precinct 727,Labor Commissioner,,,Chris Lynch,337
Lane,Precinct 729,Labor Commissioner,,,Chris Lynch,66
Lane,Precinct 731,Labor Commissioner,,,Chris Lynch,735
Lane,Precinct 733,Labor Commissioner,,,Chris Lynch,729
Lane,Precinct 737,Labor Commissioner,,,Chris Lynch,654
Lane,Precinct 739,Labor Commissioner,,,Chris Lynch,293
Lane,Precinct 741,Labor Commissioner,,,Chris Lynch,118
Lane,Precinct 743,Labor Commissioner,,,Chris Lynch,127
Lane,Precinct 747,Labor Commissioner,,,Chris Lynch,1111
Lane,Precinct 751,Labor Commissioner,,,Chris Lynch,993
Lane,Precinct 753,Labor Commissioner,,,Chris Lynch,341
Lane,Precinct 755,Labor Commissioner,,,Chris Lynch,633
Lane,Precinct 757,Labor Commissioner,,,Chris Lynch,585
Lane,Precinct 759,Labor Commissioner,,,Chris Lynch,560
Lane,Precinct 765,Labor Commissioner,,,Chris Lynch,524
Lane,Precinct 1120,Labor Commissioner,,,Christina E. Stephenson,652
Lane,Precinct 1122,Labor Commissioner,,,Christina E. Stephenson,1460
Lane,Precinct 1124,Labor Commissioner,,,Christina E. Stephenson,522
Lane,Precinct 1126,Labor Commissioner,,,Christina E. Stephenson,2101
Lane,Precinct 1230,Labor Commissioner,,,Christina E. Stephenson,2300
Lane,Precinct 1232,Labor Commissioner,,,Christina E. Stephenson,2363
Lane,Precinct 1234,Labor Commissioner,,,Christina E. Stephenson,1403
Lane,Precinct 1340,Labor Commissioner,,,Christina E. Stephenson,1656
Lane,Precinct 1342,Labor Commissioner,,,Christina E. Stephenson,474
Lane,Precinct 1450,Labor Commissioner,,,Christina E. Stephenson,1754
Lane,Precinct 1452,Labor Commissioner,,,Christina E. Stephenson,1369
Lane,Precinct 1454,Labor Commissioner,,,Christina E. Stephenson,470
Lane,Precinct 1560,Labor Commissioner,,,Christina E. Stephenson,533
Lane,Precinct 1562,Labor Commissioner,,,Christina E. Stephenson,1798
Lane,Precinct 1564,Labor Commissioner,,,Christina E. Stephenson,2150
Lane,Precinct 1670,Labor Commissioner,,,Christina E. Stephenson,1621
Lane,Precinct 1672,Labor Commissioner,,,Christina E. Stephenson,1198
Lane,Precinct 1780,Labor Commissioner,,,Christina E. Stephenson,401
Lane,Precinct 1782,Labor Commissioner,,,Christina E. Stephenson,660
Lane,Precinct 1784,Labor Commissioner,,,Christina E. Stephenson,1205
Lane,Precinct 1786,Labor Commissioner,,,Christina E. Stephenson,714
Lane,Precinct 1890,Labor Commissioner,,,Christina E. Stephenson,666
Lane,Precinct 1892,Labor Commissioner,,,Christina E. Stephenson,1681
Lane,Precinct 1894,Labor Commissioner,,,Christina E. Stephenson,1436
Lane,Precinct 2122,Labor Commissioner,,,Christina E. Stephenson,1049
Lane,Precinct 2238,Labor Commissioner,,,Christina E. Stephenson,1548
Lane,Precinct 2340,Labor Commissioner,,,Christina E. Stephenson,1443
Lane,Precinct 2456,Labor Commissioner,,,Christina E. Stephenson,1104
Lane,Precinct 2562,Labor Commissioner,,,Christina E. Stephenson,1321
Lane,Precinct 2676,Labor Commissioner,,,Christina E. Stephenson,1476
Lane,Precinct 4200,Labor Commissioner,,,Christina E. Stephenson,289
Lane,Precinct 4300,Labor Commissioner,,,Christina E. Stephenson,1345
Lane,Precinct 4400,Labor Commissioner,,,Christina E. Stephenson,712
Lane,Precinct 4500,Labor Commissioner,,,Christina E. Stephenson,371
Lane,Precinct 4600,Labor Commissioner,,,Christina E. Stephenson,2151
Lane,Precinct 4700,Labor Commissioner,,,Christina E. Stephenson,846
Lane,Precinct 4800,Labor Commissioner,,,Christina E. Stephenson,361
Lane,Precinct 4900,Labor Commissioner,,,Christina E. Stephenson,706
Lane,Precinct 701,Labor Commissioner,,,Christina E. Stephenson,530
Lane,Precinct 703,Labor Commissioner,,,Christina E. Stephenson,81
Lane,Precinct 705,Labor Commissioner,,,Christina E. Stephenson,723
Lane,Precinct 707,Labor Commissioner,,,Christina E. Stephenson,167
Lane,Precinct 709,Labor Commissioner,,,Christina E. Stephenson,400
Lane,Precinct 711,Labor Commissioner,,,Christina E. Stephenson,1028
Lane,Precinct 713,Labor Commissioner,,,Christina E. Stephenson,238
Lane,Precinct 715,Labor Commissioner,,,Christina E. Stephenson,383
Lane,Precinct 717,Labor Commissioner,,,Christina E. Stephenson,654
Lane,Precinct 719,Labor Commissioner,,,Christina E. Stephenson,113
Lane,Precinct 721,Labor Commissioner,,,Christina E. Stephenson,189
Lane,Precinct 723,Labor Commissioner,,,Christina E. Stephenson,946
Lane,Precinct 725,Labor Commissioner,,,Christina E. Stephenson,416
Lane,Precinct 727,Labor Commissioner,,,Christina E. Stephenson,365
Lane,Precinct 729,Labor Commissioner,,,Christina E. Stephenson,146
Lane,Precinct 731,Labor Commissioner,,,Christina E. Stephenson,1405
Lane,Precinct 733,Labor Commissioner,,,Christina E. Stephenson,1954
Lane,Precinct 737,Labor Commissioner,,,Christina E. Stephenson,978
Lane,Precinct 739,Labor Commissioner,,,Christina E. Stephenson,488
Lane,Precinct 741,Labor Commissioner,,,Christina E. Stephenson,257
Lane,Precinct 743,Labor Commissioner,,,Christina E. Stephenson,190
Lane,Precinct 747,Labor Commissioner,,,Christina E. Stephenson,1225
Lane,Precinct 751,Labor Commissioner,,,Christina E. Stephenson,1097
Lane,Precinct 753,Labor Commissioner,,,Christina E. Stephenson,327
Lane,Precinct 755,Labor Commissioner,,,Christina E. Stephenson,741
Lane,Precinct 757,Labor Commissioner,,,Christina E. Stephenson,635
Lane,Precinct 759,Labor Commissioner,,,Christina E. Stephenson,695
Lane,Precinct 765,Labor Commissioner,,,Christina E. Stephenson,592
Lane,Precinct 1120,Labor Commissioner,,,Over Votes,0
Lane,Precinct 1122,Labor Commissioner,,,Over Votes,0
Lane,Precinct 1124,Labor Commissioner,,,Over Votes,0
Lane,Precinct 1126,Labor Commissioner,,,Over Votes,1
Lane,Precinct 1230,Labor Commissioner,,,Over Votes,0
Lane,Precinct 1232,Labor Commissioner,,,Over Votes,0
Lane,Precinct 1234,Labor Commissioner,,,Over Votes,0
Lane,Precinct 1340,Labor Commissioner,,,Over Votes,0
Lane,Precinct 1342,Labor Commissioner,,,Over Votes,0
Lane,Precinct 1450,Labor Commissioner,,,Over Votes,0
Lane,Precinct 1452,Labor Commissioner,,,Over Votes,0
Lane,Precinct 1454,Labor Commissioner,,,Over Votes,0
Lane,Precinct 1560,Labor Commissioner,,,Over Votes,0
Lane,Precinct 1562,Labor Commissioner,,,Over Votes,0
Lane,Precinct 1564,Labor Commissioner,,,Over Votes,1
Lane,Precinct 1670,Labor Commissioner,,,Over Votes,1
Lane,Precinct 1672,Labor Commissioner,,,Over Votes,0
Lane,Precinct 1780,Labor Commissioner,,,Over Votes,0
Lane,Precinct 1782,Labor Commissioner,,,Over Votes,0
Lane,Precinct 1784,Labor Commissioner,,,Over Votes,0
Lane,Precinct 1786,Labor Commissioner,,,Over Votes,0
Lane,Precinct 1890,Labor Commissioner,,,Over Votes,0
Lane,Precinct 1892,Labor Commissioner,,,Over Votes,0
Lane,Precinct 1894,Labor Commissioner,,,Over Votes,0
Lane,Precinct 2122,Labor Commissioner,,,Over Votes,0
Lane,Precinct 2238,Labor Commissioner,,,Over Votes,0
Lane,Precinct 2340,Labor Commissioner,,,Over Votes,0
Lane,Precinct 2456,Labor Commissioner,,,Over Votes,0
Lane,Precinct 2562,Labor Commissioner,,,Over Votes,0
Lane,Precinct 2676,Labor Commissioner,,,Over Votes,0
Lane,Precinct 4200,Labor Commissioner,,,Over Votes,0
Lane,Precinct 4300,Labor Commissioner,,,Over Votes,1
Lane,Precinct 4400,Labor Commissioner,,,Over Votes,0
Lane,Precinct 4500,Labor Commissioner,,,Over Votes,0
Lane,Precinct 4600,Labor Commissioner,,,Over Votes,0
Lane,Precinct 4700,Labor Commissioner,,,Over Votes,0
Lane,Precinct 4800,Labor Commissioner,,,Over Votes,0
Lane,Precinct 4900,Labor Commissioner,,,Over Votes,0
Lane,Precinct 701,Labor Commissioner,,,Over Votes,0
Lane,Precinct 703,Labor Commissioner,,,Over Votes,0
Lane,Precinct 705,Labor Commissioner,,,Over Votes,0
Lane,Precinct 707,Labor Commissioner,,,Over Votes,0
Lane,Precinct 709,Labor Commissioner,,,Over Votes,0
Lane,Precinct 711,Labor Commissioner,,,Over Votes,0
Lane,Precinct 713,Labor Commissioner,,,Over Votes,0
Lane,Precinct 715,Labor Commissioner,,,Over Votes,0
Lane,Precinct 717,Labor Commissioner,,,Over Votes,1
Lane,Precinct 719,Labor Commissioner,,,Over Votes,0
Lane,Precinct 721,Labor Commissioner,,,Over Votes,0
Lane,Precinct 723,Labor Commissioner,,,Over Votes,0
Lane,Precinct 725,Labor Commissioner,,,Over Votes,0
Lane,Precinct 727,Labor Commissioner,,,Over Votes,0
Lane,Precinct 729,Labor Commissioner,,,Over Votes,0
Lane,Precinct 731,Labor Commissioner,,,Over Votes,0
Lane,Precinct 733,Labor Commissioner,,,Over Votes,3
Lane,Precinct 737,Labor Commissioner,,,Over Votes,0
Lane,Precinct 739,Labor Commissioner,,,Over Votes,0
Lane,Precinct 741,Labor Commissioner,,,Over Votes,1
Lane,Precinct 743,Labor Commissioner,,,Over Votes,0
Lane,Precinct 747,Labor Commissioner,,,Over Votes,1
Lane,Precinct 751,Labor Commissioner,,,Over Votes,0
Lane,Precinct 753,Labor Commissioner,,,Over Votes,0
Lane,Precinct 755,Labor Commissioner,,,Over Votes,1
Lane,Precinct 757,Labor Commissioner,,,Over Votes,0
Lane,Precinct 759,Labor Commissioner,,,Over Votes,0
Lane,Precinct 765,Labor Commissioner,,,Over Votes,0
Lane,Precinct 1120,Labor Commissioner,,,Under Votes,227
Lane,Precinct 1122,Labor Commissioner,,,Under Votes,490
Lane,Precinct 1124,Labor Commissioner,,,Under Votes,145
Lane,Precinct 1126,Labor Commissioner,,,Under Votes,672
Lane,Precinct 1230,Labor Commissioner,,,Under Votes,727
Lane,Precinct 1232,Labor Commissioner,,,Under Votes,804
Lane,Precinct 1234,Labor Commissioner,,,Under Votes,493
Lane,Precinct 1340,Labor Commissioner,,,Under Votes,569
Lane,Precinct 1342,Labor Commissioner,,,Under Votes,188
Lane,Precinct 1450,Labor Commissioner,,,Under Votes,897
Lane,Precinct 1452,Labor Commissioner,,,Under Votes,709
Lane,Precinct 1454,Labor Commissioner,,,Under Votes,164
Lane,Precinct 1560,Labor Commissioner,,,Under Votes,334
Lane,Precinct 1562,Labor Commissioner,,,Under Votes,968
Lane,Precinct 1564,Labor Commissioner,,,Under Votes,994
Lane,Precinct 1670,Labor Commissioner,,,Under Votes,940
Lane,Precinct 1672,Labor Commissioner,,,Under Votes,645
Lane,Precinct 1780,Labor Commissioner,,,Under Votes,154
Lane,Precinct 1782,Labor Commissioner,,,Under Votes,212
Lane,Precinct 1784,Labor Commissioner,,,Under Votes,531
Lane,Precinct 1786,Labor Commissioner,,,Under Votes,373
Lane,Precinct 1890,Labor Commissioner,,,Under Votes,392
Lane,Precinct 1892,Labor Commissioner,,,Under Votes,624
Lane,Precinct 1894,Labor Commissioner,,,Under Votes,532
Lane,Precinct 2122,Labor Commissioner,,,Under Votes,561
Lane,Precinct 2238,Labor Commissioner,,,Under Votes,654
Lane,Precinct 2340,Labor Commissioner,,,Under Votes,729
Lane,Precinct 2456,Labor Commissioner,,,Under Votes,556
Lane,Precinct 2562,Labor Commissioner,,,Under Votes,713
Lane,Precinct 2676,Labor Commissioner,,,Under Votes,1035
Lane,Precinct 4200,Labor Commissioner,,,Under Votes,159
Lane,Precinct 4300,Labor Commissioner,,,Under Votes,837
Lane,Precinct 4400,Labor Commissioner,,,Under Votes,466
Lane,Precinct 4500,Labor Commissioner,,,Under Votes,249
Lane,Precinct 4600,Labor Commissioner,,,Under Votes,1106
Lane,Precinct 4700,Labor Commissioner,,,Under Votes,567
Lane,Precinct 4800,Labor Commissioner,,,Under Votes,218
Lane,Precinct 4900,Labor Commissioner,,,Under Votes,452
Lane,Precinct 701,Labor Commissioner,,,Under Votes,304
Lane,Precinct 703,Labor Commissioner,,,Under Votes,57
Lane,Precinct 705,Labor Commissioner,,,Under Votes,434
Lane,Precinct 707,Labor Commissioner,,,Under Votes,114
Lane,Precinct 709,Labor Commissioner,,,Under Votes,331
Lane,Precinct 711,Labor Commissioner,,,Under Votes,818
Lane,Precinct 713,Labor Commissioner,,,Under Votes,238
Lane,Precinct 715,Labor Commissioner,,,Under Votes,338
Lane,Precinct 717,Labor Commissioner,,,Under Votes,536
Lane,Precinct 719,Labor Commissioner,,,Under Votes,72
Lane,Precinct 721,Labor Commissioner,,,Under Votes,148
Lane,Precinct 723,Labor Commissioner,,,Under Votes,563
Lane,Precinct 725,Labor Commissioner,,,Under Votes,411
Lane,Precinct 727,Labor Commissioner,,,Under Votes,315
Lane,Precinct 729,Labor Commissioner,,,Under Votes,88
Lane,Precinct 731,Labor Commissioner,,,Under Votes,692
Lane,Precinct 733,Labor Commissioner,,,Under Votes,945
Lane,Precinct 737,Labor Commissioner,,,Under Votes,597
Lane,Precinct 739,Labor Commissioner,,,Under Votes,295
Lane,Precinct 741,Labor Commissioner,,,Under Votes,108
Lane,Precinct 743,Labor Commissioner,,,Under Votes,93
Lane,Precinct 747,Labor Commissioner,,,Under Votes,1004
Lane,Precinct 751,Labor Commissioner,,,Under Votes,878
Lane,Precinct 753,Labor Commissioner,,,Under Votes,266
Lane,Precinct 755,Labor Commissioner,,,Under Votes,569
Lane,Precinct 757,Labor Commissioner,,,Under Votes,455
Lane,Precinct 759,Labor Commissioner,,,Under Votes,449
Lane,Precinct 765,Labor Commissioner,,,Under Votes,407
Lane,Precinct 1120,Labor Commissioner,,,Write-ins,6
Lane,Precinct 1122,Labor Commissioner,,,Write-ins,5
Lane,Precinct 1124,Labor Commissioner,,,Write-ins,0
Lane,Precinct 1126,Labor Commissioner,,,Write-ins,5
Lane,Precinct 1230,Labor Commissioner,,,Write-ins,10
Lane,Precinct 1232,Labor Commissioner,,,Write-ins,5
Lane,Precinct 1234,Labor Commissioner,,,Write-ins,15
Lane,Precinct 1340,Labor Commissioner,,,Write-ins,7
Lane,Precinct 1342,Labor Commissioner,,,Write-ins,4
Lane,Precinct 1450,Labor Commissioner,,,Write-ins,11
Lane,Precinct 1452,Labor Commissioner,,,Write-ins,9
Lane,Precinct 1454,Labor Commissioner,,,Write-ins,1
Lane,Precinct 1560,Labor Commissioner,,,Write-ins,5
Lane,Precinct 1562,Labor Commissioner,,,Write-ins,7
Lane,Precinct 1564,Labor Commissioner,,,Write-ins,9
Lane,Precinct 1670,Labor Commissioner,,,Write-ins,16
Lane,Precinct 1672,Labor Commissioner,,,Write-ins,13
Lane,Precinct 1780,Labor Commissioner,,,Write-ins,7
Lane,Precinct 1782,Labor Commissioner,,,Write-ins,2
Lane,Precinct 1784,Labor Commissioner,,,Write-ins,8
Lane,Precinct 1786,Labor Commissioner,,,Write-ins,6
Lane,Precinct 1890,Labor Commissioner,,,Write-ins,5
Lane,Precinct 1892,Labor Commissioner,,,Write-ins,6
Lane,Precinct 1894,Labor Commissioner,,,Write-ins,5
Lane,Precinct 2122,Labor Commissioner,,,Write-ins,16
Lane,Precinct 2238,Labor Commissioner,,,Write-ins,13
Lane,Precinct 2340,Labor Commissioner,,,Write-ins,11
Lane,Precinct 2456,Labor Commissioner,,,Write-ins,9
Lane,Precinct 2562,Labor Commissioner,,,Write-ins,15
Lane,Precinct 2676,Labor Commissioner,,,Write-ins,20
Lane,Precinct 4200,Labor Commissioner,,,Write-ins,0
Lane,Precinct 4300,Labor Commissioner,,,Write-ins,22
Lane,Precinct 4400,Labor Commissioner,,,Write-ins,18
Lane,Precinct 4500,Labor Commissioner,,,Write-ins,0
Lane,Precinct 4600,Labor Commissioner,,,Write-ins,14
Lane,Precinct 4700,Labor Commissioner,,,Write-ins,12
Lane,Precinct 4800,Labor Commissioner,,,Write-ins,5
Lane,Precinct 4900,Labor Commissioner,,,Write-ins,14
Lane,Precinct 701,Labor Commissioner,,,Write-ins,3
Lane,Precinct 703,Labor Commissioner,,,Write-ins,3
Lane,Precinct 705,Labor Commissioner,,,Write-ins,7
Lane,Precinct 707,Labor Commissioner,,,Write-ins,4
Lane,Precinct 709,Labor Commissioner,,,Write-ins,7
Lane,Precinct 711,Labor Commissioner,,,Write-ins,8
Lane,Precinct 713,Labor Commissioner,,,Write-ins,5
Lane,Precinct 715,Labor Commissioner,,,Write-ins,6
Lane,Precinct 717,Labor Commissioner,,,Write-ins,17
Lane,Precinct 719,Labor Commissioner,,,Write-ins,0
Lane,Precinct 721,Labor Commissioner,,,Write-ins,1
Lane,Precinct 723,Labor Commissioner,,,Write-ins,9
Lane,Precinct 725,Labor Commissioner,,,Write-ins,8
Lane,Precinct 727,Labor Commissioner,,,Write-ins,3
Lane,Precinct 729,Labor Commissioner,,,Write-ins,2
Lane,Precinct 731,Labor Commissioner,,,Write-ins,22
Lane,Precinct 733,Labor Commissioner,,,Write-ins,10
Lane,Precinct 737,Labor Commissioner,,,Write-ins,13
Lane,Precinct 739,Labor Commissioner,,,Write-ins,11
Lane,Precinct 741,Labor Commissioner,,,Write-ins,1
Lane,Precinct 743,Labor Commissioner,,,Write-ins,2
Lane,Precinct 747,Labor Commissioner,,,Write-ins,18
Lane,Precinct 751,Labor Commissioner,,,Write-ins,13
Lane,Precinct 753,Labor Commissioner,,,Write-ins,5
Lane,Precinct 755,Labor Commissioner,,,Write-ins,7
Lane,Precinct 757,Labor Commissioner,,,Write-ins,5
Lane,Precinct 759,Labor Commissioner,,,Write-ins,11
Lane,Precinct 765,Labor Commissioner,,,Write-ins,5
Lane,Precinct 1120,Measure 120,,,No,639
Lane,Precinct 1122,Measure 120,,,No,1108
Lane,Precinct 1124,Measure 120,,,No,475
Lane,Precinct 1126,Measure 120,,,No,1416
Lane,Precinct 1230,Measure 120,,,No,1687
Lane,Precinct 1232,Measure 120,,,No,1980
Lane,Precinct 1234,Measure 120,,,No,1223
Lane,Precinct 1340,Measure 120,,,No,1163
Lane,Precinct 1342,Measure 120,,,No,471
Lane,Precinct 1450,Measure 120,,,No,2402
Lane,Precinct 1452,Measure 120,,,No,1875
Lane,Precinct 1454,Measure 120,,,No,525
Lane,Precinct 1560,Measure 120,,,No,948
Lane,Precinct 1562,Measure 120,,,No,2697
Lane,Precinct 1564,Measure 120,,,No,2658
Lane,Precinct 1670,Measure 120,,,No,2967
Lane,Precinct 1672,Measure 120,,,No,2113
Lane,Precinct 1780,Measure 120,,,No,544
Lane,Precinct 1782,Measure 120,,,No,539
Lane,Precinct 1784,Measure 120,,,No,1621
Lane,Precinct 1786,Measure 120,,,No,1231
Lane,Precinct 1890,Measure 120,,,No,1236
Lane,Precinct 1892,Measure 120,,,No,1891
Lane,Precinct 1894,Measure 120,,,No,1553
Lane,Precinct 2122,Measure 120,,,No,1909
Lane,Precinct 2238,Measure 120,,,No,2027
Lane,Precinct 2340,Measure 120,,,No,2373
Lane,Precinct 2456,Measure 120,,,No,2061
Lane,Precinct 2562,Measure 120,,,No,2610
Lane,Precinct 2676,Measure 120,,,No,3122
Lane,Precinct 4200,Measure 120,,,No,499
Lane,Precinct 4300,Measure 120,,,No,2686
Lane,Precinct 4400,Measure 120,,,No,1603
Lane,Precinct 4500,Measure 120,,,No,762
Lane,Precinct 4600,Measure 120,,,No,3724
Lane,Precinct 4700,Measure 120,,,No,2094
Lane,Precinct 4800,Measure 120,,,No,779
Lane,Precinct 4900,Measure 120,,,No,1447
Lane,Precinct 701,Measure 120,,,No,982
Lane,Precinct 703,Measure 120,,,No,145
Lane,Precinct 705,Measure 120,,,No,1372
Lane,Precinct 707,Measure 120,,,No,405
Lane,Precinct 709,Measure 120,,,No,948
Lane,Precinct 711,Measure 120,,,No,2251
Lane,Precinct 713,Measure 120,,,No,716
Lane,Precinct 715,Measure 120,,,No,1046
Lane,Precinct 717,Measure 120,,,No,1683
Lane,Precinct 719,Measure 120,,,No,216
Lane,Precinct 721,Measure 120,,,No,365
Lane,Precinct 723,Measure 120,,,No,1299
Lane,Precinct 725,Measure 120,,,No,1066
Lane,Precinct 727,Measure 120,,,No,921
Lane,Precinct 729,Measure 120,,,No,246
Lane,Precinct 731,Measure 120,,,No,2351
Lane,Precinct 733,Measure 120,,,No,2687
Lane,Precinct 737,Measure 120,,,No,1906
Lane,Precinct 739,Measure 120,,,No,901
Lane,Precinct 741,Measure 120,,,No,359
Lane,Precinct 743,Measure 120,,,No,327
Lane,Precinct 747,Measure 120,,,No,2920
Lane,Precinct 751,Measure 120,,,No,2580
Lane,Precinct 753,Measure 120,,,No,833
Lane,Precinct 755,Measure 120,,,No,1724
Lane,Precinct 757,Measure 120,,,No,1456
Lane,Precinct 759,Measure 120,,,No,1496
Lane,Precinct 765,Measure 120,,,No,1361
Lane,Precinct 1120,Measure 120,,,Over Votes,1
Lane,Precinct 1122,Measure 120,,,Over Votes,1
Lane,Precinct 1124,Measure 120,,,Over Votes,0
Lane,Precinct 1126,Measure 120,,,Over Votes,0
Lane,Precinct 1230,Measure 120,,,Over Votes,0
Lane,Precinct 1232,Measure 120,,,Over Votes,0
Lane,Precinct 1234,Measure 120,,,Over Votes,0
Lane,Precinct 1340,Measure 120,,,Over Votes,2
Lane,Precinct 1342,Measure 120,,,Over Votes,0
Lane,Precinct 1450,Measure 120,,,Over Votes,0
Lane,Precinct 1452,Measure 120,,,Over Votes,0
Lane,Precinct 1454,Measure 120,,,Over Votes,1
Lane,Precinct 1560,Measure 120,,,Over Votes,0
Lane,Precinct 1562,Measure 120,,,Over Votes,0
Lane,Precinct 1564,Measure 120,,,Over Votes,0
Lane,Precinct 1670,Measure 120,,,Over Votes,0
Lane,Precinct 1672,Measure 120,,,Over Votes,0
Lane,Precinct 1780,Measure 120,,,Over Votes,0
Lane,Precinct 1782,Measure 120,,,Over Votes,0
Lane,Precinct 1784,Measure 120,,,Over Votes,0
Lane,Precinct 1786,Measure 120,,,Over Votes,0
Lane,Precinct 1890,Measure 120,,,Over Votes,1
Lane,Precinct 1892,Measure 120,,,Over Votes,0
Lane,Precinct 1894,Measure 120,,,Over Votes,0
Lane,Precinct 2122,Measure 120,,,Over Votes,0
Lane,Precinct 2238,Measure 120,,,Over Votes,0
Lane,Precinct 2340,Measure 120,,,Over Votes,0
Lane,Precinct 2456,Measure 120,,,Over Votes,0
Lane,Precinct 2562,Measure 120,,,Over Votes,0
Lane,Precinct 2676,Measure 120,,,Over Votes,0
Lane,Precinct 4200,Measure 120,,,Over Votes,0
Lane,Precinct 4300,Measure 120,,,Over Votes,0
Lane,Precinct 4400,Measure 120,,,Over Votes,1
Lane,Precinct 4500,Measure 120,,,Over Votes,0
Lane,Precinct 4600,Measure 120,,,Over Votes,1
Lane,Precinct 4700,Measure 120,,,Over Votes,0
Lane,Precinct 4800,Measure 120,,,Over Votes,0
Lane,Precinct 4900,Measure 120,,,Over Votes,0
Lane,Precinct 701,Measure 120,,,Over Votes,1
Lane,Precinct 703,Measure 120,,,Over Votes,0
Lane,Precinct 705,Measure 120,,,Over Votes,1
Lane,Precinct 707,Measure 120,,,Over Votes,0
Lane,Precinct 709,Measure 120,,,Over Votes,0
Lane,Precinct 711,Measure 120,,,Over Votes,0
Lane,Precinct 713,Measure 120,,,Over Votes,0
Lane,Precinct 715,Measure 120,,,Over Votes,0
Lane,Precinct 717,Measure 120,,,Over Votes,0
Lane,Precinct 719,Measure 120,,,Over Votes,0
Lane,Precinct 721,Measure 120,,,Over Votes,0
Lane,Precinct 723,Measure 120,,,Over Votes,0
Lane,Precinct 725,Measure 120,,,Over Votes,0
Lane,Precinct 727,Measure 120,,,Over Votes,0
Lane,Precinct 729,Measure 120,,,Over Votes,0
Lane,Precinct 731,Measure 120,,,Over Votes,0
Lane,Precinct 733,Measure 120,,,Over Votes,1
Lane,Precinct 737,Measure 120,,,Over Votes,0
Lane,Precinct 739,Measure 120,,,Over Votes,0
Lane,Precinct 741,Measure 120,,,Over Votes,0
Lane,Precinct 743,Measure 120,,,Over Votes,0
Lane,Precinct 747,Measure 120,,,Over Votes,0
Lane,Precinct 751,Measure 120,,,Over Votes,0
Lane,Precinct 753,Measure 120,,,Over Votes,0
Lane,Precinct 755,Measure 120,,,Over Votes,0
Lane,Precinct 757,Measure 120,,,Over Votes,0
Lane,Precinct 759,Measure 120,,,Over Votes,0
Lane,Precinct 765,Measure 120,,,Over Votes,0
Lane,Precinct 1120,Measure 120,,,Under Votes,42
Lane,Precinct 1122,Measure 120,,,Under Votes,88
Lane,Precinct 1124,Measure 120,,,Under Votes,18
Lane,Precinct 1126,Measure 120,,,Under Votes,142
Lane,Precinct 1230,Measure 120,,,Under Votes,100
Lane,Precinct 1232,Measure 120,,,Under Votes,99
Lane,Precinct 1234,Measure 120,,,Under Votes,56
Lane,Precinct 1340,Measure 120,,,Under Votes,96
Lane,Precinct 1342,Measure 120,,,Under Votes,22
Lane,Precinct 1450,Measure 120,,,Under Votes,81
Lane,Precinct 1452,Measure 120,,,Under Votes,57
Lane,Precinct 1454,Measure 120,,,Under Votes,25
Lane,Precinct 1560,Measure 120,,,Under Votes,25
Lane,Precinct 1562,Measure 120,,,Under Votes,73
Lane,Precinct 1564,Measure 120,,,Under Votes,117
Lane,Precinct 1670,Measure 120,,,Under Votes,57
Lane,Precinct 1672,Measure 120,,,Under Votes,37
Lane,Precinct 1780,Measure 120,,,Under Votes,15
Lane,Precinct 1782,Measure 120,,,Under Votes,39
Lane,Precinct 1784,Measure 120,,,Under Votes,38
Lane,Precinct 1786,Measure 120,,,Under Votes,20
Lane,Precinct 1890,Measure 120,,,Under Votes,14
Lane,Precinct 1892,Measure 120,,,Under Votes,79
Lane,Precinct 1894,Measure 120,,,Under Votes,69
Lane,Precinct 2122,Measure 120,,,Under Votes,43
Lane,Precinct 2238,Measure 120,,,Under Votes,58
Lane,Precinct 2340,Measure 120,,,Under Votes,48
Lane,Precinct 2456,Measure 120,,,Under Votes,28
Lane,Precinct 2562,Measure 120,,,Under Votes,44
Lane,Precinct 2676,Measure 120,,,Under Votes,44
Lane,Precinct 4200,Measure 120,,,Under Votes,7
Lane,Precinct 4300,Measure 120,,,Under Votes,38
Lane,Precinct 4400,Measure 120,,,Under Votes,16
Lane,Precinct 4500,Measure 120,,,Under Votes,8
Lane,Precinct 4600,Measure 120,,,Under Votes,74
Lane,Precinct 4700,Measure 120,,,Under Votes,17
Lane,Precinct 4800,Measure 120,,,Under Votes,15
Lane,Precinct 4900,Measure 120,,,Under Votes,27
Lane,Precinct 701,Measure 120,,,Under Votes,16
Lane,Precinct 703,Measure 120,,,Under Votes,5
Lane,Precinct 705,Measure 120,,,Under Votes,22
Lane,Precinct 707,Measure 120,,,Under Votes,5
Lane,Precinct 709,Measure 120,,,Under Votes,15
Lane,Precinct 711,Measure 120,,,Under Votes,37
Lane,Precinct 713,Measure 120,,,Under Votes,4
Lane,Precinct 715,Measure 120,,,Under Votes,9
Lane,Precinct 717,Measure 120,,,Under Votes,18
Lane,Precinct 719,Measure 120,,,Under Votes,6
Lane,Precinct 721,Measure 120,,,Under Votes,8
Lane,Precinct 723,Measure 120,,,Under Votes,52
Lane,Precinct 725,Measure 120,,,Under Votes,18
Lane,Precinct 727,Measure 120,,,Under Votes,16
Lane,Precinct 729,Measure 120,,,Under Votes,6
Lane,Precinct 731,Measure 120,,,Under Votes,36
Lane,Precinct 733,Measure 120,,,Under Votes,66
Lane,Precinct 737,Measure 120,,,Under Votes,31
Lane,Precinct 739,Measure 120,,,Under Votes,15
Lane,Precinct 741,Measure 120,,,Under Votes,8
Lane,Precinct 743,Measure 120,,,Under Votes,6
Lane,Precinct 747,Measure 120,,,Under Votes,42
Lane,Precinct 751,Measure 120,,,Under Votes,26
Lane,Precinct 753,Measure 120,,,Under Votes,5
Lane,Precinct 755,Measure 120,,,Under Votes,25
Lane,Precinct 757,Measure 120,,,Under Votes,18
Lane,Precinct 759,Measure 120,,,Under Votes,18
Lane,Precinct 765,Measure 120,,,Under Votes,14
Lane,Precinct 1120,Measure 120,,,Yes,352
Lane,Precinct 1122,Measure 120,,,Yes,1027
Lane,Precinct 1124,Measure 120,,,Yes,290
Lane,Precinct 1126,Measure 120,,,Yes,1506
Lane,Precinct 1230,Measure 120,,,Yes,1635
Lane,Precinct 1232,Measure 120,,,Yes,1521
Lane,Precinct 1234,Measure 120,,,Yes,872
Lane,Precinct 1340,Measure 120,,,Yes,1261
Lane,Precinct 1342,Measure 120,,,Yes,283
Lane,Precinct 1450,Measure 120,,,Yes,855
Lane,Precinct 1452,Measure 120,,,Yes,609
Lane,Precinct 1454,Measure 120,,,Yes,217
Lane,Precinct 1560,Measure 120,,,Yes,188
Lane,Precinct 1562,Measure 120,,,Yes,724
Lane,Precinct 1564,Measure 120,,,Yes,1077
Lane,Precinct 1670,Measure 120,,,Yes,485
Lane,Precinct 1672,Measure 120,,,Yes,361
Lane,Precinct 1780,Measure 120,,,Yes,176
Lane,Precinct 1782,Measure 120,,,Yes,438
Lane,Precinct 1784,Measure 120,,,Yes,540
Lane,Precinct 1786,Measure 120,,,Yes,198
Lane,Precinct 1890,Measure 120,,,Yes,192
Lane,Precinct 1892,Measure 120,,,Yes,797
Lane,Precinct 1894,Measure 120,,,Yes,756
Lane,Precinct 2122,Measure 120,,,Yes,332
Lane,Precinct 2238,Measure 120,,,Yes,664
Lane,Precinct 2340,Measure 120,,,Yes,513
Lane,Precinct 2456,Measure 120,,,Yes,273
Lane,Precinct 2562,Measure 120,,,Yes,310
Lane,Precinct 2676,Measure 120,,,Yes,394
Lane,Precinct 4200,Measure 120,,,Yes,103
Lane,Precinct 4300,Measure 120,,,Yes,428
Lane,Precinct 4400,Measure 120,,,Yes,175
Lane,Precinct 4500,Measure 120,,,Yes,85
Lane,Precinct 4600,Measure 120,,,Yes,660
Lane,Precinct 4700,Measure 120,,,Yes,147
Lane,Precinct 4800,Measure 120,,,Yes,83
Lane,Precinct 4900,Measure 120,,,Yes,158
Lane,Precinct 701,Measure 120,,,Yes,168
Lane,Precinct 703,Measure 120,,,Yes,40
Lane,Precinct 705,Measure 120,,,Yes,222
Lane,Precinct 707,Measure 120,,,Yes,39
Lane,Precinct 709,Measure 120,,,Yes,126
Lane,Precinct 711,Measure 120,,,Yes,296
Lane,Precinct 713,Measure 120,,,Yes,58
Lane,Precinct 715,Measure 120,,,Yes,89
Lane,Precinct 717,Measure 120,,,Yes,150
Lane,Precinct 719,Measure 120,,,Yes,41
Lane,Precinct 721,Measure 120,,,Yes,93
Lane,Precinct 723,Measure 120,,,Yes,484
Lane,Precinct 725,Measure 120,,,Yes,146
Lane,Precinct 727,Measure 120,,,Yes,83
Lane,Precinct 729,Measure 120,,,Yes,50
Lane,Precinct 731,Measure 120,,,Yes,467
Lane,Precinct 733,Measure 120,,,Yes,887
Lane,Precinct 737,Measure 120,,,Yes,305
Lane,Precinct 739,Measure 120,,,Yes,171
Lane,Precinct 741,Measure 120,,,Yes,118
Lane,Precinct 743,Measure 120,,,Yes,79
Lane,Precinct 747,Measure 120,,,Yes,397
Lane,Precinct 751,Measure 120,,,Yes,375
Lane,Precinct 753,Measure 120,,,Yes,101
Lane,Precinct 755,Measure 120,,,Yes,202
Lane,Precinct 757,Measure 120,,,Yes,206
Lane,Precinct 759,Measure 120,,,Yes,201
Lane,Precinct 765,Measure 120,,,Yes,153
Lane,Precinct 701,State House,10,D,David Gomberg,269
Lane,Precinct 703,State House,10,D,David Gomberg,49
Lane,Precinct 713,State House,10,D,David Gomberg,107
Lane,Precinct 701,State House,10,D,Over Votes,0
Lane,Precinct 703,State House,10,D,Over Votes,0
Lane,Precinct 713,State House,10,D,Over Votes,0
Lane,Precinct 701,State House,10,D,Under Votes,116
Lane,Precinct 703,State House,10,D,Under Votes,29
Lane,Precinct 713,State House,10,D,Under Votes,77
Lane,Precinct 701,State House,10,D,Write-ins,1
Lane,Precinct 703,State House,10,D,Write-ins,0
Lane,Precinct 713,State House,10,D,Write-ins,0
Lane,Precinct 701,State House,10,R,Over Votes,0
Lane,Precinct 703,State House,10,R,Over Votes,0
Lane,Precinct 713,State House,10,R,Over Votes,0
Lane,Precinct 701,State House,10,R,Under Votes,402
Lane,Precinct 703,State House,10,R,Under Votes,51
Lane,Precinct 713,State House,10,R,Under Votes,396
Lane,Precinct 701,State House,10,R,Write-ins,31
Lane,Precinct 703,State House,10,R,Write-ins,2
Lane,Precinct 713,State House,10,R,Write-ins,10
Lane,Precinct 1234,State House,12,D,Amber Smith,559
Lane,Precinct 1560,State House,12,D,Amber Smith,20
Lane,Precinct 1784,State House,12,D,Amber Smith,31
Lane,Precinct 4200,State House,12,D,Amber Smith,112
Lane,Precinct 4300,State House,12,D,Amber Smith,454
Lane,Precinct 4400,State House,12,D,Amber Smith,269
Lane,Precinct 4700,State House,12,D,Amber Smith,333
Lane,Precinct 4800,State House,12,D,Amber Smith,148
Lane,Precinct 715,State House,12,D,Amber Smith,148
Lane,Precinct 743,State House,12,D,Amber Smith,72
Lane,Precinct 747,State House,12,D,Amber Smith,434
Lane,Precinct 751,State House,12,D,Amber Smith,428
Lane,Precinct 753,State House,12,D,Amber Smith,101
Lane,Precinct 755,State House,12,D,Amber Smith,269
Lane,Precinct 757,State House,12,D,Amber Smith,269
Lane,Precinct 759,State House,12,D,Amber Smith,307
Lane,Precinct 765,State House,12,D,Amber Smith,221
Lane,Precinct 1234,State House,12,D,Over Votes,0
Lane,Precinct 1560,State House,12,D,Over Votes,0
Lane,Precinct 1784,State House,12,D,Over Votes,0
Lane,Precinct 4200,State House,12,D,Over Votes,0
Lane,Precinct 4300,State House,12,D,Over Votes,0
Lane,Precinct 4400,State House,12,D,Over Votes,0
Lane,Precinct 4700,State House,12,D,Over Votes,1
Lane,Precinct 4800,State House,12,D,Over Votes,0
Lane,Precinct 715,State House,12,D,Over Votes,0
Lane,Precinct 743,State House,12,D,Over Votes,0
Lane,Precinct 747,State House,12,D,Over Votes,0
Lane,Precinct 751,State House,12,D,Over Votes,0
Lane,Precinct 753,State House,12,D,Over Votes,0
Lane,Precinct 755,State House,12,D,Over Votes,0
Lane,Precinct 757,State House,12,D,Over Votes,0
Lane,Precinct 759,State House,12,D,Over Votes,0
Lane,Precinct 765,State House,12,D,Over Votes,0
Lane,Precinct 1234,State House,12,D,Under Votes,537
Lane,Precinct 1560,State House,12,D,Under Votes,17
Lane,Precinct 1784,State House,12,D,Under Votes,19
Lane,Precinct 4200,State House,12,D,Under Votes,93
Lane,Precinct 4300,State House,12,D,Under Votes,371
Lane,Precinct 4400,State House,12,D,Under Votes,174
Lane,Precinct 4700,State House,12,D,Under Votes,214
Lane,Precinct 4800,State House,12,D,Under Votes,95
Lane,Precinct 715,State House,12,D,Under Votes,103
Lane,Precinct 743,State House,12,D,Under Votes,54
Lane,Precinct 747,State House,12,D,Under Votes,376
Lane,Precinct 751,State House,12,D,Under Votes,377
Lane,Precinct 753,State House,12,D,Under Votes,121
Lane,Precinct 755,State House,12,D,Under Votes,240
Lane,Precinct 757,State House,12,D,Under Votes,197
Lane,Precinct 759,State House,12,D,Under Votes,201
Lane,Precinct 765,State House,12,D,Under Votes,176
Lane,Precinct 1234,State House,12,D,Write-ins,368
Lane,Precinct 1560,State House,12,D,Write-ins,1
Lane,Precinct 1784,State House,12,D,Write-ins,5
Lane,Precinct 4200,State House,12,D,Write-ins,33
Lane,Precinct 4300,State House,12,D,Write-ins,197
Lane,Precinct 4400,State House,12,D,Write-ins,78
Lane,Precinct 4700,State House,12,D,Write-ins,54
Lane,Precinct 4800,State House,12,D,Write-ins,37
Lane,Precinct 715,State House,12,D,Write-ins,19
Lane,Precinct 743,State House,12,D,Write-ins,18
Lane,Precinct 747,State House,12,D,Write-ins,188
Lane,Precinct 751,State House,12,D,Write-ins,106
Lane,Precinct 753,State House,12,D,Write-ins,36
Lane,Precinct 755,State House,12,D,Write-ins,64
Lane,Precinct 757,State House,12,D,Write-ins,61
Lane,Precinct 759,State House,12,D,Write-ins,74
Lane,Precinct 765,State House,12,D,Write-ins,60
Lane,Precinct 1234,State House,12,R,Darin Harbick,106
Lane,Precinct 1560,State House,12,R,Darin Harbick,10
Lane,Precinct 1784,State House,12,R,Darin Harbick,17
Lane,Precinct 4200,State House,12,R,Darin Harbick,161
Lane,Precinct 4300,State House,12,R,Darin Harbick,866
Lane,Precinct 4400,State House,12,R,Darin Harbick,577
Lane,Precinct 4700,State House,12,R,Darin Harbick,758
Lane,Precinct 4800,State House,12,R,Darin Harbick,274
Lane,Precinct 715,State House,12,R,Darin Harbick,401
Lane,Precinct 743,State House,12,R,Darin Harbick,76
Lane,Precinct 747,State House,12,R,Darin Harbick,1059
Lane,Precinct 751,State House,12,R,Darin Harbick,1062
Lane,Precinct 753,State House,12,R,Darin Harbick,326
Lane,Precinct 755,State House,12,R,Darin Harbick,626
Lane,Precinct 757,State House,12,R,Darin Harbick,543
Lane,Precinct 759,State House,12,R,Darin Harbick,580
Lane,Precinct 765,State House,12,R,Darin Harbick,501
Lane,Precinct 1234,State House,12,R,Over Votes,0
Lane,Precinct 1560,State House,12,R,Over Votes,0
Lane,Precinct 1784,State House,12,R,Over Votes,0
Lane,Precinct 4200,State House,12,R,Over Votes,0
Lane,Precinct 4300,State House,12,R,Over Votes,0
Lane,Precinct 4400,State House,12,R,Over Votes,0
Lane,Precinct 4700,State House,12,R,Over Votes,0
Lane,Precinct 4800,State House,12,R,Over Votes,0
Lane,Precinct 715,State House,12,R,Over Votes,0
Lane,Precinct 743,State House,12,R,Over Votes,0
Lane,Precinct 747,State House,12,R,Over Votes,0
Lane,Precinct 751,State House,12,R,Over Votes,0
Lane,Precinct 753,State House,12,R,Over Votes,0
Lane,Precinct 755,State House,12,R,Over Votes,0
Lane,Precinct 757,State House,12,R,Over Votes,0
Lane,Precinct 759,State House,12,R,Over Votes,0
Lane,Precinct 765,State House,12,R,Over Votes,0
Lane,Precinct 1234,State House,12,R,Under Votes,74
Lane,Precinct 1560,State House,12,R,Under Votes,13
Lane,Precinct 1784,State House,12,R,Under Votes,19
Lane,Precinct 4200,State House,12,R,Under Votes,63
Lane,Precinct 4300,State House,12,R,Under Votes,362
Lane,Precinct 4400,State House,12,R,Under Votes,214
Lane,Precinct 4700,State House,12,R,Under Votes,298
Lane,Precinct 4800,State House,12,R,Under Votes,74
Lane,Precinct 715,State House,12,R,Under Votes,215
Lane,Precinct 743,State House,12,R,Under Votes,40
Lane,Precinct 747,State House,12,R,Under Votes,490
Lane,Precinct 751,State House,12,R,Under Votes,329
Lane,Precinct 753,State House,12,R,Under Votes,118
Lane,Precinct 755,State House,12,R,Under Votes,256
Lane,Precinct 757,State House,12,R,Under Votes,229
Lane,Precinct 759,State House,12,R,Under Votes,119
Lane,Precinct 765,State House,12,R,Under Votes,178
Lane,Precinct 1234,State House,12,R,Write-ins,7
Lane,Precinct 1560,State House,12,R,Write-ins,0
Lane,Precinct 1784,State House,12,R,Write-ins,0
Lane,Precinct 4200,State House,12,R,Write-ins,1
Lane,Precinct 4300,State House,12,R,Write-ins,14
Lane,Precinct 4400,State House,12,R,Write-ins,4
Lane,Precinct 4700,State House,12,R,Write-ins,6
Lane,Precinct 4800,State House,12,R,Write-ins,4
Lane,Precinct 715,State House,12,R,Write-ins,1
Lane,Precinct 743,State House,12,R,Write-ins,0
Lane,Precinct 747,State House,12,R,Write-ins,5
Lane,Precinct 751,State House,12,R,Write-ins,9
Lane,Precinct 753,State House,12,R,Write-ins,4
Lane,Precinct 755,State House,12,R,Write-ins,6
Lane,Precinct 757,State House,12,R,Write-ins,2
Lane,Precinct 759,State House,12,R,Write-ins,3
Lane,Precinct 765,State House,12,R,Write-ins,1
Lane,Precinct 1450,State House,13,D,Kathy Cantrell-Damewood,91
Lane,Precinct 1452,State House,13,D,Kathy Cantrell-Damewood,67
Lane,Precinct 1560,State House,13,D,Kathy Cantrell-Damewood,36
Lane,Precinct 1562,State House,13,D,Kathy Cantrell-Damewood,86
Lane,Precinct 1564,State House,13,D,Kathy Cantrell-Damewood,97
Lane,Precinct 1784,State House,13,D,Kathy Cantrell-Damewood,89
Lane,Precinct 1786,State House,13,D,Kathy Cantrell-Damewood,37
Lane,Precinct 729,State House,13,D,Kathy Cantrell-Damewood,6
Lane,Precinct 731,State House,13,D,Kathy Cantrell-Damewood,115
Lane,Precinct 733,State House,13,D,Kathy Cantrell-Damewood,118
Lane,Precinct 741,State House,13,D,Kathy Cantrell-Damewood,24
Lane,Precinct 1450,State House,13,D,Nancy Nathanson,1413
Lane,Precinct 1452,State House,13,D,Nancy Nathanson,1098
Lane,Precinct 1560,State House,13,D,Nancy Nathanson,380
Lane,Precinct 1562,State House,13,D,Nancy Nathanson,1352
Lane,Precinct 1564,State House,13,D,Nancy Nathanson,1751
Lane,Precinct 1784,State House,13,D,Nancy Nathanson,857
Lane,Precinct 1786,State House,13,D,Nancy Nathanson,466
Lane,Precinct 729,State House,13,D,Nancy Nathanson,99
Lane,Precinct 731,State House,13,D,Nancy Nathanson,1058
Lane,Precinct 733,State House,13,D,Nancy Nathanson,1685
Lane,Precinct 741,State House,13,D,Nancy Nathanson,196
Lane,Precinct 1450,State House,13,D,Over Votes,0
Lane,Precinct 1452,State House,13,D,Over Votes,0
Lane,Precinct 1560,State House,13,D,Over Votes,0
Lane,Precinct 1562,State House,13,D,Over Votes,1
Lane,Precinct 1564,State House,13,D,Over Votes,0
Lane,Precinct 1784,State House,13,D,Over Votes,0
Lane,Precinct 1786,State House,13,D,Over Votes,0
Lane,Precinct 729,State House,13,D,Over Votes,0
Lane,Precinct 731,State House,13,D,Over Votes,0
Lane,Precinct 733,State House,13,D,Over Votes,0
Lane,Precinct 741,State House,13,D,Over Votes,1
Lane,Precinct 1450,State House,13,D,Under Votes,186
Lane,Precinct 1452,State House,13,D,Under Votes,136
Lane,Precinct 1560,State House,13,D,Under Votes,58
Lane,Precinct 1562,State House,13,D,Under Votes,172
Lane,Precinct 1564,State House,13,D,Under Votes,207
Lane,Precinct 1784,State House,13,D,Under Votes,135
Lane,Precinct 1786,State House,13,D,Under Votes,82
Lane,Precinct 729,State House,13,D,Under Votes,20
Lane,Precinct 731,State House,13,D,Under Votes,158
Lane,Precinct 733,State House,13,D,Under Votes,197
Lane,Precinct 741,State House,13,D,Under Votes,22
Lane,Precinct 1450,State House,13,D,Write-ins,10
Lane,Precinct 1452,State House,13,D,Write-ins,2
Lane,Precinct 1560,State House,13,D,Write-ins,1
Lane,Precinct 1562,State House,13,D,Write-ins,0
Lane,Precinct 1564,State House,13,D,Write-ins,5
Lane,Precinct 1784,State House,13,D,Write-ins,5
Lane,Precinct 1786,State House,13,D,Write-ins,1
Lane,Precinct 729,State House,13,D,Write-ins,1
Lane,Precinct 731,State House,13,D,Write-ins,6
Lane,Precinct 733,State House,13,D,Write-ins,7
Lane,Precinct 741,State House,13,D,Write-ins,1
Lane,Precinct 1450,State House,13,R,Jonathan T. Abrahamsen,348
Lane,Precinct 1452,State House,13,R,Jonathan T. Abrahamsen,209
Lane,Precinct 1560,State House,13,R,Jonathan T. Abrahamsen,133
Lane,Precinct 1562,State House,13,R,Jonathan T. Abrahamsen,413
Lane,Precinct 1564,State House,13,R,Jonathan T. Abrahamsen,350
Lane,Precinct 1784,State House,13,R,Jonathan T. Abrahamsen,207
Lane,Precinct 1786,State House,13,R,Jonathan T. Abrahamsen,222
Lane,Precinct 729,State House,13,R,Jonathan T. Abrahamsen,35
Lane,Precinct 731,State House,13,R,Jonathan T. Abrahamsen,365
Lane,Precinct 733,State House,13,R,Jonathan T. Abrahamsen,333
Lane,Precinct 741,State House,13,R,Jonathan T. Abrahamsen,61
Lane,Precinct 1450,State House,13,R,Over Votes,0
Lane,Precinct 1452,State House,13,R,Over Votes,0
Lane,Precinct 1560,State House,13,R,Over Votes,0
Lane,Precinct 1562,State House,13,R,Over Votes,0
Lane,Precinct 1564,State House,13,R,Over Votes,0
Lane,Precinct 1784,State House,13,R,Over Votes,0
Lane,Precinct 1786,State House,13,R,Over Votes,0
Lane,Precinct 729,State House,13,R,Over Votes,0
Lane,Precinct 731,State House,13,R,Over Votes,0
Lane,Precinct 733,State House,13,R,Over Votes,0
Lane,Precinct 741,State House,13,R,Over Votes,0
Lane,Precinct 1450,State House,13,R,Under Votes,481
Lane,Precinct 1452,State House,13,R,Under Votes,393
Lane,Precinct 1560,State House,13,R,Under Votes,170
Lane,Precinct 1562,State House,13,R,Under Votes,593
Lane,Precinct 1564,State House,13,R,Under Votes,471
Lane,Precinct 1784,State House,13,R,Under Votes,278
Lane,Precinct 1786,State House,13,R,Under Votes,284
Lane,Precinct 729,State House,13,R,Under Votes,57
Lane,Precinct 731,State House,13,R,Under Votes,475
Lane,Precinct 733,State House,13,R,Under Votes,470
Lane,Precinct 741,State House,13,R,Under Votes,61
Lane,Precinct 1450,State House,13,R,Write-ins,10
Lane,Precinct 1452,State House,13,R,Write-ins,7
Lane,Precinct 1560,State House,13,R,Write-ins,1
Lane,Precinct 1562,State House,13,R,Write-ins,10
Lane,Precinct 1564,State House,13,R,Write-ins,14
Lane,Precinct 1784,State House,13,R,Write-ins,9
Lane,Precinct 1786,State House,13,R,Write-ins,5
Lane,Precinct 729,State House,13,R,Write-ins,1
Lane,Precinct 731,State House,13,R,Write-ins,22
Lane,Precinct 733,State House,13,R,Write-ins,14
Lane,Precinct 741,State House,13,R,Write-ins,3
Lane,Precinct 1120,State House,14,D,Erik Glass,36
Lane,Precinct 1124,State House,14,D,Erik Glass,10
Lane,Precinct 1670,State House,14,D,Erik Glass,98
Lane,Precinct 1672,State House,14,D,Erik Glass,76
Lane,Precinct 1780,State House,14,D,Erik Glass,27
Lane,Precinct 1890,State House,14,D,Erik Glass,51
Lane,Precinct 1892,State House,14,D,Erik Glass,62
Lane,Precinct 1894,State House,14,D,Erik Glass,45
Lane,Precinct 4900,State House,14,D,Erik Glass,34
Lane,Precinct 717,State House,14,D,Erik Glass,56
Lane,Precinct 719,State House,14,D,Erik Glass,6
Lane,Precinct 721,State House,14,D,Erik Glass,15
Lane,Precinct 727,State House,14,D,Erik Glass,32
Lane,Precinct 1120,State House,14,D,Julie Fahey,527
Lane,Precinct 1124,State House,14,D,Julie Fahey,449
Lane,Precinct 1670,State House,14,D,Julie Fahey,1206
Lane,Precinct 1672,State House,14,D,Julie Fahey,904
Lane,Precinct 1780,State House,14,D,Julie Fahey,310
Lane,Precinct 1890,State House,14,D,Julie Fahey,470
Lane,Precinct 1892,State House,14,D,Julie Fahey,1426
Lane,Precinct 1894,State House,14,D,Julie Fahey,1142
Lane,Precinct 4900,State House,14,D,Julie Fahey,382
Lane,Precinct 717,State House,14,D,Julie Fahey,377
Lane,Precinct 719,State House,14,D,Julie Fahey,77
Lane,Precinct 721,State House,14,D,Julie Fahey,164
Lane,Precinct 727,State House,14,D,Julie Fahey,223
Lane,Precinct 1120,State House,14,D,Over Votes,0
Lane,Precinct 1124,State House,14,D,Over Votes,0
Lane,Precinct 1670,State House,14,D,Over Votes,0
Lane,Precinct 1672,State House,14,D,Over Votes,0
Lane,Precinct 1780,State House,14,D,Over Votes,0
Lane,Precinct 1890,State House,14,D,Over Votes,0
Lane,Precinct 1892,State House,14,D,Over Votes,0
Lane,Precinct 1894,State House,14,D,Over Votes,0
Lane,Precinct 4900,State House,14,D,Over Votes,0
Lane,Precinct 717,State House,14,D,Over Votes,0
Lane,Precinct 719,State House,14,D,Over Votes,0
Lane,Precinct 721,State House,14,D,Over Votes,0
Lane,Precinct 727,State House,14,D,Over Votes,0
Lane,Precinct 1120,State House,14,D,Under Votes,98
Lane,Precinct 1124,State House,14,D,Under Votes,55
Lane,Precinct 1670,State House,14,D,Under Votes,180
Lane,Precinct 1672,State House,14,D,Under Votes,104
Lane,Precinct 1780,State House,14,D,Under Votes,48
Lane,Precinct 1890,State House,14,D,Under Votes,72
Lane,Precinct 1892,State House,14,D,Under Votes,133
Lane,Precinct 1894,State House,14,D,Under Votes,131
Lane,Precinct 4900,State House,14,D,Under Votes,88
Lane,Precinct 717,State House,14,D,Under Votes,86
Lane,Precinct 719,State House,14,D,Under Votes,7
Lane,Precinct 721,State House,14,D,Under Votes,26
Lane,Precinct 727,State House,14,D,Under Votes,56
Lane,Precinct 1120,State House,14,D,Write-ins,3
Lane,Precinct 1124,State House,14,D,Write-ins,2
Lane,Precinct 1670,State House,14,D,Write-ins,7
Lane,Precinct 1672,State House,14,D,Write-ins,5
Lane,Precinct 1780,State House,14,D,Write-ins,2
Lane,Precinct 1890,State House,14,D,Write-ins,1
Lane,Precinct 1892,State House,14,D,Write-ins,2
Lane,Precinct 1894,State House,14,D,Write-ins,2
Lane,Precinct 4900,State House,14,D,Write-ins,0
Lane,Precinct 717,State House,14,D,Write-ins,1
Lane,Precinct 719,State House,14,D,Write-ins,0
Lane,Precinct 721,State House,14,D,Write-ins,1
Lane,Precinct 727,State House,14,D,Write-ins,4
Lane,Precinct 1120,State House,14,R,Kevin T. Burton,48
Lane,Precinct 1124,State House,14,R,Kevin T. Burton,36
Lane,Precinct 1670,State House,14,R,Kevin T. Burton,528
Lane,Precinct 1672,State House,14,R,Kevin T. Burton,307
Lane,Precinct 1780,State House,14,R,Kevin T. Burton,74
Lane,Precinct 1890,State House,14,R,Kevin T. Burton,188
Lane,Precinct 1892,State House,14,R,Kevin T. Burton,169
Lane,Precinct 1894,State House,14,R,Kevin T. Burton,143
Lane,Precinct 4900,State House,14,R,Kevin T. Burton,316
Lane,Precinct 717,State House,14,R,Kevin T. Burton,383
Lane,Precinct 719,State House,14,R,Kevin T. Burton,54
Lane,Precinct 721,State House,14,R,Kevin T. Burton,69
Lane,Precinct 727,State House,14,R,Kevin T. Burton,187
Lane,Precinct 1120,State House,14,R,Over Votes,0
Lane,Precinct 1124,State House,14,R,Over Votes,0
Lane,Precinct 1670,State House,14,R,Over Votes,0
Lane,Precinct 1672,State House,14,R,Over Votes,0
Lane,Precinct 1780,State House,14,R,Over Votes,0
Lane,Precinct 1890,State House,14,R,Over Votes,0
Lane,Precinct 1892,State House,14,R,Over Votes,0
Lane,Precinct 1894,State House,14,R,Over Votes,0
Lane,Precinct 4900,State House,14,R,Over Votes,0
Lane,Precinct 717,State House,14,R,Over Votes,0
Lane,Precinct 719,State House,14,R,Over Votes,0
Lane,Precinct 721,State House,14,R,Over Votes,0
Lane,Precinct 727,State House,14,R,Over Votes,0
Lane,Precinct 1120,State House,14,R,Under Votes,53
Lane,Precinct 1124,State House,14,R,Under Votes,42
Lane,Precinct 1670,State House,14,R,Under Votes,577
Lane,Precinct 1672,State House,14,R,Under Votes,404
Lane,Precinct 1780,State House,14,R,Under Votes,53
Lane,Precinct 1890,State House,14,R,Under Votes,224
Lane,Precinct 1892,State House,14,R,Under Votes,210
Lane,Precinct 1894,State House,14,R,Under Votes,257
Lane,Precinct 4900,State House,14,R,Under Votes,307
Lane,Precinct 717,State House,14,R,Under Votes,455
Lane,Precinct 719,State House,14,R,Under Votes,64
Lane,Precinct 721,State House,14,R,Under Votes,90
Lane,Precinct 727,State House,14,R,Under Votes,295
Lane,Precinct 1120,State House,14,R,Write-ins,3
Lane,Precinct 1124,State House,14,R,Write-ins,2
Lane,Precinct 1670,State House,14,R,Write-ins,22
Lane,Precinct 1672,State House,14,R,Write-ins,9
Lane,Precinct 1780,State House,14,R,Write-ins,3
Lane,Precinct 1890,State House,14,R,Write-ins,6
Lane,Precinct 1892,State House,14,R,Write-ins,12
Lane,Precinct 1894,State House,14,R,Write-ins,4
Lane,Precinct 4900,State House,14,R,Write-ins,10
Lane,Precinct 717,State House,14,R,Write-ins,17
Lane,Precinct 719,State House,14,R,Write-ins,1
Lane,Precinct 721,State House,14,R,Write-ins,1
Lane,Precinct 727,State House,14,R,Write-ins,2
Lane,Precinct 2122,State House,7,D,KC Huffman,77
Lane,Precinct 2238,State House,7,D,KC Huffman,77
Lane,Precinct 2340,State House,7,D,KC Huffman,98
Lane,Precinct 2456,State House,7,D,KC Huffman,103
Lane,Precinct 2562,State House,7,D,KC Huffman,110
Lane,Precinct 2676,State House,7,D,KC Huffman,117
Lane,Precinct 737,State House,7,D,KC Huffman,84
Lane,Precinct 739,State House,7,D,KC Huffman,37
Lane,Precinct 2122,State House,7,D,Kori Rodley,489
Lane,Precinct 2238,State House,7,D,Kori Rodley,749
Lane,Precinct 2340,State House,7,D,Kori Rodley,607
Lane,Precinct 2456,State House,7,D,Kori Rodley,467
Lane,Precinct 2562,State House,7,D,Kori Rodley,520
Lane,Precinct 2676,State House,7,D,Kori Rodley,594
Lane,Precinct 737,State House,7,D,Kori Rodley,462
Lane,Precinct 739,State House,7,D,Kori Rodley,226
Lane,Precinct 2122,State House,7,D,Ky Fireside,268
Lane,Precinct 2238,State House,7,D,Ky Fireside,489
Lane,Precinct 2340,State House,7,D,Ky Fireside,380
Lane,Precinct 2456,State House,7,D,Ky Fireside,208
Lane,Precinct 2562,State House,7,D,Ky Fireside,242
Lane,Precinct 2676,State House,7,D,Ky Fireside,257
Lane,Precinct 737,State House,7,D,Ky Fireside,198
Lane,Precinct 739,State House,7,D,Ky Fireside,108
Lane,Precinct 2122,State House,7,D,Over Votes,0
Lane,Precinct 2238,State House,7,D,Over Votes,0
Lane,Precinct 2340,State House,7,D,Over Votes,0
Lane,Precinct 2456,State House,7,D,Over Votes,0
Lane,Precinct 2562,State House,7,D,Over Votes,0
Lane,Precinct 2676,State House,7,D,Over Votes,0
Lane,Precinct 737,State House,7,D,Over Votes,0
Lane,Precinct 739,State House,7,D,Over Votes,0
Lane,Precinct 2122,State House,7,D,Under Votes,127
Lane,Precinct 2238,State House,7,D,Under Votes,142
Lane,Precinct 2340,State House,7,D,Under Votes,136
Lane,Precinct 2456,State House,7,D,Under Votes,111
Lane,Precinct 2562,State House,7,D,Under Votes,172
Lane,Precinct 2676,State House,7,D,Under Votes,194
Lane,Precinct 737,State House,7,D,Under Votes,110
Lane,Precinct 739,State House,7,D,Under Votes,53
Lane,Precinct 2122,State House,7,D,Write-ins,15
Lane,Precinct 2238,State House,7,D,Write-ins,18
Lane,Precinct 2340,State House,7,D,Write-ins,16
Lane,Precinct 2456,State House,7,D,Write-ins,14
Lane,Precinct 2562,State House,7,D,Write-ins,28
Lane,Precinct 2676,State House,7,D,Write-ins,16
Lane,Precinct 737,State House,7,D,Write-ins,13
Lane,Precinct 739,State House,7,D,Write-ins,6
Lane,Precinct 2122,State House,7,R,Adam Wilson,399
Lane,Precinct 2238,State House,7,R,Adam Wilson,283
Lane,Precinct 2340,State House,7,R,Adam Wilson,468
Lane,Precinct 2456,State House,7,R,Adam Wilson,397
Lane,Precinct 2562,State House,7,R,Adam Wilson,621
Lane,Precinct 2676,State House,7,R,Adam Wilson,724
Lane,Precinct 737,State House,7,R,Adam Wilson,461
Lane,Precinct 739,State House,7,R,Adam Wilson,181
Lane,Precinct 2122,State House,7,R,Over Votes,0
Lane,Precinct 2238,State House,7,R,Over Votes,0
Lane,Precinct 2340,State House,7,R,Over Votes,0
Lane,Precinct 2456,State House,7,R,Over Votes,0
Lane,Precinct 2562,State House,7,R,Over Votes,0
Lane,Precinct 2676,State House,7,R,Over Votes,0
Lane,Precinct 737,State House,7,R,Over Votes,0
Lane,Precinct 739,State House,7,R,Over Votes,1
Lane,Precinct 2122,State House,7,R,Under Votes,327
Lane,Precinct 2238,State House,7,R,Under Votes,259
Lane,Precinct 2340,State House,7,R,Under Votes,379
Lane,Precinct 2456,State House,7,R,Under Votes,353
Lane,Precinct 2562,State House,7,R,Under Votes,390
Lane,Precinct 2676,State House,7,R,Under Votes,702
Lane,Precinct 737,State House,7,R,Under Votes,399
Lane,Precinct 739,State House,7,R,Under Votes,179
Lane,Precinct 2122,State House,7,R,Write-ins,8
Lane,Precinct 2238,State House,7,R,Write-ins,6
Lane,Precinct 2340,State House,7,R,Write-ins,8
Lane,Precinct 2456,State House,7,R,Write-ins,11
Lane,Precinct 2562,State House,7,R,Write-ins,10
Lane,Precinct 2676,State House,7,R,Write-ins,21
Lane,Precinct 737,State House,7,R,Write-ins,9
Lane,Precinct 739,State House,7,R,Write-ins,6
Lane,Precinct 1122,State House,8,D,Lisa Fragala,1111
Lane,Precinct 1126,State House,8,D,Lisa Fragala,1770
Lane,Precinct 1230,State House,8,D,Lisa Fragala,1889
Lane,Precinct 1232,State House,8,D,Lisa Fragala,1926
Lane,Precinct 1340,State House,8,D,Lisa Fragala,1307
Lane,Precinct 1342,State House,8,D,Lisa Fragala,343
Lane,Precinct 1454,State House,8,D,Lisa Fragala,331
Lane,Precinct 1782,State House,8,D,Lisa Fragala,493
Lane,Precinct 1894,State House,8,D,Lisa Fragala,38
Lane,Precinct 723,State House,8,D,Lisa Fragala,661
Lane,Precinct 725,State House,8,D,Lisa Fragala,225
Lane,Precinct 741,State House,8,D,Lisa Fragala,6
Lane,Precinct 743,State House,8,D,Lisa Fragala,23
Lane,Precinct 1122,State House,8,D,Over Votes,0
Lane,Precinct 1126,State House,8,D,Over Votes,0
Lane,Precinct 1230,State House,8,D,Over Votes,0
Lane,Precinct 1232,State House,8,D,Over Votes,0
Lane,Precinct 1340,State House,8,D,Over Votes,0
Lane,Precinct 1342,State House,8,D,Over Votes,0
Lane,Precinct 1454,State House,8,D,Over Votes,0
Lane,Precinct 1782,State House,8,D,Over Votes,0
Lane,Precinct 1894,State House,8,D,Over Votes,0
Lane,Precinct 723,State House,8,D,Over Votes,0
Lane,Precinct 725,State House,8,D,Over Votes,0
Lane,Precinct 741,State House,8,D,Over Votes,0
Lane,Precinct 743,State House,8,D,Over Votes,0
Lane,Precinct 1122,State House,8,D,Under Votes,417
Lane,Precinct 1126,State House,8,D,Under Votes,533
Lane,Precinct 1230,State House,8,D,Under Votes,558
Lane,Precinct 1232,State House,8,D,Under Votes,606
Lane,Precinct 1340,State House,8,D,Under Votes,467
Lane,Precinct 1342,State House,8,D,Under Votes,133
Lane,Precinct 1454,State House,8,D,Under Votes,107
Lane,Precinct 1782,State House,8,D,Under Votes,169
Lane,Precinct 1894,State House,8,D,Under Votes,11
Lane,Precinct 723,State House,8,D,Under Votes,264
Lane,Precinct 725,State House,8,D,Under Votes,135
Lane,Precinct 741,State House,8,D,Under Votes,3
Lane,Precinct 743,State House,8,D,Under Votes,10
Lane,Precinct 1122,State House,8,D,Write-ins,8
Lane,Precinct 1126,State House,8,D,Write-ins,7
Lane,Precinct 1230,State House,8,D,Write-ins,10
Lane,Precinct 1232,State House,8,D,Write-ins,7
Lane,Precinct 1340,State House,8,D,Write-ins,8
Lane,Precinct 1342,State House,8,D,Write-ins,3
Lane,Precinct 1454,State House,8,D,Write-ins,1
Lane,Precinct 1782,State House,8,D,Write-ins,0
Lane,Precinct 1894,State House,8,D,Write-ins,0
Lane,Precinct 723,State House,8,D,Write-ins,4
Lane,Precinct 725,State House,8,D,Write-ins,3
Lane,Precinct 741,State House,8,D,Write-ins,0
Lane,Precinct 743,State House,8,D,Write-ins,0
Lane,Precinct 1122,State House,8,R,Bill Vivian,59
Lane,Precinct 1126,State House,8,R,Bill Vivian,43
Lane,Precinct 1230,State House,8,R,Bill Vivian,68
Lane,Precinct 1232,State House,8,R,Bill Vivian,120
Lane,Precinct 1340,State House,8,R,Bill Vivian,35
Lane,Precinct 1342,State House,8,R,Bill Vivian,20
Lane,Precinct 1454,State House,8,R,Bill Vivian,56
Lane,Precinct 1782,State House,8,R,Bill Vivian,21
Lane,Precinct 1894,State House,8,R,Bill Vivian,8
Lane,Precinct 723,State House,8,R,Bill Vivian,144
Lane,Precinct 725,State House,8,R,Bill Vivian,175
Lane,Precinct 741,State House,8,R,Bill Vivian,0
Lane,Precinct 743,State House,8,R,Bill Vivian,12
Lane,Precinct 1122,State House,8,R,Over Votes,0
Lane,Precinct 1126,State House,8,R,Over Votes,0
Lane,Precinct 1230,State House,8,R,Over Votes,0
Lane,Precinct 1232,State House,8,R,Over Votes,0
Lane,Precinct 1340,State House,8,R,Over Votes,0
Lane,Precinct 1342,State House,8,R,Over Votes,0
Lane,Precinct 1454,State House,8,R,Over Votes,0
Lane,Precinct 1782,State House,8,R,Over Votes,0
Lane,Precinct 1894,State House,8,R,Over Votes,0
Lane,Precinct 723,State House,8,R,Over Votes,0
Lane,Precinct 725,State House,8,R,Over Votes,0
Lane,Precinct 741,State House,8,R,Over Votes,0
Lane,Precinct 743,State House,8,R,Over Votes,0
Lane,Precinct 1122,State House,8,R,Under Votes,59
Lane,Precinct 1126,State House,8,R,Under Votes,99
Lane,Precinct 1230,State House,8,R,Under Votes,123
Lane,Precinct 1232,State House,8,R,Under Votes,187
Lane,Precinct 1340,State House,8,R,Under Votes,70
Lane,Precinct 1342,State House,8,R,Under Votes,54
Lane,Precinct 1454,State House,8,R,Under Votes,80
Lane,Precinct 1782,State House,8,R,Under Votes,37
Lane,Precinct 1894,State House,8,R,Under Votes,9
Lane,Precinct 723,State House,8,R,Under Votes,295
Lane,Precinct 725,State House,8,R,Under Votes,360
Lane,Precinct 741,State House,8,R,Under Votes,3
Lane,Precinct 743,State House,8,R,Under Votes,9
Lane,Precinct 1122,State House,8,R,Write-ins,2
Lane,Precinct 1126,State House,8,R,Write-ins,4
Lane,Precinct 1230,State House,8,R,Write-ins,3
Lane,Precinct 1232,State House,8,R,Write-ins,3
Lane,Precinct 1340,State House,8,R,Write-ins,7
Lane,Precinct 1342,State House,8,R,Write-ins,4
Lane,Precinct 1454,State House,8,R,Write-ins,6
Lane,Precinct 1782,State House,8,R,Write-ins,0
Lane,Precinct 1894,State House,8,R,Write-ins,0
Lane,Precinct 723,State House,8,R,Write-ins,6
Lane,Precinct 725,State House,8,R,Write-ins,5
Lane,Precinct 741,State House,8,R,Write-ins,0
Lane,Precinct 743,State House,8,R,Write-ins,0
Lane,Precinct 4500,State House,9,D,John Ezra Scheirman,155
Lane,Precinct 4600,State House,9,D,John Ezra Scheirman,1124
Lane,Precinct 705,State House,9,D,John Ezra Scheirman,368
Lane,Precinct 707,State House,9,D,John Ezra Scheirman,87
Lane,Precinct 709,State House,9,D,John Ezra Scheirman,191
Lane,Precinct 711,State House,9,D,John Ezra Scheirman,461
Lane,Precinct 4500,State House,9,D,Over Votes,0
Lane,Precinct 4600,State House,9,D,Over Votes,0
Lane,Precinct 705,State House,9,D,Over Votes,0
Lane,Precinct 707,State House,9,D,Over Votes,0
Lane,Precinct 709,State House,9,D,Over Votes,0
Lane,Precinct 711,State House,9,D,Over Votes,0
Lane,Precinct 4500,State House,9,D,Under Votes,105
Lane,Precinct 4600,State House,9,D,Under Votes,539
Lane,Precinct 705,State House,9,D,Under Votes,197
Lane,Precinct 707,State House,9,D,Under Votes,51
Lane,Precinct 709,State House,9,D,Under Votes,163
Lane,Precinct 711,State House,9,D,Under Votes,422
Lane,Precinct 4500,State House,9,D,Write-ins,5
Lane,Precinct 4600,State House,9,D,Write-ins,32
Lane,Precinct 705,State House,9,D,Write-ins,6
Lane,Precinct 707,State House,9,D,Write-ins,1
Lane,Precinct 709,State House,9,D,Write-ins,5
Lane,Precinct 711,State House,9,D,Write-ins,13
Lane,Precinct 4500,State House,9,R,Claire Lynn,286
Lane,Precinct 4600,State House,9,R,Claire Lynn,1128
Lane,Precinct 705,State House,9,R,Claire Lynn,427
Lane,Precinct 707,State House,9,R,Claire Lynn,151
Lane,Precinct 709,State House,9,R,Claire Lynn,309
Lane,Precinct 711,State House,9,R,Claire Lynn,695
Lane,Precinct 4500,State House,9,R,Over Votes,0
Lane,Precinct 4600,State House,9,R,Over Votes,0
Lane,Precinct 705,State House,9,R,Over Votes,0
Lane,Precinct 707,State House,9,R,Over Votes,0
Lane,Precinct 709,State House,9,R,Over Votes,0
Lane,Precinct 711,State House,9,R,Over Votes,0
Lane,Precinct 4500,State House,9,R,Troy Cribbins,48
Lane,Precinct 4600,State House,9,R,Troy Cribbins,203
Lane,Precinct 705,State House,9,R,Troy Cribbins,96
Lane,Precinct 707,State House,9,R,Troy Cribbins,23
Lane,Precinct 709,State House,9,R,Troy Cribbins,90
Lane,Precinct 711,State House,9,R,Troy Cribbins,195
Lane,Precinct 4500,State House,9,R,Under Votes,18
Lane,Precinct 4600,State House,9,R,Under Votes,93
Lane,Precinct 705,State House,9,R,Under Votes,38
Lane,Precinct 707,State House,9,R,Under Votes,12
Lane,Precinct 709,State House,9,R,Under Votes,73
Lane,Precinct 711,State House,9,R,Under Votes,177
Lane,Precinct 4500,State House,9,R,Write-ins,1
Lane,Precinct 4600,State House,9,R,Write-ins,14
Lane,Precinct 705,State House,9,R,Write-ins,1
Lane,Precinct 707,State House,9,R,Write-ins,0
Lane,Precinct 709,State House,9,R,Write-ins,1
Lane,Precinct 711,State House,9,R,Write-ins,5
Lane,Precinct 1122,State Senate,4,D,Floyd Prozanski,1164
Lane,Precinct 1126,State Senate,4,D,Floyd Prozanski,1865
Lane,Precinct 1230,State Senate,4,D,Floyd Prozanski,1982
Lane,Precinct 1232,State Senate,4,D,Floyd Prozanski,2043
Lane,Precinct 1340,State Senate,4,D,Floyd Prozanski,1381
Lane,Precinct 1342,State Senate,4,D,Floyd Prozanski,368
Lane,Precinct 1454,State Senate,4,D,Floyd Prozanski,352
Lane,Precinct 1782,State Senate,4,D,Floyd Prozanski,505
Lane,Precinct 1894,State Senate,4,D,Floyd Prozanski,38
Lane,Precinct 2122,State Senate,4,D,Floyd Prozanski,713
Lane,Precinct 2238,State Senate,4,D,Floyd Prozanski,1098
Lane,Precinct 2340,State Senate,4,D,Floyd Prozanski,902
Lane,Precinct 2456,State Senate,4,D,Floyd Prozanski,653
Lane,Precinct 2562,State Senate,4,D,Floyd Prozanski,765
Lane,Precinct 2676,State Senate,4,D,Floyd Prozanski,838
Lane,Precinct 723,State Senate,4,D,Floyd Prozanski,723
Lane,Precinct 725,State Senate,4,D,Floyd Prozanski,252
Lane,Precinct 737,State Senate,4,D,Floyd Prozanski,633
Lane,Precinct 739,State Senate,4,D,Floyd Prozanski,306
Lane,Precinct 741,State Senate,4,D,Floyd Prozanski,8
Lane,Precinct 743,State Senate,4,D,Floyd Prozanski,27
Lane,Precinct 1122,State Senate,4,D,Over Votes,0
Lane,Precinct 1126,State Senate,4,D,Over Votes,0
Lane,Precinct 1230,State Senate,4,D,Over Votes,0
Lane,Precinct 1232,State Senate,4,D,Over Votes,0
Lane,Precinct 1340,State Senate,4,D,Over Votes,0
Lane,Precinct 1342,State Senate,4,D,Over Votes,0
Lane,Precinct 1454,State Senate,4,D,Over Votes,0
Lane,Precinct 1782,State Senate,4,D,Over Votes,0
Lane,Precinct 1894,State Senate,4,D,Over Votes,0
Lane,Precinct 2122,State Senate,4,D,Over Votes,0
Lane,Precinct 2238,State Senate,4,D,Over Votes,0
Lane,Precinct 2340,State Senate,4,D,Over Votes,0
Lane,Precinct 2456,State Senate,4,D,Over Votes,0
Lane,Precinct 2562,State Senate,4,D,Over Votes,0
Lane,Precinct 2676,State Senate,4,D,Over Votes,0
Lane,Precinct 723,State Senate,4,D,Over Votes,0
Lane,Precinct 725,State Senate,4,D,Over Votes,0
Lane,Precinct 737,State Senate,4,D,Over Votes,0
Lane,Precinct 739,State Senate,4,D,Over Votes,0
Lane,Precinct 741,State Senate,4,D,Over Votes,0
Lane,Precinct 743,State Senate,4,D,Over Votes,0
Lane,Precinct 1122,State Senate,4,D,Under Votes,362
Lane,Precinct 1126,State Senate,4,D,Under Votes,436
Lane,Precinct 1230,State Senate,4,D,Under Votes,468
Lane,Precinct 1232,State Senate,4,D,Under Votes,483
Lane,Precinct 1340,State Senate,4,D,Under Votes,390
Lane,Precinct 1342,State Senate,4,D,Under Votes,109
Lane,Precinct 1454,State Senate,4,D,Under Votes,85
Lane,Precinct 1782,State Senate,4,D,Under Votes,152
Lane,Precinct 1894,State Senate,4,D,Under Votes,11
Lane,Precinct 2122,State Senate,4,D,Under Votes,256
Lane,Precinct 2238,State Senate,4,D,Under Votes,363
Lane,Precinct 2340,State Senate,4,D,Under Votes,325
Lane,Precinct 2456,State Senate,4,D,Under Votes,237
Lane,Precinct 2562,State Senate,4,D,Under Votes,297
Lane,Precinct 2676,State Senate,4,D,Under Votes,336
Lane,Precinct 723,State Senate,4,D,Under Votes,197
Lane,Precinct 725,State Senate,4,D,Under Votes,108
Lane,Precinct 737,State Senate,4,D,Under Votes,231
Lane,Precinct 739,State Senate,4,D,Under Votes,114
Lane,Precinct 741,State Senate,4,D,Under Votes,1
Lane,Precinct 743,State Senate,4,D,Under Votes,6
Lane,Precinct 1122,State Senate,4,D,Write-ins,10
Lane,Precinct 1126,State Senate,4,D,Write-ins,9
Lane,Precinct 1230,State Senate,4,D,Write-ins,7
Lane,Precinct 1232,State Senate,4,D,Write-ins,13
Lane,Precinct 1340,State Senate,4,D,Write-ins,11
Lane,Precinct 1342,State Senate,4,D,Write-ins,2
Lane,Precinct 1454,State Senate,4,D,Write-ins,2
Lane,Precinct 1782,State Senate,4,D,Write-ins,5
Lane,Precinct 1894,State Senate,4,D,Write-ins,0
Lane,Precinct 2122,State Senate,4,D,Write-ins,7
Lane,Precinct 2238,State Senate,4,D,Write-ins,14
Lane,Precinct 2340,State Senate,4,D,Write-ins,10
Lane,Precinct 2456,State Senate,4,D,Write-ins,13
Lane,Precinct 2562,State Senate,4,D,Write-ins,10
Lane,Precinct 2676,State Senate,4,D,Write-ins,4
Lane,Precinct 723,State Senate,4,D,Write-ins,9
Lane,Precinct 725,State Senate,4,D,Write-ins,3
Lane,Precinct 737,State Senate,4,D,Write-ins,3
Lane,Precinct 739,State Senate,4,D,Write-ins,10
Lane,Precinct 741,State Senate,4,D,Write-ins,0
Lane,Precinct 743,State Senate,4,D,Write-ins,0
Lane,Precinct 1122,State Senate,4,R,Over Votes,0
Lane,Precinct 1126,State Senate,4,R,Over Votes,0
Lane,Precinct 1230,State Senate,4,R,Over Votes,0
Lane,Precinct 1232,State Senate,4,R,Over Votes,0
Lane,Precinct 1340,State Senate,4,R,Over Votes,0
Lane,Precinct 1342,State Senate,4,R,Over Votes,0
Lane,Precinct 1454,State Senate,4,R,Over Votes,0
Lane,Precinct 1782,State Senate,4,R,Over Votes,0
Lane,Precinct 1894,State Senate,4,R,Over Votes,0
Lane,Precinct 2122,State Senate,4,R,Over Votes,0
Lane,Precinct 2238,State Senate,4,R,Over Votes,0
Lane,Precinct 2340,State Senate,4,R,Over Votes,0
Lane,Precinct 2456,State Senate,4,R,Over Votes,0
Lane,Precinct 2562,State Senate,4,R,Over Votes,0
Lane,Precinct 2676,State Senate,4,R,Over Votes,0
Lane,Precinct 723,State Senate,4,R,Over Votes,0
Lane,Precinct 725,State Senate,4,R,Over Votes,0
Lane,Precinct 737,State Senate,4,R,Over Votes,0
Lane,Precinct 739,State Senate,4,R,Over Votes,0
Lane,Precinct 741,State Senate,4,R,Over Votes,0
Lane,Precinct 743,State Senate,4,R,Over Votes,0
Lane,Precinct 1122,State Senate,4,R,Under Votes,98
Lane,Precinct 1126,State Senate,4,R,Under Votes,135
Lane,Precinct 1230,State Senate,4,R,Under Votes,178
Lane,Precinct 1232,State Senate,4,R,Under Votes,290
Lane,Precinct 1340,State Senate,4,R,Under Votes,103
Lane,Precinct 1342,State Senate,4,R,Under Votes,71
Lane,Precinct 1454,State Senate,4,R,Under Votes,131
Lane,Precinct 1782,State Senate,4,R,Under Votes,52
Lane,Precinct 1894,State Senate,4,R,Under Votes,17
Lane,Precinct 2122,State Senate,4,R,Under Votes,682
Lane,Precinct 2238,State Senate,4,R,Under Votes,500
Lane,Precinct 2340,State Senate,4,R,Under Votes,777
Lane,Precinct 2456,State Senate,4,R,Under Votes,703
Lane,Precinct 2562,State Senate,4,R,Under Votes,939
Lane,Precinct 2676,State Senate,4,R,Under Votes,1352
Lane,Precinct 723,State Senate,4,R,Under Votes,419
Lane,Precinct 725,State Senate,4,R,Under Votes,504
Lane,Precinct 737,State Senate,4,R,Under Votes,813
Lane,Precinct 739,State Senate,4,R,Under Votes,337
Lane,Precinct 741,State Senate,4,R,Under Votes,3
Lane,Precinct 743,State Senate,4,R,Under Votes,20
Lane,Precinct 1122,State Senate,4,R,Write-ins,22
Lane,Precinct 1126,State Senate,4,R,Write-ins,11
Lane,Precinct 1230,State Senate,4,R,Write-ins,16
Lane,Precinct 1232,State Senate,4,R,Write-ins,20
Lane,Precinct 1340,State Senate,4,R,Write-ins,9
Lane,Precinct 1342,State Senate,4,R,Write-ins,7
Lane,Precinct 1454,State Senate,4,R,Write-ins,11
Lane,Precinct 1782,State Senate,4,R,Write-ins,6
Lane,Precinct 1894,State Senate,4,R,Write-ins,0
Lane,Precinct 2122,State Senate,4,R,Write-ins,52
Lane,Precinct 2238,State Senate,4,R,Write-ins,48
Lane,Precinct 2340,State Senate,4,R,Write-ins,78
Lane,Precinct 2456,State Senate,4,R,Write-ins,58
Lane,Precinct 2562,State Senate,4,R,Write-ins,82
Lane,Precinct 2676,State Senate,4,R,Write-ins,95
Lane,Precinct 723,State Senate,4,R,Write-ins,26
Lane,Precinct 725,State Senate,4,R,Write-ins,36
Lane,Precinct 737,State Senate,4,R,Write-ins,56
Lane,Precinct 739,State Senate,4,R,Write-ins,30
Lane,Precinct 741,State Senate,4,R,Write-ins,0
Lane,Precinct 743,State Senate,4,R,Write-ins,1
Lane,Precinct 1234,State Senate,6,D,Over Votes,0
Lane,Precinct 1560,State Senate,6,D,Over Votes,0
Lane,Precinct 1784,State Senate,6,D,Over Votes,0
Lane,Precinct 4200,State Senate,6,D,Over Votes,0
Lane,Precinct 4300,State Senate,6,D,Over Votes,0
Lane,Precinct 4400,State Senate,6,D,Over Votes,0
Lane,Precinct 4700,State Senate,6,D,Over Votes,0
Lane,Precinct 4800,State Senate,6,D,Over Votes,0
Lane,Precinct 715,State Senate,6,D,Over Votes,0
Lane,Precinct 743,State Senate,6,D,Over Votes,0
Lane,Precinct 747,State Senate,6,D,Over Votes,0
Lane,Precinct 751,State Senate,6,D,Over Votes,0
Lane,Precinct 753,State Senate,6,D,Over Votes,0
Lane,Precinct 755,State Senate,6,D,Over Votes,0
Lane,Precinct 757,State Senate,6,D,Over Votes,0
Lane,Precinct 759,State Senate,6,D,Over Votes,0
Lane,Precinct 765,State Senate,6,D,Over Votes,0
Lane,Precinct 1234,State Senate,6,D,Sierrah Williams,876
Lane,Precinct 1560,State Senate,6,D,Sierrah Williams,22
Lane,Precinct 1784,State Senate,6,D,Sierrah Williams,38
Lane,Precinct 4200,State Senate,6,D,Sierrah Williams,148
Lane,Precinct 4300,State Senate,6,D,Sierrah Williams,657
Lane,Precinct 4400,State Senate,6,D,Sierrah Williams,335
Lane,Precinct 4700,State Senate,6,D,Sierrah Williams,394
Lane,Precinct 4800,State Senate,6,D,Sierrah Williams,175
Lane,Precinct 715,State Senate,6,D,Sierrah Williams,169
Lane,Precinct 743,State Senate,6,D,Sierrah Williams,85
Lane,Precinct 747,State Senate,6,D,Sierrah Williams,621
Lane,Precinct 751,State Senate,6,D,Sierrah Williams,532
Lane,Precinct 753,State Senate,6,D,Sierrah Williams,127
Lane,Precinct 755,State Senate,6,D,Sierrah Williams,334
Lane,Precinct 757,State Senate,6,D,Sierrah Williams,329
Lane,Precinct 759,State Senate,6,D,Sierrah Williams,378
Lane,Precinct 765,State Senate,6,D,Sierrah Williams,292
Lane,Precinct 1234,State Senate,6,D,Under Votes,571
Lane,Precinct 1560,State Senate,6,D,Under Votes,16
Lane,Precinct 1784,State Senate,6,D,Under Votes,17
Lane,Precinct 4200,State Senate,6,D,Under Votes,89
Lane,Precinct 4300,State Senate,6,D,Under Votes,345
Lane,Precinct 4400,State Senate,6,D,Under Votes,173
Lane,Precinct 4700,State Senate,6,D,Under Votes,196
Lane,Precinct 4800,State Senate,6,D,Under Votes,96
Lane,Precinct 715,State Senate,6,D,Under Votes,99
Lane,Precinct 743,State Senate,6,D,Under Votes,53
Lane,Precinct 747,State Senate,6,D,Under Votes,352
Lane,Precinct 751,State Senate,6,D,Under Votes,369
Lane,Precinct 753,State Senate,6,D,Under Votes,124
Lane,Precinct 755,State Senate,6,D,Under Votes,231
Lane,Precinct 757,State Senate,6,D,Under Votes,190
Lane,Precinct 759,State Senate,6,D,Under Votes,190
Lane,Precinct 765,State Senate,6,D,Under Votes,156
Lane,Precinct 1234,State Senate,6,D,Write-ins,17
Lane,Precinct 1560,State Senate,6,D,Write-ins,0
Lane,Precinct 1784,State Senate,6,D,Write-ins,0
Lane,Precinct 4200,State Senate,6,D,Write-ins,1
Lane,Precinct 4300,State Senate,6,D,Write-ins,20
Lane,Precinct 4400,State Senate,6,D,Write-ins,13
Lane,Precinct 4700,State Senate,6,D,Write-ins,12
Lane,Precinct 4800,State Senate,6,D,Write-ins,9
Lane,Precinct 715,State Senate,6,D,Write-ins,2
Lane,Precinct 743,State Senate,6,D,Write-ins,6
Lane,Precinct 747,State Senate,6,D,Write-ins,25
Lane,Precinct 751,State Senate,6,D,Write-ins,10
Lane,Precinct 753,State Senate,6,D,Write-ins,7
Lane,Precinct 755,State Senate,6,D,Write-ins,8
Lane,Precinct 757,State Senate,6,D,Write-ins,8
Lane,Precinct 759,State Senate,6,D,Write-ins,14
Lane,Precinct 765,State Senate,6,D,Write-ins,9
Lane,Precinct 1234,State Senate,6,R,Jack Tibbetts,80
Lane,Precinct 1560,State Senate,6,R,Jack Tibbetts,14
Lane,Precinct 1784,State Senate,6,R,Jack Tibbetts,20
Lane,Precinct 4200,State Senate,6,R,Jack Tibbetts,124
Lane,Precinct 4300,State Senate,6,R,Jack Tibbetts,858
Lane,Precinct 4400,State Senate,6,R,Jack Tibbetts,493
Lane,Precinct 4700,State Senate,6,R,Jack Tibbetts,612
Lane,Precinct 4800,State Senate,6,R,Jack Tibbetts,204
Lane,Precinct 715,State Senate,6,R,Jack Tibbetts,318
Lane,Precinct 743,State Senate,6,R,Jack Tibbetts,65
Lane,Precinct 747,State Senate,6,R,Jack Tibbetts,994
Lane,Precinct 751,State Senate,6,R,Jack Tibbetts,755
Lane,Precinct 753,State Senate,6,R,Jack Tibbetts,246
Lane,Precinct 755,State Senate,6,R,Jack Tibbetts,531
Lane,Precinct 757,State Senate,6,R,Jack Tibbetts,452
Lane,Precinct 759,State Senate,6,R,Jack Tibbetts,430
Lane,Precinct 765,State Senate,6,R,Jack Tibbetts,409
Lane,Precinct 1234,State Senate,6,R,Jami Cate,61
Lane,Precinct 1560,State Senate,6,R,Jami Cate,4
Lane,Precinct 1784,State Senate,6,R,Jami Cate,11
Lane,Precinct 4200,State Senate,6,R,Jami Cate,56
Lane,Precinct 4300,State Senate,6,R,Jami Cate,222
Lane,Precinct 4400,State Senate,6,R,Jami Cate,173
Lane,Precinct 4700,State Senate,6,R,Jami Cate,287
Lane,Precinct 4800,State Senate,6,R,Jami Cate,83
Lane,Precinct 715,State Senate,6,R,Jami Cate,168
Lane,Precinct 743,State Senate,6,R,Jami Cate,31
Lane,Precinct 747,State Senate,6,R,Jami Cate,339
Lane,Precinct 751,State Senate,6,R,Jami Cate,383
Lane,Precinct 753,State Senate,6,R,Jami Cate,118
Lane,Precinct 755,State Senate,6,R,Jami Cate,202
Lane,Precinct 757,State Senate,6,R,Jami Cate,216
Lane,Precinct 759,State Senate,6,R,Jami Cate,157
Lane,Precinct 765,State Senate,6,R,Jami Cate,172
Lane,Precinct 1234,State Senate,6,R,Nicole De Graff,12
Lane,Precinct 1560,State Senate,6,R,Nicole De Graff,0
Lane,Precinct 1784,State Senate,6,R,Nicole De Graff,0
Lane,Precinct 4200,State Senate,6,R,Nicole De Graff,13
Lane,Precinct 4300,State Senate,6,R,Nicole De Graff,54
Lane,Precinct 4400,State Senate,6,R,Nicole De Graff,46
Lane,Precinct 4700,State Senate,6,R,Nicole De Graff,49
Lane,Precinct 4800,State Senate,6,R,Nicole De Graff,30
Lane,Precinct 715,State Senate,6,R,Nicole De Graff,33
Lane,Precinct 743,State Senate,6,R,Nicole De Graff,11
Lane,Precinct 747,State Senate,6,R,Nicole De Graff,76
Lane,Precinct 751,State Senate,6,R,Nicole De Graff,83
Lane,Precinct 753,State Senate,6,R,Nicole De Graff,29
Lane,Precinct 755,State Senate,6,R,Nicole De Graff,42
Lane,Precinct 757,State Senate,6,R,Nicole De Graff,33
Lane,Precinct 759,State Senate,6,R,Nicole De Graff,42
Lane,Precinct 765,State Senate,6,R,Nicole De Graff,28
Lane,Precinct 1234,State Senate,6,R,Over Votes,0
Lane,Precinct 1560,State Senate,6,R,Over Votes,0
Lane,Precinct 1784,State Senate,6,R,Over Votes,0
Lane,Precinct 4200,State Senate,6,R,Over Votes,0
Lane,Precinct 4300,State Senate,6,R,Over Votes,0
Lane,Precinct 4400,State Senate,6,R,Over Votes,0
Lane,Precinct 4700,State Senate,6,R,Over Votes,0
Lane,Precinct 4800,State Senate,6,R,Over Votes,0
Lane,Precinct 715,State Senate,6,R,Over Votes,0
Lane,Precinct 743,State Senate,6,R,Over Votes,0
Lane,Precinct 747,State Senate,6,R,Over Votes,0
Lane,Precinct 751,State Senate,6,R,Over Votes,0
Lane,Precinct 753,State Senate,6,R,Over Votes,0
Lane,Precinct 755,State Senate,6,R,Over Votes,0
Lane,Precinct 757,State Senate,6,R,Over Votes,0
Lane,Precinct 759,State Senate,6,R,Over Votes,0
Lane,Precinct 765,State Senate,6,R,Over Votes,0
Lane,Precinct 1234,State Senate,6,R,Under Votes,31
Lane,Precinct 1560,State Senate,6,R,Under Votes,5
Lane,Precinct 1784,State Senate,6,R,Under Votes,5
Lane,Precinct 4200,State Senate,6,R,Under Votes,31
Lane,Precinct 4300,State Senate,6,R,Under Votes,100
Lane,Precinct 4400,State Senate,6,R,Under Votes,77
Lane,Precinct 4700,State Senate,6,R,Under Votes,109
Lane,Precinct 4800,State Senate,6,R,Under Votes,32
Lane,Precinct 715,State Senate,6,R,Under Votes,97
Lane,Precinct 743,State Senate,6,R,Under Votes,9
Lane,Precinct 747,State Senate,6,R,Under Votes,143
Lane,Precinct 751,State Senate,6,R,Under Votes,176
Lane,Precinct 753,State Senate,6,R,Under Votes,53
Lane,Precinct 755,State Senate,6,R,Under Votes,110
Lane,Precinct 757,State Senate,6,R,Under Votes,72
Lane,Precinct 759,State Senate,6,R,Under Votes,69
Lane,Precinct 765,State Senate,6,R,Under Votes,70
Lane,Precinct 1234,State Senate,6,R,Write-ins,3
Lane,Precinct 1560,State Senate,6,R,Write-ins,0
Lane,Precinct 1784,State Senate,6,R,Write-ins,0
Lane,Precinct 4200,State Senate,6,R,Write-ins,1
Lane,Precinct 4300,State Senate,6,R,Write-ins,8
Lane,Precinct 4400,State Senate,6,R,Write-ins,6
Lane,Precinct 4700,State Senate,6,R,Write-ins,5
Lane,Precinct 4800,State Senate,6,R,Write-ins,3
Lane,Precinct 715,State Senate,6,R,Write-ins,1
Lane,Precinct 743,State Senate,6,R,Write-ins,0
Lane,Precinct 747,State Senate,6,R,Write-ins,2
Lane,Precinct 751,State Senate,6,R,Write-ins,3
Lane,Precinct 753,State Senate,6,R,Write-ins,2
Lane,Precinct 755,State Senate,6,R,Write-ins,3
Lane,Precinct 757,State Senate,6,R,Write-ins,1
Lane,Precinct 759,State Senate,6,R,Write-ins,4
Lane,Precinct 765,State Senate,6,R,Write-ins,1
Lane,Precinct 1120,State Senate,7,D,James I. Manning Jr,440
Lane,Precinct 1124,State Senate,7,D,James I. Manning Jr,370
Lane,Precinct 1450,State Senate,7,D,James I. Manning Jr,1274
Lane,Precinct 1452,State Senate,7,D,James I. Manning Jr,970
Lane,Precinct 1560,State Senate,7,D,James I. Manning Jr,350
Lane,Precinct 1562,State Senate,7,D,James I. Manning Jr,1249
Lane,Precinct 1564,State Senate,7,D,James I. Manning Jr,1559
Lane,Precinct 1670,State Senate,7,D,James I. Manning Jr,1103
Lane,Precinct 1672,State Senate,7,D,James I. Manning Jr,805
Lane,Precinct 1780,State Senate,7,D,James I. Manning Jr,274
Lane,Precinct 1784,State Senate,7,D,James I. Manning Jr,818
Lane,Precinct 1786,State Senate,7,D,James I. Manning Jr,442
Lane,Precinct 1890,State Senate,7,D,James I. Manning Jr,427
Lane,Precinct 1892,State Senate,7,D,James I. Manning Jr,1231
Lane,Precinct 1894,State Senate,7,D,James I. Manning Jr,982
Lane,Precinct 4900,State Senate,7,D,James I. Manning Jr,336
Lane,Precinct 717,State Senate,7,D,James I. Manning Jr,340
Lane,Precinct 719,State Senate,7,D,James I. Manning Jr,67
Lane,Precinct 721,State Senate,7,D,James I. Manning Jr,138
Lane,Precinct 727,State Senate,7,D,James I. Manning Jr,208
Lane,Precinct 729,State Senate,7,D,James I. Manning Jr,92
Lane,Precinct 731,State Senate,7,D,James I. Manning Jr,992
Lane,Precinct 733,State Senate,7,D,James I. Manning Jr,1436
Lane,Precinct 741,State Senate,7,D,James I. Manning Jr,170
Lane,Precinct 1120,State Senate,7,D,Over Votes,0
Lane,Precinct 1124,State Senate,7,D,Over Votes,0
Lane,Precinct 1450,State Senate,7,D,Over Votes,0
Lane,Precinct 1452,State Senate,7,D,Over Votes,0
Lane,Precinct 1560,State Senate,7,D,Over Votes,0
Lane,Precinct 1562,State Senate,7,D,Over Votes,0
Lane,Precinct 1564,State Senate,7,D,Over Votes,0
Lane,Precinct 1670,State Senate,7,D,Over Votes,0
Lane,Precinct 1672,State Senate,7,D,Over Votes,0
Lane,Precinct 1780,State Senate,7,D,Over Votes,0
Lane,Precinct 1784,State Senate,7,D,Over Votes,0
Lane,Precinct 1786,State Senate,7,D,Over Votes,0
Lane,Precinct 1890,State Senate,7,D,Over Votes,0
Lane,Precinct 1892,State Senate,7,D,Over Votes,0
Lane,Precinct 1894,State Senate,7,D,Over Votes,0
Lane,Precinct 4900,State Senate,7,D,Over Votes,0
Lane,Precinct 717,State Senate,7,D,Over Votes,0
Lane,Precinct 719,State Senate,7,D,Over Votes,0
Lane,Precinct 721,State Senate,7,D,Over Votes,0
Lane,Precinct 727,State Senate,7,D,Over Votes,0
Lane,Precinct 729,State Senate,7,D,Over Votes,0
Lane,Precinct 731,State Senate,7,D,Over Votes,1
Lane,Precinct 733,State Senate,7,D,Over Votes,0
Lane,Precinct 741,State Senate,7,D,Over Votes,1
Lane,Precinct 1120,State Senate,7,D,Under Votes,219
Lane,Precinct 1124,State Senate,7,D,Under Votes,144
Lane,Precinct 1450,State Senate,7,D,Under Votes,413
Lane,Precinct 1452,State Senate,7,D,Under Votes,328
Lane,Precinct 1560,State Senate,7,D,Under Votes,123
Lane,Precinct 1562,State Senate,7,D,Under Votes,357
Lane,Precinct 1564,State Senate,7,D,Under Votes,491
Lane,Precinct 1670,State Senate,7,D,Under Votes,371
Lane,Precinct 1672,State Senate,7,D,Under Votes,272
Lane,Precinct 1780,State Senate,7,D,Under Votes,110
Lane,Precinct 1784,State Senate,7,D,Under Votes,254
Lane,Precinct 1786,State Senate,7,D,Under Votes,141
Lane,Precinct 1890,State Senate,7,D,Under Votes,161
Lane,Precinct 1892,State Senate,7,D,Under Votes,383
Lane,Precinct 1894,State Senate,7,D,Under Votes,327
Lane,Precinct 4900,State Senate,7,D,Under Votes,161
Lane,Precinct 717,State Senate,7,D,Under Votes,169
Lane,Precinct 719,State Senate,7,D,Under Votes,23
Lane,Precinct 721,State Senate,7,D,Under Votes,65
Lane,Precinct 727,State Senate,7,D,Under Votes,103
Lane,Precinct 729,State Senate,7,D,Under Votes,32
Lane,Precinct 731,State Senate,7,D,Under Votes,329
Lane,Precinct 733,State Senate,7,D,Under Votes,555
Lane,Precinct 741,State Senate,7,D,Under Votes,72
Lane,Precinct 1120,State Senate,7,D,Write-ins,5
Lane,Precinct 1124,State Senate,7,D,Write-ins,2
Lane,Precinct 1450,State Senate,7,D,Write-ins,13
Lane,Precinct 1452,State Senate,7,D,Write-ins,5
Lane,Precinct 1560,State Senate,7,D,Write-ins,2
Lane,Precinct 1562,State Senate,7,D,Write-ins,5
Lane,Precinct 1564,State Senate,7,D,Write-ins,10
Lane,Precinct 1670,State Senate,7,D,Write-ins,17
Lane,Precinct 1672,State Senate,7,D,Write-ins,12
Lane,Precinct 1780,State Senate,7,D,Write-ins,3
Lane,Precinct 1784,State Senate,7,D,Write-ins,14
Lane,Precinct 1786,State Senate,7,D,Write-ins,3
Lane,Precinct 1890,State Senate,7,D,Write-ins,6
Lane,Precinct 1892,State Senate,7,D,Write-ins,9
Lane,Precinct 1894,State Senate,7,D,Write-ins,11
Lane,Precinct 4900,State Senate,7,D,Write-ins,7
Lane,Precinct 717,State Senate,7,D,Write-ins,11
Lane,Precinct 719,State Senate,7,D,Write-ins,0
Lane,Precinct 721,State Senate,7,D,Write-ins,3
Lane,Precinct 727,State Senate,7,D,Write-ins,4
Lane,Precinct 729,State Senate,7,D,Write-ins,2
Lane,Precinct 731,State Senate,7,D,Write-ins,15
Lane,Precinct 733,State Senate,7,D,Write-ins,16
Lane,Precinct 741,State Senate,7,D,Write-ins,1
Lane,Precinct 1120,State Senate,7,R,Jack (Jake) D. Huff,49
Lane,Precinct 1124,State Senate,7,R,Jack (Jake) D. Huff,36
Lane,Precinct 1450,State Senate,7,R,Jack (Jake) D. Huff,357
Lane,Precinct 1452,State Senate,7,R,Jack (Jake) D. Huff,216
Lane,Precinct 1560,State Senate,7,R,Jack (Jake) D. Huff,140
Lane,Precinct 1562,State Senate,7,R,Jack (Jake) D. Huff,427
Lane,Precinct 1564,State Senate,7,R,Jack (Jake) D. Huff,363
Lane,Precinct 1670,State Senate,7,R,Jack (Jake) D. Huff,547
Lane,Precinct 1672,State Senate,7,R,Jack (Jake) D. Huff,310
Lane,Precinct 1780,State Senate,7,R,Jack (Jake) D. Huff,72
Lane,Precinct 1784,State Senate,7,R,Jack (Jake) D. Huff,216
Lane,Precinct 1786,State Senate,7,R,Jack (Jake) D. Huff,234
Lane,Precinct 1890,State Senate,7,R,Jack (Jake) D. Huff,177
Lane,Precinct 1892,State Senate,7,R,Jack (Jake) D. Huff,165
Lane,Precinct 1894,State Senate,7,R,Jack (Jake) D. Huff,146
Lane,Precinct 4900,State Senate,7,R,Jack (Jake) D. Huff,321
Lane,Precinct 717,State Senate,7,R,Jack (Jake) D. Huff,384
Lane,Precinct 719,State Senate,7,R,Jack (Jake) D. Huff,53
Lane,Precinct 721,State Senate,7,R,Jack (Jake) D. Huff,71
Lane,Precinct 727,State Senate,7,R,Jack (Jake) D. Huff,183
Lane,Precinct 729,State Senate,7,R,Jack (Jake) D. Huff,38
Lane,Precinct 731,State Senate,7,R,Jack (Jake) D. Huff,375
Lane,Precinct 733,State Senate,7,R,Jack (Jake) D. Huff,351
Lane,Precinct 741,State Senate,7,R,Jack (Jake) D. Huff,62
Lane,Precinct 1120,State Senate,7,R,Over Votes,0
Lane,Precinct 1124,State Senate,7,R,Over Votes,0
Lane,Precinct 1450,State Senate,7,R,Over Votes,0
Lane,Precinct 1452,State Senate,7,R,Over Votes,0
Lane,Precinct 1560,State Senate,7,R,Over Votes,0
Lane,Precinct 1562,State Senate,7,R,Over Votes,0
Lane,Precinct 1564,State Senate,7,R,Over Votes,0
Lane,Precinct 1670,State Senate,7,R,Over Votes,0
Lane,Precinct 1672,State Senate,7,R,Over Votes,0
Lane,Precinct 1780,State Senate,7,R,Over Votes,0
Lane,Precinct 1784,State Senate,7,R,Over Votes,0
Lane,Precinct 1786,State Senate,7,R,Over Votes,0
Lane,Precinct 1890,State Senate,7,R,Over Votes,0
Lane,Precinct 1892,State Senate,7,R,Over Votes,0
Lane,Precinct 1894,State Senate,7,R,Over Votes,0
Lane,Precinct 4900,State Senate,7,R,Over Votes,0
Lane,Precinct 717,State Senate,7,R,Over Votes,0
Lane,Precinct 719,State Senate,7,R,Over Votes,0
Lane,Precinct 721,State Senate,7,R,Over Votes,0
Lane,Precinct 727,State Senate,7,R,Over Votes,0
Lane,Precinct 729,State Senate,7,R,Over Votes,0
Lane,Precinct 731,State Senate,7,R,Over Votes,0
Lane,Precinct 733,State Senate,7,R,Over Votes,0
Lane,Precinct 741,State Senate,7,R,Over Votes,0
Lane,Precinct 1120,State Senate,7,R,Under Votes,48
Lane,Precinct 1124,State Senate,7,R,Under Votes,43
Lane,Precinct 1450,State Senate,7,R,Under Votes,458
Lane,Precinct 1452,State Senate,7,R,Under Votes,377
Lane,Precinct 1560,State Senate,7,R,Under Votes,156
Lane,Precinct 1562,State Senate,7,R,Under Votes,562
Lane,Precinct 1564,State Senate,7,R,Under Votes,445
Lane,Precinct 1670,State Senate,7,R,Under Votes,543
Lane,Precinct 1672,State Senate,7,R,Under Votes,394
Lane,Precinct 1780,State Senate,7,R,Under Votes,52
Lane,Precinct 1784,State Senate,7,R,Under Votes,262
Lane,Precinct 1786,State Senate,7,R,Under Votes,266
Lane,Precinct 1890,State Senate,7,R,Under Votes,227
Lane,Precinct 1892,State Senate,7,R,Under Votes,208
Lane,Precinct 1894,State Senate,7,R,Under Votes,246
Lane,Precinct 4900,State Senate,7,R,Under Votes,293
Lane,Precinct 717,State Senate,7,R,Under Votes,442
Lane,Precinct 719,State Senate,7,R,Under Votes,65
Lane,Precinct 721,State Senate,7,R,Under Votes,86
Lane,Precinct 727,State Senate,7,R,Under Votes,286
Lane,Precinct 729,State Senate,7,R,Under Votes,50
Lane,Precinct 731,State Senate,7,R,Under Votes,446
Lane,Precinct 733,State Senate,7,R,Under Votes,443
Lane,Precinct 741,State Senate,7,R,Under Votes,61
Lane,Precinct 1120,State Senate,7,R,Write-ins,7
Lane,Precinct 1124,State Senate,7,R,Write-ins,1
Lane,Precinct 1450,State Senate,7,R,Write-ins,24
Lane,Precinct 1452,State Senate,7,R,Write-ins,16
Lane,Precinct 1560,State Senate,7,R,Write-ins,8
Lane,Precinct 1562,State Senate,7,R,Write-ins,27
Lane,Precinct 1564,State Senate,7,R,Write-ins,27
Lane,Precinct 1670,State Senate,7,R,Write-ins,37
Lane,Precinct 1672,State Senate,7,R,Write-ins,16
Lane,Precinct 1780,State Senate,7,R,Write-ins,6
Lane,Precinct 1784,State Senate,7,R,Write-ins,16
Lane,Precinct 1786,State Senate,7,R,Write-ins,11
Lane,Precinct 1890,State Senate,7,R,Write-ins,14
Lane,Precinct 1892,State Senate,7,R,Write-ins,18
Lane,Precinct 1894,State Senate,7,R,Write-ins,12
Lane,Precinct 4900,State Senate,7,R,Write-ins,19
Lane,Precinct 717,State Senate,7,R,Write-ins,29
Lane,Precinct 719,State Senate,7,R,Write-ins,1
Lane,Precinct 721,State Senate,7,R,Write-ins,3
Lane,Precinct 727,State Senate,7,R,Write-ins,15
Lane,Precinct 729,State Senate,7,R,Write-ins,5
Lane,Precinct 731,State Senate,7,R,Write-ins,41
Lane,Precinct 733,State Senate,7,R,Write-ins,23
Lane,Precinct 741,State Senate,7,R,Write-ins,2
Lane,Precinct 1120,U.S. House,4,D,Daniel B. Bahlen,16
Lane,Precinct 1122,U.S. House,4,D,Daniel B. Bahlen,9
Lane,Precinct 1124,U.S. House,4,D,Daniel B. Bahlen,3
Lane,Precinct 1126,U.S. House,4,D,Daniel B. Bahlen,12
Lane,Precinct 1230,U.S. House,4,D,Daniel B. Bahlen,23
Lane,Precinct 1232,U.S. House,4,D,Daniel B. Bahlen,16
Lane,Precinct 1234,U.S. House,4,D,Daniel B. Bahlen,13
Lane,Precinct 1340,U.S. House,4,D,Daniel B. Bahlen,16
Lane,Precinct 1342,U.S. House,4,D,Daniel B. Bahlen,4
Lane,Precinct 1450,U.S. House,4,D,Daniel B. Bahlen,27
Lane,Precinct 1452,U.S. House,4,D,Daniel B. Bahlen,23
Lane,Precinct 1454,U.S. House,4,D,Daniel B. Bahlen,9
Lane,Precinct 1560,U.S. House,4,D,Daniel B. Bahlen,9
Lane,Precinct 1562,U.S. House,4,D,Daniel B. Bahlen,24
Lane,Precinct 1564,U.S. House,4,D,Daniel B. Bahlen,27
Lane,Precinct 1670,U.S. House,4,D,Daniel B. Bahlen,39
Lane,Precinct 1672,U.S. House,4,D,Daniel B. Bahlen,28
Lane,Precinct 1780,U.S. House,4,D,Daniel B. Bahlen,8
Lane,Precinct 1782,U.S. House,4,D,Daniel B. Bahlen,17
Lane,Precinct 1784,U.S. House,4,D,Daniel B. Bahlen,28
Lane,Precinct 1786,U.S. House,4,D,Daniel B. Bahlen,24
Lane,Precinct 1890,U.S. House,4,D,Daniel B. Bahlen,22
Lane,Precinct 1892,U.S. House,4,D,Daniel B. Bahlen,27
Lane,Precinct 1894,U.S. House,4,D,Daniel B. Bahlen,24
Lane,Precinct 2122,U.S. House,4,D,Daniel B. Bahlen,24
Lane,Precinct 2238,U.S. House,4,D,Daniel B. Bahlen,34
Lane,Precinct 2340,U.S. House,4,D,Daniel B. Bahlen,25
Lane,Precinct 2456,U.S. House,4,D,Daniel B. Bahlen,29
Lane,Precinct 2562,U.S. House,4,D,Daniel B. Bahlen,46
Lane,Precinct 2676,U.S. House,4,D,Daniel B. Bahlen,42
Lane,Precinct 4200,U.S. House,4,D,Daniel B. Bahlen,3
Lane,Precinct 4300,U.S. House,4,D,Daniel B. Bahlen,35
Lane,Precinct 4400,U.S. House,4,D,Daniel B. Bahlen,20
Lane,Precinct 4500,U.S. House,4,D,Daniel B. Bahlen,7
Lane,Precinct 4600,U.S. House,4,D,Daniel B. Bahlen,44
Lane,Precinct 4700,U.S. House,4,D,Daniel B. Bahlen,20
Lane,Precinct 4800,U.S. House,4,D,Daniel B. Bahlen,9
Lane,Precinct 4900,U.S. House,4,D,Daniel B. Bahlen,17
Lane,Precinct 701,U.S. House,4,D,Daniel B. Bahlen,5
Lane,Precinct 703,U.S. House,4,D,Daniel B. Bahlen,3
Lane,Precinct 705,U.S. House,4,D,Daniel B. Bahlen,13
Lane,Precinct 707,U.S. House,4,D,Daniel B. Bahlen,4
Lane,Precinct 709,U.S. House,4,D,Daniel B. Bahlen,9
Lane,Precinct 711,U.S. House,4,D,Daniel B. Bahlen,38
Lane,Precinct 713,U.S. House,4,D,Daniel B. Bahlen,7
Lane,Precinct 715,U.S. House,4,D,Daniel B. Bahlen,10
Lane,Precinct 717,U.S. House,4,D,Daniel B. Bahlen,31
Lane,Precinct 719,U.S. House,4,D,Daniel B. Bahlen,0
Lane,Precinct 721,U.S. House,4,D,Daniel B. Bahlen,12
Lane,Precinct 723,U.S. House,4,D,Daniel B. Bahlen,12
Lane,Precinct 725,U.S. House,4,D,Daniel B. Bahlen,12
Lane,Precinct 727,U.S. House,4,D,Daniel B. Bahlen,19
Lane,Precinct 729,U.S. House,4,D,Daniel B. Bahlen,5
Lane,Precinct 731,U.S. House,4,D,Daniel B. Bahlen,26
Lane,Precinct 733,U.S. House,4,D,Daniel B. Bahlen,47
Lane,Precinct 737,U.S. House,4,D,Daniel B. Bahlen,24
Lane,Precinct 739,U.S. House,4,D,Daniel B. Bahlen,21
Lane,Precinct 741,U.S. House,4,D,Daniel B. Bahlen,9
Lane,Precinct 743,U.S. House,4,D,Daniel B. Bahlen,3
Lane,Precinct 747,U.S. House,4,D,Daniel B. Bahlen,39
Lane,Precinct 751,U.S. House,4,D,Daniel B. Bahlen,34
Lane,Precinct 753,U.S. House,4,D,Daniel B. Bahlen,12
Lane,Precinct 755,U.S. House,4,D,Daniel B. Bahlen,24
Lane,Precinct 757,U.S. House,4,D,Daniel B. Bahlen,21
Lane,Precinct 759,U.S. House,4,D,Daniel B. Bahlen,23
Lane,Precinct 765,U.S. House,4,D,Daniel B. Bahlen,17
Lane,Precinct 1120,U.S. House,4,D,Melissa Bird,184
Lane,Precinct 1122,U.S. House,4,D,Melissa Bird,444
Lane,Precinct 1124,U.S. House,4,D,Melissa Bird,89
Lane,Precinct 1126,U.S. House,4,D,Melissa Bird,486
Lane,Precinct 1230,U.S. House,4,D,Melissa Bird,524
Lane,Precinct 1232,U.S. House,4,D,Melissa Bird,496
Lane,Precinct 1234,U.S. House,4,D,Melissa Bird,230
Lane,Precinct 1340,U.S. House,4,D,Melissa Bird,445
Lane,Precinct 1342,U.S. House,4,D,Melissa Bird,100
Lane,Precinct 1450,U.S. House,4,D,Melissa Bird,269
Lane,Precinct 1452,U.S. House,4,D,Melissa Bird,222
Lane,Precinct 1454,U.S. House,4,D,Melissa Bird,125
Lane,Precinct 1560,U.S. House,4,D,Melissa Bird,94
Lane,Precinct 1562,U.S. House,4,D,Melissa Bird,271
Lane,Precinct 1564,U.S. House,4,D,Melissa Bird,410
Lane,Precinct 1670,U.S. House,4,D,Melissa Bird,289
Lane,Precinct 1672,U.S. House,4,D,Melissa Bird,254
Lane,Precinct 1780,U.S. House,4,D,Melissa Bird,135
Lane,Precinct 1782,U.S. House,4,D,Melissa Bird,185
Lane,Precinct 1784,U.S. House,4,D,Melissa Bird,234
Lane,Precinct 1786,U.S. House,4,D,Melissa Bird,101
Lane,Precinct 1890,U.S. House,4,D,Melissa Bird,154
Lane,Precinct 1892,U.S. House,4,D,Melissa Bird,390
Lane,Precinct 1894,U.S. House,4,D,Melissa Bird,188
Lane,Precinct 2122,U.S. House,4,D,Melissa Bird,255
Lane,Precinct 2238,U.S. House,4,D,Melissa Bird,351
Lane,Precinct 2340,U.S. House,4,D,Melissa Bird,306
Lane,Precinct 2456,U.S. House,4,D,Melissa Bird,230
Lane,Precinct 2562,U.S. House,4,D,Melissa Bird,245
Lane,Precinct 2676,U.S. House,4,D,Melissa Bird,216
Lane,Precinct 4200,U.S. House,4,D,Melissa Bird,21
Lane,Precinct 4300,U.S. House,4,D,Melissa Bird,198
Lane,Precinct 4400,U.S. House,4,D,Melissa Bird,79
Lane,Precinct 4500,U.S. House,4,D,Melissa Bird,28
Lane,Precinct 4600,U.S. House,4,D,Melissa Bird,214
Lane,Precinct 4700,U.S. House,4,D,Melissa Bird,147
Lane,Precinct 4800,U.S. House,4,D,Melissa Bird,59
Lane,Precinct 4900,U.S. House,4,D,Melissa Bird,97
Lane,Precinct 701,U.S. House,4,D,Melissa Bird,54
Lane,Precinct 703,U.S. House,4,D,Melissa Bird,8
Lane,Precinct 705,U.S. House,4,D,Melissa Bird,78
Lane,Precinct 707,U.S. House,4,D,Melissa Bird,16
Lane,Precinct 709,U.S. House,4,D,Melissa Bird,48
Lane,Precinct 711,U.S. House,4,D,Melissa Bird,153
Lane,Precinct 713,U.S. House,4,D,Melissa Bird,30
Lane,Precinct 715,U.S. House,4,D,Melissa Bird,41
Lane,Precinct 717,U.S. House,4,D,Melissa Bird,80
Lane,Precinct 719,U.S. House,4,D,Melissa Bird,15
Lane,Precinct 721,U.S. House,4,D,Melissa Bird,27
Lane,Precinct 723,U.S. House,4,D,Melissa Bird,123
Lane,Precinct 725,U.S. House,4,D,Melissa Bird,56
Lane,Precinct 727,U.S. House,4,D,Melissa Bird,40
Lane,Precinct 729,U.S. House,4,D,Melissa Bird,18
Lane,Precinct 731,U.S. House,4,D,Melissa Bird,270
Lane,Precinct 733,U.S. House,4,D,Melissa Bird,401
Lane,Precinct 737,U.S. House,4,D,Melissa Bird,126
Lane,Precinct 739,U.S. House,4,D,Melissa Bird,101
Lane,Precinct 741,U.S. House,4,D,Melissa Bird,54
Lane,Precinct 743,U.S. House,4,D,Melissa Bird,29
Lane,Precinct 747,U.S. House,4,D,Melissa Bird,147
Lane,Precinct 751,U.S. House,4,D,Melissa Bird,111
Lane,Precinct 753,U.S. House,4,D,Melissa Bird,28
Lane,Precinct 755,U.S. House,4,D,Melissa Bird,92
Lane,Precinct 757,U.S. House,4,D,Melissa Bird,63
Lane,Precinct 759,U.S. House,4,D,Melissa Bird,85
Lane,Precinct 765,U.S. House,4,D,Melissa Bird,75
Lane,Precinct 1120,U.S. House,4,D,Over Votes,0
Lane,Precinct 1122,U.S. House,4,D,Over Votes,0
Lane,Precinct 1124,U.S. House,4,D,Over Votes,0
Lane,Precinct 1126,U.S. House,4,D,Over Votes,0
Lane,Precinct 1230,U.S. House,4,D,Over Votes,0
Lane,Precinct 1232,U.S. House,4,D,Over Votes,0
Lane,Precinct 1234,U.S. House,4,D,Over Votes,0
Lane,Precinct 1340,U.S. House,4,D,Over Votes,0
Lane,Precinct 1342,U.S. House,4,D,Over Votes,0
Lane,Precinct 1450,U.S. House,4,D,Over Votes,0
Lane,Precinct 1452,U.S. House,4,D,Over Votes,0
Lane,Precinct 1454,U.S. House,4,D,Over Votes,0
Lane,Precinct 1560,U.S. House,4,D,Over Votes,0
Lane,Precinct 1562,U.S. House,4,D,Over Votes,0
Lane,Precinct 1564,U.S. House,4,D,Over Votes,0
Lane,Precinct 1670,U.S. House,4,D,Over Votes,0
Lane,Precinct 1672,U.S. House,4,D,Over Votes,0
Lane,Precinct 1780,U.S. House,4,D,Over Votes,0
Lane,Precinct 1782,U.S. House,4,D,Over Votes,0
Lane,Precinct 1784,U.S. House,4,D,Over Votes,0
Lane,Precinct 1786,U.S. House,4,D,Over Votes,0
Lane,Precinct 1890,U.S. House,4,D,Over Votes,0
Lane,Precinct 1892,U.S. House,4,D,Over Votes,0
Lane,Precinct 1894,U.S. House,4,D,Over Votes,0
Lane,Precinct 2122,U.S. House,4,D,Over Votes,0
Lane,Precinct 2238,U.S. House,4,D,Over Votes,0
Lane,Precinct 2340,U.S. House,4,D,Over Votes,0
Lane,Precinct 2456,U.S. House,4,D,Over Votes,0
Lane,Precinct 2562,U.S. House,4,D,Over Votes,0
Lane,Precinct 2676,U.S. House,4,D,Over Votes,0
Lane,Precinct 4200,U.S. House,4,D,Over Votes,0
Lane,Precinct 4300,U.S. House,4,D,Over Votes,0
Lane,Precinct 4400,U.S. House,4,D,Over Votes,0
Lane,Precinct 4500,U.S. House,4,D,Over Votes,0
Lane,Precinct 4600,U.S. House,4,D,Over Votes,0
Lane,Precinct 4700,U.S. House,4,D,Over Votes,0
Lane,Precinct 4800,U.S. House,4,D,Over Votes,0
Lane,Precinct 4900,U.S. House,4,D,Over Votes,0
Lane,Precinct 701,U.S. House,4,D,Over Votes,0
Lane,Precinct 703,U.S. House,4,D,Over Votes,0
Lane,Precinct 705,U.S. House,4,D,Over Votes,0
Lane,Precinct 707,U.S. House,4,D,Over Votes,0
Lane,Precinct 709,U.S. House,4,D,Over Votes,0
Lane,Precinct 711,U.S. House,4,D,Over Votes,0
Lane,Precinct 713,U.S. House,4,D,Over Votes,0
Lane,Precinct 715,U.S. House,4,D,Over Votes,0
Lane,Precinct 717,U.S. House,4,D,Over Votes,0
Lane,Precinct 719,U.S. House,4,D,Over Votes,0
Lane,Precinct 721,U.S. House,4,D,Over Votes,0
Lane,Precinct 723,U.S. House,4,D,Over Votes,0
Lane,Precinct 725,U.S. House,4,D,Over Votes,0
Lane,Precinct 727,U.S. House,4,D,Over Votes,0
Lane,Precinct 729,U.S. House,4,D,Over Votes,0
Lane,Precinct 731,U.S. House,4,D,Over Votes,0
Lane,Precinct 733,U.S. House,4,D,Over Votes,0
Lane,Precinct 737,U.S. House,4,D,Over Votes,0
Lane,Precinct 739,U.S. House,4,D,Over Votes,0
Lane,Precinct 741,U.S. House,4,D,Over Votes,1
Lane,Precinct 743,U.S. House,4,D,Over Votes,0
Lane,Precinct 747,U.S. House,4,D,Over Votes,1
Lane,Precinct 751,U.S. House,4,D,Over Votes,0
Lane,Precinct 753,U.S. House,4,D,Over Votes,0
Lane,Precinct 755,U.S. House,4,D,Over Votes,0
Lane,Precinct 757,U.S. House,4,D,Over Votes,0
Lane,Precinct 759,U.S. House,4,D,Over Votes,0
Lane,Precinct 765,U.S. House,4,D,Over Votes,0
Lane,Precinct 1120,U.S. House,4,D,Under Votes,34
Lane,Precinct 1122,U.S. House,4,D,Under Votes,42
Lane,Precinct 1124,U.S. House,4,D,Under Votes,22
Lane,Precinct 1126,U.S. House,4,D,Under Votes,72
Lane,Precinct 1230,U.S. House,4,D,Under Votes,71
Lane,Precinct 1232,U.S. House,4,D,Under Votes,76
Lane,Precinct 1234,U.S. House,4,D,Under Votes,42
Lane,Precinct 1340,U.S. House,4,D,Under Votes,52
Lane,Precinct 1342,U.S. House,4,D,Under Votes,14
Lane,Precinct 1450,U.S. House,4,D,Under Votes,72
Lane,Precinct 1452,U.S. House,4,D,Under Votes,48
Lane,Precinct 1454,U.S. House,4,D,Under Votes,14
Lane,Precinct 1560,U.S. House,4,D,Under Votes,21
Lane,Precinct 1562,U.S. House,4,D,Under Votes,50
Lane,Precinct 1564,U.S. House,4,D,Under Votes,79
Lane,Precinct 1670,U.S. House,4,D,Under Votes,67
Lane,Precinct 1672,U.S. House,4,D,Under Votes,37
Lane,Precinct 1780,U.S. House,4,D,Under Votes,18
Lane,Precinct 1782,U.S. House,4,D,Under Votes,24
Lane,Precinct 1784,U.S. House,4,D,Under Votes,34
Lane,Precinct 1786,U.S. House,4,D,Under Votes,23
Lane,Precinct 1890,U.S. House,4,D,Under Votes,31
Lane,Precinct 1892,U.S. House,4,D,Under Votes,45
Lane,Precinct 1894,U.S. House,4,D,Under Votes,38
Lane,Precinct 2122,U.S. House,4,D,Under Votes,49
Lane,Precinct 2238,U.S. House,4,D,Under Votes,45
Lane,Precinct 2340,U.S. House,4,D,Under Votes,44
Lane,Precinct 2456,U.S. House,4,D,Under Votes,41
Lane,Precinct 2562,U.S. House,4,D,Under Votes,56
Lane,Precinct 2676,U.S. House,4,D,Under Votes,67
Lane,Precinct 4200,U.S. House,4,D,Under Votes,14
Lane,Precinct 4300,U.S. House,4,D,Under Votes,51
Lane,Precinct 4400,U.S. House,4,D,Under Votes,25
Lane,Precinct 4500,U.S. House,4,D,Under Votes,19
Lane,Precinct 4600,U.S. House,4,D,Under Votes,62
Lane,Precinct 4700,U.S. House,4,D,Under Votes,31
Lane,Precinct 4800,U.S. House,4,D,Under Votes,8
Lane,Precinct 4900,U.S. House,4,D,Under Votes,32
Lane,Precinct 701,U.S. House,4,D,Under Votes,18
Lane,Precinct 703,U.S. House,4,D,Under Votes,7
Lane,Precinct 705,U.S. House,4,D,Under Votes,27
Lane,Precinct 707,U.S. House,4,D,Under Votes,6
Lane,Precinct 709,U.S. House,4,D,Under Votes,16
Lane,Precinct 711,U.S. House,4,D,Under Votes,51
Lane,Precinct 713,U.S. House,4,D,Under Votes,12
Lane,Precinct 715,U.S. House,4,D,Under Votes,20
Lane,Precinct 717,U.S. House,4,D,Under Votes,42
Lane,Precinct 719,U.S. House,4,D,Under Votes,5
Lane,Precinct 721,U.S. House,4,D,Under Votes,7
Lane,Precinct 723,U.S. House,4,D,Under Votes,48
Lane,Precinct 725,U.S. House,4,D,Under Votes,27
Lane,Precinct 727,U.S. House,4,D,Under Votes,24
Lane,Precinct 729,U.S. House,4,D,Under Votes,8
Lane,Precinct 731,U.S. House,4,D,Under Votes,54
Lane,Precinct 733,U.S. House,4,D,Under Votes,70
Lane,Precinct 737,U.S. House,4,D,Under Votes,39
Lane,Precinct 739,U.S. House,4,D,Under Votes,16
Lane,Precinct 741,U.S. House,4,D,Under Votes,10
Lane,Precinct 743,U.S. House,4,D,Under Votes,9
Lane,Precinct 747,U.S. House,4,D,Under Votes,77
Lane,Precinct 751,U.S. House,4,D,Under Votes,77
Lane,Precinct 753,U.S. House,4,D,Under Votes,22
Lane,Precinct 755,U.S. House,4,D,Under Votes,36
Lane,Precinct 757,U.S. House,4,D,Under Votes,28
Lane,Precinct 759,U.S. House,4,D,Under Votes,21
Lane,Precinct 765,U.S. House,4,D,Under Votes,26
Lane,Precinct 1120,U.S. House,4,D,Val Hoyle,436
Lane,Precinct 1122,U.S. House,4,D,Val Hoyle,1048
Lane,Precinct 1124,U.S. House,4,D,Val Hoyle,403
Lane,Precinct 1126,U.S. House,4,D,Val Hoyle,1754
Lane,Precinct 1230,U.S. House,4,D,Val Hoyle,1846
Lane,Precinct 1232,U.S. House,4,D,Val Hoyle,1955
Lane,Precinct 1234,U.S. House,4,D,Val Hoyle,1181
Lane,Precinct 1340,U.S. House,4,D,Val Hoyle,1288
Lane,Precinct 1342,U.S. House,4,D,Val Hoyle,365
Lane,Precinct 1450,U.S. House,4,D,Val Hoyle,1326
Lane,Precinct 1452,U.S. House,4,D,Val Hoyle,1017
Lane,Precinct 1454,U.S. House,4,D,Val Hoyle,291
Lane,Precinct 1560,U.S. House,4,D,Val Hoyle,386
Lane,Precinct 1562,U.S. House,4,D,Val Hoyle,1263
Lane,Precinct 1564,U.S. House,4,D,Val Hoyle,1545
Lane,Precinct 1670,U.S. House,4,D,Val Hoyle,1082
Lane,Precinct 1672,U.S. House,4,D,Val Hoyle,762
Lane,Precinct 1780,U.S. House,4,D,Val Hoyle,225
Lane,Precinct 1782,U.S. House,4,D,Val Hoyle,436
Lane,Precinct 1784,U.S. House,4,D,Val Hoyle,839
Lane,Precinct 1786,U.S. House,4,D,Val Hoyle,431
Lane,Precinct 1890,U.S. House,4,D,Val Hoyle,385
Lane,Precinct 1892,U.S. House,4,D,Val Hoyle,1160
Lane,Precinct 1894,U.S. House,4,D,Val Hoyle,1112
Lane,Precinct 2122,U.S. House,4,D,Val Hoyle,642
Lane,Precinct 2238,U.S. House,4,D,Val Hoyle,1043
Lane,Precinct 2340,U.S. House,4,D,Val Hoyle,852
Lane,Precinct 2456,U.S. House,4,D,Val Hoyle,589
Lane,Precinct 2562,U.S. House,4,D,Val Hoyle,712
Lane,Precinct 2676,U.S. House,4,D,Val Hoyle,849
Lane,Precinct 4200,U.S. House,4,D,Val Hoyle,200
Lane,Precinct 4300,U.S. House,4,D,Val Hoyle,725
Lane,Precinct 4400,U.S. House,4,D,Val Hoyle,386
Lane,Precinct 4500,U.S. House,4,D,Val Hoyle,207
Lane,Precinct 4600,U.S. House,4,D,Val Hoyle,1364
Lane,Precinct 4700,U.S. House,4,D,Val Hoyle,394
Lane,Precinct 4800,U.S. House,4,D,Val Hoyle,202
Lane,Precinct 4900,U.S. House,4,D,Val Hoyle,354
Lane,Precinct 701,U.S. House,4,D,Val Hoyle,306
Lane,Precinct 703,U.S. House,4,D,Val Hoyle,59
Lane,Precinct 705,U.S. House,4,D,Val Hoyle,451
Lane,Precinct 707,U.S. House,4,D,Val Hoyle,112
Lane,Precinct 709,U.S. House,4,D,Val Hoyle,285
Lane,Precinct 711,U.S. House,4,D,Val Hoyle,640
Lane,Precinct 713,U.S. House,4,D,Val Hoyle,135
Lane,Precinct 715,U.S. House,4,D,Val Hoyle,195
Lane,Precinct 717,U.S. House,4,D,Val Hoyle,363
Lane,Precinct 719,U.S. House,4,D,Val Hoyle,71
Lane,Precinct 721,U.S. House,4,D,Val Hoyle,161
Lane,Precinct 723,U.S. House,4,D,Val Hoyle,752
Lane,Precinct 725,U.S. House,4,D,Val Hoyle,263
Lane,Precinct 727,U.S. House,4,D,Val Hoyle,228
Lane,Precinct 729,U.S. House,4,D,Val Hoyle,95
Lane,Precinct 731,U.S. House,4,D,Val Hoyle,972
Lane,Precinct 733,U.S. House,4,D,Val Hoyle,1490
Lane,Precinct 737,U.S. House,4,D,Val Hoyle,675
Lane,Precinct 739,U.S. House,4,D,Val Hoyle,288
Lane,Precinct 741,U.S. House,4,D,Val Hoyle,177
Lane,Precinct 743,U.S. House,4,D,Val Hoyle,132
Lane,Precinct 747,U.S. House,4,D,Val Hoyle,728
Lane,Precinct 751,U.S. House,4,D,Val Hoyle,684
Lane,Precinct 753,U.S. House,4,D,Val Hoyle,191
Lane,Precinct 755,U.S. House,4,D,Val Hoyle,411
Lane,Precinct 757,U.S. House,4,D,Val Hoyle,406
Lane,Precinct 759,U.S. House,4,D,Val Hoyle,450
Lane,Precinct 765,U.S. House,4,D,Val Hoyle,335
Lane,Precinct 1120,U.S. House,4,D,Write-ins,3
Lane,Precinct 1122,U.S. House,4,D,Write-ins,5
Lane,Precinct 1124,U.S. House,4,D,Write-ins,2
Lane,Precinct 1126,U.S. House,4,D,Write-ins,3
Lane,Precinct 1230,U.S. House,4,D,Write-ins,1
Lane,Precinct 1232,U.S. House,4,D,Write-ins,5
Lane,Precinct 1234,U.S. House,4,D,Write-ins,4
Lane,Precinct 1340,U.S. House,4,D,Write-ins,2
Lane,Precinct 1342,U.S. House,4,D,Write-ins,2
Lane,Precinct 1450,U.S. House,4,D,Write-ins,8
Lane,Precinct 1452,U.S. House,4,D,Write-ins,1
Lane,Precinct 1454,U.S. House,4,D,Write-ins,2
Lane,Precinct 1560,U.S. House,4,D,Write-ins,3
Lane,Precinct 1562,U.S. House,4,D,Write-ins,4
Lane,Precinct 1564,U.S. House,4,D,Write-ins,7
Lane,Precinct 1670,U.S. House,4,D,Write-ins,14
Lane,Precinct 1672,U.S. House,4,D,Write-ins,10
Lane,Precinct 1780,U.S. House,4,D,Write-ins,1
Lane,Precinct 1782,U.S. House,4,D,Write-ins,1
Lane,Precinct 1784,U.S. House,4,D,Write-ins,7
Lane,Precinct 1786,U.S. House,4,D,Write-ins,7
Lane,Precinct 1890,U.S. House,4,D,Write-ins,3
Lane,Precinct 1892,U.S. House,4,D,Write-ins,7
Lane,Precinct 1894,U.S. House,4,D,Write-ins,12
Lane,Precinct 2122,U.S. House,4,D,Write-ins,7
Lane,Precinct 2238,U.S. House,4,D,Write-ins,6
Lane,Precinct 2340,U.S. House,4,D,Write-ins,10
Lane,Precinct 2456,U.S. House,4,D,Write-ins,16
Lane,Precinct 2562,U.S. House,4,D,Write-ins,13
Lane,Precinct 2676,U.S. House,4,D,Write-ins,7
Lane,Precinct 4200,U.S. House,4,D,Write-ins,0
Lane,Precinct 4300,U.S. House,4,D,Write-ins,13
Lane,Precinct 4400,U.S. House,4,D,Write-ins,11
Lane,Precinct 4500,U.S. House,4,D,Write-ins,4
Lane,Precinct 4600,U.S. House,4,D,Write-ins,15
Lane,Precinct 4700,U.S. House,4,D,Write-ins,12
Lane,Precinct 4800,U.S. House,4,D,Write-ins,4
Lane,Precinct 4900,U.S. House,4,D,Write-ins,4
Lane,Precinct 701,U.S. House,4,D,Write-ins,3
Lane,Precinct 703,U.S. House,4,D,Write-ins,1
Lane,Precinct 705,U.S. House,4,D,Write-ins,4
Lane,Precinct 707,U.S. House,4,D,Write-ins,1
Lane,Precinct 709,U.S. House,4,D,Write-ins,1
Lane,Precinct 711,U.S. House,4,D,Write-ins,14
Lane,Precinct 713,U.S. House,4,D,Write-ins,0
Lane,Precinct 715,U.S. House,4,D,Write-ins,6
Lane,Precinct 717,U.S. House,4,D,Write-ins,5
Lane,Precinct 719,U.S. House,4,D,Write-ins,0
Lane,Precinct 721,U.S. House,4,D,Write-ins,0
Lane,Precinct 723,U.S. House,4,D,Write-ins,3
Lane,Precinct 725,U.S. House,4,D,Write-ins,7
Lane,Precinct 727,U.S. House,4,D,Write-ins,5
Lane,Precinct 729,U.S. House,4,D,Write-ins,1
Lane,Precinct 731,U.S. House,4,D,Write-ins,16
Lane,Precinct 733,U.S. House,4,D,Write-ins,5
Lane,Precinct 737,U.S. House,4,D,Write-ins,4
Lane,Precinct 739,U.S. House,4,D,Write-ins,5
Lane,Precinct 741,U.S. House,4,D,Write-ins,2
Lane,Precinct 743,U.S. House,4,D,Write-ins,4
Lane,Precinct 747,U.S. House,4,D,Write-ins,7
Lane,Precinct 751,U.S. House,4,D,Write-ins,9
Lane,Precinct 753,U.S. House,4,D,Write-ins,6
Lane,Precinct 755,U.S. House,4,D,Write-ins,10
Lane,Precinct 757,U.S. House,4,D,Write-ins,9
Lane,Precinct 759,U.S. House,4,D,Write-ins,7
Lane,Precinct 765,U.S. House,4,D,Write-ins,6
Lane,Precinct 1120,U.S. House,4,R,Monique DeSpain,67
Lane,Precinct 1122,U.S. House,4,R,Monique DeSpain,81
Lane,Precinct 1124,U.S. House,4,R,Monique DeSpain,57
Lane,Precinct 1126,U.S. House,4,R,Monique DeSpain,102
Lane,Precinct 1230,U.S. House,4,R,Monique DeSpain,134
Lane,Precinct 1232,U.S. House,4,R,Monique DeSpain,222
Lane,Precinct 1234,U.S. House,4,R,Monique DeSpain,134
Lane,Precinct 1340,U.S. House,4,R,Monique DeSpain,79
Lane,Precinct 1342,U.S. House,4,R,Monique DeSpain,62
Lane,Precinct 1450,U.S. House,4,R,Monique DeSpain,650
Lane,Precinct 1452,U.S. House,4,R,Monique DeSpain,456
Lane,Precinct 1454,U.S. House,4,R,Monique DeSpain,101
Lane,Precinct 1560,U.S. House,4,R,Monique DeSpain,253
Lane,Precinct 1562,U.S. House,4,R,Monique DeSpain,794
Lane,Precinct 1564,U.S. House,4,R,Monique DeSpain,638
Lane,Precinct 1670,U.S. House,4,R,Monique DeSpain,867
Lane,Precinct 1672,U.S. House,4,R,Monique DeSpain,521
Lane,Precinct 1780,U.S. House,4,R,Monique DeSpain,88
Lane,Precinct 1782,U.S. House,4,R,Monique DeSpain,38
Lane,Precinct 1784,U.S. House,4,R,Monique DeSpain,386
Lane,Precinct 1786,U.S. House,4,R,Monique DeSpain,399
Lane,Precinct 1890,U.S. House,4,R,Monique DeSpain,278
Lane,Precinct 1892,U.S. House,4,R,Monique DeSpain,292
Lane,Precinct 1894,U.S. House,4,R,Monique DeSpain,332
Lane,Precinct 2122,U.S. House,4,R,Monique DeSpain,552
Lane,Precinct 2238,U.S. House,4,R,Monique DeSpain,401
Lane,Precinct 2340,U.S. House,4,R,Monique DeSpain,637
Lane,Precinct 2456,U.S. House,4,R,Monique DeSpain,577
Lane,Precinct 2562,U.S. House,4,R,Monique DeSpain,768
Lane,Precinct 2676,U.S. House,4,R,Monique DeSpain,1144
Lane,Precinct 4200,U.S. House,4,R,Monique DeSpain,179
Lane,Precinct 4300,U.S. House,4,R,Monique DeSpain,971
Lane,Precinct 4400,U.S. House,4,R,Monique DeSpain,657
Lane,Precinct 4500,U.S. House,4,R,Monique DeSpain,282
Lane,Precinct 4600,U.S. House,4,R,Monique DeSpain,1168
Lane,Precinct 4700,U.S. House,4,R,Monique DeSpain,831
Lane,Precinct 4800,U.S. House,4,R,Monique DeSpain,265
Lane,Precinct 4900,U.S. House,4,R,Monique DeSpain,486
Lane,Precinct 701,U.S. House,4,R,Monique DeSpain,373
Lane,Precinct 703,U.S. House,4,R,Monique DeSpain,43
Lane,Precinct 705,U.S. House,4,R,Monique DeSpain,437
Lane,Precinct 707,U.S. House,4,R,Monique DeSpain,149
Lane,Precinct 709,U.S. House,4,R,Monique DeSpain,372
Lane,Precinct 711,U.S. House,4,R,Monique DeSpain,867
Lane,Precinct 713,U.S. House,4,R,Monique DeSpain,310
Lane,Precinct 715,U.S. House,4,R,Monique DeSpain,466
Lane,Precinct 717,U.S. House,4,R,Monique DeSpain,674
Lane,Precinct 719,U.S. House,4,R,Monique DeSpain,91
Lane,Precinct 721,U.S. House,4,R,Monique DeSpain,118
Lane,Precinct 723,U.S. House,4,R,Monique DeSpain,366
Lane,Precinct 725,U.S. House,4,R,Monique DeSpain,431
Lane,Precinct 727,U.S. House,4,R,Monique DeSpain,388
Lane,Precinct 729,U.S. House,4,R,Monique DeSpain,72
Lane,Precinct 731,U.S. House,4,R,Monique DeSpain,675
Lane,Precinct 733,U.S. House,4,R,Monique DeSpain,617
Lane,Precinct 737,U.S. House,4,R,Monique DeSpain,661
Lane,Precinct 739,U.S. House,4,R,Monique DeSpain,268
Lane,Precinct 741,U.S. House,4,R,Monique DeSpain,89
Lane,Precinct 743,U.S. House,4,R,Monique DeSpain,109
Lane,Precinct 747,U.S. House,4,R,Monique DeSpain,1253
Lane,Precinct 751,U.S. House,4,R,Monique DeSpain,1080
Lane,Precinct 753,U.S. House,4,R,Monique DeSpain,370
Lane,Precinct 755,U.S. House,4,R,Monique DeSpain,732
Lane,Precinct 757,U.S. House,4,R,Monique DeSpain,625
Lane,Precinct 759,U.S. House,4,R,Monique DeSpain,569
Lane,Precinct 765,U.S. House,4,R,Monique DeSpain,544
Lane,Precinct 1120,U.S. House,4,R,Over Votes,0
Lane,Precinct 1122,U.S. House,4,R,Over Votes,0
Lane,Precinct 1124,U.S. House,4,R,Over Votes,1
Lane,Precinct 1126,U.S. House,4,R,Over Votes,0
Lane,Precinct 1230,U.S. House,4,R,Over Votes,0
Lane,Precinct 1232,U.S. House,4,R,Over Votes,0
Lane,Precinct 1234,U.S. House,4,R,Over Votes,0
Lane,Precinct 1340,U.S. House,4,R,Over Votes,0
Lane,Precinct 1342,U.S. House,4,R,Over Votes,0
Lane,Precinct 1450,U.S. House,4,R,Over Votes,0
Lane,Precinct 1452,U.S. House,4,R,Over Votes,0
Lane,Precinct 1454,U.S. House,4,R,Over Votes,0
Lane,Precinct 1560,U.S. House,4,R,Over Votes,0
Lane,Precinct 1562,U.S. House,4,R,Over Votes,0
Lane,Precinct 1564,U.S. House,4,R,Over Votes,1
Lane,Precinct 1670,U.S. House,4,R,Over Votes,0
Lane,Precinct 1672,U.S. House,4,R,Over Votes,0
Lane,Precinct 1780,U.S. House,4,R,Over Votes,0
Lane,Precinct 1782,U.S. House,4,R,Over Votes,0
Lane,Precinct 1784,U.S. House,4,R,Over Votes,0
Lane,Precinct 1786,U.S. House,4,R,Over Votes,0
Lane,Precinct 1890,U.S. House,4,R,Over Votes,0
Lane,Precinct 1892,U.S. House,4,R,Over Votes,0
Lane,Precinct 1894,U.S. House,4,R,Over Votes,0
Lane,Precinct 2122,U.S. House,4,R,Over Votes,0
Lane,Precinct 2238,U.S. House,4,R,Over Votes,0
Lane,Precinct 2340,U.S. House,4,R,Over Votes,0
Lane,Precinct 2456,U.S. House,4,R,Over Votes,0
Lane,Precinct 2562,U.S. House,4,R,Over Votes,0
Lane,Precinct 2676,U.S. House,4,R,Over Votes,0
Lane,Precinct 4200,U.S. House,4,R,Over Votes,0
Lane,Precinct 4300,U.S. House,4,R,Over Votes,0
Lane,Precinct 4400,U.S. House,4,R,Over Votes,0
Lane,Precinct 4500,U.S. House,4,R,Over Votes,0
Lane,Precinct 4600,U.S. House,4,R,Over Votes,0
Lane,Precinct 4700,U.S. House,4,R,Over Votes,0
Lane,Precinct 4800,U.S. House,4,R,Over Votes,0
Lane,Precinct 4900,U.S. House,4,R,Over Votes,0
Lane,Precinct 701,U.S. House,4,R,Over Votes,0
Lane,Precinct 703,U.S. House,4,R,Over Votes,0
Lane,Precinct 705,U.S. House,4,R,Over Votes,0
Lane,Precinct 707,U.S. House,4,R,Over Votes,0
Lane,Precinct 709,U.S. House,4,R,Over Votes,0
Lane,Precinct 711,U.S. House,4,R,Over Votes,0
Lane,Precinct 713,U.S. House,4,R,Over Votes,1
Lane,Precinct 715,U.S. House,4,R,Over Votes,0
Lane,Precinct 717,U.S. House,4,R,Over Votes,1
Lane,Precinct 719,U.S. House,4,R,Over Votes,0
Lane,Precinct 721,U.S. House,4,R,Over Votes,0
Lane,Precinct 723,U.S. House,4,R,Over Votes,0
Lane,Precinct 725,U.S. House,4,R,Over Votes,0
Lane,Precinct 727,U.S. House,4,R,Over Votes,0
Lane,Precinct 729,U.S. House,4,R,Over Votes,0
Lane,Precinct 731,U.S. House,4,R,Over Votes,0
Lane,Precinct 733,U.S. House,4,R,Over Votes,0
Lane,Precinct 737,U.S. House,4,R,Over Votes,0
Lane,Precinct 739,U.S. House,4,R,Over Votes,0
Lane,Precinct 741,U.S. House,4,R,Over Votes,0
Lane,Precinct 743,U.S. House,4,R,Over Votes,0
Lane,Precinct 747,U.S. House,4,R,Over Votes,0
Lane,Precinct 751,U.S. House,4,R,Over Votes,0
Lane,Precinct 753,U.S. House,4,R,Over Votes,0
Lane,Precinct 755,U.S. House,4,R,Over Votes,0
Lane,Precinct 757,U.S. House,4,R,Over Votes,0
Lane,Precinct 759,U.S. House,4,R,Over Votes,0
Lane,Precinct 765,U.S. House,4,R,Over Votes,0
Lane,Precinct 1120,U.S. House,4,R,Stefan G. Strek,18
Lane,Precinct 1122,U.S. House,4,R,Stefan G. Strek,16
Lane,Precinct 1124,U.S. House,4,R,Stefan G. Strek,12
Lane,Precinct 1126,U.S. House,4,R,Stefan G. Strek,22
Lane,Precinct 1230,U.S. House,4,R,Stefan G. Strek,25
Lane,Precinct 1232,U.S. House,4,R,Stefan G. Strek,39
Lane,Precinct 1234,U.S. House,4,R,Stefan G. Strek,22
Lane,Precinct 1340,U.S. House,4,R,Stefan G. Strek,14
Lane,Precinct 1342,U.S. House,4,R,Stefan G. Strek,5
Lane,Precinct 1450,U.S. House,4,R,Stefan G. Strek,66
Lane,Precinct 1452,U.S. House,4,R,Stefan G. Strek,48
Lane,Precinct 1454,U.S. House,4,R,Stefan G. Strek,13
Lane,Precinct 1560,U.S. House,4,R,Stefan G. Strek,20
Lane,Precinct 1562,U.S. House,4,R,Stefan G. Strek,92
Lane,Precinct 1564,U.S. House,4,R,Stefan G. Strek,79
Lane,Precinct 1670,U.S. House,4,R,Stefan G. Strek,96
Lane,Precinct 1672,U.S. House,4,R,Stefan G. Strek,93
Lane,Precinct 1780,U.S. House,4,R,Stefan G. Strek,22
Lane,Precinct 1782,U.S. House,4,R,Stefan G. Strek,9
Lane,Precinct 1784,U.S. House,4,R,Stefan G. Strek,71
Lane,Precinct 1786,U.S. House,4,R,Stefan G. Strek,49
Lane,Precinct 1890,U.S. House,4,R,Stefan G. Strek,69
Lane,Precinct 1892,U.S. House,4,R,Stefan G. Strek,45
Lane,Precinct 1894,U.S. House,4,R,Stefan G. Strek,46
Lane,Precinct 2122,U.S. House,4,R,Stefan G. Strek,82
Lane,Precinct 2238,U.S. House,4,R,Stefan G. Strek,75
Lane,Precinct 2340,U.S. House,4,R,Stefan G. Strek,109
Lane,Precinct 2456,U.S. House,4,R,Stefan G. Strek,80
Lane,Precinct 2562,U.S. House,4,R,Stefan G. Strek,110
Lane,Precinct 2676,U.S. House,4,R,Stefan G. Strek,111
Lane,Precinct 4200,U.S. House,4,R,Stefan G. Strek,19
Lane,Precinct 4300,U.S. House,4,R,Stefan G. Strek,135
Lane,Precinct 4400,U.S. House,4,R,Stefan G. Strek,67
Lane,Precinct 4500,U.S. House,4,R,Stefan G. Strek,33
Lane,Precinct 4600,U.S. House,4,R,Stefan G. Strek,112
Lane,Precinct 4700,U.S. House,4,R,Stefan G. Strek,109
Lane,Precinct 4800,U.S. House,4,R,Stefan G. Strek,47
Lane,Precinct 4900,U.S. House,4,R,Stefan G. Strek,51
Lane,Precinct 701,U.S. House,4,R,Stefan G. Strek,27
Lane,Precinct 703,U.S. House,4,R,Stefan G. Strek,4
Lane,Precinct 705,U.S. House,4,R,Stefan G. Strek,53
Lane,Precinct 707,U.S. House,4,R,Stefan G. Strek,14
Lane,Precinct 709,U.S. House,4,R,Stefan G. Strek,28
Lane,Precinct 711,U.S. House,4,R,Stefan G. Strek,61
Lane,Precinct 713,U.S. House,4,R,Stefan G. Strek,40
Lane,Precinct 715,U.S. House,4,R,Stefan G. Strek,53
Lane,Precinct 717,U.S. House,4,R,Stefan G. Strek,78
Lane,Precinct 719,U.S. House,4,R,Stefan G. Strek,8
Lane,Precinct 721,U.S. House,4,R,Stefan G. Strek,19
Lane,Precinct 723,U.S. House,4,R,Stefan G. Strek,32
Lane,Precinct 725,U.S. House,4,R,Stefan G. Strek,48
Lane,Precinct 727,U.S. House,4,R,Stefan G. Strek,36
Lane,Precinct 729,U.S. House,4,R,Stefan G. Strek,8
Lane,Precinct 731,U.S. House,4,R,Stefan G. Strek,88
Lane,Precinct 733,U.S. House,4,R,Stefan G. Strek,95
Lane,Precinct 737,U.S. House,4,R,Stefan G. Strek,89
Lane,Precinct 739,U.S. House,4,R,Stefan G. Strek,48
Lane,Precinct 741,U.S. House,4,R,Stefan G. Strek,21
Lane,Precinct 743,U.S. House,4,R,Stefan G. Strek,13
Lane,Precinct 747,U.S. House,4,R,Stefan G. Strek,110
Lane,Precinct 751,U.S. House,4,R,Stefan G. Strek,119
Lane,Precinct 753,U.S. House,4,R,Stefan G. Strek,38
Lane,Precinct 755,U.S. House,4,R,Stefan G. Strek,64
Lane,Precinct 757,U.S. House,4,R,Stefan G. Strek,60
Lane,Precinct 759,U.S. House,4,R,Stefan G. Strek,60
Lane,Precinct 765,U.S. House,4,R,Stefan G. Strek,65
Lane,Precinct 1120,U.S. House,4,R,Under Votes,17
Lane,Precinct 1122,U.S. House,4,R,Under Votes,20
Lane,Precinct 1124,U.S. House,4,R,Under Votes,8
Lane,Precinct 1126,U.S. House,4,R,Under Votes,21
Lane,Precinct 1230,U.S. House,4,R,Under Votes,32
Lane,Precinct 1232,U.S. House,4,R,Under Votes,45
Lane,Precinct 1234,U.S. House,4,R,Under Votes,26
Lane,Precinct 1340,U.S. House,4,R,Under Votes,20
Lane,Precinct 1342,U.S. House,4,R,Under Votes,9
Lane,Precinct 1450,U.S. House,4,R,Under Votes,110
Lane,Precinct 1452,U.S. House,4,R,Under Votes,100
Lane,Precinct 1454,U.S. House,4,R,Under Votes,25
Lane,Precinct 1560,U.S. House,4,R,Under Votes,53
Lane,Precinct 1562,U.S. House,4,R,Under Votes,121
Lane,Precinct 1564,U.S. House,4,R,Under Votes,108
Lane,Precinct 1670,U.S. House,4,R,Under Votes,153
Lane,Precinct 1672,U.S. House,4,R,Under Votes,98
Lane,Precinct 1780,U.S. House,4,R,Under Votes,16
Lane,Precinct 1782,U.S. House,4,R,Under Votes,11
Lane,Precinct 1784,U.S. House,4,R,Under Votes,71
Lane,Precinct 1786,U.S. House,4,R,Under Votes,61
Lane,Precinct 1890,U.S. House,4,R,Under Votes,70
Lane,Precinct 1892,U.S. House,4,R,Under Votes,52
Lane,Precinct 1894,U.S. House,4,R,Under Votes,40
Lane,Precinct 2122,U.S. House,4,R,Under Votes,97
Lane,Precinct 2238,U.S. House,4,R,Under Votes,67
Lane,Precinct 2340,U.S. House,4,R,Under Votes,99
Lane,Precinct 2456,U.S. House,4,R,Under Votes,95
Lane,Precinct 2562,U.S. House,4,R,Under Votes,136
Lane,Precinct 2676,U.S. House,4,R,Under Votes,179
Lane,Precinct 4200,U.S. House,4,R,Under Votes,27
Lane,Precinct 4300,U.S. House,4,R,Under Votes,125
Lane,Precinct 4400,U.S. House,4,R,Under Votes,67
Lane,Precinct 4500,U.S. House,4,R,Under Votes,33
Lane,Precinct 4600,U.S. House,4,R,Under Votes,143
Lane,Precinct 4700,U.S. House,4,R,Under Votes,120
Lane,Precinct 4800,U.S. House,4,R,Under Votes,37
Lane,Precinct 4900,U.S. House,4,R,Under Votes,93
Lane,Precinct 701,U.S. House,4,R,Under Votes,32
Lane,Precinct 703,U.S. House,4,R,Under Votes,5
Lane,Precinct 705,U.S. House,4,R,Under Votes,71
Lane,Precinct 707,U.S. House,4,R,Under Votes,21
Lane,Precinct 709,U.S. House,4,R,Under Votes,71
Lane,Precinct 711,U.S. House,4,R,Under Votes,136
Lane,Precinct 713,U.S. House,4,R,Under Votes,54
Lane,Precinct 715,U.S. House,4,R,Under Votes,97
Lane,Precinct 717,U.S. House,4,R,Under Votes,99
Lane,Precinct 719,U.S. House,4,R,Under Votes,20
Lane,Precinct 721,U.S. House,4,R,Under Votes,21
Lane,Precinct 723,U.S. House,4,R,Under Votes,44
Lane,Precinct 725,U.S. House,4,R,Under Votes,58
Lane,Precinct 727,U.S. House,4,R,Under Votes,60
Lane,Precinct 729,U.S. House,4,R,Under Votes,13
Lane,Precinct 731,U.S. House,4,R,Under Votes,95
Lane,Precinct 733,U.S. House,4,R,Under Votes,99
Lane,Precinct 737,U.S. House,4,R,Under Votes,113
Lane,Precinct 739,U.S. House,4,R,Under Votes,48
Lane,Precinct 741,U.S. House,4,R,Under Votes,17
Lane,Precinct 743,U.S. House,4,R,Under Votes,15
Lane,Precinct 747,U.S. House,4,R,Under Votes,188
Lane,Precinct 751,U.S. House,4,R,Under Votes,193
Lane,Precinct 753,U.S. House,4,R,Under Votes,36
Lane,Precinct 755,U.S. House,4,R,Under Votes,90
Lane,Precinct 757,U.S. House,4,R,Under Votes,89
Lane,Precinct 759,U.S. House,4,R,Under Votes,71
Lane,Precinct 765,U.S. House,4,R,Under Votes,68
Lane,Precinct 1120,U.S. House,4,R,Write-ins,2
Lane,Precinct 1122,U.S. House,4,R,Write-ins,3
Lane,Precinct 1124,U.S. House,4,R,Write-ins,2
Lane,Precinct 1126,U.S. House,4,R,Write-ins,3
Lane,Precinct 1230,U.S. House,4,R,Write-ins,3
Lane,Precinct 1232,U.S. House,4,R,Write-ins,5
Lane,Precinct 1234,U.S. House,4,R,Write-ins,6
Lane,Precinct 1340,U.S. House,4,R,Write-ins,1
Lane,Precinct 1342,U.S. House,4,R,Write-ins,2
Lane,Precinct 1450,U.S. House,4,R,Write-ins,13
Lane,Precinct 1452,U.S. House,4,R,Write-ins,5
Lane,Precinct 1454,U.S. House,4,R,Write-ins,3
Lane,Precinct 1560,U.S. House,4,R,Write-ins,1
Lane,Precinct 1562,U.S. House,4,R,Write-ins,9
Lane,Precinct 1564,U.S. House,4,R,Write-ins,9
Lane,Precinct 1670,U.S. House,4,R,Write-ins,11
Lane,Precinct 1672,U.S. House,4,R,Write-ins,8
Lane,Precinct 1780,U.S. House,4,R,Write-ins,4
Lane,Precinct 1782,U.S. House,4,R,Write-ins,0
Lane,Precinct 1784,U.S. House,4,R,Write-ins,3
Lane,Precinct 1786,U.S. House,4,R,Write-ins,2
Lane,Precinct 1890,U.S. House,4,R,Write-ins,1
Lane,Precinct 1892,U.S. House,4,R,Write-ins,4
Lane,Precinct 1894,U.S. House,4,R,Write-ins,3
Lane,Precinct 2122,U.S. House,4,R,Write-ins,3
Lane,Precinct 2238,U.S. House,4,R,Write-ins,6
Lane,Precinct 2340,U.S. House,4,R,Write-ins,10
Lane,Precinct 2456,U.S. House,4,R,Write-ins,10
Lane,Precinct 2562,U.S. House,4,R,Write-ins,7
Lane,Precinct 2676,U.S. House,4,R,Write-ins,13
Lane,Precinct 4200,U.S. House,4,R,Write-ins,0
Lane,Precinct 4300,U.S. House,4,R,Write-ins,11
Lane,Precinct 4400,U.S. House,4,R,Write-ins,5
Lane,Precinct 4500,U.S. House,4,R,Write-ins,5
Lane,Precinct 4600,U.S. House,4,R,Write-ins,16
Lane,Precinct 4700,U.S. House,4,R,Write-ins,2
Lane,Precinct 4800,U.S. House,4,R,Write-ins,3
Lane,Precinct 4900,U.S. House,4,R,Write-ins,3
Lane,Precinct 701,U.S. House,4,R,Write-ins,1
Lane,Precinct 703,U.S. House,4,R,Write-ins,1
Lane,Precinct 705,U.S. House,4,R,Write-ins,1
Lane,Precinct 707,U.S. House,4,R,Write-ins,2
Lane,Precinct 709,U.S. House,4,R,Write-ins,2
Lane,Precinct 711,U.S. House,4,R,Write-ins,8
Lane,Precinct 713,U.S. House,4,R,Write-ins,1
Lane,Precinct 715,U.S. House,4,R,Write-ins,1
Lane,Precinct 717,U.S. House,4,R,Write-ins,3
Lane,Precinct 719,U.S. House,4,R,Write-ins,0
Lane,Precinct 721,U.S. House,4,R,Write-ins,2
Lane,Precinct 723,U.S. House,4,R,Write-ins,3
Lane,Precinct 725,U.S. House,4,R,Write-ins,3
Lane,Precinct 727,U.S. House,4,R,Write-ins,0
Lane,Precinct 729,U.S. House,4,R,Write-ins,0
Lane,Precinct 731,U.S. House,4,R,Write-ins,4
Lane,Precinct 733,U.S. House,4,R,Write-ins,6
Lane,Precinct 737,U.S. House,4,R,Write-ins,7
Lane,Precinct 739,U.S. House,4,R,Write-ins,3
Lane,Precinct 741,U.S. House,4,R,Write-ins,1
Lane,Precinct 743,U.S. House,4,R,Write-ins,0
Lane,Precinct 747,U.S. House,4,R,Write-ins,3
Lane,Precinct 751,U.S. House,4,R,Write-ins,8
Lane,Precinct 753,U.S. House,4,R,Write-ins,4
Lane,Precinct 755,U.S. House,4,R,Write-ins,2
Lane,Precinct 757,U.S. House,4,R,Write-ins,1
Lane,Precinct 759,U.S. House,4,R,Write-ins,2
Lane,Precinct 765,U.S. House,4,R,Write-ins,3
Lane,Precinct 1120,U.S. Senate,,D,Jeff Merkley,613
Lane,Precinct 1122,U.S. Senate,,D,Jeff Merkley,1424
Lane,Precinct 1124,U.S. Senate,,D,Jeff Merkley,488
Lane,Precinct 1126,U.S. Senate,,D,Jeff Merkley,2229
Lane,Precinct 1230,U.S. Senate,,D,Jeff Merkley,2333
Lane,Precinct 1232,U.S. Senate,,D,Jeff Merkley,2414
Lane,Precinct 1234,U.S. Senate,,D,Jeff Merkley,1388
Lane,Precinct 1340,U.S. Senate,,D,Jeff Merkley,1678
Lane,Precinct 1342,U.S. Senate,,D,Jeff Merkley,456
Lane,Precinct 1450,U.S. Senate,,D,Jeff Merkley,1584
Lane,Precinct 1452,U.S. Senate,,D,Jeff Merkley,1222
Lane,Precinct 1454,U.S. Senate,,D,Jeff Merkley,390
Lane,Precinct 1560,U.S. Senate,,D,Jeff Merkley,465
Lane,Precinct 1562,U.S. Senate,,D,Jeff Merkley,1515
Lane,Precinct 1564,U.S. Senate,,D,Jeff Merkley,1920
Lane,Precinct 1670,U.S. Senate,,D,Jeff Merkley,1317
Lane,Precinct 1672,U.S. Senate,,D,Jeff Merkley,970
Lane,Precinct 1780,U.S. Senate,,D,Jeff Merkley,337
Lane,Precinct 1782,U.S. Senate,,D,Jeff Merkley,607
Lane,Precinct 1784,U.S. Senate,,D,Jeff Merkley,1060
Lane,Precinct 1786,U.S. Senate,,D,Jeff Merkley,522
Lane,Precinct 1890,U.S. Senate,,D,Jeff Merkley,523
Lane,Precinct 1892,U.S. Senate,,D,Jeff Merkley,1499
Lane,Precinct 1894,U.S. Senate,,D,Jeff Merkley,1300
Lane,Precinct 2122,U.S. Senate,,D,Jeff Merkley,870
Lane,Precinct 2238,U.S. Senate,,D,Jeff Merkley,1343
Lane,Precinct 2340,U.S. Senate,,D,Jeff Merkley,1127
Lane,Precinct 2456,U.S. Senate,,D,Jeff Merkley,770
Lane,Precinct 2562,U.S. Senate,,D,Jeff Merkley,911
Lane,Precinct 2676,U.S. Senate,,D,Jeff Merkley,1034
Lane,Precinct 4200,U.S. Senate,,D,Jeff Merkley,221
Lane,Precinct 4300,U.S. Senate,,D,Jeff Merkley,873
Lane,Precinct 4400,U.S. Senate,,D,Jeff Merkley,448
Lane,Precinct 4500,U.S. Senate,,D,Jeff Merkley,236
Lane,Precinct 4600,U.S. Senate,,D,Jeff Merkley,1544
Lane,Precinct 4700,U.S. Senate,,D,Jeff Merkley,523
Lane,Precinct 4800,U.S. Senate,,D,Jeff Merkley,246
Lane,Precinct 4900,U.S. Senate,,D,Jeff Merkley,442
Lane,Precinct 701,U.S. Senate,,D,Jeff Merkley,349
Lane,Precinct 703,U.S. Senate,,D,Jeff Merkley,71
Lane,Precinct 705,U.S. Senate,,D,Jeff Merkley,522
Lane,Precinct 707,U.S. Senate,,D,Jeff Merkley,122
Lane,Precinct 709,U.S. Senate,,D,Jeff Merkley,322
Lane,Precinct 711,U.S. Senate,,D,Jeff Merkley,789
Lane,Precinct 713,U.S. Senate,,D,Jeff Merkley,162
Lane,Precinct 715,U.S. Senate,,D,Jeff Merkley,227
Lane,Precinct 717,U.S. Senate,,D,Jeff Merkley,436
Lane,Precinct 719,U.S. Senate,,D,Jeff Merkley,83
Lane,Precinct 721,U.S. Senate,,D,Jeff Merkley,183
Lane,Precinct 723,U.S. Senate,,D,Jeff Merkley,862
Lane,Precinct 725,U.S. Senate,,D,Jeff Merkley,305
Lane,Precinct 727,U.S. Senate,,D,Jeff Merkley,259
Lane,Precinct 729,U.S. Senate,,D,Jeff Merkley,114
Lane,Precinct 731,U.S. Senate,,D,Jeff Merkley,1204
Lane,Precinct 733,U.S. Senate,,D,Jeff Merkley,1854
Lane,Precinct 737,U.S. Senate,,D,Jeff Merkley,775
Lane,Precinct 739,U.S. Senate,,D,Jeff Merkley,377
Lane,Precinct 741,U.S. Senate,,D,Jeff Merkley,225
Lane,Precinct 743,U.S. Senate,,D,Jeff Merkley,162
Lane,Precinct 747,U.S. Senate,,D,Jeff Merkley,863
Lane,Precinct 751,U.S. Senate,,D,Jeff Merkley,804
Lane,Precinct 753,U.S. Senate,,D,Jeff Merkley,217
Lane,Precinct 755,U.S. Senate,,D,Jeff Merkley,496
Lane,Precinct 757,U.S. Senate,,D,Jeff Merkley,468
Lane,Precinct 759,U.S. Senate,,D,Jeff Merkley,528
Lane,Precinct 765,U.S. Senate,,D,Jeff Merkley,386
Lane,Precinct 1120,U.S. Senate,,D,Over Votes,0
Lane,Precinct 1122,U.S. Senate,,D,Over Votes,0
Lane,Precinct 1124,U.S. Senate,,D,Over Votes,0
Lane,Precinct 1126,U.S. Senate,,D,Over Votes,0
Lane,Precinct 1230,U.S. Senate,,D,Over Votes,0
Lane,Precinct 1232,U.S. Senate,,D,Over Votes,1
Lane,Precinct 1234,U.S. Senate,,D,Over Votes,0
Lane,Precinct 1340,U.S. Senate,,D,Over Votes,0
Lane,Precinct 1342,U.S. Senate,,D,Over Votes,0
Lane,Precinct 1450,U.S. Senate,,D,Over Votes,0
Lane,Precinct 1452,U.S. Senate,,D,Over Votes,0
Lane,Precinct 1454,U.S. Senate,,D,Over Votes,0
Lane,Precinct 1560,U.S. Senate,,D,Over Votes,0
Lane,Precinct 1562,U.S. Senate,,D,Over Votes,0
Lane,Precinct 1564,U.S. Senate,,D,Over Votes,0
Lane,Precinct 1670,U.S. Senate,,D,Over Votes,0
Lane,Precinct 1672,U.S. Senate,,D,Over Votes,0
Lane,Precinct 1780,U.S. Senate,,D,Over Votes,0
Lane,Precinct 1782,U.S. Senate,,D,Over Votes,0
Lane,Precinct 1784,U.S. Senate,,D,Over Votes,0
Lane,Precinct 1786,U.S. Senate,,D,Over Votes,0
Lane,Precinct 1890,U.S. Senate,,D,Over Votes,0
Lane,Precinct 1892,U.S. Senate,,D,Over Votes,0
Lane,Precinct 1894,U.S. Senate,,D,Over Votes,0
Lane,Precinct 2122,U.S. Senate,,D,Over Votes,0
Lane,Precinct 2238,U.S. Senate,,D,Over Votes,0
Lane,Precinct 2340,U.S. Senate,,D,Over Votes,0
Lane,Precinct 2456,U.S. Senate,,D,Over Votes,0
Lane,Precinct 2562,U.S. Senate,,D,Over Votes,0
Lane,Precinct 2676,U.S. Senate,,D,Over Votes,0
Lane,Precinct 4200,U.S. Senate,,D,Over Votes,0
Lane,Precinct 4300,U.S. Senate,,D,Over Votes,0
Lane,Precinct 4400,U.S. Senate,,D,Over Votes,0
Lane,Precinct 4500,U.S. Senate,,D,Over Votes,0
Lane,Precinct 4600,U.S. Senate,,D,Over Votes,0
Lane,Precinct 4700,U.S. Senate,,D,Over Votes,1
Lane,Precinct 4800,U.S. Senate,,D,Over Votes,0
Lane,Precinct 4900,U.S. Senate,,D,Over Votes,0
Lane,Precinct 701,U.S. Senate,,D,Over Votes,0
Lane,Precinct 703,U.S. Senate,,D,Over Votes,0
Lane,Precinct 705,U.S. Senate,,D,Over Votes,0
Lane,Precinct 707,U.S. Senate,,D,Over Votes,0
Lane,Precinct 709,U.S. Senate,,D,Over Votes,0
Lane,Precinct 711,U.S. Senate,,D,Over Votes,0
Lane,Precinct 713,U.S. Senate,,D,Over Votes,0
Lane,Precinct 715,U.S. Senate,,D,Over Votes,0
Lane,Precinct 717,U.S. Senate,,D,Over Votes,0
Lane,Precinct 719,U.S. Senate,,D,Over Votes,0
Lane,Precinct 721,U.S. Senate,,D,Over Votes,0
Lane,Precinct 723,U.S. Senate,,D,Over Votes,0
Lane,Precinct 725,U.S. Senate,,D,Over Votes,0
Lane,Precinct 727,U.S. Senate,,D,Over Votes,0
Lane,Precinct 729,U.S. Senate,,D,Over Votes,0
Lane,Precinct 731,U.S. Senate,,D,Over Votes,0
Lane,Precinct 733,U.S. Senate,,D,Over Votes,0
Lane,Precinct 737,U.S. Senate,,D,Over Votes,0
Lane,Precinct 739,U.S. Senate,,D,Over Votes,0
Lane,Precinct 741,U.S. Senate,,D,Over Votes,1
Lane,Precinct 743,U.S. Senate,,D,Over Votes,0
Lane,Precinct 747,U.S. Senate,,D,Over Votes,0
Lane,Precinct 751,U.S. Senate,,D,Over Votes,0
Lane,Precinct 753,U.S. Senate,,D,Over Votes,0
Lane,Precinct 755,U.S. Senate,,D,Over Votes,0
Lane,Precinct 757,U.S. Senate,,D,Over Votes,0
Lane,Precinct 759,U.S. Senate,,D,Over Votes,0
Lane,Precinct 765,U.S. Senate,,D,Over Votes,0
Lane,Precinct 1120,U.S. Senate,,D,Paul Damian Wells,32
Lane,Precinct 1122,U.S. Senate,,D,Paul Damian Wells,85
Lane,Precinct 1124,U.S. Senate,,D,Paul Damian Wells,16
Lane,Precinct 1126,U.S. Senate,,D,Paul Damian Wells,64
Lane,Precinct 1230,U.S. Senate,,D,Paul Damian Wells,77
Lane,Precinct 1232,U.S. Senate,,D,Paul Damian Wells,79
Lane,Precinct 1234,U.S. Senate,,D,Paul Damian Wells,53
Lane,Precinct 1340,U.S. Senate,,D,Paul Damian Wells,86
Lane,Precinct 1342,U.S. Senate,,D,Paul Damian Wells,18
Lane,Precinct 1450,U.S. Senate,,D,Paul Damian Wells,59
Lane,Precinct 1452,U.S. Senate,,D,Paul Damian Wells,60
Lane,Precinct 1454,U.S. Senate,,D,Paul Damian Wells,36
Lane,Precinct 1560,U.S. Senate,,D,Paul Damian Wells,29
Lane,Precinct 1562,U.S. Senate,,D,Paul Damian Wells,65
Lane,Precinct 1564,U.S. Senate,,D,Paul Damian Wells,95
Lane,Precinct 1670,U.S. Senate,,D,Paul Damian Wells,110
Lane,Precinct 1672,U.S. Senate,,D,Paul Damian Wells,80
Lane,Precinct 1780,U.S. Senate,,D,Paul Damian Wells,38
Lane,Precinct 1782,U.S. Senate,,D,Paul Damian Wells,46
Lane,Precinct 1784,U.S. Senate,,D,Paul Damian Wells,58
Lane,Precinct 1786,U.S. Senate,,D,Paul Damian Wells,39
Lane,Precinct 1890,U.S. Senate,,D,Paul Damian Wells,48
Lane,Precinct 1892,U.S. Senate,,D,Paul Damian Wells,92
Lane,Precinct 1894,U.S. Senate,,D,Paul Damian Wells,39
Lane,Precinct 2122,U.S. Senate,,D,Paul Damian Wells,63
Lane,Precinct 2238,U.S. Senate,,D,Paul Damian Wells,91
Lane,Precinct 2340,U.S. Senate,,D,Paul Damian Wells,67
Lane,Precinct 2456,U.S. Senate,,D,Paul Damian Wells,84
Lane,Precinct 2562,U.S. Senate,,D,Paul Damian Wells,103
Lane,Precinct 2676,U.S. Senate,,D,Paul Damian Wells,89
Lane,Precinct 4200,U.S. Senate,,D,Paul Damian Wells,9
Lane,Precinct 4300,U.S. Senate,,D,Paul Damian Wells,103
Lane,Precinct 4400,U.S. Senate,,D,Paul Damian Wells,44
Lane,Precinct 4500,U.S. Senate,,D,Paul Damian Wells,13
Lane,Precinct 4600,U.S. Senate,,D,Paul Damian Wells,96
Lane,Precinct 4700,U.S. Senate,,D,Paul Damian Wells,38
Lane,Precinct 4800,U.S. Senate,,D,Paul Damian Wells,27
Lane,Precinct 4900,U.S. Senate,,D,Paul Damian Wells,37
Lane,Precinct 701,U.S. Senate,,D,Paul Damian Wells,26
Lane,Precinct 703,U.S. Senate,,D,Paul Damian Wells,2
Lane,Precinct 705,U.S. Senate,,D,Paul Damian Wells,24
Lane,Precinct 707,U.S. Senate,,D,Paul Damian Wells,12
Lane,Precinct 709,U.S. Senate,,D,Paul Damian Wells,27
Lane,Precinct 711,U.S. Senate,,D,Paul Damian Wells,54
Lane,Precinct 713,U.S. Senate,,D,Paul Damian Wells,14
Lane,Precinct 715,U.S. Senate,,D,Paul Damian Wells,27
Lane,Precinct 717,U.S. Senate,,D,Paul Damian Wells,45
Lane,Precinct 719,U.S. Senate,,D,Paul Damian Wells,3
Lane,Precinct 721,U.S. Senate,,D,Paul Damian Wells,20
Lane,Precinct 723,U.S. Senate,,D,Paul Damian Wells,38
Lane,Precinct 725,U.S. Senate,,D,Paul Damian Wells,35
Lane,Precinct 727,U.S. Senate,,D,Paul Damian Wells,38
Lane,Precinct 729,U.S. Senate,,D,Paul Damian Wells,5
Lane,Precinct 731,U.S. Senate,,D,Paul Damian Wells,81
Lane,Precinct 733,U.S. Senate,,D,Paul Damian Wells,105
Lane,Precinct 737,U.S. Senate,,D,Paul Damian Wells,50
Lane,Precinct 739,U.S. Senate,,D,Paul Damian Wells,37
Lane,Precinct 741,U.S. Senate,,D,Paul Damian Wells,21
Lane,Precinct 743,U.S. Senate,,D,Paul Damian Wells,5
Lane,Precinct 747,U.S. Senate,,D,Paul Damian Wells,85
Lane,Precinct 751,U.S. Senate,,D,Paul Damian Wells,54
Lane,Precinct 753,U.S. Senate,,D,Paul Damian Wells,24
Lane,Precinct 755,U.S. Senate,,D,Paul Damian Wells,40
Lane,Precinct 757,U.S. Senate,,D,Paul Damian Wells,32
Lane,Precinct 759,U.S. Senate,,D,Paul Damian Wells,39
Lane,Precinct 765,U.S. Senate,,D,Paul Damian Wells,52
Lane,Precinct 1120,U.S. Senate,,D,Under Votes,25
Lane,Precinct 1122,U.S. Senate,,D,Under Votes,37
Lane,Precinct 1124,U.S. Senate,,D,Under Votes,14
Lane,Precinct 1126,U.S. Senate,,D,Under Votes,33
Lane,Precinct 1230,U.S. Senate,,D,Under Votes,51
Lane,Precinct 1232,U.S. Senate,,D,Under Votes,51
Lane,Precinct 1234,U.S. Senate,,D,Under Votes,26
Lane,Precinct 1340,U.S. Senate,,D,Under Votes,38
Lane,Precinct 1342,U.S. Senate,,D,Under Votes,9
Lane,Precinct 1450,U.S. Senate,,D,Under Votes,53
Lane,Precinct 1452,U.S. Senate,,D,Under Votes,28
Lane,Precinct 1454,U.S. Senate,,D,Under Votes,13
Lane,Precinct 1560,U.S. Senate,,D,Under Votes,17
Lane,Precinct 1562,U.S. Senate,,D,Under Votes,29
Lane,Precinct 1564,U.S. Senate,,D,Under Votes,50
Lane,Precinct 1670,U.S. Senate,,D,Under Votes,48
Lane,Precinct 1672,U.S. Senate,,D,Under Votes,31
Lane,Precinct 1780,U.S. Senate,,D,Under Votes,11
Lane,Precinct 1782,U.S. Senate,,D,Under Votes,10
Lane,Precinct 1784,U.S. Senate,,D,Under Votes,19
Lane,Precinct 1786,U.S. Senate,,D,Under Votes,22
Lane,Precinct 1890,U.S. Senate,,D,Under Votes,17
Lane,Precinct 1892,U.S. Senate,,D,Under Votes,33
Lane,Precinct 1894,U.S. Senate,,D,Under Votes,32
Lane,Precinct 2122,U.S. Senate,,D,Under Votes,39
Lane,Precinct 2238,U.S. Senate,,D,Under Votes,37
Lane,Precinct 2340,U.S. Senate,,D,Under Votes,35
Lane,Precinct 2456,U.S. Senate,,D,Under Votes,35
Lane,Precinct 2562,U.S. Senate,,D,Under Votes,45
Lane,Precinct 2676,U.S. Senate,,D,Under Votes,53
Lane,Precinct 4200,U.S. Senate,,D,Under Votes,8
Lane,Precinct 4300,U.S. Senate,,D,Under Votes,34
Lane,Precinct 4400,U.S. Senate,,D,Under Votes,19
Lane,Precinct 4500,U.S. Senate,,D,Under Votes,13
Lane,Precinct 4600,U.S. Senate,,D,Under Votes,45
Lane,Precinct 4700,U.S. Senate,,D,Under Votes,30
Lane,Precinct 4800,U.S. Senate,,D,Under Votes,7
Lane,Precinct 4900,U.S. Senate,,D,Under Votes,23
Lane,Precinct 701,U.S. Senate,,D,Under Votes,7
Lane,Precinct 703,U.S. Senate,,D,Under Votes,5
Lane,Precinct 705,U.S. Senate,,D,Under Votes,22
Lane,Precinct 707,U.S. Senate,,D,Under Votes,4
Lane,Precinct 709,U.S. Senate,,D,Under Votes,8
Lane,Precinct 711,U.S. Senate,,D,Under Votes,42
Lane,Precinct 713,U.S. Senate,,D,Under Votes,8
Lane,Precinct 715,U.S. Senate,,D,Under Votes,13
Lane,Precinct 717,U.S. Senate,,D,Under Votes,34
Lane,Precinct 719,U.S. Senate,,D,Under Votes,5
Lane,Precinct 721,U.S. Senate,,D,Under Votes,4
Lane,Precinct 723,U.S. Senate,,D,Under Votes,34
Lane,Precinct 725,U.S. Senate,,D,Under Votes,22
Lane,Precinct 727,U.S. Senate,,D,Under Votes,15
Lane,Precinct 729,U.S. Senate,,D,Under Votes,7
Lane,Precinct 731,U.S. Senate,,D,Under Votes,39
Lane,Precinct 733,U.S. Senate,,D,Under Votes,47
Lane,Precinct 737,U.S. Senate,,D,Under Votes,34
Lane,Precinct 739,U.S. Senate,,D,Under Votes,13
Lane,Precinct 741,U.S. Senate,,D,Under Votes,4
Lane,Precinct 743,U.S. Senate,,D,Under Votes,6
Lane,Precinct 747,U.S. Senate,,D,Under Votes,41
Lane,Precinct 751,U.S. Senate,,D,Under Votes,46
Lane,Precinct 753,U.S. Senate,,D,Under Votes,11
Lane,Precinct 755,U.S. Senate,,D,Under Votes,31
Lane,Precinct 757,U.S. Senate,,D,Under Votes,20
Lane,Precinct 759,U.S. Senate,,D,Under Votes,11
Lane,Precinct 765,U.S. Senate,,D,Under Votes,16
Lane,Precinct 1120,U.S. Senate,,D,Write-ins,3
Lane,Precinct 1122,U.S. Senate,,D,Write-ins,2
Lane,Precinct 1124,U.S. Senate,,D,Write-ins,1
Lane,Precinct 1126,U.S. Senate,,D,Write-ins,1
Lane,Precinct 1230,U.S. Senate,,D,Write-ins,4
Lane,Precinct 1232,U.S. Senate,,D,Write-ins,3
Lane,Precinct 1234,U.S. Senate,,D,Write-ins,3
Lane,Precinct 1340,U.S. Senate,,D,Write-ins,1
Lane,Precinct 1342,U.S. Senate,,D,Write-ins,2
Lane,Precinct 1450,U.S. Senate,,D,Write-ins,6
Lane,Precinct 1452,U.S. Senate,,D,Write-ins,1
Lane,Precinct 1454,U.S. Senate,,D,Write-ins,2
Lane,Precinct 1560,U.S. Senate,,D,Write-ins,2
Lane,Precinct 1562,U.S. Senate,,D,Write-ins,3
Lane,Precinct 1564,U.S. Senate,,D,Write-ins,3
Lane,Precinct 1670,U.S. Senate,,D,Write-ins,16
Lane,Precinct 1672,U.S. Senate,,D,Write-ins,10
Lane,Precinct 1780,U.S. Senate,,D,Write-ins,1
Lane,Precinct 1782,U.S. Senate,,D,Write-ins,0
Lane,Precinct 1784,U.S. Senate,,D,Write-ins,5
Lane,Precinct 1786,U.S. Senate,,D,Write-ins,3
Lane,Precinct 1890,U.S. Senate,,D,Write-ins,7
Lane,Precinct 1892,U.S. Senate,,D,Write-ins,5
Lane,Precinct 1894,U.S. Senate,,D,Write-ins,3
Lane,Precinct 2122,U.S. Senate,,D,Write-ins,5
Lane,Precinct 2238,U.S. Senate,,D,Write-ins,8
Lane,Precinct 2340,U.S. Senate,,D,Write-ins,8
Lane,Precinct 2456,U.S. Senate,,D,Write-ins,16
Lane,Precinct 2562,U.S. Senate,,D,Write-ins,13
Lane,Precinct 2676,U.S. Senate,,D,Write-ins,5
Lane,Precinct 4200,U.S. Senate,,D,Write-ins,0
Lane,Precinct 4300,U.S. Senate,,D,Write-ins,12
Lane,Precinct 4400,U.S. Senate,,D,Write-ins,10
Lane,Precinct 4500,U.S. Senate,,D,Write-ins,3
Lane,Precinct 4600,U.S. Senate,,D,Write-ins,14
Lane,Precinct 4700,U.S. Senate,,D,Write-ins,12
Lane,Precinct 4800,U.S. Senate,,D,Write-ins,2
Lane,Precinct 4900,U.S. Senate,,D,Write-ins,2
Lane,Precinct 701,U.S. Senate,,D,Write-ins,4
Lane,Precinct 703,U.S. Senate,,D,Write-ins,0
Lane,Precinct 705,U.S. Senate,,D,Write-ins,5
Lane,Precinct 707,U.S. Senate,,D,Write-ins,1
Lane,Precinct 709,U.S. Senate,,D,Write-ins,2
Lane,Precinct 711,U.S. Senate,,D,Write-ins,11
Lane,Precinct 713,U.S. Senate,,D,Write-ins,0
Lane,Precinct 715,U.S. Senate,,D,Write-ins,5
Lane,Precinct 717,U.S. Senate,,D,Write-ins,6
Lane,Precinct 719,U.S. Senate,,D,Write-ins,0
Lane,Precinct 721,U.S. Senate,,D,Write-ins,0
Lane,Precinct 723,U.S. Senate,,D,Write-ins,4
Lane,Precinct 725,U.S. Senate,,D,Write-ins,3
Lane,Precinct 727,U.S. Senate,,D,Write-ins,4
Lane,Precinct 729,U.S. Senate,,D,Write-ins,1
Lane,Precinct 731,U.S. Senate,,D,Write-ins,14
Lane,Precinct 733,U.S. Senate,,D,Write-ins,7
Lane,Precinct 737,U.S. Senate,,D,Write-ins,9
Lane,Precinct 739,U.S. Senate,,D,Write-ins,4
Lane,Precinct 741,U.S. Senate,,D,Write-ins,2
Lane,Precinct 743,U.S. Senate,,D,Write-ins,4
Lane,Precinct 747,U.S. Senate,,D,Write-ins,10
Lane,Precinct 751,U.S. Senate,,D,Write-ins,11
Lane,Precinct 753,U.S. Senate,,D,Write-ins,7
Lane,Precinct 755,U.S. Senate,,D,Write-ins,6
Lane,Precinct 757,U.S. Senate,,D,Write-ins,7
Lane,Precinct 759,U.S. Senate,,D,Write-ins,8
Lane,Precinct 765,U.S. Senate,,D,Write-ins,5
Lane,Precinct 1120,U.S. Senate,,R,Brent Barker,18
Lane,Precinct 1122,U.S. Senate,,R,Brent Barker,19
Lane,Precinct 1124,U.S. Senate,,R,Brent Barker,22
Lane,Precinct 1126,U.S. Senate,,R,Brent Barker,39
Lane,Precinct 1230,U.S. Senate,,R,Brent Barker,36
Lane,Precinct 1232,U.S. Senate,,R,Brent Barker,59
Lane,Precinct 1234,U.S. Senate,,R,Brent Barker,46
Lane,Precinct 1340,U.S. Senate,,R,Brent Barker,20
Lane,Precinct 1342,U.S. Senate,,R,Brent Barker,10
Lane,Precinct 1450,U.S. Senate,,R,Brent Barker,185
Lane,Precinct 1452,U.S. Senate,,R,Brent Barker,146
Lane,Precinct 1454,U.S. Senate,,R,Brent Barker,31
Lane,Precinct 1560,U.S. Senate,,R,Brent Barker,88
Lane,Precinct 1562,U.S. Senate,,R,Brent Barker,225
Lane,Precinct 1564,U.S. Senate,,R,Brent Barker,180
Lane,Precinct 1670,U.S. Senate,,R,Brent Barker,232
Lane,Precinct 1672,U.S. Senate,,R,Brent Barker,156
Lane,Precinct 1780,U.S. Senate,,R,Brent Barker,24
Lane,Precinct 1782,U.S. Senate,,R,Brent Barker,6
Lane,Precinct 1784,U.S. Senate,,R,Brent Barker,114
Lane,Precinct 1786,U.S. Senate,,R,Brent Barker,111
Lane,Precinct 1890,U.S. Senate,,R,Brent Barker,94
Lane,Precinct 1892,U.S. Senate,,R,Brent Barker,95
Lane,Precinct 1894,U.S. Senate,,R,Brent Barker,100
Lane,Precinct 2122,U.S. Senate,,R,Brent Barker,135
Lane,Precinct 2238,U.S. Senate,,R,Brent Barker,104
Lane,Precinct 2340,U.S. Senate,,R,Brent Barker,170
Lane,Precinct 2456,U.S. Senate,,R,Brent Barker,155
Lane,Precinct 2562,U.S. Senate,,R,Brent Barker,243
Lane,Precinct 2676,U.S. Senate,,R,Brent Barker,297
Lane,Precinct 4200,U.S. Senate,,R,Brent Barker,45
Lane,Precinct 4300,U.S. Senate,,R,Brent Barker,239
Lane,Precinct 4400,U.S. Senate,,R,Brent Barker,102
Lane,Precinct 4500,U.S. Senate,,R,Brent Barker,70
Lane,Precinct 4600,U.S. Senate,,R,Brent Barker,238
Lane,Precinct 4700,U.S. Senate,,R,Brent Barker,186
Lane,Precinct 4800,U.S. Senate,,R,Brent Barker,64
Lane,Precinct 4900,U.S. Senate,,R,Brent Barker,128
Lane,Precinct 701,U.S. Senate,,R,Brent Barker,79
Lane,Precinct 703,U.S. Senate,,R,Brent Barker,14
Lane,Precinct 705,U.S. Senate,,R,Brent Barker,117
Lane,Precinct 707,U.S. Senate,,R,Brent Barker,41
Lane,Precinct 709,U.S. Senate,,R,Brent Barker,93
Lane,Precinct 711,U.S. Senate,,R,Brent Barker,200
Lane,Precinct 713,U.S. Senate,,R,Brent Barker,68
Lane,Precinct 715,U.S. Senate,,R,Brent Barker,139
Lane,Precinct 717,U.S. Senate,,R,Brent Barker,202
Lane,Precinct 719,U.S. Senate,,R,Brent Barker,17
Lane,Precinct 721,U.S. Senate,,R,Brent Barker,33
Lane,Precinct 723,U.S. Senate,,R,Brent Barker,94
Lane,Precinct 725,U.S. Senate,,R,Brent Barker,91
Lane,Precinct 727,U.S. Senate,,R,Brent Barker,132
Lane,Precinct 729,U.S. Senate,,R,Brent Barker,16
Lane,Precinct 731,U.S. Senate,,R,Brent Barker,196
Lane,Precinct 733,U.S. Senate,,R,Brent Barker,176
Lane,Precinct 737,U.S. Senate,,R,Brent Barker,175
Lane,Precinct 739,U.S. Senate,,R,Brent Barker,76
Lane,Precinct 741,U.S. Senate,,R,Brent Barker,17
Lane,Precinct 743,U.S. Senate,,R,Brent Barker,22
Lane,Precinct 747,U.S. Senate,,R,Brent Barker,277
Lane,Precinct 751,U.S. Senate,,R,Brent Barker,255
Lane,Precinct 753,U.S. Senate,,R,Brent Barker,107
Lane,Precinct 755,U.S. Senate,,R,Brent Barker,185
Lane,Precinct 757,U.S. Senate,,R,Brent Barker,137
Lane,Precinct 759,U.S. Senate,,R,Brent Barker,134
Lane,Precinct 765,U.S. Senate,,R,Brent Barker,126
Lane,Precinct 1120,U.S. Senate,,R,David A. Burch,2
Lane,Precinct 1122,U.S. Senate,,R,David A. Burch,4
Lane,Precinct 1124,U.S. Senate,,R,David A. Burch,1
Lane,Precinct 1126,U.S. Senate,,R,David A. Burch,4
Lane,Precinct 1230,U.S. Senate,,R,David A. Burch,4
Lane,Precinct 1232,U.S. Senate,,R,David A. Burch,7
Lane,Precinct 1234,U.S. Senate,,R,David A. Burch,1
Lane,Precinct 1340,U.S. Senate,,R,David A. Burch,1
Lane,Precinct 1342,U.S. Senate,,R,David A. Burch,0
Lane,Precinct 1450,U.S. Senate,,R,David A. Burch,12
Lane,Precinct 1452,U.S. Senate,,R,David A. Burch,11
Lane,Precinct 1454,U.S. Senate,,R,David A. Burch,2
Lane,Precinct 1560,U.S. Senate,,R,David A. Burch,5
Lane,Precinct 1562,U.S. Senate,,R,David A. Burch,25
Lane,Precinct 1564,U.S. Senate,,R,David A. Burch,12
Lane,Precinct 1670,U.S. Senate,,R,David A. Burch,34
Lane,Precinct 1672,U.S. Senate,,R,David A. Burch,23
Lane,Precinct 1780,U.S. Senate,,R,David A. Burch,10
Lane,Precinct 1782,U.S. Senate,,R,David A. Burch,0
Lane,Precinct 1784,U.S. Senate,,R,David A. Burch,17
Lane,Precinct 1786,U.S. Senate,,R,David A. Burch,8
Lane,Precinct 1890,U.S. Senate,,R,David A. Burch,12
Lane,Precinct 1892,U.S. Senate,,R,David A. Burch,9
Lane,Precinct 1894,U.S. Senate,,R,David A. Burch,7
Lane,Precinct 2122,U.S. Senate,,R,David A. Burch,22
Lane,Precinct 2238,U.S. Senate,,R,David A. Burch,15
Lane,Precinct 2340,U.S. Senate,,R,David A. Burch,21
Lane,Precinct 2456,U.S. Senate,,R,David A. Burch,15
Lane,Precinct 2562,U.S. Senate,,R,David A. Burch,31
Lane,Precinct 2676,U.S. Senate,,R,David A. Burch,37
Lane,Precinct 4200,U.S. Senate,,R,David A. Burch,5
Lane,Precinct 4300,U.S. Senate,,R,David A. Burch,34
Lane,Precinct 4400,U.S. Senate,,R,David A. Burch,17
Lane,Precinct 4500,U.S. Senate,,R,David A. Burch,10
Lane,Precinct 4600,U.S. Senate,,R,David A. Burch,36
Lane,Precinct 4700,U.S. Senate,,R,David A. Burch,25
Lane,Precinct 4800,U.S. Senate,,R,David A. Burch,15
Lane,Precinct 4900,U.S. Senate,,R,David A. Burch,14
Lane,Precinct 701,U.S. Senate,,R,David A. Burch,7
Lane,Precinct 703,U.S. Senate,,R,David A. Burch,1
Lane,Precinct 705,U.S. Senate,,R,David A. Burch,17
Lane,Precinct 707,U.S. Senate,,R,David A. Burch,9
Lane,Precinct 709,U.S. Senate,,R,David A. Burch,3
Lane,Precinct 711,U.S. Senate,,R,David A. Burch,21
Lane,Precinct 713,U.S. Senate,,R,David A. Burch,10
Lane,Precinct 715,U.S. Senate,,R,David A. Burch,16
Lane,Precinct 717,U.S. Senate,,R,David A. Burch,28
Lane,Precinct 719,U.S. Senate,,R,David A. Burch,2
Lane,Precinct 721,U.S. Senate,,R,David A. Burch,7
Lane,Precinct 723,U.S. Senate,,R,David A. Burch,5
Lane,Precinct 725,U.S. Senate,,R,David A. Burch,15
Lane,Precinct 727,U.S. Senate,,R,David A. Burch,10
Lane,Precinct 729,U.S. Senate,,R,David A. Burch,1
Lane,Precinct 731,U.S. Senate,,R,David A. Burch,16
Lane,Precinct 733,U.S. Senate,,R,David A. Burch,22
Lane,Precinct 737,U.S. Senate,,R,David A. Burch,24
Lane,Precinct 739,U.S. Senate,,R,David A. Burch,9
Lane,Precinct 741,U.S. Senate,,R,David A. Burch,4
Lane,Precinct 743,U.S. Senate,,R,David A. Burch,5
Lane,Precinct 747,U.S. Senate,,R,David A. Burch,31
Lane,Precinct 751,U.S. Senate,,R,David A. Burch,23
Lane,Precinct 753,U.S. Senate,,R,David A. Burch,5
Lane,Precinct 755,U.S. Senate,,R,David A. Burch,21
Lane,Precinct 757,U.S. Senate,,R,David A. Burch,13
Lane,Precinct 759,U.S. Senate,,R,David A. Burch,19
Lane,Precinct 765,U.S. Senate,,R,David A. Burch,17
Lane,Precinct 1120,U.S. Senate,,R,David Brock Smith,18
Lane,Precinct 1122,U.S. Senate,,R,David Brock Smith,27
Lane,Precinct 1124,U.S. Senate,,R,David Brock Smith,20
Lane,Precinct 1126,U.S. Senate,,R,David Brock Smith,30
Lane,Precinct 1230,U.S. Senate,,R,David Brock Smith,28
Lane,Precinct 1232,U.S. Senate,,R,David Brock Smith,50
Lane,Precinct 1234,U.S. Senate,,R,David Brock Smith,46
Lane,Precinct 1340,U.S. Senate,,R,David Brock Smith,27
Lane,Precinct 1342,U.S. Senate,,R,David Brock Smith,22
Lane,Precinct 1450,U.S. Senate,,R,David Brock Smith,195
Lane,Precinct 1452,U.S. Senate,,R,David Brock Smith,118
Lane,Precinct 1454,U.S. Senate,,R,David Brock Smith,38
Lane,Precinct 1560,U.S. Senate,,R,David Brock Smith,67
Lane,Precinct 1562,U.S. Senate,,R,David Brock Smith,256
Lane,Precinct 1564,U.S. Senate,,R,David Brock Smith,198
Lane,Precinct 1670,U.S. Senate,,R,David Brock Smith,227
Lane,Precinct 1672,U.S. Senate,,R,David Brock Smith,152
Lane,Precinct 1780,U.S. Senate,,R,David Brock Smith,24
Lane,Precinct 1782,U.S. Senate,,R,David Brock Smith,8
Lane,Precinct 1784,U.S. Senate,,R,David Brock Smith,117
Lane,Precinct 1786,U.S. Senate,,R,David Brock Smith,135
Lane,Precinct 1890,U.S. Senate,,R,David Brock Smith,77
Lane,Precinct 1892,U.S. Senate,,R,David Brock Smith,97
Lane,Precinct 1894,U.S. Senate,,R,David Brock Smith,117
Lane,Precinct 2122,U.S. Senate,,R,David Brock Smith,160
Lane,Precinct 2238,U.S. Senate,,R,David Brock Smith,135
Lane,Precinct 2340,U.S. Senate,,R,David Brock Smith,206
Lane,Precinct 2456,U.S. Senate,,R,David Brock Smith,143
Lane,Precinct 2562,U.S. Senate,,R,David Brock Smith,191
Lane,Precinct 2676,U.S. Senate,,R,David Brock Smith,314
Lane,Precinct 4200,U.S. Senate,,R,David Brock Smith,53
Lane,Precinct 4300,U.S. Senate,,R,David Brock Smith,263
Lane,Precinct 4400,U.S. Senate,,R,David Brock Smith,189
Lane,Precinct 4500,U.S. Senate,,R,David Brock Smith,102
Lane,Precinct 4600,U.S. Senate,,R,David Brock Smith,380
Lane,Precinct 4700,U.S. Senate,,R,David Brock Smith,274
Lane,Precinct 4800,U.S. Senate,,R,David Brock Smith,82
Lane,Precinct 4900,U.S. Senate,,R,David Brock Smith,141
Lane,Precinct 701,U.S. Senate,,R,David Brock Smith,150
Lane,Precinct 703,U.S. Senate,,R,David Brock Smith,8
Lane,Precinct 705,U.S. Senate,,R,David Brock Smith,153
Lane,Precinct 707,U.S. Senate,,R,David Brock Smith,40
Lane,Precinct 709,U.S. Senate,,R,David Brock Smith,119
Lane,Precinct 711,U.S. Senate,,R,David Brock Smith,290
Lane,Precinct 713,U.S. Senate,,R,David Brock Smith,123
Lane,Precinct 715,U.S. Senate,,R,David Brock Smith,154
Lane,Precinct 717,U.S. Senate,,R,David Brock Smith,199
Lane,Precinct 719,U.S. Senate,,R,David Brock Smith,41
Lane,Precinct 721,U.S. Senate,,R,David Brock Smith,46
Lane,Precinct 723,U.S. Senate,,R,David Brock Smith,151
Lane,Precinct 725,U.S. Senate,,R,David Brock Smith,115
Lane,Precinct 727,U.S. Senate,,R,David Brock Smith,115
Lane,Precinct 729,U.S. Senate,,R,David Brock Smith,15
Lane,Precinct 731,U.S. Senate,,R,David Brock Smith,210
Lane,Precinct 733,U.S. Senate,,R,David Brock Smith,180
Lane,Precinct 737,U.S. Senate,,R,David Brock Smith,225
Lane,Precinct 739,U.S. Senate,,R,David Brock Smith,72
Lane,Precinct 741,U.S. Senate,,R,David Brock Smith,41
Lane,Precinct 743,U.S. Senate,,R,David Brock Smith,36
Lane,Precinct 747,U.S. Senate,,R,David Brock Smith,364
Lane,Precinct 751,U.S. Senate,,R,David Brock Smith,368
Lane,Precinct 753,U.S. Senate,,R,David Brock Smith,114
Lane,Precinct 755,U.S. Senate,,R,David Brock Smith,208
Lane,Precinct 757,U.S. Senate,,R,David Brock Smith,208
Lane,Precinct 759,U.S. Senate,,R,David Brock Smith,206
Lane,Precinct 765,U.S. Senate,,R,David Brock Smith,178
Lane,Precinct 1120,U.S. Senate,,R,Deborah C. Brown,6
Lane,Precinct 1122,U.S. Senate,,R,Deborah C. Brown,6
Lane,Precinct 1124,U.S. Senate,,R,Deborah C. Brown,3
Lane,Precinct 1126,U.S. Senate,,R,Deborah C. Brown,5
Lane,Precinct 1230,U.S. Senate,,R,Deborah C. Brown,8
Lane,Precinct 1232,U.S. Senate,,R,Deborah C. Brown,20
Lane,Precinct 1234,U.S. Senate,,R,Deborah C. Brown,3
Lane,Precinct 1340,U.S. Senate,,R,Deborah C. Brown,1
Lane,Precinct 1342,U.S. Senate,,R,Deborah C. Brown,6
Lane,Precinct 1450,U.S. Senate,,R,Deborah C. Brown,35
Lane,Precinct 1452,U.S. Senate,,R,Deborah C. Brown,20
Lane,Precinct 1454,U.S. Senate,,R,Deborah C. Brown,5
Lane,Precinct 1560,U.S. Senate,,R,Deborah C. Brown,13
Lane,Precinct 1562,U.S. Senate,,R,Deborah C. Brown,35
Lane,Precinct 1564,U.S. Senate,,R,Deborah C. Brown,41
Lane,Precinct 1670,U.S. Senate,,R,Deborah C. Brown,45
Lane,Precinct 1672,U.S. Senate,,R,Deborah C. Brown,25
Lane,Precinct 1780,U.S. Senate,,R,Deborah C. Brown,4
Lane,Precinct 1782,U.S. Senate,,R,Deborah C. Brown,5
Lane,Precinct 1784,U.S. Senate,,R,Deborah C. Brown,19
Lane,Precinct 1786,U.S. Senate,,R,Deborah C. Brown,14
Lane,Precinct 1890,U.S. Senate,,R,Deborah C. Brown,19
Lane,Precinct 1892,U.S. Senate,,R,Deborah C. Brown,11
Lane,Precinct 1894,U.S. Senate,,R,Deborah C. Brown,7
Lane,Precinct 2122,U.S. Senate,,R,Deborah C. Brown,34
Lane,Precinct 2238,U.S. Senate,,R,Deborah C. Brown,15
Lane,Precinct 2340,U.S. Senate,,R,Deborah C. Brown,22
Lane,Precinct 2456,U.S. Senate,,R,Deborah C. Brown,31
Lane,Precinct 2562,U.S. Senate,,R,Deborah C. Brown,41
Lane,Precinct 2676,U.S. Senate,,R,Deborah C. Brown,40
Lane,Precinct 4200,U.S. Senate,,R,Deborah C. Brown,9
Lane,Precinct 4300,U.S. Senate,,R,Deborah C. Brown,34
Lane,Precinct 4400,U.S. Senate,,R,Deborah C. Brown,30
Lane,Precinct 4500,U.S. Senate,,R,Deborah C. Brown,12
Lane,Precinct 4600,U.S. Senate,,R,Deborah C. Brown,49
Lane,Precinct 4700,U.S. Senate,,R,Deborah C. Brown,40
Lane,Precinct 4800,U.S. Senate,,R,Deborah C. Brown,9
Lane,Precinct 4900,U.S. Senate,,R,Deborah C. Brown,32
Lane,Precinct 701,U.S. Senate,,R,Deborah C. Brown,11
Lane,Precinct 703,U.S. Senate,,R,Deborah C. Brown,3
Lane,Precinct 705,U.S. Senate,,R,Deborah C. Brown,21
Lane,Precinct 707,U.S. Senate,,R,Deborah C. Brown,2
Lane,Precinct 709,U.S. Senate,,R,Deborah C. Brown,10
Lane,Precinct 711,U.S. Senate,,R,Deborah C. Brown,30
Lane,Precinct 713,U.S. Senate,,R,Deborah C. Brown,15
Lane,Precinct 715,U.S. Senate,,R,Deborah C. Brown,23
Lane,Precinct 717,U.S. Senate,,R,Deborah C. Brown,24
Lane,Precinct 719,U.S. Senate,,R,Deborah C. Brown,1
Lane,Precinct 721,U.S. Senate,,R,Deborah C. Brown,9
Lane,Precinct 723,U.S. Senate,,R,Deborah C. Brown,3
Lane,Precinct 725,U.S. Senate,,R,Deborah C. Brown,17
Lane,Precinct 727,U.S. Senate,,R,Deborah C. Brown,11
Lane,Precinct 729,U.S. Senate,,R,Deborah C. Brown,2
Lane,Precinct 731,U.S. Senate,,R,Deborah C. Brown,22
Lane,Precinct 733,U.S. Senate,,R,Deborah C. Brown,23
Lane,Precinct 737,U.S. Senate,,R,Deborah C. Brown,30
Lane,Precinct 739,U.S. Senate,,R,Deborah C. Brown,16
Lane,Precinct 741,U.S. Senate,,R,Deborah C. Brown,4
Lane,Precinct 743,U.S. Senate,,R,Deborah C. Brown,1
Lane,Precinct 747,U.S. Senate,,R,Deborah C. Brown,37
Lane,Precinct 751,U.S. Senate,,R,Deborah C. Brown,29
Lane,Precinct 753,U.S. Senate,,R,Deborah C. Brown,6
Lane,Precinct 755,U.S. Senate,,R,Deborah C. Brown,34
Lane,Precinct 757,U.S. Senate,,R,Deborah C. Brown,18
Lane,Precinct 759,U.S. Senate,,R,Deborah C. Brown,18
Lane,Precinct 765,U.S. Senate,,R,Deborah C. Brown,13
Lane,Precinct 1120,U.S. Senate,,R,Jo Rae Perkins,30
Lane,Precinct 1122,U.S. Senate,,R,Jo Rae Perkins,22
Lane,Precinct 1124,U.S. Senate,,R,Jo Rae Perkins,8
Lane,Precinct 1126,U.S. Senate,,R,Jo Rae Perkins,30
Lane,Precinct 1230,U.S. Senate,,R,Jo Rae Perkins,53
Lane,Precinct 1232,U.S. Senate,,R,Jo Rae Perkins,57
Lane,Precinct 1234,U.S. Senate,,R,Jo Rae Perkins,37
Lane,Precinct 1340,U.S. Senate,,R,Jo Rae Perkins,21
Lane,Precinct 1342,U.S. Senate,,R,Jo Rae Perkins,21
Lane,Precinct 1450,U.S. Senate,,R,Jo Rae Perkins,151
Lane,Precinct 1452,U.S. Senate,,R,Jo Rae Perkins,122
Lane,Precinct 1454,U.S. Senate,,R,Jo Rae Perkins,23
Lane,Precinct 1560,U.S. Senate,,R,Jo Rae Perkins,80
Lane,Precinct 1562,U.S. Senate,,R,Jo Rae Perkins,186
Lane,Precinct 1564,U.S. Senate,,R,Jo Rae Perkins,151
Lane,Precinct 1670,U.S. Senate,,R,Jo Rae Perkins,293
Lane,Precinct 1672,U.S. Senate,,R,Jo Rae Perkins,149
Lane,Precinct 1780,U.S. Senate,,R,Jo Rae Perkins,28
Lane,Precinct 1782,U.S. Senate,,R,Jo Rae Perkins,13
Lane,Precinct 1784,U.S. Senate,,R,Jo Rae Perkins,111
Lane,Precinct 1786,U.S. Senate,,R,Jo Rae Perkins,128
Lane,Precinct 1890,U.S. Senate,,R,Jo Rae Perkins,90
Lane,Precinct 1892,U.S. Senate,,R,Jo Rae Perkins,88
Lane,Precinct 1894,U.S. Senate,,R,Jo Rae Perkins,82
Lane,Precinct 2122,U.S. Senate,,R,Jo Rae Perkins,228
Lane,Precinct 2238,U.S. Senate,,R,Jo Rae Perkins,134
Lane,Precinct 2340,U.S. Senate,,R,Jo Rae Perkins,241
Lane,Precinct 2456,U.S. Senate,,R,Jo Rae Perkins,201
Lane,Precinct 2562,U.S. Senate,,R,Jo Rae Perkins,243
Lane,Precinct 2676,U.S. Senate,,R,Jo Rae Perkins,404
Lane,Precinct 4200,U.S. Senate,,R,Jo Rae Perkins,50
Lane,Precinct 4300,U.S. Senate,,R,Jo Rae Perkins,373
Lane,Precinct 4400,U.S. Senate,,R,Jo Rae Perkins,269
Lane,Precinct 4500,U.S. Senate,,R,Jo Rae Perkins,64
Lane,Precinct 4600,U.S. Senate,,R,Jo Rae Perkins,403
Lane,Precinct 4700,U.S. Senate,,R,Jo Rae Perkins,296
Lane,Precinct 4800,U.S. Senate,,R,Jo Rae Perkins,86
Lane,Precinct 4900,U.S. Senate,,R,Jo Rae Perkins,150
Lane,Precinct 701,U.S. Senate,,R,Jo Rae Perkins,98
Lane,Precinct 703,U.S. Senate,,R,Jo Rae Perkins,18
Lane,Precinct 705,U.S. Senate,,R,Jo Rae Perkins,131
Lane,Precinct 707,U.S. Senate,,R,Jo Rae Perkins,60
Lane,Precinct 709,U.S. Senate,,R,Jo Rae Perkins,117
Lane,Precinct 711,U.S. Senate,,R,Jo Rae Perkins,247
Lane,Precinct 713,U.S. Senate,,R,Jo Rae Perkins,93
Lane,Precinct 715,U.S. Senate,,R,Jo Rae Perkins,131
Lane,Precinct 717,U.S. Senate,,R,Jo Rae Perkins,199
Lane,Precinct 719,U.S. Senate,,R,Jo Rae Perkins,31
Lane,Precinct 721,U.S. Senate,,R,Jo Rae Perkins,22
Lane,Precinct 723,U.S. Senate,,R,Jo Rae Perkins,65
Lane,Precinct 725,U.S. Senate,,R,Jo Rae Perkins,169
Lane,Precinct 727,U.S. Senate,,R,Jo Rae Perkins,103
Lane,Precinct 729,U.S. Senate,,R,Jo Rae Perkins,24
Lane,Precinct 731,U.S. Senate,,R,Jo Rae Perkins,201
Lane,Precinct 733,U.S. Senate,,R,Jo Rae Perkins,191
Lane,Precinct 737,U.S. Senate,,R,Jo Rae Perkins,229
Lane,Precinct 739,U.S. Senate,,R,Jo Rae Perkins,87
Lane,Precinct 741,U.S. Senate,,R,Jo Rae Perkins,30
Lane,Precinct 743,U.S. Senate,,R,Jo Rae Perkins,46
Lane,Precinct 747,U.S. Senate,,R,Jo Rae Perkins,446
Lane,Precinct 751,U.S. Senate,,R,Jo Rae Perkins,348
Lane,Precinct 753,U.S. Senate,,R,Jo Rae Perkins,104
Lane,Precinct 755,U.S. Senate,,R,Jo Rae Perkins,231
Lane,Precinct 757,U.S. Senate,,R,Jo Rae Perkins,229
Lane,Precinct 759,U.S. Senate,,R,Jo Rae Perkins,167
Lane,Precinct 765,U.S. Senate,,R,Jo Rae Perkins,193
Lane,Precinct 1120,U.S. Senate,,R,Over Votes,0
Lane,Precinct 1122,U.S. Senate,,R,Over Votes,0
Lane,Precinct 1124,U.S. Senate,,R,Over Votes,0
Lane,Precinct 1126,U.S. Senate,,R,Over Votes,0
Lane,Precinct 1230,U.S. Senate,,R,Over Votes,0
Lane,Precinct 1232,U.S. Senate,,R,Over Votes,0
Lane,Precinct 1234,U.S. Senate,,R,Over Votes,0
Lane,Precinct 1340,U.S. Senate,,R,Over Votes,1
Lane,Precinct 1342,U.S. Senate,,R,Over Votes,0
Lane,Precinct 1450,U.S. Senate,,R,Over Votes,0
Lane,Precinct 1452,U.S. Senate,,R,Over Votes,0
Lane,Precinct 1454,U.S. Senate,,R,Over Votes,0
Lane,Precinct 1560,U.S. Senate,,R,Over Votes,0
Lane,Precinct 1562,U.S. Senate,,R,Over Votes,1
Lane,Precinct 1564,U.S. Senate,,R,Over Votes,1
Lane,Precinct 1670,U.S. Senate,,R,Over Votes,2
Lane,Precinct 1672,U.S. Senate,,R,Over Votes,0
Lane,Precinct 1780,U.S. Senate,,R,Over Votes,0
Lane,Precinct 1782,U.S. Senate,,R,Over Votes,0
Lane,Precinct 1784,U.S. Senate,,R,Over Votes,0
Lane,Precinct 1786,U.S. Senate,,R,Over Votes,0
Lane,Precinct 1890,U.S. Senate,,R,Over Votes,0
Lane,Precinct 1892,U.S. Senate,,R,Over Votes,0
Lane,Precinct 1894,U.S. Senate,,R,Over Votes,0
Lane,Precinct 2122,U.S. Senate,,R,Over Votes,1
Lane,Precinct 2238,U.S. Senate,,R,Over Votes,0
Lane,Precinct 2340,U.S. Senate,,R,Over Votes,0
Lane,Precinct 2456,U.S. Senate,,R,Over Votes,1
Lane,Precinct 2562,U.S. Senate,,R,Over Votes,0
Lane,Precinct 2676,U.S. Senate,,R,Over Votes,0
Lane,Precinct 4200,U.S. Senate,,R,Over Votes,0
Lane,Precinct 4300,U.S. Senate,,R,Over Votes,0
Lane,Precinct 4400,U.S. Senate,,R,Over Votes,0
Lane,Precinct 4500,U.S. Senate,,R,Over Votes,0
Lane,Precinct 4600,U.S. Senate,,R,Over Votes,3
Lane,Precinct 4700,U.S. Senate,,R,Over Votes,0
Lane,Precinct 4800,U.S. Senate,,R,Over Votes,0
Lane,Precinct 4900,U.S. Senate,,R,Over Votes,0
Lane,Precinct 701,U.S. Senate,,R,Over Votes,0
Lane,Precinct 703,U.S. Senate,,R,Over Votes,0
Lane,Precinct 705,U.S. Senate,,R,Over Votes,0
Lane,Precinct 707,U.S. Senate,,R,Over Votes,0
Lane,Precinct 709,U.S. Senate,,R,Over Votes,0
Lane,Precinct 711,U.S. Senate,,R,Over Votes,0
Lane,Precinct 713,U.S. Senate,,R,Over Votes,0
Lane,Precinct 715,U.S. Senate,,R,Over Votes,0
Lane,Precinct 717,U.S. Senate,,R,Over Votes,0
Lane,Precinct 719,U.S. Senate,,R,Over Votes,0
Lane,Precinct 721,U.S. Senate,,R,Over Votes,0
Lane,Precinct 723,U.S. Senate,,R,Over Votes,0
Lane,Precinct 725,U.S. Senate,,R,Over Votes,0
Lane,Precinct 727,U.S. Senate,,R,Over Votes,0
Lane,Precinct 729,U.S. Senate,,R,Over Votes,0
Lane,Precinct 731,U.S. Senate,,R,Over Votes,0
Lane,Precinct 733,U.S. Senate,,R,Over Votes,0
Lane,Precinct 737,U.S. Senate,,R,Over Votes,0
Lane,Precinct 739,U.S. Senate,,R,Over Votes,0
Lane,Precinct 741,U.S. Senate,,R,Over Votes,0
Lane,Precinct 743,U.S. Senate,,R,Over Votes,0
Lane,Precinct 747,U.S. Senate,,R,Over Votes,0
Lane,Precinct 751,U.S. Senate,,R,Over Votes,0
Lane,Precinct 753,U.S. Senate,,R,Over Votes,0
Lane,Precinct 755,U.S. Senate,,R,Over Votes,0
Lane,Precinct 757,U.S. Senate,,R,Over Votes,0
Lane,Precinct 759,U.S. Senate,,R,Over Votes,0
Lane,Precinct 765,U.S. Senate,,R,Over Votes,0
Lane,Precinct 1120,U.S. Senate,,R,Russell McAlmond,16
Lane,Precinct 1122,U.S. Senate,,R,Russell McAlmond,13
Lane,Precinct 1124,U.S. Senate,,R,Russell McAlmond,8
Lane,Precinct 1126,U.S. Senate,,R,Russell McAlmond,8
Lane,Precinct 1230,U.S. Senate,,R,Russell McAlmond,14
Lane,Precinct 1232,U.S. Senate,,R,Russell McAlmond,51
Lane,Precinct 1234,U.S. Senate,,R,Russell McAlmond,11
Lane,Precinct 1340,U.S. Senate,,R,Russell McAlmond,12
Lane,Precinct 1342,U.S. Senate,,R,Russell McAlmond,4
Lane,Precinct 1450,U.S. Senate,,R,Russell McAlmond,85
Lane,Precinct 1452,U.S. Senate,,R,Russell McAlmond,57
Lane,Precinct 1454,U.S. Senate,,R,Russell McAlmond,15
Lane,Precinct 1560,U.S. Senate,,R,Russell McAlmond,24
Lane,Precinct 1562,U.S. Senate,,R,Russell McAlmond,100
Lane,Precinct 1564,U.S. Senate,,R,Russell McAlmond,74
Lane,Precinct 1670,U.S. Senate,,R,Russell McAlmond,104
Lane,Precinct 1672,U.S. Senate,,R,Russell McAlmond,73
Lane,Precinct 1780,U.S. Senate,,R,Russell McAlmond,15
Lane,Precinct 1782,U.S. Senate,,R,Russell McAlmond,10
Lane,Precinct 1784,U.S. Senate,,R,Russell McAlmond,50
Lane,Precinct 1786,U.S. Senate,,R,Russell McAlmond,47
Lane,Precinct 1890,U.S. Senate,,R,Russell McAlmond,45
Lane,Precinct 1892,U.S. Senate,,R,Russell McAlmond,26
Lane,Precinct 1894,U.S. Senate,,R,Russell McAlmond,44
Lane,Precinct 2122,U.S. Senate,,R,Russell McAlmond,42
Lane,Precinct 2238,U.S. Senate,,R,Russell McAlmond,52
Lane,Precinct 2340,U.S. Senate,,R,Russell McAlmond,65
Lane,Precinct 2456,U.S. Senate,,R,Russell McAlmond,81
Lane,Precinct 2562,U.S. Senate,,R,Russell McAlmond,111
Lane,Precinct 2676,U.S. Senate,,R,Russell McAlmond,116
Lane,Precinct 4200,U.S. Senate,,R,Russell McAlmond,30
Lane,Precinct 4300,U.S. Senate,,R,Russell McAlmond,129
Lane,Precinct 4400,U.S. Senate,,R,Russell McAlmond,62
Lane,Precinct 4500,U.S. Senate,,R,Russell McAlmond,28
Lane,Precinct 4600,U.S. Senate,,R,Russell McAlmond,108
Lane,Precinct 4700,U.S. Senate,,R,Russell McAlmond,79
Lane,Precinct 4800,U.S. Senate,,R,Russell McAlmond,43
Lane,Precinct 4900,U.S. Senate,,R,Russell McAlmond,50
Lane,Precinct 701,U.S. Senate,,R,Russell McAlmond,31
Lane,Precinct 703,U.S. Senate,,R,Russell McAlmond,1
Lane,Precinct 705,U.S. Senate,,R,Russell McAlmond,43
Lane,Precinct 707,U.S. Senate,,R,Russell McAlmond,11
Lane,Precinct 709,U.S. Senate,,R,Russell McAlmond,37
Lane,Precinct 711,U.S. Senate,,R,Russell McAlmond,90
Lane,Precinct 713,U.S. Senate,,R,Russell McAlmond,28
Lane,Precinct 715,U.S. Senate,,R,Russell McAlmond,41
Lane,Precinct 717,U.S. Senate,,R,Russell McAlmond,78
Lane,Precinct 719,U.S. Senate,,R,Russell McAlmond,7
Lane,Precinct 721,U.S. Senate,,R,Russell McAlmond,9
Lane,Precinct 723,U.S. Senate,,R,Russell McAlmond,48
Lane,Precinct 725,U.S. Senate,,R,Russell McAlmond,55
Lane,Precinct 727,U.S. Senate,,R,Russell McAlmond,43
Lane,Precinct 729,U.S. Senate,,R,Russell McAlmond,13
Lane,Precinct 731,U.S. Senate,,R,Russell McAlmond,92
Lane,Precinct 733,U.S. Senate,,R,Russell McAlmond,68
Lane,Precinct 737,U.S. Senate,,R,Russell McAlmond,64
Lane,Precinct 739,U.S. Senate,,R,Russell McAlmond,38
Lane,Precinct 741,U.S. Senate,,R,Russell McAlmond,9
Lane,Precinct 743,U.S. Senate,,R,Russell McAlmond,12
Lane,Precinct 747,U.S. Senate,,R,Russell McAlmond,141
Lane,Precinct 751,U.S. Senate,,R,Russell McAlmond,132
Lane,Precinct 753,U.S. Senate,,R,Russell McAlmond,46
Lane,Precinct 755,U.S. Senate,,R,Russell McAlmond,68
Lane,Precinct 757,U.S. Senate,,R,Russell McAlmond,69
Lane,Precinct 759,U.S. Senate,,R,Russell McAlmond,56
Lane,Precinct 765,U.S. Senate,,R,Russell McAlmond,61
Lane,Precinct 1120,U.S. Senate,,R,Timothy Skelton,1
Lane,Precinct 1122,U.S. Senate,,R,Timothy Skelton,1
Lane,Precinct 1124,U.S. Senate,,R,Timothy Skelton,0
Lane,Precinct 1126,U.S. Senate,,R,Timothy Skelton,1
Lane,Precinct 1230,U.S. Senate,,R,Timothy Skelton,4
Lane,Precinct 1232,U.S. Senate,,R,Timothy Skelton,5
Lane,Precinct 1234,U.S. Senate,,R,Timothy Skelton,3
Lane,Precinct 1340,U.S. Senate,,R,Timothy Skelton,3
Lane,Precinct 1342,U.S. Senate,,R,Timothy Skelton,0
Lane,Precinct 1450,U.S. Senate,,R,Timothy Skelton,11
Lane,Precinct 1452,U.S. Senate,,R,Timothy Skelton,10
Lane,Precinct 1454,U.S. Senate,,R,Timothy Skelton,1
Lane,Precinct 1560,U.S. Senate,,R,Timothy Skelton,6
Lane,Precinct 1562,U.S. Senate,,R,Timothy Skelton,13
Lane,Precinct 1564,U.S. Senate,,R,Timothy Skelton,13
Lane,Precinct 1670,U.S. Senate,,R,Timothy Skelton,18
Lane,Precinct 1672,U.S. Senate,,R,Timothy Skelton,14
Lane,Precinct 1780,U.S. Senate,,R,Timothy Skelton,6
Lane,Precinct 1782,U.S. Senate,,R,Timothy Skelton,1
Lane,Precinct 1784,U.S. Senate,,R,Timothy Skelton,7
Lane,Precinct 1786,U.S. Senate,,R,Timothy Skelton,2
Lane,Precinct 1890,U.S. Senate,,R,Timothy Skelton,8
Lane,Precinct 1892,U.S. Senate,,R,Timothy Skelton,5
Lane,Precinct 1894,U.S. Senate,,R,Timothy Skelton,2
Lane,Precinct 2122,U.S. Senate,,R,Timothy Skelton,11
Lane,Precinct 2238,U.S. Senate,,R,Timothy Skelton,10
Lane,Precinct 2340,U.S. Senate,,R,Timothy Skelton,12
Lane,Precinct 2456,U.S. Senate,,R,Timothy Skelton,14
Lane,Precinct 2562,U.S. Senate,,R,Timothy Skelton,21
Lane,Precinct 2676,U.S. Senate,,R,Timothy Skelton,20
Lane,Precinct 4200,U.S. Senate,,R,Timothy Skelton,1
Lane,Precinct 4300,U.S. Senate,,R,Timothy Skelton,20
Lane,Precinct 4400,U.S. Senate,,R,Timothy Skelton,8
Lane,Precinct 4500,U.S. Senate,,R,Timothy Skelton,4
Lane,Precinct 4600,U.S. Senate,,R,Timothy Skelton,19
Lane,Precinct 4700,U.S. Senate,,R,Timothy Skelton,28
Lane,Precinct 4800,U.S. Senate,,R,Timothy Skelton,8
Lane,Precinct 4900,U.S. Senate,,R,Timothy Skelton,5
Lane,Precinct 701,U.S. Senate,,R,Timothy Skelton,4
Lane,Precinct 703,U.S. Senate,,R,Timothy Skelton,0
Lane,Precinct 705,U.S. Senate,,R,Timothy Skelton,7
Lane,Precinct 707,U.S. Senate,,R,Timothy Skelton,2
Lane,Precinct 709,U.S. Senate,,R,Timothy Skelton,9
Lane,Precinct 711,U.S. Senate,,R,Timothy Skelton,7
Lane,Precinct 713,U.S. Senate,,R,Timothy Skelton,6
Lane,Precinct 715,U.S. Senate,,R,Timothy Skelton,8
Lane,Precinct 717,U.S. Senate,,R,Timothy Skelton,5
Lane,Precinct 719,U.S. Senate,,R,Timothy Skelton,1
Lane,Precinct 721,U.S. Senate,,R,Timothy Skelton,2
Lane,Precinct 723,U.S. Senate,,R,Timothy Skelton,1
Lane,Precinct 725,U.S. Senate,,R,Timothy Skelton,9
Lane,Precinct 727,U.S. Senate,,R,Timothy Skelton,2
Lane,Precinct 729,U.S. Senate,,R,Timothy Skelton,6
Lane,Precinct 731,U.S. Senate,,R,Timothy Skelton,5
Lane,Precinct 733,U.S. Senate,,R,Timothy Skelton,15
Lane,Precinct 737,U.S. Senate,,R,Timothy Skelton,7
Lane,Precinct 739,U.S. Senate,,R,Timothy Skelton,6
Lane,Precinct 741,U.S. Senate,,R,Timothy Skelton,2
Lane,Precinct 743,U.S. Senate,,R,Timothy Skelton,2
Lane,Precinct 747,U.S. Senate,,R,Timothy Skelton,26
Lane,Precinct 751,U.S. Senate,,R,Timothy Skelton,15
Lane,Precinct 753,U.S. Senate,,R,Timothy Skelton,7
Lane,Precinct 755,U.S. Senate,,R,Timothy Skelton,13
Lane,Precinct 757,U.S. Senate,,R,Timothy Skelton,8
Lane,Precinct 759,U.S. Senate,,R,Timothy Skelton,13
Lane,Precinct 765,U.S. Senate,,R,Timothy Skelton,12
Lane,Precinct 1120,U.S. Senate,,R,Under Votes,11
Lane,Precinct 1122,U.S. Senate,,R,Under Votes,25
Lane,Precinct 1124,U.S. Senate,,R,Under Votes,15
Lane,Precinct 1126,U.S. Senate,,R,Under Votes,28
Lane,Precinct 1230,U.S. Senate,,R,Under Votes,43
Lane,Precinct 1232,U.S. Senate,,R,Under Votes,56
Lane,Precinct 1234,U.S. Senate,,R,Under Votes,36
Lane,Precinct 1340,U.S. Senate,,R,Under Votes,27
Lane,Precinct 1342,U.S. Senate,,R,Under Votes,13
Lane,Precinct 1450,U.S. Senate,,R,Under Votes,152
Lane,Precinct 1452,U.S. Senate,,R,Under Votes,120
Lane,Precinct 1454,U.S. Senate,,R,Under Votes,24
Lane,Precinct 1560,U.S. Senate,,R,Under Votes,43
Lane,Precinct 1562,U.S. Senate,,R,Under Votes,163
Lane,Precinct 1564,U.S. Senate,,R,Under Votes,154
Lane,Precinct 1670,U.S. Senate,,R,Under Votes,161
Lane,Precinct 1672,U.S. Senate,,R,Under Votes,122
Lane,Precinct 1780,U.S. Senate,,R,Under Votes,17
Lane,Precinct 1782,U.S. Senate,,R,Under Votes,15
Lane,Precinct 1784,U.S. Senate,,R,Under Votes,91
Lane,Precinct 1786,U.S. Senate,,R,Under Votes,64
Lane,Precinct 1890,U.S. Senate,,R,Under Votes,70
Lane,Precinct 1892,U.S. Senate,,R,Under Votes,55
Lane,Precinct 1894,U.S. Senate,,R,Under Votes,60
Lane,Precinct 2122,U.S. Senate,,R,Under Votes,94
Lane,Precinct 2238,U.S. Senate,,R,Under Votes,75
Lane,Precinct 2340,U.S. Senate,,R,Under Votes,108
Lane,Precinct 2456,U.S. Senate,,R,Under Votes,111
Lane,Precinct 2562,U.S. Senate,,R,Under Votes,135
Lane,Precinct 2676,U.S. Senate,,R,Under Votes,204
Lane,Precinct 4200,U.S. Senate,,R,Under Votes,30
Lane,Precinct 4300,U.S. Senate,,R,Under Votes,137
Lane,Precinct 4400,U.S. Senate,,R,Under Votes,113
Lane,Precinct 4500,U.S. Senate,,R,Under Votes,59
Lane,Precinct 4600,U.S. Senate,,R,Under Votes,184
Lane,Precinct 4700,U.S. Senate,,R,Under Votes,127
Lane,Precinct 4800,U.S. Senate,,R,Under Votes,41
Lane,Precinct 4900,U.S. Senate,,R,Under Votes,106
Lane,Precinct 701,U.S. Senate,,R,Under Votes,50
Lane,Precinct 703,U.S. Senate,,R,Under Votes,7
Lane,Precinct 705,U.S. Senate,,R,Under Votes,72
Lane,Precinct 707,U.S. Senate,,R,Under Votes,18
Lane,Precinct 709,U.S. Senate,,R,Under Votes,81
Lane,Precinct 711,U.S. Senate,,R,Under Votes,182
Lane,Precinct 713,U.S. Senate,,R,Under Votes,59
Lane,Precinct 715,U.S. Senate,,R,Under Votes,104
Lane,Precinct 717,U.S. Senate,,R,Under Votes,115
Lane,Precinct 719,U.S. Senate,,R,Under Votes,19
Lane,Precinct 721,U.S. Senate,,R,Under Votes,32
Lane,Precinct 723,U.S. Senate,,R,Under Votes,76
Lane,Precinct 725,U.S. Senate,,R,Under Votes,66
Lane,Precinct 727,U.S. Senate,,R,Under Votes,68
Lane,Precinct 729,U.S. Senate,,R,Under Votes,16
Lane,Precinct 731,U.S. Senate,,R,Under Votes,112
Lane,Precinct 733,U.S. Senate,,R,Under Votes,132
Lane,Precinct 737,U.S. Senate,,R,Under Votes,109
Lane,Precinct 739,U.S. Senate,,R,Under Votes,59
Lane,Precinct 741,U.S. Senate,,R,Under Votes,20
Lane,Precinct 743,U.S. Senate,,R,Under Votes,13
Lane,Precinct 747,U.S. Senate,,R,Under Votes,225
Lane,Precinct 751,U.S. Senate,,R,Under Votes,219
Lane,Precinct 753,U.S. Senate,,R,Under Votes,55
Lane,Precinct 755,U.S. Senate,,R,Under Votes,124
Lane,Precinct 757,U.S. Senate,,R,Under Votes,90
Lane,Precinct 759,U.S. Senate,,R,Under Votes,84
Lane,Precinct 765,U.S. Senate,,R,Under Votes,77
Lane,Precinct 1120,U.S. Senate,,R,Write-ins,2
Lane,Precinct 1122,U.S. Senate,,R,Write-ins,3
Lane,Precinct 1124,U.S. Senate,,R,Write-ins,3
Lane,Precinct 1126,U.S. Senate,,R,Write-ins,3
Lane,Precinct 1230,U.S. Senate,,R,Write-ins,4
Lane,Precinct 1232,U.S. Senate,,R,Write-ins,6
Lane,Precinct 1234,U.S. Senate,,R,Write-ins,5
Lane,Precinct 1340,U.S. Senate,,R,Write-ins,1
Lane,Precinct 1342,U.S. Senate,,R,Write-ins,2
Lane,Precinct 1450,U.S. Senate,,R,Write-ins,13
Lane,Precinct 1452,U.S. Senate,,R,Write-ins,5
Lane,Precinct 1454,U.S. Senate,,R,Write-ins,3
Lane,Precinct 1560,U.S. Senate,,R,Write-ins,1
Lane,Precinct 1562,U.S. Senate,,R,Write-ins,12
Lane,Precinct 1564,U.S. Senate,,R,Write-ins,11
Lane,Precinct 1670,U.S. Senate,,R,Write-ins,11
Lane,Precinct 1672,U.S. Senate,,R,Write-ins,6
Lane,Precinct 1780,U.S. Senate,,R,Write-ins,2
Lane,Precinct 1782,U.S. Senate,,R,Write-ins,0
Lane,Precinct 1784,U.S. Senate,,R,Write-ins,5
Lane,Precinct 1786,U.S. Senate,,R,Write-ins,2
Lane,Precinct 1890,U.S. Senate,,R,Write-ins,3
Lane,Precinct 1892,U.S. Senate,,R,Write-ins,7
Lane,Precinct 1894,U.S. Senate,,R,Write-ins,2
Lane,Precinct 2122,U.S. Senate,,R,Write-ins,7
Lane,Precinct 2238,U.S. Senate,,R,Write-ins,9
Lane,Precinct 2340,U.S. Senate,,R,Write-ins,10
Lane,Precinct 2456,U.S. Senate,,R,Write-ins,10
Lane,Precinct 2562,U.S. Senate,,R,Write-ins,5
Lane,Precinct 2676,U.S. Senate,,R,Write-ins,15
Lane,Precinct 4200,U.S. Senate,,R,Write-ins,2
Lane,Precinct 4300,U.S. Senate,,R,Write-ins,13
Lane,Precinct 4400,U.S. Senate,,R,Write-ins,6
Lane,Precinct 4500,U.S. Senate,,R,Write-ins,4
Lane,Precinct 4600,U.S. Senate,,R,Write-ins,19
Lane,Precinct 4700,U.S. Senate,,R,Write-ins,7
Lane,Precinct 4800,U.S. Senate,,R,Write-ins,4
Lane,Precinct 4900,U.S. Senate,,R,Write-ins,7
Lane,Precinct 701,U.S. Senate,,R,Write-ins,3
Lane,Precinct 703,U.S. Senate,,R,Write-ins,1
Lane,Precinct 705,U.S. Senate,,R,Write-ins,1
Lane,Precinct 707,U.S. Senate,,R,Write-ins,3
Lane,Precinct 709,U.S. Senate,,R,Write-ins,4
Lane,Precinct 711,U.S. Senate,,R,Write-ins,5
Lane,Precinct 713,U.S. Senate,,R,Write-ins,4
Lane,Precinct 715,U.S. Senate,,R,Write-ins,1
Lane,Precinct 717,U.S. Senate,,R,Write-ins,5
Lane,Precinct 719,U.S. Senate,,R,Write-ins,0
Lane,Precinct 721,U.S. Senate,,R,Write-ins,0
Lane,Precinct 723,U.S. Senate,,R,Write-ins,2
Lane,Precinct 725,U.S. Senate,,R,Write-ins,3
Lane,Precinct 727,U.S. Senate,,R,Write-ins,0
Lane,Precinct 729,U.S. Senate,,R,Write-ins,0
Lane,Precinct 731,U.S. Senate,,R,Write-ins,8
Lane,Precinct 733,U.S. Senate,,R,Write-ins,10
Lane,Precinct 737,U.S. Senate,,R,Write-ins,7
Lane,Precinct 739,U.S. Senate,,R,Write-ins,4
Lane,Precinct 741,U.S. Senate,,R,Write-ins,1
Lane,Precinct 743,U.S. Senate,,R,Write-ins,0
Lane,Precinct 747,U.S. Senate,,R,Write-ins,7
Lane,Precinct 751,U.S. Senate,,R,Write-ins,11
Lane,Precinct 753,U.S. Senate,,R,Write-ins,4
Lane,Precinct 755,U.S. Senate,,R,Write-ins,4
Lane,Precinct 757,U.S. Senate,,R,Write-ins,3
Lane,Precinct 759,U.S. Senate,,R,Write-ins,5
Lane,Precinct 765,U.S. Senate,,R,Write-ins,3
