county,precinct,office,district,party,candidate,votes
Linn,1,Attorney General,,DEM,John R. Kroger,91
Linn,1,Attorney General,,DEM,Greg Macpherson,74
Linn,1,Attorney General,,DEM,Write-ins,0
Linn,1,Attorney General,,DEM,Over Votes,0
Linn,1,Attorney General,,DEM,Under Votes,55
Linn,3,Attorney General,,DEM,John R. Kroger,77
Linn,3,Attorney General,,DEM,Greg Macpherson,56
Linn,3,Attorney General,,DEM,Write-ins,0
Linn,3,Attorney General,,DEM,Over Votes,0
Linn,3,Attorney General,,DEM,Under Votes,30
Linn,5,Attorney General,,DEM,John R. Kroger,80
Linn,5,Attorney General,,DEM,Greg Macpherson,65
Linn,5,Attorney General,,DEM,Write-ins,0
Linn,5,Attorney General,,DEM,Over Votes,1
Linn,5,Attorney General,,DEM,Under Votes,33
Linn,8,Attorney General,,DEM,John R. Kroger,70
Linn,8,Attorney General,,DEM,Greg Macpherson,88
Linn,8,Attorney General,,DEM,Write-ins,1
Linn,8,Attorney General,,DEM,Over Votes,0
Linn,8,Attorney General,,DEM,Under Votes,51
Linn,11,Attorney General,,DEM,John R. Kroger,60
Linn,11,Attorney General,,DEM,Greg Macpherson,58
Linn,11,Attorney General,,DEM,Write-ins,0
Linn,11,Attorney General,,DEM,Over Votes,0
Linn,11,Attorney General,,DEM,Under Votes,31
Linn,14,Attorney General,,DEM,John R. Kroger,58
Linn,14,Attorney General,,DEM,Greg Macpherson,93
Linn,14,Attorney General,,DEM,Write-ins,0
Linn,14,Attorney General,,DEM,Over Votes,0
Linn,14,Attorney General,,DEM,Under Votes,35
Linn,15,Attorney General,,DEM,John R. Kroger,31
Linn,15,Attorney General,,DEM,Greg Macpherson,26
Linn,15,Attorney General,,DEM,Write-ins,0
Linn,15,Attorney General,,DEM,Over Votes,0
Linn,15,Attorney General,,DEM,Under Votes,17
Linn,16,Attorney General,,DEM,John R. Kroger,79
Linn,16,Attorney General,,DEM,Greg Macpherson,78
Linn,16,Attorney General,,DEM,Write-ins,0
Linn,16,Attorney General,,DEM,Over Votes,0
Linn,16,Attorney General,,DEM,Under Votes,46
Linn,18,Attorney General,,DEM,John R. Kroger,227
Linn,18,Attorney General,,DEM,Greg Macpherson,215
Linn,18,Attorney General,,DEM,Write-ins,1
Linn,18,Attorney General,,DEM,Over Votes,0
Linn,18,Attorney General,,DEM,Under Votes,126
Linn,19,Attorney General,,DEM,John R. Kroger,84
Linn,19,Attorney General,,DEM,Greg Macpherson,75
Linn,19,Attorney General,,DEM,Write-ins,2
Linn,19,Attorney General,,DEM,Over Votes,0
Linn,19,Attorney General,,DEM,Under Votes,44
Linn,20,Attorney General,,DEM,John R. Kroger,49
Linn,20,Attorney General,,DEM,Greg Macpherson,45
Linn,20,Attorney General,,DEM,Write-ins,0
Linn,20,Attorney General,,DEM,Over Votes,0
Linn,20,Attorney General,,DEM,Under Votes,33
Linn,21,Attorney General,,DEM,John R. Kroger,26
Linn,21,Attorney General,,DEM,Greg Macpherson,36
Linn,21,Attorney General,,DEM,Write-ins,0
Linn,21,Attorney General,,DEM,Over Votes,0
Linn,21,Attorney General,,DEM,Under Votes,18
Linn,22,Attorney General,,DEM,John R. Kroger,2
Linn,22,Attorney General,,DEM,Greg Macpherson,2
Linn,22,Attorney General,,DEM,Write-ins,0
Linn,22,Attorney General,,DEM,Over Votes,0
Linn,22,Attorney General,,DEM,Under Votes,1
Linn,23,Attorney General,,DEM,John R. Kroger,99
Linn,23,Attorney General,,DEM,Greg Macpherson,76
Linn,23,Attorney General,,DEM,Write-ins,1
Linn,23,Attorney General,,DEM,Over Votes,0
Linn,23,Attorney General,,DEM,Under Votes,62
Linn,25,Attorney General,,DEM,John R. Kroger,85
Linn,25,Attorney General,,DEM,Greg Macpherson,86
Linn,25,Attorney General,,DEM,Write-ins,0
Linn,25,Attorney General,,DEM,Over Votes,0
Linn,25,Attorney General,,DEM,Under Votes,37
Linn,26,Attorney General,,DEM,John R. Kroger,27
Linn,26,Attorney General,,DEM,Greg Macpherson,28
Linn,26,Attorney General,,DEM,Write-ins,0
Linn,26,Attorney General,,DEM,Over Votes,0
Linn,26,Attorney General,,DEM,Under Votes,12
Linn,27,Attorney General,,DEM,John R. Kroger,41
Linn,27,Attorney General,,DEM,Greg Macpherson,56
Linn,27,Attorney General,,DEM,Write-ins,1
Linn,27,Attorney General,,DEM,Over Votes,0
Linn,27,Attorney General,,DEM,Under Votes,33
Linn,28,Attorney General,,DEM,John R. Kroger,47
Linn,28,Attorney General,,DEM,Greg Macpherson,51
Linn,28,Attorney General,,DEM,Write-ins,0
Linn,28,Attorney General,,DEM,Over Votes,0
Linn,28,Attorney General,,DEM,Under Votes,20
Linn,29,Attorney General,,DEM,John R. Kroger,131
Linn,29,Attorney General,,DEM,Greg Macpherson,144
Linn,29,Attorney General,,DEM,Write-ins,3
Linn,29,Attorney General,,DEM,Over Votes,0
Linn,29,Attorney General,,DEM,Under Votes,84
Linn,30,Attorney General,,DEM,John R. Kroger,9
Linn,30,Attorney General,,DEM,Greg Macpherson,18
Linn,30,Attorney General,,DEM,Write-ins,0
Linn,30,Attorney General,,DEM,Over Votes,0
Linn,30,Attorney General,,DEM,Under Votes,11
Linn,31,Attorney General,,DEM,John R. Kroger,93
Linn,31,Attorney General,,DEM,Greg Macpherson,82
Linn,31,Attorney General,,DEM,Write-ins,0
Linn,31,Attorney General,,DEM,Over Votes,0
Linn,31,Attorney General,,DEM,Under Votes,45
Linn,32,Attorney General,,DEM,John R. Kroger,73
Linn,32,Attorney General,,DEM,Greg Macpherson,47
Linn,32,Attorney General,,DEM,Write-ins,0
Linn,32,Attorney General,,DEM,Over Votes,0
Linn,32,Attorney General,,DEM,Under Votes,28
Linn,34,Attorney General,,DEM,John R. Kroger,30
Linn,34,Attorney General,,DEM,Greg Macpherson,31
Linn,34,Attorney General,,DEM,Write-ins,1
Linn,34,Attorney General,,DEM,Over Votes,0
Linn,34,Attorney General,,DEM,Under Votes,16
Linn,35,Attorney General,,DEM,John R. Kroger,126
Linn,35,Attorney General,,DEM,Greg Macpherson,120
Linn,35,Attorney General,,DEM,Write-ins,1
Linn,35,Attorney General,,DEM,Over Votes,0
Linn,35,Attorney General,,DEM,Under Votes,57
Linn,36,Attorney General,,DEM,John R. Kroger,89
Linn,36,Attorney General,,DEM,Greg Macpherson,94
Linn,36,Attorney General,,DEM,Write-ins,0
Linn,36,Attorney General,,DEM,Over Votes,0
Linn,36,Attorney General,,DEM,Under Votes,44
Linn,37,Attorney General,,DEM,John R. Kroger,79
Linn,37,Attorney General,,DEM,Greg Macpherson,127
Linn,37,Attorney General,,DEM,Write-ins,0
Linn,37,Attorney General,,DEM,Over Votes,0
Linn,37,Attorney General,,DEM,Under Votes,36
Linn,38,Attorney General,,DEM,John R. Kroger,92
Linn,38,Attorney General,,DEM,Greg Macpherson,76
Linn,38,Attorney General,,DEM,Write-ins,1
Linn,38,Attorney General,,DEM,Over Votes,0
Linn,38,Attorney General,,DEM,Under Votes,42
Linn,39,Attorney General,,DEM,John R. Kroger,69
Linn,39,Attorney General,,DEM,Greg Macpherson,63
Linn,39,Attorney General,,DEM,Write-ins,0
Linn,39,Attorney General,,DEM,Over Votes,0
Linn,39,Attorney General,,DEM,Under Votes,47
Linn,41,Attorney General,,DEM,John R. Kroger,63
Linn,41,Attorney General,,DEM,Greg Macpherson,52
Linn,41,Attorney General,,DEM,Write-ins,0
Linn,41,Attorney General,,DEM,Over Votes,0
Linn,41,Attorney General,,DEM,Under Votes,29
Linn,43,Attorney General,,DEM,John R. Kroger,66
Linn,43,Attorney General,,DEM,Greg Macpherson,69
Linn,43,Attorney General,,DEM,Write-ins,0
Linn,43,Attorney General,,DEM,Over Votes,0
Linn,43,Attorney General,,DEM,Under Votes,43
Linn,44,Attorney General,,DEM,John R. Kroger,118
Linn,44,Attorney General,,DEM,Greg Macpherson,102
Linn,44,Attorney General,,DEM,Write-ins,0
Linn,44,Attorney General,,DEM,Over Votes,0
Linn,44,Attorney General,,DEM,Under Votes,76
Linn,45,Attorney General,,DEM,John R. Kroger,82
Linn,45,Attorney General,,DEM,Greg Macpherson,86
Linn,45,Attorney General,,DEM,Write-ins,0
Linn,45,Attorney General,,DEM,Over Votes,0
Linn,45,Attorney General,,DEM,Under Votes,36
Linn,46,Attorney General,,DEM,John R. Kroger,107
Linn,46,Attorney General,,DEM,Greg Macpherson,86
Linn,46,Attorney General,,DEM,Write-ins,0
Linn,46,Attorney General,,DEM,Over Votes,0
Linn,46,Attorney General,,DEM,Under Votes,54
Linn,47,Attorney General,,DEM,John R. Kroger,36
Linn,47,Attorney General,,DEM,Greg Macpherson,48
Linn,47,Attorney General,,DEM,Write-ins,0
Linn,47,Attorney General,,DEM,Over Votes,0
Linn,47,Attorney General,,DEM,Under Votes,18
Linn,48,Attorney General,,DEM,John R. Kroger,120
Linn,48,Attorney General,,DEM,Greg Macpherson,132
Linn,48,Attorney General,,DEM,Write-ins,1
Linn,48,Attorney General,,DEM,Over Votes,0
Linn,48,Attorney General,,DEM,Under Votes,58
Linn,49,Attorney General,,DEM,John R. Kroger,6
Linn,49,Attorney General,,DEM,Greg Macpherson,8
Linn,49,Attorney General,,DEM,Write-ins,0
Linn,49,Attorney General,,DEM,Over Votes,0
Linn,49,Attorney General,,DEM,Under Votes,1
Linn,51,Attorney General,,DEM,John R. Kroger,38
Linn,51,Attorney General,,DEM,Greg Macpherson,64
Linn,51,Attorney General,,DEM,Write-ins,0
Linn,51,Attorney General,,DEM,Over Votes,0
Linn,51,Attorney General,,DEM,Under Votes,37
Linn,52,Attorney General,,DEM,John R. Kroger,22
Linn,52,Attorney General,,DEM,Greg Macpherson,35
Linn,52,Attorney General,,DEM,Write-ins,1
Linn,52,Attorney General,,DEM,Over Votes,0
Linn,52,Attorney General,,DEM,Under Votes,19
Linn,53,Attorney General,,DEM,John R. Kroger,52
Linn,53,Attorney General,,DEM,Greg Macpherson,72
Linn,53,Attorney General,,DEM,Write-ins,0
Linn,53,Attorney General,,DEM,Over Votes,0
Linn,53,Attorney General,,DEM,Under Votes,39
Linn,54,Attorney General,,DEM,John R. Kroger,37
Linn,54,Attorney General,,DEM,Greg Macpherson,43
Linn,54,Attorney General,,DEM,Write-ins,1
Linn,54,Attorney General,,DEM,Over Votes,0
Linn,54,Attorney General,,DEM,Under Votes,22
Linn,55,Attorney General,,DEM,John R. Kroger,64
Linn,55,Attorney General,,DEM,Greg Macpherson,43
Linn,55,Attorney General,,DEM,Write-ins,0
Linn,55,Attorney General,,DEM,Over Votes,0
Linn,55,Attorney General,,DEM,Under Votes,33
Linn,56,Attorney General,,DEM,John R. Kroger,80
Linn,56,Attorney General,,DEM,Greg Macpherson,65
Linn,56,Attorney General,,DEM,Write-ins,0
Linn,56,Attorney General,,DEM,Over Votes,0
Linn,56,Attorney General,,DEM,Under Votes,33
Linn,57,Attorney General,,DEM,John R. Kroger,25
Linn,57,Attorney General,,DEM,Greg Macpherson,30
Linn,57,Attorney General,,DEM,Write-ins,0
Linn,57,Attorney General,,DEM,Over Votes,0
Linn,57,Attorney General,,DEM,Under Votes,14
Linn,59,Attorney General,,DEM,John R. Kroger,51
Linn,59,Attorney General,,DEM,Greg Macpherson,49
Linn,59,Attorney General,,DEM,Write-ins,0
Linn,59,Attorney General,,DEM,Over Votes,0
Linn,59,Attorney General,,DEM,Under Votes,36
Linn,61,Attorney General,,DEM,John R. Kroger,51
Linn,61,Attorney General,,DEM,Greg Macpherson,32
Linn,61,Attorney General,,DEM,Write-ins,0
Linn,61,Attorney General,,DEM,Over Votes,0
Linn,61,Attorney General,,DEM,Under Votes,17
Linn,62,Attorney General,,DEM,John R. Kroger,72
Linn,62,Attorney General,,DEM,Greg Macpherson,84
Linn,62,Attorney General,,DEM,Write-ins,0
Linn,62,Attorney General,,DEM,Over Votes,0
Linn,62,Attorney General,,DEM,Under Votes,42
Linn,63,Attorney General,,DEM,John R. Kroger,174
Linn,63,Attorney General,,DEM,Greg Macpherson,212
Linn,63,Attorney General,,DEM,Write-ins,0
Linn,63,Attorney General,,DEM,Over Votes,0
Linn,63,Attorney General,,DEM,Under Votes,93
Linn,65,Attorney General,,DEM,John R. Kroger,3
Linn,65,Attorney General,,DEM,Greg Macpherson,9
Linn,65,Attorney General,,DEM,Write-ins,0
Linn,65,Attorney General,,DEM,Over Votes,0
Linn,65,Attorney General,,DEM,Under Votes,1
Linn,66,Attorney General,,DEM,John R. Kroger,30
Linn,66,Attorney General,,DEM,Greg Macpherson,20
Linn,66,Attorney General,,DEM,Write-ins,0
Linn,66,Attorney General,,DEM,Over Votes,0
Linn,66,Attorney General,,DEM,Under Votes,12
Linn,70,Attorney General,,DEM,John R. Kroger,131
Linn,70,Attorney General,,DEM,Greg Macpherson,120
Linn,70,Attorney General,,DEM,Write-ins,1
Linn,70,Attorney General,,DEM,Over Votes,0
Linn,70,Attorney General,,DEM,Under Votes,85
Linn,73,Attorney General,,DEM,John R. Kroger,84
Linn,73,Attorney General,,DEM,Greg Macpherson,98
Linn,73,Attorney General,,DEM,Write-ins,0
Linn,73,Attorney General,,DEM,Over Votes,0
Linn,73,Attorney General,,DEM,Under Votes,48
Linn,75,Attorney General,,DEM,John R. Kroger,71
Linn,75,Attorney General,,DEM,Greg Macpherson,67
Linn,75,Attorney General,,DEM,Write-ins,0
Linn,75,Attorney General,,DEM,Over Votes,0
Linn,75,Attorney General,,DEM,Under Votes,57
Linn,77,Attorney General,,DEM,John R. Kroger,49
Linn,77,Attorney General,,DEM,Greg Macpherson,35
Linn,77,Attorney General,,DEM,Write-ins,0
Linn,77,Attorney General,,DEM,Over Votes,0
Linn,77,Attorney General,,DEM,Under Votes,30
Linn,78,Attorney General,,DEM,John R. Kroger,79
Linn,78,Attorney General,,DEM,Greg Macpherson,84
Linn,78,Attorney General,,DEM,Write-ins,1
Linn,78,Attorney General,,DEM,Over Votes,0
Linn,78,Attorney General,,DEM,Under Votes,32
Linn,79,Attorney General,,DEM,John R. Kroger,155
Linn,79,Attorney General,,DEM,Greg Macpherson,103
Linn,79,Attorney General,,DEM,Write-ins,0
Linn,79,Attorney General,,DEM,Over Votes,0
Linn,79,Attorney General,,DEM,Under Votes,59
Linn,80,Attorney General,,DEM,John R. Kroger,113
Linn,80,Attorney General,,DEM,Greg Macpherson,91
Linn,80,Attorney General,,DEM,Write-ins,0
Linn,80,Attorney General,,DEM,Over Votes,0
Linn,80,Attorney General,,DEM,Under Votes,40
Linn,82,Attorney General,,DEM,John R. Kroger,42
Linn,82,Attorney General,,DEM,Greg Macpherson,37
Linn,82,Attorney General,,DEM,Write-ins,0
Linn,82,Attorney General,,DEM,Over Votes,0
Linn,82,Attorney General,,DEM,Under Votes,26
Linn,84,Attorney General,,DEM,John R. Kroger,84
Linn,84,Attorney General,,DEM,Greg Macpherson,85
Linn,84,Attorney General,,DEM,Write-ins,1
Linn,84,Attorney General,,DEM,Over Votes,0
Linn,84,Attorney General,,DEM,Under Votes,41
Linn,86,Attorney General,,DEM,John R. Kroger,117
Linn,86,Attorney General,,DEM,Greg Macpherson,93
Linn,86,Attorney General,,DEM,Write-ins,0
Linn,86,Attorney General,,DEM,Over Votes,0
Linn,86,Attorney General,,DEM,Under Votes,59
Linn,88,Attorney General,,DEM,John R. Kroger,91
Linn,88,Attorney General,,DEM,Greg Macpherson,89
Linn,88,Attorney General,,DEM,Write-ins,0
Linn,88,Attorney General,,DEM,Over Votes,0
Linn,88,Attorney General,,DEM,Under Votes,50
Linn,89,Attorney General,,DEM,John R. Kroger,80
Linn,89,Attorney General,,DEM,Greg Macpherson,83
Linn,89,Attorney General,,DEM,Write-ins,0
Linn,89,Attorney General,,DEM,Over Votes,0
Linn,89,Attorney General,,DEM,Under Votes,44
Linn,91,Attorney General,,DEM,John R. Kroger,96
Linn,91,Attorney General,,DEM,Greg Macpherson,88
Linn,91,Attorney General,,DEM,Write-ins,0
Linn,91,Attorney General,,DEM,Over Votes,0
Linn,91,Attorney General,,DEM,Under Votes,54
Linn,92,Attorney General,,DEM,John R. Kroger,138
Linn,92,Attorney General,,DEM,Greg Macpherson,165
Linn,92,Attorney General,,DEM,Write-ins,1
Linn,92,Attorney General,,DEM,Over Votes,0
Linn,92,Attorney General,,DEM,Under Votes,92
Linn,93,Attorney General,,DEM,John R. Kroger,114
Linn,93,Attorney General,,DEM,Greg Macpherson,116
Linn,93,Attorney General,,DEM,Write-ins,1
Linn,93,Attorney General,,DEM,Over Votes,0
Linn,93,Attorney General,,DEM,Under Votes,72
Linn,94,Attorney General,,DEM,John R. Kroger,71
Linn,94,Attorney General,,DEM,Greg Macpherson,73
Linn,94,Attorney General,,DEM,Write-ins,2
Linn,94,Attorney General,,DEM,Over Votes,0
Linn,94,Attorney General,,DEM,Under Votes,33
Linn,95,Attorney General,,DEM,John R. Kroger,91
Linn,95,Attorney General,,DEM,Greg Macpherson,107
Linn,95,Attorney General,,DEM,Write-ins,0
Linn,95,Attorney General,,DEM,Over Votes,0
Linn,95,Attorney General,,DEM,Under Votes,53
Linn,96,Attorney General,,DEM,John R. Kroger,88
Linn,96,Attorney General,,DEM,Greg Macpherson,133
Linn,96,Attorney General,,DEM,Write-ins,1
Linn,96,Attorney General,,DEM,Over Votes,0
Linn,96,Attorney General,,DEM,Under Votes,44
Linn,97,Attorney General,,DEM,John R. Kroger,137
Linn,97,Attorney General,,DEM,Greg Macpherson,152
Linn,97,Attorney General,,DEM,Write-ins,0
Linn,97,Attorney General,,DEM,Over Votes,0
Linn,97,Attorney General,,DEM,Under Votes,62
Linn,99,Attorney General,,DEM,John R. Kroger,38
Linn,99,Attorney General,,DEM,Greg Macpherson,37
Linn,99,Attorney General,,DEM,Write-ins,0
Linn,99,Attorney General,,DEM,Over Votes,0
Linn,99,Attorney General,,DEM,Under Votes,18
Linn,100,Attorney General,,DEM,John R. Kroger,133
Linn,100,Attorney General,,DEM,Greg Macpherson,141
Linn,100,Attorney General,,DEM,Write-ins,0
Linn,100,Attorney General,,DEM,Over Votes,0
Linn,100,Attorney General,,DEM,Under Votes,72
Linn,101,Attorney General,,DEM,John R. Kroger,52
Linn,101,Attorney General,,DEM,Greg Macpherson,54
Linn,101,Attorney General,,DEM,Write-ins,0
Linn,101,Attorney General,,DEM,Over Votes,0
Linn,101,Attorney General,,DEM,Under Votes,21
Linn,102,Attorney General,,DEM,John R. Kroger,139
Linn,102,Attorney General,,DEM,Greg Macpherson,122
Linn,102,Attorney General,,DEM,Write-ins,1
Linn,102,Attorney General,,DEM,Over Votes,0
Linn,102,Attorney General,,DEM,Under Votes,53
Linn,103,Attorney General,,DEM,John R. Kroger,102
Linn,103,Attorney General,,DEM,Greg Macpherson,79
Linn,103,Attorney General,,DEM,Write-ins,3
Linn,103,Attorney General,,DEM,Over Votes,0
Linn,103,Attorney General,,DEM,Under Votes,64
Linn,104,Attorney General,,DEM,John R. Kroger,66
Linn,104,Attorney General,,DEM,Greg Macpherson,63
Linn,104,Attorney General,,DEM,Write-ins,0
Linn,104,Attorney General,,DEM,Over Votes,0
Linn,104,Attorney General,,DEM,Under Votes,32
Linn,105,Attorney General,,DEM,John R. Kroger,74
Linn,105,Attorney General,,DEM,Greg Macpherson,61
Linn,105,Attorney General,,DEM,Write-ins,0
Linn,105,Attorney General,,DEM,Over Votes,0
Linn,105,Attorney General,,DEM,Under Votes,39
Linn,106,Attorney General,,DEM,John R. Kroger,63
Linn,106,Attorney General,,DEM,Greg Macpherson,72
Linn,106,Attorney General,,DEM,Write-ins,0
Linn,106,Attorney General,,DEM,Over Votes,0
Linn,106,Attorney General,,DEM,Under Votes,38
Linn,107,Attorney General,,DEM,John R. Kroger,136
Linn,107,Attorney General,,DEM,Greg Macpherson,120
Linn,107,Attorney General,,DEM,Write-ins,0
Linn,107,Attorney General,,DEM,Over Votes,0
Linn,107,Attorney General,,DEM,Under Votes,71
Linn,108,Attorney General,,DEM,John R. Kroger,150
Linn,108,Attorney General,,DEM,Greg Macpherson,178
Linn,108,Attorney General,,DEM,Write-ins,0
Linn,108,Attorney General,,DEM,Over Votes,0
Linn,108,Attorney General,,DEM,Under Votes,99
Linn,1,Attorney General,,REP,Write-ins,2
Linn,1,Attorney General,,REP,Over Votes,0
Linn,1,Attorney General,,REP,Under Votes,103
Linn,3,Attorney General,,REP,Write-ins,2
Linn,3,Attorney General,,REP,Over Votes,0
Linn,3,Attorney General,,REP,Under Votes,80
Linn,5,Attorney General,,REP,Write-ins,2
Linn,5,Attorney General,,REP,Over Votes,0
Linn,5,Attorney General,,REP,Under Votes,78
Linn,8,Attorney General,,REP,Write-ins,4
Linn,8,Attorney General,,REP,Over Votes,0
Linn,8,Attorney General,,REP,Under Votes,122
Linn,11,Attorney General,,REP,Write-ins,2
Linn,11,Attorney General,,REP,Over Votes,0
Linn,11,Attorney General,,REP,Under Votes,76
Linn,14,Attorney General,,REP,Write-ins,3
Linn,14,Attorney General,,REP,Over Votes,0
Linn,14,Attorney General,,REP,Under Votes,83
Linn,15,Attorney General,,REP,Write-ins,0
Linn,15,Attorney General,,REP,Over Votes,0
Linn,15,Attorney General,,REP,Under Votes,33
Linn,16,Attorney General,,REP,Write-ins,5
Linn,16,Attorney General,,REP,Over Votes,0
Linn,16,Attorney General,,REP,Under Votes,99
Linn,18,Attorney General,,REP,Write-ins,8
Linn,18,Attorney General,,REP,Over Votes,0
Linn,18,Attorney General,,REP,Under Votes,397
Linn,19,Attorney General,,REP,Write-ins,4
Linn,19,Attorney General,,REP,Over Votes,0
Linn,19,Attorney General,,REP,Under Votes,215
Linn,20,Attorney General,,REP,Write-ins,1
Linn,20,Attorney General,,REP,Over Votes,0
Linn,20,Attorney General,,REP,Under Votes,113
Linn,21,Attorney General,,REP,Write-ins,2
Linn,21,Attorney General,,REP,Over Votes,0
Linn,21,Attorney General,,REP,Under Votes,100
Linn,22,Attorney General,,REP,Write-ins,0
Linn,22,Attorney General,,REP,Over Votes,0
Linn,22,Attorney General,,REP,Under Votes,13
Linn,23,Attorney General,,REP,Write-ins,10
Linn,23,Attorney General,,REP,Over Votes,0
Linn,23,Attorney General,,REP,Under Votes,204
Linn,25,Attorney General,,REP,Write-ins,7
Linn,25,Attorney General,,REP,Over Votes,0
Linn,25,Attorney General,,REP,Under Votes,139
Linn,26,Attorney General,,REP,Write-ins,1
Linn,26,Attorney General,,REP,Over Votes,0
Linn,26,Attorney General,,REP,Under Votes,61
Linn,27,Attorney General,,REP,Write-ins,5
Linn,27,Attorney General,,REP,Over Votes,0
Linn,27,Attorney General,,REP,Under Votes,150
Linn,28,Attorney General,,REP,Write-ins,7
Linn,28,Attorney General,,REP,Over Votes,0
Linn,28,Attorney General,,REP,Under Votes,139
Linn,29,Attorney General,,REP,Write-ins,5
Linn,29,Attorney General,,REP,Over Votes,0
Linn,29,Attorney General,,REP,Under Votes,335
Linn,30,Attorney General,,REP,Write-ins,1
Linn,30,Attorney General,,REP,Over Votes,0
Linn,30,Attorney General,,REP,Under Votes,60
Linn,31,Attorney General,,REP,Write-ins,5
Linn,31,Attorney General,,REP,Over Votes,0
Linn,31,Attorney General,,REP,Under Votes,204
Linn,32,Attorney General,,REP,Write-ins,7
Linn,32,Attorney General,,REP,Over Votes,0
Linn,32,Attorney General,,REP,Under Votes,161
Linn,34,Attorney General,,REP,Write-ins,2
Linn,34,Attorney General,,REP,Over Votes,0
Linn,34,Attorney General,,REP,Under Votes,69
Linn,35,Attorney General,,REP,Write-ins,4
Linn,35,Attorney General,,REP,Over Votes,0
Linn,35,Attorney General,,REP,Under Votes,267
Linn,36,Attorney General,,REP,Write-ins,5
Linn,36,Attorney General,,REP,Over Votes,0
Linn,36,Attorney General,,REP,Under Votes,163
Linn,37,Attorney General,,REP,Write-ins,4
Linn,37,Attorney General,,REP,Over Votes,0
Linn,37,Attorney General,,REP,Under Votes,172
Linn,38,Attorney General,,REP,Write-ins,5
Linn,38,Attorney General,,REP,Over Votes,0
Linn,38,Attorney General,,REP,Under Votes,136
Linn,39,Attorney General,,REP,Write-ins,2
Linn,39,Attorney General,,REP,Over Votes,0
Linn,39,Attorney General,,REP,Under Votes,124
Linn,41,Attorney General,,REP,Write-ins,3
Linn,41,Attorney General,,REP,Over Votes,0
Linn,41,Attorney General,,REP,Under Votes,102
Linn,43,Attorney General,,REP,Write-ins,1
Linn,43,Attorney General,,REP,Over Votes,0
Linn,43,Attorney General,,REP,Under Votes,122
Linn,44,Attorney General,,REP,Write-ins,8
Linn,44,Attorney General,,REP,Over Votes,0
Linn,44,Attorney General,,REP,Under Votes,215
Linn,45,Attorney General,,REP,Write-ins,4
Linn,45,Attorney General,,REP,Over Votes,0
Linn,45,Attorney General,,REP,Under Votes,189
Linn,46,Attorney General,,REP,Write-ins,3
Linn,46,Attorney General,,REP,Over Votes,0
Linn,46,Attorney General,,REP,Under Votes,197
Linn,47,Attorney General,,REP,Write-ins,5
Linn,47,Attorney General,,REP,Over Votes,0
Linn,47,Attorney General,,REP,Under Votes,54
Linn,48,Attorney General,,REP,Write-ins,8
Linn,48,Attorney General,,REP,Over Votes,0
Linn,48,Attorney General,,REP,Under Votes,255
Linn,49,Attorney General,,REP,Write-ins,0
Linn,49,Attorney General,,REP,Over Votes,0
Linn,49,Attorney General,,REP,Under Votes,12
Linn,51,Attorney General,,REP,Write-ins,2
Linn,51,Attorney General,,REP,Over Votes,0
Linn,51,Attorney General,,REP,Under Votes,188
Linn,52,Attorney General,,REP,Write-ins,0
Linn,52,Attorney General,,REP,Over Votes,0
Linn,52,Attorney General,,REP,Under Votes,72
Linn,53,Attorney General,,REP,Write-ins,7
Linn,53,Attorney General,,REP,Over Votes,0
Linn,53,Attorney General,,REP,Under Votes,209
Linn,54,Attorney General,,REP,Write-ins,0
Linn,54,Attorney General,,REP,Over Votes,0
Linn,54,Attorney General,,REP,Under Votes,97
Linn,55,Attorney General,,REP,Write-ins,0
Linn,55,Attorney General,,REP,Over Votes,0
Linn,55,Attorney General,,REP,Under Votes,136
Linn,56,Attorney General,,REP,Write-ins,5
Linn,56,Attorney General,,REP,Over Votes,0
Linn,56,Attorney General,,REP,Under Votes,153
Linn,57,Attorney General,,REP,Write-ins,1
Linn,57,Attorney General,,REP,Over Votes,0
Linn,57,Attorney General,,REP,Under Votes,63
Linn,59,Attorney General,,REP,Write-ins,5
Linn,59,Attorney General,,REP,Over Votes,0
Linn,59,Attorney General,,REP,Under Votes,86
Linn,61,Attorney General,,REP,Write-ins,0
Linn,61,Attorney General,,REP,Over Votes,0
Linn,61,Attorney General,,REP,Under Votes,83
Linn,62,Attorney General,,REP,Write-ins,4
Linn,62,Attorney General,,REP,Over Votes,0
Linn,62,Attorney General,,REP,Under Votes,129
Linn,63,Attorney General,,REP,Write-ins,10
Linn,63,Attorney General,,REP,Over Votes,0
Linn,63,Attorney General,,REP,Under Votes,427
Linn,65,Attorney General,,REP,Write-ins,1
Linn,65,Attorney General,,REP,Over Votes,0
Linn,65,Attorney General,,REP,Under Votes,13
Linn,66,Attorney General,,REP,Write-ins,1
Linn,66,Attorney General,,REP,Over Votes,0
Linn,66,Attorney General,,REP,Under Votes,59
Linn,70,Attorney General,,REP,Write-ins,2
Linn,70,Attorney General,,REP,Over Votes,0
Linn,70,Attorney General,,REP,Under Votes,272
Linn,73,Attorney General,,REP,Write-ins,5
Linn,73,Attorney General,,REP,Over Votes,0
Linn,73,Attorney General,,REP,Under Votes,170
Linn,75,Attorney General,,REP,Write-ins,3
Linn,75,Attorney General,,REP,Over Votes,0
Linn,75,Attorney General,,REP,Under Votes,215
Linn,77,Attorney General,,REP,Write-ins,1
Linn,77,Attorney General,,REP,Over Votes,0
Linn,77,Attorney General,,REP,Under Votes,77
Linn,78,Attorney General,,REP,Write-ins,0
Linn,78,Attorney General,,REP,Over Votes,0
Linn,78,Attorney General,,REP,Under Votes,149
Linn,79,Attorney General,,REP,Write-ins,6
Linn,79,Attorney General,,REP,Over Votes,0
Linn,79,Attorney General,,REP,Under Votes,200
Linn,80,Attorney General,,REP,Write-ins,3
Linn,80,Attorney General,,REP,Over Votes,0
Linn,80,Attorney General,,REP,Under Votes,179
Linn,82,Attorney General,,REP,Write-ins,1
Linn,82,Attorney General,,REP,Over Votes,0
Linn,82,Attorney General,,REP,Under Votes,68
Linn,84,Attorney General,,REP,Write-ins,5
Linn,84,Attorney General,,REP,Over Votes,0
Linn,84,Attorney General,,REP,Under Votes,102
Linn,86,Attorney General,,REP,Write-ins,4
Linn,86,Attorney General,,REP,Over Votes,0
Linn,86,Attorney General,,REP,Under Votes,269
Linn,88,Attorney General,,REP,Write-ins,3
Linn,88,Attorney General,,REP,Over Votes,0
Linn,88,Attorney General,,REP,Under Votes,142
Linn,89,Attorney General,,REP,Write-ins,3
Linn,89,Attorney General,,REP,Over Votes,0
Linn,89,Attorney General,,REP,Under Votes,167
Linn,91,Attorney General,,REP,Write-ins,2
Linn,91,Attorney General,,REP,Over Votes,0
Linn,91,Attorney General,,REP,Under Votes,134
Linn,92,Attorney General,,REP,Write-ins,4
Linn,92,Attorney General,,REP,Over Votes,0
Linn,92,Attorney General,,REP,Under Votes,260
Linn,93,Attorney General,,REP,Write-ins,4
Linn,93,Attorney General,,REP,Over Votes,0
Linn,93,Attorney General,,REP,Under Votes,189
Linn,94,Attorney General,,REP,Write-ins,3
Linn,94,Attorney General,,REP,Over Votes,0
Linn,94,Attorney General,,REP,Under Votes,119
Linn,95,Attorney General,,REP,Write-ins,9
Linn,95,Attorney General,,REP,Over Votes,0
Linn,95,Attorney General,,REP,Under Votes,196
Linn,96,Attorney General,,REP,Write-ins,3
Linn,96,Attorney General,,REP,Over Votes,0
Linn,96,Attorney General,,REP,Under Votes,260
Linn,97,Attorney General,,REP,Write-ins,6
Linn,97,Attorney General,,REP,Over Votes,0
Linn,97,Attorney General,,REP,Under Votes,340
Linn,99,Attorney General,,REP,Write-ins,4
Linn,99,Attorney General,,REP,Over Votes,0
Linn,99,Attorney General,,REP,Under Votes,75
Linn,100,Attorney General,,REP,Write-ins,4
Linn,100,Attorney General,,REP,Over Votes,0
Linn,100,Attorney General,,REP,Under Votes,235
Linn,101,Attorney General,,REP,Write-ins,3
Linn,101,Attorney General,,REP,Over Votes,0
Linn,101,Attorney General,,REP,Under Votes,116
Linn,102,Attorney General,,REP,Write-ins,7
Linn,102,Attorney General,,REP,Over Votes,0
Linn,102,Attorney General,,REP,Under Votes,200
Linn,103,Attorney General,,REP,Write-ins,4
Linn,103,Attorney General,,REP,Over Votes,0
Linn,103,Attorney General,,REP,Under Votes,232
Linn,104,Attorney General,,REP,Write-ins,4
Linn,104,Attorney General,,REP,Over Votes,0
Linn,104,Attorney General,,REP,Under Votes,130
Linn,105,Attorney General,,REP,Write-ins,1
Linn,105,Attorney General,,REP,Over Votes,0
Linn,105,Attorney General,,REP,Under Votes,82
Linn,106,Attorney General,,REP,Write-ins,2
Linn,106,Attorney General,,REP,Over Votes,0
Linn,106,Attorney General,,REP,Under Votes,144
Linn,107,Attorney General,,REP,Write-ins,5
Linn,107,Attorney General,,REP,Over Votes,0
Linn,107,Attorney General,,REP,Under Votes,200
Linn,108,Attorney General,,REP,Write-ins,5
Linn,108,Attorney General,,REP,Over Votes,0
Linn,108,Attorney General,,REP,Under Votes,299
Linn,1,County Assessor,,,Mark J. Noakes,216
Linn,1,County Assessor,,,Write-ins,2
Linn,1,County Assessor,,,Over Votes,0
Linn,1,County Assessor,,,Under Votes,148
Linn,3,County Assessor,,,Mark J. Noakes,179
Linn,3,County Assessor,,,Write-ins,2
Linn,3,County Assessor,,,Over Votes,0
Linn,3,County Assessor,,,Under Votes,101
Linn,5,County Assessor,,,Mark J. Noakes,195
Linn,5,County Assessor,,,Write-ins,0
Linn,5,County Assessor,,,Over Votes,0
Linn,5,County Assessor,,,Under Votes,113
Linn,8,County Assessor,,,Mark J. Noakes,235
Linn,8,County Assessor,,,Write-ins,0
Linn,8,County Assessor,,,Over Votes,0
Linn,8,County Assessor,,,Under Votes,153
Linn,11,County Assessor,,,Mark J. Noakes,155
Linn,11,County Assessor,,,Write-ins,1
Linn,11,County Assessor,,,Over Votes,0
Linn,11,County Assessor,,,Under Votes,98
Linn,14,County Assessor,,,Mark J. Noakes,205
Linn,14,County Assessor,,,Write-ins,2
Linn,14,County Assessor,,,Over Votes,0
Linn,14,County Assessor,,,Under Votes,106
Linn,15,County Assessor,,,Mark J. Noakes,78
Linn,15,County Assessor,,,Write-ins,0
Linn,15,County Assessor,,,Over Votes,0
Linn,15,County Assessor,,,Under Votes,47
Linn,16,County Assessor,,,Mark J. Noakes,222
Linn,16,County Assessor,,,Write-ins,4
Linn,16,County Assessor,,,Over Votes,0
Linn,16,County Assessor,,,Under Votes,137
Linn,18,County Assessor,,,Mark J. Noakes,674
Linn,18,County Assessor,,,Write-ins,6
Linn,18,County Assessor,,,Over Votes,0
Linn,18,County Assessor,,,Under Votes,412
Linn,19,County Assessor,,,Mark J. Noakes,284
Linn,19,County Assessor,,,Write-ins,0
Linn,19,County Assessor,,,Over Votes,0
Linn,19,County Assessor,,,Under Votes,191
Linn,20,County Assessor,,,Mark J. Noakes,143
Linn,20,County Assessor,,,Write-ins,1
Linn,20,County Assessor,,,Over Votes,0
Linn,20,County Assessor,,,Under Votes,135
Linn,21,County Assessor,,,Mark J. Noakes,127
Linn,21,County Assessor,,,Write-ins,0
Linn,21,County Assessor,,,Over Votes,0
Linn,21,County Assessor,,,Under Votes,69
Linn,22,County Assessor,,,Mark J. Noakes,13
Linn,22,County Assessor,,,Write-ins,0
Linn,22,County Assessor,,,Over Votes,0
Linn,22,County Assessor,,,Under Votes,8
Linn,23,County Assessor,,,Mark J. Noakes,287
Linn,23,County Assessor,,,Write-ins,2
Linn,23,County Assessor,,,Over Votes,0
Linn,23,County Assessor,,,Under Votes,209
Linn,25,County Assessor,,,Mark J. Noakes,245
Linn,25,County Assessor,,,Write-ins,2
Linn,25,County Assessor,,,Over Votes,0
Linn,25,County Assessor,,,Under Votes,144
Linn,26,County Assessor,,,Mark J. Noakes,88
Linn,26,County Assessor,,,Write-ins,0
Linn,26,County Assessor,,,Over Votes,0
Linn,26,County Assessor,,,Under Votes,45
Linn,27,County Assessor,,,Mark J. Noakes,169
Linn,27,County Assessor,,,Write-ins,3
Linn,27,County Assessor,,,Over Votes,0
Linn,27,County Assessor,,,Under Votes,133
Linn,28,County Assessor,,,Mark J. Noakes,202
Linn,28,County Assessor,,,Write-ins,0
Linn,28,County Assessor,,,Over Votes,0
Linn,28,County Assessor,,,Under Votes,93
Linn,29,County Assessor,,,Mark J. Noakes,478
Linn,29,County Assessor,,,Write-ins,2
Linn,29,County Assessor,,,Over Votes,0
Linn,29,County Assessor,,,Under Votes,313
Linn,30,County Assessor,,,Mark J. Noakes,66
Linn,30,County Assessor,,,Write-ins,0
Linn,30,County Assessor,,,Over Votes,0
Linn,30,County Assessor,,,Under Votes,41
Linn,31,County Assessor,,,Mark J. Noakes,272
Linn,31,County Assessor,,,Write-ins,1
Linn,31,County Assessor,,,Over Votes,0
Linn,31,County Assessor,,,Under Votes,201
Linn,32,County Assessor,,,Mark J. Noakes,186
Linn,32,County Assessor,,,Write-ins,0
Linn,32,County Assessor,,,Over Votes,0
Linn,32,County Assessor,,,Under Votes,165
Linn,34,County Assessor,,,Mark J. Noakes,94
Linn,34,County Assessor,,,Write-ins,0
Linn,34,County Assessor,,,Over Votes,0
Linn,34,County Assessor,,,Under Votes,76
Linn,35,County Assessor,,,Mark J. Noakes,382
Linn,35,County Assessor,,,Write-ins,2
Linn,35,County Assessor,,,Over Votes,0
Linn,35,County Assessor,,,Under Votes,264
Linn,36,County Assessor,,,Mark J. Noakes,279
Linn,36,County Assessor,,,Write-ins,2
Linn,36,County Assessor,,,Over Votes,0
Linn,36,County Assessor,,,Under Votes,151
Linn,37,County Assessor,,,Mark J. Noakes,293
Linn,37,County Assessor,,,Write-ins,2
Linn,37,County Assessor,,,Over Votes,0
Linn,37,County Assessor,,,Under Votes,178
Linn,38,County Assessor,,,Mark J. Noakes,251
Linn,38,County Assessor,,,Write-ins,2
Linn,38,County Assessor,,,Over Votes,0
Linn,38,County Assessor,,,Under Votes,153
Linn,39,County Assessor,,,Mark J. Noakes,209
Linn,39,County Assessor,,,Write-ins,1
Linn,39,County Assessor,,,Over Votes,0
Linn,39,County Assessor,,,Under Votes,131
Linn,41,County Assessor,,,Mark J. Noakes,175
Linn,41,County Assessor,,,Write-ins,3
Linn,41,County Assessor,,,Over Votes,0
Linn,41,County Assessor,,,Under Votes,104
Linn,43,County Assessor,,,Mark J. Noakes,214
Linn,43,County Assessor,,,Write-ins,1
Linn,43,County Assessor,,,Over Votes,0
Linn,43,County Assessor,,,Under Votes,141
Linn,44,County Assessor,,,Mark J. Noakes,331
Linn,44,County Assessor,,,Write-ins,2
Linn,44,County Assessor,,,Over Votes,0
Linn,44,County Assessor,,,Under Votes,236
Linn,45,County Assessor,,,Mark J. Noakes,278
Linn,45,County Assessor,,,Write-ins,1
Linn,45,County Assessor,,,Over Votes,0
Linn,45,County Assessor,,,Under Votes,156
Linn,46,County Assessor,,,Mark J. Noakes,338
Linn,46,County Assessor,,,Write-ins,1
Linn,46,County Assessor,,,Over Votes,0
Linn,46,County Assessor,,,Under Votes,167
Linn,47,County Assessor,,,Mark J. Noakes,95
Linn,47,County Assessor,,,Write-ins,0
Linn,47,County Assessor,,,Over Votes,0
Linn,47,County Assessor,,,Under Votes,82
Linn,48,County Assessor,,,Mark J. Noakes,420
Linn,48,County Assessor,,,Write-ins,0
Linn,48,County Assessor,,,Over Votes,0
Linn,48,County Assessor,,,Under Votes,204
Linn,49,County Assessor,,,Mark J. Noakes,24
Linn,49,County Assessor,,,Write-ins,0
Linn,49,County Assessor,,,Over Votes,0
Linn,49,County Assessor,,,Under Votes,6
Linn,51,County Assessor,,,Mark J. Noakes,204
Linn,51,County Assessor,,,Write-ins,1
Linn,51,County Assessor,,,Over Votes,0
Linn,51,County Assessor,,,Under Votes,159
Linn,52,County Assessor,,,Mark J. Noakes,95
Linn,52,County Assessor,,,Write-ins,2
Linn,52,County Assessor,,,Over Votes,0
Linn,52,County Assessor,,,Under Votes,78
Linn,53,County Assessor,,,Mark J. Noakes,257
Linn,53,County Assessor,,,Write-ins,3
Linn,53,County Assessor,,,Over Votes,0
Linn,53,County Assessor,,,Under Votes,151
Linn,54,County Assessor,,,Mark J. Noakes,124
Linn,54,County Assessor,,,Write-ins,3
Linn,54,County Assessor,,,Over Votes,0
Linn,54,County Assessor,,,Under Votes,93
Linn,55,County Assessor,,,Mark J. Noakes,169
Linn,55,County Assessor,,,Write-ins,1
Linn,55,County Assessor,,,Over Votes,0
Linn,55,County Assessor,,,Under Votes,139
Linn,56,County Assessor,,,Mark J. Noakes,204
Linn,56,County Assessor,,,Write-ins,2
Linn,56,County Assessor,,,Over Votes,0
Linn,56,County Assessor,,,Under Votes,166
Linn,57,County Assessor,,,Mark J. Noakes,98
Linn,57,County Assessor,,,Write-ins,0
Linn,57,County Assessor,,,Over Votes,0
Linn,57,County Assessor,,,Under Votes,49
Linn,59,County Assessor,,,Mark J. Noakes,148
Linn,59,County Assessor,,,Write-ins,1
Linn,59,County Assessor,,,Over Votes,0
Linn,59,County Assessor,,,Under Votes,107
Linn,61,County Assessor,,,Mark J. Noakes,124
Linn,61,County Assessor,,,Write-ins,0
Linn,61,County Assessor,,,Over Votes,0
Linn,61,County Assessor,,,Under Votes,73
Linn,62,County Assessor,,,Mark J. Noakes,231
Linn,62,County Assessor,,,Write-ins,2
Linn,62,County Assessor,,,Over Votes,0
Linn,62,County Assessor,,,Under Votes,134
Linn,63,County Assessor,,,Mark J. Noakes,617
Linn,63,County Assessor,,,Write-ins,2
Linn,63,County Assessor,,,Over Votes,0
Linn,63,County Assessor,,,Under Votes,370
Linn,65,County Assessor,,,Mark J. Noakes,24
Linn,65,County Assessor,,,Write-ins,0
Linn,65,County Assessor,,,Over Votes,0
Linn,65,County Assessor,,,Under Votes,5
Linn,66,County Assessor,,,Mark J. Noakes,85
Linn,66,County Assessor,,,Write-ins,1
Linn,66,County Assessor,,,Over Votes,0
Linn,66,County Assessor,,,Under Votes,47
Linn,70,County Assessor,,,Mark J. Noakes,365
Linn,70,County Assessor,,,Write-ins,6
Linn,70,County Assessor,,,Over Votes,0
Linn,70,County Assessor,,,Under Votes,316
Linn,73,County Assessor,,,Mark J. Noakes,243
Linn,73,County Assessor,,,Write-ins,4
Linn,73,County Assessor,,,Over Votes,0
Linn,73,County Assessor,,,Under Votes,207
Linn,75,County Assessor,,,Mark J. Noakes,248
Linn,75,County Assessor,,,Write-ins,1
Linn,75,County Assessor,,,Over Votes,0
Linn,75,County Assessor,,,Under Votes,207
Linn,77,County Assessor,,,Mark J. Noakes,117
Linn,77,County Assessor,,,Write-ins,0
Linn,77,County Assessor,,,Over Votes,0
Linn,77,County Assessor,,,Under Votes,93
Linn,78,County Assessor,,,Mark J. Noakes,242
Linn,78,County Assessor,,,Write-ins,1
Linn,78,County Assessor,,,Over Votes,0
Linn,78,County Assessor,,,Under Votes,136
Linn,79,County Assessor,,,Mark J. Noakes,395
Linn,79,County Assessor,,,Write-ins,2
Linn,79,County Assessor,,,Over Votes,0
Linn,79,County Assessor,,,Under Votes,194
Linn,80,County Assessor,,,Mark J. Noakes,333
Linn,80,County Assessor,,,Write-ins,1
Linn,80,County Assessor,,,Over Votes,0
Linn,80,County Assessor,,,Under Votes,153
Linn,82,County Assessor,,,Mark J. Noakes,121
Linn,82,County Assessor,,,Write-ins,0
Linn,82,County Assessor,,,Over Votes,0
Linn,82,County Assessor,,,Under Votes,82
Linn,84,County Assessor,,,Mark J. Noakes,248
Linn,84,County Assessor,,,Write-ins,1
Linn,84,County Assessor,,,Over Votes,0
Linn,84,County Assessor,,,Under Votes,108
Linn,86,County Assessor,,,Mark J. Noakes,374
Linn,86,County Assessor,,,Write-ins,2
Linn,86,County Assessor,,,Over Votes,0
Linn,86,County Assessor,,,Under Votes,236
Linn,88,County Assessor,,,Mark J. Noakes,272
Linn,88,County Assessor,,,Write-ins,1
Linn,88,County Assessor,,,Over Votes,0
Linn,88,County Assessor,,,Under Votes,164
Linn,89,County Assessor,,,Mark J. Noakes,267
Linn,89,County Assessor,,,Write-ins,0
Linn,89,County Assessor,,,Over Votes,0
Linn,89,County Assessor,,,Under Votes,141
Linn,91,County Assessor,,,Mark J. Noakes,280
Linn,91,County Assessor,,,Write-ins,4
Linn,91,County Assessor,,,Over Votes,0
Linn,91,County Assessor,,,Under Votes,149
Linn,92,County Assessor,,,Mark J. Noakes,485
Linn,92,County Assessor,,,Write-ins,1
Linn,92,County Assessor,,,Over Votes,0
Linn,92,County Assessor,,,Under Votes,284
Linn,93,County Assessor,,,Mark J. Noakes,347
Linn,93,County Assessor,,,Write-ins,5
Linn,93,County Assessor,,,Over Votes,0
Linn,93,County Assessor,,,Under Votes,227
Linn,94,County Assessor,,,Mark J. Noakes,209
Linn,94,County Assessor,,,Write-ins,5
Linn,94,County Assessor,,,Over Votes,0
Linn,94,County Assessor,,,Under Votes,127
Linn,95,County Assessor,,,Mark J. Noakes,318
Linn,95,County Assessor,,,Write-ins,3
Linn,95,County Assessor,,,Over Votes,0
Linn,95,County Assessor,,,Under Votes,190
Linn,96,County Assessor,,,Mark J. Noakes,379
Linn,96,County Assessor,,,Write-ins,1
Linn,96,County Assessor,,,Over Votes,0
Linn,96,County Assessor,,,Under Votes,188
Linn,97,County Assessor,,,Mark J. Noakes,462
Linn,97,County Assessor,,,Write-ins,0
Linn,97,County Assessor,,,Over Votes,0
Linn,97,County Assessor,,,Under Votes,292
Linn,99,County Assessor,,,Mark J. Noakes,129
Linn,99,County Assessor,,,Write-ins,0
Linn,99,County Assessor,,,Over Votes,0
Linn,99,County Assessor,,,Under Votes,61
Linn,100,County Assessor,,,Mark J. Noakes,422
Linn,100,County Assessor,,,Write-ins,6
Linn,100,County Assessor,,,Over Votes,0
Linn,100,County Assessor,,,Under Votes,223
Linn,101,County Assessor,,,Mark J. Noakes,142
Linn,101,County Assessor,,,Write-ins,3
Linn,101,County Assessor,,,Over Votes,0
Linn,101,County Assessor,,,Under Votes,143
Linn,102,County Assessor,,,Mark J. Noakes,396
Linn,102,County Assessor,,,Write-ins,2
Linn,102,County Assessor,,,Over Votes,0
Linn,102,County Assessor,,,Under Votes,196
Linn,103,County Assessor,,,Mark J. Noakes,281
Linn,103,County Assessor,,,Write-ins,2
Linn,103,County Assessor,,,Over Votes,0
Linn,103,County Assessor,,,Under Votes,261
Linn,104,County Assessor,,,Mark J. Noakes,190
Linn,104,County Assessor,,,Write-ins,0
Linn,104,County Assessor,,,Over Votes,0
Linn,104,County Assessor,,,Under Votes,141
Linn,105,County Assessor,,,Mark J. Noakes,177
Linn,105,County Assessor,,,Write-ins,2
Linn,105,County Assessor,,,Over Votes,0
Linn,105,County Assessor,,,Under Votes,112
Linn,106,County Assessor,,,Mark J. Noakes,218
Linn,106,County Assessor,,,Write-ins,1
Linn,106,County Assessor,,,Over Votes,0
Linn,106,County Assessor,,,Under Votes,148
Linn,107,County Assessor,,,Mark J. Noakes,388
Linn,107,County Assessor,,,Write-ins,1
Linn,107,County Assessor,,,Over Votes,0
Linn,107,County Assessor,,,Under Votes,208
Linn,108,County Assessor,,,Mark J. Noakes,527
Linn,108,County Assessor,,,Write-ins,3
Linn,108,County Assessor,,,Over Votes,0
Linn,108,County Assessor,,,Under Votes,303
Linn,1,"County Commissioner, Position 2",,DEM,Pete Boucot,122
Linn,1,"County Commissioner, Position 2",,DEM,Write-ins,2
Linn,1,"County Commissioner, Position 2",,DEM,Over Votes,0
Linn,1,"County Commissioner, Position 2",,DEM,Under Votes,96
Linn,3,"County Commissioner, Position 2",,DEM,Pete Boucot,94
Linn,3,"County Commissioner, Position 2",,DEM,Write-ins,1
Linn,3,"County Commissioner, Position 2",,DEM,Over Votes,0
Linn,3,"County Commissioner, Position 2",,DEM,Under Votes,68
Linn,5,"County Commissioner, Position 2",,DEM,Pete Boucot,123
Linn,5,"County Commissioner, Position 2",,DEM,Write-ins,0
Linn,5,"County Commissioner, Position 2",,DEM,Over Votes,0
Linn,5,"County Commissioner, Position 2",,DEM,Under Votes,56
Linn,8,"County Commissioner, Position 2",,DEM,Pete Boucot,131
Linn,8,"County Commissioner, Position 2",,DEM,Write-ins,0
Linn,8,"County Commissioner, Position 2",,DEM,Over Votes,0
Linn,8,"County Commissioner, Position 2",,DEM,Under Votes,79
Linn,11,"County Commissioner, Position 2",,DEM,Pete Boucot,80
Linn,11,"County Commissioner, Position 2",,DEM,Write-ins,1
Linn,11,"County Commissioner, Position 2",,DEM,Over Votes,0
Linn,11,"County Commissioner, Position 2",,DEM,Under Votes,68
Linn,14,"County Commissioner, Position 2",,DEM,Pete Boucot,111
Linn,14,"County Commissioner, Position 2",,DEM,Write-ins,1
Linn,14,"County Commissioner, Position 2",,DEM,Over Votes,0
Linn,14,"County Commissioner, Position 2",,DEM,Under Votes,74
Linn,15,"County Commissioner, Position 2",,DEM,Pete Boucot,38
Linn,15,"County Commissioner, Position 2",,DEM,Write-ins,0
Linn,15,"County Commissioner, Position 2",,DEM,Over Votes,0
Linn,15,"County Commissioner, Position 2",,DEM,Under Votes,36
Linn,16,"County Commissioner, Position 2",,DEM,Pete Boucot,122
Linn,16,"County Commissioner, Position 2",,DEM,Write-ins,1
Linn,16,"County Commissioner, Position 2",,DEM,Over Votes,0
Linn,16,"County Commissioner, Position 2",,DEM,Under Votes,80
Linn,18,"County Commissioner, Position 2",,DEM,Pete Boucot,341
Linn,18,"County Commissioner, Position 2",,DEM,Write-ins,2
Linn,18,"County Commissioner, Position 2",,DEM,Over Votes,0
Linn,18,"County Commissioner, Position 2",,DEM,Under Votes,226
Linn,19,"County Commissioner, Position 2",,DEM,Pete Boucot,114
Linn,19,"County Commissioner, Position 2",,DEM,Write-ins,0
Linn,19,"County Commissioner, Position 2",,DEM,Over Votes,0
Linn,19,"County Commissioner, Position 2",,DEM,Under Votes,91
Linn,20,"County Commissioner, Position 2",,DEM,Pete Boucot,66
Linn,20,"County Commissioner, Position 2",,DEM,Write-ins,0
Linn,20,"County Commissioner, Position 2",,DEM,Over Votes,0
Linn,20,"County Commissioner, Position 2",,DEM,Under Votes,61
Linn,21,"County Commissioner, Position 2",,DEM,Pete Boucot,51
Linn,21,"County Commissioner, Position 2",,DEM,Write-ins,0
Linn,21,"County Commissioner, Position 2",,DEM,Over Votes,0
Linn,21,"County Commissioner, Position 2",,DEM,Under Votes,29
Linn,22,"County Commissioner, Position 2",,DEM,Pete Boucot,3
Linn,22,"County Commissioner, Position 2",,DEM,Write-ins,0
Linn,22,"County Commissioner, Position 2",,DEM,Over Votes,0
Linn,22,"County Commissioner, Position 2",,DEM,Under Votes,2
Linn,23,"County Commissioner, Position 2",,DEM,Pete Boucot,136
Linn,23,"County Commissioner, Position 2",,DEM,Write-ins,1
Linn,23,"County Commissioner, Position 2",,DEM,Over Votes,0
Linn,23,"County Commissioner, Position 2",,DEM,Under Votes,101
Linn,25,"County Commissioner, Position 2",,DEM,Pete Boucot,128
Linn,25,"County Commissioner, Position 2",,DEM,Write-ins,0
Linn,25,"County Commissioner, Position 2",,DEM,Over Votes,0
Linn,25,"County Commissioner, Position 2",,DEM,Under Votes,80
Linn,26,"County Commissioner, Position 2",,DEM,Pete Boucot,40
Linn,26,"County Commissioner, Position 2",,DEM,Write-ins,1
Linn,26,"County Commissioner, Position 2",,DEM,Over Votes,0
Linn,26,"County Commissioner, Position 2",,DEM,Under Votes,26
Linn,27,"County Commissioner, Position 2",,DEM,Pete Boucot,69
Linn,27,"County Commissioner, Position 2",,DEM,Write-ins,1
Linn,27,"County Commissioner, Position 2",,DEM,Over Votes,0
Linn,27,"County Commissioner, Position 2",,DEM,Under Votes,61
Linn,28,"County Commissioner, Position 2",,DEM,Pete Boucot,76
Linn,28,"County Commissioner, Position 2",,DEM,Write-ins,0
Linn,28,"County Commissioner, Position 2",,DEM,Over Votes,0
Linn,28,"County Commissioner, Position 2",,DEM,Under Votes,42
Linn,29,"County Commissioner, Position 2",,DEM,Pete Boucot,230
Linn,29,"County Commissioner, Position 2",,DEM,Write-ins,5
Linn,29,"County Commissioner, Position 2",,DEM,Over Votes,0
Linn,29,"County Commissioner, Position 2",,DEM,Under Votes,127
Linn,30,"County Commissioner, Position 2",,DEM,Pete Boucot,20
Linn,30,"County Commissioner, Position 2",,DEM,Write-ins,1
Linn,30,"County Commissioner, Position 2",,DEM,Over Votes,0
Linn,30,"County Commissioner, Position 2",,DEM,Under Votes,17
Linn,31,"County Commissioner, Position 2",,DEM,Pete Boucot,125
Linn,31,"County Commissioner, Position 2",,DEM,Write-ins,3
Linn,31,"County Commissioner, Position 2",,DEM,Over Votes,0
Linn,31,"County Commissioner, Position 2",,DEM,Under Votes,92
Linn,32,"County Commissioner, Position 2",,DEM,Pete Boucot,87
Linn,32,"County Commissioner, Position 2",,DEM,Write-ins,0
Linn,32,"County Commissioner, Position 2",,DEM,Over Votes,0
Linn,32,"County Commissioner, Position 2",,DEM,Under Votes,61
Linn,34,"County Commissioner, Position 2",,DEM,Pete Boucot,42
Linn,34,"County Commissioner, Position 2",,DEM,Write-ins,0
Linn,34,"County Commissioner, Position 2",,DEM,Over Votes,0
Linn,34,"County Commissioner, Position 2",,DEM,Under Votes,36
Linn,35,"County Commissioner, Position 2",,DEM,Pete Boucot,178
Linn,35,"County Commissioner, Position 2",,DEM,Write-ins,1
Linn,35,"County Commissioner, Position 2",,DEM,Over Votes,0
Linn,35,"County Commissioner, Position 2",,DEM,Under Votes,125
Linn,36,"County Commissioner, Position 2",,DEM,Pete Boucot,142
Linn,36,"County Commissioner, Position 2",,DEM,Write-ins,2
Linn,36,"County Commissioner, Position 2",,DEM,Over Votes,0
Linn,36,"County Commissioner, Position 2",,DEM,Under Votes,83
Linn,37,"County Commissioner, Position 2",,DEM,Pete Boucot,137
Linn,37,"County Commissioner, Position 2",,DEM,Write-ins,0
Linn,37,"County Commissioner, Position 2",,DEM,Over Votes,0
Linn,37,"County Commissioner, Position 2",,DEM,Under Votes,105
Linn,38,"County Commissioner, Position 2",,DEM,Pete Boucot,133
Linn,38,"County Commissioner, Position 2",,DEM,Write-ins,2
Linn,38,"County Commissioner, Position 2",,DEM,Over Votes,0
Linn,38,"County Commissioner, Position 2",,DEM,Under Votes,76
Linn,39,"County Commissioner, Position 2",,DEM,Pete Boucot,103
Linn,39,"County Commissioner, Position 2",,DEM,Write-ins,0
Linn,39,"County Commissioner, Position 2",,DEM,Over Votes,0
Linn,39,"County Commissioner, Position 2",,DEM,Under Votes,76
Linn,41,"County Commissioner, Position 2",,DEM,Pete Boucot,84
Linn,41,"County Commissioner, Position 2",,DEM,Write-ins,1
Linn,41,"County Commissioner, Position 2",,DEM,Over Votes,0
Linn,41,"County Commissioner, Position 2",,DEM,Under Votes,59
Linn,43,"County Commissioner, Position 2",,DEM,Pete Boucot,105
Linn,43,"County Commissioner, Position 2",,DEM,Write-ins,0
Linn,43,"County Commissioner, Position 2",,DEM,Over Votes,0
Linn,43,"County Commissioner, Position 2",,DEM,Under Votes,73
Linn,44,"County Commissioner, Position 2",,DEM,Pete Boucot,164
Linn,44,"County Commissioner, Position 2",,DEM,Write-ins,4
Linn,44,"County Commissioner, Position 2",,DEM,Over Votes,0
Linn,44,"County Commissioner, Position 2",,DEM,Under Votes,128
Linn,45,"County Commissioner, Position 2",,DEM,Pete Boucot,131
Linn,45,"County Commissioner, Position 2",,DEM,Write-ins,0
Linn,45,"County Commissioner, Position 2",,DEM,Over Votes,0
Linn,45,"County Commissioner, Position 2",,DEM,Under Votes,73
Linn,46,"County Commissioner, Position 2",,DEM,Pete Boucot,147
Linn,46,"County Commissioner, Position 2",,DEM,Write-ins,3
Linn,46,"County Commissioner, Position 2",,DEM,Over Votes,0
Linn,46,"County Commissioner, Position 2",,DEM,Under Votes,97
Linn,47,"County Commissioner, Position 2",,DEM,Pete Boucot,48
Linn,47,"County Commissioner, Position 2",,DEM,Write-ins,0
Linn,47,"County Commissioner, Position 2",,DEM,Over Votes,0
Linn,47,"County Commissioner, Position 2",,DEM,Under Votes,54
Linn,48,"County Commissioner, Position 2",,DEM,Pete Boucot,194
Linn,48,"County Commissioner, Position 2",,DEM,Write-ins,1
Linn,48,"County Commissioner, Position 2",,DEM,Over Votes,0
Linn,48,"County Commissioner, Position 2",,DEM,Under Votes,116
Linn,49,"County Commissioner, Position 2",,DEM,Pete Boucot,13
Linn,49,"County Commissioner, Position 2",,DEM,Write-ins,0
Linn,49,"County Commissioner, Position 2",,DEM,Over Votes,0
Linn,49,"County Commissioner, Position 2",,DEM,Under Votes,2
Linn,51,"County Commissioner, Position 2",,DEM,Pete Boucot,81
Linn,51,"County Commissioner, Position 2",,DEM,Write-ins,3
Linn,51,"County Commissioner, Position 2",,DEM,Over Votes,0
Linn,51,"County Commissioner, Position 2",,DEM,Under Votes,55
Linn,52,"County Commissioner, Position 2",,DEM,Pete Boucot,42
Linn,52,"County Commissioner, Position 2",,DEM,Write-ins,1
Linn,52,"County Commissioner, Position 2",,DEM,Over Votes,0
Linn,52,"County Commissioner, Position 2",,DEM,Under Votes,34
Linn,53,"County Commissioner, Position 2",,DEM,Pete Boucot,102
Linn,53,"County Commissioner, Position 2",,DEM,Write-ins,1
Linn,53,"County Commissioner, Position 2",,DEM,Over Votes,0
Linn,53,"County Commissioner, Position 2",,DEM,Under Votes,60
Linn,54,"County Commissioner, Position 2",,DEM,Pete Boucot,55
Linn,54,"County Commissioner, Position 2",,DEM,Write-ins,4
Linn,54,"County Commissioner, Position 2",,DEM,Over Votes,0
Linn,54,"County Commissioner, Position 2",,DEM,Under Votes,44
Linn,55,"County Commissioner, Position 2",,DEM,Pete Boucot,77
Linn,55,"County Commissioner, Position 2",,DEM,Write-ins,0
Linn,55,"County Commissioner, Position 2",,DEM,Over Votes,0
Linn,55,"County Commissioner, Position 2",,DEM,Under Votes,63
Linn,56,"County Commissioner, Position 2",,DEM,Pete Boucot,103
Linn,56,"County Commissioner, Position 2",,DEM,Write-ins,1
Linn,56,"County Commissioner, Position 2",,DEM,Over Votes,0
Linn,56,"County Commissioner, Position 2",,DEM,Under Votes,74
Linn,57,"County Commissioner, Position 2",,DEM,Pete Boucot,46
Linn,57,"County Commissioner, Position 2",,DEM,Write-ins,0
Linn,57,"County Commissioner, Position 2",,DEM,Over Votes,0
Linn,57,"County Commissioner, Position 2",,DEM,Under Votes,23
Linn,59,"County Commissioner, Position 2",,DEM,Pete Boucot,81
Linn,59,"County Commissioner, Position 2",,DEM,Write-ins,0
Linn,59,"County Commissioner, Position 2",,DEM,Over Votes,0
Linn,59,"County Commissioner, Position 2",,DEM,Under Votes,55
Linn,61,"County Commissioner, Position 2",,DEM,Pete Boucot,58
Linn,61,"County Commissioner, Position 2",,DEM,Write-ins,0
Linn,61,"County Commissioner, Position 2",,DEM,Over Votes,0
Linn,61,"County Commissioner, Position 2",,DEM,Under Votes,42
Linn,62,"County Commissioner, Position 2",,DEM,Pete Boucot,130
Linn,62,"County Commissioner, Position 2",,DEM,Write-ins,1
Linn,62,"County Commissioner, Position 2",,DEM,Over Votes,0
Linn,62,"County Commissioner, Position 2",,DEM,Under Votes,67
Linn,63,"County Commissioner, Position 2",,DEM,Pete Boucot,279
Linn,63,"County Commissioner, Position 2",,DEM,Write-ins,3
Linn,63,"County Commissioner, Position 2",,DEM,Over Votes,0
Linn,63,"County Commissioner, Position 2",,DEM,Under Votes,197
Linn,65,"County Commissioner, Position 2",,DEM,Pete Boucot,7
Linn,65,"County Commissioner, Position 2",,DEM,Write-ins,0
Linn,65,"County Commissioner, Position 2",,DEM,Over Votes,0
Linn,65,"County Commissioner, Position 2",,DEM,Under Votes,6
Linn,66,"County Commissioner, Position 2",,DEM,Pete Boucot,37
Linn,66,"County Commissioner, Position 2",,DEM,Write-ins,2
Linn,66,"County Commissioner, Position 2",,DEM,Over Votes,0
Linn,66,"County Commissioner, Position 2",,DEM,Under Votes,23
Linn,70,"County Commissioner, Position 2",,DEM,Pete Boucot,179
Linn,70,"County Commissioner, Position 2",,DEM,Write-ins,3
Linn,70,"County Commissioner, Position 2",,DEM,Over Votes,0
Linn,70,"County Commissioner, Position 2",,DEM,Under Votes,155
Linn,73,"County Commissioner, Position 2",,DEM,Pete Boucot,123
Linn,73,"County Commissioner, Position 2",,DEM,Write-ins,1
Linn,73,"County Commissioner, Position 2",,DEM,Over Votes,0
Linn,73,"County Commissioner, Position 2",,DEM,Under Votes,106
Linn,75,"County Commissioner, Position 2",,DEM,Pete Boucot,102
Linn,75,"County Commissioner, Position 2",,DEM,Write-ins,0
Linn,75,"County Commissioner, Position 2",,DEM,Over Votes,0
Linn,75,"County Commissioner, Position 2",,DEM,Under Votes,93
Linn,77,"County Commissioner, Position 2",,DEM,Pete Boucot,63
Linn,77,"County Commissioner, Position 2",,DEM,Write-ins,2
Linn,77,"County Commissioner, Position 2",,DEM,Over Votes,0
Linn,77,"County Commissioner, Position 2",,DEM,Under Votes,49
Linn,78,"County Commissioner, Position 2",,DEM,Pete Boucot,131
Linn,78,"County Commissioner, Position 2",,DEM,Write-ins,1
Linn,78,"County Commissioner, Position 2",,DEM,Over Votes,0
Linn,78,"County Commissioner, Position 2",,DEM,Under Votes,64
Linn,79,"County Commissioner, Position 2",,DEM,Pete Boucot,195
Linn,79,"County Commissioner, Position 2",,DEM,Write-ins,2
Linn,79,"County Commissioner, Position 2",,DEM,Over Votes,0
Linn,79,"County Commissioner, Position 2",,DEM,Under Votes,120
Linn,80,"County Commissioner, Position 2",,DEM,Pete Boucot,165
Linn,80,"County Commissioner, Position 2",,DEM,Write-ins,0
Linn,80,"County Commissioner, Position 2",,DEM,Over Votes,0
Linn,80,"County Commissioner, Position 2",,DEM,Under Votes,79
Linn,82,"County Commissioner, Position 2",,DEM,Pete Boucot,51
Linn,82,"County Commissioner, Position 2",,DEM,Write-ins,0
Linn,82,"County Commissioner, Position 2",,DEM,Over Votes,0
Linn,82,"County Commissioner, Position 2",,DEM,Under Votes,54
Linn,84,"County Commissioner, Position 2",,DEM,Pete Boucot,147
Linn,84,"County Commissioner, Position 2",,DEM,Write-ins,0
Linn,84,"County Commissioner, Position 2",,DEM,Over Votes,0
Linn,84,"County Commissioner, Position 2",,DEM,Under Votes,64
Linn,86,"County Commissioner, Position 2",,DEM,Pete Boucot,141
Linn,86,"County Commissioner, Position 2",,DEM,Write-ins,3
Linn,86,"County Commissioner, Position 2",,DEM,Over Votes,0
Linn,86,"County Commissioner, Position 2",,DEM,Under Votes,125
Linn,88,"County Commissioner, Position 2",,DEM,Pete Boucot,140
Linn,88,"County Commissioner, Position 2",,DEM,Write-ins,2
Linn,88,"County Commissioner, Position 2",,DEM,Over Votes,0
Linn,88,"County Commissioner, Position 2",,DEM,Under Votes,88
Linn,89,"County Commissioner, Position 2",,DEM,Pete Boucot,119
Linn,89,"County Commissioner, Position 2",,DEM,Write-ins,0
Linn,89,"County Commissioner, Position 2",,DEM,Over Votes,0
Linn,89,"County Commissioner, Position 2",,DEM,Under Votes,88
Linn,91,"County Commissioner, Position 2",,DEM,Pete Boucot,161
Linn,91,"County Commissioner, Position 2",,DEM,Write-ins,0
Linn,91,"County Commissioner, Position 2",,DEM,Over Votes,0
Linn,91,"County Commissioner, Position 2",,DEM,Under Votes,77
Linn,92,"County Commissioner, Position 2",,DEM,Pete Boucot,236
Linn,92,"County Commissioner, Position 2",,DEM,Write-ins,7
Linn,92,"County Commissioner, Position 2",,DEM,Over Votes,0
Linn,92,"County Commissioner, Position 2",,DEM,Under Votes,153
Linn,93,"County Commissioner, Position 2",,DEM,Pete Boucot,183
Linn,93,"County Commissioner, Position 2",,DEM,Write-ins,2
Linn,93,"County Commissioner, Position 2",,DEM,Over Votes,0
Linn,93,"County Commissioner, Position 2",,DEM,Under Votes,118
Linn,94,"County Commissioner, Position 2",,DEM,Pete Boucot,113
Linn,94,"County Commissioner, Position 2",,DEM,Write-ins,2
Linn,94,"County Commissioner, Position 2",,DEM,Over Votes,0
Linn,94,"County Commissioner, Position 2",,DEM,Under Votes,64
Linn,95,"County Commissioner, Position 2",,DEM,Pete Boucot,147
Linn,95,"County Commissioner, Position 2",,DEM,Write-ins,1
Linn,95,"County Commissioner, Position 2",,DEM,Over Votes,0
Linn,95,"County Commissioner, Position 2",,DEM,Under Votes,103
Linn,96,"County Commissioner, Position 2",,DEM,Pete Boucot,166
Linn,96,"County Commissioner, Position 2",,DEM,Write-ins,1
Linn,96,"County Commissioner, Position 2",,DEM,Over Votes,0
Linn,96,"County Commissioner, Position 2",,DEM,Under Votes,99
Linn,97,"County Commissioner, Position 2",,DEM,Pete Boucot,218
Linn,97,"County Commissioner, Position 2",,DEM,Write-ins,4
Linn,97,"County Commissioner, Position 2",,DEM,Over Votes,0
Linn,97,"County Commissioner, Position 2",,DEM,Under Votes,129
Linn,99,"County Commissioner, Position 2",,DEM,Pete Boucot,59
Linn,99,"County Commissioner, Position 2",,DEM,Write-ins,0
Linn,99,"County Commissioner, Position 2",,DEM,Over Votes,0
Linn,99,"County Commissioner, Position 2",,DEM,Under Votes,34
Linn,100,"County Commissioner, Position 2",,DEM,Pete Boucot,200
Linn,100,"County Commissioner, Position 2",,DEM,Write-ins,4
Linn,100,"County Commissioner, Position 2",,DEM,Over Votes,0
Linn,100,"County Commissioner, Position 2",,DEM,Under Votes,142
Linn,101,"County Commissioner, Position 2",,DEM,Pete Boucot,74
Linn,101,"County Commissioner, Position 2",,DEM,Write-ins,0
Linn,101,"County Commissioner, Position 2",,DEM,Over Votes,0
Linn,101,"County Commissioner, Position 2",,DEM,Under Votes,53
Linn,102,"County Commissioner, Position 2",,DEM,Pete Boucot,199
Linn,102,"County Commissioner, Position 2",,DEM,Write-ins,1
Linn,102,"County Commissioner, Position 2",,DEM,Over Votes,0
Linn,102,"County Commissioner, Position 2",,DEM,Under Votes,115
Linn,103,"County Commissioner, Position 2",,DEM,Pete Boucot,129
Linn,103,"County Commissioner, Position 2",,DEM,Write-ins,1
Linn,103,"County Commissioner, Position 2",,DEM,Over Votes,0
Linn,103,"County Commissioner, Position 2",,DEM,Under Votes,118
Linn,104,"County Commissioner, Position 2",,DEM,Pete Boucot,97
Linn,104,"County Commissioner, Position 2",,DEM,Write-ins,0
Linn,104,"County Commissioner, Position 2",,DEM,Over Votes,0
Linn,104,"County Commissioner, Position 2",,DEM,Under Votes,64
Linn,105,"County Commissioner, Position 2",,DEM,Pete Boucot,106
Linn,105,"County Commissioner, Position 2",,DEM,Write-ins,1
Linn,105,"County Commissioner, Position 2",,DEM,Over Votes,1
Linn,105,"County Commissioner, Position 2",,DEM,Under Votes,66
Linn,106,"County Commissioner, Position 2",,DEM,Pete Boucot,98
Linn,106,"County Commissioner, Position 2",,DEM,Write-ins,1
Linn,106,"County Commissioner, Position 2",,DEM,Over Votes,0
Linn,106,"County Commissioner, Position 2",,DEM,Under Votes,74
Linn,107,"County Commissioner, Position 2",,DEM,Pete Boucot,212
Linn,107,"County Commissioner, Position 2",,DEM,Write-ins,0
Linn,107,"County Commissioner, Position 2",,DEM,Over Votes,0
Linn,107,"County Commissioner, Position 2",,DEM,Under Votes,115
Linn,108,"County Commissioner, Position 2",,DEM,Pete Boucot,260
Linn,108,"County Commissioner, Position 2",,DEM,Write-ins,1
Linn,108,"County Commissioner, Position 2",,DEM,Over Votes,0
Linn,108,"County Commissioner, Position 2",,DEM,Under Votes,166
Linn,1,"County Commissioner, Position 2",,REP,Roger Nyquist,73
Linn,1,"County Commissioner, Position 2",,REP,Write-ins,0
Linn,1,"County Commissioner, Position 2",,REP,Over Votes,0
Linn,1,"County Commissioner, Position 2",,REP,Under Votes,32
Linn,3,"County Commissioner, Position 2",,REP,Roger Nyquist,65
Linn,3,"County Commissioner, Position 2",,REP,Write-ins,1
Linn,3,"County Commissioner, Position 2",,REP,Over Votes,0
Linn,3,"County Commissioner, Position 2",,REP,Under Votes,16
Linn,5,"County Commissioner, Position 2",,REP,Roger Nyquist,58
Linn,5,"County Commissioner, Position 2",,REP,Write-ins,1
Linn,5,"County Commissioner, Position 2",,REP,Over Votes,0
Linn,5,"County Commissioner, Position 2",,REP,Under Votes,21
Linn,8,"County Commissioner, Position 2",,REP,Roger Nyquist,90
Linn,8,"County Commissioner, Position 2",,REP,Write-ins,2
Linn,8,"County Commissioner, Position 2",,REP,Over Votes,0
Linn,8,"County Commissioner, Position 2",,REP,Under Votes,34
Linn,11,"County Commissioner, Position 2",,REP,Roger Nyquist,68
Linn,11,"County Commissioner, Position 2",,REP,Write-ins,0
Linn,11,"County Commissioner, Position 2",,REP,Over Votes,0
Linn,11,"County Commissioner, Position 2",,REP,Under Votes,10
Linn,14,"County Commissioner, Position 2",,REP,Roger Nyquist,67
Linn,14,"County Commissioner, Position 2",,REP,Write-ins,1
Linn,14,"County Commissioner, Position 2",,REP,Over Votes,0
Linn,14,"County Commissioner, Position 2",,REP,Under Votes,18
Linn,15,"County Commissioner, Position 2",,REP,Roger Nyquist,22
Linn,15,"County Commissioner, Position 2",,REP,Write-ins,0
Linn,15,"County Commissioner, Position 2",,REP,Over Votes,0
Linn,15,"County Commissioner, Position 2",,REP,Under Votes,11
Linn,16,"County Commissioner, Position 2",,REP,Roger Nyquist,81
Linn,16,"County Commissioner, Position 2",,REP,Write-ins,2
Linn,16,"County Commissioner, Position 2",,REP,Over Votes,0
Linn,16,"County Commissioner, Position 2",,REP,Under Votes,21
Linn,18,"County Commissioner, Position 2",,REP,Roger Nyquist,300
Linn,18,"County Commissioner, Position 2",,REP,Write-ins,8
Linn,18,"County Commissioner, Position 2",,REP,Over Votes,0
Linn,18,"County Commissioner, Position 2",,REP,Under Votes,97
Linn,19,"County Commissioner, Position 2",,REP,Roger Nyquist,170
Linn,19,"County Commissioner, Position 2",,REP,Write-ins,0
Linn,19,"County Commissioner, Position 2",,REP,Over Votes,0
Linn,19,"County Commissioner, Position 2",,REP,Under Votes,49
Linn,20,"County Commissioner, Position 2",,REP,Roger Nyquist,67
Linn,20,"County Commissioner, Position 2",,REP,Write-ins,1
Linn,20,"County Commissioner, Position 2",,REP,Over Votes,0
Linn,20,"County Commissioner, Position 2",,REP,Under Votes,46
Linn,21,"County Commissioner, Position 2",,REP,Roger Nyquist,79
Linn,21,"County Commissioner, Position 2",,REP,Write-ins,0
Linn,21,"County Commissioner, Position 2",,REP,Over Votes,0
Linn,21,"County Commissioner, Position 2",,REP,Under Votes,23
Linn,22,"County Commissioner, Position 2",,REP,Roger Nyquist,6
Linn,22,"County Commissioner, Position 2",,REP,Write-ins,0
Linn,22,"County Commissioner, Position 2",,REP,Over Votes,0
Linn,22,"County Commissioner, Position 2",,REP,Under Votes,7
Linn,23,"County Commissioner, Position 2",,REP,Roger Nyquist,128
Linn,23,"County Commissioner, Position 2",,REP,Write-ins,1
Linn,23,"County Commissioner, Position 2",,REP,Over Votes,0
Linn,23,"County Commissioner, Position 2",,REP,Under Votes,85
Linn,25,"County Commissioner, Position 2",,REP,Roger Nyquist,97
Linn,25,"County Commissioner, Position 2",,REP,Write-ins,2
Linn,25,"County Commissioner, Position 2",,REP,Over Votes,0
Linn,25,"County Commissioner, Position 2",,REP,Under Votes,47
Linn,26,"County Commissioner, Position 2",,REP,Roger Nyquist,54
Linn,26,"County Commissioner, Position 2",,REP,Write-ins,0
Linn,26,"County Commissioner, Position 2",,REP,Over Votes,0
Linn,26,"County Commissioner, Position 2",,REP,Under Votes,8
Linn,27,"County Commissioner, Position 2",,REP,Roger Nyquist,98
Linn,27,"County Commissioner, Position 2",,REP,Write-ins,2
Linn,27,"County Commissioner, Position 2",,REP,Over Votes,0
Linn,27,"County Commissioner, Position 2",,REP,Under Votes,55
Linn,28,"County Commissioner, Position 2",,REP,Roger Nyquist,107
Linn,28,"County Commissioner, Position 2",,REP,Write-ins,0
Linn,28,"County Commissioner, Position 2",,REP,Over Votes,0
Linn,28,"County Commissioner, Position 2",,REP,Under Votes,39
Linn,29,"County Commissioner, Position 2",,REP,Roger Nyquist,212
Linn,29,"County Commissioner, Position 2",,REP,Write-ins,1
Linn,29,"County Commissioner, Position 2",,REP,Over Votes,0
Linn,29,"County Commissioner, Position 2",,REP,Under Votes,127
Linn,30,"County Commissioner, Position 2",,REP,Roger Nyquist,41
Linn,30,"County Commissioner, Position 2",,REP,Write-ins,0
Linn,30,"County Commissioner, Position 2",,REP,Over Votes,0
Linn,30,"County Commissioner, Position 2",,REP,Under Votes,20
Linn,31,"County Commissioner, Position 2",,REP,Roger Nyquist,134
Linn,31,"County Commissioner, Position 2",,REP,Write-ins,1
Linn,31,"County Commissioner, Position 2",,REP,Over Votes,0
Linn,31,"County Commissioner, Position 2",,REP,Under Votes,74
Linn,32,"County Commissioner, Position 2",,REP,Roger Nyquist,89
Linn,32,"County Commissioner, Position 2",,REP,Write-ins,2
Linn,32,"County Commissioner, Position 2",,REP,Over Votes,0
Linn,32,"County Commissioner, Position 2",,REP,Under Votes,77
Linn,34,"County Commissioner, Position 2",,REP,Roger Nyquist,45
Linn,34,"County Commissioner, Position 2",,REP,Write-ins,2
Linn,34,"County Commissioner, Position 2",,REP,Over Votes,0
Linn,34,"County Commissioner, Position 2",,REP,Under Votes,24
Linn,35,"County Commissioner, Position 2",,REP,Roger Nyquist,163
Linn,35,"County Commissioner, Position 2",,REP,Write-ins,4
Linn,35,"County Commissioner, Position 2",,REP,Over Votes,0
Linn,35,"County Commissioner, Position 2",,REP,Under Votes,104
Linn,36,"County Commissioner, Position 2",,REP,Roger Nyquist,119
Linn,36,"County Commissioner, Position 2",,REP,Write-ins,0
Linn,36,"County Commissioner, Position 2",,REP,Over Votes,0
Linn,36,"County Commissioner, Position 2",,REP,Under Votes,49
Linn,37,"County Commissioner, Position 2",,REP,Roger Nyquist,120
Linn,37,"County Commissioner, Position 2",,REP,Write-ins,4
Linn,37,"County Commissioner, Position 2",,REP,Over Votes,0
Linn,37,"County Commissioner, Position 2",,REP,Under Votes,52
Linn,38,"County Commissioner, Position 2",,REP,Roger Nyquist,86
Linn,38,"County Commissioner, Position 2",,REP,Write-ins,3
Linn,38,"County Commissioner, Position 2",,REP,Over Votes,0
Linn,38,"County Commissioner, Position 2",,REP,Under Votes,52
Linn,39,"County Commissioner, Position 2",,REP,Roger Nyquist,94
Linn,39,"County Commissioner, Position 2",,REP,Write-ins,1
Linn,39,"County Commissioner, Position 2",,REP,Over Votes,0
Linn,39,"County Commissioner, Position 2",,REP,Under Votes,31
Linn,41,"County Commissioner, Position 2",,REP,Roger Nyquist,74
Linn,41,"County Commissioner, Position 2",,REP,Write-ins,0
Linn,41,"County Commissioner, Position 2",,REP,Over Votes,0
Linn,41,"County Commissioner, Position 2",,REP,Under Votes,31
Linn,43,"County Commissioner, Position 2",,REP,Roger Nyquist,82
Linn,43,"County Commissioner, Position 2",,REP,Write-ins,0
Linn,43,"County Commissioner, Position 2",,REP,Over Votes,0
Linn,43,"County Commissioner, Position 2",,REP,Under Votes,41
Linn,44,"County Commissioner, Position 2",,REP,Roger Nyquist,148
Linn,44,"County Commissioner, Position 2",,REP,Write-ins,1
Linn,44,"County Commissioner, Position 2",,REP,Over Votes,0
Linn,44,"County Commissioner, Position 2",,REP,Under Votes,74
Linn,45,"County Commissioner, Position 2",,REP,Roger Nyquist,140
Linn,45,"County Commissioner, Position 2",,REP,Write-ins,4
Linn,45,"County Commissioner, Position 2",,REP,Over Votes,0
Linn,45,"County Commissioner, Position 2",,REP,Under Votes,49
Linn,46,"County Commissioner, Position 2",,REP,Roger Nyquist,153
Linn,46,"County Commissioner, Position 2",,REP,Write-ins,1
Linn,46,"County Commissioner, Position 2",,REP,Over Votes,0
Linn,46,"County Commissioner, Position 2",,REP,Under Votes,46
Linn,47,"County Commissioner, Position 2",,REP,Roger Nyquist,38
Linn,47,"County Commissioner, Position 2",,REP,Write-ins,0
Linn,47,"County Commissioner, Position 2",,REP,Over Votes,0
Linn,47,"County Commissioner, Position 2",,REP,Under Votes,21
Linn,48,"County Commissioner, Position 2",,REP,Roger Nyquist,191
Linn,48,"County Commissioner, Position 2",,REP,Write-ins,1
Linn,48,"County Commissioner, Position 2",,REP,Over Votes,0
Linn,48,"County Commissioner, Position 2",,REP,Under Votes,71
Linn,49,"County Commissioner, Position 2",,REP,Roger Nyquist,7
Linn,49,"County Commissioner, Position 2",,REP,Write-ins,0
Linn,49,"County Commissioner, Position 2",,REP,Over Votes,0
Linn,49,"County Commissioner, Position 2",,REP,Under Votes,5
Linn,51,"County Commissioner, Position 2",,REP,Roger Nyquist,129
Linn,51,"County Commissioner, Position 2",,REP,Write-ins,1
Linn,51,"County Commissioner, Position 2",,REP,Over Votes,0
Linn,51,"County Commissioner, Position 2",,REP,Under Votes,60
Linn,52,"County Commissioner, Position 2",,REP,Roger Nyquist,44
Linn,52,"County Commissioner, Position 2",,REP,Write-ins,1
Linn,52,"County Commissioner, Position 2",,REP,Over Votes,0
Linn,52,"County Commissioner, Position 2",,REP,Under Votes,27
Linn,53,"County Commissioner, Position 2",,REP,Roger Nyquist,157
Linn,53,"County Commissioner, Position 2",,REP,Write-ins,1
Linn,53,"County Commissioner, Position 2",,REP,Over Votes,0
Linn,53,"County Commissioner, Position 2",,REP,Under Votes,58
Linn,54,"County Commissioner, Position 2",,REP,Roger Nyquist,57
Linn,54,"County Commissioner, Position 2",,REP,Write-ins,0
Linn,54,"County Commissioner, Position 2",,REP,Over Votes,0
Linn,54,"County Commissioner, Position 2",,REP,Under Votes,40
Linn,55,"County Commissioner, Position 2",,REP,Roger Nyquist,92
Linn,55,"County Commissioner, Position 2",,REP,Write-ins,0
Linn,55,"County Commissioner, Position 2",,REP,Over Votes,0
Linn,55,"County Commissioner, Position 2",,REP,Under Votes,44
Linn,56,"County Commissioner, Position 2",,REP,Roger Nyquist,94
Linn,56,"County Commissioner, Position 2",,REP,Write-ins,2
Linn,56,"County Commissioner, Position 2",,REP,Over Votes,0
Linn,56,"County Commissioner, Position 2",,REP,Under Votes,62
Linn,57,"County Commissioner, Position 2",,REP,Roger Nyquist,39
Linn,57,"County Commissioner, Position 2",,REP,Write-ins,1
Linn,57,"County Commissioner, Position 2",,REP,Over Votes,0
Linn,57,"County Commissioner, Position 2",,REP,Under Votes,24
Linn,59,"County Commissioner, Position 2",,REP,Roger Nyquist,69
Linn,59,"County Commissioner, Position 2",,REP,Write-ins,1
Linn,59,"County Commissioner, Position 2",,REP,Over Votes,0
Linn,59,"County Commissioner, Position 2",,REP,Under Votes,21
Linn,61,"County Commissioner, Position 2",,REP,Roger Nyquist,59
Linn,61,"County Commissioner, Position 2",,REP,Write-ins,0
Linn,61,"County Commissioner, Position 2",,REP,Over Votes,0
Linn,61,"County Commissioner, Position 2",,REP,Under Votes,24
Linn,62,"County Commissioner, Position 2",,REP,Roger Nyquist,91
Linn,62,"County Commissioner, Position 2",,REP,Write-ins,1
Linn,62,"County Commissioner, Position 2",,REP,Over Votes,0
Linn,62,"County Commissioner, Position 2",,REP,Under Votes,41
Linn,63,"County Commissioner, Position 2",,REP,Roger Nyquist,295
Linn,63,"County Commissioner, Position 2",,REP,Write-ins,5
Linn,63,"County Commissioner, Position 2",,REP,Over Votes,0
Linn,63,"County Commissioner, Position 2",,REP,Under Votes,137
Linn,65,"County Commissioner, Position 2",,REP,Roger Nyquist,13
Linn,65,"County Commissioner, Position 2",,REP,Write-ins,0
Linn,65,"County Commissioner, Position 2",,REP,Over Votes,0
Linn,65,"County Commissioner, Position 2",,REP,Under Votes,1
Linn,66,"County Commissioner, Position 2",,REP,Roger Nyquist,43
Linn,66,"County Commissioner, Position 2",,REP,Write-ins,1
Linn,66,"County Commissioner, Position 2",,REP,Over Votes,0
Linn,66,"County Commissioner, Position 2",,REP,Under Votes,16
Linn,70,"County Commissioner, Position 2",,REP,Roger Nyquist,167
Linn,70,"County Commissioner, Position 2",,REP,Write-ins,2
Linn,70,"County Commissioner, Position 2",,REP,Over Votes,0
Linn,70,"County Commissioner, Position 2",,REP,Under Votes,105
Linn,73,"County Commissioner, Position 2",,REP,Roger Nyquist,113
Linn,73,"County Commissioner, Position 2",,REP,Write-ins,1
Linn,73,"County Commissioner, Position 2",,REP,Over Votes,0
Linn,73,"County Commissioner, Position 2",,REP,Under Votes,61
Linn,75,"County Commissioner, Position 2",,REP,Roger Nyquist,140
Linn,75,"County Commissioner, Position 2",,REP,Write-ins,3
Linn,75,"County Commissioner, Position 2",,REP,Over Votes,0
Linn,75,"County Commissioner, Position 2",,REP,Under Votes,75
Linn,77,"County Commissioner, Position 2",,REP,Roger Nyquist,58
Linn,77,"County Commissioner, Position 2",,REP,Write-ins,1
Linn,77,"County Commissioner, Position 2",,REP,Over Votes,0
Linn,77,"County Commissioner, Position 2",,REP,Under Votes,19
Linn,78,"County Commissioner, Position 2",,REP,Roger Nyquist,106
Linn,78,"County Commissioner, Position 2",,REP,Write-ins,0
Linn,78,"County Commissioner, Position 2",,REP,Over Votes,0
Linn,78,"County Commissioner, Position 2",,REP,Under Votes,43
Linn,79,"County Commissioner, Position 2",,REP,Roger Nyquist,149
Linn,79,"County Commissioner, Position 2",,REP,Write-ins,2
Linn,79,"County Commissioner, Position 2",,REP,Over Votes,0
Linn,79,"County Commissioner, Position 2",,REP,Under Votes,55
Linn,80,"County Commissioner, Position 2",,REP,Roger Nyquist,141
Linn,80,"County Commissioner, Position 2",,REP,Write-ins,1
Linn,80,"County Commissioner, Position 2",,REP,Over Votes,0
Linn,80,"County Commissioner, Position 2",,REP,Under Votes,40
Linn,82,"County Commissioner, Position 2",,REP,Roger Nyquist,51
Linn,82,"County Commissioner, Position 2",,REP,Write-ins,0
Linn,82,"County Commissioner, Position 2",,REP,Over Votes,0
Linn,82,"County Commissioner, Position 2",,REP,Under Votes,18
Linn,84,"County Commissioner, Position 2",,REP,Roger Nyquist,80
Linn,84,"County Commissioner, Position 2",,REP,Write-ins,2
Linn,84,"County Commissioner, Position 2",,REP,Over Votes,0
Linn,84,"County Commissioner, Position 2",,REP,Under Votes,25
Linn,86,"County Commissioner, Position 2",,REP,Roger Nyquist,182
Linn,86,"County Commissioner, Position 2",,REP,Write-ins,3
Linn,86,"County Commissioner, Position 2",,REP,Over Votes,0
Linn,86,"County Commissioner, Position 2",,REP,Under Votes,88
Linn,88,"County Commissioner, Position 2",,REP,Roger Nyquist,103
Linn,88,"County Commissioner, Position 2",,REP,Write-ins,1
Linn,88,"County Commissioner, Position 2",,REP,Over Votes,0
Linn,88,"County Commissioner, Position 2",,REP,Under Votes,41
Linn,89,"County Commissioner, Position 2",,REP,Roger Nyquist,132
Linn,89,"County Commissioner, Position 2",,REP,Write-ins,2
Linn,89,"County Commissioner, Position 2",,REP,Over Votes,0
Linn,89,"County Commissioner, Position 2",,REP,Under Votes,36
Linn,91,"County Commissioner, Position 2",,REP,Roger Nyquist,89
Linn,91,"County Commissioner, Position 2",,REP,Write-ins,1
Linn,91,"County Commissioner, Position 2",,REP,Over Votes,0
Linn,91,"County Commissioner, Position 2",,REP,Under Votes,46
Linn,92,"County Commissioner, Position 2",,REP,Roger Nyquist,203
Linn,92,"County Commissioner, Position 2",,REP,Write-ins,2
Linn,92,"County Commissioner, Position 2",,REP,Over Votes,0
Linn,92,"County Commissioner, Position 2",,REP,Under Votes,59
Linn,93,"County Commissioner, Position 2",,REP,Roger Nyquist,128
Linn,93,"County Commissioner, Position 2",,REP,Write-ins,1
Linn,93,"County Commissioner, Position 2",,REP,Over Votes,0
Linn,93,"County Commissioner, Position 2",,REP,Under Votes,64
Linn,94,"County Commissioner, Position 2",,REP,Roger Nyquist,82
Linn,94,"County Commissioner, Position 2",,REP,Write-ins,2
Linn,94,"County Commissioner, Position 2",,REP,Over Votes,0
Linn,94,"County Commissioner, Position 2",,REP,Under Votes,38
Linn,95,"County Commissioner, Position 2",,REP,Roger Nyquist,140
Linn,95,"County Commissioner, Position 2",,REP,Write-ins,2
Linn,95,"County Commissioner, Position 2",,REP,Over Votes,0
Linn,95,"County Commissioner, Position 2",,REP,Under Votes,63
Linn,96,"County Commissioner, Position 2",,REP,Roger Nyquist,206
Linn,96,"County Commissioner, Position 2",,REP,Write-ins,1
Linn,96,"County Commissioner, Position 2",,REP,Over Votes,0
Linn,96,"County Commissioner, Position 2",,REP,Under Votes,56
Linn,97,"County Commissioner, Position 2",,REP,Roger Nyquist,246
Linn,97,"County Commissioner, Position 2",,REP,Write-ins,2
Linn,97,"County Commissioner, Position 2",,REP,Over Votes,0
Linn,97,"County Commissioner, Position 2",,REP,Under Votes,98
Linn,99,"County Commissioner, Position 2",,REP,Roger Nyquist,60
Linn,99,"County Commissioner, Position 2",,REP,Write-ins,0
Linn,99,"County Commissioner, Position 2",,REP,Over Votes,0
Linn,99,"County Commissioner, Position 2",,REP,Under Votes,19
Linn,100,"County Commissioner, Position 2",,REP,Roger Nyquist,181
Linn,100,"County Commissioner, Position 2",,REP,Write-ins,4
Linn,100,"County Commissioner, Position 2",,REP,Over Votes,0
Linn,100,"County Commissioner, Position 2",,REP,Under Votes,54
Linn,101,"County Commissioner, Position 2",,REP,Roger Nyquist,70
Linn,101,"County Commissioner, Position 2",,REP,Write-ins,0
Linn,101,"County Commissioner, Position 2",,REP,Over Votes,0
Linn,101,"County Commissioner, Position 2",,REP,Under Votes,49
Linn,102,"County Commissioner, Position 2",,REP,Roger Nyquist,149
Linn,102,"County Commissioner, Position 2",,REP,Write-ins,2
Linn,102,"County Commissioner, Position 2",,REP,Over Votes,0
Linn,102,"County Commissioner, Position 2",,REP,Under Votes,56
Linn,103,"County Commissioner, Position 2",,REP,Roger Nyquist,125
Linn,103,"County Commissioner, Position 2",,REP,Write-ins,1
Linn,103,"County Commissioner, Position 2",,REP,Over Votes,0
Linn,103,"County Commissioner, Position 2",,REP,Under Votes,110
Linn,104,"County Commissioner, Position 2",,REP,Roger Nyquist,78
Linn,104,"County Commissioner, Position 2",,REP,Write-ins,1
Linn,104,"County Commissioner, Position 2",,REP,Over Votes,0
Linn,104,"County Commissioner, Position 2",,REP,Under Votes,55
Linn,105,"County Commissioner, Position 2",,REP,Roger Nyquist,60
Linn,105,"County Commissioner, Position 2",,REP,Write-ins,1
Linn,105,"County Commissioner, Position 2",,REP,Over Votes,0
Linn,105,"County Commissioner, Position 2",,REP,Under Votes,22
Linn,106,"County Commissioner, Position 2",,REP,Roger Nyquist,107
Linn,106,"County Commissioner, Position 2",,REP,Write-ins,2
Linn,106,"County Commissioner, Position 2",,REP,Over Votes,0
Linn,106,"County Commissioner, Position 2",,REP,Under Votes,37
Linn,107,"County Commissioner, Position 2",,REP,Roger Nyquist,151
Linn,107,"County Commissioner, Position 2",,REP,Write-ins,2
Linn,107,"County Commissioner, Position 2",,REP,Over Votes,0
Linn,107,"County Commissioner, Position 2",,REP,Under Votes,52
Linn,108,"County Commissioner, Position 2",,REP,Roger Nyquist,213
Linn,108,"County Commissioner, Position 2",,REP,Write-ins,3
Linn,108,"County Commissioner, Position 2",,REP,Over Votes,0
Linn,108,"County Commissioner, Position 2",,REP,Under Votes,88
Linn,1,"County Commissioner, Position 3",,DEM,"Gordon Kirbey, Jr.",133
Linn,1,"County Commissioner, Position 3",,DEM,Write-ins,1
Linn,1,"County Commissioner, Position 3",,DEM,Over Votes,0
Linn,1,"County Commissioner, Position 3",,DEM,Under Votes,86
Linn,3,"County Commissioner, Position 3",,DEM,"Gordon Kirbey, Jr.",103
Linn,3,"County Commissioner, Position 3",,DEM,Write-ins,1
Linn,3,"County Commissioner, Position 3",,DEM,Over Votes,0
Linn,3,"County Commissioner, Position 3",,DEM,Under Votes,59
Linn,5,"County Commissioner, Position 3",,DEM,"Gordon Kirbey, Jr.",123
Linn,5,"County Commissioner, Position 3",,DEM,Write-ins,0
Linn,5,"County Commissioner, Position 3",,DEM,Over Votes,0
Linn,5,"County Commissioner, Position 3",,DEM,Under Votes,56
Linn,8,"County Commissioner, Position 3",,DEM,"Gordon Kirbey, Jr.",130
Linn,8,"County Commissioner, Position 3",,DEM,Write-ins,0
Linn,8,"County Commissioner, Position 3",,DEM,Over Votes,0
Linn,8,"County Commissioner, Position 3",,DEM,Under Votes,80
Linn,11,"County Commissioner, Position 3",,DEM,"Gordon Kirbey, Jr.",85
Linn,11,"County Commissioner, Position 3",,DEM,Write-ins,0
Linn,11,"County Commissioner, Position 3",,DEM,Over Votes,0
Linn,11,"County Commissioner, Position 3",,DEM,Under Votes,64
Linn,14,"County Commissioner, Position 3",,DEM,"Gordon Kirbey, Jr.",109
Linn,14,"County Commissioner, Position 3",,DEM,Write-ins,0
Linn,14,"County Commissioner, Position 3",,DEM,Over Votes,0
Linn,14,"County Commissioner, Position 3",,DEM,Under Votes,77
Linn,15,"County Commissioner, Position 3",,DEM,"Gordon Kirbey, Jr.",39
Linn,15,"County Commissioner, Position 3",,DEM,Write-ins,3
Linn,15,"County Commissioner, Position 3",,DEM,Over Votes,0
Linn,15,"County Commissioner, Position 3",,DEM,Under Votes,32
Linn,16,"County Commissioner, Position 3",,DEM,"Gordon Kirbey, Jr.",121
Linn,16,"County Commissioner, Position 3",,DEM,Write-ins,3
Linn,16,"County Commissioner, Position 3",,DEM,Over Votes,0
Linn,16,"County Commissioner, Position 3",,DEM,Under Votes,79
Linn,18,"County Commissioner, Position 3",,DEM,"Gordon Kirbey, Jr.",340
Linn,18,"County Commissioner, Position 3",,DEM,Write-ins,2
Linn,18,"County Commissioner, Position 3",,DEM,Over Votes,0
Linn,18,"County Commissioner, Position 3",,DEM,Under Votes,227
Linn,19,"County Commissioner, Position 3",,DEM,"Gordon Kirbey, Jr.",112
Linn,19,"County Commissioner, Position 3",,DEM,Write-ins,0
Linn,19,"County Commissioner, Position 3",,DEM,Over Votes,0
Linn,19,"County Commissioner, Position 3",,DEM,Under Votes,93
Linn,20,"County Commissioner, Position 3",,DEM,"Gordon Kirbey, Jr.",69
Linn,20,"County Commissioner, Position 3",,DEM,Write-ins,0
Linn,20,"County Commissioner, Position 3",,DEM,Over Votes,0
Linn,20,"County Commissioner, Position 3",,DEM,Under Votes,58
Linn,21,"County Commissioner, Position 3",,DEM,"Gordon Kirbey, Jr.",51
Linn,21,"County Commissioner, Position 3",,DEM,Write-ins,0
Linn,21,"County Commissioner, Position 3",,DEM,Over Votes,0
Linn,21,"County Commissioner, Position 3",,DEM,Under Votes,29
Linn,22,"County Commissioner, Position 3",,DEM,"Gordon Kirbey, Jr.",2
Linn,22,"County Commissioner, Position 3",,DEM,Write-ins,0
Linn,22,"County Commissioner, Position 3",,DEM,Over Votes,0
Linn,22,"County Commissioner, Position 3",,DEM,Under Votes,3
Linn,23,"County Commissioner, Position 3",,DEM,"Gordon Kirbey, Jr.",134
Linn,23,"County Commissioner, Position 3",,DEM,Write-ins,1
Linn,23,"County Commissioner, Position 3",,DEM,Over Votes,0
Linn,23,"County Commissioner, Position 3",,DEM,Under Votes,103
Linn,25,"County Commissioner, Position 3",,DEM,"Gordon Kirbey, Jr.",124
Linn,25,"County Commissioner, Position 3",,DEM,Write-ins,0
Linn,25,"County Commissioner, Position 3",,DEM,Over Votes,0
Linn,25,"County Commissioner, Position 3",,DEM,Under Votes,84
Linn,26,"County Commissioner, Position 3",,DEM,"Gordon Kirbey, Jr.",38
Linn,26,"County Commissioner, Position 3",,DEM,Write-ins,1
Linn,26,"County Commissioner, Position 3",,DEM,Over Votes,0
Linn,26,"County Commissioner, Position 3",,DEM,Under Votes,28
Linn,27,"County Commissioner, Position 3",,DEM,"Gordon Kirbey, Jr.",68
Linn,27,"County Commissioner, Position 3",,DEM,Write-ins,1
Linn,27,"County Commissioner, Position 3",,DEM,Over Votes,0
Linn,27,"County Commissioner, Position 3",,DEM,Under Votes,62
Linn,28,"County Commissioner, Position 3",,DEM,"Gordon Kirbey, Jr.",75
Linn,28,"County Commissioner, Position 3",,DEM,Write-ins,0
Linn,28,"County Commissioner, Position 3",,DEM,Over Votes,0
Linn,28,"County Commissioner, Position 3",,DEM,Under Votes,43
Linn,29,"County Commissioner, Position 3",,DEM,"Gordon Kirbey, Jr.",229
Linn,29,"County Commissioner, Position 3",,DEM,Write-ins,5
Linn,29,"County Commissioner, Position 3",,DEM,Over Votes,0
Linn,29,"County Commissioner, Position 3",,DEM,Under Votes,128
Linn,30,"County Commissioner, Position 3",,DEM,"Gordon Kirbey, Jr.",22
Linn,30,"County Commissioner, Position 3",,DEM,Write-ins,0
Linn,30,"County Commissioner, Position 3",,DEM,Over Votes,0
Linn,30,"County Commissioner, Position 3",,DEM,Under Votes,16
Linn,31,"County Commissioner, Position 3",,DEM,"Gordon Kirbey, Jr.",127
Linn,31,"County Commissioner, Position 3",,DEM,Write-ins,0
Linn,31,"County Commissioner, Position 3",,DEM,Over Votes,0
Linn,31,"County Commissioner, Position 3",,DEM,Under Votes,93
Linn,32,"County Commissioner, Position 3",,DEM,"Gordon Kirbey, Jr.",85
Linn,32,"County Commissioner, Position 3",,DEM,Write-ins,0
Linn,32,"County Commissioner, Position 3",,DEM,Over Votes,0
Linn,32,"County Commissioner, Position 3",,DEM,Under Votes,63
Linn,34,"County Commissioner, Position 3",,DEM,"Gordon Kirbey, Jr.",42
Linn,34,"County Commissioner, Position 3",,DEM,Write-ins,1
Linn,34,"County Commissioner, Position 3",,DEM,Over Votes,0
Linn,34,"County Commissioner, Position 3",,DEM,Under Votes,35
Linn,35,"County Commissioner, Position 3",,DEM,"Gordon Kirbey, Jr.",174
Linn,35,"County Commissioner, Position 3",,DEM,Write-ins,4
Linn,35,"County Commissioner, Position 3",,DEM,Over Votes,0
Linn,35,"County Commissioner, Position 3",,DEM,Under Votes,126
Linn,36,"County Commissioner, Position 3",,DEM,"Gordon Kirbey, Jr.",139
Linn,36,"County Commissioner, Position 3",,DEM,Write-ins,3
Linn,36,"County Commissioner, Position 3",,DEM,Over Votes,0
Linn,36,"County Commissioner, Position 3",,DEM,Under Votes,85
Linn,37,"County Commissioner, Position 3",,DEM,"Gordon Kirbey, Jr.",137
Linn,37,"County Commissioner, Position 3",,DEM,Write-ins,1
Linn,37,"County Commissioner, Position 3",,DEM,Over Votes,0
Linn,37,"County Commissioner, Position 3",,DEM,Under Votes,104
Linn,38,"County Commissioner, Position 3",,DEM,"Gordon Kirbey, Jr.",129
Linn,38,"County Commissioner, Position 3",,DEM,Write-ins,5
Linn,38,"County Commissioner, Position 3",,DEM,Over Votes,0
Linn,38,"County Commissioner, Position 3",,DEM,Under Votes,77
Linn,39,"County Commissioner, Position 3",,DEM,"Gordon Kirbey, Jr.",104
Linn,39,"County Commissioner, Position 3",,DEM,Write-ins,0
Linn,39,"County Commissioner, Position 3",,DEM,Over Votes,0
Linn,39,"County Commissioner, Position 3",,DEM,Under Votes,75
Linn,41,"County Commissioner, Position 3",,DEM,"Gordon Kirbey, Jr.",89
Linn,41,"County Commissioner, Position 3",,DEM,Write-ins,2
Linn,41,"County Commissioner, Position 3",,DEM,Over Votes,0
Linn,41,"County Commissioner, Position 3",,DEM,Under Votes,53
Linn,43,"County Commissioner, Position 3",,DEM,"Gordon Kirbey, Jr.",108
Linn,43,"County Commissioner, Position 3",,DEM,Write-ins,0
Linn,43,"County Commissioner, Position 3",,DEM,Over Votes,0
Linn,43,"County Commissioner, Position 3",,DEM,Under Votes,70
Linn,44,"County Commissioner, Position 3",,DEM,"Gordon Kirbey, Jr.",163
Linn,44,"County Commissioner, Position 3",,DEM,Write-ins,1
Linn,44,"County Commissioner, Position 3",,DEM,Over Votes,0
Linn,44,"County Commissioner, Position 3",,DEM,Under Votes,132
Linn,45,"County Commissioner, Position 3",,DEM,"Gordon Kirbey, Jr.",134
Linn,45,"County Commissioner, Position 3",,DEM,Write-ins,0
Linn,45,"County Commissioner, Position 3",,DEM,Over Votes,0
Linn,45,"County Commissioner, Position 3",,DEM,Under Votes,70
Linn,46,"County Commissioner, Position 3",,DEM,"Gordon Kirbey, Jr.",149
Linn,46,"County Commissioner, Position 3",,DEM,Write-ins,0
Linn,46,"County Commissioner, Position 3",,DEM,Over Votes,0
Linn,46,"County Commissioner, Position 3",,DEM,Under Votes,98
Linn,47,"County Commissioner, Position 3",,DEM,"Gordon Kirbey, Jr.",49
Linn,47,"County Commissioner, Position 3",,DEM,Write-ins,0
Linn,47,"County Commissioner, Position 3",,DEM,Over Votes,0
Linn,47,"County Commissioner, Position 3",,DEM,Under Votes,53
Linn,48,"County Commissioner, Position 3",,DEM,"Gordon Kirbey, Jr.",191
Linn,48,"County Commissioner, Position 3",,DEM,Write-ins,2
Linn,48,"County Commissioner, Position 3",,DEM,Over Votes,0
Linn,48,"County Commissioner, Position 3",,DEM,Under Votes,118
Linn,49,"County Commissioner, Position 3",,DEM,"Gordon Kirbey, Jr.",12
Linn,49,"County Commissioner, Position 3",,DEM,Write-ins,0
Linn,49,"County Commissioner, Position 3",,DEM,Over Votes,0
Linn,49,"County Commissioner, Position 3",,DEM,Under Votes,3
Linn,51,"County Commissioner, Position 3",,DEM,"Gordon Kirbey, Jr.",80
Linn,51,"County Commissioner, Position 3",,DEM,Write-ins,1
Linn,51,"County Commissioner, Position 3",,DEM,Over Votes,0
Linn,51,"County Commissioner, Position 3",,DEM,Under Votes,58
Linn,52,"County Commissioner, Position 3",,DEM,"Gordon Kirbey, Jr.",40
Linn,52,"County Commissioner, Position 3",,DEM,Write-ins,2
Linn,52,"County Commissioner, Position 3",,DEM,Over Votes,0
Linn,52,"County Commissioner, Position 3",,DEM,Under Votes,35
Linn,53,"County Commissioner, Position 3",,DEM,"Gordon Kirbey, Jr.",102
Linn,53,"County Commissioner, Position 3",,DEM,Write-ins,1
Linn,53,"County Commissioner, Position 3",,DEM,Over Votes,0
Linn,53,"County Commissioner, Position 3",,DEM,Under Votes,60
Linn,54,"County Commissioner, Position 3",,DEM,"Gordon Kirbey, Jr.",55
Linn,54,"County Commissioner, Position 3",,DEM,Write-ins,3
Linn,54,"County Commissioner, Position 3",,DEM,Over Votes,1
Linn,54,"County Commissioner, Position 3",,DEM,Under Votes,44
Linn,55,"County Commissioner, Position 3",,DEM,"Gordon Kirbey, Jr.",78
Linn,55,"County Commissioner, Position 3",,DEM,Write-ins,0
Linn,55,"County Commissioner, Position 3",,DEM,Over Votes,0
Linn,55,"County Commissioner, Position 3",,DEM,Under Votes,62
Linn,56,"County Commissioner, Position 3",,DEM,"Gordon Kirbey, Jr.",104
Linn,56,"County Commissioner, Position 3",,DEM,Write-ins,1
Linn,56,"County Commissioner, Position 3",,DEM,Over Votes,0
Linn,56,"County Commissioner, Position 3",,DEM,Under Votes,73
Linn,57,"County Commissioner, Position 3",,DEM,"Gordon Kirbey, Jr.",45
Linn,57,"County Commissioner, Position 3",,DEM,Write-ins,0
Linn,57,"County Commissioner, Position 3",,DEM,Over Votes,0
Linn,57,"County Commissioner, Position 3",,DEM,Under Votes,24
Linn,59,"County Commissioner, Position 3",,DEM,"Gordon Kirbey, Jr.",77
Linn,59,"County Commissioner, Position 3",,DEM,Write-ins,0
Linn,59,"County Commissioner, Position 3",,DEM,Over Votes,0
Linn,59,"County Commissioner, Position 3",,DEM,Under Votes,59
Linn,61,"County Commissioner, Position 3",,DEM,"Gordon Kirbey, Jr.",57
Linn,61,"County Commissioner, Position 3",,DEM,Write-ins,1
Linn,61,"County Commissioner, Position 3",,DEM,Over Votes,0
Linn,61,"County Commissioner, Position 3",,DEM,Under Votes,42
Linn,62,"County Commissioner, Position 3",,DEM,"Gordon Kirbey, Jr.",126
Linn,62,"County Commissioner, Position 3",,DEM,Write-ins,0
Linn,62,"County Commissioner, Position 3",,DEM,Over Votes,0
Linn,62,"County Commissioner, Position 3",,DEM,Under Votes,72
Linn,63,"County Commissioner, Position 3",,DEM,"Gordon Kirbey, Jr.",278
Linn,63,"County Commissioner, Position 3",,DEM,Write-ins,4
Linn,63,"County Commissioner, Position 3",,DEM,Over Votes,1
Linn,63,"County Commissioner, Position 3",,DEM,Under Votes,196
Linn,65,"County Commissioner, Position 3",,DEM,"Gordon Kirbey, Jr.",8
Linn,65,"County Commissioner, Position 3",,DEM,Write-ins,0
Linn,65,"County Commissioner, Position 3",,DEM,Over Votes,0
Linn,65,"County Commissioner, Position 3",,DEM,Under Votes,5
Linn,66,"County Commissioner, Position 3",,DEM,"Gordon Kirbey, Jr.",39
Linn,66,"County Commissioner, Position 3",,DEM,Write-ins,1
Linn,66,"County Commissioner, Position 3",,DEM,Over Votes,0
Linn,66,"County Commissioner, Position 3",,DEM,Under Votes,22
Linn,70,"County Commissioner, Position 3",,DEM,"Gordon Kirbey, Jr.",178
Linn,70,"County Commissioner, Position 3",,DEM,Write-ins,5
Linn,70,"County Commissioner, Position 3",,DEM,Over Votes,0
Linn,70,"County Commissioner, Position 3",,DEM,Under Votes,154
Linn,73,"County Commissioner, Position 3",,DEM,"Gordon Kirbey, Jr.",122
Linn,73,"County Commissioner, Position 3",,DEM,Write-ins,1
Linn,73,"County Commissioner, Position 3",,DEM,Over Votes,0
Linn,73,"County Commissioner, Position 3",,DEM,Under Votes,107
Linn,75,"County Commissioner, Position 3",,DEM,"Gordon Kirbey, Jr.",100
Linn,75,"County Commissioner, Position 3",,DEM,Write-ins,1
Linn,75,"County Commissioner, Position 3",,DEM,Over Votes,0
Linn,75,"County Commissioner, Position 3",,DEM,Under Votes,94
Linn,77,"County Commissioner, Position 3",,DEM,"Gordon Kirbey, Jr.",62
Linn,77,"County Commissioner, Position 3",,DEM,Write-ins,0
Linn,77,"County Commissioner, Position 3",,DEM,Over Votes,0
Linn,77,"County Commissioner, Position 3",,DEM,Under Votes,52
Linn,78,"County Commissioner, Position 3",,DEM,"Gordon Kirbey, Jr.",130
Linn,78,"County Commissioner, Position 3",,DEM,Write-ins,1
Linn,78,"County Commissioner, Position 3",,DEM,Over Votes,0
Linn,78,"County Commissioner, Position 3",,DEM,Under Votes,65
Linn,79,"County Commissioner, Position 3",,DEM,"Gordon Kirbey, Jr.",199
Linn,79,"County Commissioner, Position 3",,DEM,Write-ins,2
Linn,79,"County Commissioner, Position 3",,DEM,Over Votes,0
Linn,79,"County Commissioner, Position 3",,DEM,Under Votes,116
Linn,80,"County Commissioner, Position 3",,DEM,"Gordon Kirbey, Jr.",163
Linn,80,"County Commissioner, Position 3",,DEM,Write-ins,1
Linn,80,"County Commissioner, Position 3",,DEM,Over Votes,0
Linn,80,"County Commissioner, Position 3",,DEM,Under Votes,80
Linn,82,"County Commissioner, Position 3",,DEM,"Gordon Kirbey, Jr.",49
Linn,82,"County Commissioner, Position 3",,DEM,Write-ins,5
Linn,82,"County Commissioner, Position 3",,DEM,Over Votes,0
Linn,82,"County Commissioner, Position 3",,DEM,Under Votes,51
Linn,84,"County Commissioner, Position 3",,DEM,"Gordon Kirbey, Jr.",146
Linn,84,"County Commissioner, Position 3",,DEM,Write-ins,1
Linn,84,"County Commissioner, Position 3",,DEM,Over Votes,0
Linn,84,"County Commissioner, Position 3",,DEM,Under Votes,64
Linn,86,"County Commissioner, Position 3",,DEM,"Gordon Kirbey, Jr.",142
Linn,86,"County Commissioner, Position 3",,DEM,Write-ins,3
Linn,86,"County Commissioner, Position 3",,DEM,Over Votes,0
Linn,86,"County Commissioner, Position 3",,DEM,Under Votes,124
Linn,88,"County Commissioner, Position 3",,DEM,"Gordon Kirbey, Jr.",132
Linn,88,"County Commissioner, Position 3",,DEM,Write-ins,3
Linn,88,"County Commissioner, Position 3",,DEM,Over Votes,0
Linn,88,"County Commissioner, Position 3",,DEM,Under Votes,95
Linn,89,"County Commissioner, Position 3",,DEM,"Gordon Kirbey, Jr.",125
Linn,89,"County Commissioner, Position 3",,DEM,Write-ins,0
Linn,89,"County Commissioner, Position 3",,DEM,Over Votes,1
Linn,89,"County Commissioner, Position 3",,DEM,Under Votes,81
Linn,91,"County Commissioner, Position 3",,DEM,"Gordon Kirbey, Jr.",159
Linn,91,"County Commissioner, Position 3",,DEM,Write-ins,0
Linn,91,"County Commissioner, Position 3",,DEM,Over Votes,0
Linn,91,"County Commissioner, Position 3",,DEM,Under Votes,79
Linn,92,"County Commissioner, Position 3",,DEM,"Gordon Kirbey, Jr.",237
Linn,92,"County Commissioner, Position 3",,DEM,Write-ins,3
Linn,92,"County Commissioner, Position 3",,DEM,Over Votes,0
Linn,92,"County Commissioner, Position 3",,DEM,Under Votes,156
Linn,93,"County Commissioner, Position 3",,DEM,"Gordon Kirbey, Jr.",183
Linn,93,"County Commissioner, Position 3",,DEM,Write-ins,3
Linn,93,"County Commissioner, Position 3",,DEM,Over Votes,0
Linn,93,"County Commissioner, Position 3",,DEM,Under Votes,117
Linn,94,"County Commissioner, Position 3",,DEM,"Gordon Kirbey, Jr.",112
Linn,94,"County Commissioner, Position 3",,DEM,Write-ins,5
Linn,94,"County Commissioner, Position 3",,DEM,Over Votes,0
Linn,94,"County Commissioner, Position 3",,DEM,Under Votes,62
Linn,95,"County Commissioner, Position 3",,DEM,"Gordon Kirbey, Jr.",146
Linn,95,"County Commissioner, Position 3",,DEM,Write-ins,1
Linn,95,"County Commissioner, Position 3",,DEM,Over Votes,0
Linn,95,"County Commissioner, Position 3",,DEM,Under Votes,104
Linn,96,"County Commissioner, Position 3",,DEM,"Gordon Kirbey, Jr.",170
Linn,96,"County Commissioner, Position 3",,DEM,Write-ins,1
Linn,96,"County Commissioner, Position 3",,DEM,Over Votes,0
Linn,96,"County Commissioner, Position 3",,DEM,Under Votes,95
Linn,97,"County Commissioner, Position 3",,DEM,"Gordon Kirbey, Jr.",221
Linn,97,"County Commissioner, Position 3",,DEM,Write-ins,4
Linn,97,"County Commissioner, Position 3",,DEM,Over Votes,0
Linn,97,"County Commissioner, Position 3",,DEM,Under Votes,126
Linn,99,"County Commissioner, Position 3",,DEM,"Gordon Kirbey, Jr.",56
Linn,99,"County Commissioner, Position 3",,DEM,Write-ins,1
Linn,99,"County Commissioner, Position 3",,DEM,Over Votes,0
Linn,99,"County Commissioner, Position 3",,DEM,Under Votes,36
Linn,100,"County Commissioner, Position 3",,DEM,"Gordon Kirbey, Jr.",202
Linn,100,"County Commissioner, Position 3",,DEM,Write-ins,4
Linn,100,"County Commissioner, Position 3",,DEM,Over Votes,0
Linn,100,"County Commissioner, Position 3",,DEM,Under Votes,140
Linn,101,"County Commissioner, Position 3",,DEM,"Gordon Kirbey, Jr.",73
Linn,101,"County Commissioner, Position 3",,DEM,Write-ins,0
Linn,101,"County Commissioner, Position 3",,DEM,Over Votes,0
Linn,101,"County Commissioner, Position 3",,DEM,Under Votes,54
Linn,102,"County Commissioner, Position 3",,DEM,"Gordon Kirbey, Jr.",198
Linn,102,"County Commissioner, Position 3",,DEM,Write-ins,2
Linn,102,"County Commissioner, Position 3",,DEM,Over Votes,0
Linn,102,"County Commissioner, Position 3",,DEM,Under Votes,115
Linn,103,"County Commissioner, Position 3",,DEM,"Gordon Kirbey, Jr.",129
Linn,103,"County Commissioner, Position 3",,DEM,Write-ins,1
Linn,103,"County Commissioner, Position 3",,DEM,Over Votes,0
Linn,103,"County Commissioner, Position 3",,DEM,Under Votes,118
Linn,104,"County Commissioner, Position 3",,DEM,"Gordon Kirbey, Jr.",99
Linn,104,"County Commissioner, Position 3",,DEM,Write-ins,0
Linn,104,"County Commissioner, Position 3",,DEM,Over Votes,0
Linn,104,"County Commissioner, Position 3",,DEM,Under Votes,62
Linn,105,"County Commissioner, Position 3",,DEM,"Gordon Kirbey, Jr.",101
Linn,105,"County Commissioner, Position 3",,DEM,Write-ins,3
Linn,105,"County Commissioner, Position 3",,DEM,Over Votes,0
Linn,105,"County Commissioner, Position 3",,DEM,Under Votes,70
Linn,106,"County Commissioner, Position 3",,DEM,"Gordon Kirbey, Jr.",97
Linn,106,"County Commissioner, Position 3",,DEM,Write-ins,0
Linn,106,"County Commissioner, Position 3",,DEM,Over Votes,0
Linn,106,"County Commissioner, Position 3",,DEM,Under Votes,76
Linn,107,"County Commissioner, Position 3",,DEM,"Gordon Kirbey, Jr.",213
Linn,107,"County Commissioner, Position 3",,DEM,Write-ins,0
Linn,107,"County Commissioner, Position 3",,DEM,Over Votes,0
Linn,107,"County Commissioner, Position 3",,DEM,Under Votes,114
Linn,108,"County Commissioner, Position 3",,DEM,"Gordon Kirbey, Jr.",256
Linn,108,"County Commissioner, Position 3",,DEM,Write-ins,7
Linn,108,"County Commissioner, Position 3",,DEM,Over Votes,0
Linn,108,"County Commissioner, Position 3",,DEM,Under Votes,164
Linn,1,"County Commissioner, Position 3",,REP,Michael P. Spasaro,19
Linn,1,"County Commissioner, Position 3",,REP,William C. (Will) Tucker,60
Linn,1,"County Commissioner, Position 3",,REP,Write-ins,1
Linn,1,"County Commissioner, Position 3",,REP,Over Votes,0
Linn,1,"County Commissioner, Position 3",,REP,Under Votes,25
Linn,3,"County Commissioner, Position 3",,REP,Michael P. Spasaro,20
Linn,3,"County Commissioner, Position 3",,REP,William C. (Will) Tucker,40
Linn,3,"County Commissioner, Position 3",,REP,Write-ins,0
Linn,3,"County Commissioner, Position 3",,REP,Over Votes,0
Linn,3,"County Commissioner, Position 3",,REP,Under Votes,22
Linn,5,"County Commissioner, Position 3",,REP,Michael P. Spasaro,16
Linn,5,"County Commissioner, Position 3",,REP,William C. (Will) Tucker,47
Linn,5,"County Commissioner, Position 3",,REP,Write-ins,0
Linn,5,"County Commissioner, Position 3",,REP,Over Votes,0
Linn,5,"County Commissioner, Position 3",,REP,Under Votes,17
Linn,8,"County Commissioner, Position 3",,REP,Michael P. Spasaro,34
Linn,8,"County Commissioner, Position 3",,REP,William C. (Will) Tucker,55
Linn,8,"County Commissioner, Position 3",,REP,Write-ins,0
Linn,8,"County Commissioner, Position 3",,REP,Over Votes,0
Linn,8,"County Commissioner, Position 3",,REP,Under Votes,37
Linn,11,"County Commissioner, Position 3",,REP,Michael P. Spasaro,25
Linn,11,"County Commissioner, Position 3",,REP,William C. (Will) Tucker,36
Linn,11,"County Commissioner, Position 3",,REP,Write-ins,0
Linn,11,"County Commissioner, Position 3",,REP,Over Votes,0
Linn,11,"County Commissioner, Position 3",,REP,Under Votes,17
Linn,14,"County Commissioner, Position 3",,REP,Michael P. Spasaro,25
Linn,14,"County Commissioner, Position 3",,REP,William C. (Will) Tucker,45
Linn,14,"County Commissioner, Position 3",,REP,Write-ins,0
Linn,14,"County Commissioner, Position 3",,REP,Over Votes,0
Linn,14,"County Commissioner, Position 3",,REP,Under Votes,16
Linn,15,"County Commissioner, Position 3",,REP,Michael P. Spasaro,10
Linn,15,"County Commissioner, Position 3",,REP,William C. (Will) Tucker,19
Linn,15,"County Commissioner, Position 3",,REP,Write-ins,0
Linn,15,"County Commissioner, Position 3",,REP,Over Votes,0
Linn,15,"County Commissioner, Position 3",,REP,Under Votes,4
Linn,16,"County Commissioner, Position 3",,REP,Michael P. Spasaro,18
Linn,16,"County Commissioner, Position 3",,REP,William C. (Will) Tucker,62
Linn,16,"County Commissioner, Position 3",,REP,Write-ins,1
Linn,16,"County Commissioner, Position 3",,REP,Over Votes,0
Linn,16,"County Commissioner, Position 3",,REP,Under Votes,23
Linn,18,"County Commissioner, Position 3",,REP,Michael P. Spasaro,132
Linn,18,"County Commissioner, Position 3",,REP,William C. (Will) Tucker,191
Linn,18,"County Commissioner, Position 3",,REP,Write-ins,1
Linn,18,"County Commissioner, Position 3",,REP,Over Votes,0
Linn,18,"County Commissioner, Position 3",,REP,Under Votes,81
Linn,19,"County Commissioner, Position 3",,REP,Michael P. Spasaro,44
Linn,19,"County Commissioner, Position 3",,REP,William C. (Will) Tucker,115
Linn,19,"County Commissioner, Position 3",,REP,Write-ins,0
Linn,19,"County Commissioner, Position 3",,REP,Over Votes,0
Linn,19,"County Commissioner, Position 3",,REP,Under Votes,60
Linn,20,"County Commissioner, Position 3",,REP,Michael P. Spasaro,32
Linn,20,"County Commissioner, Position 3",,REP,William C. (Will) Tucker,58
Linn,20,"County Commissioner, Position 3",,REP,Write-ins,0
Linn,20,"County Commissioner, Position 3",,REP,Over Votes,0
Linn,20,"County Commissioner, Position 3",,REP,Under Votes,24
Linn,21,"County Commissioner, Position 3",,REP,Michael P. Spasaro,34
Linn,21,"County Commissioner, Position 3",,REP,William C. (Will) Tucker,56
Linn,21,"County Commissioner, Position 3",,REP,Write-ins,0
Linn,21,"County Commissioner, Position 3",,REP,Over Votes,0
Linn,21,"County Commissioner, Position 3",,REP,Under Votes,12
Linn,22,"County Commissioner, Position 3",,REP,Michael P. Spasaro,3
Linn,22,"County Commissioner, Position 3",,REP,William C. (Will) Tucker,5
Linn,22,"County Commissioner, Position 3",,REP,Write-ins,0
Linn,22,"County Commissioner, Position 3",,REP,Over Votes,0
Linn,22,"County Commissioner, Position 3",,REP,Under Votes,5
Linn,23,"County Commissioner, Position 3",,REP,Michael P. Spasaro,80
Linn,23,"County Commissioner, Position 3",,REP,William C. (Will) Tucker,94
Linn,23,"County Commissioner, Position 3",,REP,Write-ins,0
Linn,23,"County Commissioner, Position 3",,REP,Over Votes,0
Linn,23,"County Commissioner, Position 3",,REP,Under Votes,40
Linn,25,"County Commissioner, Position 3",,REP,Michael P. Spasaro,56
Linn,25,"County Commissioner, Position 3",,REP,William C. (Will) Tucker,60
Linn,25,"County Commissioner, Position 3",,REP,Write-ins,2
Linn,25,"County Commissioner, Position 3",,REP,Over Votes,0
Linn,25,"County Commissioner, Position 3",,REP,Under Votes,28
Linn,26,"County Commissioner, Position 3",,REP,Michael P. Spasaro,13
Linn,26,"County Commissioner, Position 3",,REP,William C. (Will) Tucker,39
Linn,26,"County Commissioner, Position 3",,REP,Write-ins,0
Linn,26,"County Commissioner, Position 3",,REP,Over Votes,0
Linn,26,"County Commissioner, Position 3",,REP,Under Votes,10
Linn,27,"County Commissioner, Position 3",,REP,Michael P. Spasaro,53
Linn,27,"County Commissioner, Position 3",,REP,William C. (Will) Tucker,57
Linn,27,"County Commissioner, Position 3",,REP,Write-ins,1
Linn,27,"County Commissioner, Position 3",,REP,Over Votes,0
Linn,27,"County Commissioner, Position 3",,REP,Under Votes,44
Linn,28,"County Commissioner, Position 3",,REP,Michael P. Spasaro,41
Linn,28,"County Commissioner, Position 3",,REP,William C. (Will) Tucker,69
Linn,28,"County Commissioner, Position 3",,REP,Write-ins,0
Linn,28,"County Commissioner, Position 3",,REP,Over Votes,0
Linn,28,"County Commissioner, Position 3",,REP,Under Votes,36
Linn,29,"County Commissioner, Position 3",,REP,Michael P. Spasaro,82
Linn,29,"County Commissioner, Position 3",,REP,William C. (Will) Tucker,164
Linn,29,"County Commissioner, Position 3",,REP,Write-ins,0
Linn,29,"County Commissioner, Position 3",,REP,Over Votes,0
Linn,29,"County Commissioner, Position 3",,REP,Under Votes,94
Linn,30,"County Commissioner, Position 3",,REP,Michael P. Spasaro,10
Linn,30,"County Commissioner, Position 3",,REP,William C. (Will) Tucker,30
Linn,30,"County Commissioner, Position 3",,REP,Write-ins,0
Linn,30,"County Commissioner, Position 3",,REP,Over Votes,0
Linn,30,"County Commissioner, Position 3",,REP,Under Votes,21
Linn,31,"County Commissioner, Position 3",,REP,Michael P. Spasaro,78
Linn,31,"County Commissioner, Position 3",,REP,William C. (Will) Tucker,87
Linn,31,"County Commissioner, Position 3",,REP,Write-ins,2
Linn,31,"County Commissioner, Position 3",,REP,Over Votes,1
Linn,31,"County Commissioner, Position 3",,REP,Under Votes,41
Linn,32,"County Commissioner, Position 3",,REP,Michael P. Spasaro,35
Linn,32,"County Commissioner, Position 3",,REP,William C. (Will) Tucker,102
Linn,32,"County Commissioner, Position 3",,REP,Write-ins,0
Linn,32,"County Commissioner, Position 3",,REP,Over Votes,0
Linn,32,"County Commissioner, Position 3",,REP,Under Votes,31
Linn,34,"County Commissioner, Position 3",,REP,Michael P. Spasaro,17
Linn,34,"County Commissioner, Position 3",,REP,William C. (Will) Tucker,28
Linn,34,"County Commissioner, Position 3",,REP,Write-ins,0
Linn,34,"County Commissioner, Position 3",,REP,Over Votes,0
Linn,34,"County Commissioner, Position 3",,REP,Under Votes,26
Linn,35,"County Commissioner, Position 3",,REP,Michael P. Spasaro,62
Linn,35,"County Commissioner, Position 3",,REP,William C. (Will) Tucker,163
Linn,35,"County Commissioner, Position 3",,REP,Write-ins,1
Linn,35,"County Commissioner, Position 3",,REP,Over Votes,1
Linn,35,"County Commissioner, Position 3",,REP,Under Votes,44
Linn,36,"County Commissioner, Position 3",,REP,Michael P. Spasaro,57
Linn,36,"County Commissioner, Position 3",,REP,William C. (Will) Tucker,89
Linn,36,"County Commissioner, Position 3",,REP,Write-ins,0
Linn,36,"County Commissioner, Position 3",,REP,Over Votes,0
Linn,36,"County Commissioner, Position 3",,REP,Under Votes,22
Linn,37,"County Commissioner, Position 3",,REP,Michael P. Spasaro,65
Linn,37,"County Commissioner, Position 3",,REP,William C. (Will) Tucker,83
Linn,37,"County Commissioner, Position 3",,REP,Write-ins,0
Linn,37,"County Commissioner, Position 3",,REP,Over Votes,0
Linn,37,"County Commissioner, Position 3",,REP,Under Votes,28
Linn,38,"County Commissioner, Position 3",,REP,Michael P. Spasaro,44
Linn,38,"County Commissioner, Position 3",,REP,William C. (Will) Tucker,68
Linn,38,"County Commissioner, Position 3",,REP,Write-ins,1
Linn,38,"County Commissioner, Position 3",,REP,Over Votes,0
Linn,38,"County Commissioner, Position 3",,REP,Under Votes,28
Linn,39,"County Commissioner, Position 3",,REP,Michael P. Spasaro,38
Linn,39,"County Commissioner, Position 3",,REP,William C. (Will) Tucker,71
Linn,39,"County Commissioner, Position 3",,REP,Write-ins,2
Linn,39,"County Commissioner, Position 3",,REP,Over Votes,0
Linn,39,"County Commissioner, Position 3",,REP,Under Votes,15
Linn,41,"County Commissioner, Position 3",,REP,Michael P. Spasaro,26
Linn,41,"County Commissioner, Position 3",,REP,William C. (Will) Tucker,62
Linn,41,"County Commissioner, Position 3",,REP,Write-ins,0
Linn,41,"County Commissioner, Position 3",,REP,Over Votes,1
Linn,41,"County Commissioner, Position 3",,REP,Under Votes,16
Linn,43,"County Commissioner, Position 3",,REP,Michael P. Spasaro,25
Linn,43,"County Commissioner, Position 3",,REP,William C. (Will) Tucker,49
Linn,43,"County Commissioner, Position 3",,REP,Write-ins,0
Linn,43,"County Commissioner, Position 3",,REP,Over Votes,0
Linn,43,"County Commissioner, Position 3",,REP,Under Votes,49
Linn,44,"County Commissioner, Position 3",,REP,Michael P. Spasaro,44
Linn,44,"County Commissioner, Position 3",,REP,William C. (Will) Tucker,112
Linn,44,"County Commissioner, Position 3",,REP,Write-ins,0
Linn,44,"County Commissioner, Position 3",,REP,Over Votes,0
Linn,44,"County Commissioner, Position 3",,REP,Under Votes,67
Linn,45,"County Commissioner, Position 3",,REP,Michael P. Spasaro,49
Linn,45,"County Commissioner, Position 3",,REP,William C. (Will) Tucker,118
Linn,45,"County Commissioner, Position 3",,REP,Write-ins,0
Linn,45,"County Commissioner, Position 3",,REP,Over Votes,0
Linn,45,"County Commissioner, Position 3",,REP,Under Votes,26
Linn,46,"County Commissioner, Position 3",,REP,Michael P. Spasaro,68
Linn,46,"County Commissioner, Position 3",,REP,William C. (Will) Tucker,92
Linn,46,"County Commissioner, Position 3",,REP,Write-ins,0
Linn,46,"County Commissioner, Position 3",,REP,Over Votes,0
Linn,46,"County Commissioner, Position 3",,REP,Under Votes,40
Linn,47,"County Commissioner, Position 3",,REP,Michael P. Spasaro,16
Linn,47,"County Commissioner, Position 3",,REP,William C. (Will) Tucker,22
Linn,47,"County Commissioner, Position 3",,REP,Write-ins,0
Linn,47,"County Commissioner, Position 3",,REP,Over Votes,0
Linn,47,"County Commissioner, Position 3",,REP,Under Votes,21
Linn,48,"County Commissioner, Position 3",,REP,Michael P. Spasaro,66
Linn,48,"County Commissioner, Position 3",,REP,William C. (Will) Tucker,131
Linn,48,"County Commissioner, Position 3",,REP,Write-ins,0
Linn,48,"County Commissioner, Position 3",,REP,Over Votes,0
Linn,48,"County Commissioner, Position 3",,REP,Under Votes,66
Linn,49,"County Commissioner, Position 3",,REP,Michael P. Spasaro,2
Linn,49,"County Commissioner, Position 3",,REP,William C. (Will) Tucker,4
Linn,49,"County Commissioner, Position 3",,REP,Write-ins,0
Linn,49,"County Commissioner, Position 3",,REP,Over Votes,0
Linn,49,"County Commissioner, Position 3",,REP,Under Votes,6
Linn,51,"County Commissioner, Position 3",,REP,Michael P. Spasaro,49
Linn,51,"County Commissioner, Position 3",,REP,William C. (Will) Tucker,107
Linn,51,"County Commissioner, Position 3",,REP,Write-ins,1
Linn,51,"County Commissioner, Position 3",,REP,Over Votes,0
Linn,51,"County Commissioner, Position 3",,REP,Under Votes,33
Linn,52,"County Commissioner, Position 3",,REP,Michael P. Spasaro,22
Linn,52,"County Commissioner, Position 3",,REP,William C. (Will) Tucker,35
Linn,52,"County Commissioner, Position 3",,REP,Write-ins,0
Linn,52,"County Commissioner, Position 3",,REP,Over Votes,0
Linn,52,"County Commissioner, Position 3",,REP,Under Votes,15
Linn,53,"County Commissioner, Position 3",,REP,Michael P. Spasaro,54
Linn,53,"County Commissioner, Position 3",,REP,William C. (Will) Tucker,124
Linn,53,"County Commissioner, Position 3",,REP,Write-ins,0
Linn,53,"County Commissioner, Position 3",,REP,Over Votes,0
Linn,53,"County Commissioner, Position 3",,REP,Under Votes,38
Linn,54,"County Commissioner, Position 3",,REP,Michael P. Spasaro,27
Linn,54,"County Commissioner, Position 3",,REP,William C. (Will) Tucker,53
Linn,54,"County Commissioner, Position 3",,REP,Write-ins,0
Linn,54,"County Commissioner, Position 3",,REP,Over Votes,0
Linn,54,"County Commissioner, Position 3",,REP,Under Votes,17
Linn,55,"County Commissioner, Position 3",,REP,Michael P. Spasaro,28
Linn,55,"County Commissioner, Position 3",,REP,William C. (Will) Tucker,72
Linn,55,"County Commissioner, Position 3",,REP,Write-ins,0
Linn,55,"County Commissioner, Position 3",,REP,Over Votes,0
Linn,55,"County Commissioner, Position 3",,REP,Under Votes,36
Linn,56,"County Commissioner, Position 3",,REP,Michael P. Spasaro,35
Linn,56,"County Commissioner, Position 3",,REP,William C. (Will) Tucker,67
Linn,56,"County Commissioner, Position 3",,REP,Write-ins,1
Linn,56,"County Commissioner, Position 3",,REP,Over Votes,0
Linn,56,"County Commissioner, Position 3",,REP,Under Votes,55
Linn,57,"County Commissioner, Position 3",,REP,Michael P. Spasaro,32
Linn,57,"County Commissioner, Position 3",,REP,William C. (Will) Tucker,27
Linn,57,"County Commissioner, Position 3",,REP,Write-ins,0
Linn,57,"County Commissioner, Position 3",,REP,Over Votes,0
Linn,57,"County Commissioner, Position 3",,REP,Under Votes,5
Linn,59,"County Commissioner, Position 3",,REP,Michael P. Spasaro,27
Linn,59,"County Commissioner, Position 3",,REP,William C. (Will) Tucker,47
Linn,59,"County Commissioner, Position 3",,REP,Write-ins,0
Linn,59,"County Commissioner, Position 3",,REP,Over Votes,0
Linn,59,"County Commissioner, Position 3",,REP,Under Votes,17
Linn,61,"County Commissioner, Position 3",,REP,Michael P. Spasaro,24
Linn,61,"County Commissioner, Position 3",,REP,William C. (Will) Tucker,41
Linn,61,"County Commissioner, Position 3",,REP,Write-ins,0
Linn,61,"County Commissioner, Position 3",,REP,Over Votes,1
Linn,61,"County Commissioner, Position 3",,REP,Under Votes,17
Linn,62,"County Commissioner, Position 3",,REP,Michael P. Spasaro,33
Linn,62,"County Commissioner, Position 3",,REP,William C. (Will) Tucker,72
Linn,62,"County Commissioner, Position 3",,REP,Write-ins,0
Linn,62,"County Commissioner, Position 3",,REP,Over Votes,0
Linn,62,"County Commissioner, Position 3",,REP,Under Votes,28
Linn,63,"County Commissioner, Position 3",,REP,Michael P. Spasaro,88
Linn,63,"County Commissioner, Position 3",,REP,William C. (Will) Tucker,219
Linn,63,"County Commissioner, Position 3",,REP,Write-ins,1
Linn,63,"County Commissioner, Position 3",,REP,Over Votes,3
Linn,63,"County Commissioner, Position 3",,REP,Under Votes,126
Linn,65,"County Commissioner, Position 3",,REP,Michael P. Spasaro,5
Linn,65,"County Commissioner, Position 3",,REP,William C. (Will) Tucker,9
Linn,65,"County Commissioner, Position 3",,REP,Write-ins,0
Linn,65,"County Commissioner, Position 3",,REP,Over Votes,0
Linn,65,"County Commissioner, Position 3",,REP,Under Votes,0
Linn,66,"County Commissioner, Position 3",,REP,Michael P. Spasaro,14
Linn,66,"County Commissioner, Position 3",,REP,William C. (Will) Tucker,36
Linn,66,"County Commissioner, Position 3",,REP,Write-ins,0
Linn,66,"County Commissioner, Position 3",,REP,Over Votes,0
Linn,66,"County Commissioner, Position 3",,REP,Under Votes,10
Linn,70,"County Commissioner, Position 3",,REP,Michael P. Spasaro,114
Linn,70,"County Commissioner, Position 3",,REP,William C. (Will) Tucker,116
Linn,70,"County Commissioner, Position 3",,REP,Write-ins,2
Linn,70,"County Commissioner, Position 3",,REP,Over Votes,0
Linn,70,"County Commissioner, Position 3",,REP,Under Votes,42
Linn,73,"County Commissioner, Position 3",,REP,Michael P. Spasaro,64
Linn,73,"County Commissioner, Position 3",,REP,William C. (Will) Tucker,72
Linn,73,"County Commissioner, Position 3",,REP,Write-ins,0
Linn,73,"County Commissioner, Position 3",,REP,Over Votes,0
Linn,73,"County Commissioner, Position 3",,REP,Under Votes,39
Linn,75,"County Commissioner, Position 3",,REP,Michael P. Spasaro,80
Linn,75,"County Commissioner, Position 3",,REP,William C. (Will) Tucker,92
Linn,75,"County Commissioner, Position 3",,REP,Write-ins,0
Linn,75,"County Commissioner, Position 3",,REP,Over Votes,0
Linn,75,"County Commissioner, Position 3",,REP,Under Votes,46
Linn,77,"County Commissioner, Position 3",,REP,Michael P. Spasaro,36
Linn,77,"County Commissioner, Position 3",,REP,William C. (Will) Tucker,32
Linn,77,"County Commissioner, Position 3",,REP,Write-ins,1
Linn,77,"County Commissioner, Position 3",,REP,Over Votes,0
Linn,77,"County Commissioner, Position 3",,REP,Under Votes,9
Linn,78,"County Commissioner, Position 3",,REP,Michael P. Spasaro,45
Linn,78,"County Commissioner, Position 3",,REP,William C. (Will) Tucker,84
Linn,78,"County Commissioner, Position 3",,REP,Write-ins,0
Linn,78,"County Commissioner, Position 3",,REP,Over Votes,0
Linn,78,"County Commissioner, Position 3",,REP,Under Votes,20
Linn,79,"County Commissioner, Position 3",,REP,Michael P. Spasaro,77
Linn,79,"County Commissioner, Position 3",,REP,William C. (Will) Tucker,104
Linn,79,"County Commissioner, Position 3",,REP,Write-ins,0
Linn,79,"County Commissioner, Position 3",,REP,Over Votes,0
Linn,79,"County Commissioner, Position 3",,REP,Under Votes,25
Linn,80,"County Commissioner, Position 3",,REP,Michael P. Spasaro,57
Linn,80,"County Commissioner, Position 3",,REP,William C. (Will) Tucker,97
Linn,80,"County Commissioner, Position 3",,REP,Write-ins,0
Linn,80,"County Commissioner, Position 3",,REP,Over Votes,0
Linn,80,"County Commissioner, Position 3",,REP,Under Votes,28
Linn,82,"County Commissioner, Position 3",,REP,Michael P. Spasaro,16
Linn,82,"County Commissioner, Position 3",,REP,William C. (Will) Tucker,38
Linn,82,"County Commissioner, Position 3",,REP,Write-ins,0
Linn,82,"County Commissioner, Position 3",,REP,Over Votes,0
Linn,82,"County Commissioner, Position 3",,REP,Under Votes,15
Linn,84,"County Commissioner, Position 3",,REP,Michael P. Spasaro,35
Linn,84,"County Commissioner, Position 3",,REP,William C. (Will) Tucker,45
Linn,84,"County Commissioner, Position 3",,REP,Write-ins,1
Linn,84,"County Commissioner, Position 3",,REP,Over Votes,0
Linn,84,"County Commissioner, Position 3",,REP,Under Votes,26
Linn,86,"County Commissioner, Position 3",,REP,Michael P. Spasaro,92
Linn,86,"County Commissioner, Position 3",,REP,William C. (Will) Tucker,153
Linn,86,"County Commissioner, Position 3",,REP,Write-ins,2
Linn,86,"County Commissioner, Position 3",,REP,Over Votes,0
Linn,86,"County Commissioner, Position 3",,REP,Under Votes,26
Linn,88,"County Commissioner, Position 3",,REP,Michael P. Spasaro,55
Linn,88,"County Commissioner, Position 3",,REP,William C. (Will) Tucker,67
Linn,88,"County Commissioner, Position 3",,REP,Write-ins,0
Linn,88,"County Commissioner, Position 3",,REP,Over Votes,0
Linn,88,"County Commissioner, Position 3",,REP,Under Votes,23
Linn,89,"County Commissioner, Position 3",,REP,Michael P. Spasaro,54
Linn,89,"County Commissioner, Position 3",,REP,William C. (Will) Tucker,72
Linn,89,"County Commissioner, Position 3",,REP,Write-ins,0
Linn,89,"County Commissioner, Position 3",,REP,Over Votes,0
Linn,89,"County Commissioner, Position 3",,REP,Under Votes,44
Linn,91,"County Commissioner, Position 3",,REP,Michael P. Spasaro,32
Linn,91,"County Commissioner, Position 3",,REP,William C. (Will) Tucker,67
Linn,91,"County Commissioner, Position 3",,REP,Write-ins,1
Linn,91,"County Commissioner, Position 3",,REP,Over Votes,0
Linn,91,"County Commissioner, Position 3",,REP,Under Votes,36
Linn,92,"County Commissioner, Position 3",,REP,Michael P. Spasaro,82
Linn,92,"County Commissioner, Position 3",,REP,William C. (Will) Tucker,122
Linn,92,"County Commissioner, Position 3",,REP,Write-ins,1
Linn,92,"County Commissioner, Position 3",,REP,Over Votes,0
Linn,92,"County Commissioner, Position 3",,REP,Under Votes,59
Linn,93,"County Commissioner, Position 3",,REP,Michael P. Spasaro,62
Linn,93,"County Commissioner, Position 3",,REP,William C. (Will) Tucker,74
Linn,93,"County Commissioner, Position 3",,REP,Write-ins,0
Linn,93,"County Commissioner, Position 3",,REP,Over Votes,0
Linn,93,"County Commissioner, Position 3",,REP,Under Votes,57
Linn,94,"County Commissioner, Position 3",,REP,Michael P. Spasaro,34
Linn,94,"County Commissioner, Position 3",,REP,William C. (Will) Tucker,41
Linn,94,"County Commissioner, Position 3",,REP,Write-ins,2
Linn,94,"County Commissioner, Position 3",,REP,Over Votes,0
Linn,94,"County Commissioner, Position 3",,REP,Under Votes,45
Linn,95,"County Commissioner, Position 3",,REP,Michael P. Spasaro,54
Linn,95,"County Commissioner, Position 3",,REP,William C. (Will) Tucker,79
Linn,95,"County Commissioner, Position 3",,REP,Write-ins,2
Linn,95,"County Commissioner, Position 3",,REP,Over Votes,1
Linn,95,"County Commissioner, Position 3",,REP,Under Votes,69
Linn,96,"County Commissioner, Position 3",,REP,Michael P. Spasaro,53
Linn,96,"County Commissioner, Position 3",,REP,William C. (Will) Tucker,143
Linn,96,"County Commissioner, Position 3",,REP,Write-ins,0
Linn,96,"County Commissioner, Position 3",,REP,Over Votes,0
Linn,96,"County Commissioner, Position 3",,REP,Under Votes,67
Linn,97,"County Commissioner, Position 3",,REP,Michael P. Spasaro,92
Linn,97,"County Commissioner, Position 3",,REP,William C. (Will) Tucker,184
Linn,97,"County Commissioner, Position 3",,REP,Write-ins,0
Linn,97,"County Commissioner, Position 3",,REP,Over Votes,0
Linn,97,"County Commissioner, Position 3",,REP,Under Votes,70
Linn,99,"County Commissioner, Position 3",,REP,Michael P. Spasaro,23
Linn,99,"County Commissioner, Position 3",,REP,William C. (Will) Tucker,44
Linn,99,"County Commissioner, Position 3",,REP,Write-ins,0
Linn,99,"County Commissioner, Position 3",,REP,Over Votes,0
Linn,99,"County Commissioner, Position 3",,REP,Under Votes,12
Linn,100,"County Commissioner, Position 3",,REP,Michael P. Spasaro,64
Linn,100,"County Commissioner, Position 3",,REP,William C. (Will) Tucker,112
Linn,100,"County Commissioner, Position 3",,REP,Write-ins,1
Linn,100,"County Commissioner, Position 3",,REP,Over Votes,1
Linn,100,"County Commissioner, Position 3",,REP,Under Votes,61
Linn,101,"County Commissioner, Position 3",,REP,Michael P. Spasaro,21
Linn,101,"County Commissioner, Position 3",,REP,William C. (Will) Tucker,56
Linn,101,"County Commissioner, Position 3",,REP,Write-ins,0
Linn,101,"County Commissioner, Position 3",,REP,Over Votes,0
Linn,101,"County Commissioner, Position 3",,REP,Under Votes,42
Linn,102,"County Commissioner, Position 3",,REP,Michael P. Spasaro,53
Linn,102,"County Commissioner, Position 3",,REP,William C. (Will) Tucker,93
Linn,102,"County Commissioner, Position 3",,REP,Write-ins,0
Linn,102,"County Commissioner, Position 3",,REP,Over Votes,0
Linn,102,"County Commissioner, Position 3",,REP,Under Votes,61
Linn,103,"County Commissioner, Position 3",,REP,Michael P. Spasaro,52
Linn,103,"County Commissioner, Position 3",,REP,William C. (Will) Tucker,110
Linn,103,"County Commissioner, Position 3",,REP,Write-ins,1
Linn,103,"County Commissioner, Position 3",,REP,Over Votes,0
Linn,103,"County Commissioner, Position 3",,REP,Under Votes,73
Linn,104,"County Commissioner, Position 3",,REP,Michael P. Spasaro,44
Linn,104,"County Commissioner, Position 3",,REP,William C. (Will) Tucker,57
Linn,104,"County Commissioner, Position 3",,REP,Write-ins,3
Linn,104,"County Commissioner, Position 3",,REP,Over Votes,0
Linn,104,"County Commissioner, Position 3",,REP,Under Votes,30
Linn,105,"County Commissioner, Position 3",,REP,Michael P. Spasaro,23
Linn,105,"County Commissioner, Position 3",,REP,William C. (Will) Tucker,44
Linn,105,"County Commissioner, Position 3",,REP,Write-ins,0
Linn,105,"County Commissioner, Position 3",,REP,Over Votes,0
Linn,105,"County Commissioner, Position 3",,REP,Under Votes,16
Linn,106,"County Commissioner, Position 3",,REP,Michael P. Spasaro,38
Linn,106,"County Commissioner, Position 3",,REP,William C. (Will) Tucker,72
Linn,106,"County Commissioner, Position 3",,REP,Write-ins,0
Linn,106,"County Commissioner, Position 3",,REP,Over Votes,0
Linn,106,"County Commissioner, Position 3",,REP,Under Votes,36
Linn,107,"County Commissioner, Position 3",,REP,Michael P. Spasaro,59
Linn,107,"County Commissioner, Position 3",,REP,William C. (Will) Tucker,97
Linn,107,"County Commissioner, Position 3",,REP,Write-ins,1
Linn,107,"County Commissioner, Position 3",,REP,Over Votes,0
Linn,107,"County Commissioner, Position 3",,REP,Under Votes,48
Linn,108,"County Commissioner, Position 3",,REP,Michael P. Spasaro,132
Linn,108,"County Commissioner, Position 3",,REP,William C. (Will) Tucker,134
Linn,108,"County Commissioner, Position 3",,REP,Write-ins,1
Linn,108,"County Commissioner, Position 3",,REP,Over Votes,0
Linn,108,"County Commissioner, Position 3",,REP,Under Votes,37
Linn,1,County Surveyor,,,Charles W. Gibbs,205
Linn,1,County Surveyor,,,Write-ins,2
Linn,1,County Surveyor,,,Over Votes,0
Linn,1,County Surveyor,,,Under Votes,159
Linn,3,County Surveyor,,,Charles W. Gibbs,157
Linn,3,County Surveyor,,,Write-ins,2
Linn,3,County Surveyor,,,Over Votes,0
Linn,3,County Surveyor,,,Under Votes,123
Linn,5,County Surveyor,,,Charles W. Gibbs,192
Linn,5,County Surveyor,,,Write-ins,0
Linn,5,County Surveyor,,,Over Votes,0
Linn,5,County Surveyor,,,Under Votes,116
Linn,8,County Surveyor,,,Charles W. Gibbs,228
Linn,8,County Surveyor,,,Write-ins,0
Linn,8,County Surveyor,,,Over Votes,0
Linn,8,County Surveyor,,,Under Votes,160
Linn,11,County Surveyor,,,Charles W. Gibbs,150
Linn,11,County Surveyor,,,Write-ins,1
Linn,11,County Surveyor,,,Over Votes,0
Linn,11,County Surveyor,,,Under Votes,103
Linn,14,County Surveyor,,,Charles W. Gibbs,198
Linn,14,County Surveyor,,,Write-ins,1
Linn,14,County Surveyor,,,Over Votes,0
Linn,14,County Surveyor,,,Under Votes,114
Linn,15,County Surveyor,,,Charles W. Gibbs,70
Linn,15,County Surveyor,,,Write-ins,1
Linn,15,County Surveyor,,,Over Votes,0
Linn,15,County Surveyor,,,Under Votes,54
Linn,16,County Surveyor,,,Charles W. Gibbs,205
Linn,16,County Surveyor,,,Write-ins,4
Linn,16,County Surveyor,,,Over Votes,0
Linn,16,County Surveyor,,,Under Votes,154
Linn,18,County Surveyor,,,Charles W. Gibbs,639
Linn,18,County Surveyor,,,Write-ins,6
Linn,18,County Surveyor,,,Over Votes,0
Linn,18,County Surveyor,,,Under Votes,447
Linn,19,County Surveyor,,,Charles W. Gibbs,275
Linn,19,County Surveyor,,,Write-ins,0
Linn,19,County Surveyor,,,Over Votes,0
Linn,19,County Surveyor,,,Under Votes,200
Linn,20,County Surveyor,,,Charles W. Gibbs,138
Linn,20,County Surveyor,,,Write-ins,1
Linn,20,County Surveyor,,,Over Votes,0
Linn,20,County Surveyor,,,Under Votes,140
Linn,21,County Surveyor,,,Charles W. Gibbs,120
Linn,21,County Surveyor,,,Write-ins,0
Linn,21,County Surveyor,,,Over Votes,0
Linn,21,County Surveyor,,,Under Votes,76
Linn,22,County Surveyor,,,Charles W. Gibbs,10
Linn,22,County Surveyor,,,Write-ins,0
Linn,22,County Surveyor,,,Over Votes,0
Linn,22,County Surveyor,,,Under Votes,11
Linn,23,County Surveyor,,,Charles W. Gibbs,264
Linn,23,County Surveyor,,,Write-ins,2
Linn,23,County Surveyor,,,Over Votes,0
Linn,23,County Surveyor,,,Under Votes,232
Linn,25,County Surveyor,,,Charles W. Gibbs,236
Linn,25,County Surveyor,,,Write-ins,2
Linn,25,County Surveyor,,,Over Votes,0
Linn,25,County Surveyor,,,Under Votes,153
Linn,26,County Surveyor,,,Charles W. Gibbs,82
Linn,26,County Surveyor,,,Write-ins,0
Linn,26,County Surveyor,,,Over Votes,0
Linn,26,County Surveyor,,,Under Votes,51
Linn,27,County Surveyor,,,Charles W. Gibbs,157
Linn,27,County Surveyor,,,Write-ins,2
Linn,27,County Surveyor,,,Over Votes,0
Linn,27,County Surveyor,,,Under Votes,146
Linn,28,County Surveyor,,,Charles W. Gibbs,192
Linn,28,County Surveyor,,,Write-ins,0
Linn,28,County Surveyor,,,Over Votes,0
Linn,28,County Surveyor,,,Under Votes,103
Linn,29,County Surveyor,,,Charles W. Gibbs,452
Linn,29,County Surveyor,,,Write-ins,4
Linn,29,County Surveyor,,,Over Votes,0
Linn,29,County Surveyor,,,Under Votes,337
Linn,30,County Surveyor,,,Charles W. Gibbs,57
Linn,30,County Surveyor,,,Write-ins,1
Linn,30,County Surveyor,,,Over Votes,0
Linn,30,County Surveyor,,,Under Votes,49
Linn,31,County Surveyor,,,Charles W. Gibbs,254
Linn,31,County Surveyor,,,Write-ins,1
Linn,31,County Surveyor,,,Over Votes,0
Linn,31,County Surveyor,,,Under Votes,219
Linn,32,County Surveyor,,,Charles W. Gibbs,180
Linn,32,County Surveyor,,,Write-ins,0
Linn,32,County Surveyor,,,Over Votes,0
Linn,32,County Surveyor,,,Under Votes,171
Linn,34,County Surveyor,,,Charles W. Gibbs,91
Linn,34,County Surveyor,,,Write-ins,0
Linn,34,County Surveyor,,,Over Votes,0
Linn,34,County Surveyor,,,Under Votes,79
Linn,35,County Surveyor,,,Charles W. Gibbs,362
Linn,35,County Surveyor,,,Write-ins,4
Linn,35,County Surveyor,,,Over Votes,0
Linn,35,County Surveyor,,,Under Votes,282
Linn,36,County Surveyor,,,Charles W. Gibbs,266
Linn,36,County Surveyor,,,Write-ins,2
Linn,36,County Surveyor,,,Over Votes,0
Linn,36,County Surveyor,,,Under Votes,164
Linn,37,County Surveyor,,,Charles W. Gibbs,283
Linn,37,County Surveyor,,,Write-ins,1
Linn,37,County Surveyor,,,Over Votes,0
Linn,37,County Surveyor,,,Under Votes,189
Linn,38,County Surveyor,,,Charles W. Gibbs,247
Linn,38,County Surveyor,,,Write-ins,2
Linn,38,County Surveyor,,,Over Votes,0
Linn,38,County Surveyor,,,Under Votes,157
Linn,39,County Surveyor,,,Charles W. Gibbs,205
Linn,39,County Surveyor,,,Write-ins,1
Linn,39,County Surveyor,,,Over Votes,0
Linn,39,County Surveyor,,,Under Votes,135
Linn,41,County Surveyor,,,Charles W. Gibbs,169
Linn,41,County Surveyor,,,Write-ins,2
Linn,41,County Surveyor,,,Over Votes,0
Linn,41,County Surveyor,,,Under Votes,111
Linn,43,County Surveyor,,,Charles W. Gibbs,207
Linn,43,County Surveyor,,,Write-ins,1
Linn,43,County Surveyor,,,Over Votes,0
Linn,43,County Surveyor,,,Under Votes,148
Linn,44,County Surveyor,,,Charles W. Gibbs,321
Linn,44,County Surveyor,,,Write-ins,1
Linn,44,County Surveyor,,,Over Votes,1
Linn,44,County Surveyor,,,Under Votes,246
Linn,45,County Surveyor,,,Charles W. Gibbs,269
Linn,45,County Surveyor,,,Write-ins,1
Linn,45,County Surveyor,,,Over Votes,0
Linn,45,County Surveyor,,,Under Votes,165
Linn,46,County Surveyor,,,Charles W. Gibbs,313
Linn,46,County Surveyor,,,Write-ins,1
Linn,46,County Surveyor,,,Over Votes,0
Linn,46,County Surveyor,,,Under Votes,192
Linn,47,County Surveyor,,,Charles W. Gibbs,81
Linn,47,County Surveyor,,,Write-ins,2
Linn,47,County Surveyor,,,Over Votes,0
Linn,47,County Surveyor,,,Under Votes,94
Linn,48,County Surveyor,,,Charles W. Gibbs,390
Linn,48,County Surveyor,,,Write-ins,1
Linn,48,County Surveyor,,,Over Votes,0
Linn,48,County Surveyor,,,Under Votes,233
Linn,49,County Surveyor,,,Charles W. Gibbs,23
Linn,49,County Surveyor,,,Write-ins,0
Linn,49,County Surveyor,,,Over Votes,0
Linn,49,County Surveyor,,,Under Votes,7
Linn,51,County Surveyor,,,Charles W. Gibbs,189
Linn,51,County Surveyor,,,Write-ins,1
Linn,51,County Surveyor,,,Over Votes,0
Linn,51,County Surveyor,,,Under Votes,174
Linn,52,County Surveyor,,,Charles W. Gibbs,99
Linn,52,County Surveyor,,,Write-ins,2
Linn,52,County Surveyor,,,Over Votes,0
Linn,52,County Surveyor,,,Under Votes,74
Linn,53,County Surveyor,,,Charles W. Gibbs,249
Linn,53,County Surveyor,,,Write-ins,2
Linn,53,County Surveyor,,,Over Votes,0
Linn,53,County Surveyor,,,Under Votes,160
Linn,54,County Surveyor,,,Charles W. Gibbs,124
Linn,54,County Surveyor,,,Write-ins,2
Linn,54,County Surveyor,,,Over Votes,0
Linn,54,County Surveyor,,,Under Votes,94
Linn,55,County Surveyor,,,Charles W. Gibbs,161
Linn,55,County Surveyor,,,Write-ins,0
Linn,55,County Surveyor,,,Over Votes,0
Linn,55,County Surveyor,,,Under Votes,148
Linn,56,County Surveyor,,,Charles W. Gibbs,198
Linn,56,County Surveyor,,,Write-ins,1
Linn,56,County Surveyor,,,Over Votes,0
Linn,56,County Surveyor,,,Under Votes,173
Linn,57,County Surveyor,,,Charles W. Gibbs,94
Linn,57,County Surveyor,,,Write-ins,0
Linn,57,County Surveyor,,,Over Votes,0
Linn,57,County Surveyor,,,Under Votes,53
Linn,59,County Surveyor,,,Charles W. Gibbs,143
Linn,59,County Surveyor,,,Write-ins,0
Linn,59,County Surveyor,,,Over Votes,0
Linn,59,County Surveyor,,,Under Votes,113
Linn,61,County Surveyor,,,Charles W. Gibbs,123
Linn,61,County Surveyor,,,Write-ins,0
Linn,61,County Surveyor,,,Over Votes,0
Linn,61,County Surveyor,,,Under Votes,74
Linn,62,County Surveyor,,,Charles W. Gibbs,225
Linn,62,County Surveyor,,,Write-ins,0
Linn,62,County Surveyor,,,Over Votes,0
Linn,62,County Surveyor,,,Under Votes,142
Linn,63,County Surveyor,,,Charles W. Gibbs,564
Linn,63,County Surveyor,,,Write-ins,4
Linn,63,County Surveyor,,,Over Votes,0
Linn,63,County Surveyor,,,Under Votes,421
Linn,65,County Surveyor,,,Charles W. Gibbs,23
Linn,65,County Surveyor,,,Write-ins,0
Linn,65,County Surveyor,,,Over Votes,0
Linn,65,County Surveyor,,,Under Votes,6
Linn,66,County Surveyor,,,Charles W. Gibbs,77
Linn,66,County Surveyor,,,Write-ins,1
Linn,66,County Surveyor,,,Over Votes,1
Linn,66,County Surveyor,,,Under Votes,54
Linn,70,County Surveyor,,,Charles W. Gibbs,354
Linn,70,County Surveyor,,,Write-ins,9
Linn,70,County Surveyor,,,Over Votes,0
Linn,70,County Surveyor,,,Under Votes,324
Linn,73,County Surveyor,,,Charles W. Gibbs,228
Linn,73,County Surveyor,,,Write-ins,4
Linn,73,County Surveyor,,,Over Votes,1
Linn,73,County Surveyor,,,Under Votes,221
Linn,75,County Surveyor,,,Charles W. Gibbs,225
Linn,75,County Surveyor,,,Write-ins,1
Linn,75,County Surveyor,,,Over Votes,0
Linn,75,County Surveyor,,,Under Votes,230
Linn,77,County Surveyor,,,Charles W. Gibbs,117
Linn,77,County Surveyor,,,Write-ins,1
Linn,77,County Surveyor,,,Over Votes,0
Linn,77,County Surveyor,,,Under Votes,92
Linn,78,County Surveyor,,,Charles W. Gibbs,239
Linn,78,County Surveyor,,,Write-ins,2
Linn,78,County Surveyor,,,Over Votes,0
Linn,78,County Surveyor,,,Under Votes,138
Linn,79,County Surveyor,,,Charles W. Gibbs,374
Linn,79,County Surveyor,,,Write-ins,2
Linn,79,County Surveyor,,,Over Votes,0
Linn,79,County Surveyor,,,Under Votes,215
Linn,80,County Surveyor,,,Charles W. Gibbs,317
Linn,80,County Surveyor,,,Write-ins,0
Linn,80,County Surveyor,,,Over Votes,0
Linn,80,County Surveyor,,,Under Votes,170
Linn,82,County Surveyor,,,Charles W. Gibbs,113
Linn,82,County Surveyor,,,Write-ins,0
Linn,82,County Surveyor,,,Over Votes,0
Linn,82,County Surveyor,,,Under Votes,90
Linn,84,County Surveyor,,,Charles W. Gibbs,243
Linn,84,County Surveyor,,,Write-ins,2
Linn,84,County Surveyor,,,Over Votes,0
Linn,84,County Surveyor,,,Under Votes,112
Linn,86,County Surveyor,,,Charles W. Gibbs,349
Linn,86,County Surveyor,,,Write-ins,4
Linn,86,County Surveyor,,,Over Votes,0
Linn,86,County Surveyor,,,Under Votes,259
Linn,88,County Surveyor,,,Charles W. Gibbs,260
Linn,88,County Surveyor,,,Write-ins,0
Linn,88,County Surveyor,,,Over Votes,0
Linn,88,County Surveyor,,,Under Votes,177
Linn,89,County Surveyor,,,Charles W. Gibbs,247
Linn,89,County Surveyor,,,Write-ins,0
Linn,89,County Surveyor,,,Over Votes,0
Linn,89,County Surveyor,,,Under Votes,161
Linn,91,County Surveyor,,,Charles W. Gibbs,268
Linn,91,County Surveyor,,,Write-ins,3
Linn,91,County Surveyor,,,Over Votes,0
Linn,91,County Surveyor,,,Under Votes,162
Linn,92,County Surveyor,,,Charles W. Gibbs,472
Linn,92,County Surveyor,,,Write-ins,2
Linn,92,County Surveyor,,,Over Votes,0
Linn,92,County Surveyor,,,Under Votes,296
Linn,93,County Surveyor,,,Charles W. Gibbs,326
Linn,93,County Surveyor,,,Write-ins,5
Linn,93,County Surveyor,,,Over Votes,0
Linn,93,County Surveyor,,,Under Votes,248
Linn,94,County Surveyor,,,Charles W. Gibbs,202
Linn,94,County Surveyor,,,Write-ins,5
Linn,94,County Surveyor,,,Over Votes,0
Linn,94,County Surveyor,,,Under Votes,134
Linn,95,County Surveyor,,,Charles W. Gibbs,301
Linn,95,County Surveyor,,,Write-ins,3
Linn,95,County Surveyor,,,Over Votes,0
Linn,95,County Surveyor,,,Under Votes,207
Linn,96,County Surveyor,,,Charles W. Gibbs,348
Linn,96,County Surveyor,,,Write-ins,3
Linn,96,County Surveyor,,,Over Votes,0
Linn,96,County Surveyor,,,Under Votes,217
Linn,97,County Surveyor,,,Charles W. Gibbs,442
Linn,97,County Surveyor,,,Write-ins,0
Linn,97,County Surveyor,,,Over Votes,0
Linn,97,County Surveyor,,,Under Votes,312
Linn,99,County Surveyor,,,Charles W. Gibbs,118
Linn,99,County Surveyor,,,Write-ins,0
Linn,99,County Surveyor,,,Over Votes,0
Linn,99,County Surveyor,,,Under Votes,72
Linn,100,County Surveyor,,,Charles W. Gibbs,395
Linn,100,County Surveyor,,,Write-ins,3
Linn,100,County Surveyor,,,Over Votes,0
Linn,100,County Surveyor,,,Under Votes,253
Linn,101,County Surveyor,,,Charles W. Gibbs,143
Linn,101,County Surveyor,,,Write-ins,1
Linn,101,County Surveyor,,,Over Votes,0
Linn,101,County Surveyor,,,Under Votes,144
Linn,102,County Surveyor,,,Charles W. Gibbs,377
Linn,102,County Surveyor,,,Write-ins,2
Linn,102,County Surveyor,,,Over Votes,0
Linn,102,County Surveyor,,,Under Votes,215
Linn,103,County Surveyor,,,Charles W. Gibbs,275
Linn,103,County Surveyor,,,Write-ins,2
Linn,103,County Surveyor,,,Over Votes,0
Linn,103,County Surveyor,,,Under Votes,267
Linn,104,County Surveyor,,,Charles W. Gibbs,182
Linn,104,County Surveyor,,,Write-ins,1
Linn,104,County Surveyor,,,Over Votes,0
Linn,104,County Surveyor,,,Under Votes,148
Linn,105,County Surveyor,,,Charles W. Gibbs,177
Linn,105,County Surveyor,,,Write-ins,1
Linn,105,County Surveyor,,,Over Votes,0
Linn,105,County Surveyor,,,Under Votes,113
Linn,106,County Surveyor,,,Charles W. Gibbs,207
Linn,106,County Surveyor,,,Write-ins,0
Linn,106,County Surveyor,,,Over Votes,0
Linn,106,County Surveyor,,,Under Votes,160
Linn,107,County Surveyor,,,Charles W. Gibbs,361
Linn,107,County Surveyor,,,Write-ins,1
Linn,107,County Surveyor,,,Over Votes,0
Linn,107,County Surveyor,,,Under Votes,235
Linn,108,County Surveyor,,,Charles W. Gibbs,506
Linn,108,County Surveyor,,,Write-ins,3
Linn,108,County Surveyor,,,Over Votes,0
Linn,108,County Surveyor,,,Under Votes,324
Linn,1,District Attorney,,,Jason Carlile,234
Linn,1,District Attorney,,,Write-ins,1
Linn,1,District Attorney,,,Over Votes,0
Linn,1,District Attorney,,,Under Votes,131
Linn,3,District Attorney,,,Jason Carlile,189
Linn,3,District Attorney,,,Write-ins,2
Linn,3,District Attorney,,,Over Votes,0
Linn,3,District Attorney,,,Under Votes,91
Linn,5,District Attorney,,,Jason Carlile,196
Linn,5,District Attorney,,,Write-ins,5
Linn,5,District Attorney,,,Over Votes,0
Linn,5,District Attorney,,,Under Votes,107
Linn,8,District Attorney,,,Jason Carlile,246
Linn,8,District Attorney,,,Write-ins,3
Linn,8,District Attorney,,,Over Votes,0
Linn,8,District Attorney,,,Under Votes,139
Linn,11,District Attorney,,,Jason Carlile,159
Linn,11,District Attorney,,,Write-ins,3
Linn,11,District Attorney,,,Over Votes,0
Linn,11,District Attorney,,,Under Votes,92
Linn,14,District Attorney,,,Jason Carlile,201
Linn,14,District Attorney,,,Write-ins,2
Linn,14,District Attorney,,,Over Votes,0
Linn,14,District Attorney,,,Under Votes,110
Linn,15,District Attorney,,,Jason Carlile,79
Linn,15,District Attorney,,,Write-ins,1
Linn,15,District Attorney,,,Over Votes,0
Linn,15,District Attorney,,,Under Votes,45
Linn,16,District Attorney,,,Jason Carlile,231
Linn,16,District Attorney,,,Write-ins,2
Linn,16,District Attorney,,,Over Votes,0
Linn,16,District Attorney,,,Under Votes,130
Linn,18,District Attorney,,,Jason Carlile,697
Linn,18,District Attorney,,,Write-ins,7
Linn,18,District Attorney,,,Over Votes,0
Linn,18,District Attorney,,,Under Votes,388
Linn,19,District Attorney,,,Jason Carlile,291
Linn,19,District Attorney,,,Write-ins,1
Linn,19,District Attorney,,,Over Votes,0
Linn,19,District Attorney,,,Under Votes,183
Linn,20,District Attorney,,,Jason Carlile,143
Linn,20,District Attorney,,,Write-ins,1
Linn,20,District Attorney,,,Over Votes,0
Linn,20,District Attorney,,,Under Votes,135
Linn,21,District Attorney,,,Jason Carlile,129
Linn,21,District Attorney,,,Write-ins,2
Linn,21,District Attorney,,,Over Votes,0
Linn,21,District Attorney,,,Under Votes,65
Linn,22,District Attorney,,,Jason Carlile,11
Linn,22,District Attorney,,,Write-ins,0
Linn,22,District Attorney,,,Over Votes,0
Linn,22,District Attorney,,,Under Votes,10
Linn,23,District Attorney,,,Jason Carlile,290
Linn,23,District Attorney,,,Write-ins,4
Linn,23,District Attorney,,,Over Votes,0
Linn,23,District Attorney,,,Under Votes,204
Linn,25,District Attorney,,,Jason Carlile,250
Linn,25,District Attorney,,,Write-ins,1
Linn,25,District Attorney,,,Over Votes,0
Linn,25,District Attorney,,,Under Votes,140
Linn,26,District Attorney,,,Jason Carlile,90
Linn,26,District Attorney,,,Write-ins,0
Linn,26,District Attorney,,,Over Votes,0
Linn,26,District Attorney,,,Under Votes,43
Linn,27,District Attorney,,,Jason Carlile,162
Linn,27,District Attorney,,,Write-ins,2
Linn,27,District Attorney,,,Over Votes,0
Linn,27,District Attorney,,,Under Votes,141
Linn,28,District Attorney,,,Jason Carlile,195
Linn,28,District Attorney,,,Write-ins,1
Linn,28,District Attorney,,,Over Votes,0
Linn,28,District Attorney,,,Under Votes,99
Linn,29,District Attorney,,,Jason Carlile,471
Linn,29,District Attorney,,,Write-ins,1
Linn,29,District Attorney,,,Over Votes,0
Linn,29,District Attorney,,,Under Votes,321
Linn,30,District Attorney,,,Jason Carlile,56
Linn,30,District Attorney,,,Write-ins,1
Linn,30,District Attorney,,,Over Votes,0
Linn,30,District Attorney,,,Under Votes,50
Linn,31,District Attorney,,,Jason Carlile,268
Linn,31,District Attorney,,,Write-ins,4
Linn,31,District Attorney,,,Over Votes,0
Linn,31,District Attorney,,,Under Votes,202
Linn,32,District Attorney,,,Jason Carlile,180
Linn,32,District Attorney,,,Write-ins,3
Linn,32,District Attorney,,,Over Votes,0
Linn,32,District Attorney,,,Under Votes,168
Linn,34,District Attorney,,,Jason Carlile,98
Linn,34,District Attorney,,,Write-ins,0
Linn,34,District Attorney,,,Over Votes,0
Linn,34,District Attorney,,,Under Votes,72
Linn,35,District Attorney,,,Jason Carlile,374
Linn,35,District Attorney,,,Write-ins,6
Linn,35,District Attorney,,,Over Votes,0
Linn,35,District Attorney,,,Under Votes,268
Linn,36,District Attorney,,,Jason Carlile,282
Linn,36,District Attorney,,,Write-ins,3
Linn,36,District Attorney,,,Over Votes,0
Linn,36,District Attorney,,,Under Votes,147
Linn,37,District Attorney,,,Jason Carlile,302
Linn,37,District Attorney,,,Write-ins,1
Linn,37,District Attorney,,,Over Votes,0
Linn,37,District Attorney,,,Under Votes,170
Linn,38,District Attorney,,,Jason Carlile,256
Linn,38,District Attorney,,,Write-ins,5
Linn,38,District Attorney,,,Over Votes,0
Linn,38,District Attorney,,,Under Votes,145
Linn,39,District Attorney,,,Jason Carlile,217
Linn,39,District Attorney,,,Write-ins,1
Linn,39,District Attorney,,,Over Votes,0
Linn,39,District Attorney,,,Under Votes,123
Linn,41,District Attorney,,,Jason Carlile,186
Linn,41,District Attorney,,,Write-ins,3
Linn,41,District Attorney,,,Over Votes,0
Linn,41,District Attorney,,,Under Votes,93
Linn,43,District Attorney,,,Jason Carlile,217
Linn,43,District Attorney,,,Write-ins,3
Linn,43,District Attorney,,,Over Votes,0
Linn,43,District Attorney,,,Under Votes,136
Linn,44,District Attorney,,,Jason Carlile,330
Linn,44,District Attorney,,,Write-ins,5
Linn,44,District Attorney,,,Over Votes,0
Linn,44,District Attorney,,,Under Votes,234
Linn,45,District Attorney,,,Jason Carlile,268
Linn,45,District Attorney,,,Write-ins,7
Linn,45,District Attorney,,,Over Votes,0
Linn,45,District Attorney,,,Under Votes,160
Linn,46,District Attorney,,,Jason Carlile,324
Linn,46,District Attorney,,,Write-ins,1
Linn,46,District Attorney,,,Over Votes,0
Linn,46,District Attorney,,,Under Votes,181
Linn,47,District Attorney,,,Jason Carlile,94
Linn,47,District Attorney,,,Write-ins,0
Linn,47,District Attorney,,,Over Votes,0
Linn,47,District Attorney,,,Under Votes,83
Linn,48,District Attorney,,,Jason Carlile,428
Linn,48,District Attorney,,,Write-ins,3
Linn,48,District Attorney,,,Over Votes,0
Linn,48,District Attorney,,,Under Votes,193
Linn,49,District Attorney,,,Jason Carlile,23
Linn,49,District Attorney,,,Write-ins,0
Linn,49,District Attorney,,,Over Votes,0
Linn,49,District Attorney,,,Under Votes,7
Linn,51,District Attorney,,,Jason Carlile,208
Linn,51,District Attorney,,,Write-ins,5
Linn,51,District Attorney,,,Over Votes,0
Linn,51,District Attorney,,,Under Votes,151
Linn,52,District Attorney,,,Jason Carlile,97
Linn,52,District Attorney,,,Write-ins,2
Linn,52,District Attorney,,,Over Votes,0
Linn,52,District Attorney,,,Under Votes,76
Linn,53,District Attorney,,,Jason Carlile,260
Linn,53,District Attorney,,,Write-ins,4
Linn,53,District Attorney,,,Over Votes,0
Linn,53,District Attorney,,,Under Votes,147
Linn,54,District Attorney,,,Jason Carlile,129
Linn,54,District Attorney,,,Write-ins,5
Linn,54,District Attorney,,,Over Votes,0
Linn,54,District Attorney,,,Under Votes,86
Linn,55,District Attorney,,,Jason Carlile,177
Linn,55,District Attorney,,,Write-ins,5
Linn,55,District Attorney,,,Over Votes,0
Linn,55,District Attorney,,,Under Votes,127
Linn,56,District Attorney,,,Jason Carlile,201
Linn,56,District Attorney,,,Write-ins,2
Linn,56,District Attorney,,,Over Votes,0
Linn,56,District Attorney,,,Under Votes,169
Linn,57,District Attorney,,,Jason Carlile,98
Linn,57,District Attorney,,,Write-ins,0
Linn,57,District Attorney,,,Over Votes,0
Linn,57,District Attorney,,,Under Votes,49
Linn,59,District Attorney,,,Jason Carlile,155
Linn,59,District Attorney,,,Write-ins,0
Linn,59,District Attorney,,,Over Votes,0
Linn,59,District Attorney,,,Under Votes,101
Linn,61,District Attorney,,,Jason Carlile,125
Linn,61,District Attorney,,,Write-ins,0
Linn,61,District Attorney,,,Over Votes,0
Linn,61,District Attorney,,,Under Votes,72
Linn,62,District Attorney,,,Jason Carlile,227
Linn,62,District Attorney,,,Write-ins,2
Linn,62,District Attorney,,,Over Votes,0
Linn,62,District Attorney,,,Under Votes,138
Linn,63,District Attorney,,,Jason Carlile,623
Linn,63,District Attorney,,,Write-ins,7
Linn,63,District Attorney,,,Over Votes,0
Linn,63,District Attorney,,,Under Votes,359
Linn,65,District Attorney,,,Jason Carlile,25
Linn,65,District Attorney,,,Write-ins,0
Linn,65,District Attorney,,,Over Votes,0
Linn,65,District Attorney,,,Under Votes,4
Linn,66,District Attorney,,,Jason Carlile,88
Linn,66,District Attorney,,,Write-ins,1
Linn,66,District Attorney,,,Over Votes,0
Linn,66,District Attorney,,,Under Votes,44
Linn,70,District Attorney,,,Jason Carlile,394
Linn,70,District Attorney,,,Write-ins,8
Linn,70,District Attorney,,,Over Votes,0
Linn,70,District Attorney,,,Under Votes,285
Linn,73,District Attorney,,,Jason Carlile,254
Linn,73,District Attorney,,,Write-ins,6
Linn,73,District Attorney,,,Over Votes,0
Linn,73,District Attorney,,,Under Votes,194
Linn,75,District Attorney,,,Jason Carlile,251
Linn,75,District Attorney,,,Write-ins,2
Linn,75,District Attorney,,,Over Votes,0
Linn,75,District Attorney,,,Under Votes,203
Linn,77,District Attorney,,,Jason Carlile,120
Linn,77,District Attorney,,,Write-ins,0
Linn,77,District Attorney,,,Over Votes,0
Linn,77,District Attorney,,,Under Votes,90
Linn,78,District Attorney,,,Jason Carlile,248
Linn,78,District Attorney,,,Write-ins,2
Linn,78,District Attorney,,,Over Votes,0
Linn,78,District Attorney,,,Under Votes,129
Linn,79,District Attorney,,,Jason Carlile,396
Linn,79,District Attorney,,,Write-ins,2
Linn,79,District Attorney,,,Over Votes,0
Linn,79,District Attorney,,,Under Votes,193
Linn,80,District Attorney,,,Jason Carlile,333
Linn,80,District Attorney,,,Write-ins,3
Linn,80,District Attorney,,,Over Votes,0
Linn,80,District Attorney,,,Under Votes,151
Linn,82,District Attorney,,,Jason Carlile,124
Linn,82,District Attorney,,,Write-ins,0
Linn,82,District Attorney,,,Over Votes,0
Linn,82,District Attorney,,,Under Votes,79
Linn,84,District Attorney,,,Jason Carlile,246
Linn,84,District Attorney,,,Write-ins,8
Linn,84,District Attorney,,,Over Votes,0
Linn,84,District Attorney,,,Under Votes,103
Linn,86,District Attorney,,,Jason Carlile,364
Linn,86,District Attorney,,,Write-ins,3
Linn,86,District Attorney,,,Over Votes,0
Linn,86,District Attorney,,,Under Votes,245
Linn,88,District Attorney,,,Jason Carlile,277
Linn,88,District Attorney,,,Write-ins,6
Linn,88,District Attorney,,,Over Votes,0
Linn,88,District Attorney,,,Under Votes,154
Linn,89,District Attorney,,,Jason Carlile,287
Linn,89,District Attorney,,,Write-ins,2
Linn,89,District Attorney,,,Over Votes,0
Linn,89,District Attorney,,,Under Votes,119
Linn,91,District Attorney,,,Jason Carlile,281
Linn,91,District Attorney,,,Write-ins,6
Linn,91,District Attorney,,,Over Votes,0
Linn,91,District Attorney,,,Under Votes,146
Linn,92,District Attorney,,,Jason Carlile,511
Linn,92,District Attorney,,,Write-ins,1
Linn,92,District Attorney,,,Over Votes,0
Linn,92,District Attorney,,,Under Votes,258
Linn,93,District Attorney,,,Jason Carlile,358
Linn,93,District Attorney,,,Write-ins,7
Linn,93,District Attorney,,,Over Votes,0
Linn,93,District Attorney,,,Under Votes,214
Linn,94,District Attorney,,,Jason Carlile,221
Linn,94,District Attorney,,,Write-ins,5
Linn,94,District Attorney,,,Over Votes,0
Linn,94,District Attorney,,,Under Votes,115
Linn,95,District Attorney,,,Jason Carlile,327
Linn,95,District Attorney,,,Write-ins,5
Linn,95,District Attorney,,,Over Votes,0
Linn,95,District Attorney,,,Under Votes,179
Linn,96,District Attorney,,,Jason Carlile,386
Linn,96,District Attorney,,,Write-ins,4
Linn,96,District Attorney,,,Over Votes,0
Linn,96,District Attorney,,,Under Votes,178
Linn,97,District Attorney,,,Jason Carlile,480
Linn,97,District Attorney,,,Write-ins,1
Linn,97,District Attorney,,,Over Votes,0
Linn,97,District Attorney,,,Under Votes,273
Linn,99,District Attorney,,,Jason Carlile,125
Linn,99,District Attorney,,,Write-ins,1
Linn,99,District Attorney,,,Over Votes,0
Linn,99,District Attorney,,,Under Votes,64
Linn,100,District Attorney,,,Jason Carlile,422
Linn,100,District Attorney,,,Write-ins,7
Linn,100,District Attorney,,,Over Votes,0
Linn,100,District Attorney,,,Under Votes,222
Linn,101,District Attorney,,,Jason Carlile,148
Linn,101,District Attorney,,,Write-ins,3
Linn,101,District Attorney,,,Over Votes,0
Linn,101,District Attorney,,,Under Votes,137
Linn,102,District Attorney,,,Jason Carlile,411
Linn,102,District Attorney,,,Write-ins,5
Linn,102,District Attorney,,,Over Votes,0
Linn,102,District Attorney,,,Under Votes,178
Linn,103,District Attorney,,,Jason Carlile,283
Linn,103,District Attorney,,,Write-ins,6
Linn,103,District Attorney,,,Over Votes,0
Linn,103,District Attorney,,,Under Votes,255
Linn,104,District Attorney,,,Jason Carlile,191
Linn,104,District Attorney,,,Write-ins,6
Linn,104,District Attorney,,,Over Votes,0
Linn,104,District Attorney,,,Under Votes,134
Linn,105,District Attorney,,,Jason Carlile,183
Linn,105,District Attorney,,,Write-ins,3
Linn,105,District Attorney,,,Over Votes,0
Linn,105,District Attorney,,,Under Votes,105
Linn,106,District Attorney,,,Jason Carlile,233
Linn,106,District Attorney,,,Write-ins,0
Linn,106,District Attorney,,,Over Votes,0
Linn,106,District Attorney,,,Under Votes,134
Linn,107,District Attorney,,,Jason Carlile,411
Linn,107,District Attorney,,,Write-ins,1
Linn,107,District Attorney,,,Over Votes,0
Linn,107,District Attorney,,,Under Votes,185
Linn,108,District Attorney,,,Jason Carlile,528
Linn,108,District Attorney,,,Write-ins,3
Linn,108,District Attorney,,,Over Votes,0
Linn,108,District Attorney,,,Under Votes,302
Linn,1,"Judge of the Court of Appeals, Position 1",,,David Schuman,204
Linn,1,"Judge of the Court of Appeals, Position 1",,,Write-ins,2
Linn,1,"Judge of the Court of Appeals, Position 1",,,Over Votes,0
Linn,1,"Judge of the Court of Appeals, Position 1",,,Under Votes,160
Linn,3,"Judge of the Court of Appeals, Position 1",,,David Schuman,153
Linn,3,"Judge of the Court of Appeals, Position 1",,,Write-ins,1
Linn,3,"Judge of the Court of Appeals, Position 1",,,Over Votes,0
Linn,3,"Judge of the Court of Appeals, Position 1",,,Under Votes,128
Linn,5,"Judge of the Court of Appeals, Position 1",,,David Schuman,191
Linn,5,"Judge of the Court of Appeals, Position 1",,,Write-ins,1
Linn,5,"Judge of the Court of Appeals, Position 1",,,Over Votes,0
Linn,5,"Judge of the Court of Appeals, Position 1",,,Under Votes,116
Linn,8,"Judge of the Court of Appeals, Position 1",,,David Schuman,224
Linn,8,"Judge of the Court of Appeals, Position 1",,,Write-ins,2
Linn,8,"Judge of the Court of Appeals, Position 1",,,Over Votes,0
Linn,8,"Judge of the Court of Appeals, Position 1",,,Under Votes,162
Linn,11,"Judge of the Court of Appeals, Position 1",,,David Schuman,140
Linn,11,"Judge of the Court of Appeals, Position 1",,,Write-ins,0
Linn,11,"Judge of the Court of Appeals, Position 1",,,Over Votes,0
Linn,11,"Judge of the Court of Appeals, Position 1",,,Under Votes,114
Linn,14,"Judge of the Court of Appeals, Position 1",,,David Schuman,193
Linn,14,"Judge of the Court of Appeals, Position 1",,,Write-ins,1
Linn,14,"Judge of the Court of Appeals, Position 1",,,Over Votes,0
Linn,14,"Judge of the Court of Appeals, Position 1",,,Under Votes,119
Linn,15,"Judge of the Court of Appeals, Position 1",,,David Schuman,70
Linn,15,"Judge of the Court of Appeals, Position 1",,,Write-ins,0
Linn,15,"Judge of the Court of Appeals, Position 1",,,Over Votes,0
Linn,15,"Judge of the Court of Appeals, Position 1",,,Under Votes,55
Linn,16,"Judge of the Court of Appeals, Position 1",,,David Schuman,204
Linn,16,"Judge of the Court of Appeals, Position 1",,,Write-ins,6
Linn,16,"Judge of the Court of Appeals, Position 1",,,Over Votes,0
Linn,16,"Judge of the Court of Appeals, Position 1",,,Under Votes,153
Linn,18,"Judge of the Court of Appeals, Position 1",,,David Schuman,633
Linn,18,"Judge of the Court of Appeals, Position 1",,,Write-ins,6
Linn,18,"Judge of the Court of Appeals, Position 1",,,Over Votes,0
Linn,18,"Judge of the Court of Appeals, Position 1",,,Under Votes,453
Linn,19,"Judge of the Court of Appeals, Position 1",,,David Schuman,268
Linn,19,"Judge of the Court of Appeals, Position 1",,,Write-ins,0
Linn,19,"Judge of the Court of Appeals, Position 1",,,Over Votes,0
Linn,19,"Judge of the Court of Appeals, Position 1",,,Under Votes,207
Linn,20,"Judge of the Court of Appeals, Position 1",,,David Schuman,135
Linn,20,"Judge of the Court of Appeals, Position 1",,,Write-ins,1
Linn,20,"Judge of the Court of Appeals, Position 1",,,Over Votes,0
Linn,20,"Judge of the Court of Appeals, Position 1",,,Under Votes,143
Linn,21,"Judge of the Court of Appeals, Position 1",,,David Schuman,113
Linn,21,"Judge of the Court of Appeals, Position 1",,,Write-ins,1
Linn,21,"Judge of the Court of Appeals, Position 1",,,Over Votes,0
Linn,21,"Judge of the Court of Appeals, Position 1",,,Under Votes,82
Linn,22,"Judge of the Court of Appeals, Position 1",,,David Schuman,7
Linn,22,"Judge of the Court of Appeals, Position 1",,,Write-ins,0
Linn,22,"Judge of the Court of Appeals, Position 1",,,Over Votes,0
Linn,22,"Judge of the Court of Appeals, Position 1",,,Under Votes,14
Linn,23,"Judge of the Court of Appeals, Position 1",,,David Schuman,254
Linn,23,"Judge of the Court of Appeals, Position 1",,,Write-ins,3
Linn,23,"Judge of the Court of Appeals, Position 1",,,Over Votes,0
Linn,23,"Judge of the Court of Appeals, Position 1",,,Under Votes,241
Linn,25,"Judge of the Court of Appeals, Position 1",,,David Schuman,232
Linn,25,"Judge of the Court of Appeals, Position 1",,,Write-ins,2
Linn,25,"Judge of the Court of Appeals, Position 1",,,Over Votes,0
Linn,25,"Judge of the Court of Appeals, Position 1",,,Under Votes,157
Linn,26,"Judge of the Court of Appeals, Position 1",,,David Schuman,83
Linn,26,"Judge of the Court of Appeals, Position 1",,,Write-ins,0
Linn,26,"Judge of the Court of Appeals, Position 1",,,Over Votes,0
Linn,26,"Judge of the Court of Appeals, Position 1",,,Under Votes,50
Linn,27,"Judge of the Court of Appeals, Position 1",,,David Schuman,159
Linn,27,"Judge of the Court of Appeals, Position 1",,,Write-ins,5
Linn,27,"Judge of the Court of Appeals, Position 1",,,Over Votes,0
Linn,27,"Judge of the Court of Appeals, Position 1",,,Under Votes,141
Linn,28,"Judge of the Court of Appeals, Position 1",,,David Schuman,180
Linn,28,"Judge of the Court of Appeals, Position 1",,,Write-ins,0
Linn,28,"Judge of the Court of Appeals, Position 1",,,Over Votes,0
Linn,28,"Judge of the Court of Appeals, Position 1",,,Under Votes,115
Linn,29,"Judge of the Court of Appeals, Position 1",,,David Schuman,461
Linn,29,"Judge of the Court of Appeals, Position 1",,,Write-ins,2
Linn,29,"Judge of the Court of Appeals, Position 1",,,Over Votes,0
Linn,29,"Judge of the Court of Appeals, Position 1",,,Under Votes,330
Linn,30,"Judge of the Court of Appeals, Position 1",,,David Schuman,56
Linn,30,"Judge of the Court of Appeals, Position 1",,,Write-ins,1
Linn,30,"Judge of the Court of Appeals, Position 1",,,Over Votes,0
Linn,30,"Judge of the Court of Appeals, Position 1",,,Under Votes,50
Linn,31,"Judge of the Court of Appeals, Position 1",,,David Schuman,249
Linn,31,"Judge of the Court of Appeals, Position 1",,,Write-ins,1
Linn,31,"Judge of the Court of Appeals, Position 1",,,Over Votes,0
Linn,31,"Judge of the Court of Appeals, Position 1",,,Under Votes,224
Linn,32,"Judge of the Court of Appeals, Position 1",,,David Schuman,169
Linn,32,"Judge of the Court of Appeals, Position 1",,,Write-ins,1
Linn,32,"Judge of the Court of Appeals, Position 1",,,Over Votes,0
Linn,32,"Judge of the Court of Appeals, Position 1",,,Under Votes,181
Linn,34,"Judge of the Court of Appeals, Position 1",,,David Schuman,85
Linn,34,"Judge of the Court of Appeals, Position 1",,,Write-ins,1
Linn,34,"Judge of the Court of Appeals, Position 1",,,Over Votes,0
Linn,34,"Judge of the Court of Appeals, Position 1",,,Under Votes,84
Linn,35,"Judge of the Court of Appeals, Position 1",,,David Schuman,351
Linn,35,"Judge of the Court of Appeals, Position 1",,,Write-ins,4
Linn,35,"Judge of the Court of Appeals, Position 1",,,Over Votes,0
Linn,35,"Judge of the Court of Appeals, Position 1",,,Under Votes,293
Linn,36,"Judge of the Court of Appeals, Position 1",,,David Schuman,266
Linn,36,"Judge of the Court of Appeals, Position 1",,,Write-ins,3
Linn,36,"Judge of the Court of Appeals, Position 1",,,Over Votes,0
Linn,36,"Judge of the Court of Appeals, Position 1",,,Under Votes,163
Linn,37,"Judge of the Court of Appeals, Position 1",,,David Schuman,277
Linn,37,"Judge of the Court of Appeals, Position 1",,,Write-ins,3
Linn,37,"Judge of the Court of Appeals, Position 1",,,Over Votes,0
Linn,37,"Judge of the Court of Appeals, Position 1",,,Under Votes,193
Linn,38,"Judge of the Court of Appeals, Position 1",,,David Schuman,238
Linn,38,"Judge of the Court of Appeals, Position 1",,,Write-ins,2
Linn,38,"Judge of the Court of Appeals, Position 1",,,Over Votes,0
Linn,38,"Judge of the Court of Appeals, Position 1",,,Under Votes,166
Linn,39,"Judge of the Court of Appeals, Position 1",,,David Schuman,202
Linn,39,"Judge of the Court of Appeals, Position 1",,,Write-ins,1
Linn,39,"Judge of the Court of Appeals, Position 1",,,Over Votes,0
Linn,39,"Judge of the Court of Appeals, Position 1",,,Under Votes,138
Linn,41,"Judge of the Court of Appeals, Position 1",,,David Schuman,170
Linn,41,"Judge of the Court of Appeals, Position 1",,,Write-ins,2
Linn,41,"Judge of the Court of Appeals, Position 1",,,Over Votes,0
Linn,41,"Judge of the Court of Appeals, Position 1",,,Under Votes,110
Linn,43,"Judge of the Court of Appeals, Position 1",,,David Schuman,216
Linn,43,"Judge of the Court of Appeals, Position 1",,,Write-ins,2
Linn,43,"Judge of the Court of Appeals, Position 1",,,Over Votes,0
Linn,43,"Judge of the Court of Appeals, Position 1",,,Under Votes,138
Linn,44,"Judge of the Court of Appeals, Position 1",,,David Schuman,321
Linn,44,"Judge of the Court of Appeals, Position 1",,,Write-ins,3
Linn,44,"Judge of the Court of Appeals, Position 1",,,Over Votes,0
Linn,44,"Judge of the Court of Appeals, Position 1",,,Under Votes,245
Linn,45,"Judge of the Court of Appeals, Position 1",,,David Schuman,261
Linn,45,"Judge of the Court of Appeals, Position 1",,,Write-ins,0
Linn,45,"Judge of the Court of Appeals, Position 1",,,Over Votes,0
Linn,45,"Judge of the Court of Appeals, Position 1",,,Under Votes,174
Linn,46,"Judge of the Court of Appeals, Position 1",,,David Schuman,305
Linn,46,"Judge of the Court of Appeals, Position 1",,,Write-ins,1
Linn,46,"Judge of the Court of Appeals, Position 1",,,Over Votes,0
Linn,46,"Judge of the Court of Appeals, Position 1",,,Under Votes,200
Linn,47,"Judge of the Court of Appeals, Position 1",,,David Schuman,83
Linn,47,"Judge of the Court of Appeals, Position 1",,,Write-ins,1
Linn,47,"Judge of the Court of Appeals, Position 1",,,Over Votes,0
Linn,47,"Judge of the Court of Appeals, Position 1",,,Under Votes,93
Linn,48,"Judge of the Court of Appeals, Position 1",,,David Schuman,370
Linn,48,"Judge of the Court of Appeals, Position 1",,,Write-ins,2
Linn,48,"Judge of the Court of Appeals, Position 1",,,Over Votes,0
Linn,48,"Judge of the Court of Appeals, Position 1",,,Under Votes,252
Linn,49,"Judge of the Court of Appeals, Position 1",,,David Schuman,23
Linn,49,"Judge of the Court of Appeals, Position 1",,,Write-ins,0
Linn,49,"Judge of the Court of Appeals, Position 1",,,Over Votes,0
Linn,49,"Judge of the Court of Appeals, Position 1",,,Under Votes,7
Linn,51,"Judge of the Court of Appeals, Position 1",,,David Schuman,184
Linn,51,"Judge of the Court of Appeals, Position 1",,,Write-ins,0
Linn,51,"Judge of the Court of Appeals, Position 1",,,Over Votes,0
Linn,51,"Judge of the Court of Appeals, Position 1",,,Under Votes,180
Linn,52,"Judge of the Court of Appeals, Position 1",,,David Schuman,98
Linn,52,"Judge of the Court of Appeals, Position 1",,,Write-ins,1
Linn,52,"Judge of the Court of Appeals, Position 1",,,Over Votes,0
Linn,52,"Judge of the Court of Appeals, Position 1",,,Under Votes,76
Linn,53,"Judge of the Court of Appeals, Position 1",,,David Schuman,246
Linn,53,"Judge of the Court of Appeals, Position 1",,,Write-ins,3
Linn,53,"Judge of the Court of Appeals, Position 1",,,Over Votes,0
Linn,53,"Judge of the Court of Appeals, Position 1",,,Under Votes,162
Linn,54,"Judge of the Court of Appeals, Position 1",,,David Schuman,118
Linn,54,"Judge of the Court of Appeals, Position 1",,,Write-ins,2
Linn,54,"Judge of the Court of Appeals, Position 1",,,Over Votes,0
Linn,54,"Judge of the Court of Appeals, Position 1",,,Under Votes,100
Linn,55,"Judge of the Court of Appeals, Position 1",,,David Schuman,166
Linn,55,"Judge of the Court of Appeals, Position 1",,,Write-ins,0
Linn,55,"Judge of the Court of Appeals, Position 1",,,Over Votes,0
Linn,55,"Judge of the Court of Appeals, Position 1",,,Under Votes,143
Linn,56,"Judge of the Court of Appeals, Position 1",,,David Schuman,199
Linn,56,"Judge of the Court of Appeals, Position 1",,,Write-ins,1
Linn,56,"Judge of the Court of Appeals, Position 1",,,Over Votes,0
Linn,56,"Judge of the Court of Appeals, Position 1",,,Under Votes,172
Linn,57,"Judge of the Court of Appeals, Position 1",,,David Schuman,91
Linn,57,"Judge of the Court of Appeals, Position 1",,,Write-ins,0
Linn,57,"Judge of the Court of Appeals, Position 1",,,Over Votes,0
Linn,57,"Judge of the Court of Appeals, Position 1",,,Under Votes,56
Linn,59,"Judge of the Court of Appeals, Position 1",,,David Schuman,140
Linn,59,"Judge of the Court of Appeals, Position 1",,,Write-ins,2
Linn,59,"Judge of the Court of Appeals, Position 1",,,Over Votes,0
Linn,59,"Judge of the Court of Appeals, Position 1",,,Under Votes,114
Linn,61,"Judge of the Court of Appeals, Position 1",,,David Schuman,114
Linn,61,"Judge of the Court of Appeals, Position 1",,,Write-ins,0
Linn,61,"Judge of the Court of Appeals, Position 1",,,Over Votes,0
Linn,61,"Judge of the Court of Appeals, Position 1",,,Under Votes,83
Linn,62,"Judge of the Court of Appeals, Position 1",,,David Schuman,220
Linn,62,"Judge of the Court of Appeals, Position 1",,,Write-ins,0
Linn,62,"Judge of the Court of Appeals, Position 1",,,Over Votes,0
Linn,62,"Judge of the Court of Appeals, Position 1",,,Under Votes,147
Linn,63,"Judge of the Court of Appeals, Position 1",,,David Schuman,551
Linn,63,"Judge of the Court of Appeals, Position 1",,,Write-ins,5
Linn,63,"Judge of the Court of Appeals, Position 1",,,Over Votes,1
Linn,63,"Judge of the Court of Appeals, Position 1",,,Under Votes,432
Linn,65,"Judge of the Court of Appeals, Position 1",,,David Schuman,22
Linn,65,"Judge of the Court of Appeals, Position 1",,,Write-ins,0
Linn,65,"Judge of the Court of Appeals, Position 1",,,Over Votes,0
Linn,65,"Judge of the Court of Appeals, Position 1",,,Under Votes,7
Linn,66,"Judge of the Court of Appeals, Position 1",,,David Schuman,77
Linn,66,"Judge of the Court of Appeals, Position 1",,,Write-ins,1
Linn,66,"Judge of the Court of Appeals, Position 1",,,Over Votes,0
Linn,66,"Judge of the Court of Appeals, Position 1",,,Under Votes,55
Linn,70,"Judge of the Court of Appeals, Position 1",,,David Schuman,348
Linn,70,"Judge of the Court of Appeals, Position 1",,,Write-ins,10
Linn,70,"Judge of the Court of Appeals, Position 1",,,Over Votes,0
Linn,70,"Judge of the Court of Appeals, Position 1",,,Under Votes,329
Linn,73,"Judge of the Court of Appeals, Position 1",,,David Schuman,226
Linn,73,"Judge of the Court of Appeals, Position 1",,,Write-ins,4
Linn,73,"Judge of the Court of Appeals, Position 1",,,Over Votes,0
Linn,73,"Judge of the Court of Appeals, Position 1",,,Under Votes,224
Linn,75,"Judge of the Court of Appeals, Position 1",,,David Schuman,228
Linn,75,"Judge of the Court of Appeals, Position 1",,,Write-ins,1
Linn,75,"Judge of the Court of Appeals, Position 1",,,Over Votes,0
Linn,75,"Judge of the Court of Appeals, Position 1",,,Under Votes,227
Linn,77,"Judge of the Court of Appeals, Position 1",,,David Schuman,116
Linn,77,"Judge of the Court of Appeals, Position 1",,,Write-ins,0
Linn,77,"Judge of the Court of Appeals, Position 1",,,Over Votes,0
Linn,77,"Judge of the Court of Appeals, Position 1",,,Under Votes,94
Linn,78,"Judge of the Court of Appeals, Position 1",,,David Schuman,242
Linn,78,"Judge of the Court of Appeals, Position 1",,,Write-ins,0
Linn,78,"Judge of the Court of Appeals, Position 1",,,Over Votes,0
Linn,78,"Judge of the Court of Appeals, Position 1",,,Under Votes,137
Linn,79,"Judge of the Court of Appeals, Position 1",,,David Schuman,370
Linn,79,"Judge of the Court of Appeals, Position 1",,,Write-ins,2
Linn,79,"Judge of the Court of Appeals, Position 1",,,Over Votes,0
Linn,79,"Judge of the Court of Appeals, Position 1",,,Under Votes,219
Linn,80,"Judge of the Court of Appeals, Position 1",,,David Schuman,312
Linn,80,"Judge of the Court of Appeals, Position 1",,,Write-ins,1
Linn,80,"Judge of the Court of Appeals, Position 1",,,Over Votes,0
Linn,80,"Judge of the Court of Appeals, Position 1",,,Under Votes,174
Linn,82,"Judge of the Court of Appeals, Position 1",,,David Schuman,113
Linn,82,"Judge of the Court of Appeals, Position 1",,,Write-ins,2
Linn,82,"Judge of the Court of Appeals, Position 1",,,Over Votes,0
Linn,82,"Judge of the Court of Appeals, Position 1",,,Under Votes,88
Linn,84,"Judge of the Court of Appeals, Position 1",,,David Schuman,238
Linn,84,"Judge of the Court of Appeals, Position 1",,,Write-ins,2
Linn,84,"Judge of the Court of Appeals, Position 1",,,Over Votes,0
Linn,84,"Judge of the Court of Appeals, Position 1",,,Under Votes,117
Linn,86,"Judge of the Court of Appeals, Position 1",,,David Schuman,334
Linn,86,"Judge of the Court of Appeals, Position 1",,,Write-ins,3
Linn,86,"Judge of the Court of Appeals, Position 1",,,Over Votes,0
Linn,86,"Judge of the Court of Appeals, Position 1",,,Under Votes,275
Linn,88,"Judge of the Court of Appeals, Position 1",,,David Schuman,251
Linn,88,"Judge of the Court of Appeals, Position 1",,,Write-ins,5
Linn,88,"Judge of the Court of Appeals, Position 1",,,Over Votes,0
Linn,88,"Judge of the Court of Appeals, Position 1",,,Under Votes,181
Linn,89,"Judge of the Court of Appeals, Position 1",,,David Schuman,236
Linn,89,"Judge of the Court of Appeals, Position 1",,,Write-ins,2
Linn,89,"Judge of the Court of Appeals, Position 1",,,Over Votes,0
Linn,89,"Judge of the Court of Appeals, Position 1",,,Under Votes,170
Linn,91,"Judge of the Court of Appeals, Position 1",,,David Schuman,262
Linn,91,"Judge of the Court of Appeals, Position 1",,,Write-ins,5
Linn,91,"Judge of the Court of Appeals, Position 1",,,Over Votes,0
Linn,91,"Judge of the Court of Appeals, Position 1",,,Under Votes,166
Linn,92,"Judge of the Court of Appeals, Position 1",,,David Schuman,472
Linn,92,"Judge of the Court of Appeals, Position 1",,,Write-ins,0
Linn,92,"Judge of the Court of Appeals, Position 1",,,Over Votes,0
Linn,92,"Judge of the Court of Appeals, Position 1",,,Under Votes,298
Linn,93,"Judge of the Court of Appeals, Position 1",,,David Schuman,329
Linn,93,"Judge of the Court of Appeals, Position 1",,,Write-ins,5
Linn,93,"Judge of the Court of Appeals, Position 1",,,Over Votes,0
Linn,93,"Judge of the Court of Appeals, Position 1",,,Under Votes,245
Linn,94,"Judge of the Court of Appeals, Position 1",,,David Schuman,190
Linn,94,"Judge of the Court of Appeals, Position 1",,,Write-ins,9
Linn,94,"Judge of the Court of Appeals, Position 1",,,Over Votes,0
Linn,94,"Judge of the Court of Appeals, Position 1",,,Under Votes,142
Linn,95,"Judge of the Court of Appeals, Position 1",,,David Schuman,286
Linn,95,"Judge of the Court of Appeals, Position 1",,,Write-ins,4
Linn,95,"Judge of the Court of Appeals, Position 1",,,Over Votes,0
Linn,95,"Judge of the Court of Appeals, Position 1",,,Under Votes,221
Linn,96,"Judge of the Court of Appeals, Position 1",,,David Schuman,341
Linn,96,"Judge of the Court of Appeals, Position 1",,,Write-ins,1
Linn,96,"Judge of the Court of Appeals, Position 1",,,Over Votes,0
Linn,96,"Judge of the Court of Appeals, Position 1",,,Under Votes,226
Linn,97,"Judge of the Court of Appeals, Position 1",,,David Schuman,413
Linn,97,"Judge of the Court of Appeals, Position 1",,,Write-ins,3
Linn,97,"Judge of the Court of Appeals, Position 1",,,Over Votes,0
Linn,97,"Judge of the Court of Appeals, Position 1",,,Under Votes,338
Linn,99,"Judge of the Court of Appeals, Position 1",,,David Schuman,112
Linn,99,"Judge of the Court of Appeals, Position 1",,,Write-ins,1
Linn,99,"Judge of the Court of Appeals, Position 1",,,Over Votes,0
Linn,99,"Judge of the Court of Appeals, Position 1",,,Under Votes,77
Linn,100,"Judge of the Court of Appeals, Position 1",,,David Schuman,376
Linn,100,"Judge of the Court of Appeals, Position 1",,,Write-ins,8
Linn,100,"Judge of the Court of Appeals, Position 1",,,Over Votes,0
Linn,100,"Judge of the Court of Appeals, Position 1",,,Under Votes,267
Linn,101,"Judge of the Court of Appeals, Position 1",,,David Schuman,148
Linn,101,"Judge of the Court of Appeals, Position 1",,,Write-ins,2
Linn,101,"Judge of the Court of Appeals, Position 1",,,Over Votes,0
Linn,101,"Judge of the Court of Appeals, Position 1",,,Under Votes,138
Linn,102,"Judge of the Court of Appeals, Position 1",,,David Schuman,360
Linn,102,"Judge of the Court of Appeals, Position 1",,,Write-ins,4
Linn,102,"Judge of the Court of Appeals, Position 1",,,Over Votes,0
Linn,102,"Judge of the Court of Appeals, Position 1",,,Under Votes,230
Linn,103,"Judge of the Court of Appeals, Position 1",,,David Schuman,274
Linn,103,"Judge of the Court of Appeals, Position 1",,,Write-ins,2
Linn,103,"Judge of the Court of Appeals, Position 1",,,Over Votes,0
Linn,103,"Judge of the Court of Appeals, Position 1",,,Under Votes,268
Linn,104,"Judge of the Court of Appeals, Position 1",,,David Schuman,180
Linn,104,"Judge of the Court of Appeals, Position 1",,,Write-ins,1
Linn,104,"Judge of the Court of Appeals, Position 1",,,Over Votes,0
Linn,104,"Judge of the Court of Appeals, Position 1",,,Under Votes,150
Linn,105,"Judge of the Court of Appeals, Position 1",,,David Schuman,176
Linn,105,"Judge of the Court of Appeals, Position 1",,,Write-ins,2
Linn,105,"Judge of the Court of Appeals, Position 1",,,Over Votes,0
Linn,105,"Judge of the Court of Appeals, Position 1",,,Under Votes,113
Linn,106,"Judge of the Court of Appeals, Position 1",,,David Schuman,201
Linn,106,"Judge of the Court of Appeals, Position 1",,,Write-ins,0
Linn,106,"Judge of the Court of Appeals, Position 1",,,Over Votes,0
Linn,106,"Judge of the Court of Appeals, Position 1",,,Under Votes,166
Linn,107,"Judge of the Court of Appeals, Position 1",,,David Schuman,351
Linn,107,"Judge of the Court of Appeals, Position 1",,,Write-ins,1
Linn,107,"Judge of the Court of Appeals, Position 1",,,Over Votes,0
Linn,107,"Judge of the Court of Appeals, Position 1",,,Under Votes,245
Linn,108,"Judge of the Court of Appeals, Position 1",,,David Schuman,506
Linn,108,"Judge of the Court of Appeals, Position 1",,,Write-ins,2
Linn,108,"Judge of the Court of Appeals, Position 1",,,Over Votes,0
Linn,108,"Judge of the Court of Appeals, Position 1",,,Under Votes,325
Linn,1,"Judge of the Court of Appeals, Position 2",,,Walt Edmonds,197
Linn,1,"Judge of the Court of Appeals, Position 2",,,Write-ins,1
Linn,1,"Judge of the Court of Appeals, Position 2",,,Over Votes,0
Linn,1,"Judge of the Court of Appeals, Position 2",,,Under Votes,168
Linn,3,"Judge of the Court of Appeals, Position 2",,,Walt Edmonds,145
Linn,3,"Judge of the Court of Appeals, Position 2",,,Write-ins,2
Linn,3,"Judge of the Court of Appeals, Position 2",,,Over Votes,0
Linn,3,"Judge of the Court of Appeals, Position 2",,,Under Votes,135
Linn,5,"Judge of the Court of Appeals, Position 2",,,Walt Edmonds,187
Linn,5,"Judge of the Court of Appeals, Position 2",,,Write-ins,1
Linn,5,"Judge of the Court of Appeals, Position 2",,,Over Votes,0
Linn,5,"Judge of the Court of Appeals, Position 2",,,Under Votes,120
Linn,8,"Judge of the Court of Appeals, Position 2",,,Walt Edmonds,223
Linn,8,"Judge of the Court of Appeals, Position 2",,,Write-ins,0
Linn,8,"Judge of the Court of Appeals, Position 2",,,Over Votes,0
Linn,8,"Judge of the Court of Appeals, Position 2",,,Under Votes,165
Linn,11,"Judge of the Court of Appeals, Position 2",,,Walt Edmonds,137
Linn,11,"Judge of the Court of Appeals, Position 2",,,Write-ins,0
Linn,11,"Judge of the Court of Appeals, Position 2",,,Over Votes,0
Linn,11,"Judge of the Court of Appeals, Position 2",,,Under Votes,117
Linn,14,"Judge of the Court of Appeals, Position 2",,,Walt Edmonds,189
Linn,14,"Judge of the Court of Appeals, Position 2",,,Write-ins,1
Linn,14,"Judge of the Court of Appeals, Position 2",,,Over Votes,0
Linn,14,"Judge of the Court of Appeals, Position 2",,,Under Votes,123
Linn,15,"Judge of the Court of Appeals, Position 2",,,Walt Edmonds,65
Linn,15,"Judge of the Court of Appeals, Position 2",,,Write-ins,0
Linn,15,"Judge of the Court of Appeals, Position 2",,,Over Votes,0
Linn,15,"Judge of the Court of Appeals, Position 2",,,Under Votes,60
Linn,16,"Judge of the Court of Appeals, Position 2",,,Walt Edmonds,206
Linn,16,"Judge of the Court of Appeals, Position 2",,,Write-ins,4
Linn,16,"Judge of the Court of Appeals, Position 2",,,Over Votes,0
Linn,16,"Judge of the Court of Appeals, Position 2",,,Under Votes,153
Linn,18,"Judge of the Court of Appeals, Position 2",,,Walt Edmonds,627
Linn,18,"Judge of the Court of Appeals, Position 2",,,Write-ins,8
Linn,18,"Judge of the Court of Appeals, Position 2",,,Over Votes,0
Linn,18,"Judge of the Court of Appeals, Position 2",,,Under Votes,457
Linn,19,"Judge of the Court of Appeals, Position 2",,,Walt Edmonds,267
Linn,19,"Judge of the Court of Appeals, Position 2",,,Write-ins,0
Linn,19,"Judge of the Court of Appeals, Position 2",,,Over Votes,0
Linn,19,"Judge of the Court of Appeals, Position 2",,,Under Votes,208
Linn,20,"Judge of the Court of Appeals, Position 2",,,Walt Edmonds,130
Linn,20,"Judge of the Court of Appeals, Position 2",,,Write-ins,2
Linn,20,"Judge of the Court of Appeals, Position 2",,,Over Votes,0
Linn,20,"Judge of the Court of Appeals, Position 2",,,Under Votes,147
Linn,21,"Judge of the Court of Appeals, Position 2",,,Walt Edmonds,111
Linn,21,"Judge of the Court of Appeals, Position 2",,,Write-ins,1
Linn,21,"Judge of the Court of Appeals, Position 2",,,Over Votes,0
Linn,21,"Judge of the Court of Appeals, Position 2",,,Under Votes,84
Linn,22,"Judge of the Court of Appeals, Position 2",,,Walt Edmonds,8
Linn,22,"Judge of the Court of Appeals, Position 2",,,Write-ins,0
Linn,22,"Judge of the Court of Appeals, Position 2",,,Over Votes,0
Linn,22,"Judge of the Court of Appeals, Position 2",,,Under Votes,13
Linn,23,"Judge of the Court of Appeals, Position 2",,,Walt Edmonds,255
Linn,23,"Judge of the Court of Appeals, Position 2",,,Write-ins,3
Linn,23,"Judge of the Court of Appeals, Position 2",,,Over Votes,0
Linn,23,"Judge of the Court of Appeals, Position 2",,,Under Votes,240
Linn,25,"Judge of the Court of Appeals, Position 2",,,Walt Edmonds,231
Linn,25,"Judge of the Court of Appeals, Position 2",,,Write-ins,1
Linn,25,"Judge of the Court of Appeals, Position 2",,,Over Votes,0
Linn,25,"Judge of the Court of Appeals, Position 2",,,Under Votes,159
Linn,26,"Judge of the Court of Appeals, Position 2",,,Walt Edmonds,82
Linn,26,"Judge of the Court of Appeals, Position 2",,,Write-ins,0
Linn,26,"Judge of the Court of Appeals, Position 2",,,Over Votes,0
Linn,26,"Judge of the Court of Appeals, Position 2",,,Under Votes,51
Linn,27,"Judge of the Court of Appeals, Position 2",,,Walt Edmonds,160
Linn,27,"Judge of the Court of Appeals, Position 2",,,Write-ins,4
Linn,27,"Judge of the Court of Appeals, Position 2",,,Over Votes,0
Linn,27,"Judge of the Court of Appeals, Position 2",,,Under Votes,141
Linn,28,"Judge of the Court of Appeals, Position 2",,,Walt Edmonds,183
Linn,28,"Judge of the Court of Appeals, Position 2",,,Write-ins,0
Linn,28,"Judge of the Court of Appeals, Position 2",,,Over Votes,0
Linn,28,"Judge of the Court of Appeals, Position 2",,,Under Votes,112
Linn,29,"Judge of the Court of Appeals, Position 2",,,Walt Edmonds,450
Linn,29,"Judge of the Court of Appeals, Position 2",,,Write-ins,3
Linn,29,"Judge of the Court of Appeals, Position 2",,,Over Votes,0
Linn,29,"Judge of the Court of Appeals, Position 2",,,Under Votes,340
Linn,30,"Judge of the Court of Appeals, Position 2",,,Walt Edmonds,54
Linn,30,"Judge of the Court of Appeals, Position 2",,,Write-ins,0
Linn,30,"Judge of the Court of Appeals, Position 2",,,Over Votes,0
Linn,30,"Judge of the Court of Appeals, Position 2",,,Under Votes,53
Linn,31,"Judge of the Court of Appeals, Position 2",,,Walt Edmonds,250
Linn,31,"Judge of the Court of Appeals, Position 2",,,Write-ins,1
Linn,31,"Judge of the Court of Appeals, Position 2",,,Over Votes,0
Linn,31,"Judge of the Court of Appeals, Position 2",,,Under Votes,223
Linn,32,"Judge of the Court of Appeals, Position 2",,,Walt Edmonds,162
Linn,32,"Judge of the Court of Appeals, Position 2",,,Write-ins,1
Linn,32,"Judge of the Court of Appeals, Position 2",,,Over Votes,0
Linn,32,"Judge of the Court of Appeals, Position 2",,,Under Votes,188
Linn,34,"Judge of the Court of Appeals, Position 2",,,Walt Edmonds,83
Linn,34,"Judge of the Court of Appeals, Position 2",,,Write-ins,0
Linn,34,"Judge of the Court of Appeals, Position 2",,,Over Votes,0
Linn,34,"Judge of the Court of Appeals, Position 2",,,Under Votes,87
Linn,35,"Judge of the Court of Appeals, Position 2",,,Walt Edmonds,341
Linn,35,"Judge of the Court of Appeals, Position 2",,,Write-ins,3
Linn,35,"Judge of the Court of Appeals, Position 2",,,Over Votes,0
Linn,35,"Judge of the Court of Appeals, Position 2",,,Under Votes,304
Linn,36,"Judge of the Court of Appeals, Position 2",,,Walt Edmonds,266
Linn,36,"Judge of the Court of Appeals, Position 2",,,Write-ins,2
Linn,36,"Judge of the Court of Appeals, Position 2",,,Over Votes,0
Linn,36,"Judge of the Court of Appeals, Position 2",,,Under Votes,164
Linn,37,"Judge of the Court of Appeals, Position 2",,,Walt Edmonds,268
Linn,37,"Judge of the Court of Appeals, Position 2",,,Write-ins,3
Linn,37,"Judge of the Court of Appeals, Position 2",,,Over Votes,0
Linn,37,"Judge of the Court of Appeals, Position 2",,,Under Votes,202
Linn,38,"Judge of the Court of Appeals, Position 2",,,Walt Edmonds,237
Linn,38,"Judge of the Court of Appeals, Position 2",,,Write-ins,6
Linn,38,"Judge of the Court of Appeals, Position 2",,,Over Votes,0
Linn,38,"Judge of the Court of Appeals, Position 2",,,Under Votes,163
Linn,39,"Judge of the Court of Appeals, Position 2",,,Walt Edmonds,199
Linn,39,"Judge of the Court of Appeals, Position 2",,,Write-ins,1
Linn,39,"Judge of the Court of Appeals, Position 2",,,Over Votes,0
Linn,39,"Judge of the Court of Appeals, Position 2",,,Under Votes,141
Linn,41,"Judge of the Court of Appeals, Position 2",,,Walt Edmonds,167
Linn,41,"Judge of the Court of Appeals, Position 2",,,Write-ins,2
Linn,41,"Judge of the Court of Appeals, Position 2",,,Over Votes,0
Linn,41,"Judge of the Court of Appeals, Position 2",,,Under Votes,113
Linn,43,"Judge of the Court of Appeals, Position 2",,,Walt Edmonds,212
Linn,43,"Judge of the Court of Appeals, Position 2",,,Write-ins,1
Linn,43,"Judge of the Court of Appeals, Position 2",,,Over Votes,0
Linn,43,"Judge of the Court of Appeals, Position 2",,,Under Votes,143
Linn,44,"Judge of the Court of Appeals, Position 2",,,Walt Edmonds,313
Linn,44,"Judge of the Court of Appeals, Position 2",,,Write-ins,1
Linn,44,"Judge of the Court of Appeals, Position 2",,,Over Votes,0
Linn,44,"Judge of the Court of Appeals, Position 2",,,Under Votes,255
Linn,45,"Judge of the Court of Appeals, Position 2",,,Walt Edmonds,255
Linn,45,"Judge of the Court of Appeals, Position 2",,,Write-ins,0
Linn,45,"Judge of the Court of Appeals, Position 2",,,Over Votes,0
Linn,45,"Judge of the Court of Appeals, Position 2",,,Under Votes,180
Linn,46,"Judge of the Court of Appeals, Position 2",,,Walt Edmonds,297
Linn,46,"Judge of the Court of Appeals, Position 2",,,Write-ins,2
Linn,46,"Judge of the Court of Appeals, Position 2",,,Over Votes,0
Linn,46,"Judge of the Court of Appeals, Position 2",,,Under Votes,207
Linn,47,"Judge of the Court of Appeals, Position 2",,,Walt Edmonds,81
Linn,47,"Judge of the Court of Appeals, Position 2",,,Write-ins,1
Linn,47,"Judge of the Court of Appeals, Position 2",,,Over Votes,0
Linn,47,"Judge of the Court of Appeals, Position 2",,,Under Votes,95
Linn,48,"Judge of the Court of Appeals, Position 2",,,Walt Edmonds,370
Linn,48,"Judge of the Court of Appeals, Position 2",,,Write-ins,0
Linn,48,"Judge of the Court of Appeals, Position 2",,,Over Votes,0
Linn,48,"Judge of the Court of Appeals, Position 2",,,Under Votes,254
Linn,49,"Judge of the Court of Appeals, Position 2",,,Walt Edmonds,23
Linn,49,"Judge of the Court of Appeals, Position 2",,,Write-ins,0
Linn,49,"Judge of the Court of Appeals, Position 2",,,Over Votes,0
Linn,49,"Judge of the Court of Appeals, Position 2",,,Under Votes,7
Linn,51,"Judge of the Court of Appeals, Position 2",,,Walt Edmonds,183
Linn,51,"Judge of the Court of Appeals, Position 2",,,Write-ins,2
Linn,51,"Judge of the Court of Appeals, Position 2",,,Over Votes,0
Linn,51,"Judge of the Court of Appeals, Position 2",,,Under Votes,179
Linn,52,"Judge of the Court of Appeals, Position 2",,,Walt Edmonds,97
Linn,52,"Judge of the Court of Appeals, Position 2",,,Write-ins,2
Linn,52,"Judge of the Court of Appeals, Position 2",,,Over Votes,0
Linn,52,"Judge of the Court of Appeals, Position 2",,,Under Votes,76
Linn,53,"Judge of the Court of Appeals, Position 2",,,Walt Edmonds,240
Linn,53,"Judge of the Court of Appeals, Position 2",,,Write-ins,2
Linn,53,"Judge of the Court of Appeals, Position 2",,,Over Votes,0
Linn,53,"Judge of the Court of Appeals, Position 2",,,Under Votes,169
Linn,54,"Judge of the Court of Appeals, Position 2",,,Walt Edmonds,114
Linn,54,"Judge of the Court of Appeals, Position 2",,,Write-ins,2
Linn,54,"Judge of the Court of Appeals, Position 2",,,Over Votes,0
Linn,54,"Judge of the Court of Appeals, Position 2",,,Under Votes,104
Linn,55,"Judge of the Court of Appeals, Position 2",,,Walt Edmonds,163
Linn,55,"Judge of the Court of Appeals, Position 2",,,Write-ins,0
Linn,55,"Judge of the Court of Appeals, Position 2",,,Over Votes,0
Linn,55,"Judge of the Court of Appeals, Position 2",,,Under Votes,146
Linn,56,"Judge of the Court of Appeals, Position 2",,,Walt Edmonds,198
Linn,56,"Judge of the Court of Appeals, Position 2",,,Write-ins,1
Linn,56,"Judge of the Court of Appeals, Position 2",,,Over Votes,0
Linn,56,"Judge of the Court of Appeals, Position 2",,,Under Votes,173
Linn,57,"Judge of the Court of Appeals, Position 2",,,Walt Edmonds,91
Linn,57,"Judge of the Court of Appeals, Position 2",,,Write-ins,0
Linn,57,"Judge of the Court of Appeals, Position 2",,,Over Votes,0
Linn,57,"Judge of the Court of Appeals, Position 2",,,Under Votes,56
Linn,59,"Judge of the Court of Appeals, Position 2",,,Walt Edmonds,139
Linn,59,"Judge of the Court of Appeals, Position 2",,,Write-ins,2
Linn,59,"Judge of the Court of Appeals, Position 2",,,Over Votes,0
Linn,59,"Judge of the Court of Appeals, Position 2",,,Under Votes,115
Linn,61,"Judge of the Court of Appeals, Position 2",,,Walt Edmonds,110
Linn,61,"Judge of the Court of Appeals, Position 2",,,Write-ins,0
Linn,61,"Judge of the Court of Appeals, Position 2",,,Over Votes,0
Linn,61,"Judge of the Court of Appeals, Position 2",,,Under Votes,87
Linn,62,"Judge of the Court of Appeals, Position 2",,,Walt Edmonds,210
Linn,62,"Judge of the Court of Appeals, Position 2",,,Write-ins,1
Linn,62,"Judge of the Court of Appeals, Position 2",,,Over Votes,0
Linn,62,"Judge of the Court of Appeals, Position 2",,,Under Votes,156
Linn,63,"Judge of the Court of Appeals, Position 2",,,Walt Edmonds,540
Linn,63,"Judge of the Court of Appeals, Position 2",,,Write-ins,4
Linn,63,"Judge of the Court of Appeals, Position 2",,,Over Votes,0
Linn,63,"Judge of the Court of Appeals, Position 2",,,Under Votes,445
Linn,65,"Judge of the Court of Appeals, Position 2",,,Walt Edmonds,22
Linn,65,"Judge of the Court of Appeals, Position 2",,,Write-ins,0
Linn,65,"Judge of the Court of Appeals, Position 2",,,Over Votes,0
Linn,65,"Judge of the Court of Appeals, Position 2",,,Under Votes,7
Linn,66,"Judge of the Court of Appeals, Position 2",,,Walt Edmonds,75
Linn,66,"Judge of the Court of Appeals, Position 2",,,Write-ins,1
Linn,66,"Judge of the Court of Appeals, Position 2",,,Over Votes,0
Linn,66,"Judge of the Court of Appeals, Position 2",,,Under Votes,57
Linn,70,"Judge of the Court of Appeals, Position 2",,,Walt Edmonds,341
Linn,70,"Judge of the Court of Appeals, Position 2",,,Write-ins,9
Linn,70,"Judge of the Court of Appeals, Position 2",,,Over Votes,0
Linn,70,"Judge of the Court of Appeals, Position 2",,,Under Votes,337
Linn,73,"Judge of the Court of Appeals, Position 2",,,Walt Edmonds,223
Linn,73,"Judge of the Court of Appeals, Position 2",,,Write-ins,5
Linn,73,"Judge of the Court of Appeals, Position 2",,,Over Votes,0
Linn,73,"Judge of the Court of Appeals, Position 2",,,Under Votes,226
Linn,75,"Judge of the Court of Appeals, Position 2",,,Walt Edmonds,216
Linn,75,"Judge of the Court of Appeals, Position 2",,,Write-ins,1
Linn,75,"Judge of the Court of Appeals, Position 2",,,Over Votes,1
Linn,75,"Judge of the Court of Appeals, Position 2",,,Under Votes,238
Linn,77,"Judge of the Court of Appeals, Position 2",,,Walt Edmonds,115
Linn,77,"Judge of the Court of Appeals, Position 2",,,Write-ins,0
Linn,77,"Judge of the Court of Appeals, Position 2",,,Over Votes,0
Linn,77,"Judge of the Court of Appeals, Position 2",,,Under Votes,95
Linn,78,"Judge of the Court of Appeals, Position 2",,,Walt Edmonds,238
Linn,78,"Judge of the Court of Appeals, Position 2",,,Write-ins,1
Linn,78,"Judge of the Court of Appeals, Position 2",,,Over Votes,0
Linn,78,"Judge of the Court of Appeals, Position 2",,,Under Votes,140
Linn,79,"Judge of the Court of Appeals, Position 2",,,Walt Edmonds,355
Linn,79,"Judge of the Court of Appeals, Position 2",,,Write-ins,3
Linn,79,"Judge of the Court of Appeals, Position 2",,,Over Votes,0
Linn,79,"Judge of the Court of Appeals, Position 2",,,Under Votes,233
Linn,80,"Judge of the Court of Appeals, Position 2",,,Walt Edmonds,304
Linn,80,"Judge of the Court of Appeals, Position 2",,,Write-ins,1
Linn,80,"Judge of the Court of Appeals, Position 2",,,Over Votes,0
Linn,80,"Judge of the Court of Appeals, Position 2",,,Under Votes,182
Linn,82,"Judge of the Court of Appeals, Position 2",,,Walt Edmonds,109
Linn,82,"Judge of the Court of Appeals, Position 2",,,Write-ins,2
Linn,82,"Judge of the Court of Appeals, Position 2",,,Over Votes,0
Linn,82,"Judge of the Court of Appeals, Position 2",,,Under Votes,92
Linn,84,"Judge of the Court of Appeals, Position 2",,,Walt Edmonds,236
Linn,84,"Judge of the Court of Appeals, Position 2",,,Write-ins,2
Linn,84,"Judge of the Court of Appeals, Position 2",,,Over Votes,0
Linn,84,"Judge of the Court of Appeals, Position 2",,,Under Votes,119
Linn,86,"Judge of the Court of Appeals, Position 2",,,Walt Edmonds,322
Linn,86,"Judge of the Court of Appeals, Position 2",,,Write-ins,4
Linn,86,"Judge of the Court of Appeals, Position 2",,,Over Votes,0
Linn,86,"Judge of the Court of Appeals, Position 2",,,Under Votes,286
Linn,88,"Judge of the Court of Appeals, Position 2",,,Walt Edmonds,250
Linn,88,"Judge of the Court of Appeals, Position 2",,,Write-ins,2
Linn,88,"Judge of the Court of Appeals, Position 2",,,Over Votes,0
Linn,88,"Judge of the Court of Appeals, Position 2",,,Under Votes,185
Linn,89,"Judge of the Court of Appeals, Position 2",,,Walt Edmonds,234
Linn,89,"Judge of the Court of Appeals, Position 2",,,Write-ins,0
Linn,89,"Judge of the Court of Appeals, Position 2",,,Over Votes,0
Linn,89,"Judge of the Court of Appeals, Position 2",,,Under Votes,174
Linn,91,"Judge of the Court of Appeals, Position 2",,,Walt Edmonds,257
Linn,91,"Judge of the Court of Appeals, Position 2",,,Write-ins,4
Linn,91,"Judge of the Court of Appeals, Position 2",,,Over Votes,0
Linn,91,"Judge of the Court of Appeals, Position 2",,,Under Votes,172
Linn,92,"Judge of the Court of Appeals, Position 2",,,Walt Edmonds,470
Linn,92,"Judge of the Court of Appeals, Position 2",,,Write-ins,0
Linn,92,"Judge of the Court of Appeals, Position 2",,,Over Votes,0
Linn,92,"Judge of the Court of Appeals, Position 2",,,Under Votes,300
Linn,93,"Judge of the Court of Appeals, Position 2",,,Walt Edmonds,326
Linn,93,"Judge of the Court of Appeals, Position 2",,,Write-ins,4
Linn,93,"Judge of the Court of Appeals, Position 2",,,Over Votes,0
Linn,93,"Judge of the Court of Appeals, Position 2",,,Under Votes,249
Linn,94,"Judge of the Court of Appeals, Position 2",,,Walt Edmonds,190
Linn,94,"Judge of the Court of Appeals, Position 2",,,Write-ins,8
Linn,94,"Judge of the Court of Appeals, Position 2",,,Over Votes,0
Linn,94,"Judge of the Court of Appeals, Position 2",,,Under Votes,143
Linn,95,"Judge of the Court of Appeals, Position 2",,,Walt Edmonds,280
Linn,95,"Judge of the Court of Appeals, Position 2",,,Write-ins,5
Linn,95,"Judge of the Court of Appeals, Position 2",,,Over Votes,0
Linn,95,"Judge of the Court of Appeals, Position 2",,,Under Votes,226
Linn,96,"Judge of the Court of Appeals, Position 2",,,Walt Edmonds,336
Linn,96,"Judge of the Court of Appeals, Position 2",,,Write-ins,1
Linn,96,"Judge of the Court of Appeals, Position 2",,,Over Votes,0
Linn,96,"Judge of the Court of Appeals, Position 2",,,Under Votes,231
Linn,97,"Judge of the Court of Appeals, Position 2",,,Walt Edmonds,411
Linn,97,"Judge of the Court of Appeals, Position 2",,,Write-ins,3
Linn,97,"Judge of the Court of Appeals, Position 2",,,Over Votes,0
Linn,97,"Judge of the Court of Appeals, Position 2",,,Under Votes,340
Linn,99,"Judge of the Court of Appeals, Position 2",,,Walt Edmonds,108
Linn,99,"Judge of the Court of Appeals, Position 2",,,Write-ins,1
Linn,99,"Judge of the Court of Appeals, Position 2",,,Over Votes,0
Linn,99,"Judge of the Court of Appeals, Position 2",,,Under Votes,81
Linn,100,"Judge of the Court of Appeals, Position 2",,,Walt Edmonds,373
Linn,100,"Judge of the Court of Appeals, Position 2",,,Write-ins,4
Linn,100,"Judge of the Court of Appeals, Position 2",,,Over Votes,1
Linn,100,"Judge of the Court of Appeals, Position 2",,,Under Votes,273
Linn,101,"Judge of the Court of Appeals, Position 2",,,Walt Edmonds,141
Linn,101,"Judge of the Court of Appeals, Position 2",,,Write-ins,1
Linn,101,"Judge of the Court of Appeals, Position 2",,,Over Votes,0
Linn,101,"Judge of the Court of Appeals, Position 2",,,Under Votes,146
Linn,102,"Judge of the Court of Appeals, Position 2",,,Walt Edmonds,355
Linn,102,"Judge of the Court of Appeals, Position 2",,,Write-ins,4
Linn,102,"Judge of the Court of Appeals, Position 2",,,Over Votes,0
Linn,102,"Judge of the Court of Appeals, Position 2",,,Under Votes,235
Linn,103,"Judge of the Court of Appeals, Position 2",,,Walt Edmonds,267
Linn,103,"Judge of the Court of Appeals, Position 2",,,Write-ins,3
Linn,103,"Judge of the Court of Appeals, Position 2",,,Over Votes,0
Linn,103,"Judge of the Court of Appeals, Position 2",,,Under Votes,274
Linn,104,"Judge of the Court of Appeals, Position 2",,,Walt Edmonds,174
Linn,104,"Judge of the Court of Appeals, Position 2",,,Write-ins,1
Linn,104,"Judge of the Court of Appeals, Position 2",,,Over Votes,0
Linn,104,"Judge of the Court of Appeals, Position 2",,,Under Votes,156
Linn,105,"Judge of the Court of Appeals, Position 2",,,Walt Edmonds,180
Linn,105,"Judge of the Court of Appeals, Position 2",,,Write-ins,1
Linn,105,"Judge of the Court of Appeals, Position 2",,,Over Votes,0
Linn,105,"Judge of the Court of Appeals, Position 2",,,Under Votes,110
Linn,106,"Judge of the Court of Appeals, Position 2",,,Walt Edmonds,196
Linn,106,"Judge of the Court of Appeals, Position 2",,,Write-ins,1
Linn,106,"Judge of the Court of Appeals, Position 2",,,Over Votes,0
Linn,106,"Judge of the Court of Appeals, Position 2",,,Under Votes,170
Linn,107,"Judge of the Court of Appeals, Position 2",,,Walt Edmonds,348
Linn,107,"Judge of the Court of Appeals, Position 2",,,Write-ins,2
Linn,107,"Judge of the Court of Appeals, Position 2",,,Over Votes,0
Linn,107,"Judge of the Court of Appeals, Position 2",,,Under Votes,247
Linn,108,"Judge of the Court of Appeals, Position 2",,,Walt Edmonds,491
Linn,108,"Judge of the Court of Appeals, Position 2",,,Write-ins,6
Linn,108,"Judge of the Court of Appeals, Position 2",,,Over Votes,0
Linn,108,"Judge of the Court of Appeals, Position 2",,,Under Votes,336
Linn,1,Judge of the Oregon Tax Court,,,Henry C. Breithaupt,198
Linn,1,Judge of the Oregon Tax Court,,,Write-ins,2
Linn,1,Judge of the Oregon Tax Court,,,Over Votes,0
Linn,1,Judge of the Oregon Tax Court,,,Under Votes,166
Linn,3,Judge of the Oregon Tax Court,,,Henry C. Breithaupt,141
Linn,3,Judge of the Oregon Tax Court,,,Write-ins,0
Linn,3,Judge of the Oregon Tax Court,,,Over Votes,0
Linn,3,Judge of the Oregon Tax Court,,,Under Votes,141
Linn,5,Judge of the Oregon Tax Court,,,Henry C. Breithaupt,187
Linn,5,Judge of the Oregon Tax Court,,,Write-ins,1
Linn,5,Judge of the Oregon Tax Court,,,Over Votes,0
Linn,5,Judge of the Oregon Tax Court,,,Under Votes,120
Linn,8,Judge of the Oregon Tax Court,,,Henry C. Breithaupt,222
Linn,8,Judge of the Oregon Tax Court,,,Write-ins,1
Linn,8,Judge of the Oregon Tax Court,,,Over Votes,0
Linn,8,Judge of the Oregon Tax Court,,,Under Votes,165
Linn,11,Judge of the Oregon Tax Court,,,Henry C. Breithaupt,137
Linn,11,Judge of the Oregon Tax Court,,,Write-ins,1
Linn,11,Judge of the Oregon Tax Court,,,Over Votes,0
Linn,11,Judge of the Oregon Tax Court,,,Under Votes,116
Linn,14,Judge of the Oregon Tax Court,,,Henry C. Breithaupt,193
Linn,14,Judge of the Oregon Tax Court,,,Write-ins,1
Linn,14,Judge of the Oregon Tax Court,,,Over Votes,0
Linn,14,Judge of the Oregon Tax Court,,,Under Votes,119
Linn,15,Judge of the Oregon Tax Court,,,Henry C. Breithaupt,65
Linn,15,Judge of the Oregon Tax Court,,,Write-ins,0
Linn,15,Judge of the Oregon Tax Court,,,Over Votes,0
Linn,15,Judge of the Oregon Tax Court,,,Under Votes,60
Linn,16,Judge of the Oregon Tax Court,,,Henry C. Breithaupt,206
Linn,16,Judge of the Oregon Tax Court,,,Write-ins,4
Linn,16,Judge of the Oregon Tax Court,,,Over Votes,0
Linn,16,Judge of the Oregon Tax Court,,,Under Votes,153
Linn,18,Judge of the Oregon Tax Court,,,Henry C. Breithaupt,626
Linn,18,Judge of the Oregon Tax Court,,,Write-ins,5
Linn,18,Judge of the Oregon Tax Court,,,Over Votes,0
Linn,18,Judge of the Oregon Tax Court,,,Under Votes,461
Linn,19,Judge of the Oregon Tax Court,,,Henry C. Breithaupt,268
Linn,19,Judge of the Oregon Tax Court,,,Write-ins,0
Linn,19,Judge of the Oregon Tax Court,,,Over Votes,0
Linn,19,Judge of the Oregon Tax Court,,,Under Votes,207
Linn,20,Judge of the Oregon Tax Court,,,Henry C. Breithaupt,131
Linn,20,Judge of the Oregon Tax Court,,,Write-ins,2
Linn,20,Judge of the Oregon Tax Court,,,Over Votes,0
Linn,20,Judge of the Oregon Tax Court,,,Under Votes,146
Linn,21,Judge of the Oregon Tax Court,,,Henry C. Breithaupt,111
Linn,21,Judge of the Oregon Tax Court,,,Write-ins,2
Linn,21,Judge of the Oregon Tax Court,,,Over Votes,0
Linn,21,Judge of the Oregon Tax Court,,,Under Votes,83
Linn,22,Judge of the Oregon Tax Court,,,Henry C. Breithaupt,8
Linn,22,Judge of the Oregon Tax Court,,,Write-ins,0
Linn,22,Judge of the Oregon Tax Court,,,Over Votes,0
Linn,22,Judge of the Oregon Tax Court,,,Under Votes,13
Linn,23,Judge of the Oregon Tax Court,,,Henry C. Breithaupt,252
Linn,23,Judge of the Oregon Tax Court,,,Write-ins,3
Linn,23,Judge of the Oregon Tax Court,,,Over Votes,0
Linn,23,Judge of the Oregon Tax Court,,,Under Votes,243
Linn,25,Judge of the Oregon Tax Court,,,Henry C. Breithaupt,228
Linn,25,Judge of the Oregon Tax Court,,,Write-ins,1
Linn,25,Judge of the Oregon Tax Court,,,Over Votes,0
Linn,25,Judge of the Oregon Tax Court,,,Under Votes,162
Linn,26,Judge of the Oregon Tax Court,,,Henry C. Breithaupt,81
Linn,26,Judge of the Oregon Tax Court,,,Write-ins,0
Linn,26,Judge of the Oregon Tax Court,,,Over Votes,0
Linn,26,Judge of the Oregon Tax Court,,,Under Votes,52
Linn,27,Judge of the Oregon Tax Court,,,Henry C. Breithaupt,155
Linn,27,Judge of the Oregon Tax Court,,,Write-ins,4
Linn,27,Judge of the Oregon Tax Court,,,Over Votes,0
Linn,27,Judge of the Oregon Tax Court,,,Under Votes,146
Linn,28,Judge of the Oregon Tax Court,,,Henry C. Breithaupt,180
Linn,28,Judge of the Oregon Tax Court,,,Write-ins,1
Linn,28,Judge of the Oregon Tax Court,,,Over Votes,0
Linn,28,Judge of the Oregon Tax Court,,,Under Votes,114
Linn,29,Judge of the Oregon Tax Court,,,Henry C. Breithaupt,447
Linn,29,Judge of the Oregon Tax Court,,,Write-ins,4
Linn,29,Judge of the Oregon Tax Court,,,Over Votes,0
Linn,29,Judge of the Oregon Tax Court,,,Under Votes,342
Linn,30,Judge of the Oregon Tax Court,,,Henry C. Breithaupt,54
Linn,30,Judge of the Oregon Tax Court,,,Write-ins,1
Linn,30,Judge of the Oregon Tax Court,,,Over Votes,0
Linn,30,Judge of the Oregon Tax Court,,,Under Votes,52
Linn,31,Judge of the Oregon Tax Court,,,Henry C. Breithaupt,242
Linn,31,Judge of the Oregon Tax Court,,,Write-ins,1
Linn,31,Judge of the Oregon Tax Court,,,Over Votes,0
Linn,31,Judge of the Oregon Tax Court,,,Under Votes,231
Linn,32,Judge of the Oregon Tax Court,,,Henry C. Breithaupt,165
Linn,32,Judge of the Oregon Tax Court,,,Write-ins,3
Linn,32,Judge of the Oregon Tax Court,,,Over Votes,0
Linn,32,Judge of the Oregon Tax Court,,,Under Votes,183
Linn,34,Judge of the Oregon Tax Court,,,Henry C. Breithaupt,87
Linn,34,Judge of the Oregon Tax Court,,,Write-ins,0
Linn,34,Judge of the Oregon Tax Court,,,Over Votes,0
Linn,34,Judge of the Oregon Tax Court,,,Under Votes,83
Linn,35,Judge of the Oregon Tax Court,,,Henry C. Breithaupt,342
Linn,35,Judge of the Oregon Tax Court,,,Write-ins,4
Linn,35,Judge of the Oregon Tax Court,,,Over Votes,0
Linn,35,Judge of the Oregon Tax Court,,,Under Votes,302
Linn,36,Judge of the Oregon Tax Court,,,Henry C. Breithaupt,262
Linn,36,Judge of the Oregon Tax Court,,,Write-ins,3
Linn,36,Judge of the Oregon Tax Court,,,Over Votes,0
Linn,36,Judge of the Oregon Tax Court,,,Under Votes,167
Linn,37,Judge of the Oregon Tax Court,,,Henry C. Breithaupt,270
Linn,37,Judge of the Oregon Tax Court,,,Write-ins,3
Linn,37,Judge of the Oregon Tax Court,,,Over Votes,0
Linn,37,Judge of the Oregon Tax Court,,,Under Votes,200
Linn,38,Judge of the Oregon Tax Court,,,Henry C. Breithaupt,232
Linn,38,Judge of the Oregon Tax Court,,,Write-ins,4
Linn,38,Judge of the Oregon Tax Court,,,Over Votes,0
Linn,38,Judge of the Oregon Tax Court,,,Under Votes,170
Linn,39,Judge of the Oregon Tax Court,,,Henry C. Breithaupt,198
Linn,39,Judge of the Oregon Tax Court,,,Write-ins,1
Linn,39,Judge of the Oregon Tax Court,,,Over Votes,0
Linn,39,Judge of the Oregon Tax Court,,,Under Votes,142
Linn,41,Judge of the Oregon Tax Court,,,Henry C. Breithaupt,164
Linn,41,Judge of the Oregon Tax Court,,,Write-ins,2
Linn,41,Judge of the Oregon Tax Court,,,Over Votes,0
Linn,41,Judge of the Oregon Tax Court,,,Under Votes,116
Linn,43,Judge of the Oregon Tax Court,,,Henry C. Breithaupt,206
Linn,43,Judge of the Oregon Tax Court,,,Write-ins,2
Linn,43,Judge of the Oregon Tax Court,,,Over Votes,0
Linn,43,Judge of the Oregon Tax Court,,,Under Votes,148
Linn,44,Judge of the Oregon Tax Court,,,Henry C. Breithaupt,308
Linn,44,Judge of the Oregon Tax Court,,,Write-ins,2
Linn,44,Judge of the Oregon Tax Court,,,Over Votes,0
Linn,44,Judge of the Oregon Tax Court,,,Under Votes,259
Linn,45,Judge of the Oregon Tax Court,,,Henry C. Breithaupt,255
Linn,45,Judge of the Oregon Tax Court,,,Write-ins,0
Linn,45,Judge of the Oregon Tax Court,,,Over Votes,0
Linn,45,Judge of the Oregon Tax Court,,,Under Votes,180
Linn,46,Judge of the Oregon Tax Court,,,Henry C. Breithaupt,302
Linn,46,Judge of the Oregon Tax Court,,,Write-ins,2
Linn,46,Judge of the Oregon Tax Court,,,Over Votes,0
Linn,46,Judge of the Oregon Tax Court,,,Under Votes,202
Linn,47,Judge of the Oregon Tax Court,,,Henry C. Breithaupt,81
Linn,47,Judge of the Oregon Tax Court,,,Write-ins,1
Linn,47,Judge of the Oregon Tax Court,,,Over Votes,0
Linn,47,Judge of the Oregon Tax Court,,,Under Votes,95
Linn,48,Judge of the Oregon Tax Court,,,Henry C. Breithaupt,372
Linn,48,Judge of the Oregon Tax Court,,,Write-ins,0
Linn,48,Judge of the Oregon Tax Court,,,Over Votes,0
Linn,48,Judge of the Oregon Tax Court,,,Under Votes,252
Linn,49,Judge of the Oregon Tax Court,,,Henry C. Breithaupt,23
Linn,49,Judge of the Oregon Tax Court,,,Write-ins,0
Linn,49,Judge of the Oregon Tax Court,,,Over Votes,0
Linn,49,Judge of the Oregon Tax Court,,,Under Votes,7
Linn,51,Judge of the Oregon Tax Court,,,Henry C. Breithaupt,182
Linn,51,Judge of the Oregon Tax Court,,,Write-ins,2
Linn,51,Judge of the Oregon Tax Court,,,Over Votes,0
Linn,51,Judge of the Oregon Tax Court,,,Under Votes,180
Linn,52,Judge of the Oregon Tax Court,,,Henry C. Breithaupt,96
Linn,52,Judge of the Oregon Tax Court,,,Write-ins,1
Linn,52,Judge of the Oregon Tax Court,,,Over Votes,0
Linn,52,Judge of the Oregon Tax Court,,,Under Votes,78
Linn,53,Judge of the Oregon Tax Court,,,Henry C. Breithaupt,241
Linn,53,Judge of the Oregon Tax Court,,,Write-ins,2
Linn,53,Judge of the Oregon Tax Court,,,Over Votes,0
Linn,53,Judge of the Oregon Tax Court,,,Under Votes,168
Linn,54,Judge of the Oregon Tax Court,,,Henry C. Breithaupt,116
Linn,54,Judge of the Oregon Tax Court,,,Write-ins,2
Linn,54,Judge of the Oregon Tax Court,,,Over Votes,0
Linn,54,Judge of the Oregon Tax Court,,,Under Votes,102
Linn,55,Judge of the Oregon Tax Court,,,Henry C. Breithaupt,158
Linn,55,Judge of the Oregon Tax Court,,,Write-ins,1
Linn,55,Judge of the Oregon Tax Court,,,Over Votes,0
Linn,55,Judge of the Oregon Tax Court,,,Under Votes,150
Linn,56,Judge of the Oregon Tax Court,,,Henry C. Breithaupt,195
Linn,56,Judge of the Oregon Tax Court,,,Write-ins,1
Linn,56,Judge of the Oregon Tax Court,,,Over Votes,0
Linn,56,Judge of the Oregon Tax Court,,,Under Votes,176
Linn,57,Judge of the Oregon Tax Court,,,Henry C. Breithaupt,89
Linn,57,Judge of the Oregon Tax Court,,,Write-ins,0
Linn,57,Judge of the Oregon Tax Court,,,Over Votes,0
Linn,57,Judge of the Oregon Tax Court,,,Under Votes,58
Linn,59,Judge of the Oregon Tax Court,,,Henry C. Breithaupt,135
Linn,59,Judge of the Oregon Tax Court,,,Write-ins,1
Linn,59,Judge of the Oregon Tax Court,,,Over Votes,0
Linn,59,Judge of the Oregon Tax Court,,,Under Votes,120
Linn,61,Judge of the Oregon Tax Court,,,Henry C. Breithaupt,110
Linn,61,Judge of the Oregon Tax Court,,,Write-ins,0
Linn,61,Judge of the Oregon Tax Court,,,Over Votes,0
Linn,61,Judge of the Oregon Tax Court,,,Under Votes,87
Linn,62,Judge of the Oregon Tax Court,,,Henry C. Breithaupt,211
Linn,62,Judge of the Oregon Tax Court,,,Write-ins,2
Linn,62,Judge of the Oregon Tax Court,,,Over Votes,0
Linn,62,Judge of the Oregon Tax Court,,,Under Votes,154
Linn,63,Judge of the Oregon Tax Court,,,Henry C. Breithaupt,547
Linn,63,Judge of the Oregon Tax Court,,,Write-ins,5
Linn,63,Judge of the Oregon Tax Court,,,Over Votes,0
Linn,63,Judge of the Oregon Tax Court,,,Under Votes,437
Linn,65,Judge of the Oregon Tax Court,,,Henry C. Breithaupt,22
Linn,65,Judge of the Oregon Tax Court,,,Write-ins,0
Linn,65,Judge of the Oregon Tax Court,,,Over Votes,0
Linn,65,Judge of the Oregon Tax Court,,,Under Votes,7
Linn,66,Judge of the Oregon Tax Court,,,Henry C. Breithaupt,75
Linn,66,Judge of the Oregon Tax Court,,,Write-ins,1
Linn,66,Judge of the Oregon Tax Court,,,Over Votes,0
Linn,66,Judge of the Oregon Tax Court,,,Under Votes,57
Linn,70,Judge of the Oregon Tax Court,,,Henry C. Breithaupt,339
Linn,70,Judge of the Oregon Tax Court,,,Write-ins,9
Linn,70,Judge of the Oregon Tax Court,,,Over Votes,0
Linn,70,Judge of the Oregon Tax Court,,,Under Votes,339
Linn,73,Judge of the Oregon Tax Court,,,Henry C. Breithaupt,221
Linn,73,Judge of the Oregon Tax Court,,,Write-ins,3
Linn,73,Judge of the Oregon Tax Court,,,Over Votes,0
Linn,73,Judge of the Oregon Tax Court,,,Under Votes,230
Linn,75,Judge of the Oregon Tax Court,,,Henry C. Breithaupt,218
Linn,75,Judge of the Oregon Tax Court,,,Write-ins,1
Linn,75,Judge of the Oregon Tax Court,,,Over Votes,0
Linn,75,Judge of the Oregon Tax Court,,,Under Votes,237
Linn,77,Judge of the Oregon Tax Court,,,Henry C. Breithaupt,108
Linn,77,Judge of the Oregon Tax Court,,,Write-ins,0
Linn,77,Judge of the Oregon Tax Court,,,Over Votes,0
Linn,77,Judge of the Oregon Tax Court,,,Under Votes,102
Linn,78,Judge of the Oregon Tax Court,,,Henry C. Breithaupt,241
Linn,78,Judge of the Oregon Tax Court,,,Write-ins,0
Linn,78,Judge of the Oregon Tax Court,,,Over Votes,0
Linn,78,Judge of the Oregon Tax Court,,,Under Votes,138
Linn,79,Judge of the Oregon Tax Court,,,Henry C. Breithaupt,359
Linn,79,Judge of the Oregon Tax Court,,,Write-ins,3
Linn,79,Judge of the Oregon Tax Court,,,Over Votes,0
Linn,79,Judge of the Oregon Tax Court,,,Under Votes,229
Linn,80,Judge of the Oregon Tax Court,,,Henry C. Breithaupt,303
Linn,80,Judge of the Oregon Tax Court,,,Write-ins,2
Linn,80,Judge of the Oregon Tax Court,,,Over Votes,0
Linn,80,Judge of the Oregon Tax Court,,,Under Votes,182
Linn,82,Judge of the Oregon Tax Court,,,Henry C. Breithaupt,111
Linn,82,Judge of the Oregon Tax Court,,,Write-ins,1
Linn,82,Judge of the Oregon Tax Court,,,Over Votes,0
Linn,82,Judge of the Oregon Tax Court,,,Under Votes,91
Linn,84,Judge of the Oregon Tax Court,,,Henry C. Breithaupt,237
Linn,84,Judge of the Oregon Tax Court,,,Write-ins,0
Linn,84,Judge of the Oregon Tax Court,,,Over Votes,0
Linn,84,Judge of the Oregon Tax Court,,,Under Votes,120
Linn,86,Judge of the Oregon Tax Court,,,Henry C. Breithaupt,325
Linn,86,Judge of the Oregon Tax Court,,,Write-ins,2
Linn,86,Judge of the Oregon Tax Court,,,Over Votes,0
Linn,86,Judge of the Oregon Tax Court,,,Under Votes,285
Linn,88,Judge of the Oregon Tax Court,,,Henry C. Breithaupt,248
Linn,88,Judge of the Oregon Tax Court,,,Write-ins,1
Linn,88,Judge of the Oregon Tax Court,,,Over Votes,0
Linn,88,Judge of the Oregon Tax Court,,,Under Votes,188
Linn,89,Judge of the Oregon Tax Court,,,Henry C. Breithaupt,235
Linn,89,Judge of the Oregon Tax Court,,,Write-ins,0
Linn,89,Judge of the Oregon Tax Court,,,Over Votes,0
Linn,89,Judge of the Oregon Tax Court,,,Under Votes,173
Linn,91,Judge of the Oregon Tax Court,,,Henry C. Breithaupt,259
Linn,91,Judge of the Oregon Tax Court,,,Write-ins,3
Linn,91,Judge of the Oregon Tax Court,,,Over Votes,0
Linn,91,Judge of the Oregon Tax Court,,,Under Votes,171
Linn,92,Judge of the Oregon Tax Court,,,Henry C. Breithaupt,455
Linn,92,Judge of the Oregon Tax Court,,,Write-ins,1
Linn,92,Judge of the Oregon Tax Court,,,Over Votes,0
Linn,92,Judge of the Oregon Tax Court,,,Under Votes,314
Linn,93,Judge of the Oregon Tax Court,,,Henry C. Breithaupt,322
Linn,93,Judge of the Oregon Tax Court,,,Write-ins,5
Linn,93,Judge of the Oregon Tax Court,,,Over Votes,1
Linn,93,Judge of the Oregon Tax Court,,,Under Votes,251
Linn,94,Judge of the Oregon Tax Court,,,Henry C. Breithaupt,190
Linn,94,Judge of the Oregon Tax Court,,,Write-ins,6
Linn,94,Judge of the Oregon Tax Court,,,Over Votes,0
Linn,94,Judge of the Oregon Tax Court,,,Under Votes,145
Linn,95,Judge of the Oregon Tax Court,,,Henry C. Breithaupt,287
Linn,95,Judge of the Oregon Tax Court,,,Write-ins,3
Linn,95,Judge of the Oregon Tax Court,,,Over Votes,0
Linn,95,Judge of the Oregon Tax Court,,,Under Votes,221
Linn,96,Judge of the Oregon Tax Court,,,Henry C. Breithaupt,335
Linn,96,Judge of the Oregon Tax Court,,,Write-ins,2
Linn,96,Judge of the Oregon Tax Court,,,Over Votes,0
Linn,96,Judge of the Oregon Tax Court,,,Under Votes,231
Linn,97,Judge of the Oregon Tax Court,,,Henry C. Breithaupt,410
Linn,97,Judge of the Oregon Tax Court,,,Write-ins,1
Linn,97,Judge of the Oregon Tax Court,,,Over Votes,0
Linn,97,Judge of the Oregon Tax Court,,,Under Votes,343
Linn,99,Judge of the Oregon Tax Court,,,Henry C. Breithaupt,105
Linn,99,Judge of the Oregon Tax Court,,,Write-ins,0
Linn,99,Judge of the Oregon Tax Court,,,Over Votes,0
Linn,99,Judge of the Oregon Tax Court,,,Under Votes,85
Linn,100,Judge of the Oregon Tax Court,,,Henry C. Breithaupt,381
Linn,100,Judge of the Oregon Tax Court,,,Write-ins,3
Linn,100,Judge of the Oregon Tax Court,,,Over Votes,1
Linn,100,Judge of the Oregon Tax Court,,,Under Votes,266
Linn,101,Judge of the Oregon Tax Court,,,Henry C. Breithaupt,145
Linn,101,Judge of the Oregon Tax Court,,,Write-ins,4
Linn,101,Judge of the Oregon Tax Court,,,Over Votes,0
Linn,101,Judge of the Oregon Tax Court,,,Under Votes,139
Linn,102,Judge of the Oregon Tax Court,,,Henry C. Breithaupt,354
Linn,102,Judge of the Oregon Tax Court,,,Write-ins,3
Linn,102,Judge of the Oregon Tax Court,,,Over Votes,0
Linn,102,Judge of the Oregon Tax Court,,,Under Votes,237
Linn,103,Judge of the Oregon Tax Court,,,Henry C. Breithaupt,270
Linn,103,Judge of the Oregon Tax Court,,,Write-ins,3
Linn,103,Judge of the Oregon Tax Court,,,Over Votes,0
Linn,103,Judge of the Oregon Tax Court,,,Under Votes,271
Linn,104,Judge of the Oregon Tax Court,,,Henry C. Breithaupt,174
Linn,104,Judge of the Oregon Tax Court,,,Write-ins,1
Linn,104,Judge of the Oregon Tax Court,,,Over Votes,0
Linn,104,Judge of the Oregon Tax Court,,,Under Votes,156
Linn,105,Judge of the Oregon Tax Court,,,Henry C. Breithaupt,171
Linn,105,Judge of the Oregon Tax Court,,,Write-ins,2
Linn,105,Judge of the Oregon Tax Court,,,Over Votes,0
Linn,105,Judge of the Oregon Tax Court,,,Under Votes,118
Linn,106,Judge of the Oregon Tax Court,,,Henry C. Breithaupt,197
Linn,106,Judge of the Oregon Tax Court,,,Write-ins,0
Linn,106,Judge of the Oregon Tax Court,,,Over Votes,0
Linn,106,Judge of the Oregon Tax Court,,,Under Votes,170
Linn,107,Judge of the Oregon Tax Court,,,Henry C. Breithaupt,348
Linn,107,Judge of the Oregon Tax Court,,,Write-ins,1
Linn,107,Judge of the Oregon Tax Court,,,Over Votes,0
Linn,107,Judge of the Oregon Tax Court,,,Under Votes,248
Linn,108,Judge of the Oregon Tax Court,,,Henry C. Breithaupt,490
Linn,108,Judge of the Oregon Tax Court,,,Write-ins,6
Linn,108,Judge of the Oregon Tax Court,,,Over Votes,0
Linn,108,Judge of the Oregon Tax Court,,,Under Votes,337
Linn,1,"Judge of the Supreme Court, Position 1",,,Thomas A. Balmer,209
Linn,1,"Judge of the Supreme Court, Position 1",,,Write-ins,1
Linn,1,"Judge of the Supreme Court, Position 1",,,Over Votes,0
Linn,1,"Judge of the Supreme Court, Position 1",,,Under Votes,156
Linn,3,"Judge of the Supreme Court, Position 1",,,Thomas A. Balmer,153
Linn,3,"Judge of the Supreme Court, Position 1",,,Write-ins,1
Linn,3,"Judge of the Supreme Court, Position 1",,,Over Votes,0
Linn,3,"Judge of the Supreme Court, Position 1",,,Under Votes,128
Linn,5,"Judge of the Supreme Court, Position 1",,,Thomas A. Balmer,190
Linn,5,"Judge of the Supreme Court, Position 1",,,Write-ins,1
Linn,5,"Judge of the Supreme Court, Position 1",,,Over Votes,0
Linn,5,"Judge of the Supreme Court, Position 1",,,Under Votes,117
Linn,8,"Judge of the Supreme Court, Position 1",,,Thomas A. Balmer,230
Linn,8,"Judge of the Supreme Court, Position 1",,,Write-ins,0
Linn,8,"Judge of the Supreme Court, Position 1",,,Over Votes,0
Linn,8,"Judge of the Supreme Court, Position 1",,,Under Votes,158
Linn,11,"Judge of the Supreme Court, Position 1",,,Thomas A. Balmer,143
Linn,11,"Judge of the Supreme Court, Position 1",,,Write-ins,0
Linn,11,"Judge of the Supreme Court, Position 1",,,Over Votes,0
Linn,11,"Judge of the Supreme Court, Position 1",,,Under Votes,111
Linn,14,"Judge of the Supreme Court, Position 1",,,Thomas A. Balmer,190
Linn,14,"Judge of the Supreme Court, Position 1",,,Write-ins,1
Linn,14,"Judge of the Supreme Court, Position 1",,,Over Votes,0
Linn,14,"Judge of the Supreme Court, Position 1",,,Under Votes,122
Linn,15,"Judge of the Supreme Court, Position 1",,,Thomas A. Balmer,66
Linn,15,"Judge of the Supreme Court, Position 1",,,Write-ins,1
Linn,15,"Judge of the Supreme Court, Position 1",,,Over Votes,0
Linn,15,"Judge of the Supreme Court, Position 1",,,Under Votes,58
Linn,16,"Judge of the Supreme Court, Position 1",,,Thomas A. Balmer,201
Linn,16,"Judge of the Supreme Court, Position 1",,,Write-ins,6
Linn,16,"Judge of the Supreme Court, Position 1",,,Over Votes,0
Linn,16,"Judge of the Supreme Court, Position 1",,,Under Votes,156
Linn,18,"Judge of the Supreme Court, Position 1",,,Thomas A. Balmer,630
Linn,18,"Judge of the Supreme Court, Position 1",,,Write-ins,9
Linn,18,"Judge of the Supreme Court, Position 1",,,Over Votes,0
Linn,18,"Judge of the Supreme Court, Position 1",,,Under Votes,453
Linn,19,"Judge of the Supreme Court, Position 1",,,Thomas A. Balmer,268
Linn,19,"Judge of the Supreme Court, Position 1",,,Write-ins,0
Linn,19,"Judge of the Supreme Court, Position 1",,,Over Votes,0
Linn,19,"Judge of the Supreme Court, Position 1",,,Under Votes,207
Linn,20,"Judge of the Supreme Court, Position 1",,,Thomas A. Balmer,144
Linn,20,"Judge of the Supreme Court, Position 1",,,Write-ins,1
Linn,20,"Judge of the Supreme Court, Position 1",,,Over Votes,0
Linn,20,"Judge of the Supreme Court, Position 1",,,Under Votes,134
Linn,21,"Judge of the Supreme Court, Position 1",,,Thomas A. Balmer,112
Linn,21,"Judge of the Supreme Court, Position 1",,,Write-ins,1
Linn,21,"Judge of the Supreme Court, Position 1",,,Over Votes,0
Linn,21,"Judge of the Supreme Court, Position 1",,,Under Votes,83
Linn,22,"Judge of the Supreme Court, Position 1",,,Thomas A. Balmer,7
Linn,22,"Judge of the Supreme Court, Position 1",,,Write-ins,0
Linn,22,"Judge of the Supreme Court, Position 1",,,Over Votes,0
Linn,22,"Judge of the Supreme Court, Position 1",,,Under Votes,14
Linn,23,"Judge of the Supreme Court, Position 1",,,Thomas A. Balmer,255
Linn,23,"Judge of the Supreme Court, Position 1",,,Write-ins,3
Linn,23,"Judge of the Supreme Court, Position 1",,,Over Votes,0
Linn,23,"Judge of the Supreme Court, Position 1",,,Under Votes,240
Linn,25,"Judge of the Supreme Court, Position 1",,,Thomas A. Balmer,230
Linn,25,"Judge of the Supreme Court, Position 1",,,Write-ins,1
Linn,25,"Judge of the Supreme Court, Position 1",,,Over Votes,0
Linn,25,"Judge of the Supreme Court, Position 1",,,Under Votes,160
Linn,26,"Judge of the Supreme Court, Position 1",,,Thomas A. Balmer,82
Linn,26,"Judge of the Supreme Court, Position 1",,,Write-ins,1
Linn,26,"Judge of the Supreme Court, Position 1",,,Over Votes,0
Linn,26,"Judge of the Supreme Court, Position 1",,,Under Votes,50
Linn,27,"Judge of the Supreme Court, Position 1",,,Thomas A. Balmer,163
Linn,27,"Judge of the Supreme Court, Position 1",,,Write-ins,4
Linn,27,"Judge of the Supreme Court, Position 1",,,Over Votes,0
Linn,27,"Judge of the Supreme Court, Position 1",,,Under Votes,138
Linn,28,"Judge of the Supreme Court, Position 1",,,Thomas A. Balmer,179
Linn,28,"Judge of the Supreme Court, Position 1",,,Write-ins,1
Linn,28,"Judge of the Supreme Court, Position 1",,,Over Votes,0
Linn,28,"Judge of the Supreme Court, Position 1",,,Under Votes,115
Linn,29,"Judge of the Supreme Court, Position 1",,,Thomas A. Balmer,466
Linn,29,"Judge of the Supreme Court, Position 1",,,Write-ins,7
Linn,29,"Judge of the Supreme Court, Position 1",,,Over Votes,0
Linn,29,"Judge of the Supreme Court, Position 1",,,Under Votes,320
Linn,30,"Judge of the Supreme Court, Position 1",,,Thomas A. Balmer,56
Linn,30,"Judge of the Supreme Court, Position 1",,,Write-ins,1
Linn,30,"Judge of the Supreme Court, Position 1",,,Over Votes,0
Linn,30,"Judge of the Supreme Court, Position 1",,,Under Votes,50
Linn,31,"Judge of the Supreme Court, Position 1",,,Thomas A. Balmer,254
Linn,31,"Judge of the Supreme Court, Position 1",,,Write-ins,1
Linn,31,"Judge of the Supreme Court, Position 1",,,Over Votes,0
Linn,31,"Judge of the Supreme Court, Position 1",,,Under Votes,219
Linn,32,"Judge of the Supreme Court, Position 1",,,Thomas A. Balmer,172
Linn,32,"Judge of the Supreme Court, Position 1",,,Write-ins,4
Linn,32,"Judge of the Supreme Court, Position 1",,,Over Votes,0
Linn,32,"Judge of the Supreme Court, Position 1",,,Under Votes,175
Linn,34,"Judge of the Supreme Court, Position 1",,,Thomas A. Balmer,84
Linn,34,"Judge of the Supreme Court, Position 1",,,Write-ins,0
Linn,34,"Judge of the Supreme Court, Position 1",,,Over Votes,0
Linn,34,"Judge of the Supreme Court, Position 1",,,Under Votes,86
Linn,35,"Judge of the Supreme Court, Position 1",,,Thomas A. Balmer,358
Linn,35,"Judge of the Supreme Court, Position 1",,,Write-ins,3
Linn,35,"Judge of the Supreme Court, Position 1",,,Over Votes,0
Linn,35,"Judge of the Supreme Court, Position 1",,,Under Votes,287
Linn,36,"Judge of the Supreme Court, Position 1",,,Thomas A. Balmer,272
Linn,36,"Judge of the Supreme Court, Position 1",,,Write-ins,5
Linn,36,"Judge of the Supreme Court, Position 1",,,Over Votes,0
Linn,36,"Judge of the Supreme Court, Position 1",,,Under Votes,155
Linn,37,"Judge of the Supreme Court, Position 1",,,Thomas A. Balmer,287
Linn,37,"Judge of the Supreme Court, Position 1",,,Write-ins,3
Linn,37,"Judge of the Supreme Court, Position 1",,,Over Votes,0
Linn,37,"Judge of the Supreme Court, Position 1",,,Under Votes,183
Linn,38,"Judge of the Supreme Court, Position 1",,,Thomas A. Balmer,242
Linn,38,"Judge of the Supreme Court, Position 1",,,Write-ins,7
Linn,38,"Judge of the Supreme Court, Position 1",,,Over Votes,0
Linn,38,"Judge of the Supreme Court, Position 1",,,Under Votes,157
Linn,39,"Judge of the Supreme Court, Position 1",,,Thomas A. Balmer,201
Linn,39,"Judge of the Supreme Court, Position 1",,,Write-ins,1
Linn,39,"Judge of the Supreme Court, Position 1",,,Over Votes,0
Linn,39,"Judge of the Supreme Court, Position 1",,,Under Votes,139
Linn,41,"Judge of the Supreme Court, Position 1",,,Thomas A. Balmer,170
Linn,41,"Judge of the Supreme Court, Position 1",,,Write-ins,1
Linn,41,"Judge of the Supreme Court, Position 1",,,Over Votes,0
Linn,41,"Judge of the Supreme Court, Position 1",,,Under Votes,111
Linn,43,"Judge of the Supreme Court, Position 1",,,Thomas A. Balmer,216
Linn,43,"Judge of the Supreme Court, Position 1",,,Write-ins,1
Linn,43,"Judge of the Supreme Court, Position 1",,,Over Votes,0
Linn,43,"Judge of the Supreme Court, Position 1",,,Under Votes,139
Linn,44,"Judge of the Supreme Court, Position 1",,,Thomas A. Balmer,326
Linn,44,"Judge of the Supreme Court, Position 1",,,Write-ins,2
Linn,44,"Judge of the Supreme Court, Position 1",,,Over Votes,0
Linn,44,"Judge of the Supreme Court, Position 1",,,Under Votes,241
Linn,45,"Judge of the Supreme Court, Position 1",,,Thomas A. Balmer,269
Linn,45,"Judge of the Supreme Court, Position 1",,,Write-ins,0
Linn,45,"Judge of the Supreme Court, Position 1",,,Over Votes,0
Linn,45,"Judge of the Supreme Court, Position 1",,,Under Votes,166
Linn,46,"Judge of the Supreme Court, Position 1",,,Thomas A. Balmer,307
Linn,46,"Judge of the Supreme Court, Position 1",,,Write-ins,1
Linn,46,"Judge of the Supreme Court, Position 1",,,Over Votes,0
Linn,46,"Judge of the Supreme Court, Position 1",,,Under Votes,198
Linn,47,"Judge of the Supreme Court, Position 1",,,Thomas A. Balmer,86
Linn,47,"Judge of the Supreme Court, Position 1",,,Write-ins,1
Linn,47,"Judge of the Supreme Court, Position 1",,,Over Votes,0
Linn,47,"Judge of the Supreme Court, Position 1",,,Under Votes,90
Linn,48,"Judge of the Supreme Court, Position 1",,,Thomas A. Balmer,375
Linn,48,"Judge of the Supreme Court, Position 1",,,Write-ins,2
Linn,48,"Judge of the Supreme Court, Position 1",,,Over Votes,0
Linn,48,"Judge of the Supreme Court, Position 1",,,Under Votes,247
Linn,49,"Judge of the Supreme Court, Position 1",,,Thomas A. Balmer,23
Linn,49,"Judge of the Supreme Court, Position 1",,,Write-ins,0
Linn,49,"Judge of the Supreme Court, Position 1",,,Over Votes,0
Linn,49,"Judge of the Supreme Court, Position 1",,,Under Votes,7
Linn,51,"Judge of the Supreme Court, Position 1",,,Thomas A. Balmer,183
Linn,51,"Judge of the Supreme Court, Position 1",,,Write-ins,1
Linn,51,"Judge of the Supreme Court, Position 1",,,Over Votes,0
Linn,51,"Judge of the Supreme Court, Position 1",,,Under Votes,180
Linn,52,"Judge of the Supreme Court, Position 1",,,Thomas A. Balmer,98
Linn,52,"Judge of the Supreme Court, Position 1",,,Write-ins,2
Linn,52,"Judge of the Supreme Court, Position 1",,,Over Votes,0
Linn,52,"Judge of the Supreme Court, Position 1",,,Under Votes,75
Linn,53,"Judge of the Supreme Court, Position 1",,,Thomas A. Balmer,247
Linn,53,"Judge of the Supreme Court, Position 1",,,Write-ins,2
Linn,53,"Judge of the Supreme Court, Position 1",,,Over Votes,0
Linn,53,"Judge of the Supreme Court, Position 1",,,Under Votes,162
Linn,54,"Judge of the Supreme Court, Position 1",,,Thomas A. Balmer,115
Linn,54,"Judge of the Supreme Court, Position 1",,,Write-ins,3
Linn,54,"Judge of the Supreme Court, Position 1",,,Over Votes,0
Linn,54,"Judge of the Supreme Court, Position 1",,,Under Votes,102
Linn,55,"Judge of the Supreme Court, Position 1",,,Thomas A. Balmer,170
Linn,55,"Judge of the Supreme Court, Position 1",,,Write-ins,0
Linn,55,"Judge of the Supreme Court, Position 1",,,Over Votes,0
Linn,55,"Judge of the Supreme Court, Position 1",,,Under Votes,139
Linn,56,"Judge of the Supreme Court, Position 1",,,Thomas A. Balmer,202
Linn,56,"Judge of the Supreme Court, Position 1",,,Write-ins,3
Linn,56,"Judge of the Supreme Court, Position 1",,,Over Votes,0
Linn,56,"Judge of the Supreme Court, Position 1",,,Under Votes,167
Linn,57,"Judge of the Supreme Court, Position 1",,,Thomas A. Balmer,90
Linn,57,"Judge of the Supreme Court, Position 1",,,Write-ins,0
Linn,57,"Judge of the Supreme Court, Position 1",,,Over Votes,0
Linn,57,"Judge of the Supreme Court, Position 1",,,Under Votes,57
Linn,59,"Judge of the Supreme Court, Position 1",,,Thomas A. Balmer,143
Linn,59,"Judge of the Supreme Court, Position 1",,,Write-ins,2
Linn,59,"Judge of the Supreme Court, Position 1",,,Over Votes,0
Linn,59,"Judge of the Supreme Court, Position 1",,,Under Votes,111
Linn,61,"Judge of the Supreme Court, Position 1",,,Thomas A. Balmer,120
Linn,61,"Judge of the Supreme Court, Position 1",,,Write-ins,0
Linn,61,"Judge of the Supreme Court, Position 1",,,Over Votes,0
Linn,61,"Judge of the Supreme Court, Position 1",,,Under Votes,77
Linn,62,"Judge of the Supreme Court, Position 1",,,Thomas A. Balmer,227
Linn,62,"Judge of the Supreme Court, Position 1",,,Write-ins,1
Linn,62,"Judge of the Supreme Court, Position 1",,,Over Votes,1
Linn,62,"Judge of the Supreme Court, Position 1",,,Under Votes,138
Linn,63,"Judge of the Supreme Court, Position 1",,,Thomas A. Balmer,545
Linn,63,"Judge of the Supreme Court, Position 1",,,Write-ins,4
Linn,63,"Judge of the Supreme Court, Position 1",,,Over Votes,0
Linn,63,"Judge of the Supreme Court, Position 1",,,Under Votes,440
Linn,65,"Judge of the Supreme Court, Position 1",,,Thomas A. Balmer,23
Linn,65,"Judge of the Supreme Court, Position 1",,,Write-ins,0
Linn,65,"Judge of the Supreme Court, Position 1",,,Over Votes,0
Linn,65,"Judge of the Supreme Court, Position 1",,,Under Votes,6
Linn,66,"Judge of the Supreme Court, Position 1",,,Thomas A. Balmer,78
Linn,66,"Judge of the Supreme Court, Position 1",,,Write-ins,2
Linn,66,"Judge of the Supreme Court, Position 1",,,Over Votes,0
Linn,66,"Judge of the Supreme Court, Position 1",,,Under Votes,53
Linn,70,"Judge of the Supreme Court, Position 1",,,Thomas A. Balmer,351
Linn,70,"Judge of the Supreme Court, Position 1",,,Write-ins,7
Linn,70,"Judge of the Supreme Court, Position 1",,,Over Votes,0
Linn,70,"Judge of the Supreme Court, Position 1",,,Under Votes,329
Linn,73,"Judge of the Supreme Court, Position 1",,,Thomas A. Balmer,227
Linn,73,"Judge of the Supreme Court, Position 1",,,Write-ins,3
Linn,73,"Judge of the Supreme Court, Position 1",,,Over Votes,0
Linn,73,"Judge of the Supreme Court, Position 1",,,Under Votes,224
Linn,75,"Judge of the Supreme Court, Position 1",,,Thomas A. Balmer,224
Linn,75,"Judge of the Supreme Court, Position 1",,,Write-ins,2
Linn,75,"Judge of the Supreme Court, Position 1",,,Over Votes,0
Linn,75,"Judge of the Supreme Court, Position 1",,,Under Votes,230
Linn,77,"Judge of the Supreme Court, Position 1",,,Thomas A. Balmer,116
Linn,77,"Judge of the Supreme Court, Position 1",,,Write-ins,0
Linn,77,"Judge of the Supreme Court, Position 1",,,Over Votes,0
Linn,77,"Judge of the Supreme Court, Position 1",,,Under Votes,94
Linn,78,"Judge of the Supreme Court, Position 1",,,Thomas A. Balmer,245
Linn,78,"Judge of the Supreme Court, Position 1",,,Write-ins,1
Linn,78,"Judge of the Supreme Court, Position 1",,,Over Votes,0
Linn,78,"Judge of the Supreme Court, Position 1",,,Under Votes,133
Linn,79,"Judge of the Supreme Court, Position 1",,,Thomas A. Balmer,367
Linn,79,"Judge of the Supreme Court, Position 1",,,Write-ins,4
Linn,79,"Judge of the Supreme Court, Position 1",,,Over Votes,0
Linn,79,"Judge of the Supreme Court, Position 1",,,Under Votes,220
Linn,80,"Judge of the Supreme Court, Position 1",,,Thomas A. Balmer,324
Linn,80,"Judge of the Supreme Court, Position 1",,,Write-ins,2
Linn,80,"Judge of the Supreme Court, Position 1",,,Over Votes,0
Linn,80,"Judge of the Supreme Court, Position 1",,,Under Votes,161
Linn,82,"Judge of the Supreme Court, Position 1",,,Thomas A. Balmer,113
Linn,82,"Judge of the Supreme Court, Position 1",,,Write-ins,1
Linn,82,"Judge of the Supreme Court, Position 1",,,Over Votes,0
Linn,82,"Judge of the Supreme Court, Position 1",,,Under Votes,89
Linn,84,"Judge of the Supreme Court, Position 1",,,Thomas A. Balmer,240
Linn,84,"Judge of the Supreme Court, Position 1",,,Write-ins,2
Linn,84,"Judge of the Supreme Court, Position 1",,,Over Votes,0
Linn,84,"Judge of the Supreme Court, Position 1",,,Under Votes,115
Linn,86,"Judge of the Supreme Court, Position 1",,,Thomas A. Balmer,336
Linn,86,"Judge of the Supreme Court, Position 1",,,Write-ins,4
Linn,86,"Judge of the Supreme Court, Position 1",,,Over Votes,0
Linn,86,"Judge of the Supreme Court, Position 1",,,Under Votes,272
Linn,88,"Judge of the Supreme Court, Position 1",,,Thomas A. Balmer,256
Linn,88,"Judge of the Supreme Court, Position 1",,,Write-ins,4
Linn,88,"Judge of the Supreme Court, Position 1",,,Over Votes,0
Linn,88,"Judge of the Supreme Court, Position 1",,,Under Votes,177
Linn,89,"Judge of the Supreme Court, Position 1",,,Thomas A. Balmer,240
Linn,89,"Judge of the Supreme Court, Position 1",,,Write-ins,0
Linn,89,"Judge of the Supreme Court, Position 1",,,Over Votes,0
Linn,89,"Judge of the Supreme Court, Position 1",,,Under Votes,168
Linn,91,"Judge of the Supreme Court, Position 1",,,Thomas A. Balmer,259
Linn,91,"Judge of the Supreme Court, Position 1",,,Write-ins,4
Linn,91,"Judge of the Supreme Court, Position 1",,,Over Votes,0
Linn,91,"Judge of the Supreme Court, Position 1",,,Under Votes,170
Linn,92,"Judge of the Supreme Court, Position 1",,,Thomas A. Balmer,480
Linn,92,"Judge of the Supreme Court, Position 1",,,Write-ins,1
Linn,92,"Judge of the Supreme Court, Position 1",,,Over Votes,0
Linn,92,"Judge of the Supreme Court, Position 1",,,Under Votes,289
Linn,93,"Judge of the Supreme Court, Position 1",,,Thomas A. Balmer,333
Linn,93,"Judge of the Supreme Court, Position 1",,,Write-ins,5
Linn,93,"Judge of the Supreme Court, Position 1",,,Over Votes,0
Linn,93,"Judge of the Supreme Court, Position 1",,,Under Votes,241
Linn,94,"Judge of the Supreme Court, Position 1",,,Thomas A. Balmer,195
Linn,94,"Judge of the Supreme Court, Position 1",,,Write-ins,7
Linn,94,"Judge of the Supreme Court, Position 1",,,Over Votes,0
Linn,94,"Judge of the Supreme Court, Position 1",,,Under Votes,139
Linn,95,"Judge of the Supreme Court, Position 1",,,Thomas A. Balmer,289
Linn,95,"Judge of the Supreme Court, Position 1",,,Write-ins,5
Linn,95,"Judge of the Supreme Court, Position 1",,,Over Votes,0
Linn,95,"Judge of the Supreme Court, Position 1",,,Under Votes,217
Linn,96,"Judge of the Supreme Court, Position 1",,,Thomas A. Balmer,342
Linn,96,"Judge of the Supreme Court, Position 1",,,Write-ins,1
Linn,96,"Judge of the Supreme Court, Position 1",,,Over Votes,0
Linn,96,"Judge of the Supreme Court, Position 1",,,Under Votes,225
Linn,97,"Judge of the Supreme Court, Position 1",,,Thomas A. Balmer,414
Linn,97,"Judge of the Supreme Court, Position 1",,,Write-ins,4
Linn,97,"Judge of the Supreme Court, Position 1",,,Over Votes,0
Linn,97,"Judge of the Supreme Court, Position 1",,,Under Votes,336
Linn,99,"Judge of the Supreme Court, Position 1",,,Thomas A. Balmer,110
Linn,99,"Judge of the Supreme Court, Position 1",,,Write-ins,1
Linn,99,"Judge of the Supreme Court, Position 1",,,Over Votes,0
Linn,99,"Judge of the Supreme Court, Position 1",,,Under Votes,79
Linn,100,"Judge of the Supreme Court, Position 1",,,Thomas A. Balmer,395
Linn,100,"Judge of the Supreme Court, Position 1",,,Write-ins,5
Linn,100,"Judge of the Supreme Court, Position 1",,,Over Votes,0
Linn,100,"Judge of the Supreme Court, Position 1",,,Under Votes,251
Linn,101,"Judge of the Supreme Court, Position 1",,,Thomas A. Balmer,155
Linn,101,"Judge of the Supreme Court, Position 1",,,Write-ins,1
Linn,101,"Judge of the Supreme Court, Position 1",,,Over Votes,0
Linn,101,"Judge of the Supreme Court, Position 1",,,Under Votes,132
Linn,102,"Judge of the Supreme Court, Position 1",,,Thomas A. Balmer,359
Linn,102,"Judge of the Supreme Court, Position 1",,,Write-ins,3
Linn,102,"Judge of the Supreme Court, Position 1",,,Over Votes,0
Linn,102,"Judge of the Supreme Court, Position 1",,,Under Votes,232
Linn,103,"Judge of the Supreme Court, Position 1",,,Thomas A. Balmer,275
Linn,103,"Judge of the Supreme Court, Position 1",,,Write-ins,5
Linn,103,"Judge of the Supreme Court, Position 1",,,Over Votes,0
Linn,103,"Judge of the Supreme Court, Position 1",,,Under Votes,264
Linn,104,"Judge of the Supreme Court, Position 1",,,Thomas A. Balmer,184
Linn,104,"Judge of the Supreme Court, Position 1",,,Write-ins,1
Linn,104,"Judge of the Supreme Court, Position 1",,,Over Votes,0
Linn,104,"Judge of the Supreme Court, Position 1",,,Under Votes,146
Linn,105,"Judge of the Supreme Court, Position 1",,,Thomas A. Balmer,179
Linn,105,"Judge of the Supreme Court, Position 1",,,Write-ins,1
Linn,105,"Judge of the Supreme Court, Position 1",,,Over Votes,0
Linn,105,"Judge of the Supreme Court, Position 1",,,Under Votes,111
Linn,106,"Judge of the Supreme Court, Position 1",,,Thomas A. Balmer,202
Linn,106,"Judge of the Supreme Court, Position 1",,,Write-ins,0
Linn,106,"Judge of the Supreme Court, Position 1",,,Over Votes,0
Linn,106,"Judge of the Supreme Court, Position 1",,,Under Votes,165
Linn,107,"Judge of the Supreme Court, Position 1",,,Thomas A. Balmer,358
Linn,107,"Judge of the Supreme Court, Position 1",,,Write-ins,1
Linn,107,"Judge of the Supreme Court, Position 1",,,Over Votes,0
Linn,107,"Judge of the Supreme Court, Position 1",,,Under Votes,238
Linn,108,"Judge of the Supreme Court, Position 1",,,Thomas A. Balmer,511
Linn,108,"Judge of the Supreme Court, Position 1",,,Write-ins,4
Linn,108,"Judge of the Supreme Court, Position 1",,,Over Votes,0
Linn,108,"Judge of the Supreme Court, Position 1",,,Under Votes,318
Linn,19,Justice of the Peace,4,,Jad Lemhouse,268
Linn,19,Justice of the Peace,4,,Write-ins,0
Linn,19,Justice of the Peace,4,,Over Votes,0
Linn,19,Justice of the Peace,4,,Under Votes,207
Linn,20,Justice of the Peace,4,,Jad Lemhouse,138
Linn,20,Justice of the Peace,4,,Write-ins,1
Linn,20,Justice of the Peace,4,,Over Votes,0
Linn,20,Justice of the Peace,4,,Under Votes,140
Linn,21,Justice of the Peace,4,,Jad Lemhouse,120
Linn,21,Justice of the Peace,4,,Write-ins,2
Linn,21,Justice of the Peace,4,,Over Votes,0
Linn,21,Justice of the Peace,4,,Under Votes,74
Linn,22,Justice of the Peace,4,,Jad Lemhouse,8
Linn,22,Justice of the Peace,4,,Write-ins,0
Linn,22,Justice of the Peace,4,,Over Votes,0
Linn,22,Justice of the Peace,4,,Under Votes,13
Linn,23,Justice of the Peace,4,,Jad Lemhouse,259
Linn,23,Justice of the Peace,4,,Write-ins,3
Linn,23,Justice of the Peace,4,,Over Votes,0
Linn,23,Justice of the Peace,4,,Under Votes,236
Linn,25,Justice of the Peace,4,,Jad Lemhouse,229
Linn,25,Justice of the Peace,4,,Write-ins,1
Linn,25,Justice of the Peace,4,,Over Votes,0
Linn,25,Justice of the Peace,4,,Under Votes,161
Linn,26,Justice of the Peace,4,,Jad Lemhouse,81
Linn,26,Justice of the Peace,4,,Write-ins,0
Linn,26,Justice of the Peace,4,,Over Votes,0
Linn,26,Justice of the Peace,4,,Under Votes,52
Linn,27,Justice of the Peace,4,,Jad Lemhouse,165
Linn,27,Justice of the Peace,4,,Write-ins,1
Linn,27,Justice of the Peace,4,,Over Votes,0
Linn,27,Justice of the Peace,4,,Under Votes,139
Linn,28,Justice of the Peace,4,,Jad Lemhouse,205
Linn,28,Justice of the Peace,4,,Write-ins,2
Linn,28,Justice of the Peace,4,,Over Votes,0
Linn,28,Justice of the Peace,4,,Under Votes,88
Linn,29,Justice of the Peace,4,,Jad Lemhouse,505
Linn,29,Justice of the Peace,4,,Write-ins,6
Linn,29,Justice of the Peace,4,,Over Votes,0
Linn,29,Justice of the Peace,4,,Under Votes,282
Linn,30,Justice of the Peace,4,,Jad Lemhouse,65
Linn,30,Justice of the Peace,4,,Write-ins,0
Linn,30,Justice of the Peace,4,,Over Votes,0
Linn,30,Justice of the Peace,4,,Under Votes,42
Linn,31,Justice of the Peace,4,,Jad Lemhouse,261
Linn,31,Justice of the Peace,4,,Write-ins,1
Linn,31,Justice of the Peace,4,,Over Votes,0
Linn,31,Justice of the Peace,4,,Under Votes,212
Linn,32,Justice of the Peace,4,,Jad Lemhouse,174
Linn,32,Justice of the Peace,4,,Write-ins,0
Linn,32,Justice of the Peace,4,,Over Votes,0
Linn,32,Justice of the Peace,4,,Under Votes,177
Linn,34,Justice of the Peace,4,,Jad Lemhouse,86
Linn,34,Justice of the Peace,4,,Write-ins,1
Linn,34,Justice of the Peace,4,,Over Votes,0
Linn,34,Justice of the Peace,4,,Under Votes,83
Linn,35,Justice of the Peace,4,,Jad Lemhouse,345
Linn,35,Justice of the Peace,4,,Write-ins,5
Linn,35,Justice of the Peace,4,,Over Votes,0
Linn,35,Justice of the Peace,4,,Under Votes,298
Linn,36,Justice of the Peace,4,,Jad Lemhouse,262
Linn,36,Justice of the Peace,4,,Write-ins,5
Linn,36,Justice of the Peace,4,,Over Votes,0
Linn,36,Justice of the Peace,4,,Under Votes,165
Linn,37,Justice of the Peace,4,,Jad Lemhouse,288
Linn,37,Justice of the Peace,4,,Write-ins,1
Linn,37,Justice of the Peace,4,,Over Votes,0
Linn,37,Justice of the Peace,4,,Under Votes,184
Linn,38,Justice of the Peace,4,,Jad Lemhouse,239
Linn,38,Justice of the Peace,4,,Write-ins,3
Linn,38,Justice of the Peace,4,,Over Votes,0
Linn,38,Justice of the Peace,4,,Under Votes,164
Linn,39,Justice of the Peace,4,,Jad Lemhouse,200
Linn,39,Justice of the Peace,4,,Write-ins,2
Linn,39,Justice of the Peace,4,,Over Votes,0
Linn,39,Justice of the Peace,4,,Under Votes,139
Linn,41,Justice of the Peace,4,,Jad Lemhouse,167
Linn,41,Justice of the Peace,4,,Write-ins,3
Linn,41,Justice of the Peace,4,,Over Votes,0
Linn,41,Justice of the Peace,4,,Under Votes,112
Linn,43,Justice of the Peace,4,,Jad Lemhouse,202
Linn,43,Justice of the Peace,4,,Write-ins,3
Linn,43,Justice of the Peace,4,,Over Votes,0
Linn,43,Justice of the Peace,4,,Under Votes,151
Linn,44,Justice of the Peace,4,,Jad Lemhouse,324
Linn,44,Justice of the Peace,4,,Write-ins,0
Linn,44,Justice of the Peace,4,,Over Votes,0
Linn,44,Justice of the Peace,4,,Under Votes,245
Linn,45,Justice of the Peace,4,,Jad Lemhouse,258
Linn,45,Justice of the Peace,4,,Write-ins,2
Linn,45,Justice of the Peace,4,,Over Votes,0
Linn,45,Justice of the Peace,4,,Under Votes,175
Linn,46,Justice of the Peace,4,,Jad Lemhouse,306
Linn,46,Justice of the Peace,4,,Write-ins,3
Linn,46,Justice of the Peace,4,,Over Votes,0
Linn,46,Justice of the Peace,4,,Under Votes,197
Linn,47,Justice of the Peace,4,,Jad Lemhouse,87
Linn,47,Justice of the Peace,4,,Write-ins,1
Linn,47,Justice of the Peace,4,,Over Votes,0
Linn,47,Justice of the Peace,4,,Under Votes,89
Linn,49,Justice of the Peace,4,,Jad Lemhouse,23
Linn,49,Justice of the Peace,4,,Write-ins,0
Linn,49,Justice of the Peace,4,,Over Votes,0
Linn,49,Justice of the Peace,4,,Under Votes,7
Linn,51,Justice of the Peace,4,,Jad Lemhouse,190
Linn,51,Justice of the Peace,4,,Write-ins,0
Linn,51,Justice of the Peace,4,,Over Votes,0
Linn,51,Justice of the Peace,4,,Under Votes,174
Linn,52,Justice of the Peace,4,,Jad Lemhouse,97
Linn,52,Justice of the Peace,4,,Write-ins,2
Linn,52,Justice of the Peace,4,,Over Votes,0
Linn,52,Justice of the Peace,4,,Under Votes,76
Linn,53,Justice of the Peace,4,,Jad Lemhouse,244
Linn,53,Justice of the Peace,4,,Write-ins,2
Linn,53,Justice of the Peace,4,,Over Votes,0
Linn,53,Justice of the Peace,4,,Under Votes,165
Linn,54,Justice of the Peace,4,,Jad Lemhouse,120
Linn,54,Justice of the Peace,4,,Write-ins,3
Linn,54,Justice of the Peace,4,,Over Votes,0
Linn,54,Justice of the Peace,4,,Under Votes,97
Linn,55,Justice of the Peace,4,,Jad Lemhouse,159
Linn,55,Justice of the Peace,4,,Write-ins,0
Linn,55,Justice of the Peace,4,,Over Votes,0
Linn,55,Justice of the Peace,4,,Under Votes,150
Linn,56,Justice of the Peace,4,,Jad Lemhouse,193
Linn,56,Justice of the Peace,4,,Write-ins,1
Linn,56,Justice of the Peace,4,,Over Votes,0
Linn,56,Justice of the Peace,4,,Under Votes,178
Linn,57,Justice of the Peace,4,,Jad Lemhouse,90
Linn,57,Justice of the Peace,4,,Write-ins,0
Linn,57,Justice of the Peace,4,,Over Votes,0
Linn,57,Justice of the Peace,4,,Under Votes,57
Linn,59,Justice of the Peace,4,,Jad Lemhouse,144
Linn,59,Justice of the Peace,4,,Write-ins,1
Linn,59,Justice of the Peace,4,,Over Votes,0
Linn,59,Justice of the Peace,4,,Under Votes,111
Linn,61,Justice of the Peace,4,,Jad Lemhouse,117
Linn,61,Justice of the Peace,4,,Write-ins,0
Linn,61,Justice of the Peace,4,,Over Votes,0
Linn,61,Justice of the Peace,4,,Under Votes,80
Linn,62,Justice of the Peace,4,,Jad Lemhouse,222
Linn,62,Justice of the Peace,4,,Write-ins,0
Linn,62,Justice of the Peace,4,,Over Votes,0
Linn,62,Justice of the Peace,4,,Under Votes,145
Linn,63,Justice of the Peace,4,,Jad Lemhouse,554
Linn,63,Justice of the Peace,4,,Write-ins,4
Linn,63,Justice of the Peace,4,,Over Votes,0
Linn,63,Justice of the Peace,4,,Under Votes,431
Linn,65,Justice of the Peace,4,,Jad Lemhouse,22
Linn,65,Justice of the Peace,4,,Write-ins,0
Linn,65,Justice of the Peace,4,,Over Votes,0
Linn,65,Justice of the Peace,4,,Under Votes,7
Linn,66,Justice of the Peace,4,,Jad Lemhouse,79
Linn,66,Justice of the Peace,4,,Write-ins,2
Linn,66,Justice of the Peace,4,,Over Votes,0
Linn,66,Justice of the Peace,4,,Under Votes,52
Linn,70,Justice of the Peace,4,,Jad Lemhouse,345
Linn,70,Justice of the Peace,4,,Write-ins,9
Linn,70,Justice of the Peace,4,,Over Votes,0
Linn,70,Justice of the Peace,4,,Under Votes,333
Linn,73,Justice of the Peace,4,,Jad Lemhouse,265
Linn,73,Justice of the Peace,4,,Write-ins,11
Linn,73,Justice of the Peace,4,,Over Votes,0
Linn,73,Justice of the Peace,4,,Under Votes,178
Linn,75,Justice of the Peace,4,,Jad Lemhouse,268
Linn,75,Justice of the Peace,4,,Write-ins,7
Linn,75,Justice of the Peace,4,,Over Votes,0
Linn,75,Justice of the Peace,4,,Under Votes,181
Linn,77,Justice of the Peace,4,,Jad Lemhouse,116
Linn,77,Justice of the Peace,4,,Write-ins,0
Linn,77,Justice of the Peace,4,,Over Votes,0
Linn,77,Justice of the Peace,4,,Under Votes,94
Linn,78,Justice of the Peace,4,,Jad Lemhouse,236
Linn,78,Justice of the Peace,4,,Write-ins,3
Linn,78,Justice of the Peace,4,,Over Votes,0
Linn,78,Justice of the Peace,4,,Under Votes,140
Linn,79,Justice of the Peace,4,,Jad Lemhouse,368
Linn,79,Justice of the Peace,4,,Write-ins,5
Linn,79,Justice of the Peace,4,,Over Votes,0
Linn,79,Justice of the Peace,4,,Under Votes,218
Linn,80,Justice of the Peace,4,,Jad Lemhouse,311
Linn,80,Justice of the Peace,4,,Write-ins,1
Linn,80,Justice of the Peace,4,,Over Votes,0
Linn,80,Justice of the Peace,4,,Under Votes,175
Linn,82,Justice of the Peace,4,,Jad Lemhouse,115
Linn,82,Justice of the Peace,4,,Write-ins,1
Linn,82,Justice of the Peace,4,,Over Votes,0
Linn,82,Justice of the Peace,4,,Under Votes,87
Linn,86,Justice of the Peace,4,,Jad Lemhouse,337
Linn,86,Justice of the Peace,4,,Write-ins,2
Linn,86,Justice of the Peace,4,,Over Votes,0
Linn,86,Justice of the Peace,4,,Under Votes,273
Linn,88,Justice of the Peace,4,,Jad Lemhouse,262
Linn,88,Justice of the Peace,4,,Write-ins,1
Linn,88,Justice of the Peace,4,,Over Votes,0
Linn,88,Justice of the Peace,4,,Under Votes,174
Linn,97,Justice of the Peace,4,,Jad Lemhouse,426
Linn,97,Justice of the Peace,4,,Write-ins,2
Linn,97,Justice of the Peace,4,,Over Votes,0
Linn,97,Justice of the Peace,4,,Under Votes,326
Linn,99,Justice of the Peace,4,,Jad Lemhouse,116
Linn,99,Justice of the Peace,4,,Write-ins,0
Linn,99,Justice of the Peace,4,,Over Votes,0
Linn,99,Justice of the Peace,4,,Under Votes,74
Linn,101,Justice of the Peace,4,,Jad Lemhouse,136
Linn,101,Justice of the Peace,4,,Write-ins,0
Linn,101,Justice of the Peace,4,,Over Votes,0
Linn,101,Justice of the Peace,4,,Under Votes,152
Linn,103,Justice of the Peace,4,,Jad Lemhouse,268
Linn,103,Justice of the Peace,4,,Write-ins,3
Linn,103,Justice of the Peace,4,,Over Votes,0
Linn,103,Justice of the Peace,4,,Under Votes,273
Linn,104,Justice of the Peace,4,,Jad Lemhouse,174
Linn,104,Justice of the Peace,4,,Write-ins,4
Linn,104,Justice of the Peace,4,,Over Votes,0
Linn,104,Justice of the Peace,4,,Under Votes,153
Linn,108,Justice of the Peace,4,,Jad Lemhouse,499
Linn,108,Justice of the Peace,4,,Write-ins,4
Linn,108,Justice of the Peace,4,,Over Votes,0
Linn,108,Justice of the Peace,4,,Under Votes,330
Linn,52,Measure 22-75 City of Scio,,,Yes,85
Linn,52,Measure 22-75 City of Scio,,,No,83
Linn,52,Measure 22-75 City of Scio,,,Over Votes,0
Linn,52,Measure 22-75 City of Scio,,,Under Votes,7
Linn,36,Measure 22-76 City of Lebanon,,,Yes,251
Linn,36,Measure 22-76 City of Lebanon,,,No,128
Linn,36,Measure 22-76 City of Lebanon,,,Over Votes,0
Linn,36,Measure 22-76 City of Lebanon,,,Under Votes,53
Linn,37,Measure 22-76 City of Lebanon,,,Yes,290
Linn,37,Measure 22-76 City of Lebanon,,,No,128
Linn,37,Measure 22-76 City of Lebanon,,,Over Votes,0
Linn,37,Measure 22-76 City of Lebanon,,,Under Votes,55
Linn,38,Measure 22-76 City of Lebanon,,,Yes,252
Linn,38,Measure 22-76 City of Lebanon,,,No,110
Linn,38,Measure 22-76 City of Lebanon,,,Over Votes,0
Linn,38,Measure 22-76 City of Lebanon,,,Under Votes,44
Linn,39,Measure 22-76 City of Lebanon,,,Yes,208
Linn,39,Measure 22-76 City of Lebanon,,,No,103
Linn,39,Measure 22-76 City of Lebanon,,,Over Votes,0
Linn,39,Measure 22-76 City of Lebanon,,,Under Votes,30
Linn,41,Measure 22-76 City of Lebanon,,,Yes,174
Linn,41,Measure 22-76 City of Lebanon,,,No,83
Linn,41,Measure 22-76 City of Lebanon,,,Over Votes,0
Linn,41,Measure 22-76 City of Lebanon,,,Under Votes,25
Linn,79,Measure 22-76 City of Lebanon,,,Yes,351
Linn,79,Measure 22-76 City of Lebanon,,,No,188
Linn,79,Measure 22-76 City of Lebanon,,,Over Votes,0
Linn,79,Measure 22-76 City of Lebanon,,,Under Votes,52
Linn,88,Measure 22-76 City of Lebanon,,,Yes,291
Linn,88,Measure 22-76 City of Lebanon,,,No,111
Linn,88,Measure 22-76 City of Lebanon,,,Over Votes,0
Linn,88,Measure 22-76 City of Lebanon,,,Under Votes,35
Linn,108,Measure 22-76 City of Lebanon,,,Yes,501
Linn,108,Measure 22-76 City of Lebanon,,,No,229
Linn,108,Measure 22-76 City of Lebanon,,,Over Votes,0
Linn,108,Measure 22-76 City of Lebanon,,,Under Votes,103
Linn,1,Measure 22-77 City of Albany,,,Yes,211
Linn,1,Measure 22-77 City of Albany,,,No,93
Linn,1,Measure 22-77 City of Albany,,,Over Votes,0
Linn,1,Measure 22-77 City of Albany,,,Under Votes,62
Linn,3,Measure 22-77 City of Albany,,,Yes,159
Linn,3,Measure 22-77 City of Albany,,,No,71
Linn,3,Measure 22-77 City of Albany,,,Over Votes,0
Linn,3,Measure 22-77 City of Albany,,,Under Votes,52
Linn,5,Measure 22-77 City of Albany,,,Yes,157
Linn,5,Measure 22-77 City of Albany,,,No,104
Linn,5,Measure 22-77 City of Albany,,,Over Votes,0
Linn,5,Measure 22-77 City of Albany,,,Under Votes,47
Linn,8,Measure 22-77 City of Albany,,,Yes,190
Linn,8,Measure 22-77 City of Albany,,,No,152
Linn,8,Measure 22-77 City of Albany,,,Over Votes,0
Linn,8,Measure 22-77 City of Albany,,,Under Votes,46
Linn,11,Measure 22-77 City of Albany,,,Yes,123
Linn,11,Measure 22-77 City of Albany,,,No,86
Linn,11,Measure 22-77 City of Albany,,,Over Votes,0
Linn,11,Measure 22-77 City of Albany,,,Under Votes,45
Linn,14,Measure 22-77 City of Albany,,,Yes,167
Linn,14,Measure 22-77 City of Albany,,,No,109
Linn,14,Measure 22-77 City of Albany,,,Over Votes,0
Linn,14,Measure 22-77 City of Albany,,,Under Votes,37
Linn,15,Measure 22-77 City of Albany,,,Yes,61
Linn,15,Measure 22-77 City of Albany,,,No,35
Linn,15,Measure 22-77 City of Albany,,,Over Votes,0
Linn,15,Measure 22-77 City of Albany,,,Under Votes,29
Linn,16,Measure 22-77 City of Albany,,,Yes,181
Linn,16,Measure 22-77 City of Albany,,,No,119
Linn,16,Measure 22-77 City of Albany,,,Over Votes,0
Linn,16,Measure 22-77 City of Albany,,,Under Votes,63
Linn,18,Measure 22-77 City of Albany,,,Yes,683
Linn,18,Measure 22-77 City of Albany,,,No,265
Linn,18,Measure 22-77 City of Albany,,,Over Votes,0
Linn,18,Measure 22-77 City of Albany,,,Under Votes,144
Linn,48,Measure 22-77 City of Albany,,,Yes,349
Linn,48,Measure 22-77 City of Albany,,,No,143
Linn,48,Measure 22-77 City of Albany,,,Over Votes,0
Linn,48,Measure 22-77 City of Albany,,,Under Votes,132
Linn,84,Measure 22-77 City of Albany,,,Yes,199
Linn,84,Measure 22-77 City of Albany,,,No,101
Linn,84,Measure 22-77 City of Albany,,,Over Votes,0
Linn,84,Measure 22-77 City of Albany,,,Under Votes,57
Linn,89,Measure 22-77 City of Albany,,,Yes,242
Linn,89,Measure 22-77 City of Albany,,,No,113
Linn,89,Measure 22-77 City of Albany,,,Over Votes,0
Linn,89,Measure 22-77 City of Albany,,,Under Votes,53
Linn,91,Measure 22-77 City of Albany,,,Yes,218
Linn,91,Measure 22-77 City of Albany,,,No,163
Linn,91,Measure 22-77 City of Albany,,,Over Votes,0
Linn,91,Measure 22-77 City of Albany,,,Under Votes,52
Linn,92,Measure 22-77 City of Albany,,,Yes,442
Linn,92,Measure 22-77 City of Albany,,,No,214
Linn,92,Measure 22-77 City of Albany,,,Over Votes,0
Linn,92,Measure 22-77 City of Albany,,,Under Votes,114
Linn,93,Measure 22-77 City of Albany,,,Yes,324
Linn,93,Measure 22-77 City of Albany,,,No,208
Linn,93,Measure 22-77 City of Albany,,,Over Votes,0
Linn,93,Measure 22-77 City of Albany,,,Under Votes,47
Linn,94,Measure 22-77 City of Albany,,,Yes,185
Linn,94,Measure 22-77 City of Albany,,,No,104
Linn,94,Measure 22-77 City of Albany,,,Over Votes,0
Linn,94,Measure 22-77 City of Albany,,,Under Votes,52
Linn,95,Measure 22-77 City of Albany,,,Yes,257
Linn,95,Measure 22-77 City of Albany,,,No,179
Linn,95,Measure 22-77 City of Albany,,,Over Votes,2
Linn,95,Measure 22-77 City of Albany,,,Under Votes,73
Linn,96,Measure 22-77 City of Albany,,,Yes,354
Linn,96,Measure 22-77 City of Albany,,,No,138
Linn,96,Measure 22-77 City of Albany,,,Over Votes,0
Linn,96,Measure 22-77 City of Albany,,,Under Votes,76
Linn,100,Measure 22-77 City of Albany,,,Yes,344
Linn,100,Measure 22-77 City of Albany,,,No,196
Linn,100,Measure 22-77 City of Albany,,,Over Votes,0
Linn,100,Measure 22-77 City of Albany,,,Under Votes,111
Linn,102,Measure 22-77 City of Albany,,,Yes,367
Linn,102,Measure 22-77 City of Albany,,,No,161
Linn,102,Measure 22-77 City of Albany,,,Over Votes,0
Linn,102,Measure 22-77 City of Albany,,,Under Votes,66
Linn,105,Measure 22-77 City of Albany,,,Yes,154
Linn,105,Measure 22-77 City of Albany,,,No,91
Linn,105,Measure 22-77 City of Albany,,,Over Votes,0
Linn,105,Measure 22-77 City of Albany,,,Under Votes,46
Linn,106,Measure 22-77 City of Albany,,,Yes,183
Linn,106,Measure 22-77 City of Albany,,,No,131
Linn,106,Measure 22-77 City of Albany,,,Over Votes,0
Linn,106,Measure 22-77 City of Albany,,,Under Votes,53
Linn,107,Measure 22-77 City of Albany,,,Yes,332
Linn,107,Measure 22-77 City of Albany,,,No,197
Linn,107,Measure 22-77 City of Albany,,,Over Votes,1
Linn,107,Measure 22-77 City of Albany,,,Under Votes,67
Linn,1,Measure 22-78 City of Albany,,,Yes,208
Linn,1,Measure 22-78 City of Albany,,,No,100
Linn,1,Measure 22-78 City of Albany,,,Over Votes,0
Linn,1,Measure 22-78 City of Albany,,,Under Votes,58
Linn,3,Measure 22-78 City of Albany,,,Yes,160
Linn,3,Measure 22-78 City of Albany,,,No,68
Linn,3,Measure 22-78 City of Albany,,,Over Votes,0
Linn,3,Measure 22-78 City of Albany,,,Under Votes,54
Linn,5,Measure 22-78 City of Albany,,,Yes,158
Linn,5,Measure 22-78 City of Albany,,,No,104
Linn,5,Measure 22-78 City of Albany,,,Over Votes,0
Linn,5,Measure 22-78 City of Albany,,,Under Votes,46
Linn,8,Measure 22-78 City of Albany,,,Yes,188
Linn,8,Measure 22-78 City of Albany,,,No,150
Linn,8,Measure 22-78 City of Albany,,,Over Votes,0
Linn,8,Measure 22-78 City of Albany,,,Under Votes,50
Linn,11,Measure 22-78 City of Albany,,,Yes,119
Linn,11,Measure 22-78 City of Albany,,,No,90
Linn,11,Measure 22-78 City of Albany,,,Over Votes,0
Linn,11,Measure 22-78 City of Albany,,,Under Votes,45
Linn,14,Measure 22-78 City of Albany,,,Yes,165
Linn,14,Measure 22-78 City of Albany,,,No,111
Linn,14,Measure 22-78 City of Albany,,,Over Votes,0
Linn,14,Measure 22-78 City of Albany,,,Under Votes,37
Linn,15,Measure 22-78 City of Albany,,,Yes,60
Linn,15,Measure 22-78 City of Albany,,,No,35
Linn,15,Measure 22-78 City of Albany,,,Over Votes,0
Linn,15,Measure 22-78 City of Albany,,,Under Votes,30
Linn,16,Measure 22-78 City of Albany,,,Yes,177
Linn,16,Measure 22-78 City of Albany,,,No,123
Linn,16,Measure 22-78 City of Albany,,,Over Votes,0
Linn,16,Measure 22-78 City of Albany,,,Under Votes,63
Linn,18,Measure 22-78 City of Albany,,,Yes,680
Linn,18,Measure 22-78 City of Albany,,,No,269
Linn,18,Measure 22-78 City of Albany,,,Over Votes,0
Linn,18,Measure 22-78 City of Albany,,,Under Votes,143
Linn,48,Measure 22-78 City of Albany,,,Yes,352
Linn,48,Measure 22-78 City of Albany,,,No,154
Linn,48,Measure 22-78 City of Albany,,,Over Votes,0
Linn,48,Measure 22-78 City of Albany,,,Under Votes,118
Linn,84,Measure 22-78 City of Albany,,,Yes,199
Linn,84,Measure 22-78 City of Albany,,,No,104
Linn,84,Measure 22-78 City of Albany,,,Over Votes,0
Linn,84,Measure 22-78 City of Albany,,,Under Votes,54
Linn,89,Measure 22-78 City of Albany,,,Yes,247
Linn,89,Measure 22-78 City of Albany,,,No,109
Linn,89,Measure 22-78 City of Albany,,,Over Votes,0
Linn,89,Measure 22-78 City of Albany,,,Under Votes,52
Linn,91,Measure 22-78 City of Albany,,,Yes,217
Linn,91,Measure 22-78 City of Albany,,,No,165
Linn,91,Measure 22-78 City of Albany,,,Over Votes,0
Linn,91,Measure 22-78 City of Albany,,,Under Votes,51
Linn,92,Measure 22-78 City of Albany,,,Yes,433
Linn,92,Measure 22-78 City of Albany,,,No,218
Linn,92,Measure 22-78 City of Albany,,,Over Votes,0
Linn,92,Measure 22-78 City of Albany,,,Under Votes,119
Linn,93,Measure 22-78 City of Albany,,,Yes,321
Linn,93,Measure 22-78 City of Albany,,,No,203
Linn,93,Measure 22-78 City of Albany,,,Over Votes,0
Linn,93,Measure 22-78 City of Albany,,,Under Votes,55
Linn,94,Measure 22-78 City of Albany,,,Yes,185
Linn,94,Measure 22-78 City of Albany,,,No,108
Linn,94,Measure 22-78 City of Albany,,,Over Votes,0
Linn,94,Measure 22-78 City of Albany,,,Under Votes,48
Linn,95,Measure 22-78 City of Albany,,,Yes,260
Linn,95,Measure 22-78 City of Albany,,,No,177
Linn,95,Measure 22-78 City of Albany,,,Over Votes,2
Linn,95,Measure 22-78 City of Albany,,,Under Votes,72
Linn,96,Measure 22-78 City of Albany,,,Yes,352
Linn,96,Measure 22-78 City of Albany,,,No,139
Linn,96,Measure 22-78 City of Albany,,,Over Votes,0
Linn,96,Measure 22-78 City of Albany,,,Under Votes,77
Linn,100,Measure 22-78 City of Albany,,,Yes,352
Linn,100,Measure 22-78 City of Albany,,,No,191
Linn,100,Measure 22-78 City of Albany,,,Over Votes,0
Linn,100,Measure 22-78 City of Albany,,,Under Votes,108
Linn,102,Measure 22-78 City of Albany,,,Yes,369
Linn,102,Measure 22-78 City of Albany,,,No,160
Linn,102,Measure 22-78 City of Albany,,,Over Votes,0
Linn,102,Measure 22-78 City of Albany,,,Under Votes,65
Linn,105,Measure 22-78 City of Albany,,,Yes,154
Linn,105,Measure 22-78 City of Albany,,,No,89
Linn,105,Measure 22-78 City of Albany,,,Over Votes,0
Linn,105,Measure 22-78 City of Albany,,,Under Votes,48
Linn,106,Measure 22-78 City of Albany,,,Yes,184
Linn,106,Measure 22-78 City of Albany,,,No,131
Linn,106,Measure 22-78 City of Albany,,,Over Votes,0
Linn,106,Measure 22-78 City of Albany,,,Under Votes,52
Linn,107,Measure 22-78 City of Albany,,,Yes,335
Linn,107,Measure 22-78 City of Albany,,,No,195
Linn,107,Measure 22-78 City of Albany,,,Over Votes,0
Linn,107,Measure 22-78 City of Albany,,,Under Votes,67
Linn,43,Measure 24-245 Chemeketa Community College,,,Yes,152
Linn,43,Measure 24-245 Chemeketa Community College,,,No,171
Linn,43,Measure 24-245 Chemeketa Community College,,,Over Votes,0
Linn,43,Measure 24-245 Chemeketa Community College,,,Under Votes,33
Linn,49,Measure 24-245 Chemeketa Community College,,,Yes,7
Linn,49,Measure 24-245 Chemeketa Community College,,,No,19
Linn,49,Measure 24-245 Chemeketa Community College,,,Over Votes,0
Linn,49,Measure 24-245 Chemeketa Community College,,,Under Votes,4
Linn,101,Measure 24-245 Chemeketa Community College,,,Yes,109
Linn,101,Measure 24-245 Chemeketa Community College,,,No,159
Linn,101,Measure 24-245 Chemeketa Community College,,,Over Votes,0
Linn,101,Measure 24-245 Chemeketa Community College,,,Under Votes,20
Linn,103,Measure 24-245 Chemeketa Community College,,,Yes,197
Linn,103,Measure 24-245 Chemeketa Community College,,,No,312
Linn,103,Measure 24-245 Chemeketa Community College,,,Over Votes,0
Linn,103,Measure 24-245 Chemeketa Community College,,,Under Votes,35
Linn,1,Measure 51,,,Yes,223
Linn,1,Measure 51,,,No,75
Linn,1,Measure 51,,,Over Votes,1
Linn,1,Measure 51,,,Under Votes,67
Linn,3,Measure 51,,,Yes,178
Linn,3,Measure 51,,,No,56
Linn,3,Measure 51,,,Over Votes,0
Linn,3,Measure 51,,,Under Votes,48
Linn,5,Measure 51,,,Yes,219
Linn,5,Measure 51,,,No,62
Linn,5,Measure 51,,,Over Votes,0
Linn,5,Measure 51,,,Under Votes,27
Linn,8,Measure 51,,,Yes,252
Linn,8,Measure 51,,,No,99
Linn,8,Measure 51,,,Over Votes,0
Linn,8,Measure 51,,,Under Votes,37
Linn,11,Measure 51,,,Yes,178
Linn,11,Measure 51,,,No,39
Linn,11,Measure 51,,,Over Votes,1
Linn,11,Measure 51,,,Under Votes,36
Linn,14,Measure 51,,,Yes,192
Linn,14,Measure 51,,,No,83
Linn,14,Measure 51,,,Over Votes,0
Linn,14,Measure 51,,,Under Votes,38
Linn,15,Measure 51,,,Yes,81
Linn,15,Measure 51,,,No,24
Linn,15,Measure 51,,,Over Votes,0
Linn,15,Measure 51,,,Under Votes,20
Linn,16,Measure 51,,,Yes,232
Linn,16,Measure 51,,,No,79
Linn,16,Measure 51,,,Over Votes,1
Linn,16,Measure 51,,,Under Votes,51
Linn,18,Measure 51,,,Yes,738
Linn,18,Measure 51,,,No,209
Linn,18,Measure 51,,,Over Votes,0
Linn,18,Measure 51,,,Under Votes,145
Linn,19,Measure 51,,,Yes,328
Linn,19,Measure 51,,,No,92
Linn,19,Measure 51,,,Over Votes,0
Linn,19,Measure 51,,,Under Votes,55
Linn,20,Measure 51,,,Yes,159
Linn,20,Measure 51,,,No,73
Linn,20,Measure 51,,,Over Votes,0
Linn,20,Measure 51,,,Under Votes,47
Linn,21,Measure 51,,,Yes,117
Linn,21,Measure 51,,,No,53
Linn,21,Measure 51,,,Over Votes,0
Linn,21,Measure 51,,,Under Votes,26
Linn,22,Measure 51,,,Yes,15
Linn,22,Measure 51,,,No,3
Linn,22,Measure 51,,,Over Votes,0
Linn,22,Measure 51,,,Under Votes,3
Linn,23,Measure 51,,,Yes,309
Linn,23,Measure 51,,,No,118
Linn,23,Measure 51,,,Over Votes,0
Linn,23,Measure 51,,,Under Votes,71
Linn,25,Measure 51,,,Yes,218
Linn,25,Measure 51,,,No,128
Linn,25,Measure 51,,,Over Votes,0
Linn,25,Measure 51,,,Under Votes,45
Linn,26,Measure 51,,,Yes,92
Linn,26,Measure 51,,,No,33
Linn,26,Measure 51,,,Over Votes,0
Linn,26,Measure 51,,,Under Votes,8
Linn,27,Measure 51,,,Yes,199
Linn,27,Measure 51,,,No,70
Linn,27,Measure 51,,,Over Votes,1
Linn,27,Measure 51,,,Under Votes,35
Linn,28,Measure 51,,,Yes,178
Linn,28,Measure 51,,,No,78
Linn,28,Measure 51,,,Over Votes,0
Linn,28,Measure 51,,,Under Votes,39
Linn,29,Measure 51,,,Yes,489
Linn,29,Measure 51,,,No,188
Linn,29,Measure 51,,,Over Votes,0
Linn,29,Measure 51,,,Under Votes,116
Linn,30,Measure 51,,,Yes,70
Linn,30,Measure 51,,,No,13
Linn,30,Measure 51,,,Over Votes,0
Linn,30,Measure 51,,,Under Votes,24
Linn,31,Measure 51,,,Yes,326
Linn,31,Measure 51,,,No,100
Linn,31,Measure 51,,,Over Votes,0
Linn,31,Measure 51,,,Under Votes,48
Linn,32,Measure 51,,,Yes,239
Linn,32,Measure 51,,,No,72
Linn,32,Measure 51,,,Over Votes,0
Linn,32,Measure 51,,,Under Votes,40
Linn,34,Measure 51,,,Yes,114
Linn,34,Measure 51,,,No,38
Linn,34,Measure 51,,,Over Votes,0
Linn,34,Measure 51,,,Under Votes,18
Linn,35,Measure 51,,,Yes,418
Linn,35,Measure 51,,,No,149
Linn,35,Measure 51,,,Over Votes,0
Linn,35,Measure 51,,,Under Votes,81
Linn,36,Measure 51,,,Yes,281
Linn,36,Measure 51,,,No,94
Linn,36,Measure 51,,,Over Votes,0
Linn,36,Measure 51,,,Under Votes,57
Linn,37,Measure 51,,,Yes,317
Linn,37,Measure 51,,,No,97
Linn,37,Measure 51,,,Over Votes,0
Linn,37,Measure 51,,,Under Votes,59
Linn,38,Measure 51,,,Yes,253
Linn,38,Measure 51,,,No,96
Linn,38,Measure 51,,,Over Votes,0
Linn,38,Measure 51,,,Under Votes,57
Linn,39,Measure 51,,,Yes,227
Linn,39,Measure 51,,,No,82
Linn,39,Measure 51,,,Over Votes,1
Linn,39,Measure 51,,,Under Votes,31
Linn,41,Measure 51,,,Yes,199
Linn,41,Measure 51,,,No,46
Linn,41,Measure 51,,,Over Votes,2
Linn,41,Measure 51,,,Under Votes,35
Linn,43,Measure 51,,,Yes,229
Linn,43,Measure 51,,,No,82
Linn,43,Measure 51,,,Over Votes,0
Linn,43,Measure 51,,,Under Votes,45
Linn,44,Measure 51,,,Yes,368
Linn,44,Measure 51,,,No,129
Linn,44,Measure 51,,,Over Votes,0
Linn,44,Measure 51,,,Under Votes,72
Linn,45,Measure 51,,,Yes,307
Linn,45,Measure 51,,,No,87
Linn,45,Measure 51,,,Over Votes,0
Linn,45,Measure 51,,,Under Votes,41
Linn,46,Measure 51,,,Yes,299
Linn,46,Measure 51,,,No,142
Linn,46,Measure 51,,,Over Votes,1
Linn,46,Measure 51,,,Under Votes,64
Linn,47,Measure 51,,,Yes,106
Linn,47,Measure 51,,,No,44
Linn,47,Measure 51,,,Over Votes,0
Linn,47,Measure 51,,,Under Votes,27
Linn,48,Measure 51,,,Yes,391
Linn,48,Measure 51,,,No,120
Linn,48,Measure 51,,,Over Votes,0
Linn,48,Measure 51,,,Under Votes,113
Linn,49,Measure 51,,,Yes,21
Linn,49,Measure 51,,,No,6
Linn,49,Measure 51,,,Over Votes,0
Linn,49,Measure 51,,,Under Votes,3
Linn,51,Measure 51,,,Yes,229
Linn,51,Measure 51,,,No,95
Linn,51,Measure 51,,,Over Votes,0
Linn,51,Measure 51,,,Under Votes,40
Linn,52,Measure 51,,,Yes,116
Linn,52,Measure 51,,,No,42
Linn,52,Measure 51,,,Over Votes,0
Linn,52,Measure 51,,,Under Votes,17
Linn,53,Measure 51,,,Yes,259
Linn,53,Measure 51,,,No,109
Linn,53,Measure 51,,,Over Votes,0
Linn,53,Measure 51,,,Under Votes,43
Linn,54,Measure 51,,,Yes,129
Linn,54,Measure 51,,,No,52
Linn,54,Measure 51,,,Over Votes,0
Linn,54,Measure 51,,,Under Votes,39
Linn,55,Measure 51,,,Yes,197
Linn,55,Measure 51,,,No,73
Linn,55,Measure 51,,,Over Votes,0
Linn,55,Measure 51,,,Under Votes,39
Linn,56,Measure 51,,,Yes,239
Linn,56,Measure 51,,,No,88
Linn,56,Measure 51,,,Over Votes,0
Linn,56,Measure 51,,,Under Votes,45
Linn,57,Measure 51,,,Yes,91
Linn,57,Measure 51,,,No,33
Linn,57,Measure 51,,,Over Votes,0
Linn,57,Measure 51,,,Under Votes,23
Linn,59,Measure 51,,,Yes,160
Linn,59,Measure 51,,,No,56
Linn,59,Measure 51,,,Over Votes,0
Linn,59,Measure 51,,,Under Votes,40
Linn,61,Measure 51,,,Yes,131
Linn,61,Measure 51,,,No,38
Linn,61,Measure 51,,,Over Votes,0
Linn,61,Measure 51,,,Under Votes,28
Linn,62,Measure 51,,,Yes,235
Linn,62,Measure 51,,,No,82
Linn,62,Measure 51,,,Over Votes,0
Linn,62,Measure 51,,,Under Votes,50
Linn,63,Measure 51,,,Yes,630
Linn,63,Measure 51,,,No,226
Linn,63,Measure 51,,,Over Votes,0
Linn,63,Measure 51,,,Under Votes,133
Linn,65,Measure 51,,,Yes,14
Linn,65,Measure 51,,,No,10
Linn,65,Measure 51,,,Over Votes,0
Linn,65,Measure 51,,,Under Votes,5
Linn,66,Measure 51,,,Yes,71
Linn,66,Measure 51,,,No,52
Linn,66,Measure 51,,,Over Votes,0
Linn,66,Measure 51,,,Under Votes,10
Linn,70,Measure 51,,,Yes,444
Linn,70,Measure 51,,,No,144
Linn,70,Measure 51,,,Over Votes,0
Linn,70,Measure 51,,,Under Votes,99
Linn,73,Measure 51,,,Yes,276
Linn,73,Measure 51,,,No,108
Linn,73,Measure 51,,,Over Votes,0
Linn,73,Measure 51,,,Under Votes,70
Linn,75,Measure 51,,,Yes,291
Linn,75,Measure 51,,,No,98
Linn,75,Measure 51,,,Over Votes,1
Linn,75,Measure 51,,,Under Votes,66
Linn,77,Measure 51,,,Yes,130
Linn,77,Measure 51,,,No,52
Linn,77,Measure 51,,,Over Votes,0
Linn,77,Measure 51,,,Under Votes,28
Linn,78,Measure 51,,,Yes,269
Linn,78,Measure 51,,,No,74
Linn,78,Measure 51,,,Over Votes,0
Linn,78,Measure 51,,,Under Votes,36
Linn,79,Measure 51,,,Yes,392
Linn,79,Measure 51,,,No,132
Linn,79,Measure 51,,,Over Votes,1
Linn,79,Measure 51,,,Under Votes,66
Linn,80,Measure 51,,,Yes,306
Linn,80,Measure 51,,,No,121
Linn,80,Measure 51,,,Over Votes,0
Linn,80,Measure 51,,,Under Votes,60
Linn,82,Measure 51,,,Yes,126
Linn,82,Measure 51,,,No,51
Linn,82,Measure 51,,,Over Votes,0
Linn,82,Measure 51,,,Under Votes,26
Linn,84,Measure 51,,,Yes,245
Linn,84,Measure 51,,,No,71
Linn,84,Measure 51,,,Over Votes,1
Linn,84,Measure 51,,,Under Votes,40
Linn,86,Measure 51,,,Yes,392
Linn,86,Measure 51,,,No,149
Linn,86,Measure 51,,,Over Votes,1
Linn,86,Measure 51,,,Under Votes,70
Linn,88,Measure 51,,,Yes,297
Linn,88,Measure 51,,,No,80
Linn,88,Measure 51,,,Over Votes,0
Linn,88,Measure 51,,,Under Votes,60
Linn,89,Measure 51,,,Yes,272
Linn,89,Measure 51,,,No,86
Linn,89,Measure 51,,,Over Votes,0
Linn,89,Measure 51,,,Under Votes,50
Linn,91,Measure 51,,,Yes,288
Linn,91,Measure 51,,,No,101
Linn,91,Measure 51,,,Over Votes,0
Linn,91,Measure 51,,,Under Votes,44
Linn,92,Measure 51,,,Yes,499
Linn,92,Measure 51,,,No,174
Linn,92,Measure 51,,,Over Votes,0
Linn,92,Measure 51,,,Under Votes,97
Linn,93,Measure 51,,,Yes,374
Linn,93,Measure 51,,,No,133
Linn,93,Measure 51,,,Over Votes,0
Linn,93,Measure 51,,,Under Votes,72
Linn,94,Measure 51,,,Yes,222
Linn,94,Measure 51,,,No,68
Linn,94,Measure 51,,,Over Votes,0
Linn,94,Measure 51,,,Under Votes,51
Linn,95,Measure 51,,,Yes,321
Linn,95,Measure 51,,,No,121
Linn,95,Measure 51,,,Over Votes,0
Linn,95,Measure 51,,,Under Votes,69
Linn,96,Measure 51,,,Yes,339
Linn,96,Measure 51,,,No,159
Linn,96,Measure 51,,,Over Votes,0
Linn,96,Measure 51,,,Under Votes,70
Linn,97,Measure 51,,,Yes,507
Linn,97,Measure 51,,,No,154
Linn,97,Measure 51,,,Over Votes,1
Linn,97,Measure 51,,,Under Votes,92
Linn,99,Measure 51,,,Yes,121
Linn,99,Measure 51,,,No,47
Linn,99,Measure 51,,,Over Votes,0
Linn,99,Measure 51,,,Under Votes,22
Linn,100,Measure 51,,,Yes,415
Linn,100,Measure 51,,,No,144
Linn,100,Measure 51,,,Over Votes,0
Linn,100,Measure 51,,,Under Votes,92
Linn,101,Measure 51,,,Yes,190
Linn,101,Measure 51,,,No,72
Linn,101,Measure 51,,,Over Votes,0
Linn,101,Measure 51,,,Under Votes,26
Linn,102,Measure 51,,,Yes,402
Linn,102,Measure 51,,,No,120
Linn,102,Measure 51,,,Over Votes,1
Linn,102,Measure 51,,,Under Votes,71
Linn,103,Measure 51,,,Yes,357
Linn,103,Measure 51,,,No,131
Linn,103,Measure 51,,,Over Votes,0
Linn,103,Measure 51,,,Under Votes,56
Linn,104,Measure 51,,,Yes,200
Linn,104,Measure 51,,,No,85
Linn,104,Measure 51,,,Over Votes,0
Linn,104,Measure 51,,,Under Votes,46
Linn,105,Measure 51,,,Yes,182
Linn,105,Measure 51,,,No,66
Linn,105,Measure 51,,,Over Votes,0
Linn,105,Measure 51,,,Under Votes,43
Linn,106,Measure 51,,,Yes,232
Linn,106,Measure 51,,,No,86
Linn,106,Measure 51,,,Over Votes,0
Linn,106,Measure 51,,,Under Votes,49
Linn,107,Measure 51,,,Yes,393
Linn,107,Measure 51,,,No,137
Linn,107,Measure 51,,,Over Votes,0
Linn,107,Measure 51,,,Under Votes,67
Linn,108,Measure 51,,,Yes,523
Linn,108,Measure 51,,,No,193
Linn,108,Measure 51,,,Over Votes,0
Linn,108,Measure 51,,,Under Votes,117
Linn,1,Measure 52,,,Yes,224
Linn,1,Measure 52,,,No,84
Linn,1,Measure 52,,,Over Votes,0
Linn,1,Measure 52,,,Under Votes,58
Linn,3,Measure 52,,,Yes,184
Linn,3,Measure 52,,,No,54
Linn,3,Measure 52,,,Over Votes,0
Linn,3,Measure 52,,,Under Votes,44
Linn,5,Measure 52,,,Yes,223
Linn,5,Measure 52,,,No,57
Linn,5,Measure 52,,,Over Votes,0
Linn,5,Measure 52,,,Under Votes,28
Linn,8,Measure 52,,,Yes,261
Linn,8,Measure 52,,,No,92
Linn,8,Measure 52,,,Over Votes,0
Linn,8,Measure 52,,,Under Votes,35
Linn,11,Measure 52,,,Yes,176
Linn,11,Measure 52,,,No,49
Linn,11,Measure 52,,,Over Votes,1
Linn,11,Measure 52,,,Under Votes,28
Linn,14,Measure 52,,,Yes,203
Linn,14,Measure 52,,,No,83
Linn,14,Measure 52,,,Over Votes,0
Linn,14,Measure 52,,,Under Votes,27
Linn,15,Measure 52,,,Yes,76
Linn,15,Measure 52,,,No,28
Linn,15,Measure 52,,,Over Votes,0
Linn,15,Measure 52,,,Under Votes,21
Linn,16,Measure 52,,,Yes,238
Linn,16,Measure 52,,,No,78
Linn,16,Measure 52,,,Over Votes,0
Linn,16,Measure 52,,,Under Votes,47
Linn,18,Measure 52,,,Yes,743
Linn,18,Measure 52,,,No,220
Linn,18,Measure 52,,,Over Votes,0
Linn,18,Measure 52,,,Under Votes,129
Linn,19,Measure 52,,,Yes,320
Linn,19,Measure 52,,,No,92
Linn,19,Measure 52,,,Over Votes,0
Linn,19,Measure 52,,,Under Votes,63
Linn,20,Measure 52,,,Yes,156
Linn,20,Measure 52,,,No,69
Linn,20,Measure 52,,,Over Votes,0
Linn,20,Measure 52,,,Under Votes,54
Linn,21,Measure 52,,,Yes,119
Linn,21,Measure 52,,,No,51
Linn,21,Measure 52,,,Over Votes,0
Linn,21,Measure 52,,,Under Votes,26
Linn,22,Measure 52,,,Yes,13
Linn,22,Measure 52,,,No,5
Linn,22,Measure 52,,,Over Votes,0
Linn,22,Measure 52,,,Under Votes,3
Linn,23,Measure 52,,,Yes,306
Linn,23,Measure 52,,,No,115
Linn,23,Measure 52,,,Over Votes,0
Linn,23,Measure 52,,,Under Votes,77
Linn,25,Measure 52,,,Yes,216
Linn,25,Measure 52,,,No,124
Linn,25,Measure 52,,,Over Votes,0
Linn,25,Measure 52,,,Under Votes,51
Linn,26,Measure 52,,,Yes,87
Linn,26,Measure 52,,,No,35
Linn,26,Measure 52,,,Over Votes,0
Linn,26,Measure 52,,,Under Votes,11
Linn,27,Measure 52,,,Yes,204
Linn,27,Measure 52,,,No,65
Linn,27,Measure 52,,,Over Votes,1
Linn,27,Measure 52,,,Under Votes,35
Linn,28,Measure 52,,,Yes,172
Linn,28,Measure 52,,,No,81
Linn,28,Measure 52,,,Over Votes,0
Linn,28,Measure 52,,,Under Votes,42
Linn,29,Measure 52,,,Yes,490
Linn,29,Measure 52,,,No,176
Linn,29,Measure 52,,,Over Votes,0
Linn,29,Measure 52,,,Under Votes,127
Linn,30,Measure 52,,,Yes,66
Linn,30,Measure 52,,,No,15
Linn,30,Measure 52,,,Over Votes,0
Linn,30,Measure 52,,,Under Votes,26
Linn,31,Measure 52,,,Yes,317
Linn,31,Measure 52,,,No,98
Linn,31,Measure 52,,,Over Votes,1
Linn,31,Measure 52,,,Under Votes,58
Linn,32,Measure 52,,,Yes,230
Linn,32,Measure 52,,,No,76
Linn,32,Measure 52,,,Over Votes,0
Linn,32,Measure 52,,,Under Votes,45
Linn,34,Measure 52,,,Yes,115
Linn,34,Measure 52,,,No,36
Linn,34,Measure 52,,,Over Votes,0
Linn,34,Measure 52,,,Under Votes,19
Linn,35,Measure 52,,,Yes,399
Linn,35,Measure 52,,,No,151
Linn,35,Measure 52,,,Over Votes,0
Linn,35,Measure 52,,,Under Votes,98
Linn,36,Measure 52,,,Yes,269
Linn,36,Measure 52,,,No,98
Linn,36,Measure 52,,,Over Votes,0
Linn,36,Measure 52,,,Under Votes,65
Linn,37,Measure 52,,,Yes,306
Linn,37,Measure 52,,,No,102
Linn,37,Measure 52,,,Over Votes,0
Linn,37,Measure 52,,,Under Votes,65
Linn,38,Measure 52,,,Yes,255
Linn,38,Measure 52,,,No,88
Linn,38,Measure 52,,,Over Votes,0
Linn,38,Measure 52,,,Under Votes,63
Linn,39,Measure 52,,,Yes,223
Linn,39,Measure 52,,,No,73
Linn,39,Measure 52,,,Over Votes,1
Linn,39,Measure 52,,,Under Votes,44
Linn,41,Measure 52,,,Yes,197
Linn,41,Measure 52,,,No,43
Linn,41,Measure 52,,,Over Votes,1
Linn,41,Measure 52,,,Under Votes,41
Linn,43,Measure 52,,,Yes,218
Linn,43,Measure 52,,,No,89
Linn,43,Measure 52,,,Over Votes,0
Linn,43,Measure 52,,,Under Votes,49
Linn,44,Measure 52,,,Yes,363
Linn,44,Measure 52,,,No,132
Linn,44,Measure 52,,,Over Votes,0
Linn,44,Measure 52,,,Under Votes,74
Linn,45,Measure 52,,,Yes,299
Linn,45,Measure 52,,,No,84
Linn,45,Measure 52,,,Over Votes,0
Linn,45,Measure 52,,,Under Votes,52
Linn,46,Measure 52,,,Yes,294
Linn,46,Measure 52,,,No,140
Linn,46,Measure 52,,,Over Votes,0
Linn,46,Measure 52,,,Under Votes,72
Linn,47,Measure 52,,,Yes,102
Linn,47,Measure 52,,,No,45
Linn,47,Measure 52,,,Over Votes,0
Linn,47,Measure 52,,,Under Votes,30
Linn,48,Measure 52,,,Yes,396
Linn,48,Measure 52,,,No,126
Linn,48,Measure 52,,,Over Votes,0
Linn,48,Measure 52,,,Under Votes,102
Linn,49,Measure 52,,,Yes,21
Linn,49,Measure 52,,,No,6
Linn,49,Measure 52,,,Over Votes,0
Linn,49,Measure 52,,,Under Votes,3
Linn,51,Measure 52,,,Yes,232
Linn,51,Measure 52,,,No,88
Linn,51,Measure 52,,,Over Votes,0
Linn,51,Measure 52,,,Under Votes,44
Linn,52,Measure 52,,,Yes,116
Linn,52,Measure 52,,,No,40
Linn,52,Measure 52,,,Over Votes,0
Linn,52,Measure 52,,,Under Votes,19
Linn,53,Measure 52,,,Yes,261
Linn,53,Measure 52,,,No,101
Linn,53,Measure 52,,,Over Votes,0
Linn,53,Measure 52,,,Under Votes,49
Linn,54,Measure 52,,,Yes,132
Linn,54,Measure 52,,,No,48
Linn,54,Measure 52,,,Over Votes,0
Linn,54,Measure 52,,,Under Votes,40
Linn,55,Measure 52,,,Yes,189
Linn,55,Measure 52,,,No,75
Linn,55,Measure 52,,,Over Votes,0
Linn,55,Measure 52,,,Under Votes,45
Linn,56,Measure 52,,,Yes,235
Linn,56,Measure 52,,,No,85
Linn,56,Measure 52,,,Over Votes,0
Linn,56,Measure 52,,,Under Votes,52
Linn,57,Measure 52,,,Yes,96
Linn,57,Measure 52,,,No,31
Linn,57,Measure 52,,,Over Votes,0
Linn,57,Measure 52,,,Under Votes,20
Linn,59,Measure 52,,,Yes,152
Linn,59,Measure 52,,,No,57
Linn,59,Measure 52,,,Over Votes,0
Linn,59,Measure 52,,,Under Votes,47
Linn,61,Measure 52,,,Yes,129
Linn,61,Measure 52,,,No,38
Linn,61,Measure 52,,,Over Votes,0
Linn,61,Measure 52,,,Under Votes,30
Linn,62,Measure 52,,,Yes,232
Linn,62,Measure 52,,,No,84
Linn,62,Measure 52,,,Over Votes,0
Linn,62,Measure 52,,,Under Votes,51
Linn,63,Measure 52,,,Yes,617
Linn,63,Measure 52,,,No,236
Linn,63,Measure 52,,,Over Votes,0
Linn,63,Measure 52,,,Under Votes,136
Linn,65,Measure 52,,,Yes,16
Linn,65,Measure 52,,,No,9
Linn,65,Measure 52,,,Over Votes,0
Linn,65,Measure 52,,,Under Votes,4
Linn,66,Measure 52,,,Yes,74
Linn,66,Measure 52,,,No,49
Linn,66,Measure 52,,,Over Votes,0
Linn,66,Measure 52,,,Under Votes,10
Linn,70,Measure 52,,,Yes,434
Linn,70,Measure 52,,,No,147
Linn,70,Measure 52,,,Over Votes,1
Linn,70,Measure 52,,,Under Votes,105
Linn,73,Measure 52,,,Yes,263
Linn,73,Measure 52,,,No,114
Linn,73,Measure 52,,,Over Votes,0
Linn,73,Measure 52,,,Under Votes,77
Linn,75,Measure 52,,,Yes,284
Linn,75,Measure 52,,,No,103
Linn,75,Measure 52,,,Over Votes,1
Linn,75,Measure 52,,,Under Votes,68
Linn,77,Measure 52,,,Yes,130
Linn,77,Measure 52,,,No,51
Linn,77,Measure 52,,,Over Votes,0
Linn,77,Measure 52,,,Under Votes,29
Linn,78,Measure 52,,,Yes,263
Linn,78,Measure 52,,,No,76
Linn,78,Measure 52,,,Over Votes,0
Linn,78,Measure 52,,,Under Votes,40
Linn,79,Measure 52,,,Yes,388
Linn,79,Measure 52,,,No,131
Linn,79,Measure 52,,,Over Votes,1
Linn,79,Measure 52,,,Under Votes,71
Linn,80,Measure 52,,,Yes,305
Linn,80,Measure 52,,,No,115
Linn,80,Measure 52,,,Over Votes,0
Linn,80,Measure 52,,,Under Votes,67
Linn,82,Measure 52,,,Yes,125
Linn,82,Measure 52,,,No,49
Linn,82,Measure 52,,,Over Votes,0
Linn,82,Measure 52,,,Under Votes,29
Linn,84,Measure 52,,,Yes,246
Linn,84,Measure 52,,,No,70
Linn,84,Measure 52,,,Over Votes,1
Linn,84,Measure 52,,,Under Votes,40
Linn,86,Measure 52,,,Yes,374
Linn,86,Measure 52,,,No,157
Linn,86,Measure 52,,,Over Votes,0
Linn,86,Measure 52,,,Under Votes,81
Linn,88,Measure 52,,,Yes,287
Linn,88,Measure 52,,,No,75
Linn,88,Measure 52,,,Over Votes,0
Linn,88,Measure 52,,,Under Votes,75
Linn,89,Measure 52,,,Yes,276
Linn,89,Measure 52,,,No,83
Linn,89,Measure 52,,,Over Votes,0
Linn,89,Measure 52,,,Under Votes,49
Linn,91,Measure 52,,,Yes,287
Linn,91,Measure 52,,,No,107
Linn,91,Measure 52,,,Over Votes,0
Linn,91,Measure 52,,,Under Votes,39
Linn,92,Measure 52,,,Yes,512
Linn,92,Measure 52,,,No,167
Linn,92,Measure 52,,,Over Votes,0
Linn,92,Measure 52,,,Under Votes,91
Linn,93,Measure 52,,,Yes,383
Linn,93,Measure 52,,,No,135
Linn,93,Measure 52,,,Over Votes,1
Linn,93,Measure 52,,,Under Votes,60
Linn,94,Measure 52,,,Yes,227
Linn,94,Measure 52,,,No,75
Linn,94,Measure 52,,,Over Votes,0
Linn,94,Measure 52,,,Under Votes,39
Linn,95,Measure 52,,,Yes,329
Linn,95,Measure 52,,,No,119
Linn,95,Measure 52,,,Over Votes,0
Linn,95,Measure 52,,,Under Votes,63
Linn,96,Measure 52,,,Yes,343
Linn,96,Measure 52,,,No,157
Linn,96,Measure 52,,,Over Votes,0
Linn,96,Measure 52,,,Under Votes,68
Linn,97,Measure 52,,,Yes,491
Linn,97,Measure 52,,,No,168
Linn,97,Measure 52,,,Over Votes,0
Linn,97,Measure 52,,,Under Votes,95
Linn,99,Measure 52,,,Yes,124
Linn,99,Measure 52,,,No,43
Linn,99,Measure 52,,,Over Votes,0
Linn,99,Measure 52,,,Under Votes,23
Linn,100,Measure 52,,,Yes,399
Linn,100,Measure 52,,,No,150
Linn,100,Measure 52,,,Over Votes,0
Linn,100,Measure 52,,,Under Votes,102
Linn,101,Measure 52,,,Yes,184
Linn,101,Measure 52,,,No,71
Linn,101,Measure 52,,,Over Votes,0
Linn,101,Measure 52,,,Under Votes,33
Linn,102,Measure 52,,,Yes,398
Linn,102,Measure 52,,,No,130
Linn,102,Measure 52,,,Over Votes,0
Linn,102,Measure 52,,,Under Votes,66
Linn,103,Measure 52,,,Yes,352
Linn,103,Measure 52,,,No,134
Linn,103,Measure 52,,,Over Votes,0
Linn,103,Measure 52,,,Under Votes,58
Linn,104,Measure 52,,,Yes,197
Linn,104,Measure 52,,,No,83
Linn,104,Measure 52,,,Over Votes,0
Linn,104,Measure 52,,,Under Votes,51
Linn,105,Measure 52,,,Yes,187
Linn,105,Measure 52,,,No,71
Linn,105,Measure 52,,,Over Votes,0
Linn,105,Measure 52,,,Under Votes,33
Linn,106,Measure 52,,,Yes,234
Linn,106,Measure 52,,,No,85
Linn,106,Measure 52,,,Over Votes,0
Linn,106,Measure 52,,,Under Votes,48
Linn,107,Measure 52,,,Yes,388
Linn,107,Measure 52,,,No,151
Linn,107,Measure 52,,,Over Votes,0
Linn,107,Measure 52,,,Under Votes,58
Linn,108,Measure 52,,,Yes,504
Linn,108,Measure 52,,,No,194
Linn,108,Measure 52,,,Over Votes,0
Linn,108,Measure 52,,,Under Votes,135
Linn,1,Measure 53,,,Yes,152
Linn,1,Measure 53,,,No,146
Linn,1,Measure 53,,,Over Votes,0
Linn,1,Measure 53,,,Under Votes,68
Linn,3,Measure 53,,,Yes,123
Linn,3,Measure 53,,,No,109
Linn,3,Measure 53,,,Over Votes,0
Linn,3,Measure 53,,,Under Votes,50
Linn,5,Measure 53,,,Yes,131
Linn,5,Measure 53,,,No,148
Linn,5,Measure 53,,,Over Votes,1
Linn,5,Measure 53,,,Under Votes,28
Linn,8,Measure 53,,,Yes,135
Linn,8,Measure 53,,,No,207
Linn,8,Measure 53,,,Over Votes,0
Linn,8,Measure 53,,,Under Votes,46
Linn,11,Measure 53,,,Yes,100
Linn,11,Measure 53,,,No,120
Linn,11,Measure 53,,,Over Votes,0
Linn,11,Measure 53,,,Under Votes,34
Linn,14,Measure 53,,,Yes,119
Linn,14,Measure 53,,,No,155
Linn,14,Measure 53,,,Over Votes,1
Linn,14,Measure 53,,,Under Votes,38
Linn,15,Measure 53,,,Yes,51
Linn,15,Measure 53,,,No,48
Linn,15,Measure 53,,,Over Votes,0
Linn,15,Measure 53,,,Under Votes,26
Linn,16,Measure 53,,,Yes,162
Linn,16,Measure 53,,,No,150
Linn,16,Measure 53,,,Over Votes,0
Linn,16,Measure 53,,,Under Votes,51
Linn,18,Measure 53,,,Yes,508
Linn,18,Measure 53,,,No,444
Linn,18,Measure 53,,,Over Votes,0
Linn,18,Measure 53,,,Under Votes,140
Linn,19,Measure 53,,,Yes,207
Linn,19,Measure 53,,,No,205
Linn,19,Measure 53,,,Over Votes,0
Linn,19,Measure 53,,,Under Votes,63
Linn,20,Measure 53,,,Yes,66
Linn,20,Measure 53,,,No,165
Linn,20,Measure 53,,,Over Votes,0
Linn,20,Measure 53,,,Under Votes,48
Linn,21,Measure 53,,,Yes,71
Linn,21,Measure 53,,,No,100
Linn,21,Measure 53,,,Over Votes,0
Linn,21,Measure 53,,,Under Votes,25
Linn,22,Measure 53,,,Yes,8
Linn,22,Measure 53,,,No,10
Linn,22,Measure 53,,,Over Votes,0
Linn,22,Measure 53,,,Under Votes,3
Linn,23,Measure 53,,,Yes,189
Linn,23,Measure 53,,,No,236
Linn,23,Measure 53,,,Over Votes,0
Linn,23,Measure 53,,,Under Votes,73
Linn,25,Measure 53,,,Yes,127
Linn,25,Measure 53,,,No,215
Linn,25,Measure 53,,,Over Votes,1
Linn,25,Measure 53,,,Under Votes,48
Linn,26,Measure 53,,,Yes,61
Linn,26,Measure 53,,,No,62
Linn,26,Measure 53,,,Over Votes,0
Linn,26,Measure 53,,,Under Votes,10
Linn,27,Measure 53,,,Yes,141
Linn,27,Measure 53,,,No,130
Linn,27,Measure 53,,,Over Votes,0
Linn,27,Measure 53,,,Under Votes,34
Linn,28,Measure 53,,,Yes,105
Linn,28,Measure 53,,,No,149
Linn,28,Measure 53,,,Over Votes,0
Linn,28,Measure 53,,,Under Votes,41
Linn,29,Measure 53,,,Yes,317
Linn,29,Measure 53,,,No,355
Linn,29,Measure 53,,,Over Votes,0
Linn,29,Measure 53,,,Under Votes,121
Linn,30,Measure 53,,,Yes,50
Linn,30,Measure 53,,,No,33
Linn,30,Measure 53,,,Over Votes,0
Linn,30,Measure 53,,,Under Votes,24
Linn,31,Measure 53,,,Yes,181
Linn,31,Measure 53,,,No,223
Linn,31,Measure 53,,,Over Votes,0
Linn,31,Measure 53,,,Under Votes,70
Linn,32,Measure 53,,,Yes,140
Linn,32,Measure 53,,,No,160
Linn,32,Measure 53,,,Over Votes,1
Linn,32,Measure 53,,,Under Votes,50
Linn,34,Measure 53,,,Yes,76
Linn,34,Measure 53,,,No,73
Linn,34,Measure 53,,,Over Votes,0
Linn,34,Measure 53,,,Under Votes,21
Linn,35,Measure 53,,,Yes,238
Linn,35,Measure 53,,,No,317
Linn,35,Measure 53,,,Over Votes,0
Linn,35,Measure 53,,,Under Votes,93
Linn,36,Measure 53,,,Yes,183
Linn,36,Measure 53,,,No,184
Linn,36,Measure 53,,,Over Votes,0
Linn,36,Measure 53,,,Under Votes,65
Linn,37,Measure 53,,,Yes,167
Linn,37,Measure 53,,,No,227
Linn,37,Measure 53,,,Over Votes,0
Linn,37,Measure 53,,,Under Votes,79
Linn,38,Measure 53,,,Yes,159
Linn,38,Measure 53,,,No,185
Linn,38,Measure 53,,,Over Votes,0
Linn,38,Measure 53,,,Under Votes,62
Linn,39,Measure 53,,,Yes,150
Linn,39,Measure 53,,,No,139
Linn,39,Measure 53,,,Over Votes,1
Linn,39,Measure 53,,,Under Votes,51
Linn,41,Measure 53,,,Yes,129
Linn,41,Measure 53,,,No,104
Linn,41,Measure 53,,,Over Votes,0
Linn,41,Measure 53,,,Under Votes,49
Linn,43,Measure 53,,,Yes,127
Linn,43,Measure 53,,,No,179
Linn,43,Measure 53,,,Over Votes,0
Linn,43,Measure 53,,,Under Votes,50
Linn,44,Measure 53,,,Yes,264
Linn,44,Measure 53,,,No,232
Linn,44,Measure 53,,,Over Votes,0
Linn,44,Measure 53,,,Under Votes,73
Linn,45,Measure 53,,,Yes,179
Linn,45,Measure 53,,,No,198
Linn,45,Measure 53,,,Over Votes,1
Linn,45,Measure 53,,,Under Votes,57
Linn,46,Measure 53,,,Yes,190
Linn,46,Measure 53,,,No,249
Linn,46,Measure 53,,,Over Votes,1
Linn,46,Measure 53,,,Under Votes,66
Linn,47,Measure 53,,,Yes,68
Linn,47,Measure 53,,,No,79
Linn,47,Measure 53,,,Over Votes,0
Linn,47,Measure 53,,,Under Votes,30
Linn,48,Measure 53,,,Yes,293
Linn,48,Measure 53,,,No,189
Linn,48,Measure 53,,,Over Votes,0
Linn,48,Measure 53,,,Under Votes,142
Linn,49,Measure 53,,,Yes,14
Linn,49,Measure 53,,,No,13
Linn,49,Measure 53,,,Over Votes,0
Linn,49,Measure 53,,,Under Votes,3
Linn,51,Measure 53,,,Yes,154
Linn,51,Measure 53,,,No,165
Linn,51,Measure 53,,,Over Votes,0
Linn,51,Measure 53,,,Under Votes,45
Linn,52,Measure 53,,,Yes,71
Linn,52,Measure 53,,,No,82
Linn,52,Measure 53,,,Over Votes,0
Linn,52,Measure 53,,,Under Votes,22
Linn,53,Measure 53,,,Yes,160
Linn,53,Measure 53,,,No,201
Linn,53,Measure 53,,,Over Votes,0
Linn,53,Measure 53,,,Under Votes,50
Linn,54,Measure 53,,,Yes,85
Linn,54,Measure 53,,,No,95
Linn,54,Measure 53,,,Over Votes,0
Linn,54,Measure 53,,,Under Votes,40
Linn,55,Measure 53,,,Yes,121
Linn,55,Measure 53,,,No,144
Linn,55,Measure 53,,,Over Votes,0
Linn,55,Measure 53,,,Under Votes,44
Linn,56,Measure 53,,,Yes,149
Linn,56,Measure 53,,,No,177
Linn,56,Measure 53,,,Over Votes,0
Linn,56,Measure 53,,,Under Votes,46
Linn,57,Measure 53,,,Yes,53
Linn,57,Measure 53,,,No,72
Linn,57,Measure 53,,,Over Votes,0
Linn,57,Measure 53,,,Under Votes,22
Linn,59,Measure 53,,,Yes,95
Linn,59,Measure 53,,,No,113
Linn,59,Measure 53,,,Over Votes,0
Linn,59,Measure 53,,,Under Votes,48
Linn,61,Measure 53,,,Yes,84
Linn,61,Measure 53,,,No,79
Linn,61,Measure 53,,,Over Votes,1
Linn,61,Measure 53,,,Under Votes,33
Linn,62,Measure 53,,,Yes,123
Linn,62,Measure 53,,,No,194
Linn,62,Measure 53,,,Over Votes,0
Linn,62,Measure 53,,,Under Votes,50
Linn,63,Measure 53,,,Yes,407
Linn,63,Measure 53,,,No,435
Linn,63,Measure 53,,,Over Votes,0
Linn,63,Measure 53,,,Under Votes,147
Linn,65,Measure 53,,,Yes,10
Linn,65,Measure 53,,,No,14
Linn,65,Measure 53,,,Over Votes,0
Linn,65,Measure 53,,,Under Votes,5
Linn,66,Measure 53,,,Yes,48
Linn,66,Measure 53,,,No,76
Linn,66,Measure 53,,,Over Votes,0
Linn,66,Measure 53,,,Under Votes,9
Linn,70,Measure 53,,,Yes,271
Linn,70,Measure 53,,,No,312
Linn,70,Measure 53,,,Over Votes,0
Linn,70,Measure 53,,,Under Votes,104
Linn,73,Measure 53,,,Yes,160
Linn,73,Measure 53,,,No,218
Linn,73,Measure 53,,,Over Votes,1
Linn,73,Measure 53,,,Under Votes,75
Linn,75,Measure 53,,,Yes,162
Linn,75,Measure 53,,,No,232
Linn,75,Measure 53,,,Over Votes,0
Linn,75,Measure 53,,,Under Votes,62
Linn,77,Measure 53,,,Yes,79
Linn,77,Measure 53,,,No,101
Linn,77,Measure 53,,,Over Votes,0
Linn,77,Measure 53,,,Under Votes,30
Linn,78,Measure 53,,,Yes,168
Linn,78,Measure 53,,,No,167
Linn,78,Measure 53,,,Over Votes,0
Linn,78,Measure 53,,,Under Votes,44
Linn,79,Measure 53,,,Yes,245
Linn,79,Measure 53,,,No,271
Linn,79,Measure 53,,,Over Votes,0
Linn,79,Measure 53,,,Under Votes,75
Linn,80,Measure 53,,,Yes,196
Linn,80,Measure 53,,,No,220
Linn,80,Measure 53,,,Over Votes,0
Linn,80,Measure 53,,,Under Votes,71
Linn,82,Measure 53,,,Yes,70
Linn,82,Measure 53,,,No,105
Linn,82,Measure 53,,,Over Votes,0
Linn,82,Measure 53,,,Under Votes,28
Linn,84,Measure 53,,,Yes,138
Linn,84,Measure 53,,,No,170
Linn,84,Measure 53,,,Over Votes,0
Linn,84,Measure 53,,,Under Votes,49
Linn,86,Measure 53,,,Yes,245
Linn,86,Measure 53,,,No,295
Linn,86,Measure 53,,,Over Votes,0
Linn,86,Measure 53,,,Under Votes,72
Linn,88,Measure 53,,,Yes,181
Linn,88,Measure 53,,,No,185
Linn,88,Measure 53,,,Over Votes,0
Linn,88,Measure 53,,,Under Votes,71
Linn,89,Measure 53,,,Yes,178
Linn,89,Measure 53,,,No,174
Linn,89,Measure 53,,,Over Votes,0
Linn,89,Measure 53,,,Under Votes,56
Linn,91,Measure 53,,,Yes,155
Linn,91,Measure 53,,,No,227
Linn,91,Measure 53,,,Over Votes,0
Linn,91,Measure 53,,,Under Votes,51
Linn,92,Measure 53,,,Yes,330
Linn,92,Measure 53,,,No,330
Linn,92,Measure 53,,,Over Votes,0
Linn,92,Measure 53,,,Under Votes,110
Linn,93,Measure 53,,,Yes,231
Linn,93,Measure 53,,,No,281
Linn,93,Measure 53,,,Over Votes,1
Linn,93,Measure 53,,,Under Votes,66
Linn,94,Measure 53,,,Yes,145
Linn,94,Measure 53,,,No,142
Linn,94,Measure 53,,,Over Votes,0
Linn,94,Measure 53,,,Under Votes,54
Linn,95,Measure 53,,,Yes,189
Linn,95,Measure 53,,,No,237
Linn,95,Measure 53,,,Over Votes,1
Linn,95,Measure 53,,,Under Votes,84
Linn,96,Measure 53,,,Yes,260
Linn,96,Measure 53,,,No,229
Linn,96,Measure 53,,,Over Votes,2
Linn,96,Measure 53,,,Under Votes,77
Linn,97,Measure 53,,,Yes,330
Linn,97,Measure 53,,,No,323
Linn,97,Measure 53,,,Over Votes,0
Linn,97,Measure 53,,,Under Votes,101
Linn,99,Measure 53,,,Yes,63
Linn,99,Measure 53,,,No,106
Linn,99,Measure 53,,,Over Votes,0
Linn,99,Measure 53,,,Under Votes,21
Linn,100,Measure 53,,,Yes,257
Linn,100,Measure 53,,,No,280
Linn,100,Measure 53,,,Over Votes,0
Linn,100,Measure 53,,,Under Votes,114
Linn,101,Measure 53,,,Yes,130
Linn,101,Measure 53,,,No,127
Linn,101,Measure 53,,,Over Votes,0
Linn,101,Measure 53,,,Under Votes,31
Linn,102,Measure 53,,,Yes,270
Linn,102,Measure 53,,,No,244
Linn,102,Measure 53,,,Over Votes,0
Linn,102,Measure 53,,,Under Votes,80
Linn,103,Measure 53,,,Yes,220
Linn,103,Measure 53,,,No,253
Linn,103,Measure 53,,,Over Votes,1
Linn,103,Measure 53,,,Under Votes,70
Linn,104,Measure 53,,,Yes,111
Linn,104,Measure 53,,,No,166
Linn,104,Measure 53,,,Over Votes,0
Linn,104,Measure 53,,,Under Votes,54
Linn,105,Measure 53,,,Yes,102
Linn,105,Measure 53,,,No,149
Linn,105,Measure 53,,,Over Votes,0
Linn,105,Measure 53,,,Under Votes,40
Linn,106,Measure 53,,,Yes,150
Linn,106,Measure 53,,,No,150
Linn,106,Measure 53,,,Over Votes,0
Linn,106,Measure 53,,,Under Votes,67
Linn,107,Measure 53,,,Yes,265
Linn,107,Measure 53,,,No,269
Linn,107,Measure 53,,,Over Votes,0
Linn,107,Measure 53,,,Under Votes,63
Linn,108,Measure 53,,,Yes,299
Linn,108,Measure 53,,,No,382
Linn,108,Measure 53,,,Over Votes,1
Linn,108,Measure 53,,,Under Votes,151
Linn,1,President,,DEM,Hillary Clinton,91
Linn,1,President,,DEM,Barack Obama,126
Linn,1,President,,DEM,Write-ins,0
Linn,1,President,,DEM,Over Votes,0
Linn,1,President,,DEM,Under Votes,3
Linn,3,President,,DEM,Hillary Clinton,63
Linn,3,President,,DEM,Barack Obama,98
Linn,3,President,,DEM,Write-ins,1
Linn,3,President,,DEM,Over Votes,0
Linn,3,President,,DEM,Under Votes,1
Linn,5,President,,DEM,Hillary Clinton,94
Linn,5,President,,DEM,Barack Obama,81
Linn,5,President,,DEM,Write-ins,1
Linn,5,President,,DEM,Over Votes,0
Linn,5,President,,DEM,Under Votes,3
Linn,8,President,,DEM,Hillary Clinton,106
Linn,8,President,,DEM,Barack Obama,99
Linn,8,President,,DEM,Write-ins,3
Linn,8,President,,DEM,Over Votes,0
Linn,8,President,,DEM,Under Votes,2
Linn,11,President,,DEM,Hillary Clinton,48
Linn,11,President,,DEM,Barack Obama,91
Linn,11,President,,DEM,Write-ins,2
Linn,11,President,,DEM,Over Votes,0
Linn,11,President,,DEM,Under Votes,8
Linn,14,President,,DEM,Hillary Clinton,113
Linn,14,President,,DEM,Barack Obama,67
Linn,14,President,,DEM,Write-ins,4
Linn,14,President,,DEM,Over Votes,0
Linn,14,President,,DEM,Under Votes,2
Linn,15,President,,DEM,Hillary Clinton,39
Linn,15,President,,DEM,Barack Obama,32
Linn,15,President,,DEM,Write-ins,1
Linn,15,President,,DEM,Over Votes,0
Linn,15,President,,DEM,Under Votes,2
Linn,16,President,,DEM,Hillary Clinton,73
Linn,16,President,,DEM,Barack Obama,127
Linn,16,President,,DEM,Write-ins,1
Linn,16,President,,DEM,Over Votes,1
Linn,16,President,,DEM,Under Votes,1
Linn,18,President,,DEM,Hillary Clinton,225
Linn,18,President,,DEM,Barack Obama,327
Linn,18,President,,DEM,Write-ins,5
Linn,18,President,,DEM,Over Votes,0
Linn,18,President,,DEM,Under Votes,12
Linn,19,President,,DEM,Hillary Clinton,74
Linn,19,President,,DEM,Barack Obama,120
Linn,19,President,,DEM,Write-ins,2
Linn,19,President,,DEM,Over Votes,0
Linn,19,President,,DEM,Under Votes,9
Linn,20,President,,DEM,Hillary Clinton,57
Linn,20,President,,DEM,Barack Obama,66
Linn,20,President,,DEM,Write-ins,0
Linn,20,President,,DEM,Over Votes,0
Linn,20,President,,DEM,Under Votes,4
Linn,21,President,,DEM,Hillary Clinton,43
Linn,21,President,,DEM,Barack Obama,34
Linn,21,President,,DEM,Write-ins,1
Linn,21,President,,DEM,Over Votes,0
Linn,21,President,,DEM,Under Votes,2
Linn,22,President,,DEM,Hillary Clinton,1
Linn,22,President,,DEM,Barack Obama,4
Linn,22,President,,DEM,Write-ins,0
Linn,22,President,,DEM,Over Votes,0
Linn,22,President,,DEM,Under Votes,0
Linn,23,President,,DEM,Hillary Clinton,122
Linn,23,President,,DEM,Barack Obama,109
Linn,23,President,,DEM,Write-ins,0
Linn,23,President,,DEM,Over Votes,0
Linn,23,President,,DEM,Under Votes,7
Linn,25,President,,DEM,Hillary Clinton,128
Linn,25,President,,DEM,Barack Obama,74
Linn,25,President,,DEM,Write-ins,0
Linn,25,President,,DEM,Over Votes,0
Linn,25,President,,DEM,Under Votes,6
Linn,26,President,,DEM,Hillary Clinton,35
Linn,26,President,,DEM,Barack Obama,28
Linn,26,President,,DEM,Write-ins,0
Linn,26,President,,DEM,Over Votes,0
Linn,26,President,,DEM,Under Votes,4
Linn,27,President,,DEM,Hillary Clinton,57
Linn,27,President,,DEM,Barack Obama,69
Linn,27,President,,DEM,Write-ins,1
Linn,27,President,,DEM,Over Votes,0
Linn,27,President,,DEM,Under Votes,4
Linn,28,President,,DEM,Hillary Clinton,52
Linn,28,President,,DEM,Barack Obama,63
Linn,28,President,,DEM,Write-ins,0
Linn,28,President,,DEM,Over Votes,0
Linn,28,President,,DEM,Under Votes,3
Linn,29,President,,DEM,Hillary Clinton,174
Linn,29,President,,DEM,Barack Obama,172
Linn,29,President,,DEM,Write-ins,4
Linn,29,President,,DEM,Over Votes,0
Linn,29,President,,DEM,Under Votes,12
Linn,30,President,,DEM,Hillary Clinton,13
Linn,30,President,,DEM,Barack Obama,20
Linn,30,President,,DEM,Write-ins,1
Linn,30,President,,DEM,Over Votes,0
Linn,30,President,,DEM,Under Votes,4
Linn,31,President,,DEM,Hillary Clinton,103
Linn,31,President,,DEM,Barack Obama,110
Linn,31,President,,DEM,Write-ins,2
Linn,31,President,,DEM,Over Votes,0
Linn,31,President,,DEM,Under Votes,5
Linn,32,President,,DEM,Hillary Clinton,57
Linn,32,President,,DEM,Barack Obama,86
Linn,32,President,,DEM,Write-ins,1
Linn,32,President,,DEM,Over Votes,0
Linn,32,President,,DEM,Under Votes,4
Linn,34,President,,DEM,Hillary Clinton,46
Linn,34,President,,DEM,Barack Obama,26
Linn,34,President,,DEM,Write-ins,4
Linn,34,President,,DEM,Over Votes,0
Linn,34,President,,DEM,Under Votes,2
Linn,35,President,,DEM,Hillary Clinton,121
Linn,35,President,,DEM,Barack Obama,169
Linn,35,President,,DEM,Write-ins,3
Linn,35,President,,DEM,Over Votes,0
Linn,35,President,,DEM,Under Votes,11
Linn,36,President,,DEM,Hillary Clinton,141
Linn,36,President,,DEM,Barack Obama,79
Linn,36,President,,DEM,Write-ins,1
Linn,36,President,,DEM,Over Votes,0
Linn,36,President,,DEM,Under Votes,6
Linn,37,President,,DEM,Hillary Clinton,140
Linn,37,President,,DEM,Barack Obama,93
Linn,37,President,,DEM,Write-ins,5
Linn,37,President,,DEM,Over Votes,0
Linn,37,President,,DEM,Under Votes,4
Linn,38,President,,DEM,Hillary Clinton,117
Linn,38,President,,DEM,Barack Obama,84
Linn,38,President,,DEM,Write-ins,3
Linn,38,President,,DEM,Over Votes,1
Linn,38,President,,DEM,Under Votes,6
Linn,39,President,,DEM,Hillary Clinton,97
Linn,39,President,,DEM,Barack Obama,76
Linn,39,President,,DEM,Write-ins,0
Linn,39,President,,DEM,Over Votes,0
Linn,39,President,,DEM,Under Votes,6
Linn,41,President,,DEM,Hillary Clinton,67
Linn,41,President,,DEM,Barack Obama,71
Linn,41,President,,DEM,Write-ins,4
Linn,41,President,,DEM,Over Votes,0
Linn,41,President,,DEM,Under Votes,2
Linn,43,President,,DEM,Hillary Clinton,91
Linn,43,President,,DEM,Barack Obama,77
Linn,43,President,,DEM,Write-ins,0
Linn,43,President,,DEM,Over Votes,0
Linn,43,President,,DEM,Under Votes,10
Linn,44,President,,DEM,Hillary Clinton,129
Linn,44,President,,DEM,Barack Obama,161
Linn,44,President,,DEM,Write-ins,3
Linn,44,President,,DEM,Over Votes,0
Linn,44,President,,DEM,Under Votes,3
Linn,45,President,,DEM,Hillary Clinton,104
Linn,45,President,,DEM,Barack Obama,95
Linn,45,President,,DEM,Write-ins,3
Linn,45,President,,DEM,Over Votes,0
Linn,45,President,,DEM,Under Votes,2
Linn,46,President,,DEM,Hillary Clinton,131
Linn,46,President,,DEM,Barack Obama,103
Linn,46,President,,DEM,Write-ins,5
Linn,46,President,,DEM,Over Votes,0
Linn,46,President,,DEM,Under Votes,8
Linn,47,President,,DEM,Hillary Clinton,36
Linn,47,President,,DEM,Barack Obama,63
Linn,47,President,,DEM,Write-ins,1
Linn,47,President,,DEM,Over Votes,0
Linn,47,President,,DEM,Under Votes,2
Linn,48,President,,DEM,Hillary Clinton,172
Linn,48,President,,DEM,Barack Obama,119
Linn,48,President,,DEM,Write-ins,4
Linn,48,President,,DEM,Over Votes,0
Linn,48,President,,DEM,Under Votes,16
Linn,49,President,,DEM,Hillary Clinton,5
Linn,49,President,,DEM,Barack Obama,8
Linn,49,President,,DEM,Write-ins,0
Linn,49,President,,DEM,Over Votes,0
Linn,49,President,,DEM,Under Votes,2
Linn,51,President,,DEM,Hillary Clinton,64
Linn,51,President,,DEM,Barack Obama,60
Linn,51,President,,DEM,Write-ins,6
Linn,51,President,,DEM,Over Votes,0
Linn,51,President,,DEM,Under Votes,9
Linn,52,President,,DEM,Hillary Clinton,35
Linn,52,President,,DEM,Barack Obama,39
Linn,52,President,,DEM,Write-ins,1
Linn,52,President,,DEM,Over Votes,0
Linn,52,President,,DEM,Under Votes,2
Linn,53,President,,DEM,Hillary Clinton,74
Linn,53,President,,DEM,Barack Obama,76
Linn,53,President,,DEM,Write-ins,6
Linn,53,President,,DEM,Over Votes,0
Linn,53,President,,DEM,Under Votes,7
Linn,54,President,,DEM,Hillary Clinton,39
Linn,54,President,,DEM,Barack Obama,57
Linn,54,President,,DEM,Write-ins,4
Linn,54,President,,DEM,Over Votes,0
Linn,54,President,,DEM,Under Votes,3
Linn,55,President,,DEM,Hillary Clinton,82
Linn,55,President,,DEM,Barack Obama,53
Linn,55,President,,DEM,Write-ins,1
Linn,55,President,,DEM,Over Votes,0
Linn,55,President,,DEM,Under Votes,4
Linn,56,President,,DEM,Hillary Clinton,72
Linn,56,President,,DEM,Barack Obama,100
Linn,56,President,,DEM,Write-ins,0
Linn,56,President,,DEM,Over Votes,0
Linn,56,President,,DEM,Under Votes,6
Linn,57,President,,DEM,Hillary Clinton,38
Linn,57,President,,DEM,Barack Obama,28
Linn,57,President,,DEM,Write-ins,1
Linn,57,President,,DEM,Over Votes,0
Linn,57,President,,DEM,Under Votes,2
Linn,59,President,,DEM,Hillary Clinton,74
Linn,59,President,,DEM,Barack Obama,57
Linn,59,President,,DEM,Write-ins,0
Linn,59,President,,DEM,Over Votes,0
Linn,59,President,,DEM,Under Votes,5
Linn,61,President,,DEM,Hillary Clinton,54
Linn,61,President,,DEM,Barack Obama,42
Linn,61,President,,DEM,Write-ins,0
Linn,61,President,,DEM,Over Votes,0
Linn,61,President,,DEM,Under Votes,4
Linn,62,President,,DEM,Hillary Clinton,118
Linn,62,President,,DEM,Barack Obama,69
Linn,62,President,,DEM,Write-ins,2
Linn,62,President,,DEM,Over Votes,0
Linn,62,President,,DEM,Under Votes,9
Linn,63,President,,DEM,Hillary Clinton,220
Linn,63,President,,DEM,Barack Obama,232
Linn,63,President,,DEM,Write-ins,7
Linn,63,President,,DEM,Over Votes,0
Linn,63,President,,DEM,Under Votes,20
Linn,65,President,,DEM,Hillary Clinton,10
Linn,65,President,,DEM,Barack Obama,3
Linn,65,President,,DEM,Write-ins,0
Linn,65,President,,DEM,Over Votes,0
Linn,65,President,,DEM,Under Votes,0
Linn,66,President,,DEM,Hillary Clinton,32
Linn,66,President,,DEM,Barack Obama,26
Linn,66,President,,DEM,Write-ins,2
Linn,66,President,,DEM,Over Votes,0
Linn,66,President,,DEM,Under Votes,2
Linn,70,President,,DEM,Hillary Clinton,168
Linn,70,President,,DEM,Barack Obama,154
Linn,70,President,,DEM,Write-ins,3
Linn,70,President,,DEM,Over Votes,0
Linn,70,President,,DEM,Under Votes,12
Linn,73,President,,DEM,Hillary Clinton,81
Linn,73,President,,DEM,Barack Obama,139
Linn,73,President,,DEM,Write-ins,0
Linn,73,President,,DEM,Over Votes,0
Linn,73,President,,DEM,Under Votes,10
Linn,75,President,,DEM,Hillary Clinton,87
Linn,75,President,,DEM,Barack Obama,94
Linn,75,President,,DEM,Write-ins,8
Linn,75,President,,DEM,Over Votes,0
Linn,75,President,,DEM,Under Votes,6
Linn,77,President,,DEM,Hillary Clinton,52
Linn,77,President,,DEM,Barack Obama,55
Linn,77,President,,DEM,Write-ins,1
Linn,77,President,,DEM,Over Votes,0
Linn,77,President,,DEM,Under Votes,6
Linn,78,President,,DEM,Hillary Clinton,106
Linn,78,President,,DEM,Barack Obama,78
Linn,78,President,,DEM,Write-ins,5
Linn,78,President,,DEM,Over Votes,0
Linn,78,President,,DEM,Under Votes,7
Linn,79,President,,DEM,Hillary Clinton,162
Linn,79,President,,DEM,Barack Obama,139
Linn,79,President,,DEM,Write-ins,2
Linn,79,President,,DEM,Over Votes,0
Linn,79,President,,DEM,Under Votes,14
Linn,80,President,,DEM,Hillary Clinton,142
Linn,80,President,,DEM,Barack Obama,89
Linn,80,President,,DEM,Write-ins,4
Linn,80,President,,DEM,Over Votes,0
Linn,80,President,,DEM,Under Votes,9
Linn,82,President,,DEM,Hillary Clinton,51
Linn,82,President,,DEM,Barack Obama,45
Linn,82,President,,DEM,Write-ins,6
Linn,82,President,,DEM,Over Votes,0
Linn,82,President,,DEM,Under Votes,3
Linn,84,President,,DEM,Hillary Clinton,98
Linn,84,President,,DEM,Barack Obama,106
Linn,84,President,,DEM,Write-ins,3
Linn,84,President,,DEM,Over Votes,0
Linn,84,President,,DEM,Under Votes,4
Linn,86,President,,DEM,Hillary Clinton,123
Linn,86,President,,DEM,Barack Obama,125
Linn,86,President,,DEM,Write-ins,5
Linn,86,President,,DEM,Over Votes,0
Linn,86,President,,DEM,Under Votes,16
Linn,88,President,,DEM,Hillary Clinton,126
Linn,88,President,,DEM,Barack Obama,90
Linn,88,President,,DEM,Write-ins,3
Linn,88,President,,DEM,Over Votes,0
Linn,88,President,,DEM,Under Votes,11
Linn,89,President,,DEM,Hillary Clinton,111
Linn,89,President,,DEM,Barack Obama,85
Linn,89,President,,DEM,Write-ins,2
Linn,89,President,,DEM,Over Votes,0
Linn,89,President,,DEM,Under Votes,9
Linn,91,President,,DEM,Hillary Clinton,101
Linn,91,President,,DEM,Barack Obama,127
Linn,91,President,,DEM,Write-ins,5
Linn,91,President,,DEM,Over Votes,0
Linn,91,President,,DEM,Under Votes,5
Linn,92,President,,DEM,Hillary Clinton,202
Linn,92,President,,DEM,Barack Obama,185
Linn,92,President,,DEM,Write-ins,3
Linn,92,President,,DEM,Over Votes,0
Linn,92,President,,DEM,Under Votes,6
Linn,93,President,,DEM,Hillary Clinton,156
Linn,93,President,,DEM,Barack Obama,134
Linn,93,President,,DEM,Write-ins,7
Linn,93,President,,DEM,Over Votes,0
Linn,93,President,,DEM,Under Votes,6
Linn,94,President,,DEM,Hillary Clinton,100
Linn,94,President,,DEM,Barack Obama,74
Linn,94,President,,DEM,Write-ins,1
Linn,94,President,,DEM,Over Votes,0
Linn,94,President,,DEM,Under Votes,4
Linn,95,President,,DEM,Hillary Clinton,126
Linn,95,President,,DEM,Barack Obama,119
Linn,95,President,,DEM,Write-ins,3
Linn,95,President,,DEM,Over Votes,0
Linn,95,President,,DEM,Under Votes,3
Linn,96,President,,DEM,Hillary Clinton,118
Linn,96,President,,DEM,Barack Obama,143
Linn,96,President,,DEM,Write-ins,0
Linn,96,President,,DEM,Over Votes,0
Linn,96,President,,DEM,Under Votes,5
Linn,97,President,,DEM,Hillary Clinton,174
Linn,97,President,,DEM,Barack Obama,162
Linn,97,President,,DEM,Write-ins,4
Linn,97,President,,DEM,Over Votes,0
Linn,97,President,,DEM,Under Votes,11
Linn,99,President,,DEM,Hillary Clinton,34
Linn,99,President,,DEM,Barack Obama,54
Linn,99,President,,DEM,Write-ins,1
Linn,99,President,,DEM,Over Votes,0
Linn,99,President,,DEM,Under Votes,4
Linn,100,President,,DEM,Hillary Clinton,177
Linn,100,President,,DEM,Barack Obama,155
Linn,100,President,,DEM,Write-ins,2
Linn,100,President,,DEM,Over Votes,0
Linn,100,President,,DEM,Under Votes,12
Linn,101,President,,DEM,Hillary Clinton,61
Linn,101,President,,DEM,Barack Obama,63
Linn,101,President,,DEM,Write-ins,1
Linn,101,President,,DEM,Over Votes,0
Linn,101,President,,DEM,Under Votes,2
Linn,102,President,,DEM,Hillary Clinton,145
Linn,102,President,,DEM,Barack Obama,160
Linn,102,President,,DEM,Write-ins,4
Linn,102,President,,DEM,Over Votes,0
Linn,102,President,,DEM,Under Votes,6
Linn,103,President,,DEM,Hillary Clinton,111
Linn,103,President,,DEM,Barack Obama,120
Linn,103,President,,DEM,Write-ins,5
Linn,103,President,,DEM,Over Votes,0
Linn,103,President,,DEM,Under Votes,12
Linn,104,President,,DEM,Hillary Clinton,78
Linn,104,President,,DEM,Barack Obama,81
Linn,104,President,,DEM,Write-ins,0
Linn,104,President,,DEM,Over Votes,0
Linn,104,President,,DEM,Under Votes,2
Linn,105,President,,DEM,Hillary Clinton,90
Linn,105,President,,DEM,Barack Obama,73
Linn,105,President,,DEM,Write-ins,3
Linn,105,President,,DEM,Over Votes,0
Linn,105,President,,DEM,Under Votes,8
Linn,106,President,,DEM,Hillary Clinton,88
Linn,106,President,,DEM,Barack Obama,77
Linn,106,President,,DEM,Write-ins,0
Linn,106,President,,DEM,Over Votes,0
Linn,106,President,,DEM,Under Votes,8
Linn,107,President,,DEM,Hillary Clinton,144
Linn,107,President,,DEM,Barack Obama,175
Linn,107,President,,DEM,Write-ins,3
Linn,107,President,,DEM,Over Votes,0
Linn,107,President,,DEM,Under Votes,5
Linn,108,President,,DEM,Hillary Clinton,225
Linn,108,President,,DEM,Barack Obama,182
Linn,108,President,,DEM,Write-ins,4
Linn,108,President,,DEM,Over Votes,0
Linn,108,President,,DEM,Under Votes,16
Linn,1,President,,REP,John McCain,83
Linn,1,President,,REP,Ron Paul,12
Linn,1,President,,REP,Write-ins,2
Linn,1,President,,REP,Over Votes,0
Linn,1,President,,REP,Under Votes,8
Linn,3,President,,REP,John McCain,60
Linn,3,President,,REP,Ron Paul,8
Linn,3,President,,REP,Write-ins,4
Linn,3,President,,REP,Over Votes,0
Linn,3,President,,REP,Under Votes,10
Linn,5,President,,REP,John McCain,54
Linn,5,President,,REP,Ron Paul,12
Linn,5,President,,REP,Write-ins,8
Linn,5,President,,REP,Over Votes,0
Linn,5,President,,REP,Under Votes,6
Linn,8,President,,REP,John McCain,86
Linn,8,President,,REP,Ron Paul,22
Linn,8,President,,REP,Write-ins,4
Linn,8,President,,REP,Over Votes,0
Linn,8,President,,REP,Under Votes,14
Linn,11,President,,REP,John McCain,56
Linn,11,President,,REP,Ron Paul,18
Linn,11,President,,REP,Write-ins,1
Linn,11,President,,REP,Over Votes,0
Linn,11,President,,REP,Under Votes,3
Linn,14,President,,REP,John McCain,65
Linn,14,President,,REP,Ron Paul,11
Linn,14,President,,REP,Write-ins,6
Linn,14,President,,REP,Over Votes,0
Linn,14,President,,REP,Under Votes,4
Linn,15,President,,REP,John McCain,26
Linn,15,President,,REP,Ron Paul,2
Linn,15,President,,REP,Write-ins,0
Linn,15,President,,REP,Over Votes,0
Linn,15,President,,REP,Under Votes,5
Linn,16,President,,REP,John McCain,76
Linn,16,President,,REP,Ron Paul,22
Linn,16,President,,REP,Write-ins,0
Linn,16,President,,REP,Over Votes,0
Linn,16,President,,REP,Under Votes,6
Linn,18,President,,REP,John McCain,324
Linn,18,President,,REP,Ron Paul,32
Linn,18,President,,REP,Write-ins,30
Linn,18,President,,REP,Over Votes,0
Linn,18,President,,REP,Under Votes,19
Linn,19,President,,REP,John McCain,167
Linn,19,President,,REP,Ron Paul,31
Linn,19,President,,REP,Write-ins,7
Linn,19,President,,REP,Over Votes,0
Linn,19,President,,REP,Under Votes,14
Linn,20,President,,REP,John McCain,91
Linn,20,President,,REP,Ron Paul,13
Linn,20,President,,REP,Write-ins,5
Linn,20,President,,REP,Over Votes,0
Linn,20,President,,REP,Under Votes,5
Linn,21,President,,REP,John McCain,82
Linn,21,President,,REP,Ron Paul,13
Linn,21,President,,REP,Write-ins,1
Linn,21,President,,REP,Over Votes,0
Linn,21,President,,REP,Under Votes,6
Linn,22,President,,REP,John McCain,13
Linn,22,President,,REP,Ron Paul,0
Linn,22,President,,REP,Write-ins,0
Linn,22,President,,REP,Over Votes,0
Linn,22,President,,REP,Under Votes,0
Linn,23,President,,REP,John McCain,160
Linn,23,President,,REP,Ron Paul,38
Linn,23,President,,REP,Write-ins,8
Linn,23,President,,REP,Over Votes,0
Linn,23,President,,REP,Under Votes,8
Linn,25,President,,REP,John McCain,118
Linn,25,President,,REP,Ron Paul,12
Linn,25,President,,REP,Write-ins,10
Linn,25,President,,REP,Over Votes,0
Linn,25,President,,REP,Under Votes,6
Linn,26,President,,REP,John McCain,58
Linn,26,President,,REP,Ron Paul,1
Linn,26,President,,REP,Write-ins,0
Linn,26,President,,REP,Over Votes,0
Linn,26,President,,REP,Under Votes,3
Linn,27,President,,REP,John McCain,121
Linn,27,President,,REP,Ron Paul,24
Linn,27,President,,REP,Write-ins,6
Linn,27,President,,REP,Over Votes,0
Linn,27,President,,REP,Under Votes,4
Linn,28,President,,REP,John McCain,113
Linn,28,President,,REP,Ron Paul,21
Linn,28,President,,REP,Write-ins,7
Linn,28,President,,REP,Over Votes,0
Linn,28,President,,REP,Under Votes,5
Linn,29,President,,REP,John McCain,267
Linn,29,President,,REP,Ron Paul,49
Linn,29,President,,REP,Write-ins,10
Linn,29,President,,REP,Over Votes,0
Linn,29,President,,REP,Under Votes,14
Linn,30,President,,REP,John McCain,49
Linn,30,President,,REP,Ron Paul,10
Linn,30,President,,REP,Write-ins,0
Linn,30,President,,REP,Over Votes,0
Linn,30,President,,REP,Under Votes,2
Linn,31,President,,REP,John McCain,168
Linn,31,President,,REP,Ron Paul,28
Linn,31,President,,REP,Write-ins,8
Linn,31,President,,REP,Over Votes,0
Linn,31,President,,REP,Under Votes,5
Linn,32,President,,REP,John McCain,128
Linn,32,President,,REP,Ron Paul,23
Linn,32,President,,REP,Write-ins,9
Linn,32,President,,REP,Over Votes,0
Linn,32,President,,REP,Under Votes,8
Linn,34,President,,REP,John McCain,50
Linn,34,President,,REP,Ron Paul,12
Linn,34,President,,REP,Write-ins,2
Linn,34,President,,REP,Over Votes,0
Linn,34,President,,REP,Under Votes,7
Linn,35,President,,REP,John McCain,207
Linn,35,President,,REP,Ron Paul,47
Linn,35,President,,REP,Write-ins,6
Linn,35,President,,REP,Over Votes,0
Linn,35,President,,REP,Under Votes,11
Linn,36,President,,REP,John McCain,139
Linn,36,President,,REP,Ron Paul,13
Linn,36,President,,REP,Write-ins,10
Linn,36,President,,REP,Over Votes,0
Linn,36,President,,REP,Under Votes,6
Linn,37,President,,REP,John McCain,143
Linn,37,President,,REP,Ron Paul,18
Linn,37,President,,REP,Write-ins,4
Linn,37,President,,REP,Over Votes,0
Linn,37,President,,REP,Under Votes,11
Linn,38,President,,REP,John McCain,109
Linn,38,President,,REP,Ron Paul,17
Linn,38,President,,REP,Write-ins,4
Linn,38,President,,REP,Over Votes,0
Linn,38,President,,REP,Under Votes,11
Linn,39,President,,REP,John McCain,109
Linn,39,President,,REP,Ron Paul,9
Linn,39,President,,REP,Write-ins,4
Linn,39,President,,REP,Over Votes,0
Linn,39,President,,REP,Under Votes,4
Linn,41,President,,REP,John McCain,82
Linn,41,President,,REP,Ron Paul,13
Linn,41,President,,REP,Write-ins,5
Linn,41,President,,REP,Over Votes,0
Linn,41,President,,REP,Under Votes,5
Linn,43,President,,REP,John McCain,97
Linn,43,President,,REP,Ron Paul,13
Linn,43,President,,REP,Write-ins,4
Linn,43,President,,REP,Over Votes,0
Linn,43,President,,REP,Under Votes,9
Linn,44,President,,REP,John McCain,175
Linn,44,President,,REP,Ron Paul,34
Linn,44,President,,REP,Write-ins,5
Linn,44,President,,REP,Over Votes,0
Linn,44,President,,REP,Under Votes,9
Linn,45,President,,REP,John McCain,161
Linn,45,President,,REP,Ron Paul,16
Linn,45,President,,REP,Write-ins,9
Linn,45,President,,REP,Over Votes,1
Linn,45,President,,REP,Under Votes,6
Linn,46,President,,REP,John McCain,163
Linn,46,President,,REP,Ron Paul,19
Linn,46,President,,REP,Write-ins,10
Linn,46,President,,REP,Over Votes,0
Linn,46,President,,REP,Under Votes,8
Linn,47,President,,REP,John McCain,43
Linn,47,President,,REP,Ron Paul,11
Linn,47,President,,REP,Write-ins,3
Linn,47,President,,REP,Over Votes,0
Linn,47,President,,REP,Under Votes,2
Linn,48,President,,REP,John McCain,191
Linn,48,President,,REP,Ron Paul,28
Linn,48,President,,REP,Write-ins,21
Linn,48,President,,REP,Over Votes,0
Linn,48,President,,REP,Under Votes,23
Linn,49,President,,REP,John McCain,11
Linn,49,President,,REP,Ron Paul,0
Linn,49,President,,REP,Write-ins,1
Linn,49,President,,REP,Over Votes,0
Linn,49,President,,REP,Under Votes,0
Linn,51,President,,REP,John McCain,151
Linn,51,President,,REP,Ron Paul,23
Linn,51,President,,REP,Write-ins,7
Linn,51,President,,REP,Over Votes,1
Linn,51,President,,REP,Under Votes,8
Linn,52,President,,REP,John McCain,52
Linn,52,President,,REP,Ron Paul,8
Linn,52,President,,REP,Write-ins,6
Linn,52,President,,REP,Over Votes,0
Linn,52,President,,REP,Under Votes,6
Linn,53,President,,REP,John McCain,176
Linn,53,President,,REP,Ron Paul,31
Linn,53,President,,REP,Write-ins,2
Linn,53,President,,REP,Over Votes,0
Linn,53,President,,REP,Under Votes,7
Linn,54,President,,REP,John McCain,72
Linn,54,President,,REP,Ron Paul,16
Linn,54,President,,REP,Write-ins,3
Linn,54,President,,REP,Over Votes,0
Linn,54,President,,REP,Under Votes,6
Linn,55,President,,REP,John McCain,114
Linn,55,President,,REP,Ron Paul,14
Linn,55,President,,REP,Write-ins,4
Linn,55,President,,REP,Over Votes,0
Linn,55,President,,REP,Under Votes,4
Linn,56,President,,REP,John McCain,106
Linn,56,President,,REP,Ron Paul,38
Linn,56,President,,REP,Write-ins,8
Linn,56,President,,REP,Over Votes,0
Linn,56,President,,REP,Under Votes,6
Linn,57,President,,REP,John McCain,50
Linn,57,President,,REP,Ron Paul,8
Linn,57,President,,REP,Write-ins,4
Linn,57,President,,REP,Over Votes,0
Linn,57,President,,REP,Under Votes,2
Linn,59,President,,REP,John McCain,75
Linn,59,President,,REP,Ron Paul,4
Linn,59,President,,REP,Write-ins,5
Linn,59,President,,REP,Over Votes,0
Linn,59,President,,REP,Under Votes,7
Linn,61,President,,REP,John McCain,69
Linn,61,President,,REP,Ron Paul,8
Linn,61,President,,REP,Write-ins,1
Linn,61,President,,REP,Over Votes,0
Linn,61,President,,REP,Under Votes,5
Linn,62,President,,REP,John McCain,103
Linn,62,President,,REP,Ron Paul,20
Linn,62,President,,REP,Write-ins,4
Linn,62,President,,REP,Over Votes,0
Linn,62,President,,REP,Under Votes,6
Linn,63,President,,REP,John McCain,371
Linn,63,President,,REP,Ron Paul,40
Linn,63,President,,REP,Write-ins,7
Linn,63,President,,REP,Over Votes,0
Linn,63,President,,REP,Under Votes,19
Linn,65,President,,REP,John McCain,11
Linn,65,President,,REP,Ron Paul,1
Linn,65,President,,REP,Write-ins,0
Linn,65,President,,REP,Over Votes,0
Linn,65,President,,REP,Under Votes,2
Linn,66,President,,REP,John McCain,40
Linn,66,President,,REP,Ron Paul,9
Linn,66,President,,REP,Write-ins,8
Linn,66,President,,REP,Over Votes,0
Linn,66,President,,REP,Under Votes,3
Linn,70,President,,REP,John McCain,220
Linn,70,President,,REP,Ron Paul,33
Linn,70,President,,REP,Write-ins,9
Linn,70,President,,REP,Over Votes,1
Linn,70,President,,REP,Under Votes,11
Linn,73,President,,REP,John McCain,142
Linn,73,President,,REP,Ron Paul,16
Linn,73,President,,REP,Write-ins,4
Linn,73,President,,REP,Over Votes,0
Linn,73,President,,REP,Under Votes,13
Linn,75,President,,REP,John McCain,178
Linn,75,President,,REP,Ron Paul,27
Linn,75,President,,REP,Write-ins,9
Linn,75,President,,REP,Over Votes,0
Linn,75,President,,REP,Under Votes,4
Linn,77,President,,REP,John McCain,63
Linn,77,President,,REP,Ron Paul,12
Linn,77,President,,REP,Write-ins,3
Linn,77,President,,REP,Over Votes,0
Linn,77,President,,REP,Under Votes,0
Linn,78,President,,REP,John McCain,121
Linn,78,President,,REP,Ron Paul,18
Linn,78,President,,REP,Write-ins,3
Linn,78,President,,REP,Over Votes,0
Linn,78,President,,REP,Under Votes,7
Linn,79,President,,REP,John McCain,170
Linn,79,President,,REP,Ron Paul,25
Linn,79,President,,REP,Write-ins,3
Linn,79,President,,REP,Over Votes,0
Linn,79,President,,REP,Under Votes,8
Linn,80,President,,REP,John McCain,151
Linn,80,President,,REP,Ron Paul,17
Linn,80,President,,REP,Write-ins,8
Linn,80,President,,REP,Over Votes,0
Linn,80,President,,REP,Under Votes,6
Linn,82,President,,REP,John McCain,58
Linn,82,President,,REP,Ron Paul,7
Linn,82,President,,REP,Write-ins,4
Linn,82,President,,REP,Over Votes,0
Linn,82,President,,REP,Under Votes,0
Linn,84,President,,REP,John McCain,93
Linn,84,President,,REP,Ron Paul,6
Linn,84,President,,REP,Write-ins,4
Linn,84,President,,REP,Over Votes,0
Linn,84,President,,REP,Under Votes,4
Linn,86,President,,REP,John McCain,223
Linn,86,President,,REP,Ron Paul,31
Linn,86,President,,REP,Write-ins,6
Linn,86,President,,REP,Over Votes,0
Linn,86,President,,REP,Under Votes,13
Linn,88,President,,REP,John McCain,115
Linn,88,President,,REP,Ron Paul,16
Linn,88,President,,REP,Write-ins,7
Linn,88,President,,REP,Over Votes,0
Linn,88,President,,REP,Under Votes,7
Linn,89,President,,REP,John McCain,133
Linn,89,President,,REP,Ron Paul,23
Linn,89,President,,REP,Write-ins,5
Linn,89,President,,REP,Over Votes,0
Linn,89,President,,REP,Under Votes,9
Linn,91,President,,REP,John McCain,107
Linn,91,President,,REP,Ron Paul,16
Linn,91,President,,REP,Write-ins,7
Linn,91,President,,REP,Over Votes,0
Linn,91,President,,REP,Under Votes,6
Linn,92,President,,REP,John McCain,215
Linn,92,President,,REP,Ron Paul,27
Linn,92,President,,REP,Write-ins,9
Linn,92,President,,REP,Over Votes,0
Linn,92,President,,REP,Under Votes,13
Linn,93,President,,REP,John McCain,149
Linn,93,President,,REP,Ron Paul,28
Linn,93,President,,REP,Write-ins,6
Linn,93,President,,REP,Over Votes,1
Linn,93,President,,REP,Under Votes,9
Linn,94,President,,REP,John McCain,95
Linn,94,President,,REP,Ron Paul,11
Linn,94,President,,REP,Write-ins,7
Linn,94,President,,REP,Over Votes,0
Linn,94,President,,REP,Under Votes,9
Linn,95,President,,REP,John McCain,165
Linn,95,President,,REP,Ron Paul,21
Linn,95,President,,REP,Write-ins,6
Linn,95,President,,REP,Over Votes,0
Linn,95,President,,REP,Under Votes,13
Linn,96,President,,REP,John McCain,213
Linn,96,President,,REP,Ron Paul,30
Linn,96,President,,REP,Write-ins,6
Linn,96,President,,REP,Over Votes,0
Linn,96,President,,REP,Under Votes,14
Linn,97,President,,REP,John McCain,280
Linn,97,President,,REP,Ron Paul,38
Linn,97,President,,REP,Write-ins,11
Linn,97,President,,REP,Over Votes,0
Linn,97,President,,REP,Under Votes,17
Linn,99,President,,REP,John McCain,61
Linn,99,President,,REP,Ron Paul,8
Linn,99,President,,REP,Write-ins,4
Linn,99,President,,REP,Over Votes,0
Linn,99,President,,REP,Under Votes,6
Linn,100,President,,REP,John McCain,204
Linn,100,President,,REP,Ron Paul,19
Linn,100,President,,REP,Write-ins,10
Linn,100,President,,REP,Over Votes,0
Linn,100,President,,REP,Under Votes,6
Linn,101,President,,REP,John McCain,92
Linn,101,President,,REP,Ron Paul,15
Linn,101,President,,REP,Write-ins,3
Linn,101,President,,REP,Over Votes,0
Linn,101,President,,REP,Under Votes,9
Linn,102,President,,REP,John McCain,162
Linn,102,President,,REP,Ron Paul,18
Linn,102,President,,REP,Write-ins,6
Linn,102,President,,REP,Over Votes,0
Linn,102,President,,REP,Under Votes,21
Linn,103,President,,REP,John McCain,193
Linn,103,President,,REP,Ron Paul,28
Linn,103,President,,REP,Write-ins,6
Linn,103,President,,REP,Over Votes,0
Linn,103,President,,REP,Under Votes,9
Linn,104,President,,REP,John McCain,108
Linn,104,President,,REP,Ron Paul,19
Linn,104,President,,REP,Write-ins,1
Linn,104,President,,REP,Over Votes,0
Linn,104,President,,REP,Under Votes,6
Linn,105,President,,REP,John McCain,61
Linn,105,President,,REP,Ron Paul,12
Linn,105,President,,REP,Write-ins,5
Linn,105,President,,REP,Over Votes,0
Linn,105,President,,REP,Under Votes,5
Linn,106,President,,REP,John McCain,121
Linn,106,President,,REP,Ron Paul,15
Linn,106,President,,REP,Write-ins,5
Linn,106,President,,REP,Over Votes,0
Linn,106,President,,REP,Under Votes,5
Linn,107,President,,REP,John McCain,172
Linn,107,President,,REP,Ron Paul,17
Linn,107,President,,REP,Write-ins,4
Linn,107,President,,REP,Over Votes,0
Linn,107,President,,REP,Under Votes,12
Linn,108,President,,REP,John McCain,242
Linn,108,President,,REP,Ron Paul,45
Linn,108,President,,REP,Write-ins,8
Linn,108,President,,REP,Over Votes,0
Linn,108,President,,REP,Under Votes,9
Linn,1,Secretary of State,,DEM,Kate Brown,98
Linn,1,Secretary of State,,DEM,Rick Metsger,61
Linn,1,Secretary of State,,DEM,Vicki L. Walker,16
Linn,1,Secretary of State,,DEM,Paul Damian Wells,3
Linn,1,Secretary of State,,DEM,Write-ins,0
Linn,1,Secretary of State,,DEM,Over Votes,0
Linn,1,Secretary of State,,DEM,Under Votes,42
Linn,3,Secretary of State,,DEM,Kate Brown,81
Linn,3,Secretary of State,,DEM,Rick Metsger,35
Linn,3,Secretary of State,,DEM,Vicki L. Walker,15
Linn,3,Secretary of State,,DEM,Paul Damian Wells,4
Linn,3,Secretary of State,,DEM,Write-ins,0
Linn,3,Secretary of State,,DEM,Over Votes,0
Linn,3,Secretary of State,,DEM,Under Votes,28
Linn,5,Secretary of State,,DEM,Kate Brown,75
Linn,5,Secretary of State,,DEM,Rick Metsger,42
Linn,5,Secretary of State,,DEM,Vicki L. Walker,32
Linn,5,Secretary of State,,DEM,Paul Damian Wells,5
Linn,5,Secretary of State,,DEM,Write-ins,0
Linn,5,Secretary of State,,DEM,Over Votes,0
Linn,5,Secretary of State,,DEM,Under Votes,25
Linn,8,Secretary of State,,DEM,Kate Brown,73
Linn,8,Secretary of State,,DEM,Rick Metsger,70
Linn,8,Secretary of State,,DEM,Vicki L. Walker,26
Linn,8,Secretary of State,,DEM,Paul Damian Wells,7
Linn,8,Secretary of State,,DEM,Write-ins,0
Linn,8,Secretary of State,,DEM,Over Votes,0
Linn,8,Secretary of State,,DEM,Under Votes,34
Linn,11,Secretary of State,,DEM,Kate Brown,68
Linn,11,Secretary of State,,DEM,Rick Metsger,37
Linn,11,Secretary of State,,DEM,Vicki L. Walker,11
Linn,11,Secretary of State,,DEM,Paul Damian Wells,2
Linn,11,Secretary of State,,DEM,Write-ins,0
Linn,11,Secretary of State,,DEM,Over Votes,0
Linn,11,Secretary of State,,DEM,Under Votes,31
Linn,14,Secretary of State,,DEM,Kate Brown,64
Linn,14,Secretary of State,,DEM,Rick Metsger,66
Linn,14,Secretary of State,,DEM,Vicki L. Walker,23
Linn,14,Secretary of State,,DEM,Paul Damian Wells,9
Linn,14,Secretary of State,,DEM,Write-ins,0
Linn,14,Secretary of State,,DEM,Over Votes,0
Linn,14,Secretary of State,,DEM,Under Votes,24
Linn,15,Secretary of State,,DEM,Kate Brown,29
Linn,15,Secretary of State,,DEM,Rick Metsger,24
Linn,15,Secretary of State,,DEM,Vicki L. Walker,7
Linn,15,Secretary of State,,DEM,Paul Damian Wells,0
Linn,15,Secretary of State,,DEM,Write-ins,0
Linn,15,Secretary of State,,DEM,Over Votes,0
Linn,15,Secretary of State,,DEM,Under Votes,14
Linn,16,Secretary of State,,DEM,Kate Brown,94
Linn,16,Secretary of State,,DEM,Rick Metsger,54
Linn,16,Secretary of State,,DEM,Vicki L. Walker,20
Linn,16,Secretary of State,,DEM,Paul Damian Wells,4
Linn,16,Secretary of State,,DEM,Write-ins,0
Linn,16,Secretary of State,,DEM,Over Votes,0
Linn,16,Secretary of State,,DEM,Under Votes,31
Linn,18,Secretary of State,,DEM,Kate Brown,219
Linn,18,Secretary of State,,DEM,Rick Metsger,171
Linn,18,Secretary of State,,DEM,Vicki L. Walker,51
Linn,18,Secretary of State,,DEM,Paul Damian Wells,16
Linn,18,Secretary of State,,DEM,Write-ins,1
Linn,18,Secretary of State,,DEM,Over Votes,0
Linn,18,Secretary of State,,DEM,Under Votes,111
Linn,19,Secretary of State,,DEM,Kate Brown,87
Linn,19,Secretary of State,,DEM,Rick Metsger,56
Linn,19,Secretary of State,,DEM,Vicki L. Walker,14
Linn,19,Secretary of State,,DEM,Paul Damian Wells,4
Linn,19,Secretary of State,,DEM,Write-ins,1
Linn,19,Secretary of State,,DEM,Over Votes,0
Linn,19,Secretary of State,,DEM,Under Votes,43
Linn,20,Secretary of State,,DEM,Kate Brown,47
Linn,20,Secretary of State,,DEM,Rick Metsger,23
Linn,20,Secretary of State,,DEM,Vicki L. Walker,16
Linn,20,Secretary of State,,DEM,Paul Damian Wells,3
Linn,20,Secretary of State,,DEM,Write-ins,0
Linn,20,Secretary of State,,DEM,Over Votes,0
Linn,20,Secretary of State,,DEM,Under Votes,38
Linn,21,Secretary of State,,DEM,Kate Brown,30
Linn,21,Secretary of State,,DEM,Rick Metsger,24
Linn,21,Secretary of State,,DEM,Vicki L. Walker,8
Linn,21,Secretary of State,,DEM,Paul Damian Wells,2
Linn,21,Secretary of State,,DEM,Write-ins,0
Linn,21,Secretary of State,,DEM,Over Votes,0
Linn,21,Secretary of State,,DEM,Under Votes,16
Linn,22,Secretary of State,,DEM,Kate Brown,1
Linn,22,Secretary of State,,DEM,Rick Metsger,3
Linn,22,Secretary of State,,DEM,Vicki L. Walker,0
Linn,22,Secretary of State,,DEM,Paul Damian Wells,0
Linn,22,Secretary of State,,DEM,Write-ins,0
Linn,22,Secretary of State,,DEM,Over Votes,0
Linn,22,Secretary of State,,DEM,Under Votes,1
Linn,23,Secretary of State,,DEM,Kate Brown,100
Linn,23,Secretary of State,,DEM,Rick Metsger,66
Linn,23,Secretary of State,,DEM,Vicki L. Walker,17
Linn,23,Secretary of State,,DEM,Paul Damian Wells,13
Linn,23,Secretary of State,,DEM,Write-ins,1
Linn,23,Secretary of State,,DEM,Over Votes,0
Linn,23,Secretary of State,,DEM,Under Votes,41
Linn,25,Secretary of State,,DEM,Kate Brown,69
Linn,25,Secretary of State,,DEM,Rick Metsger,59
Linn,25,Secretary of State,,DEM,Vicki L. Walker,34
Linn,25,Secretary of State,,DEM,Paul Damian Wells,10
Linn,25,Secretary of State,,DEM,Write-ins,0
Linn,25,Secretary of State,,DEM,Over Votes,0
Linn,25,Secretary of State,,DEM,Under Votes,36
Linn,26,Secretary of State,,DEM,Kate Brown,18
Linn,26,Secretary of State,,DEM,Rick Metsger,27
Linn,26,Secretary of State,,DEM,Vicki L. Walker,10
Linn,26,Secretary of State,,DEM,Paul Damian Wells,2
Linn,26,Secretary of State,,DEM,Write-ins,0
Linn,26,Secretary of State,,DEM,Over Votes,0
Linn,26,Secretary of State,,DEM,Under Votes,10
Linn,27,Secretary of State,,DEM,Kate Brown,32
Linn,27,Secretary of State,,DEM,Rick Metsger,32
Linn,27,Secretary of State,,DEM,Vicki L. Walker,41
Linn,27,Secretary of State,,DEM,Paul Damian Wells,2
Linn,27,Secretary of State,,DEM,Write-ins,1
Linn,27,Secretary of State,,DEM,Over Votes,0
Linn,27,Secretary of State,,DEM,Under Votes,23
Linn,28,Secretary of State,,DEM,Kate Brown,30
Linn,28,Secretary of State,,DEM,Rick Metsger,40
Linn,28,Secretary of State,,DEM,Vicki L. Walker,27
Linn,28,Secretary of State,,DEM,Paul Damian Wells,1
Linn,28,Secretary of State,,DEM,Write-ins,1
Linn,28,Secretary of State,,DEM,Over Votes,0
Linn,28,Secretary of State,,DEM,Under Votes,19
Linn,29,Secretary of State,,DEM,Kate Brown,102
Linn,29,Secretary of State,,DEM,Rick Metsger,100
Linn,29,Secretary of State,,DEM,Vicki L. Walker,90
Linn,29,Secretary of State,,DEM,Paul Damian Wells,10
Linn,29,Secretary of State,,DEM,Write-ins,2
Linn,29,Secretary of State,,DEM,Over Votes,0
Linn,29,Secretary of State,,DEM,Under Votes,58
Linn,30,Secretary of State,,DEM,Kate Brown,12
Linn,30,Secretary of State,,DEM,Rick Metsger,7
Linn,30,Secretary of State,,DEM,Vicki L. Walker,11
Linn,30,Secretary of State,,DEM,Paul Damian Wells,2
Linn,30,Secretary of State,,DEM,Write-ins,0
Linn,30,Secretary of State,,DEM,Over Votes,0
Linn,30,Secretary of State,,DEM,Under Votes,6
Linn,31,Secretary of State,,DEM,Kate Brown,84
Linn,31,Secretary of State,,DEM,Rick Metsger,48
Linn,31,Secretary of State,,DEM,Vicki L. Walker,26
Linn,31,Secretary of State,,DEM,Paul Damian Wells,13
Linn,31,Secretary of State,,DEM,Write-ins,1
Linn,31,Secretary of State,,DEM,Over Votes,0
Linn,31,Secretary of State,,DEM,Under Votes,48
Linn,32,Secretary of State,,DEM,Kate Brown,53
Linn,32,Secretary of State,,DEM,Rick Metsger,48
Linn,32,Secretary of State,,DEM,Vicki L. Walker,14
Linn,32,Secretary of State,,DEM,Paul Damian Wells,4
Linn,32,Secretary of State,,DEM,Write-ins,0
Linn,32,Secretary of State,,DEM,Over Votes,0
Linn,32,Secretary of State,,DEM,Under Votes,29
Linn,34,Secretary of State,,DEM,Kate Brown,22
Linn,34,Secretary of State,,DEM,Rick Metsger,27
Linn,34,Secretary of State,,DEM,Vicki L. Walker,9
Linn,34,Secretary of State,,DEM,Paul Damian Wells,3
Linn,34,Secretary of State,,DEM,Write-ins,1
Linn,34,Secretary of State,,DEM,Over Votes,0
Linn,34,Secretary of State,,DEM,Under Votes,16
Linn,35,Secretary of State,,DEM,Kate Brown,117
Linn,35,Secretary of State,,DEM,Rick Metsger,89
Linn,35,Secretary of State,,DEM,Vicki L. Walker,47
Linn,35,Secretary of State,,DEM,Paul Damian Wells,4
Linn,35,Secretary of State,,DEM,Write-ins,3
Linn,35,Secretary of State,,DEM,Over Votes,0
Linn,35,Secretary of State,,DEM,Under Votes,44
Linn,36,Secretary of State,,DEM,Kate Brown,92
Linn,36,Secretary of State,,DEM,Rick Metsger,66
Linn,36,Secretary of State,,DEM,Vicki L. Walker,16
Linn,36,Secretary of State,,DEM,Paul Damian Wells,8
Linn,36,Secretary of State,,DEM,Write-ins,0
Linn,36,Secretary of State,,DEM,Over Votes,0
Linn,36,Secretary of State,,DEM,Under Votes,45
Linn,37,Secretary of State,,DEM,Kate Brown,82
Linn,37,Secretary of State,,DEM,Rick Metsger,91
Linn,37,Secretary of State,,DEM,Vicki L. Walker,18
Linn,37,Secretary of State,,DEM,Paul Damian Wells,9
Linn,37,Secretary of State,,DEM,Write-ins,1
Linn,37,Secretary of State,,DEM,Over Votes,0
Linn,37,Secretary of State,,DEM,Under Votes,41
Linn,38,Secretary of State,,DEM,Kate Brown,81
Linn,38,Secretary of State,,DEM,Rick Metsger,63
Linn,38,Secretary of State,,DEM,Vicki L. Walker,21
Linn,38,Secretary of State,,DEM,Paul Damian Wells,3
Linn,38,Secretary of State,,DEM,Write-ins,3
Linn,38,Secretary of State,,DEM,Over Votes,0
Linn,38,Secretary of State,,DEM,Under Votes,40
Linn,39,Secretary of State,,DEM,Kate Brown,64
Linn,39,Secretary of State,,DEM,Rick Metsger,63
Linn,39,Secretary of State,,DEM,Vicki L. Walker,9
Linn,39,Secretary of State,,DEM,Paul Damian Wells,8
Linn,39,Secretary of State,,DEM,Write-ins,0
Linn,39,Secretary of State,,DEM,Over Votes,0
Linn,39,Secretary of State,,DEM,Under Votes,35
Linn,41,Secretary of State,,DEM,Kate Brown,63
Linn,41,Secretary of State,,DEM,Rick Metsger,37
Linn,41,Secretary of State,,DEM,Vicki L. Walker,10
Linn,41,Secretary of State,,DEM,Paul Damian Wells,3
Linn,41,Secretary of State,,DEM,Write-ins,0
Linn,41,Secretary of State,,DEM,Over Votes,0
Linn,41,Secretary of State,,DEM,Under Votes,31
Linn,43,Secretary of State,,DEM,Kate Brown,66
Linn,43,Secretary of State,,DEM,Rick Metsger,52
Linn,43,Secretary of State,,DEM,Vicki L. Walker,17
Linn,43,Secretary of State,,DEM,Paul Damian Wells,6
Linn,43,Secretary of State,,DEM,Write-ins,1
Linn,43,Secretary of State,,DEM,Over Votes,0
Linn,43,Secretary of State,,DEM,Under Votes,36
Linn,44,Secretary of State,,DEM,Kate Brown,105
Linn,44,Secretary of State,,DEM,Rick Metsger,85
Linn,44,Secretary of State,,DEM,Vicki L. Walker,33
Linn,44,Secretary of State,,DEM,Paul Damian Wells,12
Linn,44,Secretary of State,,DEM,Write-ins,1
Linn,44,Secretary of State,,DEM,Over Votes,0
Linn,44,Secretary of State,,DEM,Under Votes,60
Linn,45,Secretary of State,,DEM,Kate Brown,82
Linn,45,Secretary of State,,DEM,Rick Metsger,71
Linn,45,Secretary of State,,DEM,Vicki L. Walker,18
Linn,45,Secretary of State,,DEM,Paul Damian Wells,4
Linn,45,Secretary of State,,DEM,Write-ins,1
Linn,45,Secretary of State,,DEM,Over Votes,0
Linn,45,Secretary of State,,DEM,Under Votes,28
Linn,46,Secretary of State,,DEM,Kate Brown,98
Linn,46,Secretary of State,,DEM,Rick Metsger,71
Linn,46,Secretary of State,,DEM,Vicki L. Walker,24
Linn,46,Secretary of State,,DEM,Paul Damian Wells,5
Linn,46,Secretary of State,,DEM,Write-ins,1
Linn,46,Secretary of State,,DEM,Over Votes,0
Linn,46,Secretary of State,,DEM,Under Votes,48
Linn,47,Secretary of State,,DEM,Kate Brown,40
Linn,47,Secretary of State,,DEM,Rick Metsger,20
Linn,47,Secretary of State,,DEM,Vicki L. Walker,15
Linn,47,Secretary of State,,DEM,Paul Damian Wells,5
Linn,47,Secretary of State,,DEM,Write-ins,0
Linn,47,Secretary of State,,DEM,Over Votes,0
Linn,47,Secretary of State,,DEM,Under Votes,22
Linn,48,Secretary of State,,DEM,Kate Brown,131
Linn,48,Secretary of State,,DEM,Rick Metsger,104
Linn,48,Secretary of State,,DEM,Vicki L. Walker,24
Linn,48,Secretary of State,,DEM,Paul Damian Wells,7
Linn,48,Secretary of State,,DEM,Write-ins,2
Linn,48,Secretary of State,,DEM,Over Votes,1
Linn,48,Secretary of State,,DEM,Under Votes,42
Linn,49,Secretary of State,,DEM,Kate Brown,7
Linn,49,Secretary of State,,DEM,Rick Metsger,5
Linn,49,Secretary of State,,DEM,Vicki L. Walker,1
Linn,49,Secretary of State,,DEM,Paul Damian Wells,1
Linn,49,Secretary of State,,DEM,Write-ins,0
Linn,49,Secretary of State,,DEM,Over Votes,0
Linn,49,Secretary of State,,DEM,Under Votes,1
Linn,51,Secretary of State,,DEM,Kate Brown,50
Linn,51,Secretary of State,,DEM,Rick Metsger,46
Linn,51,Secretary of State,,DEM,Vicki L. Walker,7
Linn,51,Secretary of State,,DEM,Paul Damian Wells,4
Linn,51,Secretary of State,,DEM,Write-ins,0
Linn,51,Secretary of State,,DEM,Over Votes,1
Linn,51,Secretary of State,,DEM,Under Votes,31
Linn,52,Secretary of State,,DEM,Kate Brown,26
Linn,52,Secretary of State,,DEM,Rick Metsger,23
Linn,52,Secretary of State,,DEM,Vicki L. Walker,7
Linn,52,Secretary of State,,DEM,Paul Damian Wells,3
Linn,52,Secretary of State,,DEM,Write-ins,1
Linn,52,Secretary of State,,DEM,Over Votes,0
Linn,52,Secretary of State,,DEM,Under Votes,17
Linn,53,Secretary of State,,DEM,Kate Brown,64
Linn,53,Secretary of State,,DEM,Rick Metsger,38
Linn,53,Secretary of State,,DEM,Vicki L. Walker,19
Linn,53,Secretary of State,,DEM,Paul Damian Wells,12
Linn,53,Secretary of State,,DEM,Write-ins,1
Linn,53,Secretary of State,,DEM,Over Votes,0
Linn,53,Secretary of State,,DEM,Under Votes,29
Linn,54,Secretary of State,,DEM,Kate Brown,36
Linn,54,Secretary of State,,DEM,Rick Metsger,22
Linn,54,Secretary of State,,DEM,Vicki L. Walker,10
Linn,54,Secretary of State,,DEM,Paul Damian Wells,4
Linn,54,Secretary of State,,DEM,Write-ins,2
Linn,54,Secretary of State,,DEM,Over Votes,1
Linn,54,Secretary of State,,DEM,Under Votes,28
Linn,55,Secretary of State,,DEM,Kate Brown,46
Linn,55,Secretary of State,,DEM,Rick Metsger,50
Linn,55,Secretary of State,,DEM,Vicki L. Walker,14
Linn,55,Secretary of State,,DEM,Paul Damian Wells,7
Linn,55,Secretary of State,,DEM,Write-ins,0
Linn,55,Secretary of State,,DEM,Over Votes,0
Linn,55,Secretary of State,,DEM,Under Votes,23
Linn,56,Secretary of State,,DEM,Kate Brown,75
Linn,56,Secretary of State,,DEM,Rick Metsger,52
Linn,56,Secretary of State,,DEM,Vicki L. Walker,9
Linn,56,Secretary of State,,DEM,Paul Damian Wells,10
Linn,56,Secretary of State,,DEM,Write-ins,0
Linn,56,Secretary of State,,DEM,Over Votes,0
Linn,56,Secretary of State,,DEM,Under Votes,32
Linn,57,Secretary of State,,DEM,Kate Brown,25
Linn,57,Secretary of State,,DEM,Rick Metsger,24
Linn,57,Secretary of State,,DEM,Vicki L. Walker,8
Linn,57,Secretary of State,,DEM,Paul Damian Wells,4
Linn,57,Secretary of State,,DEM,Write-ins,0
Linn,57,Secretary of State,,DEM,Over Votes,0
Linn,57,Secretary of State,,DEM,Under Votes,8
Linn,59,Secretary of State,,DEM,Kate Brown,51
Linn,59,Secretary of State,,DEM,Rick Metsger,27
Linn,59,Secretary of State,,DEM,Vicki L. Walker,24
Linn,59,Secretary of State,,DEM,Paul Damian Wells,4
Linn,59,Secretary of State,,DEM,Write-ins,0
Linn,59,Secretary of State,,DEM,Over Votes,0
Linn,59,Secretary of State,,DEM,Under Votes,30
Linn,61,Secretary of State,,DEM,Kate Brown,32
Linn,61,Secretary of State,,DEM,Rick Metsger,35
Linn,61,Secretary of State,,DEM,Vicki L. Walker,13
Linn,61,Secretary of State,,DEM,Paul Damian Wells,5
Linn,61,Secretary of State,,DEM,Write-ins,0
Linn,61,Secretary of State,,DEM,Over Votes,0
Linn,61,Secretary of State,,DEM,Under Votes,15
Linn,62,Secretary of State,,DEM,Kate Brown,64
Linn,62,Secretary of State,,DEM,Rick Metsger,61
Linn,62,Secretary of State,,DEM,Vicki L. Walker,25
Linn,62,Secretary of State,,DEM,Paul Damian Wells,7
Linn,62,Secretary of State,,DEM,Write-ins,0
Linn,62,Secretary of State,,DEM,Over Votes,1
Linn,62,Secretary of State,,DEM,Under Votes,40
Linn,63,Secretary of State,,DEM,Kate Brown,169
Linn,63,Secretary of State,,DEM,Rick Metsger,172
Linn,63,Secretary of State,,DEM,Vicki L. Walker,41
Linn,63,Secretary of State,,DEM,Paul Damian Wells,9
Linn,63,Secretary of State,,DEM,Write-ins,3
Linn,63,Secretary of State,,DEM,Over Votes,0
Linn,63,Secretary of State,,DEM,Under Votes,85
Linn,65,Secretary of State,,DEM,Kate Brown,3
Linn,65,Secretary of State,,DEM,Rick Metsger,7
Linn,65,Secretary of State,,DEM,Vicki L. Walker,2
Linn,65,Secretary of State,,DEM,Paul Damian Wells,0
Linn,65,Secretary of State,,DEM,Write-ins,0
Linn,65,Secretary of State,,DEM,Over Votes,0
Linn,65,Secretary of State,,DEM,Under Votes,1
Linn,66,Secretary of State,,DEM,Kate Brown,23
Linn,66,Secretary of State,,DEM,Rick Metsger,26
Linn,66,Secretary of State,,DEM,Vicki L. Walker,3
Linn,66,Secretary of State,,DEM,Paul Damian Wells,1
Linn,66,Secretary of State,,DEM,Write-ins,0
Linn,66,Secretary of State,,DEM,Over Votes,0
Linn,66,Secretary of State,,DEM,Under Votes,9
Linn,70,Secretary of State,,DEM,Kate Brown,109
Linn,70,Secretary of State,,DEM,Rick Metsger,107
Linn,70,Secretary of State,,DEM,Vicki L. Walker,37
Linn,70,Secretary of State,,DEM,Paul Damian Wells,10
Linn,70,Secretary of State,,DEM,Write-ins,1
Linn,70,Secretary of State,,DEM,Over Votes,0
Linn,70,Secretary of State,,DEM,Under Votes,73
Linn,73,Secretary of State,,DEM,Kate Brown,90
Linn,73,Secretary of State,,DEM,Rick Metsger,52
Linn,73,Secretary of State,,DEM,Vicki L. Walker,43
Linn,73,Secretary of State,,DEM,Paul Damian Wells,2
Linn,73,Secretary of State,,DEM,Write-ins,0
Linn,73,Secretary of State,,DEM,Over Votes,0
Linn,73,Secretary of State,,DEM,Under Votes,43
Linn,75,Secretary of State,,DEM,Kate Brown,77
Linn,75,Secretary of State,,DEM,Rick Metsger,49
Linn,75,Secretary of State,,DEM,Vicki L. Walker,27
Linn,75,Secretary of State,,DEM,Paul Damian Wells,3
Linn,75,Secretary of State,,DEM,Write-ins,1
Linn,75,Secretary of State,,DEM,Over Votes,0
Linn,75,Secretary of State,,DEM,Under Votes,38
Linn,77,Secretary of State,,DEM,Kate Brown,40
Linn,77,Secretary of State,,DEM,Rick Metsger,28
Linn,77,Secretary of State,,DEM,Vicki L. Walker,16
Linn,77,Secretary of State,,DEM,Paul Damian Wells,4
Linn,77,Secretary of State,,DEM,Write-ins,0
Linn,77,Secretary of State,,DEM,Over Votes,0
Linn,77,Secretary of State,,DEM,Under Votes,26
Linn,78,Secretary of State,,DEM,Kate Brown,64
Linn,78,Secretary of State,,DEM,Rick Metsger,71
Linn,78,Secretary of State,,DEM,Vicki L. Walker,21
Linn,78,Secretary of State,,DEM,Paul Damian Wells,10
Linn,78,Secretary of State,,DEM,Write-ins,0
Linn,78,Secretary of State,,DEM,Over Votes,0
Linn,78,Secretary of State,,DEM,Under Votes,30
Linn,79,Secretary of State,,DEM,Kate Brown,115
Linn,79,Secretary of State,,DEM,Rick Metsger,120
Linn,79,Secretary of State,,DEM,Vicki L. Walker,24
Linn,79,Secretary of State,,DEM,Paul Damian Wells,8
Linn,79,Secretary of State,,DEM,Write-ins,1
Linn,79,Secretary of State,,DEM,Over Votes,0
Linn,79,Secretary of State,,DEM,Under Votes,49
Linn,80,Secretary of State,,DEM,Kate Brown,77
Linn,80,Secretary of State,,DEM,Rick Metsger,85
Linn,80,Secretary of State,,DEM,Vicki L. Walker,38
Linn,80,Secretary of State,,DEM,Paul Damian Wells,8
Linn,80,Secretary of State,,DEM,Write-ins,0
Linn,80,Secretary of State,,DEM,Over Votes,0
Linn,80,Secretary of State,,DEM,Under Votes,36
Linn,82,Secretary of State,,DEM,Kate Brown,34
Linn,82,Secretary of State,,DEM,Rick Metsger,40
Linn,82,Secretary of State,,DEM,Vicki L. Walker,9
Linn,82,Secretary of State,,DEM,Paul Damian Wells,1
Linn,82,Secretary of State,,DEM,Write-ins,2
Linn,82,Secretary of State,,DEM,Over Votes,0
Linn,82,Secretary of State,,DEM,Under Votes,19
Linn,84,Secretary of State,,DEM,Kate Brown,77
Linn,84,Secretary of State,,DEM,Rick Metsger,66
Linn,84,Secretary of State,,DEM,Vicki L. Walker,27
Linn,84,Secretary of State,,DEM,Paul Damian Wells,11
Linn,84,Secretary of State,,DEM,Write-ins,2
Linn,84,Secretary of State,,DEM,Over Votes,0
Linn,84,Secretary of State,,DEM,Under Votes,28
Linn,86,Secretary of State,,DEM,Kate Brown,113
Linn,86,Secretary of State,,DEM,Rick Metsger,86
Linn,86,Secretary of State,,DEM,Vicki L. Walker,21
Linn,86,Secretary of State,,DEM,Paul Damian Wells,5
Linn,86,Secretary of State,,DEM,Write-ins,0
Linn,86,Secretary of State,,DEM,Over Votes,0
Linn,86,Secretary of State,,DEM,Under Votes,44
Linn,88,Secretary of State,,DEM,Kate Brown,75
Linn,88,Secretary of State,,DEM,Rick Metsger,84
Linn,88,Secretary of State,,DEM,Vicki L. Walker,23
Linn,88,Secretary of State,,DEM,Paul Damian Wells,4
Linn,88,Secretary of State,,DEM,Write-ins,2
Linn,88,Secretary of State,,DEM,Over Votes,0
Linn,88,Secretary of State,,DEM,Under Votes,42
Linn,89,Secretary of State,,DEM,Kate Brown,58
Linn,89,Secretary of State,,DEM,Rick Metsger,84
Linn,89,Secretary of State,,DEM,Vicki L. Walker,21
Linn,89,Secretary of State,,DEM,Paul Damian Wells,4
Linn,89,Secretary of State,,DEM,Write-ins,0
Linn,89,Secretary of State,,DEM,Over Votes,0
Linn,89,Secretary of State,,DEM,Under Votes,40
Linn,91,Secretary of State,,DEM,Kate Brown,76
Linn,91,Secretary of State,,DEM,Rick Metsger,82
Linn,91,Secretary of State,,DEM,Vicki L. Walker,35
Linn,91,Secretary of State,,DEM,Paul Damian Wells,6
Linn,91,Secretary of State,,DEM,Write-ins,2
Linn,91,Secretary of State,,DEM,Over Votes,0
Linn,91,Secretary of State,,DEM,Under Votes,37
Linn,92,Secretary of State,,DEM,Kate Brown,147
Linn,92,Secretary of State,,DEM,Rick Metsger,124
Linn,92,Secretary of State,,DEM,Vicki L. Walker,41
Linn,92,Secretary of State,,DEM,Paul Damian Wells,16
Linn,92,Secretary of State,,DEM,Write-ins,0
Linn,92,Secretary of State,,DEM,Over Votes,0
Linn,92,Secretary of State,,DEM,Under Votes,68
Linn,93,Secretary of State,,DEM,Kate Brown,108
Linn,93,Secretary of State,,DEM,Rick Metsger,89
Linn,93,Secretary of State,,DEM,Vicki L. Walker,25
Linn,93,Secretary of State,,DEM,Paul Damian Wells,6
Linn,93,Secretary of State,,DEM,Write-ins,4
Linn,93,Secretary of State,,DEM,Over Votes,0
Linn,93,Secretary of State,,DEM,Under Votes,71
Linn,94,Secretary of State,,DEM,Kate Brown,62
Linn,94,Secretary of State,,DEM,Rick Metsger,61
Linn,94,Secretary of State,,DEM,Vicki L. Walker,19
Linn,94,Secretary of State,,DEM,Paul Damian Wells,7
Linn,94,Secretary of State,,DEM,Write-ins,2
Linn,94,Secretary of State,,DEM,Over Votes,0
Linn,94,Secretary of State,,DEM,Under Votes,28
Linn,95,Secretary of State,,DEM,Kate Brown,82
Linn,95,Secretary of State,,DEM,Rick Metsger,82
Linn,95,Secretary of State,,DEM,Vicki L. Walker,24
Linn,95,Secretary of State,,DEM,Paul Damian Wells,7
Linn,95,Secretary of State,,DEM,Write-ins,0
Linn,95,Secretary of State,,DEM,Over Votes,0
Linn,95,Secretary of State,,DEM,Under Votes,56
Linn,96,Secretary of State,,DEM,Kate Brown,130
Linn,96,Secretary of State,,DEM,Rick Metsger,80
Linn,96,Secretary of State,,DEM,Vicki L. Walker,19
Linn,96,Secretary of State,,DEM,Paul Damian Wells,1
Linn,96,Secretary of State,,DEM,Write-ins,2
Linn,96,Secretary of State,,DEM,Over Votes,0
Linn,96,Secretary of State,,DEM,Under Votes,34
Linn,97,Secretary of State,,DEM,Kate Brown,111
Linn,97,Secretary of State,,DEM,Rick Metsger,122
Linn,97,Secretary of State,,DEM,Vicki L. Walker,46
Linn,97,Secretary of State,,DEM,Paul Damian Wells,15
Linn,97,Secretary of State,,DEM,Write-ins,1
Linn,97,Secretary of State,,DEM,Over Votes,0
Linn,97,Secretary of State,,DEM,Under Votes,56
Linn,99,Secretary of State,,DEM,Kate Brown,33
Linn,99,Secretary of State,,DEM,Rick Metsger,46
Linn,99,Secretary of State,,DEM,Vicki L. Walker,6
Linn,99,Secretary of State,,DEM,Paul Damian Wells,2
Linn,99,Secretary of State,,DEM,Write-ins,0
Linn,99,Secretary of State,,DEM,Over Votes,0
Linn,99,Secretary of State,,DEM,Under Votes,6
Linn,100,Secretary of State,,DEM,Kate Brown,131
Linn,100,Secretary of State,,DEM,Rick Metsger,123
Linn,100,Secretary of State,,DEM,Vicki L. Walker,30
Linn,100,Secretary of State,,DEM,Paul Damian Wells,6
Linn,100,Secretary of State,,DEM,Write-ins,0
Linn,100,Secretary of State,,DEM,Over Votes,0
Linn,100,Secretary of State,,DEM,Under Votes,56
Linn,101,Secretary of State,,DEM,Kate Brown,35
Linn,101,Secretary of State,,DEM,Rick Metsger,46
Linn,101,Secretary of State,,DEM,Vicki L. Walker,23
Linn,101,Secretary of State,,DEM,Paul Damian Wells,1
Linn,101,Secretary of State,,DEM,Write-ins,0
Linn,101,Secretary of State,,DEM,Over Votes,0
Linn,101,Secretary of State,,DEM,Under Votes,22
Linn,102,Secretary of State,,DEM,Kate Brown,122
Linn,102,Secretary of State,,DEM,Rick Metsger,105
Linn,102,Secretary of State,,DEM,Vicki L. Walker,33
Linn,102,Secretary of State,,DEM,Paul Damian Wells,7
Linn,102,Secretary of State,,DEM,Write-ins,2
Linn,102,Secretary of State,,DEM,Over Votes,0
Linn,102,Secretary of State,,DEM,Under Votes,46
Linn,103,Secretary of State,,DEM,Kate Brown,86
Linn,103,Secretary of State,,DEM,Rick Metsger,90
Linn,103,Secretary of State,,DEM,Vicki L. Walker,25
Linn,103,Secretary of State,,DEM,Paul Damian Wells,6
Linn,103,Secretary of State,,DEM,Write-ins,1
Linn,103,Secretary of State,,DEM,Over Votes,0
Linn,103,Secretary of State,,DEM,Under Votes,40
Linn,104,Secretary of State,,DEM,Kate Brown,51
Linn,104,Secretary of State,,DEM,Rick Metsger,57
Linn,104,Secretary of State,,DEM,Vicki L. Walker,11
Linn,104,Secretary of State,,DEM,Paul Damian Wells,9
Linn,104,Secretary of State,,DEM,Write-ins,1
Linn,104,Secretary of State,,DEM,Over Votes,0
Linn,104,Secretary of State,,DEM,Under Votes,32
Linn,105,Secretary of State,,DEM,Kate Brown,57
Linn,105,Secretary of State,,DEM,Rick Metsger,61
Linn,105,Secretary of State,,DEM,Vicki L. Walker,16
Linn,105,Secretary of State,,DEM,Paul Damian Wells,6
Linn,105,Secretary of State,,DEM,Write-ins,2
Linn,105,Secretary of State,,DEM,Over Votes,0
Linn,105,Secretary of State,,DEM,Under Votes,32
Linn,106,Secretary of State,,DEM,Kate Brown,66
Linn,106,Secretary of State,,DEM,Rick Metsger,49
Linn,106,Secretary of State,,DEM,Vicki L. Walker,19
Linn,106,Secretary of State,,DEM,Paul Damian Wells,0
Linn,106,Secretary of State,,DEM,Write-ins,0
Linn,106,Secretary of State,,DEM,Over Votes,0
Linn,106,Secretary of State,,DEM,Under Votes,39
Linn,107,Secretary of State,,DEM,Kate Brown,139
Linn,107,Secretary of State,,DEM,Rick Metsger,95
Linn,107,Secretary of State,,DEM,Vicki L. Walker,26
Linn,107,Secretary of State,,DEM,Paul Damian Wells,4
Linn,107,Secretary of State,,DEM,Write-ins,0
Linn,107,Secretary of State,,DEM,Over Votes,0
Linn,107,Secretary of State,,DEM,Under Votes,63
Linn,108,Secretary of State,,DEM,Kate Brown,143
Linn,108,Secretary of State,,DEM,Rick Metsger,134
Linn,108,Secretary of State,,DEM,Vicki L. Walker,51
Linn,108,Secretary of State,,DEM,Paul Damian Wells,15
Linn,108,Secretary of State,,DEM,Write-ins,2
Linn,108,Secretary of State,,DEM,Over Votes,1
Linn,108,Secretary of State,,DEM,Under Votes,81
Linn,1,Secretary of State,,REP,Rick Dancer,78
Linn,1,Secretary of State,,REP,Write-ins,1
Linn,1,Secretary of State,,REP,Over Votes,0
Linn,1,Secretary of State,,REP,Under Votes,26
Linn,3,Secretary of State,,REP,Rick Dancer,64
Linn,3,Secretary of State,,REP,Write-ins,0
Linn,3,Secretary of State,,REP,Over Votes,0
Linn,3,Secretary of State,,REP,Under Votes,18
Linn,5,Secretary of State,,REP,Rick Dancer,58
Linn,5,Secretary of State,,REP,Write-ins,0
Linn,5,Secretary of State,,REP,Over Votes,0
Linn,5,Secretary of State,,REP,Under Votes,22
Linn,8,Secretary of State,,REP,Rick Dancer,98
Linn,8,Secretary of State,,REP,Write-ins,0
Linn,8,Secretary of State,,REP,Over Votes,0
Linn,8,Secretary of State,,REP,Under Votes,28
Linn,11,Secretary of State,,REP,Rick Dancer,66
Linn,11,Secretary of State,,REP,Write-ins,1
Linn,11,Secretary of State,,REP,Over Votes,0
Linn,11,Secretary of State,,REP,Under Votes,11
Linn,14,Secretary of State,,REP,Rick Dancer,72
Linn,14,Secretary of State,,REP,Write-ins,0
Linn,14,Secretary of State,,REP,Over Votes,0
Linn,14,Secretary of State,,REP,Under Votes,14
Linn,15,Secretary of State,,REP,Rick Dancer,29
Linn,15,Secretary of State,,REP,Write-ins,0
Linn,15,Secretary of State,,REP,Over Votes,0
Linn,15,Secretary of State,,REP,Under Votes,4
Linn,16,Secretary of State,,REP,Rick Dancer,73
Linn,16,Secretary of State,,REP,Write-ins,0
Linn,16,Secretary of State,,REP,Over Votes,0
Linn,16,Secretary of State,,REP,Under Votes,31
Linn,18,Secretary of State,,REP,Rick Dancer,316
Linn,18,Secretary of State,,REP,Write-ins,1
Linn,18,Secretary of State,,REP,Over Votes,0
Linn,18,Secretary of State,,REP,Under Votes,88
Linn,19,Secretary of State,,REP,Rick Dancer,177
Linn,19,Secretary of State,,REP,Write-ins,0
Linn,19,Secretary of State,,REP,Over Votes,0
Linn,19,Secretary of State,,REP,Under Votes,42
Linn,20,Secretary of State,,REP,Rick Dancer,75
Linn,20,Secretary of State,,REP,Write-ins,0
Linn,20,Secretary of State,,REP,Over Votes,0
Linn,20,Secretary of State,,REP,Under Votes,39
Linn,21,Secretary of State,,REP,Rick Dancer,77
Linn,21,Secretary of State,,REP,Write-ins,0
Linn,21,Secretary of State,,REP,Over Votes,0
Linn,21,Secretary of State,,REP,Under Votes,25
Linn,22,Secretary of State,,REP,Rick Dancer,7
Linn,22,Secretary of State,,REP,Write-ins,0
Linn,22,Secretary of State,,REP,Over Votes,0
Linn,22,Secretary of State,,REP,Under Votes,6
Linn,23,Secretary of State,,REP,Rick Dancer,133
Linn,23,Secretary of State,,REP,Write-ins,0
Linn,23,Secretary of State,,REP,Over Votes,0
Linn,23,Secretary of State,,REP,Under Votes,81
Linn,25,Secretary of State,,REP,Rick Dancer,112
Linn,25,Secretary of State,,REP,Write-ins,2
Linn,25,Secretary of State,,REP,Over Votes,0
Linn,25,Secretary of State,,REP,Under Votes,32
Linn,26,Secretary of State,,REP,Rick Dancer,49
Linn,26,Secretary of State,,REP,Write-ins,0
Linn,26,Secretary of State,,REP,Over Votes,0
Linn,26,Secretary of State,,REP,Under Votes,13
Linn,27,Secretary of State,,REP,Rick Dancer,132
Linn,27,Secretary of State,,REP,Write-ins,1
Linn,27,Secretary of State,,REP,Over Votes,0
Linn,27,Secretary of State,,REP,Under Votes,22
Linn,28,Secretary of State,,REP,Rick Dancer,129
Linn,28,Secretary of State,,REP,Write-ins,1
Linn,28,Secretary of State,,REP,Over Votes,0
Linn,28,Secretary of State,,REP,Under Votes,16
Linn,29,Secretary of State,,REP,Rick Dancer,309
Linn,29,Secretary of State,,REP,Write-ins,1
Linn,29,Secretary of State,,REP,Over Votes,0
Linn,29,Secretary of State,,REP,Under Votes,30
Linn,30,Secretary of State,,REP,Rick Dancer,51
Linn,30,Secretary of State,,REP,Write-ins,0
Linn,30,Secretary of State,,REP,Over Votes,0
Linn,30,Secretary of State,,REP,Under Votes,10
Linn,31,Secretary of State,,REP,Rick Dancer,136
Linn,31,Secretary of State,,REP,Write-ins,2
Linn,31,Secretary of State,,REP,Over Votes,0
Linn,31,Secretary of State,,REP,Under Votes,71
Linn,32,Secretary of State,,REP,Rick Dancer,93
Linn,32,Secretary of State,,REP,Write-ins,2
Linn,32,Secretary of State,,REP,Over Votes,0
Linn,32,Secretary of State,,REP,Under Votes,73
Linn,34,Secretary of State,,REP,Rick Dancer,44
Linn,34,Secretary of State,,REP,Write-ins,0
Linn,34,Secretary of State,,REP,Over Votes,0
Linn,34,Secretary of State,,REP,Under Votes,27
Linn,35,Secretary of State,,REP,Rick Dancer,167
Linn,35,Secretary of State,,REP,Write-ins,1
Linn,35,Secretary of State,,REP,Over Votes,0
Linn,35,Secretary of State,,REP,Under Votes,103
Linn,36,Secretary of State,,REP,Rick Dancer,128
Linn,36,Secretary of State,,REP,Write-ins,2
Linn,36,Secretary of State,,REP,Over Votes,0
Linn,36,Secretary of State,,REP,Under Votes,38
Linn,37,Secretary of State,,REP,Rick Dancer,133
Linn,37,Secretary of State,,REP,Write-ins,3
Linn,37,Secretary of State,,REP,Over Votes,0
Linn,37,Secretary of State,,REP,Under Votes,40
Linn,38,Secretary of State,,REP,Rick Dancer,97
Linn,38,Secretary of State,,REP,Write-ins,1
Linn,38,Secretary of State,,REP,Over Votes,0
Linn,38,Secretary of State,,REP,Under Votes,43
Linn,39,Secretary of State,,REP,Rick Dancer,97
Linn,39,Secretary of State,,REP,Write-ins,1
Linn,39,Secretary of State,,REP,Over Votes,0
Linn,39,Secretary of State,,REP,Under Votes,28
Linn,41,Secretary of State,,REP,Rick Dancer,76
Linn,41,Secretary of State,,REP,Write-ins,1
Linn,41,Secretary of State,,REP,Over Votes,0
Linn,41,Secretary of State,,REP,Under Votes,28
Linn,43,Secretary of State,,REP,Rick Dancer,80
Linn,43,Secretary of State,,REP,Write-ins,0
Linn,43,Secretary of State,,REP,Over Votes,0
Linn,43,Secretary of State,,REP,Under Votes,43
Linn,44,Secretary of State,,REP,Rick Dancer,179
Linn,44,Secretary of State,,REP,Write-ins,0
Linn,44,Secretary of State,,REP,Over Votes,0
Linn,44,Secretary of State,,REP,Under Votes,44
Linn,45,Secretary of State,,REP,Rick Dancer,149
Linn,45,Secretary of State,,REP,Write-ins,3
Linn,45,Secretary of State,,REP,Over Votes,0
Linn,45,Secretary of State,,REP,Under Votes,41
Linn,46,Secretary of State,,REP,Rick Dancer,162
Linn,46,Secretary of State,,REP,Write-ins,0
Linn,46,Secretary of State,,REP,Over Votes,0
Linn,46,Secretary of State,,REP,Under Votes,38
Linn,47,Secretary of State,,REP,Rick Dancer,48
Linn,47,Secretary of State,,REP,Write-ins,2
Linn,47,Secretary of State,,REP,Over Votes,0
Linn,47,Secretary of State,,REP,Under Votes,9
Linn,48,Secretary of State,,REP,Rick Dancer,197
Linn,48,Secretary of State,,REP,Write-ins,0
Linn,48,Secretary of State,,REP,Over Votes,0
Linn,48,Secretary of State,,REP,Under Votes,66
Linn,49,Secretary of State,,REP,Rick Dancer,11
Linn,49,Secretary of State,,REP,Write-ins,1
Linn,49,Secretary of State,,REP,Over Votes,0
Linn,49,Secretary of State,,REP,Under Votes,0
Linn,51,Secretary of State,,REP,Rick Dancer,117
Linn,51,Secretary of State,,REP,Write-ins,0
Linn,51,Secretary of State,,REP,Over Votes,0
Linn,51,Secretary of State,,REP,Under Votes,73
Linn,52,Secretary of State,,REP,Rick Dancer,46
Linn,52,Secretary of State,,REP,Write-ins,0
Linn,52,Secretary of State,,REP,Over Votes,0
Linn,52,Secretary of State,,REP,Under Votes,26
Linn,53,Secretary of State,,REP,Rick Dancer,149
Linn,53,Secretary of State,,REP,Write-ins,4
Linn,53,Secretary of State,,REP,Over Votes,0
Linn,53,Secretary of State,,REP,Under Votes,63
Linn,54,Secretary of State,,REP,Rick Dancer,70
Linn,54,Secretary of State,,REP,Write-ins,1
Linn,54,Secretary of State,,REP,Over Votes,0
Linn,54,Secretary of State,,REP,Under Votes,26
Linn,55,Secretary of State,,REP,Rick Dancer,89
Linn,55,Secretary of State,,REP,Write-ins,0
Linn,55,Secretary of State,,REP,Over Votes,0
Linn,55,Secretary of State,,REP,Under Votes,47
Linn,56,Secretary of State,,REP,Rick Dancer,90
Linn,56,Secretary of State,,REP,Write-ins,2
Linn,56,Secretary of State,,REP,Over Votes,0
Linn,56,Secretary of State,,REP,Under Votes,66
Linn,57,Secretary of State,,REP,Rick Dancer,51
Linn,57,Secretary of State,,REP,Write-ins,0
Linn,57,Secretary of State,,REP,Over Votes,0
Linn,57,Secretary of State,,REP,Under Votes,13
Linn,59,Secretary of State,,REP,Rick Dancer,69
Linn,59,Secretary of State,,REP,Write-ins,2
Linn,59,Secretary of State,,REP,Over Votes,0
Linn,59,Secretary of State,,REP,Under Votes,20
Linn,61,Secretary of State,,REP,Rick Dancer,60
Linn,61,Secretary of State,,REP,Write-ins,0
Linn,61,Secretary of State,,REP,Over Votes,0
Linn,61,Secretary of State,,REP,Under Votes,23
Linn,62,Secretary of State,,REP,Rick Dancer,102
Linn,62,Secretary of State,,REP,Write-ins,1
Linn,62,Secretary of State,,REP,Over Votes,0
Linn,62,Secretary of State,,REP,Under Votes,30
Linn,63,Secretary of State,,REP,Rick Dancer,310
Linn,63,Secretary of State,,REP,Write-ins,4
Linn,63,Secretary of State,,REP,Over Votes,0
Linn,63,Secretary of State,,REP,Under Votes,123
Linn,65,Secretary of State,,REP,Rick Dancer,13
Linn,65,Secretary of State,,REP,Write-ins,0
Linn,65,Secretary of State,,REP,Over Votes,0
Linn,65,Secretary of State,,REP,Under Votes,1
Linn,66,Secretary of State,,REP,Rick Dancer,47
Linn,66,Secretary of State,,REP,Write-ins,1
Linn,66,Secretary of State,,REP,Over Votes,0
Linn,66,Secretary of State,,REP,Under Votes,12
Linn,70,Secretary of State,,REP,Rick Dancer,187
Linn,70,Secretary of State,,REP,Write-ins,2
Linn,70,Secretary of State,,REP,Over Votes,0
Linn,70,Secretary of State,,REP,Under Votes,85
Linn,73,Secretary of State,,REP,Rick Dancer,126
Linn,73,Secretary of State,,REP,Write-ins,0
Linn,73,Secretary of State,,REP,Over Votes,0
Linn,73,Secretary of State,,REP,Under Votes,49
Linn,75,Secretary of State,,REP,Rick Dancer,151
Linn,75,Secretary of State,,REP,Write-ins,1
Linn,75,Secretary of State,,REP,Over Votes,0
Linn,75,Secretary of State,,REP,Under Votes,66
Linn,77,Secretary of State,,REP,Rick Dancer,60
Linn,77,Secretary of State,,REP,Write-ins,1
Linn,77,Secretary of State,,REP,Over Votes,0
Linn,77,Secretary of State,,REP,Under Votes,17
Linn,78,Secretary of State,,REP,Rick Dancer,111
Linn,78,Secretary of State,,REP,Write-ins,1
Linn,78,Secretary of State,,REP,Over Votes,0
Linn,78,Secretary of State,,REP,Under Votes,37
Linn,79,Secretary of State,,REP,Rick Dancer,158
Linn,79,Secretary of State,,REP,Write-ins,3
Linn,79,Secretary of State,,REP,Over Votes,0
Linn,79,Secretary of State,,REP,Under Votes,45
Linn,80,Secretary of State,,REP,Rick Dancer,153
Linn,80,Secretary of State,,REP,Write-ins,0
Linn,80,Secretary of State,,REP,Over Votes,0
Linn,80,Secretary of State,,REP,Under Votes,29
Linn,82,Secretary of State,,REP,Rick Dancer,51
Linn,82,Secretary of State,,REP,Write-ins,1
Linn,82,Secretary of State,,REP,Over Votes,0
Linn,82,Secretary of State,,REP,Under Votes,17
Linn,84,Secretary of State,,REP,Rick Dancer,86
Linn,84,Secretary of State,,REP,Write-ins,2
Linn,84,Secretary of State,,REP,Over Votes,0
Linn,84,Secretary of State,,REP,Under Votes,19
Linn,86,Secretary of State,,REP,Rick Dancer,185
Linn,86,Secretary of State,,REP,Write-ins,2
Linn,86,Secretary of State,,REP,Over Votes,0
Linn,86,Secretary of State,,REP,Under Votes,86
Linn,88,Secretary of State,,REP,Rick Dancer,111
Linn,88,Secretary of State,,REP,Write-ins,0
Linn,88,Secretary of State,,REP,Over Votes,0
Linn,88,Secretary of State,,REP,Under Votes,34
Linn,89,Secretary of State,,REP,Rick Dancer,132
Linn,89,Secretary of State,,REP,Write-ins,1
Linn,89,Secretary of State,,REP,Over Votes,0
Linn,89,Secretary of State,,REP,Under Votes,37
Linn,91,Secretary of State,,REP,Rick Dancer,103
Linn,91,Secretary of State,,REP,Write-ins,1
Linn,91,Secretary of State,,REP,Over Votes,0
Linn,91,Secretary of State,,REP,Under Votes,32
Linn,92,Secretary of State,,REP,Rick Dancer,200
Linn,92,Secretary of State,,REP,Write-ins,2
Linn,92,Secretary of State,,REP,Over Votes,1
Linn,92,Secretary of State,,REP,Under Votes,61
Linn,93,Secretary of State,,REP,Rick Dancer,147
Linn,93,Secretary of State,,REP,Write-ins,0
Linn,93,Secretary of State,,REP,Over Votes,0
Linn,93,Secretary of State,,REP,Under Votes,46
Linn,94,Secretary of State,,REP,Rick Dancer,92
Linn,94,Secretary of State,,REP,Write-ins,1
Linn,94,Secretary of State,,REP,Over Votes,0
Linn,94,Secretary of State,,REP,Under Votes,29
Linn,95,Secretary of State,,REP,Rick Dancer,147
Linn,95,Secretary of State,,REP,Write-ins,2
Linn,95,Secretary of State,,REP,Over Votes,0
Linn,95,Secretary of State,,REP,Under Votes,56
Linn,96,Secretary of State,,REP,Rick Dancer,197
Linn,96,Secretary of State,,REP,Write-ins,0
Linn,96,Secretary of State,,REP,Over Votes,0
Linn,96,Secretary of State,,REP,Under Votes,66
Linn,97,Secretary of State,,REP,Rick Dancer,244
Linn,97,Secretary of State,,REP,Write-ins,0
Linn,97,Secretary of State,,REP,Over Votes,0
Linn,97,Secretary of State,,REP,Under Votes,102
Linn,99,Secretary of State,,REP,Rick Dancer,58
Linn,99,Secretary of State,,REP,Write-ins,0
Linn,99,Secretary of State,,REP,Over Votes,0
Linn,99,Secretary of State,,REP,Under Votes,21
Linn,100,Secretary of State,,REP,Rick Dancer,182
Linn,100,Secretary of State,,REP,Write-ins,3
Linn,100,Secretary of State,,REP,Over Votes,0
Linn,100,Secretary of State,,REP,Under Votes,54
Linn,101,Secretary of State,,REP,Rick Dancer,69
Linn,101,Secretary of State,,REP,Write-ins,1
Linn,101,Secretary of State,,REP,Over Votes,0
Linn,101,Secretary of State,,REP,Under Votes,49
Linn,102,Secretary of State,,REP,Rick Dancer,159
Linn,102,Secretary of State,,REP,Write-ins,1
Linn,102,Secretary of State,,REP,Over Votes,0
Linn,102,Secretary of State,,REP,Under Votes,47
Linn,103,Secretary of State,,REP,Rick Dancer,141
Linn,103,Secretary of State,,REP,Write-ins,3
Linn,103,Secretary of State,,REP,Over Votes,0
Linn,103,Secretary of State,,REP,Under Votes,92
Linn,104,Secretary of State,,REP,Rick Dancer,79
Linn,104,Secretary of State,,REP,Write-ins,2
Linn,104,Secretary of State,,REP,Over Votes,0
Linn,104,Secretary of State,,REP,Under Votes,53
Linn,105,Secretary of State,,REP,Rick Dancer,64
Linn,105,Secretary of State,,REP,Write-ins,0
Linn,105,Secretary of State,,REP,Over Votes,0
Linn,105,Secretary of State,,REP,Under Votes,19
Linn,106,Secretary of State,,REP,Rick Dancer,113
Linn,106,Secretary of State,,REP,Write-ins,0
Linn,106,Secretary of State,,REP,Over Votes,0
Linn,106,Secretary of State,,REP,Under Votes,33
Linn,107,Secretary of State,,REP,Rick Dancer,160
Linn,107,Secretary of State,,REP,Write-ins,2
Linn,107,Secretary of State,,REP,Over Votes,0
Linn,107,Secretary of State,,REP,Under Votes,43
Linn,108,Secretary of State,,REP,Rick Dancer,223
Linn,108,Secretary of State,,REP,Write-ins,3
Linn,108,Secretary of State,,REP,Over Votes,0
Linn,108,Secretary of State,,REP,Under Votes,78
Linn,21,State House,11,DEM,Phil Barnhart,50
Linn,21,State House,11,DEM,Write-ins,1
Linn,21,State House,11,DEM,Over Votes,0
Linn,21,State House,11,DEM,Under Votes,29
Linn,22,State House,11,DEM,Phil Barnhart,4
Linn,22,State House,11,DEM,Write-ins,0
Linn,22,State House,11,DEM,Over Votes,0
Linn,22,State House,11,DEM,Under Votes,1
Linn,23,State House,11,DEM,Phil Barnhart,146
Linn,23,State House,11,DEM,Write-ins,1
Linn,23,State House,11,DEM,Over Votes,0
Linn,23,State House,11,DEM,Under Votes,91
Linn,27,State House,11,DEM,Phil Barnhart,78
Linn,27,State House,11,DEM,Write-ins,1
Linn,27,State House,11,DEM,Over Votes,0
Linn,27,State House,11,DEM,Under Votes,52
Linn,31,State House,11,DEM,Phil Barnhart,145
Linn,31,State House,11,DEM,Write-ins,1
Linn,31,State House,11,DEM,Over Votes,0
Linn,31,State House,11,DEM,Under Votes,74
Linn,36,State House,11,DEM,Phil Barnhart,12
Linn,36,State House,11,DEM,Write-ins,1
Linn,36,State House,11,DEM,Over Votes,0
Linn,36,State House,11,DEM,Under Votes,12
Linn,37,State House,11,DEM,Phil Barnhart,0
Linn,37,State House,11,DEM,Write-ins,0
Linn,37,State House,11,DEM,Over Votes,0
Linn,37,State House,11,DEM,Under Votes,0
Linn,57,State House,11,DEM,Phil Barnhart,47
Linn,57,State House,11,DEM,Write-ins,1
Linn,57,State House,11,DEM,Over Votes,0
Linn,57,State House,11,DEM,Under Votes,21
Linn,70,State House,11,DEM,Phil Barnhart,192
Linn,70,State House,11,DEM,Write-ins,2
Linn,70,State House,11,DEM,Over Votes,0
Linn,70,State House,11,DEM,Under Votes,143
Linn,73,State House,11,DEM,Phil Barnhart,164
Linn,73,State House,11,DEM,Write-ins,0
Linn,73,State House,11,DEM,Over Votes,0
Linn,73,State House,11,DEM,Under Votes,66
Linn,75,State House,11,DEM,Phil Barnhart,126
Linn,75,State House,11,DEM,Write-ins,0
Linn,75,State House,11,DEM,Over Votes,1
Linn,75,State House,11,DEM,Under Votes,68
Linn,77,State House,11,DEM,Phil Barnhart,74
Linn,77,State House,11,DEM,Write-ins,1
Linn,77,State House,11,DEM,Over Votes,0
Linn,77,State House,11,DEM,Under Votes,39
Linn,88,State House,11,DEM,Phil Barnhart,0
Linn,88,State House,11,DEM,Write-ins,0
Linn,88,State House,11,DEM,Over Votes,0
Linn,88,State House,11,DEM,Under Votes,0
Linn,99,State House,11,DEM,Phil Barnhart,65
Linn,99,State House,11,DEM,Write-ins,0
Linn,99,State House,11,DEM,Over Votes,0
Linn,99,State House,11,DEM,Under Votes,28
Linn,108,State House,11,DEM,Phil Barnhart,2
Linn,108,State House,11,DEM,Write-ins,0
Linn,108,State House,11,DEM,Over Votes,0
Linn,108,State House,11,DEM,Under Votes,2
Linn,21,State House,11,REP,Write-ins,2
Linn,21,State House,11,REP,Over Votes,0
Linn,21,State House,11,REP,Under Votes,100
Linn,22,State House,11,REP,Write-ins,0
Linn,22,State House,11,REP,Over Votes,0
Linn,22,State House,11,REP,Under Votes,13
Linn,23,State House,11,REP,Write-ins,8
Linn,23,State House,11,REP,Over Votes,0
Linn,23,State House,11,REP,Under Votes,206
Linn,27,State House,11,REP,Write-ins,3
Linn,27,State House,11,REP,Over Votes,0
Linn,27,State House,11,REP,Under Votes,152
Linn,31,State House,11,REP,Write-ins,1
Linn,31,State House,11,REP,Over Votes,0
Linn,31,State House,11,REP,Under Votes,208
Linn,36,State House,11,REP,Write-ins,0
Linn,36,State House,11,REP,Over Votes,0
Linn,36,State House,11,REP,Under Votes,24
Linn,37,State House,11,REP,Write-ins,0
Linn,37,State House,11,REP,Over Votes,0
Linn,37,State House,11,REP,Under Votes,0
Linn,57,State House,11,REP,Write-ins,3
Linn,57,State House,11,REP,Over Votes,0
Linn,57,State House,11,REP,Under Votes,61
Linn,70,State House,11,REP,Write-ins,2
Linn,70,State House,11,REP,Over Votes,0
Linn,70,State House,11,REP,Under Votes,272
Linn,73,State House,11,REP,Write-ins,3
Linn,73,State House,11,REP,Over Votes,0
Linn,73,State House,11,REP,Under Votes,172
Linn,75,State House,11,REP,Write-ins,3
Linn,75,State House,11,REP,Over Votes,0
Linn,75,State House,11,REP,Under Votes,215
Linn,77,State House,11,REP,Write-ins,1
Linn,77,State House,11,REP,Over Votes,0
Linn,77,State House,11,REP,Under Votes,77
Linn,88,State House,11,REP,Write-ins,0
Linn,88,State House,11,REP,Over Votes,0
Linn,88,State House,11,REP,Under Votes,0
Linn,99,State House,11,REP,Write-ins,1
Linn,99,State House,11,REP,Over Votes,0
Linn,99,State House,11,REP,Under Votes,78
Linn,108,State House,11,REP,Write-ins,0
Linn,108,State House,11,REP,Over Votes,0
Linn,108,State House,11,REP,Under Votes,12
Linn,1,State House,15,DEM,Dick Olsen,138
Linn,1,State House,15,DEM,Write-ins,4
Linn,1,State House,15,DEM,Over Votes,0
Linn,1,State House,15,DEM,Under Votes,78
Linn,3,State House,15,DEM,Dick Olsen,108
Linn,3,State House,15,DEM,Write-ins,2
Linn,3,State House,15,DEM,Over Votes,0
Linn,3,State House,15,DEM,Under Votes,53
Linn,5,State House,15,DEM,Dick Olsen,125
Linn,5,State House,15,DEM,Write-ins,3
Linn,5,State House,15,DEM,Over Votes,0
Linn,5,State House,15,DEM,Under Votes,51
Linn,8,State House,15,DEM,Dick Olsen,144
Linn,8,State House,15,DEM,Write-ins,1
Linn,8,State House,15,DEM,Over Votes,0
Linn,8,State House,15,DEM,Under Votes,65
Linn,11,State House,15,DEM,Dick Olsen,89
Linn,11,State House,15,DEM,Write-ins,3
Linn,11,State House,15,DEM,Over Votes,0
Linn,11,State House,15,DEM,Under Votes,57
Linn,14,State House,15,DEM,Dick Olsen,116
Linn,14,State House,15,DEM,Write-ins,2
Linn,14,State House,15,DEM,Over Votes,0
Linn,14,State House,15,DEM,Under Votes,68
Linn,15,State House,15,DEM,Dick Olsen,46
Linn,15,State House,15,DEM,Write-ins,1
Linn,15,State House,15,DEM,Over Votes,0
Linn,15,State House,15,DEM,Under Votes,27
Linn,16,State House,15,DEM,Dick Olsen,131
Linn,16,State House,15,DEM,Write-ins,3
Linn,16,State House,15,DEM,Over Votes,0
Linn,16,State House,15,DEM,Under Votes,69
Linn,18,State House,15,DEM,Dick Olsen,353
Linn,18,State House,15,DEM,Write-ins,8
Linn,18,State House,15,DEM,Over Votes,0
Linn,18,State House,15,DEM,Under Votes,208
Linn,19,State House,15,DEM,Dick Olsen,118
Linn,19,State House,15,DEM,Write-ins,0
Linn,19,State House,15,DEM,Over Votes,0
Linn,19,State House,15,DEM,Under Votes,87
Linn,26,State House,15,DEM,Dick Olsen,41
Linn,26,State House,15,DEM,Write-ins,5
Linn,26,State House,15,DEM,Over Votes,0
Linn,26,State House,15,DEM,Under Votes,21
Linn,34,State House,15,DEM,Dick Olsen,47
Linn,34,State House,15,DEM,Write-ins,0
Linn,34,State House,15,DEM,Over Votes,0
Linn,34,State House,15,DEM,Under Votes,31
Linn,38,State House,15,DEM,Dick Olsen,0
Linn,38,State House,15,DEM,Write-ins,0
Linn,38,State House,15,DEM,Over Votes,0
Linn,38,State House,15,DEM,Under Votes,0
Linn,44,State House,15,DEM,Dick Olsen,181
Linn,44,State House,15,DEM,Write-ins,3
Linn,44,State House,15,DEM,Over Votes,0
Linn,44,State House,15,DEM,Under Votes,112
Linn,48,State House,15,DEM,Dick Olsen,215
Linn,48,State House,15,DEM,Write-ins,3
Linn,48,State House,15,DEM,Over Votes,0
Linn,48,State House,15,DEM,Under Votes,93
Linn,51,State House,15,DEM,Dick Olsen,86
Linn,51,State House,15,DEM,Write-ins,0
Linn,51,State House,15,DEM,Over Votes,0
Linn,51,State House,15,DEM,Under Votes,53
Linn,63,State House,15,DEM,Dick Olsen,291
Linn,63,State House,15,DEM,Write-ins,7
Linn,63,State House,15,DEM,Over Votes,0
Linn,63,State House,15,DEM,Under Votes,181
Linn,84,State House,15,DEM,Dick Olsen,145
Linn,84,State House,15,DEM,Write-ins,3
Linn,84,State House,15,DEM,Over Votes,0
Linn,84,State House,15,DEM,Under Votes,63
Linn,89,State House,15,DEM,Dick Olsen,132
Linn,89,State House,15,DEM,Write-ins,1
Linn,89,State House,15,DEM,Over Votes,0
Linn,89,State House,15,DEM,Under Votes,74
Linn,91,State House,15,DEM,Dick Olsen,169
Linn,91,State House,15,DEM,Write-ins,1
Linn,91,State House,15,DEM,Over Votes,0
Linn,91,State House,15,DEM,Under Votes,68
Linn,92,State House,15,DEM,Dick Olsen,261
Linn,92,State House,15,DEM,Write-ins,3
Linn,92,State House,15,DEM,Over Votes,0
Linn,92,State House,15,DEM,Under Votes,132
Linn,93,State House,15,DEM,Dick Olsen,191
Linn,93,State House,15,DEM,Write-ins,4
Linn,93,State House,15,DEM,Over Votes,0
Linn,93,State House,15,DEM,Under Votes,108
Linn,94,State House,15,DEM,Dick Olsen,121
Linn,94,State House,15,DEM,Write-ins,4
Linn,94,State House,15,DEM,Over Votes,0
Linn,94,State House,15,DEM,Under Votes,54
Linn,95,State House,15,DEM,Dick Olsen,164
Linn,95,State House,15,DEM,Write-ins,1
Linn,95,State House,15,DEM,Over Votes,0
Linn,95,State House,15,DEM,Under Votes,86
Linn,96,State House,15,DEM,Dick Olsen,163
Linn,96,State House,15,DEM,Write-ins,11
Linn,96,State House,15,DEM,Over Votes,0
Linn,96,State House,15,DEM,Under Votes,92
Linn,97,State House,15,DEM,Dick Olsen,227
Linn,97,State House,15,DEM,Write-ins,5
Linn,97,State House,15,DEM,Over Votes,0
Linn,97,State House,15,DEM,Under Votes,119
Linn,100,State House,15,DEM,Dick Olsen,223
Linn,100,State House,15,DEM,Write-ins,5
Linn,100,State House,15,DEM,Over Votes,0
Linn,100,State House,15,DEM,Under Votes,118
Linn,102,State House,15,DEM,Dick Olsen,205
Linn,102,State House,15,DEM,Write-ins,5
Linn,102,State House,15,DEM,Over Votes,0
Linn,102,State House,15,DEM,Under Votes,105
Linn,105,State House,15,DEM,Dick Olsen,108
Linn,105,State House,15,DEM,Write-ins,5
Linn,105,State House,15,DEM,Over Votes,0
Linn,105,State House,15,DEM,Under Votes,61
Linn,106,State House,15,DEM,Dick Olsen,110
Linn,106,State House,15,DEM,Write-ins,1
Linn,106,State House,15,DEM,Over Votes,0
Linn,106,State House,15,DEM,Under Votes,62
Linn,107,State House,15,DEM,Dick Olsen,226
Linn,107,State House,15,DEM,Write-ins,3
Linn,107,State House,15,DEM,Over Votes,0
Linn,107,State House,15,DEM,Under Votes,98
Linn,1,State House,15,REP,Andy Olson,94
Linn,1,State House,15,REP,Write-ins,0
Linn,1,State House,15,REP,Over Votes,0
Linn,1,State House,15,REP,Under Votes,11
Linn,3,State House,15,REP,Andy Olson,70
Linn,3,State House,15,REP,Write-ins,1
Linn,3,State House,15,REP,Over Votes,0
Linn,3,State House,15,REP,Under Votes,11
Linn,5,State House,15,REP,Andy Olson,62
Linn,5,State House,15,REP,Write-ins,0
Linn,5,State House,15,REP,Over Votes,0
Linn,5,State House,15,REP,Under Votes,18
Linn,8,State House,15,REP,Andy Olson,97
Linn,8,State House,15,REP,Write-ins,0
Linn,8,State House,15,REP,Over Votes,0
Linn,8,State House,15,REP,Under Votes,29
Linn,11,State House,15,REP,Andy Olson,67
Linn,11,State House,15,REP,Write-ins,0
Linn,11,State House,15,REP,Over Votes,0
Linn,11,State House,15,REP,Under Votes,11
Linn,14,State House,15,REP,Andy Olson,73
Linn,14,State House,15,REP,Write-ins,0
Linn,14,State House,15,REP,Over Votes,0
Linn,14,State House,15,REP,Under Votes,13
Linn,15,State House,15,REP,Andy Olson,30
Linn,15,State House,15,REP,Write-ins,0
Linn,15,State House,15,REP,Over Votes,0
Linn,15,State House,15,REP,Under Votes,3
Linn,16,State House,15,REP,Andy Olson,81
Linn,16,State House,15,REP,Write-ins,3
Linn,16,State House,15,REP,Over Votes,0
Linn,16,State House,15,REP,Under Votes,20
Linn,18,State House,15,REP,Andy Olson,329
Linn,18,State House,15,REP,Write-ins,3
Linn,18,State House,15,REP,Over Votes,0
Linn,18,State House,15,REP,Under Votes,73
Linn,19,State House,15,REP,Andy Olson,181
Linn,19,State House,15,REP,Write-ins,0
Linn,19,State House,15,REP,Over Votes,0
Linn,19,State House,15,REP,Under Votes,38
Linn,26,State House,15,REP,Andy Olson,58
Linn,26,State House,15,REP,Write-ins,0
Linn,26,State House,15,REP,Over Votes,0
Linn,26,State House,15,REP,Under Votes,4
Linn,34,State House,15,REP,Andy Olson,52
Linn,34,State House,15,REP,Write-ins,0
Linn,34,State House,15,REP,Over Votes,0
Linn,34,State House,15,REP,Under Votes,19
Linn,38,State House,15,REP,Andy Olson,0
Linn,38,State House,15,REP,Write-ins,0
Linn,38,State House,15,REP,Over Votes,0
Linn,38,State House,15,REP,Under Votes,0
Linn,44,State House,15,REP,Andy Olson,162
Linn,44,State House,15,REP,Write-ins,1
Linn,44,State House,15,REP,Over Votes,0
Linn,44,State House,15,REP,Under Votes,60
Linn,48,State House,15,REP,Andy Olson,213
Linn,48,State House,15,REP,Write-ins,1
Linn,48,State House,15,REP,Over Votes,0
Linn,48,State House,15,REP,Under Votes,49
Linn,51,State House,15,REP,Andy Olson,142
Linn,51,State House,15,REP,Write-ins,0
Linn,51,State House,15,REP,Over Votes,0
Linn,51,State House,15,REP,Under Votes,48
Linn,63,State House,15,REP,Andy Olson,354
Linn,63,State House,15,REP,Write-ins,2
Linn,63,State House,15,REP,Over Votes,1
Linn,63,State House,15,REP,Under Votes,80
Linn,84,State House,15,REP,Andy Olson,84
Linn,84,State House,15,REP,Write-ins,0
Linn,84,State House,15,REP,Over Votes,0
Linn,84,State House,15,REP,Under Votes,23
Linn,89,State House,15,REP,Andy Olson,141
Linn,89,State House,15,REP,Write-ins,0
Linn,89,State House,15,REP,Over Votes,0
Linn,89,State House,15,REP,Under Votes,29
Linn,91,State House,15,REP,Andy Olson,101
Linn,91,State House,15,REP,Write-ins,1
Linn,91,State House,15,REP,Over Votes,0
Linn,91,State House,15,REP,Under Votes,34
Linn,92,State House,15,REP,Andy Olson,218
Linn,92,State House,15,REP,Write-ins,1
Linn,92,State House,15,REP,Over Votes,0
Linn,92,State House,15,REP,Under Votes,45
Linn,93,State House,15,REP,Andy Olson,144
Linn,93,State House,15,REP,Write-ins,0
Linn,93,State House,15,REP,Over Votes,0
Linn,93,State House,15,REP,Under Votes,49
Linn,94,State House,15,REP,Andy Olson,95
Linn,94,State House,15,REP,Write-ins,1
Linn,94,State House,15,REP,Over Votes,0
Linn,94,State House,15,REP,Under Votes,26
Linn,95,State House,15,REP,Andy Olson,154
Linn,95,State House,15,REP,Write-ins,1
Linn,95,State House,15,REP,Over Votes,0
Linn,95,State House,15,REP,Under Votes,50
Linn,96,State House,15,REP,Andy Olson,211
Linn,96,State House,15,REP,Write-ins,5
Linn,96,State House,15,REP,Over Votes,0
Linn,96,State House,15,REP,Under Votes,47
Linn,97,State House,15,REP,Andy Olson,268
Linn,97,State House,15,REP,Write-ins,0
Linn,97,State House,15,REP,Over Votes,0
Linn,97,State House,15,REP,Under Votes,78
Linn,100,State House,15,REP,Andy Olson,199
Linn,100,State House,15,REP,Write-ins,2
Linn,100,State House,15,REP,Over Votes,0
Linn,100,State House,15,REP,Under Votes,38
Linn,102,State House,15,REP,Andy Olson,170
Linn,102,State House,15,REP,Write-ins,1
Linn,102,State House,15,REP,Over Votes,0
Linn,102,State House,15,REP,Under Votes,36
Linn,105,State House,15,REP,Andy Olson,64
Linn,105,State House,15,REP,Write-ins,1
Linn,105,State House,15,REP,Over Votes,0
Linn,105,State House,15,REP,Under Votes,18
Linn,106,State House,15,REP,Andy Olson,121
Linn,106,State House,15,REP,Write-ins,0
Linn,106,State House,15,REP,Over Votes,0
Linn,106,State House,15,REP,Under Votes,25
Linn,107,State House,15,REP,Andy Olson,168
Linn,107,State House,15,REP,Write-ins,1
Linn,107,State House,15,REP,Over Votes,0
Linn,107,State House,15,REP,Under Votes,36
Linn,47,State House,16,DEM,Sara A. Gelser,0
Linn,47,State House,16,DEM,Write-ins,0
Linn,47,State House,16,DEM,Over Votes,0
Linn,47,State House,16,DEM,Under Votes,0
Linn,47,State House,16,REP,Rockne Roll,1
Linn,47,State House,16,REP,Write-ins,0
Linn,47,State House,16,REP,Over Votes,0
Linn,47,State House,16,REP,Under Votes,0
Linn,20,State House,17,DEM,Dan Thackaberry,76
Linn,20,State House,17,DEM,Write-ins,3
Linn,20,State House,17,DEM,Over Votes,0
Linn,20,State House,17,DEM,Under Votes,48
Linn,25,State House,17,DEM,Dan Thackaberry,146
Linn,25,State House,17,DEM,Write-ins,0
Linn,25,State House,17,DEM,Over Votes,0
Linn,25,State House,17,DEM,Under Votes,62
Linn,32,State House,17,DEM,Dan Thackaberry,99
Linn,32,State House,17,DEM,Write-ins,1
Linn,32,State House,17,DEM,Over Votes,0
Linn,32,State House,17,DEM,Under Votes,48
Linn,35,State House,17,DEM,Dan Thackaberry,195
Linn,35,State House,17,DEM,Write-ins,3
Linn,35,State House,17,DEM,Over Votes,0
Linn,35,State House,17,DEM,Under Votes,106
Linn,36,State House,17,DEM,Dan Thackaberry,134
Linn,36,State House,17,DEM,Write-ins,9
Linn,36,State House,17,DEM,Over Votes,0
Linn,36,State House,17,DEM,Under Votes,59
Linn,37,State House,17,DEM,Dan Thackaberry,157
Linn,37,State House,17,DEM,Write-ins,3
Linn,37,State House,17,DEM,Over Votes,0
Linn,37,State House,17,DEM,Under Votes,82
Linn,38,State House,17,DEM,Dan Thackaberry,140
Linn,38,State House,17,DEM,Write-ins,4
Linn,38,State House,17,DEM,Over Votes,0
Linn,38,State House,17,DEM,Under Votes,67
Linn,39,State House,17,DEM,Dan Thackaberry,114
Linn,39,State House,17,DEM,Write-ins,5
Linn,39,State House,17,DEM,Over Votes,0
Linn,39,State House,17,DEM,Under Votes,60
Linn,41,State House,17,DEM,Dan Thackaberry,84
Linn,41,State House,17,DEM,Write-ins,3
Linn,41,State House,17,DEM,Over Votes,0
Linn,41,State House,17,DEM,Under Votes,57
Linn,43,State House,17,DEM,Dan Thackaberry,112
Linn,43,State House,17,DEM,Write-ins,0
Linn,43,State House,17,DEM,Over Votes,0
Linn,43,State House,17,DEM,Under Votes,66
Linn,45,State House,17,DEM,Dan Thackaberry,146
Linn,45,State House,17,DEM,Write-ins,1
Linn,45,State House,17,DEM,Over Votes,0
Linn,45,State House,17,DEM,Under Votes,57
Linn,46,State House,17,DEM,Dan Thackaberry,159
Linn,46,State House,17,DEM,Write-ins,3
Linn,46,State House,17,DEM,Over Votes,0
Linn,46,State House,17,DEM,Under Votes,85
Linn,49,State House,17,DEM,Dan Thackaberry,12
Linn,49,State House,17,DEM,Write-ins,0
Linn,49,State House,17,DEM,Over Votes,0
Linn,49,State House,17,DEM,Under Votes,3
Linn,52,State House,17,DEM,Dan Thackaberry,47
Linn,52,State House,17,DEM,Write-ins,2
Linn,52,State House,17,DEM,Over Votes,0
Linn,52,State House,17,DEM,Under Votes,28
Linn,53,State House,17,DEM,Dan Thackaberry,111
Linn,53,State House,17,DEM,Write-ins,2
Linn,53,State House,17,DEM,Over Votes,0
Linn,53,State House,17,DEM,Under Votes,50
Linn,55,State House,17,DEM,Dan Thackaberry,79
Linn,55,State House,17,DEM,Write-ins,0
Linn,55,State House,17,DEM,Over Votes,0
Linn,55,State House,17,DEM,Under Votes,61
Linn,56,State House,17,DEM,Dan Thackaberry,115
Linn,56,State House,17,DEM,Write-ins,3
Linn,56,State House,17,DEM,Over Votes,0
Linn,56,State House,17,DEM,Under Votes,60
Linn,59,State House,17,DEM,Dan Thackaberry,85
Linn,59,State House,17,DEM,Write-ins,0
Linn,59,State House,17,DEM,Over Votes,1
Linn,59,State House,17,DEM,Under Votes,50
Linn,61,State House,17,DEM,Dan Thackaberry,61
Linn,61,State House,17,DEM,Write-ins,3
Linn,61,State House,17,DEM,Over Votes,0
Linn,61,State House,17,DEM,Under Votes,36
Linn,62,State House,17,DEM,Dan Thackaberry,133
Linn,62,State House,17,DEM,Write-ins,2
Linn,62,State House,17,DEM,Over Votes,1
Linn,62,State House,17,DEM,Under Votes,62
Linn,66,State House,17,DEM,Dan Thackaberry,45
Linn,66,State House,17,DEM,Write-ins,2
Linn,66,State House,17,DEM,Over Votes,0
Linn,66,State House,17,DEM,Under Votes,15
Linn,78,State House,17,DEM,Dan Thackaberry,140
Linn,78,State House,17,DEM,Write-ins,1
Linn,78,State House,17,DEM,Over Votes,0
Linn,78,State House,17,DEM,Under Votes,55
Linn,79,State House,17,DEM,Dan Thackaberry,205
Linn,79,State House,17,DEM,Write-ins,5
Linn,79,State House,17,DEM,Over Votes,0
Linn,79,State House,17,DEM,Under Votes,107
Linn,80,State House,17,DEM,Dan Thackaberry,184
Linn,80,State House,17,DEM,Write-ins,1
Linn,80,State House,17,DEM,Over Votes,0
Linn,80,State House,17,DEM,Under Votes,59
Linn,82,State House,17,DEM,Dan Thackaberry,64
Linn,82,State House,17,DEM,Write-ins,5
Linn,82,State House,17,DEM,Over Votes,0
Linn,82,State House,17,DEM,Under Votes,36
Linn,86,State House,17,DEM,Dan Thackaberry,161
Linn,86,State House,17,DEM,Write-ins,4
Linn,86,State House,17,DEM,Over Votes,0
Linn,86,State House,17,DEM,Under Votes,104
Linn,88,State House,17,DEM,Dan Thackaberry,148
Linn,88,State House,17,DEM,Write-ins,8
Linn,88,State House,17,DEM,Over Votes,1
Linn,88,State House,17,DEM,Under Votes,73
Linn,101,State House,17,DEM,Dan Thackaberry,78
Linn,101,State House,17,DEM,Write-ins,0
Linn,101,State House,17,DEM,Over Votes,0
Linn,101,State House,17,DEM,Under Votes,49
Linn,103,State House,17,DEM,Dan Thackaberry,145
Linn,103,State House,17,DEM,Write-ins,2
Linn,103,State House,17,DEM,Over Votes,0
Linn,103,State House,17,DEM,Under Votes,101
Linn,104,State House,17,DEM,Dan Thackaberry,107
Linn,104,State House,17,DEM,Write-ins,0
Linn,104,State House,17,DEM,Over Votes,0
Linn,104,State House,17,DEM,Under Votes,54
Linn,108,State House,17,DEM,Dan Thackaberry,287
Linn,108,State House,17,DEM,Write-ins,6
Linn,108,State House,17,DEM,Over Votes,0
Linn,108,State House,17,DEM,Under Votes,130
Linn,20,State House,17,REP,Sherrie Sprenger,53
Linn,20,State House,17,REP,Bruce Cuff,21
Linn,20,State House,17,REP,Marc Lucca,6
Linn,20,State House,17,REP,Cliff Wooten,19
Linn,20,State House,17,REP,Write-ins,0
Linn,20,State House,17,REP,Over Votes,0
Linn,20,State House,17,REP,Under Votes,15
Linn,25,State House,17,REP,Sherrie Sprenger,63
Linn,25,State House,17,REP,Bruce Cuff,31
Linn,25,State House,17,REP,Marc Lucca,16
Linn,25,State House,17,REP,Cliff Wooten,16
Linn,25,State House,17,REP,Write-ins,2
Linn,25,State House,17,REP,Over Votes,0
Linn,25,State House,17,REP,Under Votes,18
Linn,32,State House,17,REP,Sherrie Sprenger,68
Linn,32,State House,17,REP,Bruce Cuff,30
Linn,32,State House,17,REP,Marc Lucca,19
Linn,32,State House,17,REP,Cliff Wooten,40
Linn,32,State House,17,REP,Write-ins,0
Linn,32,State House,17,REP,Over Votes,0
Linn,32,State House,17,REP,Under Votes,11
Linn,35,State House,17,REP,Sherrie Sprenger,144
Linn,35,State House,17,REP,Bruce Cuff,29
Linn,35,State House,17,REP,Marc Lucca,17
Linn,35,State House,17,REP,Cliff Wooten,58
Linn,35,State House,17,REP,Write-ins,0
Linn,35,State House,17,REP,Over Votes,0
Linn,35,State House,17,REP,Under Votes,23
Linn,36,State House,17,REP,Sherrie Sprenger,83
Linn,36,State House,17,REP,Bruce Cuff,12
Linn,36,State House,17,REP,Marc Lucca,26
Linn,36,State House,17,REP,Cliff Wooten,15
Linn,36,State House,17,REP,Write-ins,0
Linn,36,State House,17,REP,Over Votes,0
Linn,36,State House,17,REP,Under Votes,8
Linn,37,State House,17,REP,Sherrie Sprenger,84
Linn,37,State House,17,REP,Bruce Cuff,18
Linn,37,State House,17,REP,Marc Lucca,19
Linn,37,State House,17,REP,Cliff Wooten,33
Linn,37,State House,17,REP,Write-ins,0
Linn,37,State House,17,REP,Over Votes,0
Linn,37,State House,17,REP,Under Votes,22
Linn,38,State House,17,REP,Sherrie Sprenger,51
Linn,38,State House,17,REP,Bruce Cuff,15
Linn,38,State House,17,REP,Marc Lucca,33
Linn,38,State House,17,REP,Cliff Wooten,28
Linn,38,State House,17,REP,Write-ins,0
Linn,38,State House,17,REP,Over Votes,0
Linn,38,State House,17,REP,Under Votes,14
Linn,39,State House,17,REP,Sherrie Sprenger,52
Linn,39,State House,17,REP,Bruce Cuff,6
Linn,39,State House,17,REP,Marc Lucca,26
Linn,39,State House,17,REP,Cliff Wooten,28
Linn,39,State House,17,REP,Write-ins,1
Linn,39,State House,17,REP,Over Votes,1
Linn,39,State House,17,REP,Under Votes,12
Linn,41,State House,17,REP,Sherrie Sprenger,42
Linn,41,State House,17,REP,Bruce Cuff,18
Linn,41,State House,17,REP,Marc Lucca,17
Linn,41,State House,17,REP,Cliff Wooten,22
Linn,41,State House,17,REP,Write-ins,0
Linn,41,State House,17,REP,Over Votes,0
Linn,41,State House,17,REP,Under Votes,6
Linn,43,State House,17,REP,Sherrie Sprenger,57
Linn,43,State House,17,REP,Bruce Cuff,33
Linn,43,State House,17,REP,Marc Lucca,8
Linn,43,State House,17,REP,Cliff Wooten,12
Linn,43,State House,17,REP,Write-ins,0
Linn,43,State House,17,REP,Over Votes,0
Linn,43,State House,17,REP,Under Votes,13
Linn,45,State House,17,REP,Sherrie Sprenger,85
Linn,45,State House,17,REP,Bruce Cuff,32
Linn,45,State House,17,REP,Marc Lucca,16
Linn,45,State House,17,REP,Cliff Wooten,45
Linn,45,State House,17,REP,Write-ins,0
Linn,45,State House,17,REP,Over Votes,0
Linn,45,State House,17,REP,Under Votes,15
Linn,46,State House,17,REP,Sherrie Sprenger,92
Linn,46,State House,17,REP,Bruce Cuff,36
Linn,46,State House,17,REP,Marc Lucca,30
Linn,46,State House,17,REP,Cliff Wooten,24
Linn,46,State House,17,REP,Write-ins,0
Linn,46,State House,17,REP,Over Votes,0
Linn,46,State House,17,REP,Under Votes,18
Linn,49,State House,17,REP,Sherrie Sprenger,6
Linn,49,State House,17,REP,Bruce Cuff,4
Linn,49,State House,17,REP,Marc Lucca,2
Linn,49,State House,17,REP,Cliff Wooten,0
Linn,49,State House,17,REP,Write-ins,0
Linn,49,State House,17,REP,Over Votes,0
Linn,49,State House,17,REP,Under Votes,0
Linn,52,State House,17,REP,Sherrie Sprenger,21
Linn,52,State House,17,REP,Bruce Cuff,9
Linn,52,State House,17,REP,Marc Lucca,5
Linn,52,State House,17,REP,Cliff Wooten,30
Linn,52,State House,17,REP,Write-ins,0
Linn,52,State House,17,REP,Over Votes,0
Linn,52,State House,17,REP,Under Votes,7
Linn,53,State House,17,REP,Sherrie Sprenger,80
Linn,53,State House,17,REP,Bruce Cuff,36
Linn,53,State House,17,REP,Marc Lucca,26
Linn,53,State House,17,REP,Cliff Wooten,68
Linn,53,State House,17,REP,Write-ins,0
Linn,53,State House,17,REP,Over Votes,0
Linn,53,State House,17,REP,Under Votes,6
Linn,55,State House,17,REP,Sherrie Sprenger,53
Linn,55,State House,17,REP,Bruce Cuff,19
Linn,55,State House,17,REP,Marc Lucca,10
Linn,55,State House,17,REP,Cliff Wooten,34
Linn,55,State House,17,REP,Write-ins,0
Linn,55,State House,17,REP,Over Votes,0
Linn,55,State House,17,REP,Under Votes,20
Linn,56,State House,17,REP,Sherrie Sprenger,58
Linn,56,State House,17,REP,Bruce Cuff,30
Linn,56,State House,17,REP,Marc Lucca,27
Linn,56,State House,17,REP,Cliff Wooten,22
Linn,56,State House,17,REP,Write-ins,0
Linn,56,State House,17,REP,Over Votes,0
Linn,56,State House,17,REP,Under Votes,21
Linn,59,State House,17,REP,Sherrie Sprenger,37
Linn,59,State House,17,REP,Bruce Cuff,18
Linn,59,State House,17,REP,Marc Lucca,10
Linn,59,State House,17,REP,Cliff Wooten,14
Linn,59,State House,17,REP,Write-ins,0
Linn,59,State House,17,REP,Over Votes,0
Linn,59,State House,17,REP,Under Votes,12
Linn,61,State House,17,REP,Sherrie Sprenger,53
Linn,61,State House,17,REP,Bruce Cuff,6
Linn,61,State House,17,REP,Marc Lucca,8
Linn,61,State House,17,REP,Cliff Wooten,7
Linn,61,State House,17,REP,Write-ins,0
Linn,61,State House,17,REP,Over Votes,0
Linn,61,State House,17,REP,Under Votes,9
Linn,62,State House,17,REP,Sherrie Sprenger,65
Linn,62,State House,17,REP,Bruce Cuff,19
Linn,62,State House,17,REP,Marc Lucca,16
Linn,62,State House,17,REP,Cliff Wooten,17
Linn,62,State House,17,REP,Write-ins,0
Linn,62,State House,17,REP,Over Votes,0
Linn,62,State House,17,REP,Under Votes,16
Linn,66,State House,17,REP,Sherrie Sprenger,32
Linn,66,State House,17,REP,Bruce Cuff,4
Linn,66,State House,17,REP,Marc Lucca,5
Linn,66,State House,17,REP,Cliff Wooten,13
Linn,66,State House,17,REP,Write-ins,0
Linn,66,State House,17,REP,Over Votes,0
Linn,66,State House,17,REP,Under Votes,6
Linn,78,State House,17,REP,Sherrie Sprenger,73
Linn,78,State House,17,REP,Bruce Cuff,11
Linn,78,State House,17,REP,Marc Lucca,16
Linn,78,State House,17,REP,Cliff Wooten,32
Linn,78,State House,17,REP,Write-ins,0
Linn,78,State House,17,REP,Over Votes,0
Linn,78,State House,17,REP,Under Votes,17
Linn,79,State House,17,REP,Sherrie Sprenger,99
Linn,79,State House,17,REP,Bruce Cuff,28
Linn,79,State House,17,REP,Marc Lucca,19
Linn,79,State House,17,REP,Cliff Wooten,38
Linn,79,State House,17,REP,Write-ins,1
Linn,79,State House,17,REP,Over Votes,0
Linn,79,State House,17,REP,Under Votes,21
Linn,80,State House,17,REP,Sherrie Sprenger,72
Linn,80,State House,17,REP,Bruce Cuff,39
Linn,80,State House,17,REP,Marc Lucca,17
Linn,80,State House,17,REP,Cliff Wooten,36
Linn,80,State House,17,REP,Write-ins,0
Linn,80,State House,17,REP,Over Votes,1
Linn,80,State House,17,REP,Under Votes,17
Linn,82,State House,17,REP,Sherrie Sprenger,28
Linn,82,State House,17,REP,Bruce Cuff,22
Linn,82,State House,17,REP,Marc Lucca,4
Linn,82,State House,17,REP,Cliff Wooten,9
Linn,82,State House,17,REP,Write-ins,0
Linn,82,State House,17,REP,Over Votes,0
Linn,82,State House,17,REP,Under Votes,6
Linn,86,State House,17,REP,Sherrie Sprenger,131
Linn,86,State House,17,REP,Bruce Cuff,36
Linn,86,State House,17,REP,Marc Lucca,21
Linn,86,State House,17,REP,Cliff Wooten,67
Linn,86,State House,17,REP,Write-ins,0
Linn,86,State House,17,REP,Over Votes,0
Linn,86,State House,17,REP,Under Votes,18
Linn,88,State House,17,REP,Sherrie Sprenger,73
Linn,88,State House,17,REP,Bruce Cuff,20
Linn,88,State House,17,REP,Marc Lucca,16
Linn,88,State House,17,REP,Cliff Wooten,22
Linn,88,State House,17,REP,Write-ins,0
Linn,88,State House,17,REP,Over Votes,0
Linn,88,State House,17,REP,Under Votes,14
Linn,101,State House,17,REP,Sherrie Sprenger,48
Linn,101,State House,17,REP,Bruce Cuff,43
Linn,101,State House,17,REP,Marc Lucca,5
Linn,101,State House,17,REP,Cliff Wooten,9
Linn,101,State House,17,REP,Write-ins,0
Linn,101,State House,17,REP,Over Votes,1
Linn,101,State House,17,REP,Under Votes,13
Linn,103,State House,17,REP,Sherrie Sprenger,77
Linn,103,State House,17,REP,Bruce Cuff,69
Linn,103,State House,17,REP,Marc Lucca,23
Linn,103,State House,17,REP,Cliff Wooten,35
Linn,103,State House,17,REP,Write-ins,0
Linn,103,State House,17,REP,Over Votes,0
Linn,103,State House,17,REP,Under Votes,32
Linn,104,State House,17,REP,Sherrie Sprenger,69
Linn,104,State House,17,REP,Bruce Cuff,12
Linn,104,State House,17,REP,Marc Lucca,6
Linn,104,State House,17,REP,Cliff Wooten,27
Linn,104,State House,17,REP,Write-ins,0
Linn,104,State House,17,REP,Over Votes,1
Linn,104,State House,17,REP,Under Votes,19
Linn,108,State House,17,REP,Sherrie Sprenger,173
Linn,108,State House,17,REP,Bruce Cuff,24
Linn,108,State House,17,REP,Marc Lucca,29
Linn,108,State House,17,REP,Cliff Wooten,39
Linn,108,State House,17,REP,Write-ins,1
Linn,108,State House,17,REP,Over Votes,0
Linn,108,State House,17,REP,Under Votes,26
Linn,28,State House,23,DEM,Jason Brown,55
Linn,28,State House,23,DEM,Wesley West,27
Linn,28,State House,23,DEM,Write-ins,0
Linn,28,State House,23,DEM,Over Votes,0
Linn,28,State House,23,DEM,Under Votes,36
Linn,29,State House,23,DEM,Jason Brown,164
Linn,29,State House,23,DEM,Wesley West,71
Linn,29,State House,23,DEM,Write-ins,4
Linn,29,State House,23,DEM,Over Votes,0
Linn,29,State House,23,DEM,Under Votes,123
Linn,30,State House,23,DEM,Jason Brown,12
Linn,30,State House,23,DEM,Wesley West,7
Linn,30,State House,23,DEM,Write-ins,0
Linn,30,State House,23,DEM,Over Votes,0
Linn,30,State House,23,DEM,Under Votes,19
Linn,47,State House,23,DEM,Jason Brown,48
Linn,47,State House,23,DEM,Wesley West,16
Linn,47,State House,23,DEM,Write-ins,0
Linn,47,State House,23,DEM,Over Votes,0
Linn,47,State House,23,DEM,Under Votes,38
Linn,54,State House,23,DEM,Jason Brown,43
Linn,54,State House,23,DEM,Wesley West,21
Linn,54,State House,23,DEM,Write-ins,2
Linn,54,State House,23,DEM,Over Votes,1
Linn,54,State House,23,DEM,Under Votes,36
Linn,65,State House,23,DEM,Jason Brown,3
Linn,65,State House,23,DEM,Wesley West,6
Linn,65,State House,23,DEM,Write-ins,0
Linn,65,State House,23,DEM,Over Votes,0
Linn,65,State House,23,DEM,Under Votes,4
Linn,28,State House,23,REP,Jim Thompson,62
Linn,28,State House,23,REP,Craig Pope,54
Linn,28,State House,23,REP,Write-ins,2
Linn,28,State House,23,REP,Over Votes,0
Linn,28,State House,23,REP,Under Votes,28
Linn,29,State House,23,REP,Jim Thompson,193
Linn,29,State House,23,REP,Craig Pope,81
Linn,29,State House,23,REP,Write-ins,0
Linn,29,State House,23,REP,Over Votes,0
Linn,29,State House,23,REP,Under Votes,66
Linn,30,State House,23,REP,Jim Thompson,28
Linn,30,State House,23,REP,Craig Pope,24
Linn,30,State House,23,REP,Write-ins,0
Linn,30,State House,23,REP,Over Votes,0
Linn,30,State House,23,REP,Under Votes,9
Linn,47,State House,23,REP,Jim Thompson,19
Linn,47,State House,23,REP,Craig Pope,29
Linn,47,State House,23,REP,Write-ins,0
Linn,47,State House,23,REP,Over Votes,0
Linn,47,State House,23,REP,Under Votes,10
Linn,54,State House,23,REP,Jim Thompson,32
Linn,54,State House,23,REP,Craig Pope,54
Linn,54,State House,23,REP,Write-ins,0
Linn,54,State House,23,REP,Over Votes,1
Linn,54,State House,23,REP,Under Votes,10
Linn,65,State House,23,REP,Jim Thompson,9
Linn,65,State House,23,REP,Craig Pope,4
Linn,65,State House,23,REP,Write-ins,0
Linn,65,State House,23,REP,Over Votes,0
Linn,65,State House,23,REP,Under Votes,1
Linn,28,State Senate,12,DEM,Kevin C. Nortness,72
Linn,28,State Senate,12,DEM,Write-ins,0
Linn,28,State Senate,12,DEM,Over Votes,0
Linn,28,State Senate,12,DEM,Under Votes,46
Linn,29,State Senate,12,DEM,Kevin C. Nortness,219
Linn,29,State Senate,12,DEM,Write-ins,5
Linn,29,State Senate,12,DEM,Over Votes,0
Linn,29,State Senate,12,DEM,Under Votes,138
Linn,30,State Senate,12,DEM,Kevin C. Nortness,19
Linn,30,State Senate,12,DEM,Write-ins,2
Linn,30,State Senate,12,DEM,Over Votes,0
Linn,30,State Senate,12,DEM,Under Votes,17
Linn,47,State Senate,12,DEM,Kevin C. Nortness,46
Linn,47,State Senate,12,DEM,Write-ins,0
Linn,47,State Senate,12,DEM,Over Votes,0
Linn,47,State Senate,12,DEM,Under Votes,56
Linn,54,State Senate,12,DEM,Kevin C. Nortness,55
Linn,54,State Senate,12,DEM,Write-ins,2
Linn,54,State Senate,12,DEM,Over Votes,0
Linn,54,State Senate,12,DEM,Under Votes,46
Linn,65,State Senate,12,DEM,Kevin C. Nortness,8
Linn,65,State Senate,12,DEM,Write-ins,0
Linn,65,State Senate,12,DEM,Over Votes,0
Linn,65,State Senate,12,DEM,Under Votes,5
Linn,28,State Senate,12,REP,Brian J. Boquist,108
Linn,28,State Senate,12,REP,Write-ins,0
Linn,28,State Senate,12,REP,Over Votes,0
Linn,28,State Senate,12,REP,Under Votes,38
Linn,29,State Senate,12,REP,Brian J. Boquist,228
Linn,29,State Senate,12,REP,Write-ins,0
Linn,29,State Senate,12,REP,Over Votes,0
Linn,29,State Senate,12,REP,Under Votes,112
Linn,30,State Senate,12,REP,Brian J. Boquist,47
Linn,30,State Senate,12,REP,Write-ins,0
Linn,30,State Senate,12,REP,Over Votes,0
Linn,30,State Senate,12,REP,Under Votes,14
Linn,47,State Senate,12,REP,Brian J. Boquist,36
Linn,47,State Senate,12,REP,Write-ins,0
Linn,47,State Senate,12,REP,Over Votes,0
Linn,47,State Senate,12,REP,Under Votes,22
Linn,54,State Senate,12,REP,Brian J. Boquist,64
Linn,54,State Senate,12,REP,Write-ins,0
Linn,54,State Senate,12,REP,Over Votes,0
Linn,54,State Senate,12,REP,Under Votes,33
Linn,65,State Senate,12,REP,Brian J. Boquist,13
Linn,65,State Senate,12,REP,Write-ins,0
Linn,65,State Senate,12,REP,Over Votes,0
Linn,65,State Senate,12,REP,Under Votes,1
Linn,20,State Senate,9,DEM,Steven H. Frank,27
Linn,20,State Senate,9,DEM,Bob McDonald,48
Linn,20,State Senate,9,DEM,Write-ins,0
Linn,20,State Senate,9,DEM,Over Votes,0
Linn,20,State Senate,9,DEM,Under Votes,52
Linn,25,State Senate,9,DEM,Steven H. Frank,61
Linn,25,State Senate,9,DEM,Bob McDonald,87
Linn,25,State Senate,9,DEM,Write-ins,0
Linn,25,State Senate,9,DEM,Over Votes,0
Linn,25,State Senate,9,DEM,Under Votes,60
Linn,32,State Senate,9,DEM,Steven H. Frank,43
Linn,32,State Senate,9,DEM,Bob McDonald,56
Linn,32,State Senate,9,DEM,Write-ins,1
Linn,32,State Senate,9,DEM,Over Votes,0
Linn,32,State Senate,9,DEM,Under Votes,48
Linn,35,State Senate,9,DEM,Steven H. Frank,74
Linn,35,State Senate,9,DEM,Bob McDonald,128
Linn,35,State Senate,9,DEM,Write-ins,2
Linn,35,State Senate,9,DEM,Over Votes,0
Linn,35,State Senate,9,DEM,Under Votes,100
Linn,36,State Senate,9,DEM,Steven H. Frank,62
Linn,36,State Senate,9,DEM,Bob McDonald,79
Linn,36,State Senate,9,DEM,Write-ins,0
Linn,36,State Senate,9,DEM,Over Votes,0
Linn,36,State Senate,9,DEM,Under Votes,61
Linn,37,State Senate,9,DEM,Steven H. Frank,65
Linn,37,State Senate,9,DEM,Bob McDonald,99
Linn,37,State Senate,9,DEM,Write-ins,0
Linn,37,State Senate,9,DEM,Over Votes,0
Linn,37,State Senate,9,DEM,Under Votes,78
Linn,38,State Senate,9,DEM,Steven H. Frank,75
Linn,38,State Senate,9,DEM,Bob McDonald,76
Linn,38,State Senate,9,DEM,Write-ins,1
Linn,38,State Senate,9,DEM,Over Votes,0
Linn,38,State Senate,9,DEM,Under Votes,59
Linn,39,State Senate,9,DEM,Steven H. Frank,51
Linn,39,State Senate,9,DEM,Bob McDonald,62
Linn,39,State Senate,9,DEM,Write-ins,0
Linn,39,State Senate,9,DEM,Over Votes,0
Linn,39,State Senate,9,DEM,Under Votes,66
Linn,41,State Senate,9,DEM,Steven H. Frank,33
Linn,41,State Senate,9,DEM,Bob McDonald,59
Linn,41,State Senate,9,DEM,Write-ins,0
Linn,41,State Senate,9,DEM,Over Votes,0
Linn,41,State Senate,9,DEM,Under Votes,52
Linn,43,State Senate,9,DEM,Steven H. Frank,62
Linn,43,State Senate,9,DEM,Bob McDonald,58
Linn,43,State Senate,9,DEM,Write-ins,0
Linn,43,State Senate,9,DEM,Over Votes,0
Linn,43,State Senate,9,DEM,Under Votes,58
Linn,45,State Senate,9,DEM,Steven H. Frank,45
Linn,45,State Senate,9,DEM,Bob McDonald,96
Linn,45,State Senate,9,DEM,Write-ins,1
Linn,45,State Senate,9,DEM,Over Votes,0
Linn,45,State Senate,9,DEM,Under Votes,62
Linn,46,State Senate,9,DEM,Steven H. Frank,68
Linn,46,State Senate,9,DEM,Bob McDonald,93
Linn,46,State Senate,9,DEM,Write-ins,1
Linn,46,State Senate,9,DEM,Over Votes,0
Linn,46,State Senate,9,DEM,Under Votes,85
Linn,49,State Senate,9,DEM,Steven H. Frank,7
Linn,49,State Senate,9,DEM,Bob McDonald,6
Linn,49,State Senate,9,DEM,Write-ins,0
Linn,49,State Senate,9,DEM,Over Votes,0
Linn,49,State Senate,9,DEM,Under Votes,2
Linn,52,State Senate,9,DEM,Steven H. Frank,28
Linn,52,State Senate,9,DEM,Bob McDonald,22
Linn,52,State Senate,9,DEM,Write-ins,2
Linn,52,State Senate,9,DEM,Over Votes,0
Linn,52,State Senate,9,DEM,Under Votes,25
Linn,53,State Senate,9,DEM,Steven H. Frank,41
Linn,53,State Senate,9,DEM,Bob McDonald,65
Linn,53,State Senate,9,DEM,Write-ins,2
Linn,53,State Senate,9,DEM,Over Votes,0
Linn,53,State Senate,9,DEM,Under Votes,55
Linn,55,State Senate,9,DEM,Steven H. Frank,36
Linn,55,State Senate,9,DEM,Bob McDonald,57
Linn,55,State Senate,9,DEM,Write-ins,0
Linn,55,State Senate,9,DEM,Over Votes,0
Linn,55,State Senate,9,DEM,Under Votes,47
Linn,56,State Senate,9,DEM,Steven H. Frank,51
Linn,56,State Senate,9,DEM,Bob McDonald,84
Linn,56,State Senate,9,DEM,Write-ins,0
Linn,56,State Senate,9,DEM,Over Votes,1
Linn,56,State Senate,9,DEM,Under Votes,42
Linn,59,State Senate,9,DEM,Steven H. Frank,31
Linn,59,State Senate,9,DEM,Bob McDonald,53
Linn,59,State Senate,9,DEM,Write-ins,0
Linn,59,State Senate,9,DEM,Over Votes,0
Linn,59,State Senate,9,DEM,Under Votes,52
Linn,61,State Senate,9,DEM,Steven H. Frank,17
Linn,61,State Senate,9,DEM,Bob McDonald,48
Linn,61,State Senate,9,DEM,Write-ins,0
Linn,61,State Senate,9,DEM,Over Votes,0
Linn,61,State Senate,9,DEM,Under Votes,35
Linn,62,State Senate,9,DEM,Steven H. Frank,63
Linn,62,State Senate,9,DEM,Bob McDonald,71
Linn,62,State Senate,9,DEM,Write-ins,1
Linn,62,State Senate,9,DEM,Over Votes,0
Linn,62,State Senate,9,DEM,Under Votes,63
Linn,66,State Senate,9,DEM,Steven H. Frank,14
Linn,66,State Senate,9,DEM,Bob McDonald,25
Linn,66,State Senate,9,DEM,Write-ins,0
Linn,66,State Senate,9,DEM,Over Votes,0
Linn,66,State Senate,9,DEM,Under Votes,23
Linn,78,State Senate,9,DEM,Steven H. Frank,63
Linn,78,State Senate,9,DEM,Bob McDonald,78
Linn,78,State Senate,9,DEM,Write-ins,0
Linn,78,State Senate,9,DEM,Over Votes,0
Linn,78,State Senate,9,DEM,Under Votes,55
Linn,79,State Senate,9,DEM,Steven H. Frank,98
Linn,79,State Senate,9,DEM,Bob McDonald,114
Linn,79,State Senate,9,DEM,Write-ins,1
Linn,79,State Senate,9,DEM,Over Votes,0
Linn,79,State Senate,9,DEM,Under Votes,104
Linn,80,State Senate,9,DEM,Steven H. Frank,79
Linn,80,State Senate,9,DEM,Bob McDonald,99
Linn,80,State Senate,9,DEM,Write-ins,0
Linn,80,State Senate,9,DEM,Over Votes,0
Linn,80,State Senate,9,DEM,Under Votes,66
Linn,82,State Senate,9,DEM,Steven H. Frank,26
Linn,82,State Senate,9,DEM,Bob McDonald,30
Linn,82,State Senate,9,DEM,Write-ins,4
Linn,82,State Senate,9,DEM,Over Votes,0
Linn,82,State Senate,9,DEM,Under Votes,45
Linn,86,State Senate,9,DEM,Steven H. Frank,70
Linn,86,State Senate,9,DEM,Bob McDonald,101
Linn,86,State Senate,9,DEM,Write-ins,0
Linn,86,State Senate,9,DEM,Over Votes,0
Linn,86,State Senate,9,DEM,Under Votes,98
Linn,88,State Senate,9,DEM,Steven H. Frank,73
Linn,88,State Senate,9,DEM,Bob McDonald,73
Linn,88,State Senate,9,DEM,Write-ins,2
Linn,88,State Senate,9,DEM,Over Votes,0
Linn,88,State Senate,9,DEM,Under Votes,82
Linn,101,State Senate,9,DEM,Steven H. Frank,40
Linn,101,State Senate,9,DEM,Bob McDonald,50
Linn,101,State Senate,9,DEM,Write-ins,0
Linn,101,State Senate,9,DEM,Over Votes,0
Linn,101,State Senate,9,DEM,Under Votes,37
Linn,103,State Senate,9,DEM,Steven H. Frank,83
Linn,103,State Senate,9,DEM,Bob McDonald,79
Linn,103,State Senate,9,DEM,Write-ins,1
Linn,103,State Senate,9,DEM,Over Votes,0
Linn,103,State Senate,9,DEM,Under Votes,85
Linn,104,State Senate,9,DEM,Steven H. Frank,36
Linn,104,State Senate,9,DEM,Bob McDonald,67
Linn,104,State Senate,9,DEM,Write-ins,0
Linn,104,State Senate,9,DEM,Over Votes,0
Linn,104,State Senate,9,DEM,Under Votes,58
Linn,108,State Senate,9,DEM,Steven H. Frank,108
Linn,108,State Senate,9,DEM,Bob McDonald,164
Linn,108,State Senate,9,DEM,Write-ins,1
Linn,108,State Senate,9,DEM,Over Votes,0
Linn,108,State Senate,9,DEM,Under Votes,150
Linn,20,State Senate,9,REP,Herman Joseph Baurer,3
Linn,20,State Senate,9,REP,Sarah Arcune,10
Linn,20,State Senate,9,REP,Fred Girod,68
Linn,20,State Senate,9,REP,Write-ins,0
Linn,20,State Senate,9,REP,Over Votes,0
Linn,20,State Senate,9,REP,Under Votes,33
Linn,25,State Senate,9,REP,Herman Joseph Baurer,4
Linn,25,State Senate,9,REP,Sarah Arcune,13
Linn,25,State Senate,9,REP,Fred Girod,102
Linn,25,State Senate,9,REP,Write-ins,2
Linn,25,State Senate,9,REP,Over Votes,0
Linn,25,State Senate,9,REP,Under Votes,25
Linn,32,State Senate,9,REP,Herman Joseph Baurer,4
Linn,32,State Senate,9,REP,Sarah Arcune,9
Linn,32,State Senate,9,REP,Fred Girod,130
Linn,32,State Senate,9,REP,Write-ins,1
Linn,32,State Senate,9,REP,Over Votes,0
Linn,32,State Senate,9,REP,Under Votes,24
Linn,35,State Senate,9,REP,Herman Joseph Baurer,16
Linn,35,State Senate,9,REP,Sarah Arcune,25
Linn,35,State Senate,9,REP,Fred Girod,173
Linn,35,State Senate,9,REP,Write-ins,0
Linn,35,State Senate,9,REP,Over Votes,0
Linn,35,State Senate,9,REP,Under Votes,57
Linn,36,State Senate,9,REP,Herman Joseph Baurer,10
Linn,36,State Senate,9,REP,Sarah Arcune,15
Linn,36,State Senate,9,REP,Fred Girod,99
Linn,36,State Senate,9,REP,Write-ins,0
Linn,36,State Senate,9,REP,Over Votes,0
Linn,36,State Senate,9,REP,Under Votes,20
Linn,37,State Senate,9,REP,Herman Joseph Baurer,14
Linn,37,State Senate,9,REP,Sarah Arcune,12
Linn,37,State Senate,9,REP,Fred Girod,112
Linn,37,State Senate,9,REP,Write-ins,0
Linn,37,State Senate,9,REP,Over Votes,0
Linn,37,State Senate,9,REP,Under Votes,38
Linn,38,State Senate,9,REP,Herman Joseph Baurer,6
Linn,38,State Senate,9,REP,Sarah Arcune,18
Linn,38,State Senate,9,REP,Fred Girod,85
Linn,38,State Senate,9,REP,Write-ins,0
Linn,38,State Senate,9,REP,Over Votes,0
Linn,38,State Senate,9,REP,Under Votes,32
Linn,39,State Senate,9,REP,Herman Joseph Baurer,9
Linn,39,State Senate,9,REP,Sarah Arcune,10
Linn,39,State Senate,9,REP,Fred Girod,91
Linn,39,State Senate,9,REP,Write-ins,2
Linn,39,State Senate,9,REP,Over Votes,0
Linn,39,State Senate,9,REP,Under Votes,14
Linn,41,State Senate,9,REP,Herman Joseph Baurer,5
Linn,41,State Senate,9,REP,Sarah Arcune,3
Linn,41,State Senate,9,REP,Fred Girod,74
Linn,41,State Senate,9,REP,Write-ins,1
Linn,41,State Senate,9,REP,Over Votes,0
Linn,41,State Senate,9,REP,Under Votes,22
Linn,43,State Senate,9,REP,Herman Joseph Baurer,5
Linn,43,State Senate,9,REP,Sarah Arcune,6
Linn,43,State Senate,9,REP,Fred Girod,92
Linn,43,State Senate,9,REP,Write-ins,0
Linn,43,State Senate,9,REP,Over Votes,0
Linn,43,State Senate,9,REP,Under Votes,20
Linn,45,State Senate,9,REP,Herman Joseph Baurer,8
Linn,45,State Senate,9,REP,Sarah Arcune,12
Linn,45,State Senate,9,REP,Fred Girod,145
Linn,45,State Senate,9,REP,Write-ins,0
Linn,45,State Senate,9,REP,Over Votes,0
Linn,45,State Senate,9,REP,Under Votes,28
Linn,46,State Senate,9,REP,Herman Joseph Baurer,14
Linn,46,State Senate,9,REP,Sarah Arcune,17
Linn,46,State Senate,9,REP,Fred Girod,144
Linn,46,State Senate,9,REP,Write-ins,0
Linn,46,State Senate,9,REP,Over Votes,0
Linn,46,State Senate,9,REP,Under Votes,25
Linn,49,State Senate,9,REP,Herman Joseph Baurer,1
Linn,49,State Senate,9,REP,Sarah Arcune,0
Linn,49,State Senate,9,REP,Fred Girod,9
Linn,49,State Senate,9,REP,Write-ins,0
Linn,49,State Senate,9,REP,Over Votes,0
Linn,49,State Senate,9,REP,Under Votes,2
Linn,52,State Senate,9,REP,Herman Joseph Baurer,6
Linn,52,State Senate,9,REP,Sarah Arcune,8
Linn,52,State Senate,9,REP,Fred Girod,45
Linn,52,State Senate,9,REP,Write-ins,0
Linn,52,State Senate,9,REP,Over Votes,0
Linn,52,State Senate,9,REP,Under Votes,13
Linn,53,State Senate,9,REP,Herman Joseph Baurer,5
Linn,53,State Senate,9,REP,Sarah Arcune,18
Linn,53,State Senate,9,REP,Fred Girod,164
Linn,53,State Senate,9,REP,Write-ins,0
Linn,53,State Senate,9,REP,Over Votes,0
Linn,53,State Senate,9,REP,Under Votes,29
Linn,55,State Senate,9,REP,Herman Joseph Baurer,10
Linn,55,State Senate,9,REP,Sarah Arcune,18
Linn,55,State Senate,9,REP,Fred Girod,83
Linn,55,State Senate,9,REP,Write-ins,0
Linn,55,State Senate,9,REP,Over Votes,0
Linn,55,State Senate,9,REP,Under Votes,25
Linn,56,State Senate,9,REP,Herman Joseph Baurer,11
Linn,56,State Senate,9,REP,Sarah Arcune,14
Linn,56,State Senate,9,REP,Fred Girod,112
Linn,56,State Senate,9,REP,Write-ins,0
Linn,56,State Senate,9,REP,Over Votes,0
Linn,56,State Senate,9,REP,Under Votes,21
Linn,59,State Senate,9,REP,Herman Joseph Baurer,5
Linn,59,State Senate,9,REP,Sarah Arcune,7
Linn,59,State Senate,9,REP,Fred Girod,58
Linn,59,State Senate,9,REP,Write-ins,1
Linn,59,State Senate,9,REP,Over Votes,0
Linn,59,State Senate,9,REP,Under Votes,20
Linn,61,State Senate,9,REP,Herman Joseph Baurer,3
Linn,61,State Senate,9,REP,Sarah Arcune,6
Linn,61,State Senate,9,REP,Fred Girod,61
Linn,61,State Senate,9,REP,Write-ins,0
Linn,61,State Senate,9,REP,Over Votes,0
Linn,61,State Senate,9,REP,Under Votes,13
Linn,62,State Senate,9,REP,Herman Joseph Baurer,11
Linn,62,State Senate,9,REP,Sarah Arcune,18
Linn,62,State Senate,9,REP,Fred Girod,78
Linn,62,State Senate,9,REP,Write-ins,0
Linn,62,State Senate,9,REP,Over Votes,0
Linn,62,State Senate,9,REP,Under Votes,26
Linn,66,State Senate,9,REP,Herman Joseph Baurer,1
Linn,66,State Senate,9,REP,Sarah Arcune,9
Linn,66,State Senate,9,REP,Fred Girod,38
Linn,66,State Senate,9,REP,Write-ins,0
Linn,66,State Senate,9,REP,Over Votes,0
Linn,66,State Senate,9,REP,Under Votes,12
Linn,78,State Senate,9,REP,Herman Joseph Baurer,6
Linn,78,State Senate,9,REP,Sarah Arcune,10
Linn,78,State Senate,9,REP,Fred Girod,115
Linn,78,State Senate,9,REP,Write-ins,0
Linn,78,State Senate,9,REP,Over Votes,0
Linn,78,State Senate,9,REP,Under Votes,18
Linn,79,State Senate,9,REP,Herman Joseph Baurer,12
Linn,79,State Senate,9,REP,Sarah Arcune,12
Linn,79,State Senate,9,REP,Fred Girod,152
Linn,79,State Senate,9,REP,Write-ins,1
Linn,79,State Senate,9,REP,Over Votes,0
Linn,79,State Senate,9,REP,Under Votes,29
Linn,80,State Senate,9,REP,Herman Joseph Baurer,11
Linn,80,State Senate,9,REP,Sarah Arcune,13
Linn,80,State Senate,9,REP,Fred Girod,140
Linn,80,State Senate,9,REP,Write-ins,0
Linn,80,State Senate,9,REP,Over Votes,0
Linn,80,State Senate,9,REP,Under Votes,18
Linn,82,State Senate,9,REP,Herman Joseph Baurer,6
Linn,82,State Senate,9,REP,Sarah Arcune,11
Linn,82,State Senate,9,REP,Fred Girod,44
Linn,82,State Senate,9,REP,Write-ins,0
Linn,82,State Senate,9,REP,Over Votes,0
Linn,82,State Senate,9,REP,Under Votes,8
Linn,86,State Senate,9,REP,Herman Joseph Baurer,11
Linn,86,State Senate,9,REP,Sarah Arcune,18
Linn,86,State Senate,9,REP,Fred Girod,193
Linn,86,State Senate,9,REP,Write-ins,3
Linn,86,State Senate,9,REP,Over Votes,0
Linn,86,State Senate,9,REP,Under Votes,48
Linn,88,State Senate,9,REP,Herman Joseph Baurer,7
Linn,88,State Senate,9,REP,Sarah Arcune,14
Linn,88,State Senate,9,REP,Fred Girod,95
Linn,88,State Senate,9,REP,Write-ins,0
Linn,88,State Senate,9,REP,Over Votes,0
Linn,88,State Senate,9,REP,Under Votes,29
Linn,101,State Senate,9,REP,Herman Joseph Baurer,5
Linn,101,State Senate,9,REP,Sarah Arcune,7
Linn,101,State Senate,9,REP,Fred Girod,85
Linn,101,State Senate,9,REP,Write-ins,0
Linn,101,State Senate,9,REP,Over Votes,0
Linn,101,State Senate,9,REP,Under Votes,22
Linn,103,State Senate,9,REP,Herman Joseph Baurer,12
Linn,103,State Senate,9,REP,Sarah Arcune,20
Linn,103,State Senate,9,REP,Fred Girod,177
Linn,103,State Senate,9,REP,Write-ins,0
Linn,103,State Senate,9,REP,Over Votes,0
Linn,103,State Senate,9,REP,Under Votes,27
Linn,104,State Senate,9,REP,Herman Joseph Baurer,5
Linn,104,State Senate,9,REP,Sarah Arcune,12
Linn,104,State Senate,9,REP,Fred Girod,83
Linn,104,State Senate,9,REP,Write-ins,0
Linn,104,State Senate,9,REP,Over Votes,0
Linn,104,State Senate,9,REP,Under Votes,34
Linn,108,State Senate,9,REP,Herman Joseph Baurer,17
Linn,108,State Senate,9,REP,Sarah Arcune,23
Linn,108,State Senate,9,REP,Fred Girod,210
Linn,108,State Senate,9,REP,Write-ins,1
Linn,108,State Senate,9,REP,Over Votes,0
Linn,108,State Senate,9,REP,Under Votes,41
Linn,1,State Treasurer,,DEM,Ben Westlund,135
Linn,1,State Treasurer,,DEM,Write-ins,0
Linn,1,State Treasurer,,DEM,Over Votes,0
Linn,1,State Treasurer,,DEM,Under Votes,85
Linn,3,State Treasurer,,DEM,Ben Westlund,104
Linn,3,State Treasurer,,DEM,Write-ins,0
Linn,3,State Treasurer,,DEM,Over Votes,0
Linn,3,State Treasurer,,DEM,Under Votes,59
Linn,5,State Treasurer,,DEM,Ben Westlund,132
Linn,5,State Treasurer,,DEM,Write-ins,0
Linn,5,State Treasurer,,DEM,Over Votes,0
Linn,5,State Treasurer,,DEM,Under Votes,47
Linn,8,State Treasurer,,DEM,Ben Westlund,139
Linn,8,State Treasurer,,DEM,Write-ins,2
Linn,8,State Treasurer,,DEM,Over Votes,0
Linn,8,State Treasurer,,DEM,Under Votes,69
Linn,11,State Treasurer,,DEM,Ben Westlund,91
Linn,11,State Treasurer,,DEM,Write-ins,0
Linn,11,State Treasurer,,DEM,Over Votes,0
Linn,11,State Treasurer,,DEM,Under Votes,58
Linn,14,State Treasurer,,DEM,Ben Westlund,123
Linn,14,State Treasurer,,DEM,Write-ins,0
Linn,14,State Treasurer,,DEM,Over Votes,0
Linn,14,State Treasurer,,DEM,Under Votes,63
Linn,15,State Treasurer,,DEM,Ben Westlund,43
Linn,15,State Treasurer,,DEM,Write-ins,1
Linn,15,State Treasurer,,DEM,Over Votes,0
Linn,15,State Treasurer,,DEM,Under Votes,30
Linn,16,State Treasurer,,DEM,Ben Westlund,126
Linn,16,State Treasurer,,DEM,Write-ins,0
Linn,16,State Treasurer,,DEM,Over Votes,0
Linn,16,State Treasurer,,DEM,Under Votes,77
Linn,18,State Treasurer,,DEM,Ben Westlund,368
Linn,18,State Treasurer,,DEM,Write-ins,1
Linn,18,State Treasurer,,DEM,Over Votes,0
Linn,18,State Treasurer,,DEM,Under Votes,200
Linn,19,State Treasurer,,DEM,Ben Westlund,121
Linn,19,State Treasurer,,DEM,Write-ins,0
Linn,19,State Treasurer,,DEM,Over Votes,0
Linn,19,State Treasurer,,DEM,Under Votes,84
Linn,20,State Treasurer,,DEM,Ben Westlund,73
Linn,20,State Treasurer,,DEM,Write-ins,1
Linn,20,State Treasurer,,DEM,Over Votes,0
Linn,20,State Treasurer,,DEM,Under Votes,53
Linn,21,State Treasurer,,DEM,Ben Westlund,54
Linn,21,State Treasurer,,DEM,Write-ins,0
Linn,21,State Treasurer,,DEM,Over Votes,0
Linn,21,State Treasurer,,DEM,Under Votes,26
Linn,22,State Treasurer,,DEM,Ben Westlund,2
Linn,22,State Treasurer,,DEM,Write-ins,0
Linn,22,State Treasurer,,DEM,Over Votes,0
Linn,22,State Treasurer,,DEM,Under Votes,3
Linn,23,State Treasurer,,DEM,Ben Westlund,149
Linn,23,State Treasurer,,DEM,Write-ins,1
Linn,23,State Treasurer,,DEM,Over Votes,0
Linn,23,State Treasurer,,DEM,Under Votes,88
Linn,25,State Treasurer,,DEM,Ben Westlund,140
Linn,25,State Treasurer,,DEM,Write-ins,2
Linn,25,State Treasurer,,DEM,Over Votes,0
Linn,25,State Treasurer,,DEM,Under Votes,66
Linn,26,State Treasurer,,DEM,Ben Westlund,43
Linn,26,State Treasurer,,DEM,Write-ins,0
Linn,26,State Treasurer,,DEM,Over Votes,0
Linn,26,State Treasurer,,DEM,Under Votes,24
Linn,27,State Treasurer,,DEM,Ben Westlund,72
Linn,27,State Treasurer,,DEM,Write-ins,1
Linn,27,State Treasurer,,DEM,Over Votes,0
Linn,27,State Treasurer,,DEM,Under Votes,58
Linn,28,State Treasurer,,DEM,Ben Westlund,83
Linn,28,State Treasurer,,DEM,Write-ins,2
Linn,28,State Treasurer,,DEM,Over Votes,0
Linn,28,State Treasurer,,DEM,Under Votes,33
Linn,29,State Treasurer,,DEM,Ben Westlund,246
Linn,29,State Treasurer,,DEM,Write-ins,4
Linn,29,State Treasurer,,DEM,Over Votes,0
Linn,29,State Treasurer,,DEM,Under Votes,112
Linn,30,State Treasurer,,DEM,Ben Westlund,24
Linn,30,State Treasurer,,DEM,Write-ins,0
Linn,30,State Treasurer,,DEM,Over Votes,0
Linn,30,State Treasurer,,DEM,Under Votes,14
Linn,31,State Treasurer,,DEM,Ben Westlund,139
Linn,31,State Treasurer,,DEM,Write-ins,0
Linn,31,State Treasurer,,DEM,Over Votes,0
Linn,31,State Treasurer,,DEM,Under Votes,81
Linn,32,State Treasurer,,DEM,Ben Westlund,97
Linn,32,State Treasurer,,DEM,Write-ins,0
Linn,32,State Treasurer,,DEM,Over Votes,0
Linn,32,State Treasurer,,DEM,Under Votes,51
Linn,34,State Treasurer,,DEM,Ben Westlund,46
Linn,34,State Treasurer,,DEM,Write-ins,0
Linn,34,State Treasurer,,DEM,Over Votes,0
Linn,34,State Treasurer,,DEM,Under Votes,32
Linn,35,State Treasurer,,DEM,Ben Westlund,195
Linn,35,State Treasurer,,DEM,Write-ins,2
Linn,35,State Treasurer,,DEM,Over Votes,0
Linn,35,State Treasurer,,DEM,Under Votes,107
Linn,36,State Treasurer,,DEM,Ben Westlund,158
Linn,36,State Treasurer,,DEM,Write-ins,1
Linn,36,State Treasurer,,DEM,Over Votes,0
Linn,36,State Treasurer,,DEM,Under Votes,68
Linn,37,State Treasurer,,DEM,Ben Westlund,154
Linn,37,State Treasurer,,DEM,Write-ins,1
Linn,37,State Treasurer,,DEM,Over Votes,0
Linn,37,State Treasurer,,DEM,Under Votes,87
Linn,38,State Treasurer,,DEM,Ben Westlund,140
Linn,38,State Treasurer,,DEM,Write-ins,3
Linn,38,State Treasurer,,DEM,Over Votes,0
Linn,38,State Treasurer,,DEM,Under Votes,68
Linn,39,State Treasurer,,DEM,Ben Westlund,107
Linn,39,State Treasurer,,DEM,Write-ins,0
Linn,39,State Treasurer,,DEM,Over Votes,0
Linn,39,State Treasurer,,DEM,Under Votes,72
Linn,41,State Treasurer,,DEM,Ben Westlund,96
Linn,41,State Treasurer,,DEM,Write-ins,1
Linn,41,State Treasurer,,DEM,Over Votes,0
Linn,41,State Treasurer,,DEM,Under Votes,47
Linn,43,State Treasurer,,DEM,Ben Westlund,116
Linn,43,State Treasurer,,DEM,Write-ins,0
Linn,43,State Treasurer,,DEM,Over Votes,0
Linn,43,State Treasurer,,DEM,Under Votes,62
Linn,44,State Treasurer,,DEM,Ben Westlund,185
Linn,44,State Treasurer,,DEM,Write-ins,2
Linn,44,State Treasurer,,DEM,Over Votes,0
Linn,44,State Treasurer,,DEM,Under Votes,109
Linn,45,State Treasurer,,DEM,Ben Westlund,143
Linn,45,State Treasurer,,DEM,Write-ins,0
Linn,45,State Treasurer,,DEM,Over Votes,0
Linn,45,State Treasurer,,DEM,Under Votes,61
Linn,46,State Treasurer,,DEM,Ben Westlund,162
Linn,46,State Treasurer,,DEM,Write-ins,1
Linn,46,State Treasurer,,DEM,Over Votes,0
Linn,46,State Treasurer,,DEM,Under Votes,84
Linn,47,State Treasurer,,DEM,Ben Westlund,60
Linn,47,State Treasurer,,DEM,Write-ins,0
Linn,47,State Treasurer,,DEM,Over Votes,0
Linn,47,State Treasurer,,DEM,Under Votes,42
Linn,48,State Treasurer,,DEM,Ben Westlund,216
Linn,48,State Treasurer,,DEM,Write-ins,1
Linn,48,State Treasurer,,DEM,Over Votes,0
Linn,48,State Treasurer,,DEM,Under Votes,94
Linn,49,State Treasurer,,DEM,Ben Westlund,13
Linn,49,State Treasurer,,DEM,Write-ins,0
Linn,49,State Treasurer,,DEM,Over Votes,0
Linn,49,State Treasurer,,DEM,Under Votes,2
Linn,51,State Treasurer,,DEM,Ben Westlund,83
Linn,51,State Treasurer,,DEM,Write-ins,0
Linn,51,State Treasurer,,DEM,Over Votes,0
Linn,51,State Treasurer,,DEM,Under Votes,56
Linn,52,State Treasurer,,DEM,Ben Westlund,42
Linn,52,State Treasurer,,DEM,Write-ins,2
Linn,52,State Treasurer,,DEM,Over Votes,0
Linn,52,State Treasurer,,DEM,Under Votes,33
Linn,53,State Treasurer,,DEM,Ben Westlund,110
Linn,53,State Treasurer,,DEM,Write-ins,1
Linn,53,State Treasurer,,DEM,Over Votes,0
Linn,53,State Treasurer,,DEM,Under Votes,52
Linn,54,State Treasurer,,DEM,Ben Westlund,65
Linn,54,State Treasurer,,DEM,Write-ins,2
Linn,54,State Treasurer,,DEM,Over Votes,0
Linn,54,State Treasurer,,DEM,Under Votes,36
Linn,55,State Treasurer,,DEM,Ben Westlund,83
Linn,55,State Treasurer,,DEM,Write-ins,0
Linn,55,State Treasurer,,DEM,Over Votes,0
Linn,55,State Treasurer,,DEM,Under Votes,57
Linn,56,State Treasurer,,DEM,Ben Westlund,115
Linn,56,State Treasurer,,DEM,Write-ins,1
Linn,56,State Treasurer,,DEM,Over Votes,0
Linn,56,State Treasurer,,DEM,Under Votes,62
Linn,57,State Treasurer,,DEM,Ben Westlund,43
Linn,57,State Treasurer,,DEM,Write-ins,0
Linn,57,State Treasurer,,DEM,Over Votes,0
Linn,57,State Treasurer,,DEM,Under Votes,26
Linn,59,State Treasurer,,DEM,Ben Westlund,81
Linn,59,State Treasurer,,DEM,Write-ins,0
Linn,59,State Treasurer,,DEM,Over Votes,0
Linn,59,State Treasurer,,DEM,Under Votes,55
Linn,61,State Treasurer,,DEM,Ben Westlund,65
Linn,61,State Treasurer,,DEM,Write-ins,0
Linn,61,State Treasurer,,DEM,Over Votes,0
Linn,61,State Treasurer,,DEM,Under Votes,35
Linn,62,State Treasurer,,DEM,Ben Westlund,137
Linn,62,State Treasurer,,DEM,Write-ins,2
Linn,62,State Treasurer,,DEM,Over Votes,0
Linn,62,State Treasurer,,DEM,Under Votes,59
Linn,63,State Treasurer,,DEM,Ben Westlund,297
Linn,63,State Treasurer,,DEM,Write-ins,2
Linn,63,State Treasurer,,DEM,Over Votes,0
Linn,63,State Treasurer,,DEM,Under Votes,180
Linn,65,State Treasurer,,DEM,Ben Westlund,9
Linn,65,State Treasurer,,DEM,Write-ins,0
Linn,65,State Treasurer,,DEM,Over Votes,0
Linn,65,State Treasurer,,DEM,Under Votes,4
Linn,66,State Treasurer,,DEM,Ben Westlund,40
Linn,66,State Treasurer,,DEM,Write-ins,0
Linn,66,State Treasurer,,DEM,Over Votes,0
Linn,66,State Treasurer,,DEM,Under Votes,22
Linn,70,State Treasurer,,DEM,Ben Westlund,196
Linn,70,State Treasurer,,DEM,Write-ins,2
Linn,70,State Treasurer,,DEM,Over Votes,0
Linn,70,State Treasurer,,DEM,Under Votes,139
Linn,73,State Treasurer,,DEM,Ben Westlund,131
Linn,73,State Treasurer,,DEM,Write-ins,0
Linn,73,State Treasurer,,DEM,Over Votes,0
Linn,73,State Treasurer,,DEM,Under Votes,99
Linn,75,State Treasurer,,DEM,Ben Westlund,112
Linn,75,State Treasurer,,DEM,Write-ins,0
Linn,75,State Treasurer,,DEM,Over Votes,0
Linn,75,State Treasurer,,DEM,Under Votes,83
Linn,77,State Treasurer,,DEM,Ben Westlund,69
Linn,77,State Treasurer,,DEM,Write-ins,0
Linn,77,State Treasurer,,DEM,Over Votes,0
Linn,77,State Treasurer,,DEM,Under Votes,45
Linn,78,State Treasurer,,DEM,Ben Westlund,140
Linn,78,State Treasurer,,DEM,Write-ins,0
Linn,78,State Treasurer,,DEM,Over Votes,0
Linn,78,State Treasurer,,DEM,Under Votes,56
Linn,79,State Treasurer,,DEM,Ben Westlund,215
Linn,79,State Treasurer,,DEM,Write-ins,1
Linn,79,State Treasurer,,DEM,Over Votes,0
Linn,79,State Treasurer,,DEM,Under Votes,101
Linn,80,State Treasurer,,DEM,Ben Westlund,178
Linn,80,State Treasurer,,DEM,Write-ins,1
Linn,80,State Treasurer,,DEM,Over Votes,0
Linn,80,State Treasurer,,DEM,Under Votes,65
Linn,82,State Treasurer,,DEM,Ben Westlund,55
Linn,82,State Treasurer,,DEM,Write-ins,3
Linn,82,State Treasurer,,DEM,Over Votes,0
Linn,82,State Treasurer,,DEM,Under Votes,47
Linn,84,State Treasurer,,DEM,Ben Westlund,150
Linn,84,State Treasurer,,DEM,Write-ins,1
Linn,84,State Treasurer,,DEM,Over Votes,0
Linn,84,State Treasurer,,DEM,Under Votes,60
Linn,86,State Treasurer,,DEM,Ben Westlund,162
Linn,86,State Treasurer,,DEM,Write-ins,1
Linn,86,State Treasurer,,DEM,Over Votes,0
Linn,86,State Treasurer,,DEM,Under Votes,106
Linn,88,State Treasurer,,DEM,Ben Westlund,151
Linn,88,State Treasurer,,DEM,Write-ins,1
Linn,88,State Treasurer,,DEM,Over Votes,0
Linn,88,State Treasurer,,DEM,Under Votes,78
Linn,89,State Treasurer,,DEM,Ben Westlund,136
Linn,89,State Treasurer,,DEM,Write-ins,0
Linn,89,State Treasurer,,DEM,Over Votes,0
Linn,89,State Treasurer,,DEM,Under Votes,71
Linn,91,State Treasurer,,DEM,Ben Westlund,170
Linn,91,State Treasurer,,DEM,Write-ins,0
Linn,91,State Treasurer,,DEM,Over Votes,0
Linn,91,State Treasurer,,DEM,Under Votes,68
Linn,92,State Treasurer,,DEM,Ben Westlund,269
Linn,92,State Treasurer,,DEM,Write-ins,0
Linn,92,State Treasurer,,DEM,Over Votes,0
Linn,92,State Treasurer,,DEM,Under Votes,127
Linn,93,State Treasurer,,DEM,Ben Westlund,188
Linn,93,State Treasurer,,DEM,Write-ins,5
Linn,93,State Treasurer,,DEM,Over Votes,0
Linn,93,State Treasurer,,DEM,Under Votes,110
Linn,94,State Treasurer,,DEM,Ben Westlund,123
Linn,94,State Treasurer,,DEM,Write-ins,1
Linn,94,State Treasurer,,DEM,Over Votes,0
Linn,94,State Treasurer,,DEM,Under Votes,55
Linn,95,State Treasurer,,DEM,Ben Westlund,157
Linn,95,State Treasurer,,DEM,Write-ins,3
Linn,95,State Treasurer,,DEM,Over Votes,0
Linn,95,State Treasurer,,DEM,Under Votes,91
Linn,96,State Treasurer,,DEM,Ben Westlund,196
Linn,96,State Treasurer,,DEM,Write-ins,0
Linn,96,State Treasurer,,DEM,Over Votes,0
Linn,96,State Treasurer,,DEM,Under Votes,70
Linn,97,State Treasurer,,DEM,Ben Westlund,232
Linn,97,State Treasurer,,DEM,Write-ins,1
Linn,97,State Treasurer,,DEM,Over Votes,0
Linn,97,State Treasurer,,DEM,Under Votes,118
Linn,99,State Treasurer,,DEM,Ben Westlund,64
Linn,99,State Treasurer,,DEM,Write-ins,0
Linn,99,State Treasurer,,DEM,Over Votes,0
Linn,99,State Treasurer,,DEM,Under Votes,29
Linn,100,State Treasurer,,DEM,Ben Westlund,230
Linn,100,State Treasurer,,DEM,Write-ins,0
Linn,100,State Treasurer,,DEM,Over Votes,0
Linn,100,State Treasurer,,DEM,Under Votes,116
Linn,101,State Treasurer,,DEM,Ben Westlund,83
Linn,101,State Treasurer,,DEM,Write-ins,2
Linn,101,State Treasurer,,DEM,Over Votes,0
Linn,101,State Treasurer,,DEM,Under Votes,42
Linn,102,State Treasurer,,DEM,Ben Westlund,219
Linn,102,State Treasurer,,DEM,Write-ins,4
Linn,102,State Treasurer,,DEM,Over Votes,0
Linn,102,State Treasurer,,DEM,Under Votes,92
Linn,103,State Treasurer,,DEM,Ben Westlund,147
Linn,103,State Treasurer,,DEM,Write-ins,1
Linn,103,State Treasurer,,DEM,Over Votes,0
Linn,103,State Treasurer,,DEM,Under Votes,100
Linn,104,State Treasurer,,DEM,Ben Westlund,101
Linn,104,State Treasurer,,DEM,Write-ins,0
Linn,104,State Treasurer,,DEM,Over Votes,0
Linn,104,State Treasurer,,DEM,Under Votes,60
Linn,105,State Treasurer,,DEM,Ben Westlund,112
Linn,105,State Treasurer,,DEM,Write-ins,3
Linn,105,State Treasurer,,DEM,Over Votes,0
Linn,105,State Treasurer,,DEM,Under Votes,59
Linn,106,State Treasurer,,DEM,Ben Westlund,110
Linn,106,State Treasurer,,DEM,Write-ins,0
Linn,106,State Treasurer,,DEM,Over Votes,0
Linn,106,State Treasurer,,DEM,Under Votes,63
Linn,107,State Treasurer,,DEM,Ben Westlund,222
Linn,107,State Treasurer,,DEM,Write-ins,0
Linn,107,State Treasurer,,DEM,Over Votes,0
Linn,107,State Treasurer,,DEM,Under Votes,105
Linn,108,State Treasurer,,DEM,Ben Westlund,286
Linn,108,State Treasurer,,DEM,Write-ins,0
Linn,108,State Treasurer,,DEM,Over Votes,0
Linn,108,State Treasurer,,DEM,Under Votes,141
Linn,1,State Treasurer,,REP,Allen Alley,71
Linn,1,State Treasurer,,REP,Write-ins,1
Linn,1,State Treasurer,,REP,Over Votes,0
Linn,1,State Treasurer,,REP,Under Votes,33
Linn,3,State Treasurer,,REP,Allen Alley,53
Linn,3,State Treasurer,,REP,Write-ins,0
Linn,3,State Treasurer,,REP,Over Votes,0
Linn,3,State Treasurer,,REP,Under Votes,29
Linn,5,State Treasurer,,REP,Allen Alley,53
Linn,5,State Treasurer,,REP,Write-ins,2
Linn,5,State Treasurer,,REP,Over Votes,0
Linn,5,State Treasurer,,REP,Under Votes,25
Linn,8,State Treasurer,,REP,Allen Alley,82
Linn,8,State Treasurer,,REP,Write-ins,0
Linn,8,State Treasurer,,REP,Over Votes,0
Linn,8,State Treasurer,,REP,Under Votes,44
Linn,11,State Treasurer,,REP,Allen Alley,62
Linn,11,State Treasurer,,REP,Write-ins,0
Linn,11,State Treasurer,,REP,Over Votes,0
Linn,11,State Treasurer,,REP,Under Votes,16
Linn,14,State Treasurer,,REP,Allen Alley,63
Linn,14,State Treasurer,,REP,Write-ins,0
Linn,14,State Treasurer,,REP,Over Votes,0
Linn,14,State Treasurer,,REP,Under Votes,23
Linn,15,State Treasurer,,REP,Allen Alley,27
Linn,15,State Treasurer,,REP,Write-ins,0
Linn,15,State Treasurer,,REP,Over Votes,0
Linn,15,State Treasurer,,REP,Under Votes,6
Linn,16,State Treasurer,,REP,Allen Alley,66
Linn,16,State Treasurer,,REP,Write-ins,1
Linn,16,State Treasurer,,REP,Over Votes,0
Linn,16,State Treasurer,,REP,Under Votes,37
Linn,18,State Treasurer,,REP,Allen Alley,281
Linn,18,State Treasurer,,REP,Write-ins,1
Linn,18,State Treasurer,,REP,Over Votes,0
Linn,18,State Treasurer,,REP,Under Votes,123
Linn,19,State Treasurer,,REP,Allen Alley,144
Linn,19,State Treasurer,,REP,Write-ins,0
Linn,19,State Treasurer,,REP,Over Votes,0
Linn,19,State Treasurer,,REP,Under Votes,75
Linn,20,State Treasurer,,REP,Allen Alley,66
Linn,20,State Treasurer,,REP,Write-ins,0
Linn,20,State Treasurer,,REP,Over Votes,0
Linn,20,State Treasurer,,REP,Under Votes,48
Linn,21,State Treasurer,,REP,Allen Alley,74
Linn,21,State Treasurer,,REP,Write-ins,0
Linn,21,State Treasurer,,REP,Over Votes,0
Linn,21,State Treasurer,,REP,Under Votes,28
Linn,22,State Treasurer,,REP,Allen Alley,4
Linn,22,State Treasurer,,REP,Write-ins,0
Linn,22,State Treasurer,,REP,Over Votes,0
Linn,22,State Treasurer,,REP,Under Votes,9
Linn,23,State Treasurer,,REP,Allen Alley,118
Linn,23,State Treasurer,,REP,Write-ins,2
Linn,23,State Treasurer,,REP,Over Votes,0
Linn,23,State Treasurer,,REP,Under Votes,94
Linn,25,State Treasurer,,REP,Allen Alley,97
Linn,25,State Treasurer,,REP,Write-ins,2
Linn,25,State Treasurer,,REP,Over Votes,0
Linn,25,State Treasurer,,REP,Under Votes,47
Linn,26,State Treasurer,,REP,Allen Alley,48
Linn,26,State Treasurer,,REP,Write-ins,0
Linn,26,State Treasurer,,REP,Over Votes,0
Linn,26,State Treasurer,,REP,Under Votes,14
Linn,27,State Treasurer,,REP,Allen Alley,94
Linn,27,State Treasurer,,REP,Write-ins,2
Linn,27,State Treasurer,,REP,Over Votes,0
Linn,27,State Treasurer,,REP,Under Votes,59
Linn,28,State Treasurer,,REP,Allen Alley,103
Linn,28,State Treasurer,,REP,Write-ins,0
Linn,28,State Treasurer,,REP,Over Votes,0
Linn,28,State Treasurer,,REP,Under Votes,43
Linn,29,State Treasurer,,REP,Allen Alley,227
Linn,29,State Treasurer,,REP,Write-ins,0
Linn,29,State Treasurer,,REP,Over Votes,0
Linn,29,State Treasurer,,REP,Under Votes,113
Linn,30,State Treasurer,,REP,Allen Alley,35
Linn,30,State Treasurer,,REP,Write-ins,0
Linn,30,State Treasurer,,REP,Over Votes,0
Linn,30,State Treasurer,,REP,Under Votes,26
Linn,31,State Treasurer,,REP,Allen Alley,121
Linn,31,State Treasurer,,REP,Write-ins,1
Linn,31,State Treasurer,,REP,Over Votes,0
Linn,31,State Treasurer,,REP,Under Votes,87
Linn,32,State Treasurer,,REP,Allen Alley,89
Linn,32,State Treasurer,,REP,Write-ins,2
Linn,32,State Treasurer,,REP,Over Votes,0
Linn,32,State Treasurer,,REP,Under Votes,77
Linn,34,State Treasurer,,REP,Allen Alley,40
Linn,34,State Treasurer,,REP,Write-ins,0
Linn,34,State Treasurer,,REP,Over Votes,0
Linn,34,State Treasurer,,REP,Under Votes,31
Linn,35,State Treasurer,,REP,Allen Alley,150
Linn,35,State Treasurer,,REP,Write-ins,1
Linn,35,State Treasurer,,REP,Over Votes,0
Linn,35,State Treasurer,,REP,Under Votes,120
Linn,36,State Treasurer,,REP,Allen Alley,115
Linn,36,State Treasurer,,REP,Write-ins,0
Linn,36,State Treasurer,,REP,Over Votes,0
Linn,36,State Treasurer,,REP,Under Votes,53
Linn,37,State Treasurer,,REP,Allen Alley,123
Linn,37,State Treasurer,,REP,Write-ins,1
Linn,37,State Treasurer,,REP,Over Votes,0
Linn,37,State Treasurer,,REP,Under Votes,52
Linn,38,State Treasurer,,REP,Allen Alley,85
Linn,38,State Treasurer,,REP,Write-ins,3
Linn,38,State Treasurer,,REP,Over Votes,0
Linn,38,State Treasurer,,REP,Under Votes,53
Linn,39,State Treasurer,,REP,Allen Alley,90
Linn,39,State Treasurer,,REP,Write-ins,2
Linn,39,State Treasurer,,REP,Over Votes,0
Linn,39,State Treasurer,,REP,Under Votes,34
Linn,41,State Treasurer,,REP,Allen Alley,70
Linn,41,State Treasurer,,REP,Write-ins,0
Linn,41,State Treasurer,,REP,Over Votes,0
Linn,41,State Treasurer,,REP,Under Votes,35
Linn,43,State Treasurer,,REP,Allen Alley,76
Linn,43,State Treasurer,,REP,Write-ins,0
Linn,43,State Treasurer,,REP,Over Votes,0
Linn,43,State Treasurer,,REP,Under Votes,47
Linn,44,State Treasurer,,REP,Allen Alley,152
Linn,44,State Treasurer,,REP,Write-ins,0
Linn,44,State Treasurer,,REP,Over Votes,0
Linn,44,State Treasurer,,REP,Under Votes,71
Linn,45,State Treasurer,,REP,Allen Alley,141
Linn,45,State Treasurer,,REP,Write-ins,1
Linn,45,State Treasurer,,REP,Over Votes,0
Linn,45,State Treasurer,,REP,Under Votes,51
Linn,46,State Treasurer,,REP,Allen Alley,138
Linn,46,State Treasurer,,REP,Write-ins,1
Linn,46,State Treasurer,,REP,Over Votes,0
Linn,46,State Treasurer,,REP,Under Votes,61
Linn,47,State Treasurer,,REP,Allen Alley,38
Linn,47,State Treasurer,,REP,Write-ins,2
Linn,47,State Treasurer,,REP,Over Votes,0
Linn,47,State Treasurer,,REP,Under Votes,19
Linn,48,State Treasurer,,REP,Allen Alley,165
Linn,48,State Treasurer,,REP,Write-ins,1
Linn,48,State Treasurer,,REP,Over Votes,0
Linn,48,State Treasurer,,REP,Under Votes,97
Linn,49,State Treasurer,,REP,Allen Alley,11
Linn,49,State Treasurer,,REP,Write-ins,0
Linn,49,State Treasurer,,REP,Over Votes,0
Linn,49,State Treasurer,,REP,Under Votes,1
Linn,51,State Treasurer,,REP,Allen Alley,107
Linn,51,State Treasurer,,REP,Write-ins,0
Linn,51,State Treasurer,,REP,Over Votes,0
Linn,51,State Treasurer,,REP,Under Votes,83
Linn,52,State Treasurer,,REP,Allen Alley,41
Linn,52,State Treasurer,,REP,Write-ins,0
Linn,52,State Treasurer,,REP,Over Votes,0
Linn,52,State Treasurer,,REP,Under Votes,31
Linn,53,State Treasurer,,REP,Allen Alley,137
Linn,53,State Treasurer,,REP,Write-ins,1
Linn,53,State Treasurer,,REP,Over Votes,0
Linn,53,State Treasurer,,REP,Under Votes,78
Linn,54,State Treasurer,,REP,Allen Alley,56
Linn,54,State Treasurer,,REP,Write-ins,0
Linn,54,State Treasurer,,REP,Over Votes,0
Linn,54,State Treasurer,,REP,Under Votes,41
Linn,55,State Treasurer,,REP,Allen Alley,89
Linn,55,State Treasurer,,REP,Write-ins,0
Linn,55,State Treasurer,,REP,Over Votes,0
Linn,55,State Treasurer,,REP,Under Votes,47
Linn,56,State Treasurer,,REP,Allen Alley,93
Linn,56,State Treasurer,,REP,Write-ins,2
Linn,56,State Treasurer,,REP,Over Votes,0
Linn,56,State Treasurer,,REP,Under Votes,63
Linn,57,State Treasurer,,REP,Allen Alley,47
Linn,57,State Treasurer,,REP,Write-ins,0
Linn,57,State Treasurer,,REP,Over Votes,0
Linn,57,State Treasurer,,REP,Under Votes,17
Linn,59,State Treasurer,,REP,Allen Alley,60
Linn,59,State Treasurer,,REP,Write-ins,1
Linn,59,State Treasurer,,REP,Over Votes,0
Linn,59,State Treasurer,,REP,Under Votes,30
Linn,61,State Treasurer,,REP,Allen Alley,55
Linn,61,State Treasurer,,REP,Write-ins,0
Linn,61,State Treasurer,,REP,Over Votes,0
Linn,61,State Treasurer,,REP,Under Votes,28
Linn,62,State Treasurer,,REP,Allen Alley,90
Linn,62,State Treasurer,,REP,Write-ins,2
Linn,62,State Treasurer,,REP,Over Votes,0
Linn,62,State Treasurer,,REP,Under Votes,41
Linn,63,State Treasurer,,REP,Allen Alley,274
Linn,63,State Treasurer,,REP,Write-ins,1
Linn,63,State Treasurer,,REP,Over Votes,0
Linn,63,State Treasurer,,REP,Under Votes,162
Linn,65,State Treasurer,,REP,Allen Alley,12
Linn,65,State Treasurer,,REP,Write-ins,0
Linn,65,State Treasurer,,REP,Over Votes,0
Linn,65,State Treasurer,,REP,Under Votes,2
Linn,66,State Treasurer,,REP,Allen Alley,41
Linn,66,State Treasurer,,REP,Write-ins,1
Linn,66,State Treasurer,,REP,Over Votes,0
Linn,66,State Treasurer,,REP,Under Votes,18
Linn,70,State Treasurer,,REP,Allen Alley,160
Linn,70,State Treasurer,,REP,Write-ins,1
Linn,70,State Treasurer,,REP,Over Votes,0
Linn,70,State Treasurer,,REP,Under Votes,113
Linn,73,State Treasurer,,REP,Allen Alley,104
Linn,73,State Treasurer,,REP,Write-ins,1
Linn,73,State Treasurer,,REP,Over Votes,0
Linn,73,State Treasurer,,REP,Under Votes,70
Linn,75,State Treasurer,,REP,Allen Alley,127
Linn,75,State Treasurer,,REP,Write-ins,1
Linn,75,State Treasurer,,REP,Over Votes,0
Linn,75,State Treasurer,,REP,Under Votes,90
Linn,77,State Treasurer,,REP,Allen Alley,53
Linn,77,State Treasurer,,REP,Write-ins,1
Linn,77,State Treasurer,,REP,Over Votes,0
Linn,77,State Treasurer,,REP,Under Votes,24
Linn,78,State Treasurer,,REP,Allen Alley,109
Linn,78,State Treasurer,,REP,Write-ins,1
Linn,78,State Treasurer,,REP,Over Votes,0
Linn,78,State Treasurer,,REP,Under Votes,39
Linn,79,State Treasurer,,REP,Allen Alley,146
Linn,79,State Treasurer,,REP,Write-ins,2
Linn,79,State Treasurer,,REP,Over Votes,0
Linn,79,State Treasurer,,REP,Under Votes,58
Linn,80,State Treasurer,,REP,Allen Alley,140
Linn,80,State Treasurer,,REP,Write-ins,0
Linn,80,State Treasurer,,REP,Over Votes,0
Linn,80,State Treasurer,,REP,Under Votes,42
Linn,82,State Treasurer,,REP,Allen Alley,51
Linn,82,State Treasurer,,REP,Write-ins,0
Linn,82,State Treasurer,,REP,Over Votes,0
Linn,82,State Treasurer,,REP,Under Votes,18
Linn,84,State Treasurer,,REP,Allen Alley,73
Linn,84,State Treasurer,,REP,Write-ins,2
Linn,84,State Treasurer,,REP,Over Votes,0
Linn,84,State Treasurer,,REP,Under Votes,32
Linn,86,State Treasurer,,REP,Allen Alley,178
Linn,86,State Treasurer,,REP,Write-ins,3
Linn,86,State Treasurer,,REP,Over Votes,0
Linn,86,State Treasurer,,REP,Under Votes,92
Linn,88,State Treasurer,,REP,Allen Alley,95
Linn,88,State Treasurer,,REP,Write-ins,0
Linn,88,State Treasurer,,REP,Over Votes,0
Linn,88,State Treasurer,,REP,Under Votes,50
Linn,89,State Treasurer,,REP,Allen Alley,112
Linn,89,State Treasurer,,REP,Write-ins,0
Linn,89,State Treasurer,,REP,Over Votes,0
Linn,89,State Treasurer,,REP,Under Votes,58
Linn,91,State Treasurer,,REP,Allen Alley,86
Linn,91,State Treasurer,,REP,Write-ins,1
Linn,91,State Treasurer,,REP,Over Votes,0
Linn,91,State Treasurer,,REP,Under Votes,49
Linn,92,State Treasurer,,REP,Allen Alley,177
Linn,92,State Treasurer,,REP,Write-ins,1
Linn,92,State Treasurer,,REP,Over Votes,0
Linn,92,State Treasurer,,REP,Under Votes,86
Linn,93,State Treasurer,,REP,Allen Alley,121
Linn,93,State Treasurer,,REP,Write-ins,0
Linn,93,State Treasurer,,REP,Over Votes,0
Linn,93,State Treasurer,,REP,Under Votes,72
Linn,94,State Treasurer,,REP,Allen Alley,71
Linn,94,State Treasurer,,REP,Write-ins,2
Linn,94,State Treasurer,,REP,Over Votes,0
Linn,94,State Treasurer,,REP,Under Votes,49
Linn,95,State Treasurer,,REP,Allen Alley,128
Linn,95,State Treasurer,,REP,Write-ins,1
Linn,95,State Treasurer,,REP,Over Votes,0
Linn,95,State Treasurer,,REP,Under Votes,76
Linn,96,State Treasurer,,REP,Allen Alley,176
Linn,96,State Treasurer,,REP,Write-ins,0
Linn,96,State Treasurer,,REP,Over Votes,0
Linn,96,State Treasurer,,REP,Under Votes,87
Linn,97,State Treasurer,,REP,Allen Alley,200
Linn,97,State Treasurer,,REP,Write-ins,1
Linn,97,State Treasurer,,REP,Over Votes,0
Linn,97,State Treasurer,,REP,Under Votes,145
Linn,99,State Treasurer,,REP,Allen Alley,53
Linn,99,State Treasurer,,REP,Write-ins,0
Linn,99,State Treasurer,,REP,Over Votes,2
Linn,99,State Treasurer,,REP,Under Votes,24
Linn,100,State Treasurer,,REP,Allen Alley,164
Linn,100,State Treasurer,,REP,Write-ins,2
Linn,100,State Treasurer,,REP,Over Votes,0
Linn,100,State Treasurer,,REP,Under Votes,73
Linn,101,State Treasurer,,REP,Allen Alley,66
Linn,101,State Treasurer,,REP,Write-ins,0
Linn,101,State Treasurer,,REP,Over Votes,0
Linn,101,State Treasurer,,REP,Under Votes,53
Linn,102,State Treasurer,,REP,Allen Alley,142
Linn,102,State Treasurer,,REP,Write-ins,2
Linn,102,State Treasurer,,REP,Over Votes,0
Linn,102,State Treasurer,,REP,Under Votes,63
Linn,103,State Treasurer,,REP,Allen Alley,131
Linn,103,State Treasurer,,REP,Write-ins,2
Linn,103,State Treasurer,,REP,Over Votes,0
Linn,103,State Treasurer,,REP,Under Votes,103
Linn,104,State Treasurer,,REP,Allen Alley,79
Linn,104,State Treasurer,,REP,Write-ins,0
Linn,104,State Treasurer,,REP,Over Votes,0
Linn,104,State Treasurer,,REP,Under Votes,55
Linn,105,State Treasurer,,REP,Allen Alley,56
Linn,105,State Treasurer,,REP,Write-ins,0
Linn,105,State Treasurer,,REP,Over Votes,0
Linn,105,State Treasurer,,REP,Under Votes,27
Linn,106,State Treasurer,,REP,Allen Alley,94
Linn,106,State Treasurer,,REP,Write-ins,1
Linn,106,State Treasurer,,REP,Over Votes,0
Linn,106,State Treasurer,,REP,Under Votes,51
Linn,107,State Treasurer,,REP,Allen Alley,131
Linn,107,State Treasurer,,REP,Write-ins,0
Linn,107,State Treasurer,,REP,Over Votes,0
Linn,107,State Treasurer,,REP,Under Votes,74
Linn,108,State Treasurer,,REP,Allen Alley,206
Linn,108,State Treasurer,,REP,Write-ins,3
Linn,108,State Treasurer,,REP,Over Votes,0
Linn,108,State Treasurer,,REP,Under Votes,95
Linn,1,U.S. House,4,DEM,Peter A. DeFazio,185
Linn,1,U.S. House,4,DEM,Write-ins,2
Linn,1,U.S. House,4,DEM,Over Votes,0
Linn,1,U.S. House,4,DEM,Under Votes,33
Linn,3,U.S. House,4,DEM,Peter A. DeFazio,144
Linn,3,U.S. House,4,DEM,Write-ins,1
Linn,3,U.S. House,4,DEM,Over Votes,0
Linn,3,U.S. House,4,DEM,Under Votes,18
Linn,5,U.S. House,4,DEM,Peter A. DeFazio,159
Linn,5,U.S. House,4,DEM,Write-ins,0
Linn,5,U.S. House,4,DEM,Over Votes,0
Linn,5,U.S. House,4,DEM,Under Votes,20
Linn,8,U.S. House,4,DEM,Peter A. DeFazio,188
Linn,8,U.S. House,4,DEM,Write-ins,2
Linn,8,U.S. House,4,DEM,Over Votes,0
Linn,8,U.S. House,4,DEM,Under Votes,20
Linn,11,U.S. House,4,DEM,Peter A. DeFazio,130
Linn,11,U.S. House,4,DEM,Write-ins,0
Linn,11,U.S. House,4,DEM,Over Votes,0
Linn,11,U.S. House,4,DEM,Under Votes,19
Linn,14,U.S. House,4,DEM,Peter A. DeFazio,150
Linn,14,U.S. House,4,DEM,Write-ins,2
Linn,14,U.S. House,4,DEM,Over Votes,0
Linn,14,U.S. House,4,DEM,Under Votes,34
Linn,15,U.S. House,4,DEM,Peter A. DeFazio,55
Linn,15,U.S. House,4,DEM,Write-ins,0
Linn,15,U.S. House,4,DEM,Over Votes,0
Linn,15,U.S. House,4,DEM,Under Votes,19
Linn,16,U.S. House,4,DEM,Peter A. DeFazio,172
Linn,16,U.S. House,4,DEM,Write-ins,1
Linn,16,U.S. House,4,DEM,Over Votes,0
Linn,16,U.S. House,4,DEM,Under Votes,30
Linn,18,U.S. House,4,DEM,Peter A. DeFazio,468
Linn,18,U.S. House,4,DEM,Write-ins,4
Linn,18,U.S. House,4,DEM,Over Votes,0
Linn,18,U.S. House,4,DEM,Under Votes,97
Linn,19,U.S. House,4,DEM,Peter A. DeFazio,166
Linn,19,U.S. House,4,DEM,Write-ins,1
Linn,19,U.S. House,4,DEM,Over Votes,0
Linn,19,U.S. House,4,DEM,Under Votes,38
Linn,20,U.S. House,4,DEM,Peter A. DeFazio,98
Linn,20,U.S. House,4,DEM,Write-ins,1
Linn,20,U.S. House,4,DEM,Over Votes,0
Linn,20,U.S. House,4,DEM,Under Votes,28
Linn,21,U.S. House,4,DEM,Peter A. DeFazio,67
Linn,21,U.S. House,4,DEM,Write-ins,0
Linn,21,U.S. House,4,DEM,Over Votes,0
Linn,21,U.S. House,4,DEM,Under Votes,13
Linn,22,U.S. House,4,DEM,Peter A. DeFazio,4
Linn,22,U.S. House,4,DEM,Write-ins,0
Linn,22,U.S. House,4,DEM,Over Votes,0
Linn,22,U.S. House,4,DEM,Under Votes,1
Linn,23,U.S. House,4,DEM,Peter A. DeFazio,190
Linn,23,U.S. House,4,DEM,Write-ins,2
Linn,23,U.S. House,4,DEM,Over Votes,0
Linn,23,U.S. House,4,DEM,Under Votes,46
Linn,25,U.S. House,4,DEM,Peter A. DeFazio,178
Linn,25,U.S. House,4,DEM,Write-ins,1
Linn,25,U.S. House,4,DEM,Over Votes,0
Linn,25,U.S. House,4,DEM,Under Votes,29
Linn,26,U.S. House,4,DEM,Peter A. DeFazio,49
Linn,26,U.S. House,4,DEM,Write-ins,1
Linn,26,U.S. House,4,DEM,Over Votes,0
Linn,26,U.S. House,4,DEM,Under Votes,17
Linn,27,U.S. House,4,DEM,Peter A. DeFazio,105
Linn,27,U.S. House,4,DEM,Write-ins,0
Linn,27,U.S. House,4,DEM,Over Votes,0
Linn,27,U.S. House,4,DEM,Under Votes,26
Linn,28,U.S. House,4,DEM,Peter A. DeFazio,100
Linn,28,U.S. House,4,DEM,Write-ins,2
Linn,28,U.S. House,4,DEM,Over Votes,0
Linn,28,U.S. House,4,DEM,Under Votes,16
Linn,29,U.S. House,4,DEM,Peter A. DeFazio,312
Linn,29,U.S. House,4,DEM,Write-ins,6
Linn,29,U.S. House,4,DEM,Over Votes,0
Linn,29,U.S. House,4,DEM,Under Votes,44
Linn,30,U.S. House,4,DEM,Peter A. DeFazio,33
Linn,30,U.S. House,4,DEM,Write-ins,0
Linn,30,U.S. House,4,DEM,Over Votes,0
Linn,30,U.S. House,4,DEM,Under Votes,5
Linn,31,U.S. House,4,DEM,Peter A. DeFazio,186
Linn,31,U.S. House,4,DEM,Write-ins,2
Linn,31,U.S. House,4,DEM,Over Votes,0
Linn,31,U.S. House,4,DEM,Under Votes,32
Linn,32,U.S. House,4,DEM,Peter A. DeFazio,116
Linn,32,U.S. House,4,DEM,Write-ins,0
Linn,32,U.S. House,4,DEM,Over Votes,0
Linn,32,U.S. House,4,DEM,Under Votes,32
Linn,34,U.S. House,4,DEM,Peter A. DeFazio,60
Linn,34,U.S. House,4,DEM,Write-ins,0
Linn,34,U.S. House,4,DEM,Over Votes,0
Linn,34,U.S. House,4,DEM,Under Votes,18
Linn,35,U.S. House,4,DEM,Peter A. DeFazio,258
Linn,35,U.S. House,4,DEM,Write-ins,0
Linn,35,U.S. House,4,DEM,Over Votes,0
Linn,35,U.S. House,4,DEM,Under Votes,46
Linn,36,U.S. House,4,DEM,Peter A. DeFazio,197
Linn,36,U.S. House,4,DEM,Write-ins,0
Linn,36,U.S. House,4,DEM,Over Votes,0
Linn,36,U.S. House,4,DEM,Under Votes,30
Linn,37,U.S. House,4,DEM,Peter A. DeFazio,203
Linn,37,U.S. House,4,DEM,Write-ins,1
Linn,37,U.S. House,4,DEM,Over Votes,0
Linn,37,U.S. House,4,DEM,Under Votes,38
Linn,38,U.S. House,4,DEM,Peter A. DeFazio,169
Linn,38,U.S. House,4,DEM,Write-ins,1
Linn,38,U.S. House,4,DEM,Over Votes,0
Linn,38,U.S. House,4,DEM,Under Votes,41
Linn,39,U.S. House,4,DEM,Peter A. DeFazio,150
Linn,39,U.S. House,4,DEM,Write-ins,3
Linn,39,U.S. House,4,DEM,Over Votes,0
Linn,39,U.S. House,4,DEM,Under Votes,26
Linn,41,U.S. House,4,DEM,Peter A. DeFazio,116
Linn,41,U.S. House,4,DEM,Write-ins,1
Linn,41,U.S. House,4,DEM,Over Votes,0
Linn,41,U.S. House,4,DEM,Under Votes,27
Linn,43,U.S. House,4,DEM,Peter A. DeFazio,147
Linn,43,U.S. House,4,DEM,Write-ins,1
Linn,43,U.S. House,4,DEM,Over Votes,0
Linn,43,U.S. House,4,DEM,Under Votes,30
Linn,44,U.S. House,4,DEM,Peter A. DeFazio,259
Linn,44,U.S. House,4,DEM,Write-ins,2
Linn,44,U.S. House,4,DEM,Over Votes,0
Linn,44,U.S. House,4,DEM,Under Votes,35
Linn,45,U.S. House,4,DEM,Peter A. DeFazio,170
Linn,45,U.S. House,4,DEM,Write-ins,0
Linn,45,U.S. House,4,DEM,Over Votes,0
Linn,45,U.S. House,4,DEM,Under Votes,34
Linn,46,U.S. House,4,DEM,Peter A. DeFazio,196
Linn,46,U.S. House,4,DEM,Write-ins,1
Linn,46,U.S. House,4,DEM,Over Votes,0
Linn,46,U.S. House,4,DEM,Under Votes,50
Linn,47,U.S. House,4,DEM,Peter A. DeFazio,82
Linn,47,U.S. House,4,DEM,Write-ins,0
Linn,47,U.S. House,4,DEM,Over Votes,0
Linn,47,U.S. House,4,DEM,Under Votes,20
Linn,48,U.S. House,4,DEM,Peter A. DeFazio,272
Linn,48,U.S. House,4,DEM,Write-ins,1
Linn,48,U.S. House,4,DEM,Over Votes,0
Linn,48,U.S. House,4,DEM,Under Votes,38
Linn,49,U.S. House,4,DEM,Peter A. DeFazio,14
Linn,49,U.S. House,4,DEM,Write-ins,0
Linn,49,U.S. House,4,DEM,Over Votes,0
Linn,49,U.S. House,4,DEM,Under Votes,1
Linn,51,U.S. House,4,DEM,Peter A. DeFazio,110
Linn,51,U.S. House,4,DEM,Write-ins,2
Linn,51,U.S. House,4,DEM,Over Votes,0
Linn,51,U.S. House,4,DEM,Under Votes,27
Linn,52,U.S. House,4,DEM,Peter A. DeFazio,60
Linn,52,U.S. House,4,DEM,Write-ins,1
Linn,52,U.S. House,4,DEM,Over Votes,0
Linn,52,U.S. House,4,DEM,Under Votes,16
Linn,53,U.S. House,4,DEM,Peter A. DeFazio,130
Linn,53,U.S. House,4,DEM,Write-ins,0
Linn,53,U.S. House,4,DEM,Over Votes,0
Linn,53,U.S. House,4,DEM,Under Votes,33
Linn,54,U.S. House,4,DEM,Peter A. DeFazio,86
Linn,54,U.S. House,4,DEM,Write-ins,2
Linn,54,U.S. House,4,DEM,Over Votes,0
Linn,54,U.S. House,4,DEM,Under Votes,15
Linn,55,U.S. House,4,DEM,Peter A. DeFazio,103
Linn,55,U.S. House,4,DEM,Write-ins,2
Linn,55,U.S. House,4,DEM,Over Votes,0
Linn,55,U.S. House,4,DEM,Under Votes,35
Linn,56,U.S. House,4,DEM,Peter A. DeFazio,144
Linn,56,U.S. House,4,DEM,Write-ins,0
Linn,56,U.S. House,4,DEM,Over Votes,0
Linn,56,U.S. House,4,DEM,Under Votes,34
Linn,57,U.S. House,4,DEM,Peter A. DeFazio,57
Linn,57,U.S. House,4,DEM,Write-ins,0
Linn,57,U.S. House,4,DEM,Over Votes,0
Linn,57,U.S. House,4,DEM,Under Votes,12
Linn,59,U.S. House,4,DEM,Peter A. DeFazio,115
Linn,59,U.S. House,4,DEM,Write-ins,0
Linn,59,U.S. House,4,DEM,Over Votes,0
Linn,59,U.S. House,4,DEM,Under Votes,21
Linn,61,U.S. House,4,DEM,Peter A. DeFazio,83
Linn,61,U.S. House,4,DEM,Write-ins,0
Linn,61,U.S. House,4,DEM,Over Votes,0
Linn,61,U.S. House,4,DEM,Under Votes,17
Linn,62,U.S. House,4,DEM,Peter A. DeFazio,170
Linn,62,U.S. House,4,DEM,Write-ins,1
Linn,62,U.S. House,4,DEM,Over Votes,0
Linn,62,U.S. House,4,DEM,Under Votes,27
Linn,63,U.S. House,4,DEM,Peter A. DeFazio,374
Linn,63,U.S. House,4,DEM,Write-ins,2
Linn,63,U.S. House,4,DEM,Over Votes,0
Linn,63,U.S. House,4,DEM,Under Votes,103
Linn,65,U.S. House,4,DEM,Peter A. DeFazio,9
Linn,65,U.S. House,4,DEM,Write-ins,0
Linn,65,U.S. House,4,DEM,Over Votes,0
Linn,65,U.S. House,4,DEM,Under Votes,4
Linn,66,U.S. House,4,DEM,Peter A. DeFazio,50
Linn,66,U.S. House,4,DEM,Write-ins,0
Linn,66,U.S. House,4,DEM,Over Votes,0
Linn,66,U.S. House,4,DEM,Under Votes,12
Linn,70,U.S. House,4,DEM,Peter A. DeFazio,269
Linn,70,U.S. House,4,DEM,Write-ins,3
Linn,70,U.S. House,4,DEM,Over Votes,0
Linn,70,U.S. House,4,DEM,Under Votes,65
Linn,73,U.S. House,4,DEM,Peter A. DeFazio,196
Linn,73,U.S. House,4,DEM,Write-ins,1
Linn,73,U.S. House,4,DEM,Over Votes,0
Linn,73,U.S. House,4,DEM,Under Votes,33
Linn,75,U.S. House,4,DEM,Peter A. DeFazio,169
Linn,75,U.S. House,4,DEM,Write-ins,0
Linn,75,U.S. House,4,DEM,Over Votes,0
Linn,75,U.S. House,4,DEM,Under Votes,26
Linn,77,U.S. House,4,DEM,Peter A. DeFazio,96
Linn,77,U.S. House,4,DEM,Write-ins,0
Linn,77,U.S. House,4,DEM,Over Votes,0
Linn,77,U.S. House,4,DEM,Under Votes,18
Linn,78,U.S. House,4,DEM,Peter A. DeFazio,170
Linn,78,U.S. House,4,DEM,Write-ins,2
Linn,78,U.S. House,4,DEM,Over Votes,0
Linn,78,U.S. House,4,DEM,Under Votes,24
Linn,79,U.S. House,4,DEM,Peter A. DeFazio,271
Linn,79,U.S. House,4,DEM,Write-ins,2
Linn,79,U.S. House,4,DEM,Over Votes,0
Linn,79,U.S. House,4,DEM,Under Votes,44
Linn,80,U.S. House,4,DEM,Peter A. DeFazio,215
Linn,80,U.S. House,4,DEM,Write-ins,2
Linn,80,U.S. House,4,DEM,Over Votes,0
Linn,80,U.S. House,4,DEM,Under Votes,27
Linn,82,U.S. House,4,DEM,Peter A. DeFazio,86
Linn,82,U.S. House,4,DEM,Write-ins,1
Linn,82,U.S. House,4,DEM,Over Votes,0
Linn,82,U.S. House,4,DEM,Under Votes,18
Linn,84,U.S. House,4,DEM,Peter A. DeFazio,186
Linn,84,U.S. House,4,DEM,Write-ins,2
Linn,84,U.S. House,4,DEM,Over Votes,0
Linn,84,U.S. House,4,DEM,Under Votes,23
Linn,86,U.S. House,4,DEM,Peter A. DeFazio,207
Linn,86,U.S. House,4,DEM,Write-ins,2
Linn,86,U.S. House,4,DEM,Over Votes,0
Linn,86,U.S. House,4,DEM,Under Votes,60
Linn,88,U.S. House,4,DEM,Peter A. DeFazio,187
Linn,88,U.S. House,4,DEM,Write-ins,2
Linn,88,U.S. House,4,DEM,Over Votes,0
Linn,88,U.S. House,4,DEM,Under Votes,41
Linn,89,U.S. House,4,DEM,Peter A. DeFazio,168
Linn,89,U.S. House,4,DEM,Write-ins,2
Linn,89,U.S. House,4,DEM,Over Votes,0
Linn,89,U.S. House,4,DEM,Under Votes,37
Linn,91,U.S. House,4,DEM,Peter A. DeFazio,198
Linn,91,U.S. House,4,DEM,Write-ins,2
Linn,91,U.S. House,4,DEM,Over Votes,0
Linn,91,U.S. House,4,DEM,Under Votes,38
Linn,92,U.S. House,4,DEM,Peter A. DeFazio,334
Linn,92,U.S. House,4,DEM,Write-ins,1
Linn,92,U.S. House,4,DEM,Over Votes,0
Linn,92,U.S. House,4,DEM,Under Votes,61
Linn,93,U.S. House,4,DEM,Peter A. DeFazio,240
Linn,93,U.S. House,4,DEM,Write-ins,0
Linn,93,U.S. House,4,DEM,Over Votes,0
Linn,93,U.S. House,4,DEM,Under Votes,63
Linn,94,U.S. House,4,DEM,Peter A. DeFazio,155
Linn,94,U.S. House,4,DEM,Write-ins,0
Linn,94,U.S. House,4,DEM,Over Votes,0
Linn,94,U.S. House,4,DEM,Under Votes,24
Linn,95,U.S. House,4,DEM,Peter A. DeFazio,204
Linn,95,U.S. House,4,DEM,Write-ins,0
Linn,95,U.S. House,4,DEM,Over Votes,0
Linn,95,U.S. House,4,DEM,Under Votes,47
Linn,96,U.S. House,4,DEM,Peter A. DeFazio,237
Linn,96,U.S. House,4,DEM,Write-ins,0
Linn,96,U.S. House,4,DEM,Over Votes,0
Linn,96,U.S. House,4,DEM,Under Votes,29
Linn,97,U.S. House,4,DEM,Peter A. DeFazio,289
Linn,97,U.S. House,4,DEM,Write-ins,2
Linn,97,U.S. House,4,DEM,Over Votes,0
Linn,97,U.S. House,4,DEM,Under Votes,60
Linn,99,U.S. House,4,DEM,Peter A. DeFazio,77
Linn,99,U.S. House,4,DEM,Write-ins,0
Linn,99,U.S. House,4,DEM,Over Votes,0
Linn,99,U.S. House,4,DEM,Under Votes,16
Linn,100,U.S. House,4,DEM,Peter A. DeFazio,283
Linn,100,U.S. House,4,DEM,Write-ins,1
Linn,100,U.S. House,4,DEM,Over Votes,0
Linn,100,U.S. House,4,DEM,Under Votes,62
Linn,101,U.S. House,4,DEM,Peter A. DeFazio,107
Linn,101,U.S. House,4,DEM,Write-ins,3
Linn,101,U.S. House,4,DEM,Over Votes,0
Linn,101,U.S. House,4,DEM,Under Votes,17
Linn,102,U.S. House,4,DEM,Peter A. DeFazio,263
Linn,102,U.S. House,4,DEM,Write-ins,3
Linn,102,U.S. House,4,DEM,Over Votes,0
Linn,102,U.S. House,4,DEM,Under Votes,49
Linn,103,U.S. House,4,DEM,Peter A. DeFazio,184
Linn,103,U.S. House,4,DEM,Write-ins,0
Linn,103,U.S. House,4,DEM,Over Votes,0
Linn,103,U.S. House,4,DEM,Under Votes,64
Linn,104,U.S. House,4,DEM,Peter A. DeFazio,133
Linn,104,U.S. House,4,DEM,Write-ins,0
Linn,104,U.S. House,4,DEM,Over Votes,0
Linn,104,U.S. House,4,DEM,Under Votes,28
Linn,105,U.S. House,4,DEM,Peter A. DeFazio,132
Linn,105,U.S. House,4,DEM,Write-ins,0
Linn,105,U.S. House,4,DEM,Over Votes,0
Linn,105,U.S. House,4,DEM,Under Votes,42
Linn,106,U.S. House,4,DEM,Peter A. DeFazio,149
Linn,106,U.S. House,4,DEM,Write-ins,1
Linn,106,U.S. House,4,DEM,Over Votes,0
Linn,106,U.S. House,4,DEM,Under Votes,23
Linn,107,U.S. House,4,DEM,Peter A. DeFazio,280
Linn,107,U.S. House,4,DEM,Write-ins,2
Linn,107,U.S. House,4,DEM,Over Votes,0
Linn,107,U.S. House,4,DEM,Under Votes,45
Linn,108,U.S. House,4,DEM,Peter A. DeFazio,361
Linn,108,U.S. House,4,DEM,Write-ins,1
Linn,108,U.S. House,4,DEM,Over Votes,0
Linn,108,U.S. House,4,DEM,Under Votes,65
Linn,1,U.S. House,4,REP,Write-ins,3
Linn,1,U.S. House,4,REP,Over Votes,0
Linn,1,U.S. House,4,REP,Under Votes,102
Linn,3,U.S. House,4,REP,Write-ins,2
Linn,3,U.S. House,4,REP,Over Votes,0
Linn,3,U.S. House,4,REP,Under Votes,80
Linn,5,U.S. House,4,REP,Write-ins,3
Linn,5,U.S. House,4,REP,Over Votes,0
Linn,5,U.S. House,4,REP,Under Votes,77
Linn,8,U.S. House,4,REP,Write-ins,3
Linn,8,U.S. House,4,REP,Over Votes,0
Linn,8,U.S. House,4,REP,Under Votes,123
Linn,11,U.S. House,4,REP,Write-ins,4
Linn,11,U.S. House,4,REP,Over Votes,0
Linn,11,U.S. House,4,REP,Under Votes,74
Linn,14,U.S. House,4,REP,Write-ins,4
Linn,14,U.S. House,4,REP,Over Votes,0
Linn,14,U.S. House,4,REP,Under Votes,82
Linn,15,U.S. House,4,REP,Write-ins,0
Linn,15,U.S. House,4,REP,Over Votes,0
Linn,15,U.S. House,4,REP,Under Votes,33
Linn,16,U.S. House,4,REP,Write-ins,4
Linn,16,U.S. House,4,REP,Over Votes,0
Linn,16,U.S. House,4,REP,Under Votes,100
Linn,18,U.S. House,4,REP,Write-ins,16
Linn,18,U.S. House,4,REP,Over Votes,0
Linn,18,U.S. House,4,REP,Under Votes,389
Linn,19,U.S. House,4,REP,Write-ins,5
Linn,19,U.S. House,4,REP,Over Votes,0
Linn,19,U.S. House,4,REP,Under Votes,214
Linn,20,U.S. House,4,REP,Write-ins,3
Linn,20,U.S. House,4,REP,Over Votes,0
Linn,20,U.S. House,4,REP,Under Votes,111
Linn,21,U.S. House,4,REP,Write-ins,3
Linn,21,U.S. House,4,REP,Over Votes,0
Linn,21,U.S. House,4,REP,Under Votes,99
Linn,22,U.S. House,4,REP,Write-ins,0
Linn,22,U.S. House,4,REP,Over Votes,0
Linn,22,U.S. House,4,REP,Under Votes,13
Linn,23,U.S. House,4,REP,Write-ins,6
Linn,23,U.S. House,4,REP,Over Votes,0
Linn,23,U.S. House,4,REP,Under Votes,208
Linn,25,U.S. House,4,REP,Write-ins,5
Linn,25,U.S. House,4,REP,Over Votes,0
Linn,25,U.S. House,4,REP,Under Votes,141
Linn,26,U.S. House,4,REP,Write-ins,2
Linn,26,U.S. House,4,REP,Over Votes,0
Linn,26,U.S. House,4,REP,Under Votes,60
Linn,27,U.S. House,4,REP,Write-ins,7
Linn,27,U.S. House,4,REP,Over Votes,0
Linn,27,U.S. House,4,REP,Under Votes,148
Linn,28,U.S. House,4,REP,Write-ins,7
Linn,28,U.S. House,4,REP,Over Votes,0
Linn,28,U.S. House,4,REP,Under Votes,139
Linn,29,U.S. House,4,REP,Write-ins,14
Linn,29,U.S. House,4,REP,Over Votes,0
Linn,29,U.S. House,4,REP,Under Votes,326
Linn,30,U.S. House,4,REP,Write-ins,3
Linn,30,U.S. House,4,REP,Over Votes,0
Linn,30,U.S. House,4,REP,Under Votes,58
Linn,31,U.S. House,4,REP,Write-ins,2
Linn,31,U.S. House,4,REP,Over Votes,0
Linn,31,U.S. House,4,REP,Under Votes,207
Linn,32,U.S. House,4,REP,Write-ins,6
Linn,32,U.S. House,4,REP,Over Votes,0
Linn,32,U.S. House,4,REP,Under Votes,162
Linn,34,U.S. House,4,REP,Write-ins,4
Linn,34,U.S. House,4,REP,Over Votes,0
Linn,34,U.S. House,4,REP,Under Votes,67
Linn,35,U.S. House,4,REP,Write-ins,5
Linn,35,U.S. House,4,REP,Over Votes,0
Linn,35,U.S. House,4,REP,Under Votes,266
Linn,36,U.S. House,4,REP,Write-ins,4
Linn,36,U.S. House,4,REP,Over Votes,0
Linn,36,U.S. House,4,REP,Under Votes,164
Linn,37,U.S. House,4,REP,Write-ins,6
Linn,37,U.S. House,4,REP,Over Votes,0
Linn,37,U.S. House,4,REP,Under Votes,170
Linn,38,U.S. House,4,REP,Write-ins,6
Linn,38,U.S. House,4,REP,Over Votes,0
Linn,38,U.S. House,4,REP,Under Votes,135
Linn,39,U.S. House,4,REP,Write-ins,5
Linn,39,U.S. House,4,REP,Over Votes,0
Linn,39,U.S. House,4,REP,Under Votes,121
Linn,41,U.S. House,4,REP,Write-ins,4
Linn,41,U.S. House,4,REP,Over Votes,0
Linn,41,U.S. House,4,REP,Under Votes,101
Linn,43,U.S. House,4,REP,Write-ins,1
Linn,43,U.S. House,4,REP,Over Votes,0
Linn,43,U.S. House,4,REP,Under Votes,122
Linn,44,U.S. House,4,REP,Write-ins,7
Linn,44,U.S. House,4,REP,Over Votes,0
Linn,44,U.S. House,4,REP,Under Votes,216
Linn,45,U.S. House,4,REP,Write-ins,7
Linn,45,U.S. House,4,REP,Over Votes,0
Linn,45,U.S. House,4,REP,Under Votes,186
Linn,46,U.S. House,4,REP,Write-ins,5
Linn,46,U.S. House,4,REP,Over Votes,0
Linn,46,U.S. House,4,REP,Under Votes,195
Linn,47,U.S. House,4,REP,Write-ins,2
Linn,47,U.S. House,4,REP,Over Votes,0
Linn,47,U.S. House,4,REP,Under Votes,57
Linn,48,U.S. House,4,REP,Write-ins,6
Linn,48,U.S. House,4,REP,Over Votes,0
Linn,48,U.S. House,4,REP,Under Votes,257
Linn,49,U.S. House,4,REP,Write-ins,0
Linn,49,U.S. House,4,REP,Over Votes,0
Linn,49,U.S. House,4,REP,Under Votes,12
Linn,51,U.S. House,4,REP,Write-ins,3
Linn,51,U.S. House,4,REP,Over Votes,0
Linn,51,U.S. House,4,REP,Under Votes,187
Linn,52,U.S. House,4,REP,Write-ins,0
Linn,52,U.S. House,4,REP,Over Votes,0
Linn,52,U.S. House,4,REP,Under Votes,72
Linn,53,U.S. House,4,REP,Write-ins,6
Linn,53,U.S. House,4,REP,Over Votes,0
Linn,53,U.S. House,4,REP,Under Votes,210
Linn,54,U.S. House,4,REP,Write-ins,2
Linn,54,U.S. House,4,REP,Over Votes,0
Linn,54,U.S. House,4,REP,Under Votes,95
Linn,55,U.S. House,4,REP,Write-ins,0
Linn,55,U.S. House,4,REP,Over Votes,0
Linn,55,U.S. House,4,REP,Under Votes,136
Linn,56,U.S. House,4,REP,Write-ins,7
Linn,56,U.S. House,4,REP,Over Votes,0
Linn,56,U.S. House,4,REP,Under Votes,151
Linn,57,U.S. House,4,REP,Write-ins,2
Linn,57,U.S. House,4,REP,Over Votes,0
Linn,57,U.S. House,4,REP,Under Votes,62
Linn,59,U.S. House,4,REP,Write-ins,4
Linn,59,U.S. House,4,REP,Over Votes,0
Linn,59,U.S. House,4,REP,Under Votes,87
Linn,61,U.S. House,4,REP,Write-ins,1
Linn,61,U.S. House,4,REP,Over Votes,0
Linn,61,U.S. House,4,REP,Under Votes,82
Linn,62,U.S. House,4,REP,Write-ins,1
Linn,62,U.S. House,4,REP,Over Votes,0
Linn,62,U.S. House,4,REP,Under Votes,132
Linn,63,U.S. House,4,REP,Write-ins,6
Linn,63,U.S. House,4,REP,Over Votes,0
Linn,63,U.S. House,4,REP,Under Votes,431
Linn,65,U.S. House,4,REP,Write-ins,0
Linn,65,U.S. House,4,REP,Over Votes,0
Linn,65,U.S. House,4,REP,Under Votes,14
Linn,66,U.S. House,4,REP,Write-ins,2
Linn,66,U.S. House,4,REP,Over Votes,0
Linn,66,U.S. House,4,REP,Under Votes,58
Linn,70,U.S. House,4,REP,Write-ins,3
Linn,70,U.S. House,4,REP,Over Votes,0
Linn,70,U.S. House,4,REP,Under Votes,271
Linn,73,U.S. House,4,REP,Write-ins,9
Linn,73,U.S. House,4,REP,Over Votes,0
Linn,73,U.S. House,4,REP,Under Votes,166
Linn,75,U.S. House,4,REP,Write-ins,2
Linn,75,U.S. House,4,REP,Over Votes,0
Linn,75,U.S. House,4,REP,Under Votes,216
Linn,77,U.S. House,4,REP,Write-ins,3
Linn,77,U.S. House,4,REP,Over Votes,0
Linn,77,U.S. House,4,REP,Under Votes,75
Linn,78,U.S. House,4,REP,Write-ins,5
Linn,78,U.S. House,4,REP,Over Votes,0
Linn,78,U.S. House,4,REP,Under Votes,144
Linn,79,U.S. House,4,REP,Write-ins,5
Linn,79,U.S. House,4,REP,Over Votes,0
Linn,79,U.S. House,4,REP,Under Votes,201
Linn,80,U.S. House,4,REP,Write-ins,5
Linn,80,U.S. House,4,REP,Over Votes,0
Linn,80,U.S. House,4,REP,Under Votes,177
Linn,82,U.S. House,4,REP,Write-ins,3
Linn,82,U.S. House,4,REP,Over Votes,0
Linn,82,U.S. House,4,REP,Under Votes,66
Linn,84,U.S. House,4,REP,Write-ins,2
Linn,84,U.S. House,4,REP,Over Votes,0
Linn,84,U.S. House,4,REP,Under Votes,105
Linn,86,U.S. House,4,REP,Write-ins,7
Linn,86,U.S. House,4,REP,Over Votes,0
Linn,86,U.S. House,4,REP,Under Votes,266
Linn,88,U.S. House,4,REP,Write-ins,3
Linn,88,U.S. House,4,REP,Over Votes,0
Linn,88,U.S. House,4,REP,Under Votes,142
Linn,89,U.S. House,4,REP,Write-ins,4
Linn,89,U.S. House,4,REP,Over Votes,0
Linn,89,U.S. House,4,REP,Under Votes,166
Linn,91,U.S. House,4,REP,Write-ins,2
Linn,91,U.S. House,4,REP,Over Votes,0
Linn,91,U.S. House,4,REP,Under Votes,134
Linn,92,U.S. House,4,REP,Write-ins,6
Linn,92,U.S. House,4,REP,Over Votes,0
Linn,92,U.S. House,4,REP,Under Votes,258
Linn,93,U.S. House,4,REP,Write-ins,8
Linn,93,U.S. House,4,REP,Over Votes,0
Linn,93,U.S. House,4,REP,Under Votes,185
Linn,94,U.S. House,4,REP,Write-ins,2
Linn,94,U.S. House,4,REP,Over Votes,0
Linn,94,U.S. House,4,REP,Under Votes,120
Linn,95,U.S. House,4,REP,Write-ins,6
Linn,95,U.S. House,4,REP,Over Votes,0
Linn,95,U.S. House,4,REP,Under Votes,199
Linn,96,U.S. House,4,REP,Write-ins,4
Linn,96,U.S. House,4,REP,Over Votes,0
Linn,96,U.S. House,4,REP,Under Votes,259
Linn,97,U.S. House,4,REP,Write-ins,8
Linn,97,U.S. House,4,REP,Over Votes,0
Linn,97,U.S. House,4,REP,Under Votes,338
Linn,99,U.S. House,4,REP,Write-ins,2
Linn,99,U.S. House,4,REP,Over Votes,0
Linn,99,U.S. House,4,REP,Under Votes,77
Linn,100,U.S. House,4,REP,Write-ins,9
Linn,100,U.S. House,4,REP,Over Votes,0
Linn,100,U.S. House,4,REP,Under Votes,230
Linn,101,U.S. House,4,REP,Write-ins,3
Linn,101,U.S. House,4,REP,Over Votes,0
Linn,101,U.S. House,4,REP,Under Votes,116
Linn,102,U.S. House,4,REP,Write-ins,6
Linn,102,U.S. House,4,REP,Over Votes,0
Linn,102,U.S. House,4,REP,Under Votes,201
Linn,103,U.S. House,4,REP,Write-ins,3
Linn,103,U.S. House,4,REP,Over Votes,0
Linn,103,U.S. House,4,REP,Under Votes,233
Linn,104,U.S. House,4,REP,Write-ins,3
Linn,104,U.S. House,4,REP,Over Votes,0
Linn,104,U.S. House,4,REP,Under Votes,131
Linn,105,U.S. House,4,REP,Write-ins,0
Linn,105,U.S. House,4,REP,Over Votes,0
Linn,105,U.S. House,4,REP,Under Votes,83
Linn,106,U.S. House,4,REP,Write-ins,2
Linn,106,U.S. House,4,REP,Over Votes,0
Linn,106,U.S. House,4,REP,Under Votes,144
Linn,107,U.S. House,4,REP,Write-ins,4
Linn,107,U.S. House,4,REP,Over Votes,0
Linn,107,U.S. House,4,REP,Under Votes,201
Linn,108,U.S. House,4,REP,Write-ins,8
Linn,108,U.S. House,4,REP,Over Votes,0
Linn,108,U.S. House,4,REP,Under Votes,296
Linn,1,U.S. Senate,,DEM,Pavel Goberman,0
Linn,1,U.S. Senate,,DEM,Jeff Merkley,75
Linn,1,U.S. Senate,,DEM,Roger S. Obrist,3
Linn,1,U.S. Senate,,DEM,David Loera,3
Linn,1,U.S. Senate,,DEM,Candy Neville,9
Linn,1,U.S. Senate,,DEM,Steve Novick,98
Linn,1,U.S. Senate,,DEM,Write-ins,0
Linn,1,U.S. Senate,,DEM,Over Votes,0
Linn,1,U.S. Senate,,DEM,Under Votes,32
Linn,3,U.S. Senate,,DEM,Pavel Goberman,2
Linn,3,U.S. Senate,,DEM,Jeff Merkley,51
Linn,3,U.S. Senate,,DEM,Roger S. Obrist,1
Linn,3,U.S. Senate,,DEM,David Loera,0
Linn,3,U.S. Senate,,DEM,Candy Neville,3
Linn,3,U.S. Senate,,DEM,Steve Novick,84
Linn,3,U.S. Senate,,DEM,Write-ins,0
Linn,3,U.S. Senate,,DEM,Over Votes,0
Linn,3,U.S. Senate,,DEM,Under Votes,22
Linn,5,U.S. Senate,,DEM,Pavel Goberman,4
Linn,5,U.S. Senate,,DEM,Jeff Merkley,69
Linn,5,U.S. Senate,,DEM,Roger S. Obrist,3
Linn,5,U.S. Senate,,DEM,David Loera,3
Linn,5,U.S. Senate,,DEM,Candy Neville,19
Linn,5,U.S. Senate,,DEM,Steve Novick,59
Linn,5,U.S. Senate,,DEM,Write-ins,0
Linn,5,U.S. Senate,,DEM,Over Votes,0
Linn,5,U.S. Senate,,DEM,Under Votes,22
Linn,8,U.S. Senate,,DEM,Pavel Goberman,5
Linn,8,U.S. Senate,,DEM,Jeff Merkley,70
Linn,8,U.S. Senate,,DEM,Roger S. Obrist,5
Linn,8,U.S. Senate,,DEM,David Loera,3
Linn,8,U.S. Senate,,DEM,Candy Neville,19
Linn,8,U.S. Senate,,DEM,Steve Novick,78
Linn,8,U.S. Senate,,DEM,Write-ins,0
Linn,8,U.S. Senate,,DEM,Over Votes,0
Linn,8,U.S. Senate,,DEM,Under Votes,30
Linn,11,U.S. Senate,,DEM,Pavel Goberman,4
Linn,11,U.S. Senate,,DEM,Jeff Merkley,46
Linn,11,U.S. Senate,,DEM,Roger S. Obrist,2
Linn,11,U.S. Senate,,DEM,David Loera,2
Linn,11,U.S. Senate,,DEM,Candy Neville,7
Linn,11,U.S. Senate,,DEM,Steve Novick,63
Linn,11,U.S. Senate,,DEM,Write-ins,2
Linn,11,U.S. Senate,,DEM,Over Votes,0
Linn,11,U.S. Senate,,DEM,Under Votes,23
Linn,14,U.S. Senate,,DEM,Pavel Goberman,4
Linn,14,U.S. Senate,,DEM,Jeff Merkley,66
Linn,14,U.S. Senate,,DEM,Roger S. Obrist,8
Linn,14,U.S. Senate,,DEM,David Loera,2
Linn,14,U.S. Senate,,DEM,Candy Neville,17
Linn,14,U.S. Senate,,DEM,Steve Novick,71
Linn,14,U.S. Senate,,DEM,Write-ins,0
Linn,14,U.S. Senate,,DEM,Over Votes,1
Linn,14,U.S. Senate,,DEM,Under Votes,17
Linn,15,U.S. Senate,,DEM,Pavel Goberman,3
Linn,15,U.S. Senate,,DEM,Jeff Merkley,32
Linn,15,U.S. Senate,,DEM,Roger S. Obrist,4
Linn,15,U.S. Senate,,DEM,David Loera,1
Linn,15,U.S. Senate,,DEM,Candy Neville,5
Linn,15,U.S. Senate,,DEM,Steve Novick,14
Linn,15,U.S. Senate,,DEM,Write-ins,1
Linn,15,U.S. Senate,,DEM,Over Votes,1
Linn,15,U.S. Senate,,DEM,Under Votes,13
Linn,16,U.S. Senate,,DEM,Pavel Goberman,1
Linn,16,U.S. Senate,,DEM,Jeff Merkley,84
Linn,16,U.S. Senate,,DEM,Roger S. Obrist,0
Linn,16,U.S. Senate,,DEM,David Loera,2
Linn,16,U.S. Senate,,DEM,Candy Neville,15
Linn,16,U.S. Senate,,DEM,Steve Novick,68
Linn,16,U.S. Senate,,DEM,Write-ins,0
Linn,16,U.S. Senate,,DEM,Over Votes,1
Linn,16,U.S. Senate,,DEM,Under Votes,32
Linn,18,U.S. Senate,,DEM,Pavel Goberman,17
Linn,18,U.S. Senate,,DEM,Jeff Merkley,206
Linn,18,U.S. Senate,,DEM,Roger S. Obrist,14
Linn,18,U.S. Senate,,DEM,David Loera,13
Linn,18,U.S. Senate,,DEM,Candy Neville,44
Linn,18,U.S. Senate,,DEM,Steve Novick,183
Linn,18,U.S. Senate,,DEM,Write-ins,1
Linn,18,U.S. Senate,,DEM,Over Votes,0
Linn,18,U.S. Senate,,DEM,Under Votes,91
Linn,19,U.S. Senate,,DEM,Pavel Goberman,5
Linn,19,U.S. Senate,,DEM,Jeff Merkley,76
Linn,19,U.S. Senate,,DEM,Roger S. Obrist,5
Linn,19,U.S. Senate,,DEM,David Loera,2
Linn,19,U.S. Senate,,DEM,Candy Neville,11
Linn,19,U.S. Senate,,DEM,Steve Novick,67
Linn,19,U.S. Senate,,DEM,Write-ins,1
Linn,19,U.S. Senate,,DEM,Over Votes,1
Linn,19,U.S. Senate,,DEM,Under Votes,37
Linn,20,U.S. Senate,,DEM,Pavel Goberman,4
Linn,20,U.S. Senate,,DEM,Jeff Merkley,41
Linn,20,U.S. Senate,,DEM,Roger S. Obrist,2
Linn,20,U.S. Senate,,DEM,David Loera,0
Linn,20,U.S. Senate,,DEM,Candy Neville,13
Linn,20,U.S. Senate,,DEM,Steve Novick,33
Linn,20,U.S. Senate,,DEM,Write-ins,1
Linn,20,U.S. Senate,,DEM,Over Votes,0
Linn,20,U.S. Senate,,DEM,Under Votes,33
Linn,21,U.S. Senate,,DEM,Pavel Goberman,0
Linn,21,U.S. Senate,,DEM,Jeff Merkley,34
Linn,21,U.S. Senate,,DEM,Roger S. Obrist,2
Linn,21,U.S. Senate,,DEM,David Loera,0
Linn,21,U.S. Senate,,DEM,Candy Neville,9
Linn,21,U.S. Senate,,DEM,Steve Novick,20
Linn,21,U.S. Senate,,DEM,Write-ins,0
Linn,21,U.S. Senate,,DEM,Over Votes,0
Linn,21,U.S. Senate,,DEM,Under Votes,15
Linn,22,U.S. Senate,,DEM,Pavel Goberman,0
Linn,22,U.S. Senate,,DEM,Jeff Merkley,2
Linn,22,U.S. Senate,,DEM,Roger S. Obrist,0
Linn,22,U.S. Senate,,DEM,David Loera,0
Linn,22,U.S. Senate,,DEM,Candy Neville,0
Linn,22,U.S. Senate,,DEM,Steve Novick,2
Linn,22,U.S. Senate,,DEM,Write-ins,0
Linn,22,U.S. Senate,,DEM,Over Votes,0
Linn,22,U.S. Senate,,DEM,Under Votes,1
Linn,23,U.S. Senate,,DEM,Pavel Goberman,3
Linn,23,U.S. Senate,,DEM,Jeff Merkley,82
Linn,23,U.S. Senate,,DEM,Roger S. Obrist,8
Linn,23,U.S. Senate,,DEM,David Loera,2
Linn,23,U.S. Senate,,DEM,Candy Neville,20
Linn,23,U.S. Senate,,DEM,Steve Novick,78
Linn,23,U.S. Senate,,DEM,Write-ins,1
Linn,23,U.S. Senate,,DEM,Over Votes,0
Linn,23,U.S. Senate,,DEM,Under Votes,44
Linn,25,U.S. Senate,,DEM,Pavel Goberman,15
Linn,25,U.S. Senate,,DEM,Jeff Merkley,73
Linn,25,U.S. Senate,,DEM,Roger S. Obrist,8
Linn,25,U.S. Senate,,DEM,David Loera,4
Linn,25,U.S. Senate,,DEM,Candy Neville,20
Linn,25,U.S. Senate,,DEM,Steve Novick,49
Linn,25,U.S. Senate,,DEM,Write-ins,1
Linn,25,U.S. Senate,,DEM,Over Votes,0
Linn,25,U.S. Senate,,DEM,Under Votes,38
Linn,26,U.S. Senate,,DEM,Pavel Goberman,2
Linn,26,U.S. Senate,,DEM,Jeff Merkley,14
Linn,26,U.S. Senate,,DEM,Roger S. Obrist,0
Linn,26,U.S. Senate,,DEM,David Loera,3
Linn,26,U.S. Senate,,DEM,Candy Neville,9
Linn,26,U.S. Senate,,DEM,Steve Novick,30
Linn,26,U.S. Senate,,DEM,Write-ins,0
Linn,26,U.S. Senate,,DEM,Over Votes,0
Linn,26,U.S. Senate,,DEM,Under Votes,9
Linn,27,U.S. Senate,,DEM,Pavel Goberman,1
Linn,27,U.S. Senate,,DEM,Jeff Merkley,58
Linn,27,U.S. Senate,,DEM,Roger S. Obrist,2
Linn,27,U.S. Senate,,DEM,David Loera,4
Linn,27,U.S. Senate,,DEM,Candy Neville,9
Linn,27,U.S. Senate,,DEM,Steve Novick,29
Linn,27,U.S. Senate,,DEM,Write-ins,3
Linn,27,U.S. Senate,,DEM,Over Votes,0
Linn,27,U.S. Senate,,DEM,Under Votes,25
Linn,28,U.S. Senate,,DEM,Pavel Goberman,1
Linn,28,U.S. Senate,,DEM,Jeff Merkley,48
Linn,28,U.S. Senate,,DEM,Roger S. Obrist,2
Linn,28,U.S. Senate,,DEM,David Loera,0
Linn,28,U.S. Senate,,DEM,Candy Neville,8
Linn,28,U.S. Senate,,DEM,Steve Novick,33
Linn,28,U.S. Senate,,DEM,Write-ins,1
Linn,28,U.S. Senate,,DEM,Over Votes,0
Linn,28,U.S. Senate,,DEM,Under Votes,25
Linn,29,U.S. Senate,,DEM,Pavel Goberman,10
Linn,29,U.S. Senate,,DEM,Jeff Merkley,153
Linn,29,U.S. Senate,,DEM,Roger S. Obrist,7
Linn,29,U.S. Senate,,DEM,David Loera,5
Linn,29,U.S. Senate,,DEM,Candy Neville,24
Linn,29,U.S. Senate,,DEM,Steve Novick,91
Linn,29,U.S. Senate,,DEM,Write-ins,1
Linn,29,U.S. Senate,,DEM,Over Votes,0
Linn,29,U.S. Senate,,DEM,Under Votes,71
Linn,30,U.S. Senate,,DEM,Pavel Goberman,0
Linn,30,U.S. Senate,,DEM,Jeff Merkley,17
Linn,30,U.S. Senate,,DEM,Roger S. Obrist,0
Linn,30,U.S. Senate,,DEM,David Loera,0
Linn,30,U.S. Senate,,DEM,Candy Neville,4
Linn,30,U.S. Senate,,DEM,Steve Novick,8
Linn,30,U.S. Senate,,DEM,Write-ins,0
Linn,30,U.S. Senate,,DEM,Over Votes,0
Linn,30,U.S. Senate,,DEM,Under Votes,9
Linn,31,U.S. Senate,,DEM,Pavel Goberman,10
Linn,31,U.S. Senate,,DEM,Jeff Merkley,84
Linn,31,U.S. Senate,,DEM,Roger S. Obrist,5
Linn,31,U.S. Senate,,DEM,David Loera,4
Linn,31,U.S. Senate,,DEM,Candy Neville,19
Linn,31,U.S. Senate,,DEM,Steve Novick,62
Linn,31,U.S. Senate,,DEM,Write-ins,0
Linn,31,U.S. Senate,,DEM,Over Votes,0
Linn,31,U.S. Senate,,DEM,Under Votes,36
Linn,32,U.S. Senate,,DEM,Pavel Goberman,1
Linn,32,U.S. Senate,,DEM,Jeff Merkley,53
Linn,32,U.S. Senate,,DEM,Roger S. Obrist,8
Linn,32,U.S. Senate,,DEM,David Loera,1
Linn,32,U.S. Senate,,DEM,Candy Neville,10
Linn,32,U.S. Senate,,DEM,Steve Novick,45
Linn,32,U.S. Senate,,DEM,Write-ins,3
Linn,32,U.S. Senate,,DEM,Over Votes,0
Linn,32,U.S. Senate,,DEM,Under Votes,27
Linn,34,U.S. Senate,,DEM,Pavel Goberman,1
Linn,34,U.S. Senate,,DEM,Jeff Merkley,30
Linn,34,U.S. Senate,,DEM,Roger S. Obrist,3
Linn,34,U.S. Senate,,DEM,David Loera,0
Linn,34,U.S. Senate,,DEM,Candy Neville,2
Linn,34,U.S. Senate,,DEM,Steve Novick,26
Linn,34,U.S. Senate,,DEM,Write-ins,0
Linn,34,U.S. Senate,,DEM,Over Votes,0
Linn,34,U.S. Senate,,DEM,Under Votes,16
Linn,35,U.S. Senate,,DEM,Pavel Goberman,7
Linn,35,U.S. Senate,,DEM,Jeff Merkley,115
Linn,35,U.S. Senate,,DEM,Roger S. Obrist,11
Linn,35,U.S. Senate,,DEM,David Loera,2
Linn,35,U.S. Senate,,DEM,Candy Neville,22
Linn,35,U.S. Senate,,DEM,Steve Novick,107
Linn,35,U.S. Senate,,DEM,Write-ins,3
Linn,35,U.S. Senate,,DEM,Over Votes,0
Linn,35,U.S. Senate,,DEM,Under Votes,37
Linn,36,U.S. Senate,,DEM,Pavel Goberman,7
Linn,36,U.S. Senate,,DEM,Jeff Merkley,102
Linn,36,U.S. Senate,,DEM,Roger S. Obrist,5
Linn,36,U.S. Senate,,DEM,David Loera,2
Linn,36,U.S. Senate,,DEM,Candy Neville,12
Linn,36,U.S. Senate,,DEM,Steve Novick,66
Linn,36,U.S. Senate,,DEM,Write-ins,1
Linn,36,U.S. Senate,,DEM,Over Votes,0
Linn,36,U.S. Senate,,DEM,Under Votes,32
Linn,37,U.S. Senate,,DEM,Pavel Goberman,6
Linn,37,U.S. Senate,,DEM,Jeff Merkley,91
Linn,37,U.S. Senate,,DEM,Roger S. Obrist,3
Linn,37,U.S. Senate,,DEM,David Loera,1
Linn,37,U.S. Senate,,DEM,Candy Neville,24
Linn,37,U.S. Senate,,DEM,Steve Novick,80
Linn,37,U.S. Senate,,DEM,Write-ins,0
Linn,37,U.S. Senate,,DEM,Over Votes,0
Linn,37,U.S. Senate,,DEM,Under Votes,37
Linn,38,U.S. Senate,,DEM,Pavel Goberman,3
Linn,38,U.S. Senate,,DEM,Jeff Merkley,85
Linn,38,U.S. Senate,,DEM,Roger S. Obrist,1
Linn,38,U.S. Senate,,DEM,David Loera,3
Linn,38,U.S. Senate,,DEM,Candy Neville,15
Linn,38,U.S. Senate,,DEM,Steve Novick,69
Linn,38,U.S. Senate,,DEM,Write-ins,4
Linn,38,U.S. Senate,,DEM,Over Votes,0
Linn,38,U.S. Senate,,DEM,Under Votes,31
Linn,39,U.S. Senate,,DEM,Pavel Goberman,1
Linn,39,U.S. Senate,,DEM,Jeff Merkley,59
Linn,39,U.S. Senate,,DEM,Roger S. Obrist,3
Linn,39,U.S. Senate,,DEM,David Loera,2
Linn,39,U.S. Senate,,DEM,Candy Neville,14
Linn,39,U.S. Senate,,DEM,Steve Novick,63
Linn,39,U.S. Senate,,DEM,Write-ins,1
Linn,39,U.S. Senate,,DEM,Over Votes,0
Linn,39,U.S. Senate,,DEM,Under Votes,36
Linn,41,U.S. Senate,,DEM,Pavel Goberman,1
Linn,41,U.S. Senate,,DEM,Jeff Merkley,48
Linn,41,U.S. Senate,,DEM,Roger S. Obrist,2
Linn,41,U.S. Senate,,DEM,David Loera,1
Linn,41,U.S. Senate,,DEM,Candy Neville,8
Linn,41,U.S. Senate,,DEM,Steve Novick,52
Linn,41,U.S. Senate,,DEM,Write-ins,1
Linn,41,U.S. Senate,,DEM,Over Votes,0
Linn,41,U.S. Senate,,DEM,Under Votes,31
Linn,43,U.S. Senate,,DEM,Pavel Goberman,5
Linn,43,U.S. Senate,,DEM,Jeff Merkley,66
Linn,43,U.S. Senate,,DEM,Roger S. Obrist,2
Linn,43,U.S. Senate,,DEM,David Loera,3
Linn,43,U.S. Senate,,DEM,Candy Neville,13
Linn,43,U.S. Senate,,DEM,Steve Novick,58
Linn,43,U.S. Senate,,DEM,Write-ins,0
Linn,43,U.S. Senate,,DEM,Over Votes,0
Linn,43,U.S. Senate,,DEM,Under Votes,31
Linn,44,U.S. Senate,,DEM,Pavel Goberman,6
Linn,44,U.S. Senate,,DEM,Jeff Merkley,125
Linn,44,U.S. Senate,,DEM,Roger S. Obrist,1
Linn,44,U.S. Senate,,DEM,David Loera,2
Linn,44,U.S. Senate,,DEM,Candy Neville,22
Linn,44,U.S. Senate,,DEM,Steve Novick,85
Linn,44,U.S. Senate,,DEM,Write-ins,2
Linn,44,U.S. Senate,,DEM,Over Votes,0
Linn,44,U.S. Senate,,DEM,Under Votes,53
Linn,45,U.S. Senate,,DEM,Pavel Goberman,7
Linn,45,U.S. Senate,,DEM,Jeff Merkley,79
Linn,45,U.S. Senate,,DEM,Roger S. Obrist,6
Linn,45,U.S. Senate,,DEM,David Loera,0
Linn,45,U.S. Senate,,DEM,Candy Neville,18
Linn,45,U.S. Senate,,DEM,Steve Novick,67
Linn,45,U.S. Senate,,DEM,Write-ins,0
Linn,45,U.S. Senate,,DEM,Over Votes,0
Linn,45,U.S. Senate,,DEM,Under Votes,27
Linn,46,U.S. Senate,,DEM,Pavel Goberman,3
Linn,46,U.S. Senate,,DEM,Jeff Merkley,110
Linn,46,U.S. Senate,,DEM,Roger S. Obrist,1
Linn,46,U.S. Senate,,DEM,David Loera,3
Linn,46,U.S. Senate,,DEM,Candy Neville,19
Linn,46,U.S. Senate,,DEM,Steve Novick,66
Linn,46,U.S. Senate,,DEM,Write-ins,2
Linn,46,U.S. Senate,,DEM,Over Votes,0
Linn,46,U.S. Senate,,DEM,Under Votes,43
Linn,47,U.S. Senate,,DEM,Pavel Goberman,2
Linn,47,U.S. Senate,,DEM,Jeff Merkley,27
Linn,47,U.S. Senate,,DEM,Roger S. Obrist,3
Linn,47,U.S. Senate,,DEM,David Loera,0
Linn,47,U.S. Senate,,DEM,Candy Neville,4
Linn,47,U.S. Senate,,DEM,Steve Novick,47
Linn,47,U.S. Senate,,DEM,Write-ins,0
Linn,47,U.S. Senate,,DEM,Over Votes,0
Linn,47,U.S. Senate,,DEM,Under Votes,19
Linn,48,U.S. Senate,,DEM,Pavel Goberman,2
Linn,48,U.S. Senate,,DEM,Jeff Merkley,120
Linn,48,U.S. Senate,,DEM,Roger S. Obrist,9
Linn,48,U.S. Senate,,DEM,David Loera,4
Linn,48,U.S. Senate,,DEM,Candy Neville,21
Linn,48,U.S. Senate,,DEM,Steve Novick,107
Linn,48,U.S. Senate,,DEM,Write-ins,1
Linn,48,U.S. Senate,,DEM,Over Votes,0
Linn,48,U.S. Senate,,DEM,Under Votes,47
Linn,49,U.S. Senate,,DEM,Pavel Goberman,0
Linn,49,U.S. Senate,,DEM,Jeff Merkley,5
Linn,49,U.S. Senate,,DEM,Roger S. Obrist,0
Linn,49,U.S. Senate,,DEM,David Loera,1
Linn,49,U.S. Senate,,DEM,Candy Neville,2
Linn,49,U.S. Senate,,DEM,Steve Novick,6
Linn,49,U.S. Senate,,DEM,Write-ins,0
Linn,49,U.S. Senate,,DEM,Over Votes,0
Linn,49,U.S. Senate,,DEM,Under Votes,1
Linn,51,U.S. Senate,,DEM,Pavel Goberman,2
Linn,51,U.S. Senate,,DEM,Jeff Merkley,52
Linn,51,U.S. Senate,,DEM,Roger S. Obrist,7
Linn,51,U.S. Senate,,DEM,David Loera,1
Linn,51,U.S. Senate,,DEM,Candy Neville,11
Linn,51,U.S. Senate,,DEM,Steve Novick,41
Linn,51,U.S. Senate,,DEM,Write-ins,1
Linn,51,U.S. Senate,,DEM,Over Votes,1
Linn,51,U.S. Senate,,DEM,Under Votes,23
Linn,52,U.S. Senate,,DEM,Pavel Goberman,1
Linn,52,U.S. Senate,,DEM,Jeff Merkley,29
Linn,52,U.S. Senate,,DEM,Roger S. Obrist,4
Linn,52,U.S. Senate,,DEM,David Loera,0
Linn,52,U.S. Senate,,DEM,Candy Neville,4
Linn,52,U.S. Senate,,DEM,Steve Novick,23
Linn,52,U.S. Senate,,DEM,Write-ins,0
Linn,52,U.S. Senate,,DEM,Over Votes,0
Linn,52,U.S. Senate,,DEM,Under Votes,16
Linn,53,U.S. Senate,,DEM,Pavel Goberman,3
Linn,53,U.S. Senate,,DEM,Jeff Merkley,66
Linn,53,U.S. Senate,,DEM,Roger S. Obrist,2
Linn,53,U.S. Senate,,DEM,David Loera,1
Linn,53,U.S. Senate,,DEM,Candy Neville,16
Linn,53,U.S. Senate,,DEM,Steve Novick,50
Linn,53,U.S. Senate,,DEM,Write-ins,2
Linn,53,U.S. Senate,,DEM,Over Votes,0
Linn,53,U.S. Senate,,DEM,Under Votes,23
Linn,54,U.S. Senate,,DEM,Pavel Goberman,5
Linn,54,U.S. Senate,,DEM,Jeff Merkley,34
Linn,54,U.S. Senate,,DEM,Roger S. Obrist,3
Linn,54,U.S. Senate,,DEM,David Loera,1
Linn,54,U.S. Senate,,DEM,Candy Neville,6
Linn,54,U.S. Senate,,DEM,Steve Novick,32
Linn,54,U.S. Senate,,DEM,Write-ins,1
Linn,54,U.S. Senate,,DEM,Over Votes,0
Linn,54,U.S. Senate,,DEM,Under Votes,21
Linn,55,U.S. Senate,,DEM,Pavel Goberman,1
Linn,55,U.S. Senate,,DEM,Jeff Merkley,54
Linn,55,U.S. Senate,,DEM,Roger S. Obrist,3
Linn,55,U.S. Senate,,DEM,David Loera,3
Linn,55,U.S. Senate,,DEM,Candy Neville,11
Linn,55,U.S. Senate,,DEM,Steve Novick,42
Linn,55,U.S. Senate,,DEM,Write-ins,2
Linn,55,U.S. Senate,,DEM,Over Votes,0
Linn,55,U.S. Senate,,DEM,Under Votes,24
Linn,56,U.S. Senate,,DEM,Pavel Goberman,1
Linn,56,U.S. Senate,,DEM,Jeff Merkley,88
Linn,56,U.S. Senate,,DEM,Roger S. Obrist,3
Linn,56,U.S. Senate,,DEM,David Loera,1
Linn,56,U.S. Senate,,DEM,Candy Neville,10
Linn,56,U.S. Senate,,DEM,Steve Novick,45
Linn,56,U.S. Senate,,DEM,Write-ins,0
Linn,56,U.S. Senate,,DEM,Over Votes,0
Linn,56,U.S. Senate,,DEM,Under Votes,30
Linn,57,U.S. Senate,,DEM,Pavel Goberman,4
Linn,57,U.S. Senate,,DEM,Jeff Merkley,29
Linn,57,U.S. Senate,,DEM,Roger S. Obrist,0
Linn,57,U.S. Senate,,DEM,David Loera,0
Linn,57,U.S. Senate,,DEM,Candy Neville,7
Linn,57,U.S. Senate,,DEM,Steve Novick,20
Linn,57,U.S. Senate,,DEM,Write-ins,1
Linn,57,U.S. Senate,,DEM,Over Votes,0
Linn,57,U.S. Senate,,DEM,Under Votes,8
Linn,59,U.S. Senate,,DEM,Pavel Goberman,3
Linn,59,U.S. Senate,,DEM,Jeff Merkley,54
Linn,59,U.S. Senate,,DEM,Roger S. Obrist,4
Linn,59,U.S. Senate,,DEM,David Loera,0
Linn,59,U.S. Senate,,DEM,Candy Neville,13
Linn,59,U.S. Senate,,DEM,Steve Novick,39
Linn,59,U.S. Senate,,DEM,Write-ins,2
Linn,59,U.S. Senate,,DEM,Over Votes,0
Linn,59,U.S. Senate,,DEM,Under Votes,21
Linn,61,U.S. Senate,,DEM,Pavel Goberman,4
Linn,61,U.S. Senate,,DEM,Jeff Merkley,37
Linn,61,U.S. Senate,,DEM,Roger S. Obrist,2
Linn,61,U.S. Senate,,DEM,David Loera,1
Linn,61,U.S. Senate,,DEM,Candy Neville,5
Linn,61,U.S. Senate,,DEM,Steve Novick,37
Linn,61,U.S. Senate,,DEM,Write-ins,0
Linn,61,U.S. Senate,,DEM,Over Votes,0
Linn,61,U.S. Senate,,DEM,Under Votes,14
Linn,62,U.S. Senate,,DEM,Pavel Goberman,4
Linn,62,U.S. Senate,,DEM,Jeff Merkley,81
Linn,62,U.S. Senate,,DEM,Roger S. Obrist,3
Linn,62,U.S. Senate,,DEM,David Loera,2
Linn,62,U.S. Senate,,DEM,Candy Neville,20
Linn,62,U.S. Senate,,DEM,Steve Novick,52
Linn,62,U.S. Senate,,DEM,Write-ins,0
Linn,62,U.S. Senate,,DEM,Over Votes,0
Linn,62,U.S. Senate,,DEM,Under Votes,36
Linn,63,U.S. Senate,,DEM,Pavel Goberman,8
Linn,63,U.S. Senate,,DEM,Jeff Merkley,191
Linn,63,U.S. Senate,,DEM,Roger S. Obrist,9
Linn,63,U.S. Senate,,DEM,David Loera,2
Linn,63,U.S. Senate,,DEM,Candy Neville,44
Linn,63,U.S. Senate,,DEM,Steve Novick,139
Linn,63,U.S. Senate,,DEM,Write-ins,4
Linn,63,U.S. Senate,,DEM,Over Votes,0
Linn,63,U.S. Senate,,DEM,Under Votes,82
Linn,65,U.S. Senate,,DEM,Pavel Goberman,0
Linn,65,U.S. Senate,,DEM,Jeff Merkley,6
Linn,65,U.S. Senate,,DEM,Roger S. Obrist,1
Linn,65,U.S. Senate,,DEM,David Loera,0
Linn,65,U.S. Senate,,DEM,Candy Neville,3
Linn,65,U.S. Senate,,DEM,Steve Novick,1
Linn,65,U.S. Senate,,DEM,Write-ins,0
Linn,65,U.S. Senate,,DEM,Over Votes,0
Linn,65,U.S. Senate,,DEM,Under Votes,2
Linn,66,U.S. Senate,,DEM,Pavel Goberman,0
Linn,66,U.S. Senate,,DEM,Jeff Merkley,23
Linn,66,U.S. Senate,,DEM,Roger S. Obrist,1
Linn,66,U.S. Senate,,DEM,David Loera,0
Linn,66,U.S. Senate,,DEM,Candy Neville,3
Linn,66,U.S. Senate,,DEM,Steve Novick,25
Linn,66,U.S. Senate,,DEM,Write-ins,1
Linn,66,U.S. Senate,,DEM,Over Votes,1
Linn,66,U.S. Senate,,DEM,Under Votes,8
Linn,70,U.S. Senate,,DEM,Pavel Goberman,8
Linn,70,U.S. Senate,,DEM,Jeff Merkley,108
Linn,70,U.S. Senate,,DEM,Roger S. Obrist,9
Linn,70,U.S. Senate,,DEM,David Loera,5
Linn,70,U.S. Senate,,DEM,Candy Neville,29
Linn,70,U.S. Senate,,DEM,Steve Novick,109
Linn,70,U.S. Senate,,DEM,Write-ins,1
Linn,70,U.S. Senate,,DEM,Over Votes,0
Linn,70,U.S. Senate,,DEM,Under Votes,68
Linn,73,U.S. Senate,,DEM,Pavel Goberman,6
Linn,73,U.S. Senate,,DEM,Jeff Merkley,77
Linn,73,U.S. Senate,,DEM,Roger S. Obrist,6
Linn,73,U.S. Senate,,DEM,David Loera,3
Linn,73,U.S. Senate,,DEM,Candy Neville,23
Linn,73,U.S. Senate,,DEM,Steve Novick,74
Linn,73,U.S. Senate,,DEM,Write-ins,0
Linn,73,U.S. Senate,,DEM,Over Votes,0
Linn,73,U.S. Senate,,DEM,Under Votes,41
Linn,75,U.S. Senate,,DEM,Pavel Goberman,4
Linn,75,U.S. Senate,,DEM,Jeff Merkley,75
Linn,75,U.S. Senate,,DEM,Roger S. Obrist,3
Linn,75,U.S. Senate,,DEM,David Loera,1
Linn,75,U.S. Senate,,DEM,Candy Neville,13
Linn,75,U.S. Senate,,DEM,Steve Novick,64
Linn,75,U.S. Senate,,DEM,Write-ins,2
Linn,75,U.S. Senate,,DEM,Over Votes,0
Linn,75,U.S. Senate,,DEM,Under Votes,33
Linn,77,U.S. Senate,,DEM,Pavel Goberman,3
Linn,77,U.S. Senate,,DEM,Jeff Merkley,52
Linn,77,U.S. Senate,,DEM,Roger S. Obrist,9
Linn,77,U.S. Senate,,DEM,David Loera,0
Linn,77,U.S. Senate,,DEM,Candy Neville,11
Linn,77,U.S. Senate,,DEM,Steve Novick,19
Linn,77,U.S. Senate,,DEM,Write-ins,0
Linn,77,U.S. Senate,,DEM,Over Votes,0
Linn,77,U.S. Senate,,DEM,Under Votes,20
Linn,78,U.S. Senate,,DEM,Pavel Goberman,3
Linn,78,U.S. Senate,,DEM,Jeff Merkley,75
Linn,78,U.S. Senate,,DEM,Roger S. Obrist,4
Linn,78,U.S. Senate,,DEM,David Loera,1
Linn,78,U.S. Senate,,DEM,Candy Neville,15
Linn,78,U.S. Senate,,DEM,Steve Novick,67
Linn,78,U.S. Senate,,DEM,Write-ins,0
Linn,78,U.S. Senate,,DEM,Over Votes,0
Linn,78,U.S. Senate,,DEM,Under Votes,31
Linn,79,U.S. Senate,,DEM,Pavel Goberman,3
Linn,79,U.S. Senate,,DEM,Jeff Merkley,139
Linn,79,U.S. Senate,,DEM,Roger S. Obrist,4
Linn,79,U.S. Senate,,DEM,David Loera,5
Linn,79,U.S. Senate,,DEM,Candy Neville,20
Linn,79,U.S. Senate,,DEM,Steve Novick,94
Linn,79,U.S. Senate,,DEM,Write-ins,3
Linn,79,U.S. Senate,,DEM,Over Votes,1
Linn,79,U.S. Senate,,DEM,Under Votes,48
Linn,80,U.S. Senate,,DEM,Pavel Goberman,9
Linn,80,U.S. Senate,,DEM,Jeff Merkley,109
Linn,80,U.S. Senate,,DEM,Roger S. Obrist,2
Linn,80,U.S. Senate,,DEM,David Loera,2
Linn,80,U.S. Senate,,DEM,Candy Neville,12
Linn,80,U.S. Senate,,DEM,Steve Novick,77
Linn,80,U.S. Senate,,DEM,Write-ins,0
Linn,80,U.S. Senate,,DEM,Over Votes,0
Linn,80,U.S. Senate,,DEM,Under Votes,33
Linn,82,U.S. Senate,,DEM,Pavel Goberman,1
Linn,82,U.S. Senate,,DEM,Jeff Merkley,44
Linn,82,U.S. Senate,,DEM,Roger S. Obrist,3
Linn,82,U.S. Senate,,DEM,David Loera,0
Linn,82,U.S. Senate,,DEM,Candy Neville,10
Linn,82,U.S. Senate,,DEM,Steve Novick,32
Linn,82,U.S. Senate,,DEM,Write-ins,3
Linn,82,U.S. Senate,,DEM,Over Votes,1
Linn,82,U.S. Senate,,DEM,Under Votes,11
Linn,84,U.S. Senate,,DEM,Pavel Goberman,5
Linn,84,U.S. Senate,,DEM,Jeff Merkley,82
Linn,84,U.S. Senate,,DEM,Roger S. Obrist,7
Linn,84,U.S. Senate,,DEM,David Loera,2
Linn,84,U.S. Senate,,DEM,Candy Neville,22
Linn,84,U.S. Senate,,DEM,Steve Novick,64
Linn,84,U.S. Senate,,DEM,Write-ins,3
Linn,84,U.S. Senate,,DEM,Over Votes,0
Linn,84,U.S. Senate,,DEM,Under Votes,26
Linn,86,U.S. Senate,,DEM,Pavel Goberman,4
Linn,86,U.S. Senate,,DEM,Jeff Merkley,89
Linn,86,U.S. Senate,,DEM,Roger S. Obrist,12
Linn,86,U.S. Senate,,DEM,David Loera,2
Linn,86,U.S. Senate,,DEM,Candy Neville,22
Linn,86,U.S. Senate,,DEM,Steve Novick,92
Linn,86,U.S. Senate,,DEM,Write-ins,3
Linn,86,U.S. Senate,,DEM,Over Votes,0
Linn,86,U.S. Senate,,DEM,Under Votes,45
Linn,88,U.S. Senate,,DEM,Pavel Goberman,5
Linn,88,U.S. Senate,,DEM,Jeff Merkley,85
Linn,88,U.S. Senate,,DEM,Roger S. Obrist,3
Linn,88,U.S. Senate,,DEM,David Loera,2
Linn,88,U.S. Senate,,DEM,Candy Neville,15
Linn,88,U.S. Senate,,DEM,Steve Novick,79
Linn,88,U.S. Senate,,DEM,Write-ins,2
Linn,88,U.S. Senate,,DEM,Over Votes,1
Linn,88,U.S. Senate,,DEM,Under Votes,38
Linn,89,U.S. Senate,,DEM,Pavel Goberman,2
Linn,89,U.S. Senate,,DEM,Jeff Merkley,86
Linn,89,U.S. Senate,,DEM,Roger S. Obrist,5
Linn,89,U.S. Senate,,DEM,David Loera,1
Linn,89,U.S. Senate,,DEM,Candy Neville,18
Linn,89,U.S. Senate,,DEM,Steve Novick,54
Linn,89,U.S. Senate,,DEM,Write-ins,0
Linn,89,U.S. Senate,,DEM,Over Votes,1
Linn,89,U.S. Senate,,DEM,Under Votes,40
Linn,91,U.S. Senate,,DEM,Pavel Goberman,10
Linn,91,U.S. Senate,,DEM,Jeff Merkley,82
Linn,91,U.S. Senate,,DEM,Roger S. Obrist,5
Linn,91,U.S. Senate,,DEM,David Loera,1
Linn,91,U.S. Senate,,DEM,Candy Neville,18
Linn,91,U.S. Senate,,DEM,Steve Novick,84
Linn,91,U.S. Senate,,DEM,Write-ins,1
Linn,91,U.S. Senate,,DEM,Over Votes,0
Linn,91,U.S. Senate,,DEM,Under Votes,37
Linn,92,U.S. Senate,,DEM,Pavel Goberman,11
Linn,92,U.S. Senate,,DEM,Jeff Merkley,141
Linn,92,U.S. Senate,,DEM,Roger S. Obrist,10
Linn,92,U.S. Senate,,DEM,David Loera,4
Linn,92,U.S. Senate,,DEM,Candy Neville,29
Linn,92,U.S. Senate,,DEM,Steve Novick,136
Linn,92,U.S. Senate,,DEM,Write-ins,1
Linn,92,U.S. Senate,,DEM,Over Votes,0
Linn,92,U.S. Senate,,DEM,Under Votes,64
Linn,93,U.S. Senate,,DEM,Pavel Goberman,1
Linn,93,U.S. Senate,,DEM,Jeff Merkley,120
Linn,93,U.S. Senate,,DEM,Roger S. Obrist,2
Linn,93,U.S. Senate,,DEM,David Loera,4
Linn,93,U.S. Senate,,DEM,Candy Neville,30
Linn,93,U.S. Senate,,DEM,Steve Novick,80
Linn,93,U.S. Senate,,DEM,Write-ins,3
Linn,93,U.S. Senate,,DEM,Over Votes,0
Linn,93,U.S. Senate,,DEM,Under Votes,63
Linn,94,U.S. Senate,,DEM,Pavel Goberman,0
Linn,94,U.S. Senate,,DEM,Jeff Merkley,74
Linn,94,U.S. Senate,,DEM,Roger S. Obrist,7
Linn,94,U.S. Senate,,DEM,David Loera,1
Linn,94,U.S. Senate,,DEM,Candy Neville,8
Linn,94,U.S. Senate,,DEM,Steve Novick,60
Linn,94,U.S. Senate,,DEM,Write-ins,2
Linn,94,U.S. Senate,,DEM,Over Votes,0
Linn,94,U.S. Senate,,DEM,Under Votes,27
Linn,95,U.S. Senate,,DEM,Pavel Goberman,8
Linn,95,U.S. Senate,,DEM,Jeff Merkley,85
Linn,95,U.S. Senate,,DEM,Roger S. Obrist,6
Linn,95,U.S. Senate,,DEM,David Loera,6
Linn,95,U.S. Senate,,DEM,Candy Neville,23
Linn,95,U.S. Senate,,DEM,Steve Novick,70
Linn,95,U.S. Senate,,DEM,Write-ins,0
Linn,95,U.S. Senate,,DEM,Over Votes,1
Linn,95,U.S. Senate,,DEM,Under Votes,52
Linn,96,U.S. Senate,,DEM,Pavel Goberman,5
Linn,96,U.S. Senate,,DEM,Jeff Merkley,107
Linn,96,U.S. Senate,,DEM,Roger S. Obrist,2
Linn,96,U.S. Senate,,DEM,David Loera,0
Linn,96,U.S. Senate,,DEM,Candy Neville,14
Linn,96,U.S. Senate,,DEM,Steve Novick,98
Linn,96,U.S. Senate,,DEM,Write-ins,4
Linn,96,U.S. Senate,,DEM,Over Votes,0
Linn,96,U.S. Senate,,DEM,Under Votes,36
Linn,97,U.S. Senate,,DEM,Pavel Goberman,8
Linn,97,U.S. Senate,,DEM,Jeff Merkley,121
Linn,97,U.S. Senate,,DEM,Roger S. Obrist,9
Linn,97,U.S. Senate,,DEM,David Loera,3
Linn,97,U.S. Senate,,DEM,Candy Neville,30
Linn,97,U.S. Senate,,DEM,Steve Novick,126
Linn,97,U.S. Senate,,DEM,Write-ins,2
Linn,97,U.S. Senate,,DEM,Over Votes,0
Linn,97,U.S. Senate,,DEM,Under Votes,52
Linn,99,U.S. Senate,,DEM,Pavel Goberman,4
Linn,99,U.S. Senate,,DEM,Jeff Merkley,41
Linn,99,U.S. Senate,,DEM,Roger S. Obrist,2
Linn,99,U.S. Senate,,DEM,David Loera,0
Linn,99,U.S. Senate,,DEM,Candy Neville,6
Linn,99,U.S. Senate,,DEM,Steve Novick,26
Linn,99,U.S. Senate,,DEM,Write-ins,0
Linn,99,U.S. Senate,,DEM,Over Votes,0
Linn,99,U.S. Senate,,DEM,Under Votes,14
Linn,100,U.S. Senate,,DEM,Pavel Goberman,11
Linn,100,U.S. Senate,,DEM,Jeff Merkley,140
Linn,100,U.S. Senate,,DEM,Roger S. Obrist,13
Linn,100,U.S. Senate,,DEM,David Loera,2
Linn,100,U.S. Senate,,DEM,Candy Neville,29
Linn,100,U.S. Senate,,DEM,Steve Novick,95
Linn,100,U.S. Senate,,DEM,Write-ins,0
Linn,100,U.S. Senate,,DEM,Over Votes,0
Linn,100,U.S. Senate,,DEM,Under Votes,56
Linn,101,U.S. Senate,,DEM,Pavel Goberman,2
Linn,101,U.S. Senate,,DEM,Jeff Merkley,52
Linn,101,U.S. Senate,,DEM,Roger S. Obrist,2
Linn,101,U.S. Senate,,DEM,David Loera,1
Linn,101,U.S. Senate,,DEM,Candy Neville,13
Linn,101,U.S. Senate,,DEM,Steve Novick,36
Linn,101,U.S. Senate,,DEM,Write-ins,1
Linn,101,U.S. Senate,,DEM,Over Votes,0
Linn,101,U.S. Senate,,DEM,Under Votes,20
Linn,102,U.S. Senate,,DEM,Pavel Goberman,10
Linn,102,U.S. Senate,,DEM,Jeff Merkley,132
Linn,102,U.S. Senate,,DEM,Roger S. Obrist,3
Linn,102,U.S. Senate,,DEM,David Loera,5
Linn,102,U.S. Senate,,DEM,Candy Neville,22
Linn,102,U.S. Senate,,DEM,Steve Novick,102
Linn,102,U.S. Senate,,DEM,Write-ins,1
Linn,102,U.S. Senate,,DEM,Over Votes,0
Linn,102,U.S. Senate,,DEM,Under Votes,40
Linn,103,U.S. Senate,,DEM,Pavel Goberman,8
Linn,103,U.S. Senate,,DEM,Jeff Merkley,99
Linn,103,U.S. Senate,,DEM,Roger S. Obrist,9
Linn,103,U.S. Senate,,DEM,David Loera,2
Linn,103,U.S. Senate,,DEM,Candy Neville,21
Linn,103,U.S. Senate,,DEM,Steve Novick,65
Linn,103,U.S. Senate,,DEM,Write-ins,3
Linn,103,U.S. Senate,,DEM,Over Votes,0
Linn,103,U.S. Senate,,DEM,Under Votes,41
Linn,104,U.S. Senate,,DEM,Pavel Goberman,1
Linn,104,U.S. Senate,,DEM,Jeff Merkley,60
Linn,104,U.S. Senate,,DEM,Roger S. Obrist,2
Linn,104,U.S. Senate,,DEM,David Loera,4
Linn,104,U.S. Senate,,DEM,Candy Neville,17
Linn,104,U.S. Senate,,DEM,Steve Novick,53
Linn,104,U.S. Senate,,DEM,Write-ins,1
Linn,104,U.S. Senate,,DEM,Over Votes,0
Linn,104,U.S. Senate,,DEM,Under Votes,23
Linn,105,U.S. Senate,,DEM,Pavel Goberman,5
Linn,105,U.S. Senate,,DEM,Jeff Merkley,57
Linn,105,U.S. Senate,,DEM,Roger S. Obrist,5
Linn,105,U.S. Senate,,DEM,David Loera,2
Linn,105,U.S. Senate,,DEM,Candy Neville,10
Linn,105,U.S. Senate,,DEM,Steve Novick,60
Linn,105,U.S. Senate,,DEM,Write-ins,3
Linn,105,U.S. Senate,,DEM,Over Votes,0
Linn,105,U.S. Senate,,DEM,Under Votes,32
Linn,106,U.S. Senate,,DEM,Pavel Goberman,4
Linn,106,U.S. Senate,,DEM,Jeff Merkley,70
Linn,106,U.S. Senate,,DEM,Roger S. Obrist,3
Linn,106,U.S. Senate,,DEM,David Loera,3
Linn,106,U.S. Senate,,DEM,Candy Neville,4
Linn,106,U.S. Senate,,DEM,Steve Novick,60
Linn,106,U.S. Senate,,DEM,Write-ins,0
Linn,106,U.S. Senate,,DEM,Over Votes,0
Linn,106,U.S. Senate,,DEM,Under Votes,29
Linn,107,U.S. Senate,,DEM,Pavel Goberman,5
Linn,107,U.S. Senate,,DEM,Jeff Merkley,121
Linn,107,U.S. Senate,,DEM,Roger S. Obrist,0
Linn,107,U.S. Senate,,DEM,David Loera,1
Linn,107,U.S. Senate,,DEM,Candy Neville,30
Linn,107,U.S. Senate,,DEM,Steve Novick,109
Linn,107,U.S. Senate,,DEM,Write-ins,0
Linn,107,U.S. Senate,,DEM,Over Votes,0
Linn,107,U.S. Senate,,DEM,Under Votes,61
Linn,108,U.S. Senate,,DEM,Pavel Goberman,13
Linn,108,U.S. Senate,,DEM,Jeff Merkley,145
Linn,108,U.S. Senate,,DEM,Roger S. Obrist,11
Linn,108,U.S. Senate,,DEM,David Loera,7
Linn,108,U.S. Senate,,DEM,Candy Neville,34
Linn,108,U.S. Senate,,DEM,Steve Novick,135
Linn,108,U.S. Senate,,DEM,Write-ins,1
Linn,108,U.S. Senate,,DEM,Over Votes,0
Linn,108,U.S. Senate,,DEM,Under Votes,81
Linn,1,U.S. Senate,,REP,Gordon H. Smith,84
Linn,1,U.S. Senate,,REP,Gordon Leitch,13
Linn,1,U.S. Senate,,REP,Write-ins,0
Linn,1,U.S. Senate,,REP,Over Votes,0
Linn,1,U.S. Senate,,REP,Under Votes,8
Linn,3,U.S. Senate,,REP,Gordon H. Smith,64
Linn,3,U.S. Senate,,REP,Gordon Leitch,12
Linn,3,U.S. Senate,,REP,Write-ins,0
Linn,3,U.S. Senate,,REP,Over Votes,0
Linn,3,U.S. Senate,,REP,Under Votes,6
Linn,5,U.S. Senate,,REP,Gordon H. Smith,56
Linn,5,U.S. Senate,,REP,Gordon Leitch,16
Linn,5,U.S. Senate,,REP,Write-ins,1
Linn,5,U.S. Senate,,REP,Over Votes,0
Linn,5,U.S. Senate,,REP,Under Votes,7
Linn,8,U.S. Senate,,REP,Gordon H. Smith,94
Linn,8,U.S. Senate,,REP,Gordon Leitch,21
Linn,8,U.S. Senate,,REP,Write-ins,2
Linn,8,U.S. Senate,,REP,Over Votes,0
Linn,8,U.S. Senate,,REP,Under Votes,9
Linn,11,U.S. Senate,,REP,Gordon H. Smith,69
Linn,11,U.S. Senate,,REP,Gordon Leitch,8
Linn,11,U.S. Senate,,REP,Write-ins,0
Linn,11,U.S. Senate,,REP,Over Votes,0
Linn,11,U.S. Senate,,REP,Under Votes,1
Linn,14,U.S. Senate,,REP,Gordon H. Smith,67
Linn,14,U.S. Senate,,REP,Gordon Leitch,15
Linn,14,U.S. Senate,,REP,Write-ins,0
Linn,14,U.S. Senate,,REP,Over Votes,0
Linn,14,U.S. Senate,,REP,Under Votes,4
Linn,15,U.S. Senate,,REP,Gordon H. Smith,27
Linn,15,U.S. Senate,,REP,Gordon Leitch,6
Linn,15,U.S. Senate,,REP,Write-ins,0
Linn,15,U.S. Senate,,REP,Over Votes,0
Linn,15,U.S. Senate,,REP,Under Votes,0
Linn,16,U.S. Senate,,REP,Gordon H. Smith,73
Linn,16,U.S. Senate,,REP,Gordon Leitch,19
Linn,16,U.S. Senate,,REP,Write-ins,3
Linn,16,U.S. Senate,,REP,Over Votes,0
Linn,16,U.S. Senate,,REP,Under Votes,9
Linn,18,U.S. Senate,,REP,Gordon H. Smith,327
Linn,18,U.S. Senate,,REP,Gordon Leitch,56
Linn,18,U.S. Senate,,REP,Write-ins,1
Linn,18,U.S. Senate,,REP,Over Votes,1
Linn,18,U.S. Senate,,REP,Under Votes,20
Linn,19,U.S. Senate,,REP,Gordon H. Smith,168
Linn,19,U.S. Senate,,REP,Gordon Leitch,30
Linn,19,U.S. Senate,,REP,Write-ins,0
Linn,19,U.S. Senate,,REP,Over Votes,0
Linn,19,U.S. Senate,,REP,Under Votes,21
Linn,20,U.S. Senate,,REP,Gordon H. Smith,78
Linn,20,U.S. Senate,,REP,Gordon Leitch,21
Linn,20,U.S. Senate,,REP,Write-ins,2
Linn,20,U.S. Senate,,REP,Over Votes,0
Linn,20,U.S. Senate,,REP,Under Votes,13
Linn,21,U.S. Senate,,REP,Gordon H. Smith,73
Linn,21,U.S. Senate,,REP,Gordon Leitch,20
Linn,21,U.S. Senate,,REP,Write-ins,2
Linn,21,U.S. Senate,,REP,Over Votes,0
Linn,21,U.S. Senate,,REP,Under Votes,7
Linn,22,U.S. Senate,,REP,Gordon H. Smith,9
Linn,22,U.S. Senate,,REP,Gordon Leitch,0
Linn,22,U.S. Senate,,REP,Write-ins,0
Linn,22,U.S. Senate,,REP,Over Votes,0
Linn,22,U.S. Senate,,REP,Under Votes,4
Linn,23,U.S. Senate,,REP,Gordon H. Smith,160
Linn,23,U.S. Senate,,REP,Gordon Leitch,31
Linn,23,U.S. Senate,,REP,Write-ins,0
Linn,23,U.S. Senate,,REP,Over Votes,0
Linn,23,U.S. Senate,,REP,Under Votes,23
Linn,25,U.S. Senate,,REP,Gordon H. Smith,107
Linn,25,U.S. Senate,,REP,Gordon Leitch,24
Linn,25,U.S. Senate,,REP,Write-ins,2
Linn,25,U.S. Senate,,REP,Over Votes,0
Linn,25,U.S. Senate,,REP,Under Votes,13
Linn,26,U.S. Senate,,REP,Gordon H. Smith,50
Linn,26,U.S. Senate,,REP,Gordon Leitch,9
Linn,26,U.S. Senate,,REP,Write-ins,0
Linn,26,U.S. Senate,,REP,Over Votes,0
Linn,26,U.S. Senate,,REP,Under Votes,3
Linn,27,U.S. Senate,,REP,Gordon H. Smith,119
Linn,27,U.S. Senate,,REP,Gordon Leitch,19
Linn,27,U.S. Senate,,REP,Write-ins,1
Linn,27,U.S. Senate,,REP,Over Votes,0
Linn,27,U.S. Senate,,REP,Under Votes,16
Linn,28,U.S. Senate,,REP,Gordon H. Smith,114
Linn,28,U.S. Senate,,REP,Gordon Leitch,25
Linn,28,U.S. Senate,,REP,Write-ins,0
Linn,28,U.S. Senate,,REP,Over Votes,0
Linn,28,U.S. Senate,,REP,Under Votes,7
Linn,29,U.S. Senate,,REP,Gordon H. Smith,274
Linn,29,U.S. Senate,,REP,Gordon Leitch,46
Linn,29,U.S. Senate,,REP,Write-ins,0
Linn,29,U.S. Senate,,REP,Over Votes,0
Linn,29,U.S. Senate,,REP,Under Votes,20
Linn,30,U.S. Senate,,REP,Gordon H. Smith,48
Linn,30,U.S. Senate,,REP,Gordon Leitch,10
Linn,30,U.S. Senate,,REP,Write-ins,0
Linn,30,U.S. Senate,,REP,Over Votes,0
Linn,30,U.S. Senate,,REP,Under Votes,3
Linn,31,U.S. Senate,,REP,Gordon H. Smith,161
Linn,31,U.S. Senate,,REP,Gordon Leitch,32
Linn,31,U.S. Senate,,REP,Write-ins,3
Linn,31,U.S. Senate,,REP,Over Votes,0
Linn,31,U.S. Senate,,REP,Under Votes,13
Linn,32,U.S. Senate,,REP,Gordon H. Smith,125
Linn,32,U.S. Senate,,REP,Gordon Leitch,28
Linn,32,U.S. Senate,,REP,Write-ins,1
Linn,32,U.S. Senate,,REP,Over Votes,0
Linn,32,U.S. Senate,,REP,Under Votes,14
Linn,34,U.S. Senate,,REP,Gordon H. Smith,55
Linn,34,U.S. Senate,,REP,Gordon Leitch,5
Linn,34,U.S. Senate,,REP,Write-ins,0
Linn,34,U.S. Senate,,REP,Over Votes,0
Linn,34,U.S. Senate,,REP,Under Votes,11
Linn,35,U.S. Senate,,REP,Gordon H. Smith,192
Linn,35,U.S. Senate,,REP,Gordon Leitch,58
Linn,35,U.S. Senate,,REP,Write-ins,1
Linn,35,U.S. Senate,,REP,Over Votes,0
Linn,35,U.S. Senate,,REP,Under Votes,20
Linn,36,U.S. Senate,,REP,Gordon H. Smith,138
Linn,36,U.S. Senate,,REP,Gordon Leitch,20
Linn,36,U.S. Senate,,REP,Write-ins,3
Linn,36,U.S. Senate,,REP,Over Votes,0
Linn,36,U.S. Senate,,REP,Under Votes,7
Linn,37,U.S. Senate,,REP,Gordon H. Smith,136
Linn,37,U.S. Senate,,REP,Gordon Leitch,31
Linn,37,U.S. Senate,,REP,Write-ins,1
Linn,37,U.S. Senate,,REP,Over Votes,0
Linn,37,U.S. Senate,,REP,Under Votes,8
Linn,38,U.S. Senate,,REP,Gordon H. Smith,117
Linn,38,U.S. Senate,,REP,Gordon Leitch,15
Linn,38,U.S. Senate,,REP,Write-ins,1
Linn,38,U.S. Senate,,REP,Over Votes,0
Linn,38,U.S. Senate,,REP,Under Votes,8
Linn,39,U.S. Senate,,REP,Gordon H. Smith,110
Linn,39,U.S. Senate,,REP,Gordon Leitch,10
Linn,39,U.S. Senate,,REP,Write-ins,2
Linn,39,U.S. Senate,,REP,Over Votes,0
Linn,39,U.S. Senate,,REP,Under Votes,4
Linn,41,U.S. Senate,,REP,Gordon H. Smith,82
Linn,41,U.S. Senate,,REP,Gordon Leitch,15
Linn,41,U.S. Senate,,REP,Write-ins,0
Linn,41,U.S. Senate,,REP,Over Votes,0
Linn,41,U.S. Senate,,REP,Under Votes,8
Linn,43,U.S. Senate,,REP,Gordon H. Smith,89
Linn,43,U.S. Senate,,REP,Gordon Leitch,28
Linn,43,U.S. Senate,,REP,Write-ins,0
Linn,43,U.S. Senate,,REP,Over Votes,0
Linn,43,U.S. Senate,,REP,Under Votes,6
Linn,44,U.S. Senate,,REP,Gordon H. Smith,177
Linn,44,U.S. Senate,,REP,Gordon Leitch,34
Linn,44,U.S. Senate,,REP,Write-ins,0
Linn,44,U.S. Senate,,REP,Over Votes,0
Linn,44,U.S. Senate,,REP,Under Votes,12
Linn,45,U.S. Senate,,REP,Gordon H. Smith,162
Linn,45,U.S. Senate,,REP,Gordon Leitch,22
Linn,45,U.S. Senate,,REP,Write-ins,0
Linn,45,U.S. Senate,,REP,Over Votes,0
Linn,45,U.S. Senate,,REP,Under Votes,9
Linn,46,U.S. Senate,,REP,Gordon H. Smith,155
Linn,46,U.S. Senate,,REP,Gordon Leitch,31
Linn,46,U.S. Senate,,REP,Write-ins,0
Linn,46,U.S. Senate,,REP,Over Votes,0
Linn,46,U.S. Senate,,REP,Under Votes,14
Linn,47,U.S. Senate,,REP,Gordon H. Smith,44
Linn,47,U.S. Senate,,REP,Gordon Leitch,6
Linn,47,U.S. Senate,,REP,Write-ins,1
Linn,47,U.S. Senate,,REP,Over Votes,0
Linn,47,U.S. Senate,,REP,Under Votes,8
Linn,48,U.S. Senate,,REP,Gordon H. Smith,202
Linn,48,U.S. Senate,,REP,Gordon Leitch,34
Linn,48,U.S. Senate,,REP,Write-ins,0
Linn,48,U.S. Senate,,REP,Over Votes,0
Linn,48,U.S. Senate,,REP,Under Votes,27
Linn,49,U.S. Senate,,REP,Gordon H. Smith,9
Linn,49,U.S. Senate,,REP,Gordon Leitch,0
Linn,49,U.S. Senate,,REP,Write-ins,0
Linn,49,U.S. Senate,,REP,Over Votes,0
Linn,49,U.S. Senate,,REP,Under Votes,3
Linn,51,U.S. Senate,,REP,Gordon H. Smith,151
Linn,51,U.S. Senate,,REP,Gordon Leitch,24
Linn,51,U.S. Senate,,REP,Write-ins,0
Linn,51,U.S. Senate,,REP,Over Votes,0
Linn,51,U.S. Senate,,REP,Under Votes,15
Linn,52,U.S. Senate,,REP,Gordon H. Smith,54
Linn,52,U.S. Senate,,REP,Gordon Leitch,12
Linn,52,U.S. Senate,,REP,Write-ins,0
Linn,52,U.S. Senate,,REP,Over Votes,0
Linn,52,U.S. Senate,,REP,Under Votes,6
Linn,53,U.S. Senate,,REP,Gordon H. Smith,168
Linn,53,U.S. Senate,,REP,Gordon Leitch,36
Linn,53,U.S. Senate,,REP,Write-ins,0
Linn,53,U.S. Senate,,REP,Over Votes,0
Linn,53,U.S. Senate,,REP,Under Votes,12
Linn,54,U.S. Senate,,REP,Gordon H. Smith,77
Linn,54,U.S. Senate,,REP,Gordon Leitch,13
Linn,54,U.S. Senate,,REP,Write-ins,0
Linn,54,U.S. Senate,,REP,Over Votes,0
Linn,54,U.S. Senate,,REP,Under Votes,7
Linn,55,U.S. Senate,,REP,Gordon H. Smith,104
Linn,55,U.S. Senate,,REP,Gordon Leitch,23
Linn,55,U.S. Senate,,REP,Write-ins,0
Linn,55,U.S. Senate,,REP,Over Votes,0
Linn,55,U.S. Senate,,REP,Under Votes,9
Linn,56,U.S. Senate,,REP,Gordon H. Smith,119
Linn,56,U.S. Senate,,REP,Gordon Leitch,24
Linn,56,U.S. Senate,,REP,Write-ins,1
Linn,56,U.S. Senate,,REP,Over Votes,0
Linn,56,U.S. Senate,,REP,Under Votes,14
Linn,57,U.S. Senate,,REP,Gordon H. Smith,46
Linn,57,U.S. Senate,,REP,Gordon Leitch,16
Linn,57,U.S. Senate,,REP,Write-ins,0
Linn,57,U.S. Senate,,REP,Over Votes,0
Linn,57,U.S. Senate,,REP,Under Votes,2
Linn,59,U.S. Senate,,REP,Gordon H. Smith,61
Linn,59,U.S. Senate,,REP,Gordon Leitch,21
Linn,59,U.S. Senate,,REP,Write-ins,1
Linn,59,U.S. Senate,,REP,Over Votes,0
Linn,59,U.S. Senate,,REP,Under Votes,8
Linn,61,U.S. Senate,,REP,Gordon H. Smith,56
Linn,61,U.S. Senate,,REP,Gordon Leitch,15
Linn,61,U.S. Senate,,REP,Write-ins,1
Linn,61,U.S. Senate,,REP,Over Votes,0
Linn,61,U.S. Senate,,REP,Under Votes,11
Linn,62,U.S. Senate,,REP,Gordon H. Smith,107
Linn,62,U.S. Senate,,REP,Gordon Leitch,20
Linn,62,U.S. Senate,,REP,Write-ins,0
Linn,62,U.S. Senate,,REP,Over Votes,0
Linn,62,U.S. Senate,,REP,Under Votes,6
Linn,63,U.S. Senate,,REP,Gordon H. Smith,328
Linn,63,U.S. Senate,,REP,Gordon Leitch,70
Linn,63,U.S. Senate,,REP,Write-ins,4
Linn,63,U.S. Senate,,REP,Over Votes,0
Linn,63,U.S. Senate,,REP,Under Votes,35
Linn,65,U.S. Senate,,REP,Gordon H. Smith,11
Linn,65,U.S. Senate,,REP,Gordon Leitch,2
Linn,65,U.S. Senate,,REP,Write-ins,0
Linn,65,U.S. Senate,,REP,Over Votes,0
Linn,65,U.S. Senate,,REP,Under Votes,1
Linn,66,U.S. Senate,,REP,Gordon H. Smith,41
Linn,66,U.S. Senate,,REP,Gordon Leitch,13
Linn,66,U.S. Senate,,REP,Write-ins,2
Linn,66,U.S. Senate,,REP,Over Votes,0
Linn,66,U.S. Senate,,REP,Under Votes,4
Linn,70,U.S. Senate,,REP,Gordon H. Smith,191
Linn,70,U.S. Senate,,REP,Gordon Leitch,58
Linn,70,U.S. Senate,,REP,Write-ins,1
Linn,70,U.S. Senate,,REP,Over Votes,1
Linn,70,U.S. Senate,,REP,Under Votes,23
Linn,73,U.S. Senate,,REP,Gordon H. Smith,131
Linn,73,U.S. Senate,,REP,Gordon Leitch,28
Linn,73,U.S. Senate,,REP,Write-ins,1
Linn,73,U.S. Senate,,REP,Over Votes,0
Linn,73,U.S. Senate,,REP,Under Votes,15
Linn,75,U.S. Senate,,REP,Gordon H. Smith,189
Linn,75,U.S. Senate,,REP,Gordon Leitch,21
Linn,75,U.S. Senate,,REP,Write-ins,0
Linn,75,U.S. Senate,,REP,Over Votes,0
Linn,75,U.S. Senate,,REP,Under Votes,8
Linn,77,U.S. Senate,,REP,Gordon H. Smith,56
Linn,77,U.S. Senate,,REP,Gordon Leitch,18
Linn,77,U.S. Senate,,REP,Write-ins,1
Linn,77,U.S. Senate,,REP,Over Votes,0
Linn,77,U.S. Senate,,REP,Under Votes,3
Linn,78,U.S. Senate,,REP,Gordon H. Smith,121
Linn,78,U.S. Senate,,REP,Gordon Leitch,20
Linn,78,U.S. Senate,,REP,Write-ins,1
Linn,78,U.S. Senate,,REP,Over Votes,0
Linn,78,U.S. Senate,,REP,Under Votes,7
Linn,79,U.S. Senate,,REP,Gordon H. Smith,159
Linn,79,U.S. Senate,,REP,Gordon Leitch,29
Linn,79,U.S. Senate,,REP,Write-ins,1
Linn,79,U.S. Senate,,REP,Over Votes,0
Linn,79,U.S. Senate,,REP,Under Votes,17
Linn,80,U.S. Senate,,REP,Gordon H. Smith,140
Linn,80,U.S. Senate,,REP,Gordon Leitch,30
Linn,80,U.S. Senate,,REP,Write-ins,1
Linn,80,U.S. Senate,,REP,Over Votes,0
Linn,80,U.S. Senate,,REP,Under Votes,11
Linn,82,U.S. Senate,,REP,Gordon H. Smith,49
Linn,82,U.S. Senate,,REP,Gordon Leitch,17
Linn,82,U.S. Senate,,REP,Write-ins,2
Linn,82,U.S. Senate,,REP,Over Votes,0
Linn,82,U.S. Senate,,REP,Under Votes,1
Linn,84,U.S. Senate,,REP,Gordon H. Smith,79
Linn,84,U.S. Senate,,REP,Gordon Leitch,16
Linn,84,U.S. Senate,,REP,Write-ins,2
Linn,84,U.S. Senate,,REP,Over Votes,0
Linn,84,U.S. Senate,,REP,Under Votes,10
Linn,86,U.S. Senate,,REP,Gordon H. Smith,216
Linn,86,U.S. Senate,,REP,Gordon Leitch,34
Linn,86,U.S. Senate,,REP,Write-ins,1
Linn,86,U.S. Senate,,REP,Over Votes,0
Linn,86,U.S. Senate,,REP,Under Votes,22
Linn,88,U.S. Senate,,REP,Gordon H. Smith,105
Linn,88,U.S. Senate,,REP,Gordon Leitch,22
Linn,88,U.S. Senate,,REP,Write-ins,0
Linn,88,U.S. Senate,,REP,Over Votes,0
Linn,88,U.S. Senate,,REP,Under Votes,18
Linn,89,U.S. Senate,,REP,Gordon H. Smith,133
Linn,89,U.S. Senate,,REP,Gordon Leitch,29
Linn,89,U.S. Senate,,REP,Write-ins,0
Linn,89,U.S. Senate,,REP,Over Votes,0
Linn,89,U.S. Senate,,REP,Under Votes,8
Linn,91,U.S. Senate,,REP,Gordon H. Smith,101
Linn,91,U.S. Senate,,REP,Gordon Leitch,21
Linn,91,U.S. Senate,,REP,Write-ins,3
Linn,91,U.S. Senate,,REP,Over Votes,0
Linn,91,U.S. Senate,,REP,Under Votes,11
Linn,92,U.S. Senate,,REP,Gordon H. Smith,215
Linn,92,U.S. Senate,,REP,Gordon Leitch,29
Linn,92,U.S. Senate,,REP,Write-ins,1
Linn,92,U.S. Senate,,REP,Over Votes,0
Linn,92,U.S. Senate,,REP,Under Votes,19
Linn,93,U.S. Senate,,REP,Gordon H. Smith,154
Linn,93,U.S. Senate,,REP,Gordon Leitch,22
Linn,93,U.S. Senate,,REP,Write-ins,1
Linn,93,U.S. Senate,,REP,Over Votes,0
Linn,93,U.S. Senate,,REP,Under Votes,16
Linn,94,U.S. Senate,,REP,Gordon H. Smith,86
Linn,94,U.S. Senate,,REP,Gordon Leitch,15
Linn,94,U.S. Senate,,REP,Write-ins,1
Linn,94,U.S. Senate,,REP,Over Votes,0
Linn,94,U.S. Senate,,REP,Under Votes,20
Linn,95,U.S. Senate,,REP,Gordon H. Smith,158
Linn,95,U.S. Senate,,REP,Gordon Leitch,32
Linn,95,U.S. Senate,,REP,Write-ins,2
Linn,95,U.S. Senate,,REP,Over Votes,0
Linn,95,U.S. Senate,,REP,Under Votes,13
Linn,96,U.S. Senate,,REP,Gordon H. Smith,206
Linn,96,U.S. Senate,,REP,Gordon Leitch,37
Linn,96,U.S. Senate,,REP,Write-ins,0
Linn,96,U.S. Senate,,REP,Over Votes,0
Linn,96,U.S. Senate,,REP,Under Votes,20
Linn,97,U.S. Senate,,REP,Gordon H. Smith,284
Linn,97,U.S. Senate,,REP,Gordon Leitch,42
Linn,97,U.S. Senate,,REP,Write-ins,0
Linn,97,U.S. Senate,,REP,Over Votes,0
Linn,97,U.S. Senate,,REP,Under Votes,20
Linn,99,U.S. Senate,,REP,Gordon H. Smith,57
Linn,99,U.S. Senate,,REP,Gordon Leitch,12
Linn,99,U.S. Senate,,REP,Write-ins,0
Linn,99,U.S. Senate,,REP,Over Votes,0
Linn,99,U.S. Senate,,REP,Under Votes,10
Linn,100,U.S. Senate,,REP,Gordon H. Smith,188
Linn,100,U.S. Senate,,REP,Gordon Leitch,32
Linn,100,U.S. Senate,,REP,Write-ins,4
Linn,100,U.S. Senate,,REP,Over Votes,0
Linn,100,U.S. Senate,,REP,Under Votes,15
Linn,101,U.S. Senate,,REP,Gordon H. Smith,92
Linn,101,U.S. Senate,,REP,Gordon Leitch,20
Linn,101,U.S. Senate,,REP,Write-ins,0
Linn,101,U.S. Senate,,REP,Over Votes,0
Linn,101,U.S. Senate,,REP,Under Votes,7
Linn,102,U.S. Senate,,REP,Gordon H. Smith,173
Linn,102,U.S. Senate,,REP,Gordon Leitch,21
Linn,102,U.S. Senate,,REP,Write-ins,0
Linn,102,U.S. Senate,,REP,Over Votes,0
Linn,102,U.S. Senate,,REP,Under Votes,13
Linn,103,U.S. Senate,,REP,Gordon H. Smith,167
Linn,103,U.S. Senate,,REP,Gordon Leitch,52
Linn,103,U.S. Senate,,REP,Write-ins,0
Linn,103,U.S. Senate,,REP,Over Votes,0
Linn,103,U.S. Senate,,REP,Under Votes,17
Linn,104,U.S. Senate,,REP,Gordon H. Smith,99
Linn,104,U.S. Senate,,REP,Gordon Leitch,27
Linn,104,U.S. Senate,,REP,Write-ins,0
Linn,104,U.S. Senate,,REP,Over Votes,0
Linn,104,U.S. Senate,,REP,Under Votes,8
Linn,105,U.S. Senate,,REP,Gordon H. Smith,59
Linn,105,U.S. Senate,,REP,Gordon Leitch,19
Linn,105,U.S. Senate,,REP,Write-ins,0
Linn,105,U.S. Senate,,REP,Over Votes,0
Linn,105,U.S. Senate,,REP,Under Votes,5
Linn,106,U.S. Senate,,REP,Gordon H. Smith,117
Linn,106,U.S. Senate,,REP,Gordon Leitch,18
Linn,106,U.S. Senate,,REP,Write-ins,0
Linn,106,U.S. Senate,,REP,Over Votes,0
Linn,106,U.S. Senate,,REP,Under Votes,11
Linn,107,U.S. Senate,,REP,Gordon H. Smith,156
Linn,107,U.S. Senate,,REP,Gordon Leitch,31
Linn,107,U.S. Senate,,REP,Write-ins,2
Linn,107,U.S. Senate,,REP,Over Votes,0
Linn,107,U.S. Senate,,REP,Under Votes,16
Linn,108,U.S. Senate,,REP,Gordon H. Smith,235
Linn,108,U.S. Senate,,REP,Gordon Leitch,51
Linn,108,U.S. Senate,,REP,Write-ins,4
Linn,108,U.S. Senate,,REP,Over Votes,0
Linn,108,U.S. Senate,,REP,Under Votes,14
